calib_mag_orient,ref_orient,orient
18,0,0.0
22,0,0.0
13,0,0.0
18,0,0.0
20,0,0.0
14,0,0.0
17,0,0.0
18,0,0.0
16,0,0.0
29,0,0.0
17,0,0.0
25,0,0.0
20,0,0.0
13,0,0.0
4,0,0.0
28,0,0.0
18,0,0.0
21,0,0.0
16,0,0.0
16,0,0.0
18,0,0.0
26,0,0.0
14,0,0.0
17,0,0.0
23,0,0.0
23,0,0.0
16,0,0.0
14,0,0.0
21,0,0.0
18,0,0.0
12,0,0.0
16,0,0.0
19,0,0.0
16,0,0.0
20,0,0.0
16,0,0.0
17,0,0.0
15,0,0.0
18,0,0.0
12,0,0.0
11,0,0.0
19,0,0.0
15,0,0.0
15,0,0.0
16,0,0.0
13,0,0.0
20,0,0.0
15,0,0.0
19,0,0.0
13,0,0.0
19,0,0.0
21,0,0.0
18,0,0.0
16,0,0.0
8,0,0.0
18,0,0.0
11,0,0.0
12,0,0.0
20,0,0.0
16,0,0.0
18,0,0.0
25,0,0.0
8,0,0.0
26,0,0.0
12,0,0.0
16,0,0.0
19,0,0.0
11,0,0.0
8,0,0.0
17,0,0.0
18,0,0.0
17,0,0.0
15,0,0.0
15,0,0.0
17,0,0.0
17,0,0.0
14,0,0.0
13,0,0.0
14,0,0.0
14,0,0.0
22,0,0.0
13,0,0.0
24,0,0.0
13,0,0.0
15,0,0.0
24,0,0.0
9,0,0.0
13,0,0.0
12,0,0.0
8,0,0.0
23,0,0.0
2,0,0.0
18,0,0.0
23,0,0.0
15,0,0.0
6,0,0.0
15,0,0.0
11,0,0.0
19,0,0.0
16,0,0.0
10,0,0.0
19,0,0.0
16,0,0.0
16,0,0.0
11,0,0.0
5,0,0.0
8,0,0.0
15,0,0.0
15,0,0.0
19,0,0.0
13,0,0.0
18,0,0.0
19,0,0.0
14,0,0.0
17,0,0.0
13,0,0.0
17,0,0.0
18,0,0.0
13,0,0.0
17,0,0.0
18,0,0.0
11,0,0.0
15,0,0.0
14,0,0.0
13,0,0.0
16,0,0.0
11,0,0.0
12,0,0.0
17,0,0.0
13,0,0.0
10,0,0.0
17,0,0.0
12,0,0.0
15,0,0.0
23,0,0.0
3,0,0.0
8,0,0.0
281,0,0.0
38,0,0.0
345,0,0.0
69,0,0.0
26,0,0.0
228,0,0.0
23,0,0.0
16,0,0.0
77,0,0.0
348,0,0.0
347,0,0.0
93,0,0.0
350,0,0.0
230,0,0.0
21,0,0.0
335,0,0.0
71,0,0.0
359,0,0.0
12,0,0.0
29,0,0.0
43,0,0.0
332,0,0.0
293,0,0.0
46,0,0.0
34,0,0.0
23,0,0.0
34,0,0.0
36,0,0.0
4,0,0.0
149,0,0.0
138,0,0.0
180,0,0.0
213,0,0.0
117,0,0.0
143,0,0.0
178,0,0.0
193,0,0.0
209,0,0.0
217,0,0.0
232,0,0.0
225,0,0.0
242,0,0.0
248,0,0.0
242,0,0.0
231,0,0.0
213,0,0.0
196,0,0.0
188,0,0.0
193,0,0.0
210,0,0.0
226,0,0.0
235,0,0.0
233,0,0.0
238,0,0.0
244,0,0.0
245,0,0.0
234,0,0.0
228,0,0.0
226,0,0.0
220,0,0.0
214,0,0.0
227,0,0.0
238,0,0.0
242,0,0.0
242,0,0.0
232,0,0.0
222,0,0.0
217,0,0.0
207,0,0.0
204,0,0.0
209,0,0.0
217,0,0.0
264,0,0.0
26,0,0.0
200,0,0.0
217,0,0.0
222,0,0.0
207,0,0.0
188,0,0.0
162,0,0.0
155,0,0.0
161,0,0.0
169,0,0.0
165,0,0.0
156,0,0.0
147,0,0.0
138,0,0.0
131,0,0.0
133,0,0.0
132,0,0.0
133,0,0.0
133,0,0.0
137,0,0.0
139,0,0.0
146,0,0.0
144,0,0.0
125,0,0.0
102,0,0.0
81,0,0.0
79,0,0.0
89,0,0.0
109,0,0.0
123,0,0.0
123,0,0.0
126,0,0.0
126,0,0.0
124,0,0.0
118,0,0.0
113,0,0.0
110,0,0.0
108,0,0.0
115,0,0.0
118,0,0.0
120,0,0.0
123,0,0.0
129,0,0.0
139,0,0.0
133,0,0.0
134,0,0.0
132,0,0.0
134,0,0.0
135,0,0.0
139,0,0.0
145,0,0.0
147,0,0.0
139,0,0.0
135,0,0.0
131,0,0.0
127,0,0.0
128,0,0.0
137,0,0.0
135,0,0.0
128,0,0.0
128,0,0.0
127,0,0.0
128,0,0.0
126,0,0.0
129,0,0.0
130,0,0.0
125,0,0.0
118,0,0.0
126,0,0.0
149,0,0.0
171,0,0.0
173,0,0.0
157,0,0.0
142,0,0.0
138,0,0.0
136,0,0.0
137,0,0.0
138,0,0.0
144,0,0.0
148,0,0.0
153,0,0.0
155,0,0.0
159,0,0.0
176,0,0.0
174,0,0.0
182,0,0.0
189,0,0.0
195,0,0.0
196,0,0.0
196,0,0.0
192,0,0.0
186,0,0.0
177,0,0.0
168,0,0.0
171,0,0.0
170,0,0.0
176,0,0.0
183,0,0.0
191,0,0.0
213,0,0.0
238,0,0.0
254,0,0.0
272,0,0.0
279,0,0.0
276,0,0.0
261,0,0.0
240,0,0.0
229,0,0.0
222,0,0.0
217,0,0.0
215,0,0.0
207,0,0.0
196,0,0.0
191,0,0.0
191,0,0.0
195,0,0.0
201,0,0.0
208,0,0.0
206,0,0.0
196,0,0.0
185,0,0.0
175,0,0.0
172,0,0.0
174,0,0.0
177,0,0.0
178,0,0.0
180,0,0.0
179,0,0.0
180,0,0.0
179,0,0.0
181,0,0.0
178,0,0.0
161,0,0.0
155,0,0.0
148,0,0.0
146,0,0.0
152,0,0.0
160,0,0.0
159,0,0.0
159,0,0.0
161,0,0.0
158,0,0.0
152,0,0.0
153,0,0.0
143,0,0.0
137,0,0.0
135,0,0.0
136,0,0.0
134,0,0.0
134,0,0.0
138,0,0.0
136,0,0.0
133,0,0.0
131,0,0.0
129,0,0.0
126,0,0.0
129,0,0.0
139,0,0.0
141,0,0.0
141,0,0.0
140,0,0.0
144,0,0.0
146,0,0.0
154,0,0.0
161,0,0.0
160,0,0.0
155,0,0.0
148,0,0.0
149,0,0.0
151,0,0.0
150,0,0.0
157,0,0.0
156,0,0.0
154,0,0.0
146,0,0.0
143,0,0.0
151,0,0.0
161,0,0.0
167,0,0.0
164,0,0.0
156,0,0.0
155,0,0.0
157,0,0.0
158,0,0.0
159,0,0.0
169,0,0.0
167,0,0.0
166,0,0.0
161,0,0.0
156,0,0.0
147,0,0.0
139,0,0.0
136,0,0.0
137,0,0.0
127,0,0.0
114,0,0.0
104,0,0.0
114,0,0.0
151,0,0.0
177,0,0.0
189,0,0.0
201,0,0.0
205,0,0.0
205,0,0.0
203,0,0.0
200,0,0.0
200,0,0.0
219,0,0.0
235,0,0.0
245,0,0.0
250,0,0.0
252,0,0.0
251,0,0.0
243,0,0.0
241,0,0.0
231,0,0.0
224,0,0.0
221,0,0.0
229,0,0.0
230,0,0.0
234,0,0.0
238,0,0.0
234,0,0.0
226,0,0.0
215,0,0.0
211,0,0.0
209,0,0.0
212,0,0.0
217,0,0.0
218,0,0.0
208,0,0.0
201,0,0.0
205,0,0.0
213,0,0.0
226,0,0.0
224,0,0.0
225,0,0.0
225,0,0.0
216,0,0.0
196,0,0.0
160,0,0.0
131,0,0.0
126,0,0.0
158,0,0.0
172,0,0.0
172,0,0.0
166,0,0.0
161,0,0.0
168,0,0.0
172,0,0.0
175,0,0.0
180,0,0.0
185,0,0.0
191,0,0.0
189,0,0.0
189,0,0.0
182,0,0.0
174,0,0.0
169,0,0.0
157,0,0.0
149,0,0.0
142,0,0.0
133,0,0.0
121,0,0.0
137,0,0.0
149,0,0.0
142,0,0.0
111,0,0.0
87,0,0.0
69,0,0.0
76,0,0.0
79,0,0.0
81,0,0.0
81,0,0.0
85,0,0.0
102,0,0.0
114,0,0.0
121,0,0.0
127,0,0.0
140,0,0.0
159,0,0.0
172,0,0.0
169,0,0.0
161,0,0.0
155,0,0.0
182,0,0.0
204,0,0.0
212,0,0.0
207,0,0.0
134,0,0.0
209,0,0.0
214,0,0.0
54,0,0.0
146,0,0.0
72,0,0.0
71,0,0.0
113,0,0.0
132,0,0.0
118,0,0.0
330,0,0.0
9,0,0.0
357,0,0.0
65,0,0.0
175,0,0.0
344,0,0.0
158,0,0.0
353,0,0.0
137,0,0.0
138,0,0.0
353,0,0.0
155,0,0.0
358,0,0.0
161,0,0.0
13,0,0.0
139,0,0.0
163,0,0.0
64,0,0.0
171,0,0.0
22,0,0.0
160,0,0.0
332,0,0.0
134,0,0.0
143,0,0.0
144,0,0.0
120,0,0.0
166,0,0.0
132,0,0.0
94,0,0.0
158,0,0.0
90,0,0.0
171,0,0.0
91,0,0.0
160,0,0.0
115,0,0.0
122,0,0.0
150,0,0.0
125,0,0.0
148,0,0.0
135,0,0.0
129,0,0.0
154,0,0.0
108,0,0.0
128,0,0.0
140,0,0.0
104,0,0.0
148,0,0.0
107,0,0.0
148,0,0.0
122,0,0.0
137,0,0.0
164,0,0.0
121,0,0.0
119,0,0.0
187,0,0.0
112,0,0.0
136,0,0.0
153,0,0.0
124,0,0.0
162,0,0.0
133,0,0.0
139,0,0.0
123,0,0.0
125,0,0.0
155,0,0.0
138,0,0.0
141,0,0.0
144,0,0.0
122,0,0.0
135,0,0.0
123,0,0.0
127,0,0.0
139,0,0.0
124,0,0.0
132,0,0.0
126,0,0.0
119,0,0.0
159,0,0.0
138,0,0.0
138,0,0.0
149,0,0.0
135,0,0.0
160,0,0.0
133,0,0.0
133,0,0.0
125,0,0.0
136,0,0.0
149,0,0.0
138,0,0.0
140,0,0.0
160,0,0.0
135,0,0.0
141,0,0.0
132,0,0.0
121,0,0.0
159,0,0.0
131,0,0.0
148,0,0.0
137,0,0.0
120,0,0.0
139,0,0.0
133,0,0.0
149,0,0.0
133,0,0.0
125,0,0.0
135,0,0.0
135,0,0.0
140,0,0.0
138,0,0.0
131,0,0.0
146,0,0.0
127,0,0.0
137,0,0.0
129,0,0.0
134,0,0.0
128,0,0.0
145,0,0.0
135,0,0.0
130,0,0.0
124,0,0.0
148,0,0.0
140,0,0.0
138,0,0.0
155,0,0.0
141,0,0.0
132,0,0.0
165,0,0.0
126,0,0.0
125,0,0.0
133,0,0.0
123,0,0.0
139,0,0.0
161,0,0.0
131,0,0.0
120,0,0.0
142,0,0.0
134,0,0.0
123,0,0.0
135,0,0.0
158,0,0.0
138,0,0.0
140,0,0.0
128,0,0.0
159,0,0.0
142,0,0.0
139,0,0.0
131,0,0.0
138,0,0.0
128,0,0.0
142,0,0.0
137,0,0.0
140,0,0.0
137,0,0.0
136,0,0.0
148,0,0.0
133,0,0.0
139,0,0.0
146,0,0.0
142,0,0.0
137,0,0.0
149,0,0.0
146,0,0.0
141,0,0.0
135,0,0.0
132,0,0.0
152,0,0.0
131,0,0.0
149,0,0.0
134,0,0.0
129,0,0.0
128,0,0.0
129,0,0.0
131,0,0.0
141,0,0.0
133,0,0.0
150,0,0.0
149,0,0.0
152,0,0.0
134,0,0.0
130,0,0.0
149,0,0.0
110,0,0.0
133,0,0.0
138,0,0.0
140,0,0.0
124,0,0.0
142,0,0.0
133,0,0.0
141,0,0.0
149,0,0.0
132,0,0.0
136,0,0.0
140,0,0.0
141,0,0.0
142,0,0.0
135,0,0.0
137,0,0.0
136,0,0.0
143,0,0.0
135,0,0.0
136,0,0.0
132,0,0.0
134,0,0.0
139,0,0.0
140,0,0.0
121,0,0.0
134,0,0.0
131,0,0.0
141,0,0.0
145,0,0.0
118,0,0.0
142,0,0.0
140,0,0.0
145,0,0.0
134,0,0.0
132,0,0.0
137,0,0.0
132,0,0.0
134,0,0.0
116,0,0.0
151,0,0.0
139,0,0.0
121,0,0.0
130,0,0.0
138,0,0.0
133,0,0.0
139,0,0.0
128,0,0.0
135,0,0.0
134,0,0.0
127,0,0.0
133,0,0.0
130,0,0.0
138,0,0.0
148,0,0.0
136,0,0.0
133,0,0.0
133,0,0.0
147,0,0.0
129,0,0.0
131,0,0.0
153,0,0.0
134,0,0.0
136,0,0.0
133,0,0.0
142,0,0.0
129,0,0.0
148,0,0.0
118,0,0.0
129,0,0.0
148,0,0.0
153,0,0.0
152,0,0.0
136,0,0.0
147,0,0.0
136,0,0.0
142,0,0.0
127,0,0.0
126,0,0.0
121,0,0.0
133,0,0.0
142,0,0.0
142,0,0.0
131,0,0.0
149,0,0.0
129,0,0.0
130,0,0.0
156,0,0.0
141,0,0.0
147,0,0.0
122,0,0.0
136,0,0.0
139,0,0.0
136,0,0.0
141,0,0.0
142,0,0.0
131,0,0.0
135,0,0.0
130,0,0.0
134,0,0.0
124,0,0.0
135,0,0.0
138,0,0.0
134,0,0.0
128,0,0.0
138,0,0.0
138,0,0.0
143,0,0.0
144,0,0.0
127,0,0.0
132,0,0.0
125,0,0.0
149,0,0.0
118,0,0.0
172,0,0.0
132,0,0.0
128,0,0.0
129,0,0.0
134,0,0.0
131,0,0.0
145,0,0.0
128,0,0.0
144,0,0.0
132,0,0.0
113,0,0.0
136,0,0.0
129,0,0.0
119,0,0.0
135,0,0.0
137,0,0.0
140,0,0.0
138,0,0.0
143,0,0.0
135,0,0.0
138,0,0.0
140,0,0.0
135,0,0.0
136,0,0.0
132,0,0.0
134,0,0.0
129,0,0.0
145,0,0.0
128,0,0.0
142,0,0.0
150,0,0.0
135,0,0.0
140,0,0.0
152,0,0.0
133,0,0.0
141,0,0.0
131,0,0.0
134,0,0.0
137,0,0.0
144,0,0.0
131,0,0.0
127,0,0.0
145,0,0.0
123,0,0.0
141,0,0.0
137,0,0.0
136,0,0.0
140,0,0.0
137,0,0.0
141,0,0.0
138,0,0.0
136,0,0.0
150,0,0.0
129,0,0.0
142,0,0.0
150,0,0.0
133,0,0.0
138,0,0.0
151,0,0.0
126,0,0.0
136,0,0.0
121,0,0.0
141,0,0.0
132,0,0.0
133,0,0.0
145,0,0.0
131,0,0.0
134,0,0.0
139,0,0.0
137,0,0.0
135,0,0.0
141,0,0.0
128,0,0.0
141,0,0.0
133,0,0.0
149,0,0.0
140,0,0.0
130,0,0.0
132,0,0.0
141,0,0.0
142,0,0.0
121,0,0.0
144,0,0.0
138,0,0.0
147,0,0.0
135,0,0.0
137,0,0.0
125,0,0.0
139,0,0.0
134,0,0.0
157,0,0.0
124,0,0.0
158,0,0.0
136,0,0.0
121,0,0.0
137,0,0.0
115,0,0.0
127,0,0.0
114,0,0.0
135,0,0.0
122,0,0.0
131,0,0.0
134,0,0.0
146,0,0.0
142,0,0.0
136,0,0.0
132,0,0.0
142,0,0.0
133,0,0.0
141,0,0.0
129,0,0.0
135,0,0.0
138,0,0.0
132,0,0.0
144,0,0.0
134,0,0.0
131,0,0.0
127,0,0.0
142,0,0.0
145,0,0.0
139,0,0.0
135,0,0.0
144,0,0.0
136,0,0.0
128,0,0.0
125,0,0.0
141,0,0.0
150,0,0.0
136,0,0.0
122,0,0.0
142,0,0.0
158,0,0.0
141,0,0.0
123,0,0.0
130,0,0.0
134,0,0.0
142,0,0.0
131,0,0.0
143,0,0.0
136,0,0.0
123,0,0.0
149,0,0.0
121,0,0.0
130,0,0.0
138,0,0.0
130,0,0.0
140,0,0.0
127,0,0.0
133,0,0.0
134,0,0.0
135,0,0.0
147,0,0.0
135,0,0.0
133,0,0.0
141,0,0.0
144,0,0.0
138,0,0.0
140,0,0.0
136,0,0.0
141,0,0.0
142,0,0.0
132,0,0.0
116,0,0.0
149,0,0.0
133,0,0.0
134,0,0.0
127,0,0.0
136,0,0.0
141,0,0.0
130,0,0.0
132,0,0.0
144,0,0.0
139,0,0.0
140,0,0.0
127,0,0.0
131,0,0.0
138,0,0.0
152,0,0.0
142,0,0.0
123,0,0.0
139,0,0.0
132,0,0.0
128,0,0.0
121,0,0.0
139,0,0.0
136,0,0.0
147,0,0.0
145,0,0.0
142,0,0.0
140,0,0.0
140,0,0.0
122,0,0.0
138,0,0.0
144,0,0.0
134,0,0.0
148,0,0.0
142,0,0.0
145,0,0.0
146,0,0.0
138,0,0.0
142,0,0.0
130,0,0.0
128,0,0.0
134,0,0.0
129,0,0.0
135,0,0.0
143,0,0.0
150,0,0.0
146,0,0.0
129,0,0.0
123,0,0.0
138,0,0.0
133,0,0.0
138,0,0.0
128,0,0.0
144,0,0.0
144,0,0.0
133,0,0.0
141,0,0.0
131,0,0.0
139,0,0.0
135,0,0.0
132,0,0.0
130,0,0.0
160,0,0.0
140,0,0.0
139,0,0.0
140,0,0.0
142,0,0.0
145,0,0.0
132,0,0.0
122,0,0.0
142,0,0.0
132,0,0.0
148,0,0.0
134,0,0.0
132,0,0.0
139,0,0.0
154,0,0.0
133,0,0.0
137,0,0.0
150,0,0.0
132,0,0.0
138,0,0.0
143,0,0.0
125,0,0.0
132,0,0.0
121,0,0.0
128,0,0.0
136,0,0.0
139,0,0.0
130,0,0.0
139,0,0.0
124,0,0.0
152,0,0.0
133,0,0.0
120,0,0.0
170,0,0.0
124,0,0.0
139,0,0.0
148,0,0.0
110,0,0.0
142,0,0.0
135,0,0.0
133,0,0.0
120,0,0.0
139,0,0.0
136,0,0.0
137,0,0.0
125,0,0.0
146,0,0.0
118,0,0.0
139,0,0.0
145,0,0.0
126,0,0.0
143,0,0.0
128,0,0.0
133,0,0.0
132,0,0.0
139,0,0.0
130,0,0.0
140,0,0.0
133,0,0.0
140,0,0.0
132,0,0.0
134,0,0.0
132,0,0.0
130,0,0.0
129,0,0.0
137,0,0.0
120,0,0.0
153,0,0.0
125,0,0.0
141,0,0.0
113,0,0.0
137,0,0.0
134,0,0.0
144,0,0.0
136,0,0.0
132,0,0.0
126,0,0.0
130,0,0.0
143,0,0.0
146,0,0.0
141,0,0.0
127,0,0.0
139,0,0.0
123,0,0.0
134,0,0.0
150,0,0.0
141,0,0.0
146,0,0.0
131,0,0.0
142,0,0.0
132,0,0.0
126,0,0.0
136,0,0.0
136,0,0.0
136,0,0.0
133,0,0.0
136,0,0.0
138,0,0.0
136,0,0.0
139,0,0.0
147,0,0.0
129,0,0.0
124,0,0.0
140,0,0.0
136,0,0.0
146,0,0.0
130,0,0.0
122,0,0.0
169,0,0.0
74,0,0.0
211,0,0.0
84,0,0.0
192,0,0.0
100,0,0.0
128,0,0.0
184,0,0.0
121,0,0.0
75,0,0.0
225,0,0.0
109,0,0.0
122,0,0.0
206,0,0.0
109,0,0.0
149,0,0.0
167,0,0.0
123,0,0.0
118,0,0.0
170,0,0.0
116,0,0.0
176,0,0.0
110,0,0.0
147,0,0.0
134,0,0.0
131,0,0.0
75,0,0.0
147,0,0.0
130,0,0.0
83,0,0.0
44,0,0.0
30,0,0.0
39,0,0.0
114,0,0.0
174,0,0.0
177,0,0.0
66,0,0.0
17,0,0.0
281,0,0.0
218,0,0.0
260,0,0.0
283,0,0.0
278,0,0.0
251,0,0.0
252,0,0.0
263,0,0.0
270,0,0.0
267,0,0.0
262,0,0.0
267,0,0.0
261,0,0.0
262,0,0.0
262,0,0.0
265,0,0.0
269,0,0.0
272,0,0.0
275,0,0.0
254,0,0.0
263,0,0.0
268,0,0.0
273,0,0.0
279,0,0.0
285,0,0.0
290,0,0.0
265,0,0.0
266,0,0.0
274,0,0.0
276,0,0.0
284,0,0.0
293,0,0.0
294,0,0.0
274,0,0.0
276,0,0.0
276,0,0.0
273,0,0.0
271,0,0.0
272,0,0.0
284,0,0.0
279,0,0.0
282,0,0.0
273,0,0.0
283,0,0.0
282,0,0.0
282,0,0.0
286,0,0.0
267,0,0.0
271,0,0.0
272,0,0.0023879542821448716
272,0,0.004775908564289743
271,0,0.004775908564289743
274,0,0.004775908564289743
275,0,0.007163862846434615
265,0,0.007163862846434615
266,0,0.009551817128579486
268,0,0.009551817128579486
267,0,0.009551817128579486
267,0,0.009551817128579486
270,0,0.009551817128579486
272,0,0.009551817128579486
257,0,0.009551817128579486
258,0,0.009551817128579486
257,0,0.009551817128579486
279,0,0.011939771410724359
270,0,0.011939771410724359
273,0,0.004775908564289744
277,0,-5.204170427930421e-18
262,0,-0.004775908564289744
268,0,-0.011939771410724349
254,0,-0.01671567997501409
261,0,-0.023879542821448697
258,0,-0.028655451385738422
246,0,-0.028655451385738422
222,0,-0.023879542821448628
223,0,-0.019103634257158903
263,0,-0.014327725692869109
262,0,-0.009551817128579384
254,0,-0.007163862846434487
268,0,-0.007163862846434555
240,0,-0.007163862846434555
243,0,-0.004775908564289658
243,0,-0.007163862846434555
236,0,-0.007163862846434555
251,0,-0.007163862846434555
251,0,-0.007163862846434555
249,0,-0.007163862846434555
256,0,-0.007163862846434555
254,0,-0.004775908564289658
260,0,-0.004775908564289658
279,0,0.0023879542821450333
273,0,-0.002387954282144624
273,0,-0.002387954282144624
260,0,-0.004775908564289521
266,0,-0.007163862846434418
265,0,-0.011939771410724213
266,0,-0.01432772569286911
241,0,-0.016715679975014008
259,0,-0.01432772569286911
253,0,-0.016715679975014008
259,0,-0.019103634257158907
264,0,-0.019103634257158907
268,0,-0.0238795428214487
271,0,-0.0238795428214487
270,0,-0.0238795428214487
276,0,-0.0238795428214487
276,0,-0.021491588539303802
291,0,-0.019103634257158907
273,0,-0.014327725692869112
280,0,-0.009551817128579318
275,0,-0.007163862846434421
276,0,-0.004775908564289524
275,0,-0.004775908564289524
272,0,-0.004775908564289524
244,0,-0.004775908564289524
255,0,-0.004775908564289524
254,0,-0.009551817128579044
263,0,-0.011939771410723941
279,0,-0.016715679975013734
284,0,-0.016715679975013734
282,0,-0.016715679975013734
271,0,-0.016715679975013734
273,0,-0.016715679975013734
284,0,-0.016715679975013734
278,0,-0.016715679975013734
272,0,-0.016715679975013734
274,0,-0.016715679975013734
275,0,-0.016715679975013734
269,0,-0.01910363425715863
274,0,-0.01910363425715863
267,0,-0.014327725692868835
262,0,-0.00955181712857904
271,0,-0.004775908564289246
263,0,-0.002387954282144349
274,0,0.0047759085642903425
270,0,0.0047759085642903425
272,0,0.009551817128580137
268,0,0.009551817128580137
276,0,0.011939771410725034
277,0,0.011939771410725034
269,0,0.009551817128580137
272,0,0.00716386284643524
276,0,0.0023879542821454453
281,0,-0.002387954282144349
281,0,-0.007163862846434143
293,0,-0.007163862846434143
270,0,-0.014327725692868835
268,0,-0.016715679975013734
275,0,-0.021491588539303528
264,0,-0.023879542821448562
266,0,-0.026267497103593322
262,0,-0.023879542821448427
254,0,-0.023879542821448427
265,0,-0.028655451385738086
254,0,-0.02387954282144829
266,0,-0.021491588539303393
265,0,-0.019103634257158497
266,0,-0.011939771410723943
270,0,-0.009551817128579046
274,0,-0.004775908564289251
252,0,-0.002387954282144354
246,0,-0.004775908564289251
246,0,-0.004775908564289251
247,0,-0.0071638628464341485
239,0,-0.0071638628464341485
238,0,-0.0071638628464341485
238,0,-0.009551817128579046
262,0,-0.0071638628464341485
253,0,-0.009551817128579046
259,0,-0.011939771410723943
259,0,-0.009551817128579046
261,0,-0.011939771410723806
257,0,-0.011939771410723806
265,0,-0.016715679975013463
264,0,-0.01910363425715836
268,0,-0.016715679975013463
261,0,-0.014327725692868566
261,0,-0.014327725692868566
263,0,-0.014327725692868566
263,0,-0.014327725692868566
271,0,-0.014327725692868566
263,0,-0.014327725692868566
263,0,-0.014327725692868566
261,0,-0.014327725692868566
271,0,-0.014327725692868566
264,0,-0.014327725692868566
268,0,-0.014327725692868566
265,0,-0.016715679975013463
262,0,-0.016715679975013463
271,0,-0.023879542821448017
264,0,-0.028655451385737676
279,0,-0.03581931423217223
276,0,-0.03581931423217223
264,0,-0.03581931423217223
275,0,-0.03343135995002747
270,0,-0.031043405667882707
270,0,-0.028655451385737808
269,0,-0.01910363425715836
268,0,-0.014327725692868701
239,0,-0.009551817128578907
247,0,-0.009551817128578907
251,0,-0.00716386284643401
272,0,-0.0047759085642891125
264,0,-0.0047759085642891125
276,0,-0.0047759085642891125
264,0,-0.0047759085642891125
275,0,-0.0047759085642891125
268,0,-0.0047759085642891125
274,0,-0.0047759085642891125
270,0,-0.0047759085642891125
267,0,-0.0047759085642891125
266,0,-0.0047759085642891125
269,0,-0.0047759085642891125
264,0,-0.0047759085642891125
266,0,-0.0047759085642891125
263,0,-0.0047759085642891125
263,0,-0.0023879542821442154
257,0,-0.0023879542821442154
270,0,5.451368523257116e-16
264,0,0.004775908564290202
270,0,0.004775908564290202
262,0,0.00955181712857986
259,0,0.007163862846434962
263,0,0.007163862846434962
264,0,0.0023879542821451678
282,0,-0.0023879542821446265
282,0,-0.004775908564289387
283,0,-0.007163862846434284
283,0,-0.009551817128579181
283,0,-0.016715679975013872
291,0,-0.016715679975013872
276,0,-0.016715679975013872
276,0,-0.019103634257158768
274,0,-0.014327725692868973
269,0,-0.014327725692868973
267,0,-0.011939771410724076
269,0,-0.011939771410724076
269,0,-0.00955181712857918
264,0,-0.007163862846434282
262,0,-0.0023879542821444878
262,0,-0.0023879542821444878
262,0,4.0939474033052647e-16
267,0,4.0939474033052647e-16
267,0,4.0939474033052647e-16
267,0,-0.0023879542821444192
241,0,-0.004775908564289248
264,0,-0.009551817128578974
247,0,-0.011939771410723872
243,0,-0.011939771410723872
256,0,-0.014327725692868769
248,0,-0.016715679975013664
246,0,-0.014327725692868767
268,0,-0.014327725692868767
238,0,-0.01193977141072394
239,0,0.004775908564290169
250,0,0.016715679975014552
256,0,0.026267497103594037
266,0,0.0286554513857389
270,0,0.0286554513857389
243,0,0.028655451385738894
252,0,0.026267497103594023
277,0,0.02149158853930428
280,0,0.011939771410724795
269,0,0.0023879542821453065
249,0,0.0023879542821453065
246,0,4.349819116011844e-16
251,0,4.349819116011844e-16
254,0,4.349819116011844e-16
255,0,4.349819116011844e-16
254,0,4.349819116011844e-16
258,0,0.0023879542821453065
264,0,-0.0023879542821444366
269,0,-0.004775908564289312
267,0,-0.007163862846434183
259,0,-0.009551817128579054
252,0,-0.01671567997501366
255,0,-0.014327725692868764
263,0,-0.014327725692868764
239,0,-0.014327725692868764
241,0,-0.004775908564289244
267,0,0.0023879542821453785
256,0,0.0023879542821453785
257,0,0.004775908564290207
251,0,0.009551817128579864
241,0,0.009551817128579864
239,0,0.009551817128579864
235,0,0.00477590856429007
266,0,0.002387954282145173
262,0,0.002387954282145173
261,0,0.002387954282145173
260,0,2.7582103268031233e-16
264,0,-0.009551817128579176
261,0,-0.01432772569286897
268,0,-0.016715679975013865
260,0,-0.016715679975013865
293,0,-0.014327725692868968
276,0,-0.01910363425715876
287,0,-0.01910363425715876
277,0,-0.019103634257158626
280,0,-0.016715679975013727
274,0,-0.011939771410724206
274,0,-0.009551817128579582
262,0,-0.004775908564289787
255,0,-0.004775908564289787
274,0,-0.004775908564289787
247,0,-0.004775908564289787
258,0,-0.004775908564289787
273,0,-0.0071638628464346845
266,0,-0.0071638628464346845
276,0,-0.004775908564289787
277,0,-0.0023879542821451634
279,0,-0.004775908564289787
280,0,-0.004775908564289787
278,0,-0.004775908564289787
277,0,-0.004775908564289787
273,0,-0.004775908564289787
265,0,-0.004775908564289787
274,0,-0.007163862846434411
262,0,-0.004775908564289514
271,0,-0.004775908564289514
265,0,-0.004775908564289514
266,0,-0.004775908564289514
271,0,-0.004775908564289514
278,0,-0.004775908564289514
276,0,-0.004775908564289514
266,0,-0.004775908564289514
273,0,-0.004775908564289514
276,0,-0.004775908564289514
271,0,-0.004775908564289514
253,0,-0.004775908564289514
260,0,-0.004775908564289514
253,0,-0.004775908564289514
255,0,-0.004775908564289514
250,0,-0.004775908564289514
251,0,-0.002387954282144617
246,0,-0.002387954282144617
270,0,2.8015784137025435e-16
264,0,0.0023879542821451773
264,0,0.007163862846434972
267,0,0.011939771410724765
264,0,0.014327725692869662
259,0,0.014327725692869662
280,0,0.016715679975014285
258,0,0.014327725692869388
269,0,0.016715679975014285
270,0,0.016715679975014285
273,0,0.009551817128579868
297,0,0.007163862846434971
275,0,0.004775908564290074
281,0,2.7929047963226594e-16
275,0,-0.002387954282144618
265,0,-0.007163862846434139
268,0,-0.007163862846434139
268,0,-0.004775908564289242
252,0,-0.004775908564289242
260,0,-0.007163862846434139
253,0,-0.009551817128579037
258,0,-0.004775908564289243
260,0,4.145989107584569e-16
263,0,4.145989107584569e-16
262,0,4.145989107584569e-16
264,0,0.004775908564290072
270,0,0.007163862846434969
287,0,0.011939771410724763
272,0,0.009551817128579866
263,0,0.009551817128579866
269,0,0.009551817128579866
257,0,0.009551817128579866
257,0,0.009551817128579866
253,0,0.009551817128579866
255,0,0.01432772569286966
252,0,0.01671567997501456
259,0,0.01671567997501456
256,0,0.01671567997501456
256,0,0.01671567997501456
249,0,0.011939771410724765
255,0,0.009551817128579868
256,0,0.004775908564290074
257,0,0.0023879542821451764
268,0,-0.002387954282144481
266,0,-0.007163862846434275
268,0,-0.01432772569286883
260,0,-0.01432772569286883
260,0,-0.01432772569286883
261,0,-0.01432772569286883
256,0,-0.01432772569286883
262,0,-0.01432772569286883
266,0,-0.01432772569286883
265,0,-0.01432772569286883
262,0,-0.01432772569286883
263,0,-0.01432772569286883
264,0,-0.011939771410723932
265,0,-0.011939771410723932
265,0,-0.011939771410723932
265,0,-0.01432772569286883
262,0,-0.016715679975013727
267,0,-0.02149158853930352
266,0,-0.02387954282144842
275,0,-0.02865545138573808
262,0,-0.031043405667882974
276,0,-0.02865545138573808
268,0,-0.02387954282144842
264,0,-0.021491588539303524
261,0,-0.01910363425715863
263,0,-0.011939771410724075
263,0,-0.00716386284643428
250,0,2.740863092043355e-16
246,0,-0.002387954282144623
248,0,-0.002387954282144623
266,0,-0.002387954282144623
267,0,-0.002387954282144623
270,0,-0.002387954282144623
261,0,-0.002387954282144623
270,0,-0.002387954282144623
252,0,-0.002387954282144623
253,0,-0.002387954282144623
250,0,-0.002387954282144623
251,0,-0.002387954282144623
249,0,-0.00477590856428952
245,0,-0.002387954282144623
241,0,-0.002387954282144623
273,0,2.740863092043355e-16
259,0,2.740863092043355e-16
268,0,0.0023879542821451712
265,0,0.0071638628464349655
257,0,0.009551817128579863
269,0,0.009551817128579863
274,0,0.009551817128579863
265,0,0.009551817128579863
273,0,0.01193977141072476
276,0,0.014327725692869657
276,0,0.014327725692869657
274,0,0.014327725692869657
274,0,0.01193977141072476
286,0,0.01193977141072476
268,0,0.014327725692869657
268,0,0.01193977141072476
268,0,0.014327725692869657
268,0,0.01193977141072476
266,0,0.01193977141072476
251,0,0.01193977141072476
255,0,0.01432772569286952
249,0,0.01432772569286952
261,0,0.016715679975014417
253,0,0.01432772569286952
262,0,0.011939771410724692
263,0,0.011939771410724692
262,0,0.009551817128579863
263,0,0.009551817128579863
274,0,0.0071638628464349655
274,0,0.0023879542821451712
268,0,3.426078865054194e-16
275,0,3.426078865054194e-16
258,0,3.426078865054194e-16
270,0,0.0023879542821451712
269,0,0.0023879542821451712
239,0,0.007163862846434897
251,0,0.021491588539304142
256,0,0.031043405667883626
258,0,0.04298317707860798
248,0,0.0501470399250426
269,0,0.0525349942071875
258,0,0.05492294848933236
263,0,0.0501470399250426
258,0,0.042983177078608
264,0,0.03343135995002853
267,0,0.023879542821449044
267,0,0.011939771410724678
264,0,0.007163862846434935
267,0,-0.002387954282144551
274,0,-0.002387954282144551
265,0,-0.01193977141072403
261,0,-0.019103634257158643
260,0,-0.016715679975013772
260,0,-0.0143277256928689
258,0,-0.0143277256928689
257,0,-0.01193977141072403
261,0,-0.01193977141072403
260,0,-0.009551817128579158
261,0,-0.009551817128579158
259,0,-0.002387954282144544
260,0,0.00477590856429007
263,0,0.00477590856429007
261,0,0.007163862846434941
258,0,0.002387954282145198
261,0,-0.002387954282144546
269,0,-0.002387954282144546
258,0,-0.002387954282144546
258,0,-0.004775908564289418
259,0,-0.004775908564289418
257,0,-0.0023879542821445463
256,0,-0.0023879542821445463
264,0,-0.0023879542821445463
263,0,-0.0023879542821445463
263,0,-0.0023879542821445463
263,0,-0.004775908564289418
263,0,-0.004775908564289418
263,0,-0.004775908564289418
261,0,-0.004775908564289418
245,0,-0.004775908564289418
244,0,-0.004775908564289418
243,0,-0.004775908564289418
243,0,-0.0023879542821445463
243,0,3.2526065174565133e-16
244,0,0.004775908564290068
244,0,0.009551817128579812
263,0,0.014327725692869556
260,0,0.016715679975014427
263,0,0.021491588539304173
248,0,0.023879542821449044
271,0,0.023879542821449044
268,0,0.02149158853930417
265,0,0.021491588539304173
261,0,0.01671567997501443
257,0,0.011939771410724689
260,0,0.01432772569286956
262,0,0.014327725692869556
263,0,0.011939771410724685
262,0,0.007163862846434942
260,0,0.00477590856429007
257,0,0.00477590856429007
260,0,0.00477590856429007
259,0,0.00477590856429007
258,0,0.00477590856429007
259,0,0.00477590856429007
259,0,0.00477590856429007
259,0,0.00477590856429007
261,0,0.00477590856429007
262,0,0.00477590856429007
262,0.02243994752564138,0.00477590856429007
262,0.04487989505128276,0.00477590856429007
262,0.06731984257692414,0.00477590856429007
263,0.08975979010256552,0.007163862846434941
262,0.1121997376282069,0.007163862846434941
261,0.13463968515384828,0.011939771410724685
281,0.15707963267948966,0.0191036342571593
257,0.17951958020513104,0.02149158853930417
264,0.20195952773077241,0.031043405667883654
270,0.2243994752564138,0.047759085642897756
264,0.24683942278205517,0.06447476561791185
265,0.26927937030769655,0.08357839987507082
271,0.29171931783333793,0.11462180554295415
262,0.3141592653589793,0.13850134836440287
263,0.3365992128846207,0.16476884546799647
261,0.35903916041026207,0.19342429685373494
260,0.38147910793590345,0.22924361108590802
254,0.40391905546154483,0.25789906247164646
255,0.4263590029871862,0.2865545138573849
242,0.4487989505128276,0.3128220109609785
248,0.47123889803846897,0.3462533709110067
242,0.49367884556411035,0.37729677657889005
239,0.5161187930897517,0.39878836511819393
234,0.5385587406153931,0.42027995365749776
230,0.5609986881410345,0.4417715421968016
239,0.5834386356666759,0.4728149478646849
241,0.6058785831923172,0.4990824449682785
242,0.6283185307179586,0.5157981249432926
236,0.6507584782436,0.5540053934576105
240,0.6731984257692414,0.5754969819969143
258,0.6956383732948828,0.601764479100508
249,0.7180783208205241,0.6232560676398119
253,0.7405182683461655,0.6423597018969709
242,0.7629582158718069,0.659075381871985
236,0.7853981633974483,0.678179016129144
233,0.8078381109230897,0.6901187875398683
232,0.830278058448731,0.7235501474898965
229,0.8527180059743724,0.7474296903113452
227,0.8751579535000138,0.7784730959792285
232,0.8975979010256552,0.8047405930828221
216,0.9200378485512966,0.8286201359042707
215,0.9424777960769379,0.8524996787257194
214,0.9649177436025793,0.8883189929578925
215,0.9873576911282207,0.9074226272150514
217,1.009797638653862,0.9432419414472245
214,1.0322375861795035,0.9695094385508181
216,1.0546775337051448,1.0029407985008463
207,1.0771174812307862,1.0292082956044397
206,1.0995574287564276,1.0530878384258884
208,1.121997376282069,1.0865191983759166
208,1.1444373238077103,1.1080107869152205
206,1.1668772713333517,1.1175626040438
207,1.189317218858993,1.1605457811224078
205,1.2117571663846345,1.1820373696617117
187,1.2341971139102759,1.213080775329595
187,1.2566370614359172,1.2393482724331883
187,1.2790770089615586,1.263227815254637
187,1.3015169564872,1.2918832666403754
188,1.3239569040128414,1.3157628094618241
187,1.3463968515384828,1.3229266723082587
187,1.3688367990641241,1.3587459865404317
179,1.3912767465897655,1.38740143792617
180,1.413716694115407,1.4112809807476188
179,1.4361566416410483,1.4303846150047776
178,1.4585965891666897,1.4518762035440815
177,1.481036536692331,1.478143700647675
179,1.5034764842179724,1.4996352891869789
179,1.5259164317436138,1.5067991520334136
170,1.5483563792692552,1.5473943748298764
172,1.5707963267948966,1.5664980090870353
170,1.593236274320538,1.5856016433441942
171,1.6156762218461793,1.6047052776013533
170,1.6381161693718207,1.6333607289870917
171,1.660556116897462,1.6524643632442506
171,1.6829960644231035,1.6739559517835545
162,1.7054360119487448,1.6811198146299893
159,1.7278759594743862,1.724102991708597
162,1.7503159070000276,1.743206625965756
159,1.772755854525669,1.7646982145050598
158,1.7951958020513104,1.7909657116086535
161,1.8176357495769517,1.8148452544301021
163,1.840075697102593,1.833948888687261
150,1.8625156446282345,1.855440477226565
149,1.8849555921538759,1.8840959286123034
145,1.9073955396795172,1.9055875171516072
151,1.9298354872051586,1.9270791056909111
149,1.9522754347308,1.948570694230215
146,1.9747153822564414,1.9796140998980984
150,1.9971553297820828,1.9963297798731126
140,2.019595277307724,2.017821368412416
137,2.0420352248333655,2.03931295695172
137,2.064475172359007,2.0679684083374585
137,2.0869151198846483,2.0870720425946176
140,2.1093550674102897,2.1109515854160663
138,2.131795014935931,2.139607036801805
137,2.1542349624615724,2.158710671058964
132,2.176674909987214,2.1802022595982677
126,2.199114857512855,2.199305893855427
127,2.2215548050384966,2.213633619548296
125,2.243994752564138,2.249452933780469
127,2.2664347000897793,2.2685565680376283
126,2.2888746476154207,2.297212019423367
126,2.311314595141062,2.316315653680526
127,2.3337545426667035,2.33780724221983
116,2.356194490192345,2.3592988307591343
119,2.378634437717986,2.383178373580583
116,2.4010743852436276,2.3927301907091625
115,2.423514332769269,2.4261615506591907
110,2.4459542802949104,2.454817002044929
112,2.4683942278205517,2.473920636302088
112,2.490834175346193,2.495412224841392
108,2.5132741228718345,2.521679721944986
107,2.535714070397476,2.540783356202145
111,2.5581540179231173,2.559886990459304
108,2.5805939654487586,2.5670508533057386
121,2.6030339129744,2.6100340303843463
124,2.6254738605000414,2.633913573205795
114,2.6479138080256828,2.6601810703093887
98,2.670353755551324,2.6792847045665478
100,2.6927937030769655,2.7079401559522864
87,2.715233650602607,2.7246558359273005
101,2.7376735981282483,2.73898356162017
90,2.7601135456538897,2.7461474244666046
94,2.782553493179531,2.779578784416633
98,2.8049934407051724,2.798682418673792
91,2.827433388230814,2.815398098648806
90,2.849873335756455,2.834501732905965
93,2.8723132832820966,2.863157184291704
89,2.894753230807738,2.8846487728310075
94,2.9171931783333793,2.908528315652456
97,2.9396331258590207,2.9252439956274703
99,2.962073073384662,2.9538994470132085
93,2.9845130209103035,2.9753910355525126
87,3.006952968435945,2.9944946698096717
84,3.029392915961586,3.0231501211954104
78,3.0518328634872276,3.0398658011704245
74,3.074272811012869,3.0613573897097286
77,3.0967127585385104,3.073297161120453
79,3.1191527060641517,3.1043405667883364
94,3.141592653589793,3.12583215532764
91,3.1640326011154345,3.144935789584799
90,3.186472548641076,3.173591240970538
92,3.2089124961667173,3.1950828295098415
89,3.2313524436923586,3.21896237233129
91,3.253792391218,3.2500057779991733
92,3.2762323387436414,3.257169640845608
61,3.2986722862692828,3.290601000795636
64,3.321112233794924,3.3216444064635193
66,3.3435521813205655,3.3431359950028234
63,3.365992128846207,3.3622396292599825
61,3.3884320763718483,3.388507126363576
61,3.4108720238974897,3.4099987149028803
60,3.433311971423131,3.4291023491600394
54,3.4557519189487724,3.443430074852909
52,3.478191866474414,3.4792493890850817
52,3.500631814000055,3.5055168861886754
48,3.5230717615256966,3.5270084747279795
53,3.545511709051338,3.553275971831573
49,3.5679516565769793,3.5723796060887323
54,3.5903916041026207,3.5938711946280364
43,3.612831551628262,3.6153627831673405
42,3.6352714991539035,3.639242325988789
43,3.657711446679545,3.6607339145280933
40,3.680151394205186,3.6822255030673974
40,3.7025913417308276,3.708493000170991
48,3.725031289256469,3.7299845887102947
40,3.7474712367821104,3.7514761772495984
39,3.7699111843077517,3.780131628635337
38,3.792351131833393,3.8040111714567857
31,3.8147910793590345,3.8278907142782344
43,3.837231026884676,3.854158211381828
40,3.8596709744103173,3.870873891356842
28,3.8821109219359586,3.8875895713318562
37,3.9045508694616,3.9043052513068703
33,3.9269908169872414,3.925796839846174
35,3.9494307645128828,3.942512519821188
30,3.971870712038524,3.956840245514057
37,3.9943106595641655,3.9902716054640854
30,4.016750607089807,4.009375239721244
30,4.039190554615448,4.033254782542693
30,4.06163050214109,4.054746371081997
24,4.084070449666731,4.0810138681855905
23,4.106510397192372,4.10489341100704
21,4.128950344718014,4.126384999546343
22,4.151390292243655,4.138324770957068
20,4.173830239769297,4.171756130907096
21,4.196270187294938,4.190859765164255
21,4.218710134820579,4.209963399421414
15,4.241150082346221,4.231454987960718
16,4.263590029871862,4.250558622217877
16,4.2860299773975035,4.264886347910746
11,4.308469924923145,4.28160202788576
16,4.330909872448786,4.293541799296484
14,4.353349819974428,4.324585204964368
15,4.375789767500069,4.346076793503672
7,4.39822971502571,4.37473224488941
7,4.420669662551352,4.398611787710859
10,4.443109610076993,4.424879284814453
10,4.4655495576026345,4.458310644764481
10,4.487989505128276,4.484578141868075
12,4.510429452653917,4.494129958996655
9,4.532869400179559,4.534725181793117
359,4.5553093477052,4.565768587461001
1,4.577749295230841,4.58964813028245
1,4.600189242756483,4.613527673103899
0,4.622629190282124,4.644571078771783
359,4.6450691378077655,4.6660626673110865
359,4.667509085333407,4.68755425585039
0,4.689949032859048,4.711433798671839
351,4.71238898038469,4.730537432928998
350,4.734828927910331,4.7496410671861575
351,4.757268875435972,4.766356747161171
350,4.779708822961614,4.79023628998262
350,4.802148770487255,4.809339924239779
350,4.824588718012897,4.8236676499326485
350,4.847028665538538,4.840383329907663
344,4.869468613064179,4.866650827011257
343,4.891908560589821,4.885754461268416
344,4.914348508115462,4.904858095525575
342,4.9367884556411035,4.926349684064879
341,4.959228403166745,4.955005135450617
345,4.981668350692386,4.974108769707776
345,5.004108298218028,5.00037626681137
327,5.026548245743669,5.014703992504239
330,5.04898819326931,5.052911261018557
331,5.071428140794952,5.079178758122151
329,5.093868088320593,5.110222163790033
330,5.1163080358462345,5.131713752329337
330,5.138747983371876,5.155593295150786
330,5.161187930897517,5.179472837972235
324,5.183627878423159,5.205740335075829
324,5.2060678259488,5.2129041979222634
325,5.228507773474441,5.246335557872292
327,5.250947721000083,5.272603054975885
326,5.273387668525724,5.291706689233044
324,5.2958276160513655,5.313198277772348
325,5.318267563577007,5.329913957747362
319,5.340707511102648,5.356181454850955
319,5.36314745862829,5.377673043390259
320,5.385587406153931,5.384836906236694
322,5.408027353679572,5.418268266186722
319,5.430467301205214,5.4445357632903155
321,5.452907248730855,5.463639397547474
321,5.475347196256497,5.485130986086777
318,5.497787143782138,5.5137864374725165
312,5.520227091307779,5.532890071729675
311,5.542667038833421,5.554381660268978
308,5.565106986359062,5.5782612030904275
310,5.5875469338847035,5.594976883065441
307,5.609986881410345,5.614080517322599
308,5.632426828935986,5.6331841515797585
309,5.654866776461628,5.659451648683352
304,5.677306723987269,5.67855528294051
305,5.69974667151291,5.700046871479814
308,5.722186619038552,5.721538460019118
304,5.744626566564193,5.747805957122711
309,5.7670665140898345,5.7669095913798705
302,5.789506461615476,5.78601322563703
311,5.811946409141117,5.805116859894189
297,5.834386356666759,5.831384356997782
295,5.8568263041924,5.852875945537086
297,5.879266251718041,5.87436753407639
298,5.901706199243683,5.891083214051403
299,5.924146146769324,5.9245145740014316
295,5.9465860942949655,5.948394116822881
293,5.969026041820607,5.979437522490764
290,5.991465989346248,5.998541156747923
284,6.01390593687189,6.017644791005082
288,6.036345884397531,6.039136379544385
284,6.058785831923172,6.065403876647979
284,6.081225779448814,6.070179785212269
296,6.103665726974455,6.096447282315863
300,6.126105674500097,6.117938870855166
281,6.148545622025738,6.137042505112325
286,6.170985569551379,6.156146139369484
281,6.193425517077021,6.180025682190932
280,6.215865464602662,6.1967413621659455
279,6.2383054121283035,6.215844996423105
277,6.260745359653945,6.223008859269539
277,6.283185307179586,6.258828173501712
263,6.283185307179586,6.287483624887451
258,6.283185307179586,6.313751121991045
266,6.283185307179586,6.332854756248204
263,6.283185307179586,6.3543463447875075
267,6.283185307179586,6.366286116198232
276,6.283185307179586,6.375837933326812
276,6.283185307179586,6.380613841891102
262,6.283185307179586,6.394941567583971
262,6.283185307179586,6.399717476148261
266,6.283185307179586,6.399717476148261
259,6.283185307179586,6.399717476148261
264,6.283185307179586,6.399717476148261
261,6.283185307179586,6.399717476148261
262,6.283185307179586,6.399717476148261
264,6.283185307179586,6.399717476148261
264,6.283185307179586,6.399717476148261
263,6.283185307179586,6.402105430430406
261,6.283185307179586,6.406881338994696
268,6.283185307179586,6.409269293276841
263,6.283185307179586,6.409269293276841
266,6.283185307179586,6.416433156123276
265,6.283185307179586,6.421209064687566
252,6.283185307179586,6.423597018969711
263,6.283185307179586,6.430760881816146
268,6.283185307179586,6.435536790380436
258,6.283185307179586,6.43792474466258
265,6.283185307179586,6.43792474466258
269,6.283185307179586,6.435536790380435
247,6.283185307179586,6.430760881816145
250,6.283185307179586,6.425984973251855
241,6.283185307179586,6.421209064687565
247,6.283185307179586,6.41882111040542
245,6.283185307179586,6.40926929327684
244,6.283185307179586,6.40449338471255
241,6.283185307179586,6.39971747614826
266,6.283185307179586,6.39494156758397
263,6.283185307179586,6.39016565901968
262,6.283185307179586,6.387777704737536
265,6.283185307179586,6.387777704737536
263,6.283185307179586,6.387777704737536
266,6.283185307179586,6.387777704737536
265,6.283185307179586,6.387777704737536
259,6.283185307179586,6.387777704737536
260,6.283185307179586,6.385389750455391
262,6.283185307179586,6.383001796173247
263,6.283185307179586,6.383001796173247
262,6.283185307179586,6.378225887608957
266,6.283185307179586,6.373449979044667
263,6.283185307179586,6.366286116198232
264,6.283185307179586,6.351958390505363
265,6.283185307179586,6.340018619094638
265,6.283185307179586,6.323302939119625
264,6.283185307179586,6.30658725914461
272,6.283185307179586,6.29703544201603
263,6.283185307179586,6.2755438534767265
271,6.283185307179586,6.256440219219568
269,6.283185307179586,6.244500447808844
276,6.283185307179586,6.237336584962409
272,6.283185307179586,6.230172722115975
282,6.283185307179586,6.232560676398119
273,6.283185307179586,6.234948630680264
267,6.283185307179586,6.234948630680264
269,6.283185307179586,6.246888402090988
272,6.283185307179586,6.254052264937423
267,6.283185307179586,6.261216127783857
274,6.283185307179586,6.268379990630292
274,6.283185307179586,6.277931807758872
267,6.283185307179586,6.2850956706053065
275,6.283185307179586,6.2946474877338865
271,6.283185307179586,6.297035442016032
270,6.283185307179586,6.3041993048624665
270,6.283185307179586,6.301811350580322
273,6.283185307179586,6.297035442016032
275,6.283185307179586,6.292259533451742
276,6.283185307179586,6.285095670605307
280,6.283185307179586,6.282707716323162
274,6.283185307179586,6.280319762041017
280,6.283185307179586,6.277931807758873
288,6.283185307179586,6.270767944912438
279,6.283185307179586,6.270767944912438
274,6.283185307179586,6.265992036348148
272,6.283185307179586,6.265992036348148
272,6.283185307179586,6.265992036348148
271,6.283185307179586,6.265992036348148
272,6.283185307179586,6.265992036348148
274,6.283185307179586,6.265992036348148
275,6.283185307179586,6.265992036348148
278,6.283185307179586,6.265992036348148
275,6.283185307179586,6.265992036348148
275,6.283185307179586,6.265992036348148
274,6.283185307179586,6.265992036348148
275,6.283185307179586,6.265992036348148
274,6.283185307179586,6.268379990630293
272,6.283185307179586,6.273155899194583
270,6.283185307179586,6.282707716323163
256,6.283185307179586,6.285095670605307
263,6.283185307179586,6.292259533451742
275,6.283185307179586,6.301811350580322
262,6.283185307179586,6.311363167708902
270,6.283185307179586,6.325690893401771
262,6.283185307179586,6.332854756248206
281,6.283185307179586,6.34479452765893
271,6.283185307179586,6.356734299069655
281,6.283185307179586,6.366286116198235
278,6.283185307179586,6.363898161916089
279,6.283185307179586,6.361510207633945
241,6.283185307179586,6.34957043622322
245,6.283185307179586,6.337630664812496
246,6.283185307179586,6.332854756248206
244,6.283185307179586,6.3137511219910465
249,6.283185307179586,6.301811350580322
248,6.283185307179586,6.292259533451742
245,6.283185307179586,6.287483624887452
271,6.283185307179586,6.285095670605307
268,6.283185307179586,6.285095670605307
268,6.283185307179586,6.285095670605307
267,6.283185307179586,6.285095670605307
267,6.283185307179586,6.292259533451742
258,6.283185307179586,6.2946474877338865
265,6.283185307179586,6.297035442016031
265,6.283185307179586,6.297035442016031
267,6.283185307179586,6.297035442016031
266,6.283185307179586,6.297035442016031
267,6.283185307179586,6.299423396298176
264,6.283185307179586,6.299423396298176
266,6.283185307179586,6.299423396298176
266,6.283185307179586,6.299423396298176
267,6.283185307179586,6.299423396298176
267,6.283185307179586,6.299423396298176
267,6.283185307179586,6.299423396298176
267,6.283185307179586,6.299423396298176
268,6.283185307179586,6.299423396298176
268,6.283185307179586,6.299423396298176
268,6.283185307179586,6.299423396298176
266,6.283185307179586,6.297035442016031
266,6.283185307179586,6.297035442016031
268,6.283185307179586,6.2994233962981765
280,6.283185307179586,6.2994233962981765
262,6.283185307179586,6.297035442016032
279,6.283185307179586,6.289871579169597
270,6.283185307179586,6.285095670605307
266,6.283185307179586,6.273155899194583
268,6.283185307179586,6.263604082066003
264,6.283185307179586,6.258828173501713
264,6.283185307179586,6.251664310655278
263,6.283185307179586,6.249276356373134
258,6.283185307179586,6.249276356373134
257,6.283185307179586,6.246888402090989
265,6.283185307179586,6.251664310655279
272,6.283185307179586,6.256440219219569
267,6.283185307179586,6.263604082066004
261,6.283185307179586,6.265992036348148
262,6.283185307179586,6.270767944912438
268,6.283185307179586,6.270767944912438
268,6.283185307179586,6.268379990630294
273,6.283185307179586,6.268379990630294
275,6.283185307179586,6.268379990630294
276,6.283185307179586,6.268379990630294
295,6.283185307179586,6.270767944912439
283,6.283185307179586,6.265992036348149
278,6.283185307179586,6.268379990630295
280,6.283185307179586,6.268379990630295
282,6.283185307179586,6.270767944912439
274,6.283185307179586,6.270767944912439
271,6.283185307179586,6.270767944912439
271,6.283185307179586,6.273155899194584
271,6.283185307179586,6.270767944912438
266,6.283185307179586,6.270767944912438
247,6.283185307179586,6.270767944912438
273,6.283185307179586,6.268379990630293
275,6.283185307179586,6.268379990630293
277,6.283185307179586,6.268379990630293
276,6.283185307179586,6.268379990630293
277,6.283185307179586,6.268379990630293
276,6.283185307179586,6.268379990630293
277,6.283185307179586,6.268379990630293
273,6.283185307179586,6.268379990630293
272,6.283185307179586,6.268379990630293
273,6.283185307179586,6.268379990630293
272,6.283185307179586,6.268379990630293
269,6.283185307179586,6.270767944912437
271,6.283185307179586,6.270767944912437
271,6.283185307179586,6.273155899194582
271,6.283185307179586,6.2755438534767265
258,6.283185307179586,6.2803197620410165
267,6.283185307179586,6.282707716323162
271,6.283185307179586,6.287483624887452
270,6.283185307179586,6.289871579169597
262,6.283185307179586,6.292259533451742
271,6.283185307179586,6.294647487733887
249,6.283185307179586,6.297035442016033
254,6.283185307179586,6.299423396298178
254,6.283185307179586,6.297035442016034
260,6.283185307179586,6.294647487733889
266,6.283185307179586,6.297035442016034
265,6.283185307179586,6.297035442016034
261,6.283185307179586,6.297035442016034
268,6.283185307179586,6.292259533451744
261,6.283185307179586,6.289871579169598
263,6.283185307179586,6.289871579169598
264,6.283185307179586,6.287483624887454
268,6.283185307179586,6.287483624887454
257,6.283185307179586,6.289871579169598
251,6.283185307179586,6.294647487733888
262,6.283185307179586,6.304199304862468
260,6.283185307179586,6.316139076273193
268,6.283185307179586,6.328078847683917
259,6.283185307179586,6.335242710530352
274,6.283185307179586,6.3424065733767865
271,6.283185307179586,6.349570436223221
258,6.283185307179586,6.351958390505366
260,6.283185307179586,6.35434634478751
254,6.283185307179586,6.35434634478751
257,6.283185307179586,6.35434634478751
256,6.283185307179586,6.35434634478751
259,6.283185307179586,6.35434634478751
260,6.283185307179586,6.35434634478751
266,6.283185307179586,6.35434634478751
261,6.283185307179586,6.35434634478751
264,6.283185307179586,6.34957043622322
264,6.283185307179586,6.342406573376786
274,6.283185307179586,6.332854756248206
275,6.283185307179586,6.320914984837481
279,6.283185307179586,6.301811350580322
263,6.283185307179586,6.282707716323164
285,6.283185307179586,6.26599203634815
269,6.283185307179586,6.2588281735017155
260,6.283185307179586,6.237336584962412
268,6.283185307179586,6.225396813551687
264,6.283185307179586,6.218232950705253
259,6.283185307179586,6.213457042140963
241,6.283185307179586,6.213457042140963
269,6.283185307179586,6.211069087858818
252,6.283185307179586,6.211069087858818
285,6.283185307179586,6.215844996423108
267,6.283185307179586,6.220620904987398
273,6.283185307179586,6.225396813551688
279,6.283185307179586,6.227784767833833
282,6.283185307179586,6.232560676398123
284,6.283185307179586,6.234948630680267
281,6.283185307179586,6.237336584962413
276,6.283185307179586,6.237336584962413
277,6.283185307179586,6.242112493526703
276,6.283185307179586,6.244500447808847
274,6.283185307179586,6.246888402090993
274,6.283185307179586,6.251664310655283
275,6.283185307179586,6.256440219219573
274,6.283185307179586,6.258828173501717
262,6.283185307179586,6.263604082066007
259,6.283185307179586,6.263604082066007
273,6.283185307179586,6.261216127783863
275,6.283185307179586,6.261216127783863
274,6.283185307179586,6.261216127783863
274,6.283185307179586,6.261216127783863
280,6.283185307179586,6.261216127783863
277,6.283185307179586,6.261216127783863
275,6.283185307179586,6.263604082066007
274,6.283185307179586,6.263604082066007
271,6.283185307179586,6.268379990630297
262,6.283185307179586,6.268379990630297
263,6.283185307179586,6.275543853476732
265,6.283185307179586,6.277931807758877
264,6.283185307179586,6.285095670605312
273,6.283185307179586,6.287483624887457
269,6.283185307179586,6.287483624887457
275,6.283185307179586,6.287483624887457
278,6.283185307179586,6.289871579169602
281,6.283185307179586,6.287483624887457
279,6.283185307179586,6.287483624887457
279,6.283185307179586,6.287483624887457
286,6.283185307179586,6.289871579169603
279,6.283185307179586,6.289871579169603
278,6.283185307179586,6.287483624887458
265,6.283185307179586,6.289871579169604
276,6.283185307179586,6.289871579169604
249,6.283185307179586,6.289871579169604
246,6.283185307179586,6.289871579169604
248,6.283185307179586,6.289871579169604
251,6.283185307179586,6.289871579169604
245,6.283185307179586,6.289871579169604
248,6.305625254705228,6.289871579169604
238,6.328065202230869,6.301811350580328
268,6.35050514975651,6.313751121991053
270,6.372945097282152,6.332854756248212
270,6.395385044807793,6.3495704362232255
270,6.4178249923334345,6.371062024762529
263,6.440264939859076,6.390165659019688
265,6.462704887384717,6.414045201841137
263,6.485144834910359,6.418821110405427
251,6.507584782436,6.4427006532268765
253,6.530024729961641,6.454640424637601
251,6.552464677487283,6.461804287484036
252,6.574904625012924,6.466580196048325
249,6.5973445725385655,6.468968150330469
281,6.619784520064207,6.483295876023338
261,6.642224467589848,6.492847693151918
258,6.66466441511549,6.495235647434063
265,6.687104362641131,6.528667007384091
261,6.709544310166772,6.554934504487685
264,6.731984257692414,6.583589955873423
262,6.754424205218055,6.614633361541307
258,6.776864152743697,6.664780401466349
259,6.799304100269338,6.702987669980668
236,6.821744047794979,6.745970847059275
238,6.844183995320621,6.760298572752144
241,6.866623942846262,6.834325155498635
239,6.8890638903719035,6.872532424012953
232,6.911503837897545,6.908351738245126
220,6.933943785423186,6.937007189630865
224,6.956383732948828,6.975214458145183
223,6.978823680474469,6.996706046684487
234,7.00126362800011,7.011033772377356
231,7.023703575525752,7.03730126948095
229,7.046143523051393,7.04685308660953
234,7.0685834705770345,7.058792858020254
240,7.091023418102676,7.070732629430979
235,7.113463365628317,7.0826724008417035
227,7.135903313153959,7.097000126534573
228,7.1583432606796,7.111327852227442
230,7.180783208205241,7.120879669356022
226,7.203223155730883,7.147147166459615
227,7.225663103256524,7.1710267092810644
223,7.2481030507821655,7.185354434973934
226,7.270542998307807,7.202070114948947
215,7.292982945833448,7.214009886359672
215,7.31542289335909,7.235501474898975
216,7.337862840884731,7.252217154873989
211,7.360302788410372,7.256993063438278
217,7.382742735936014,7.288036469106162
210,7.405182683461655,7.307140103363321
216,7.427622630987297,7.32146782905619
207,7.450062578512938,7.338183509031204
206,7.472502526038579,7.362063051852653
207,7.494942473564221,7.381166686109812
211,7.517382421089862,7.402658274649116
210,7.5398223686155035,7.407434183213406
209,7.562262316141145,7.448029406009868
232,7.584702263666786,7.476684857395607
201,7.607142211192428,7.5029523544992
201,7.629582158718069,7.531607805884939
197,7.65202210624371,7.569815074399258
195,7.674462053769352,7.598470525784996
193,7.696902001294993,7.631901885735024
198,7.7193419488206345,7.641453702863604
195,7.741781896346276,7.698764605635081
175,7.764221843871917,7.725032102738675
176,7.786661791397559,7.751299599842269
178,7.8091017389232,7.7871189140744415
182,7.831541686448841,7.81099845689589
177,7.853981633974483,7.834877999717339
181,7.876421581500124,7.8515936796923524
183,7.8988615290257655,7.889800948206671
168,7.921301476551407,7.911292536745974
162,7.943741424077048,7.932784125285278
164,7.96618137160269,7.949499805260292
161,7.988621319128331,7.96860343951745
165,8.011061266653972,7.982931165210319
170,8.033501214179612,7.9948709366210435
166,8.055941161705253,8.002034799467477
161,8.078381109230893,8.03307820513536
166,8.100821056756534,8.049793885110375
165,8.123261004282174,8.068897519367534
164,8.145700951807815,8.090389107906837
165,8.168140899333455,8.119044559292576
163,8.190580846859095,8.142924102114025
163,8.213020794384736,8.171579553499763
146,8.235460741910376,8.181131370628343
147,8.257900689436017,8.23366636483553
148,8.280340636961657,8.262321816221268
151,8.302780584487298,8.286201359042717
147,8.325220532012938,8.324408627557036
151,8.347660479538579,8.348288170378485
147,8.37010042706422,8.372167713199934
134,8.39254037458986,8.393659301739238
136,8.4149803221155,8.41992679884283
138,8.437420269641141,8.441418387382134
141,8.459860217166781,8.458134067357149
138,8.482300164692422,8.477237701614307
139,8.504740112218062,8.49872929015361
140,8.527180059743703,8.515444970128625
125,8.549620007269343,8.53216065010364
123,8.572059954794984,8.548876330078654
124,8.594499902320624,8.570367918617958
120,8.616939849846265,8.587083598592972
118,8.639379797371905,8.606187232850132
118,8.661819744897546,8.627678821389436
119,8.684259692423186,8.653946318493029
121,8.706699639948827,8.673049952750189
108,8.729139587474467,8.694541541289492
113,8.751579535000108,8.713645175546652
112,8.774019482525748,8.74230062693239
116,8.796459430051389,8.763792215471694
113,8.81889937757703,8.787671758293143
117,8.84133932510267,8.821103118243173
117,8.86377927262831,8.847370615346765
103,8.88621922015395,8.873638112450358
101,8.908659167679591,8.902293563836096
108,8.931099115205232,8.921397198093254
107,8.953539062730872,8.966768329454007
100,8.975979010256513,8.9930358265576
117,8.998418957782153,9.021691277943338
107,9.020858905307794,9.055122637893366
96,9.043298852833434,9.079002180714815
97,9.065738800359075,9.102881723536264
97,9.088178747884715,9.131537174922002
91,9.110618695410356,9.136313083486291
105,9.133058642935996,9.167356489154175
99,9.155498590461637,9.181684214847044
95,9.177938537987277,9.193623986257768
86,9.200378485512918,9.205563757668491
87,9.222818433038558,9.217503529079217
88,9.245258380564199,9.231831254772086
68,9.267698328089839,9.25332284331139
76,9.29013827561548,9.258098751875679
84,9.31257822314112,9.279590340414982
78,9.33501817066676,9.303469883236431
82,9.357458118192401,9.322573517493591
79,9.379898065718042,9.344065106032895
78,9.402338013243682,9.375108511700779
81,9.424777960769323,9.398988054522228
82,9.447217908294963,9.427643505907966
78,9.469657855820603,9.437195323036544
84,9.492097803346244,9.496894180090166
69,9.514537750871884,9.525549631475904
74,9.536977698397525,9.554205082861642
86,9.559417645923165,9.580472579965235
72,9.581857593448806,9.613903939915264
71,9.604297540974446,9.637783482736713
82,9.626737488500087,9.659275071276017
69,9.649177436025727,9.664050979840306
56,9.671617383551368,9.702258248354624
54,9.694057331077008,9.718973928329639
58,9.716497278602649,9.738077562586799
59,9.73893722612829,9.761957105408248
57,9.76137717365393,9.781060739665406
56,9.78381712117957,9.800164373922566
58,9.80625706870521,9.819268008179725
50,9.828697016230851,9.845535505283319
51,9.851136963756492,9.862251185258334
54,9.873576911282132,9.881354819515492
53,9.896016858807773,9.905234362336941
49,9.918456806333413,9.92911390515839
50,9.940896753859054,9.950605493697694
52,9.963336701384694,9.967321173672708
57,9.985776648910335,9.979260945083432
56,10.008216596435975,10.010304350751316
58,10.030656543961616,10.03179593929062
59,10.053096491487256,10.048511619265634
61,10.075536439012897,10.070003207804938
62,10.097976386538537,10.09627070490853
57,10.120416334064178,10.117762293447834
38,10.142856281589818,10.136865927704994
34,10.165296229115459,10.151193653397863
35,10.1877361766411,10.18462501334789
33,10.21017612416674,10.206116601887194
33,10.23261607169238,10.234772053272932
34,10.25505601921802,10.256263641812236
34,10.277495966743661,10.275367276069394
26,10.299935914269302,10.296858864608698
26,10.322375861794942,10.320738407430147
27,10.344815809320583,10.327902270276581
29,10.367255756846223,10.36133363022661
27,10.389695704371864,10.389989081612349
30,10.412135651897504,10.409092715869507
25,10.434575599423145,10.43058430440881
18,10.457015546948785,10.44968793866597
19,10.479455494474426,10.475955435769565
19,10.501895442000066,10.499834978591014
17,10.524335389525707,10.506998841437449
17,10.546775337051347,10.549982018516056
18,10.569215284576988,10.56669769849107
19,10.591655232102628,10.58580133274823
13,10.614095179628269,10.60490496700539
13,10.636535127153909,10.631172464108984
13,10.65897507467955,10.647888144083998
13,10.68141502220519,10.666991778341158
13,10.70385496973083,10.674155641187593
13,10.726294917256471,10.71236290970191
14,10.748734864782111,10.73146654395907
8,10.771174812307752,10.752958132498375
7,10.793614759833392,10.774449721037678
6,10.816054707359033,10.803105172423416
7,10.838494654884673,10.82459676096272
7,10.860934602410314,10.846088349502024
6,10.883374549935954,10.853252212348458
6,10.905814497461595,10.896235389427066
1,10.928254444987235,10.91772697796637
1,10.950694392512876,10.93683061222353
1,10.973134340038516,10.965486063609267
1,10.995574287564157,10.986977652148571
1,11.018014235089797,11.008469240687875
1,11.040454182615438,11.027572874945035
1,11.062894130141078,11.056228326330773
352,11.085334077666719,11.077719914870077
351,11.10777402519236,11.09921150340938
351,11.130213972718,11.120703091948684
351,11.15265392024364,11.146970589052277
350,11.17509386776928,11.16846217759158
352,11.197533815294921,11.19234172041303
352,11.219973762820562,11.206669446105899
344,11.242413710346202,11.244876714620217
342,11.264853657871843,11.26636830315952
342,11.287293605397483,11.287859891698824
344,11.309733552923124,11.311739434520273
345,11.332173500448764,11.340394885906012
343,11.354613447974405,11.361886474445315
343,11.377053395500045,11.383378062984619
334,11.399493343025686,11.397705788677488
334,11.421933290551326,11.431137148627515
332,11.444373238076967,11.450240782884675
332,11.466813185602607,11.476508279988268
332,11.489253133128248,11.495611914245428
333,11.511693080653888,11.514715548502588
333,11.534133028179529,11.533819182759748
325,11.55657297570517,11.557698725581197
324,11.57901292323081,11.564862588427632
326,11.60145287075645,11.595905994095515
325,11.62389281828209,11.615009628352675
323,11.646332765807731,11.638889171174124
324,11.668772713333372,11.655604851149139
324,11.691212660859012,11.674708485406299
318,11.713652608384653,11.698588028227748
320,11.736092555910293,11.720079616767052
317,11.758532503435934,11.743959159588501
317,11.780972450961574,11.770226656692094
321,11.803412398487215,11.796494153795686
316,11.825852346012855,11.829925513745714
317,11.848292293538496,11.856193010849307
316,11.870732241064136,11.8824605079529
291,11.893172188589777,11.918279822185072
291,11.915612136115417,11.932607547877941
295,11.938052083641058,11.963650953545825
288,11.960492031166698,11.994694359213709
295,11.982931978692339,12.013797993470869
295,12.005371926217979,12.035289582010172
293,12.02781187374362,12.056781170549476
296,12.05025182126926,12.080660713370925
299,12.0726917687949,12.09737639334594
300,12.095131716320541,12.104540256192374
299,12.117571663846181,12.137971616142401
301,12.140011611371822,12.15229934183527
312,12.162451558897462,12.169015021810285
299,12.184891506423103,12.183342747503154
298,12.207331453948743,12.207222290324603
291,12.229771401474384,12.223937970299618
287,12.252211349000024,12.245429558838921
287,12.274651296525665,12.25975728453179
287,12.297091244051305,12.297964553046109
281,12.319531191576946,12.321844095867558
285,12.341971139102586,12.345723638689007
279,12.364411086628227,12.37676704435689
279,12.386851034153867,12.398258632896194
272,12.409290981679508,12.417362267153354
278,12.431730929205148,12.450793627103382
283,12.454170876730789,12.457957489949816
285,12.47661082425643,12.503328621310569
286,12.49905077178207,12.529596118414162
275,12.52149071930771,12.5582515697999
282,12.54393066683335,12.57735520405706
283,12.566370614358991,12.598846792596364
279,12.566370614358991,12.613174518289233
276,12.566370614358991,12.627502243982102
274,12.566370614358991,12.641829969674971
282,12.566370614358991,12.65138178680355
262,12.566370614358991,12.660933603932127
260,12.566370614358991,12.663321558214273
263,12.566370614358991,12.665709512496418
270,12.566370614358991,12.670485421060707
269,12.566370614358991,12.675261329624997
264,12.566370614358991,12.677649283907142
262,12.566370614358991,12.687201101035722
262,12.566370614358991,12.694364963882157
261,12.566370614358991,12.701528826728591
261,12.566370614358991,12.711080643857171
259,12.566370614358991,12.720632460985751
262,12.566370614358991,12.727796323832186
245,12.566370614358991,12.737348140960766
258,12.566370614358991,12.73973609524291
251,12.566370614358991,12.74928791237149
259,12.566370614358991,12.751675866653633
255,12.566370614358991,12.74928791237149
268,12.566370614358991,12.7445120038072
264,12.566370614358991,12.73496018667862
270,12.566370614358991,12.723020415267897
263,12.566370614358991,12.713468598139317
278,12.566370614358991,12.706304735292882
257,12.566370614358991,12.689589055317867
267,12.566370614358991,12.682425192471433
261,12.566370614358991,12.677649283907144
264,12.566370614358991,12.677649283907144
256,12.566370614358991,12.677649283907144
259,12.566370614358991,12.677649283907144
260,12.566370614358991,12.677649283907144
261,12.566370614358991,12.677649283907144
260,12.566370614358991,12.677649283907144
263,12.566370614358991,12.677649283907144
263,12.566370614358991,12.677649283907144
269,12.566370614358991,12.677649283907144
263,12.566370614358991,12.677649283907144
260,12.566370614358991,12.677649283907144
261,12.566370614358991,12.677649283907144
262,12.566370614358991,12.677649283907144
270,12.566370614358991,12.675261329624998
263,12.566370614358991,12.67048542106071
258,12.566370614358991,12.66570951249642
264,12.566370614358991,12.660933603932131
269,12.566370614358991,12.651381786803551
264,12.566370614358991,12.639442015392826
273,12.566370614358991,12.625114289699956
264,12.566370614358991,12.622726335417813
268,12.566370614358991,12.59645883831422
275,12.566370614358991,12.584519066903495
276,12.566370614358991,12.570191341210625
256,12.566370614358991,12.555863615517756
262,12.566370614358991,12.546311798389176
263,12.566370614358991,12.54392384410703
254,12.566370614358991,12.53914793554274
249,12.566370614358991,12.536759981260595
248,12.566370614358991,12.534372026978449
246,12.566370614358991,12.534372026978449
271,12.566370614358991,12.53914793554274
272,12.566370614358991,12.541535889824885
267,12.566370614358991,12.543923844107029
267,12.566370614358991,12.546311798389175
261,12.566370614358991,12.546311798389175
271,12.566370614358991,12.551087706953465
272,12.566370614358991,12.548699752671322
273,12.566370614358991,12.555863615517756
284,12.566370614358991,12.55347566123561
279,12.566370614358991,12.55347566123561
280,12.566370614358991,12.551087706953467
281,12.566370614358991,12.551087706953467
281,12.566370614358991,12.551087706953467
277,12.566370614358991,12.551087706953467
285,12.566370614358991,12.551087706953467
274,12.566370614358991,12.551087706953467
277,12.566370614358991,12.553475661235613
272,12.566370614358991,12.555863615517758
273,12.566370614358991,12.555863615517758
269,12.566370614358991,12.558251569799904
271,12.566370614358991,12.558251569799904
271,12.566370614358991,12.55586361551776
273,12.566370614358991,12.55586361551776
274,12.566370614358991,12.55586361551776
276,12.566370614358991,12.55586361551776
276,12.566370614358991,12.55586361551776
279,12.566370614358991,12.55586361551776
286,12.566370614358991,12.55586361551776
274,12.566370614358991,12.55586361551776
271,12.566370614358991,12.55586361551776
276,12.566370614358991,12.55586361551776
279,12.566370614358991,12.55586361551776
275,12.566370614358991,12.55586361551776
272,12.566370614358991,12.55586361551776
278,12.566370614358991,12.55586361551776
271,12.566370614358991,12.55586361551776
275,12.566370614358991,12.55586361551776
272,12.566370614358991,12.55586361551776
272,12.566370614358991,12.55586361551776
273,12.566370614358991,12.55586361551776
271,12.566370614358991,12.55586361551776
271,12.566370614358991,12.558251569799905
276,12.566370614358991,12.558251569799905
270,12.566370614358991,12.563027478364194
277,12.566370614358991,12.570191341210629
272,12.566370614358991,12.577355204057064
273,12.566370614358991,12.577355204057064
264,12.566370614358991,12.579743158339209
274,12.566370614358991,12.589294975467789
270,12.566370614358991,12.591682929749934
272,12.566370614358991,12.591682929749934
271,12.566370614358991,12.591682929749934
270,12.566370614358991,12.591682929749934
283,12.566370614358991,12.591682929749934
290,12.566370614358991,12.591682929749934
279,12.566370614358991,12.589294975467789
285,12.566370614358991,12.582131112621354
261,12.566370614358991,12.582131112621354
260,12.566370614358991,12.582131112621354
273,12.566370614358991,12.582131112621354
266,12.566370614358991,12.582131112621354
261,12.566370614358991,12.582131112621354
269,12.566370614358991,12.582131112621354
264,12.566370614358991,12.5845190669035
265,12.566370614358991,12.582131112621354
263,12.566370614358991,12.5845190669035
272,12.566370614358991,12.582131112621356
273,12.566370614358991,12.582131112621356
266,12.566370614358991,12.584519066903502
263,12.566370614358991,12.582131112621356
265,12.566370614358991,12.582131112621356
271,12.566370614358991,12.582131112621356
274,12.566370614358991,12.584519066903502
269,12.566370614358991,12.584519066903502
271,12.566370614358991,12.584519066903502
271,12.566370614358991,12.584519066903502
267,12.566370614358991,12.584519066903502
269,12.566370614358991,12.584519066903502
246,12.566370614358991,12.584519066903502
252,12.566370614358991,12.584519066903502
245,12.566370614358991,12.584519066903502
251,12.566370614358991,12.584519066903502
248,12.566370614358991,12.584519066903502
250,12.566370614358991,12.584519066903502
249,12.566370614358991,12.584519066903502
267,12.566370614358991,12.584519066903502
269,12.566370614358991,12.584519066903502
272,12.566370614358991,12.582131112621356
271,12.566370614358991,12.579743158339213
270,12.566370614358991,12.574967249774923
272,12.566370614358991,12.570191341210633
273,12.566370614358991,12.567803386928489
269,12.566370614358991,12.555863615517765
276,12.566370614358991,12.551087706953474
271,12.566370614358991,12.54392384410704
264,12.566370614358991,12.541535889824894
257,12.566370614358991,12.536759981260603
265,12.566370614358991,12.536759981260603
263,12.566370614358991,12.536759981260603
274,12.566370614358991,12.536759981260603
271,12.566370614358991,12.536759981260603
270,12.566370614358991,12.539147935542749
263,12.566370614358991,12.539147935542749
276,12.566370614358991,12.536759981260603
262,12.566370614358991,12.536759981260603
268,12.566370614358991,12.539147935542747
277,12.566370614358991,12.541535889824893
276,12.566370614358991,12.546311798389182
277,12.566370614358991,12.546311798389182
279,12.566370614358991,12.55108770695347
298,12.566370614358991,12.55586361551776
283,12.566370614358991,12.55586361551776
292,12.566370614358991,12.560639524082049
279,12.566370614358991,12.563027478364193
279,12.566370614358991,12.565415432646338
268,12.566370614358991,12.567803386928484
270,12.566370614358991,12.570191341210629
271,12.566370614358991,12.570191341210629
271,12.566370614358991,12.572579295492774
270,12.566370614358991,12.570191341210629
271,12.566370614358991,12.572579295492773
253,12.566370614358991,12.572579295492773
273,12.566370614358991,12.567803386928484
269,12.566370614358991,12.565415432646338
276,12.566370614358991,12.560639524082049
277,12.566370614358991,12.55586361551776
279,12.566370614358991,12.553475661235614
273,12.566370614358991,12.551087706953469
278,12.566370614358991,12.543923844107034
276,12.566370614358991,12.54631179838918
283,12.566370614358991,12.543923844107036
273,12.566370614358991,12.548699752671325
276,12.566370614358991,12.548699752671325
275,12.566370614358991,12.55586361551776
275,12.566370614358991,12.558251569799905
275,12.566370614358991,12.56063952408205
273,12.566370614358991,12.56063952408205
251,12.566370614358991,12.563027478364196
273,12.566370614358991,12.565415432646342
254,12.566370614358991,12.567803386928487
272,12.566370614358991,12.567803386928487
274,12.566370614358991,12.567803386928487
277,12.566370614358991,12.567803386928487
275,12.566370614358991,12.567803386928487
277,12.566370614358991,12.567803386928487
279,12.566370614358991,12.565415432646342
277,12.566370614358991,12.565415432646342
275,12.566370614358991,12.563027478364196
274,12.566370614358991,12.563027478364196
276,12.566370614358991,12.560639524082053
286,12.566370614358991,12.563027478364196
276,12.566370614358991,12.563027478364196
273,12.566370614358991,12.563027478364196
277,12.566370614358991,12.565415432646342
268,12.566370614358991,12.565415432646342
268,12.566370614358991,12.565415432646342
273,12.566370614358991,12.563027478364196
272,12.566370614358991,12.56541543264634
251,12.566370614358991,12.56541543264634
275,12.566370614358991,12.56541543264634
274,12.566370614358991,12.56541543264634
281,12.566370614358991,12.56541543264634
259,12.566370614358991,12.563027478364194
256,12.566370614358991,12.563027478364194
254,12.566370614358991,12.560639524082049
254,12.566370614358991,12.558251569799904
253,12.566370614358991,12.555863615517758
254,12.566370614358991,12.555863615517758
254,12.566370614358991,12.553475661235613
273,12.566370614358991,12.553475661235613
274,12.566370614358991,12.558251569799904
292,12.566370614358991,12.560639524082047
272,12.566370614358991,12.560639524082047
274,12.566370614358991,12.558251569799902
272,12.566370614358991,12.560639524082047
274,12.566370614358991,12.563027478364193
271,12.566370614358991,12.567803386928484
272,12.566370614358991,12.567803386928484
272,12.566370614358991,12.567803386928484
253,12.566370614358991,12.563027478364194
273,12.566370614358991,12.565415432646338
274,12.566370614358991,12.567803386928484
277,12.566370614358991,12.567803386928484
273,12.566370614358991,12.567803386928484
276,12.566370614358991,12.567803386928484
273,12.566370614358991,12.567803386928484
274,12.566370614358991,12.567803386928484
273,12.566370614358991,12.565415432646338
274,12.566370614358991,12.563027478364193
273,12.566370614358991,12.563027478364193
271,12.566370614358991,12.563027478364193
270,12.566370614358991,12.558251569799904
270,12.566370614358991,12.55586361551776
273,12.566370614358991,12.55586361551776
276,12.566370614358991,12.54631179838918
273,12.566370614358991,12.543923844107034
271,12.566370614358991,12.543923844107034
285,12.566370614358991,12.54631179838918
271,12.566370614358991,12.548699752671325
275,12.566370614358991,12.548699752671325
279,12.566370614358991,12.553475661235616
272,12.566370614358991,12.56063952408205
268,12.566370614358991,12.567803386928487
254,12.566370614358991,12.567803386928487
258,12.566370614358991,12.567803386928487
267,12.566370614358991,12.570191341210633
272,12.566370614358991,12.570191341210633
271,12.566370614358991,12.570191341210633
272,12.566370614358991,12.570191341210633
268,12.566370614358991,12.570191341210633
273,12.566370614358991,12.570191341210633
272,12.566370614358991,12.570191341210633
270,12.566370614358991,12.570191341210633
271,12.566370614358991,12.570191341210633
273,12.566370614358991,12.570191341210633
269,12.566370614358991,12.570191341210633
270,12.566370614358991,12.570191341210633
271,12.566370614358991,12.570191341210633
270,12.566370614358991,12.570191341210633
273,12.566370614358991,12.570191341210633
273,12.588810561884632,12.572579295492778
270,12.611250509410272,12.574967249774923
271,12.633690456935913,12.579743158339213
268,12.656130404461553,12.584519066903502
272,12.678570351987194,12.586907021185645
275,12.701010299512834,12.60362270116066
269,12.723450247038475,12.617950426853529
272,12.745890194564115,12.637054061110689
268,12.768330142089756,12.663321558214282
272,12.790770089615396,12.684813146753585
273,12.813210037141037,12.711080643857178
277,12.835649984666677,12.734960186678627
271,12.858089932192318,12.751675866653642
258,12.880529879717958,12.792271089450104
263,12.902969827243599,12.818538586553696
265,12.92540977476924,12.842418129375146
262,12.94784972229488,12.871073580760884
263,12.97028966982052,12.892565169300187
266,12.99272961734616,12.909280849275202
267,13.015169564871801,12.935548346378795
234,13.037609512397442,12.940324254943084
232,13.060049459923082,12.959427889200244
231,13.082489407448723,12.973755614893113
241,13.104929354974363,12.995247203432417
228,13.127369302500004,13.009574929125286
233,13.149809250025644,13.023902654818155
236,13.172249197551285,13.038230380511024
244,13.194689145076925,13.064497877614617
238,13.217129092602566,13.071661740461051
240,13.239569040128206,13.112256963257515
243,13.262008987653847,13.150464231771833
248,13.284448935179487,13.181507637439717
240,13.306888882705127,13.210163088825455
241,13.329328830230768,13.241206494493339
231,13.351768777756408,13.284189671571946
233,13.374208725282049,13.303293305829106
232,13.39664867280769,13.339112620061279
233,13.41908862033333,13.377319888575595
230,13.44152856785897,13.401199431397044
225,13.463968515384611,13.425078974218493
231,13.486408462910251,13.446570562757797
218,13.508848410435892,13.475226014143535
217,13.531288357961532,13.494329648400695
212,13.553728305487173,13.508657374093564
220,13.576168253012813,13.534924871197157
217,13.598608200538454,13.554028505454315
227,13.621048148064094,13.57552009399362
224,13.643488095589735,13.592235773968634
212,13.665928043115375,13.611339408225794
213,13.688367990641016,13.628055088200808
217,13.710807938166656,13.649546676740112
214,13.733247885692297,13.663874402432981
214,13.755687833217937,13.699693716665154
212,13.778127780743578,13.723573259486603
210,13.800567728269218,13.747452802308052
199,13.823007675794859,13.773720299411645
200,13.8454476233205,13.807151659361672
197,13.86788757084614,13.833419156465265
198,13.89032751837178,13.859686653568858
197,13.91276746589742,13.866850516415292
199,13.935207413423061,13.91460960205819
199,13.957647360948702,13.936101190597494
183,13.980087308474342,13.962368687701087
184,14.002527255999983,13.99818800193326
184,14.024967203525623,14.022067544754709
185,14.047407151051264,14.043559133294012
184,14.069847098576904,14.065050721833316
179,14.092287046102545,14.076990493244042
183,14.114726993628185,14.10564594462978
171,14.137166941153826,14.122361624604794
171,14.159606888679466,14.139077304579809
169,14.182046836205107,14.165344801683402
172,14.204486783730747,14.184448435940562
174,14.226926731256388,14.205940024479865
174,14.249366678782028,14.229819567301314
172,14.271806626307669,14.253699110122763
167,14.294246573833309,14.277578652944213
162,14.31668652135895,14.296682287201373
167,14.33912646888459,14.315785921458533
164,14.36156641641023,14.342053418562125
163,14.384006363935871,14.365932961383574
162,14.406446311461512,14.385036595640734
162,14.428886258987152,14.406528184180038
130,14.451326206512793,14.439959544130065
139,14.473766154038433,14.45189931554079
145,14.496206101564074,14.47577885836224
151,14.518646049089714,14.499658401183689
151,14.541085996615355,14.521149989722993
149,14.563525944140995,14.542641578262296
156,14.585965891666635,14.56890907536589
146,14.608405839192276,14.592788618187338
143,14.630845786717916,14.621444069573077
147,14.653285734243557,14.64293565811238
145,14.675725681769197,14.664427246651684
152,14.698165629294838,14.693082698037422
148,14.720605576820478,14.714574286576726
148,14.743045524346119,14.733677920833886
124,14.76548547187176,14.757557463655335
134,14.7879254193974,14.771885189348204
116,14.81036536692304,14.798152686451797
127,14.832805314448681,14.814868366426811
132,14.855245261974321,14.831584046401826
125,14.877685209499962,14.855463589223275
124,14.900125157025602,14.874567223480435
134,14.922565104551243,14.893670857737595
138,14.945005052076883,14.922326309123333
142,14.967444999602524,14.929490171969768
139,14.989884947128164,14.96530948620194
140,15.012324894653805,14.986801074741244
138,15.034764842179445,15.015456526126982
136,15.057204789705086,15.039336068948431
136,15.079644737230726,15.058439703205591
111,15.102084684756367,15.079931291744895
111,15.124524632282007,15.099034926002053
112,15.146964579807648,15.127690377387792
113,15.169404527333288,15.15156992020924
115,15.191844474858929,15.177837417312833
105,15.21428442238457,15.199329005852137
119,15.23672436991021,15.223208548673586
103,15.25916431743585,15.247088091495035
98,15.28160426496149,15.275743542880774
100,15.304044212487131,15.290071268573643
102,15.326484160012772,15.323502628523672
103,15.348924107538412,15.354546034191555
103,15.371364055064053,15.378425577013004
103,15.393804002589693,15.399917165552308
92,15.416243950115334,15.423796708373757
93,15.438683897640974,15.454840114041641
95,15.461123845166615,15.47871965686309
97,15.483563792692255,15.490659428273814
93,15.506003740217896,15.519314879659552
90,15.528443687743536,15.545582376763145
93,15.550883635269177,15.567073965302448
80,15.573323582794817,15.588565553841752
80,15.595763530320458,15.61722100522749
81,15.618203477846098,15.638712593766794
80,15.640643425371739,15.660204182306098
82,15.663083372897379,15.669755999434676
81,15.68552332042302,15.707963267948994
84,15.70796326794866,15.729454856488298
74,15.7304032154743,15.750946445027601
69,15.752843162999941,15.777213942131194
73,15.775283110525582,15.796317576388354
72,15.797723058051222,15.815421210645514
73,15.820163005576863,15.836912799184818
68,15.842602953102503,15.848852570595541
72,15.865042900628143,15.882283930545569
65,15.887482848153784,15.903775519084872
66,15.909922795679424,15.930043016188465
64,15.932362743205065,15.951534604727769
62,15.954802690730705,15.970638238984929
65,15.977242638256346,15.989741873242089
66,15.999682585781986,16.01362141606354
63,16.022122533307627,16.023173233192118
53,16.044562480833267,16.05421663886
55,16.067002428358908,16.078096181681452
52,16.08944237588455,16.101975724502903
55,16.11188232341019,16.12346731304221
55,16.13432227093583,16.14257094729937
52,16.15676221846147,16.16883844440296
54,16.17920216598711,16.18316617009583
50,16.20164211351275,16.209433667199423
51,16.22408206103839,16.235701164303016
50,16.246522008564032,16.25241684427803
49,16.268961956089672,16.276296387099478
49,16.291401903615313,16.293012067074493
51,16.313841851140953,16.32166751846023
51,16.336281798666594,16.343159106999533
42,16.358721746192234,16.355098878410256
39,16.381161693717875,16.393306146924576
39,16.403601641243515,16.41479773546388
39,16.426041588769156,16.438677278285326
39,16.448481536294796,16.460168866824628
38,16.470921483820437,16.488824318210366
38,16.493361431346077,16.510315906749668
31,16.515801378871718,16.531807495288973
31,16.538241326397358,16.54135931241755
31,16.560681273923,16.58434248949616
29,16.58312122144864,16.605834078035464
33,16.60556116897428,16.624937712292624
32,16.62800111649992,16.651205209396217
33,16.65044106402556,16.670308843653377
26,16.6728810115512,16.689412477910537
34,16.69532095907684,16.708516112167697
23,16.717760906602482,16.732395654989144
29,16.740200854128123,16.751499289246304
26,16.762640801653763,16.770602923503464
21,16.785080749179404,16.79209451204277
23,16.807520696705044,16.820749963428508
21,16.829960644230685,16.839853597685668
20,16.852400591756325,16.861345186224973
24,16.874840539281966,16.875672911917842
23,16.897280486807606,16.906716317585726
23,16.919720434333247,16.92343199756074
24,16.942160381858887,16.93775972325361
24,16.964600329384528,16.954475403228624
6,16.987040276910168,16.975966991767926
11,17.00948022443581,16.98790676317865
10,17.03192017196145,17.004622443153664
15,17.05436011948709,17.016562214564388
14,17.07680006701273,17.049993574514417
14,17.09924001453837,17.06670925448943
12,17.12167996206401,17.08581288874659
4,17.14411990958965,17.11446834013233
3,17.166559857115292,17.13357197438949
2,17.188999804640932,17.155063562928795
2,17.211439752166573,17.178943105750243
6,17.233879699692213,17.195658785725257
5,17.256319647217854,17.24102991708601
0,17.278759594743494,17.269685368471748
350,17.301199542269135,17.293564911293196
354,17.323639489794775,17.326996271243225
355,17.346079437320416,17.34609990550038
353,17.368519384846056,17.372367402603974
352,17.390959332371697,17.403410808271857
351,17.413399279897337,17.41535057968258
356,17.435839227422978,17.451169893914756
342,17.45827917494862,17.475049436736203
342,17.48071912247426,17.506092842404087
341,17.5031590699999,17.527584430943392
335,17.52559901752554,17.54191215663626
340,17.54803896505118,17.570567608022
342,17.57047891257682,17.587283287997014
342,17.59291886010246,17.592059196561305
332,17.615358807628102,17.630266465075625
334,17.637798755153742,17.65175805361493
337,17.660238702679383,17.67086168787209
335,17.682678650205023,17.687577367847105
340,17.705118597730664,17.70906895638641
337,17.727558545256304,17.72817259064357
337,17.749998492781945,17.74250031633644
329,17.772438440307585,17.74727622490073
332,17.794878387833226,17.78070758485076
325,17.817318335358866,17.804587127672207
327,17.839758282884507,17.82607871621151
327,17.862198230410147,17.849958259032956
327,17.884638177935788,17.87144984757226
318,17.907078125461428,17.89055348182942
314,17.92951807298707,17.90488120752229
319,17.95195802051271,17.93831256747232
318,17.97439796803835,17.95980415601162
323,17.99683791556399,17.98368369883307
322,18.01927786308963,18.00995119593666
326,18.04171781061527,18.029054830193818
323,18.06415775814091,18.048158464450974
311,18.086597705666552,18.069650052990276
315,18.109037653192193,18.079201870118855
306,18.131477600717833,18.112633230068884
313,18.153917548243474,18.138900727172476
314,18.176357495769114,18.162780269993924
312,18.198797443294755,18.18427185853323
308,18.221237390820395,18.208151401354677
315,18.243677338346036,18.241582761304706
304,18.266117285871676,18.26307434984401
298,18.288557233397317,18.27262616697259
301,18.310997180922957,18.31083343548691
304,18.333437128448598,18.341876841154793
301,18.355877075974238,18.360980475411953
302,18.37831702349988,18.384860018233404
306,18.40075697102552,18.413515469619142
296,18.42319691855116,18.435007058158448
295,18.4456368660768,18.454110692415608
291,18.46807681360244,18.46127455526204
295,18.49051676112808,18.501869778058502
299,18.51295670865372,18.520973412315662
297,18.535396656179362,18.542465000854968
293,18.557836603705002,18.561568635112128
287,18.580276551230643,18.590224086497866
285,18.602716498756283,18.60693976647288
285,18.625156446281924,18.628431355012182
286,18.647596393807564,18.654698852115775
288,18.670036341333205,18.676190440655077
286,18.692476288858845,18.69768202919438
285,18.714916236384486,18.71917361773368
256,18.737356183910126,18.743053160555128
263,18.759796131435767,18.76454474909443
256,18.782236078961407,18.786036337633732
261,18.804676026487048,18.79558815476231
258,18.82711597401269,18.836183377558772
256,18.84955592153833,18.857674966098074
259,18.84955592153833,18.879166554637376
270,18.84955592153833,18.91020996030526
271,18.84955592153833,18.926925640280274
271,18.84955592153833,18.94364132025529
258,18.84955592153833,18.953193137383867
270,18.84955592153833,18.957969045948158
275,18.84955592153833,18.96990881735888
262,18.84955592153833,18.96990881735888
266,18.84955592153833,18.96990881735888
267,18.84955592153833,18.96990881735888
271,18.84955592153833,18.96990881735888
274,18.84955592153833,18.96990881735888
267,18.84955592153833,18.96990881735888
264,18.84955592153833,18.96990881735888
266,18.84955592153833,18.96990881735888
266,18.84955592153833,18.96990881735888
267,18.84955592153833,18.96990881735888
266,18.84955592153833,18.96990881735888
268,18.84955592153833,18.96990881735888
277,18.84955592153833,18.96513290879459
263,18.84955592153833,18.962744954512445
275,18.84955592153833,18.962744954512445
258,18.84955592153833,18.9603570002303
269,18.84955592153833,18.957969045948154
260,18.84955592153833,18.957969045948154
260,18.84955592153833,18.953193137383863
257,18.84955592153833,18.953193137383863
261,18.84955592153833,18.953193137383863
251,18.84955592153833,18.950805183101718
257,18.84955592153833,18.950805183101718
266,18.84955592153833,18.946029274537427
273,18.84955592153833,18.946029274537427
264,18.84955592153833,18.94364132025528
271,18.84955592153833,18.94364132025528
266,18.84955592153833,18.94364132025528
269,18.84955592153833,18.94364132025528
268,18.84955592153833,18.94364132025528
267,18.84955592153833,18.94364132025528
269,18.84955592153833,18.94364132025528
268,18.84955592153833,18.94364132025528
265,18.84955592153833,18.94364132025528
269,18.84955592153833,18.94364132025528
266,18.84955592153833,18.94364132025528
269,18.84955592153833,18.94364132025528
269,18.84955592153833,18.94364132025528
269,18.84955592153833,18.94364132025528
267,18.84955592153833,18.941253365973136
266,18.84955592153833,18.941253365973136
266,18.84955592153833,18.93886541169099
256,18.84955592153833,18.936477457408845
273,18.84955592153833,18.9340895031267
265,18.84955592153833,18.926925640280263
276,18.84955592153833,18.919761777433827
268,18.84955592153833,18.907822006023103
275,18.84955592153833,18.898270188894525
276,18.84955592153833,18.8863304174838
275,18.84955592153833,18.874390646073078
275,18.84955592153833,18.867226783226645
275,18.84955592153833,18.857674966098067
284,18.84955592153833,18.85528701181592
284,18.84955592153833,18.852899057533776
279,18.84955592153833,18.843347240405198
288,18.84955592153833,18.843347240405198
275,18.84955592153833,18.843347240405198
271,18.84955592153833,18.843347240405198
271,18.84955592153833,18.843347240405198
269,18.84955592153833,18.845735194687343
264,18.84955592153833,18.84812314896949
272,18.84955592153833,18.850511103251634
270,18.84955592153833,18.860062920380212
270,18.84955592153833,18.864838828944503
270,18.84955592153833,18.869614737508794
271,18.84955592153833,18.876778600355227
271,18.84955592153833,18.88394246320166
274,18.84955592153833,18.88871837176595
270,18.84955592153833,18.88871837176595
270,18.84955592153833,18.886330417483805
256,18.84955592153833,18.881554508919514
248,18.84955592153833,18.87916655463737
249,18.84955592153833,18.876778600355223
250,18.84955592153833,18.872002691790932
250,18.84955592153833,18.8648388289445
258,18.84955592153833,18.862450874662354
262,18.84955592153833,18.857674966098063
252,18.84955592153833,18.852899057533772
268,18.84955592153833,18.850511103251627
268,18.84955592153833,18.850511103251627
274,18.84955592153833,18.850511103251627
266,18.84955592153833,18.850511103251627
267,18.84955592153833,18.850511103251627
266,18.84955592153833,18.850511103251627
269,18.84955592153833,18.850511103251627
272,18.84955592153833,18.850511103251627
270,18.84955592153833,18.850511103251627
269,18.84955592153833,18.850511103251627
272,18.84955592153833,18.850511103251627
270,18.84955592153833,18.850511103251627
272,18.84955592153833,18.850511103251627
271,18.84955592153833,18.850511103251627
270,18.84955592153833,18.850511103251627
272,18.84955592153833,18.850511103251627
272,18.84955592153833,18.850511103251627
272,18.84955592153833,18.84812314896948
277,18.84955592153833,18.84812314896948
274,18.84955592153833,18.84095928612305
289,18.84955592153833,18.836183377558758
272,18.84955592153833,18.833795423276612
281,18.84955592153833,18.831407468994467
267,18.84955592153833,18.826631560430176
270,18.84955592153833,18.82424360614803
272,18.84955592153833,18.826631560430176
264,18.84955592153833,18.826631560430176
265,18.84955592153833,18.82424360614803
266,18.84955592153833,18.82424360614803
250,18.84955592153833,18.82424360614803
264,18.84955592153833,18.821855651865885
266,18.84955592153833,18.81946769758374
279,18.84955592153833,18.81946769758374
276,18.84955592153833,18.821855651865885
277,18.84955592153833,18.821855651865885
274,18.84955592153833,18.826631560430176
276,18.84955592153833,18.826631560430176
276,18.84955592153833,18.82424360614803
276,18.84955592153833,18.82424360614803
276,18.84955592153833,18.81946769758374
277,18.84955592153833,18.817079743301594
291,18.84955592153833,18.817079743301594
276,18.84955592153833,18.817079743301594
273,18.84955592153833,18.821855651865885
268,18.84955592153833,18.826631560430176
274,18.84955592153833,18.831407468994467
272,18.84955592153833,18.833795423276612
268,18.84955592153833,18.84095928612305
267,18.84955592153833,18.84573519468734
255,18.84955592153833,18.843347240405194
273,18.84955592153833,18.843347240405194
273,18.84955592153833,18.843347240405194
280,18.84955592153833,18.843347240405194
279,18.84955592153833,18.843347240405194
274,18.84955592153833,18.843347240405194
271,18.84955592153833,18.843347240405194
274,18.84955592153833,18.843347240405194
269,18.84955592153833,18.843347240405194
272,18.84955592153833,18.843347240405194
269,18.84955592153833,18.843347240405194
270,18.84955592153833,18.843347240405194
268,18.84955592153833,18.84095928612305
271,18.84955592153833,18.84095928612305
268,18.84955592153833,18.843347240405194
261,18.84955592153833,18.843347240405194
267,18.84955592153833,18.848123148969485
263,18.84955592153833,18.85051110325163
264,18.84955592153833,18.85528701181592
266,18.84955592153833,18.860062920380212
267,18.84955592153833,18.864838828944503
273,18.84955592153833,18.864838828944503
269,18.84955592153833,18.872002691790936
271,18.84955592153833,18.872002691790936
280,18.84955592153833,18.86961473750879
293,18.84955592153833,18.86961473750879
277,18.84955592153833,18.8648388289445
280,18.84955592153833,18.862450874662354
271,18.84955592153833,18.86006292038021
248,18.84955592153833,18.857674966098063
254,18.84955592153833,18.857674966098063
245,18.84955592153833,18.86006292038021
244,18.84955592153833,18.8648388289445
242,18.84955592153833,18.872002691790932
247,18.84955592153833,18.874390646073078
243,18.84955592153833,18.874390646073078
255,18.84955592153833,18.874390646073078
268,18.84955592153833,18.874390646073078
270,18.84955592153833,18.872002691790932
269,18.84955592153833,18.86722678322664
268,18.84955592153833,18.864838828944496
287,18.84955592153833,18.860062920380205
280,18.84955592153833,18.85767496609806
275,18.84955592153833,18.855287011815914
265,18.84955592153833,18.855287011815914
266,18.84955592153833,18.855287011815914
265,18.84955592153833,18.855287011815914
270,18.84955592153833,18.855287011815914
265,18.84955592153833,18.855287011815914
266,18.84955592153833,18.855287011815914
267,18.84955592153833,18.855287011815914
266,18.84955592153833,18.855287011815914
265,18.84955592153833,18.855287011815914
268,18.84955592153833,18.855287011815914
269,18.84955592153833,18.855287011815914
270,18.84955592153833,18.85289905753377
272,18.84955592153833,18.855287011815914
266,18.84955592153833,18.85289905753377
281,18.84955592153833,18.85289905753377
270,18.84955592153833,18.848123148969478
283,18.84955592153833,18.850511103251623
271,18.84955592153833,18.848123148969478
276,18.84955592153833,18.845735194687332
269,18.84955592153833,18.843347240405187
272,18.84955592153833,18.84095928612304
267,18.84955592153833,18.84095928612304
270,18.84955592153833,18.838571331840896
268,18.84955592153833,18.838571331840896
266,18.84955592153833,18.838571331840896
259,18.84955592153833,18.84095928612304
254,18.84955592153833,18.838571331840896
267,18.84955592153833,18.83618337755875
276,18.84955592153833,18.84095928612304
264,18.84955592153833,18.843347240405187
274,18.84955592153833,18.84095928612304
275,18.84955592153833,18.838571331840896
278,18.84955592153833,18.84095928612304
290,18.84955592153833,18.838571331840896
273,18.84955592153833,18.83618337755875
278,18.84955592153833,18.838571331840896
273,18.84955592153833,18.84095928612304
273,18.84955592153833,18.84095928612304
275,18.84955592153833,18.843347240405187
271,18.84955592153833,18.843347240405187
270,18.84955592153833,18.84095928612304
276,18.84955592153833,18.838571331840896
251,18.84955592153833,18.838571331840896
274,18.84955592153833,18.838571331840896
271,18.84955592153833,18.838571331840896
277,18.84955592153833,18.838571331840896
276,18.84955592153833,18.838571331840896
277,18.84955592153833,18.838571331840896
274,18.84955592153833,18.838571331840896
276,18.84955592153833,18.838571331840896
273,18.84955592153833,18.838571331840896
271,18.84955592153833,18.838571331840896
275,18.84955592153833,18.838571331840896
274,18.84955592153833,18.838571331840896
275,18.84955592153833,18.838571331840896
271,18.84955592153833,18.838571331840896
272,18.84955592153833,18.838571331840896
271,18.84955592153833,18.838571331840896
273,18.84955592153833,18.838571331840896
271,18.84955592153833,18.84095928612304
272,18.84955592153833,18.84095928612304
272,18.84955592153833,18.84095928612304
272,18.84955592153833,18.84095928612304
271,18.84955592153833,18.84095928612304
273,18.84955592153833,18.83618337755875
290,18.84955592153833,18.83618337755875
284,18.84955592153833,18.838571331840896
274,18.84955592153833,18.84095928612304
277,18.84955592153833,18.843347240405187
271,18.84955592153833,18.845735194687332
255,18.84955592153833,18.848123148969478
255,18.84955592153833,18.850511103251623
237,18.84955592153833,18.85289905753377
254,18.84955592153833,18.855287011815914
258,18.84955592153833,18.855287011815914
254,18.84955592153833,18.855287011815914
252,18.84955592153833,18.855287011815914
271,18.84955592153833,18.855287011815914
273,18.84955592153833,18.855287011815914
272,18.84955592153833,18.855287011815914
270,18.84955592153833,18.855287011815914
271,18.84955592153833,18.855287011815914
273,18.84955592153833,18.855287011815914
271,18.84955592153833,18.855287011815914
272,18.84955592153833,18.85767496609806
272,18.84955592153833,18.85767496609806
271,18.84955592153833,18.860062920380205
275,18.84955592153833,18.860062920380205
263,18.84955592153833,18.86245087466235
269,18.84955592153833,18.860062920380205
269,18.84955592153833,18.860062920380205
265,18.84955592153833,18.85767496609806
269,18.84955592153833,18.85767496609806
269,18.84955592153833,18.85767496609806
271,18.84955592153833,18.85767496609806
275,18.84955592153833,18.85767496609806
277,18.84955592153833,18.85767496609806
276,18.84955592153833,18.85767496609806
271,18.84955592153833,18.860062920380205
270,18.84955592153833,18.860062920380205
282,18.84955592153833,18.860062920380205
273,18.84955592153833,18.860062920380205
275,18.87199586906397,18.860062920380205
266,18.89443581658961,18.860062920380205
269,18.91687576411525,18.860062920380205
266,18.93931571164089,18.86245087466235
268,18.96175565916653,18.869614737508783
280,18.98419560669217,18.87200269179093
261,19.006635554217812,18.881554508919507
265,19.029075501743453,18.89349428033023
280,19.051515449269093,18.89827018889452
267,19.073955396794734,18.92214973171597
264,19.096395344320374,18.936477457408838
271,19.118835291846015,18.96035700023029
263,19.141275239371655,18.974684725923158
274,19.163715186897296,18.991400405898172
268,19.186155134422936,19.012891994437474
280,19.208595081948577,19.036771537258925
275,19.231035029474217,19.046323354387503
262,19.253474976999858,19.08930653146611
253,19.275914924525498,19.11796198285185
250,19.29835487205114,19.15855720564831
251,19.32079481957678,19.189600611316195
253,19.34323476710242,19.220644016984078
252,19.36567471462806,19.251687422651962
249,19.3881146621537,19.29467059973057
241,19.41055460967934,19.306610371141293
236,19.43299455720498,19.3495935482199
252,19.455434504730622,19.38302490816993
235,19.477874452256263,19.414068313837813
248,19.500314399781903,19.43555990237712
246,19.522754347307544,19.459439445198566
245,19.545194294833184,19.478543079455726
235,19.567634242358825,19.50003466799503
255,19.590074189884465,19.531078073662915
235,19.612514137410106,19.54779375363793
246,19.634954084935746,19.569285342177235
238,19.657394032461387,19.588388976434395
243,19.679833979987027,19.607492610691555
233,19.702273927512667,19.626596244948715
231,19.724713875038308,19.6576396506166
218,19.74715382256395,19.674355330591613
220,19.76959377008959,19.70301078197735
221,19.79203371761523,19.73644214192738
228,19.81447366514087,19.757933730466682
209,19.83691361266651,19.781813273288133
224,19.85935356019215,19.803304861827435
214,19.88179350771779,19.83434826749532
219,19.904233455243432,19.85583985603462
219,19.926673402769072,19.863003718881053
224,19.949113350294713,19.91076280452395
219,19.971553297820353,19.92986643878111
223,19.993993245345994,19.95374598160256
220,20.016433192871634,19.97762552442401
201,20.038873140397275,20.008668930091893
190,20.061313087922915,20.0301605186312
193,20.083753035448556,20.04926415288836
189,20.106192982974196,20.05881597001694
190,20.128632930499837,20.104187101377693
188,20.151072878025477,20.125678689916995
189,20.173512825551118,20.151946187020588
186,20.19595277307676,20.17582572984204
184,20.2183927206024,20.204481181227777
184,20.24083266812804,20.228360724049224
190,20.26327261565368,20.247464358306384
189,20.28571256317932,20.257016175434963
191,20.30815251070496,20.297611398231425
189,20.3305924582306,20.323878895335017
176,20.35303240575624,20.34537048387432
180,20.375472353281882,20.374025935260057
179,20.397912300807523,20.393129569517217
179,20.420352248333163,20.41462115805652
176,20.442792195858804,20.426560929467243
177,20.465232143384444,20.452828426570836
175,20.487672090910085,20.46954410654585
171,20.510112038435725,20.48864774080301
173,20.532551985961366,20.512527283624458
176,20.554991933487006,20.531630917881618
173,20.577431881012647,20.550734552138778
172,20.599871828538287,20.574614094960225
172,20.622311776063928,20.588941820653094
172,20.644751723589568,20.62953704344956
165,20.66719167111521,20.648640677706716
160,20.68963161864085,20.670132266246018
161,20.71207156616649,20.703563626196047
159,20.73451151369213,20.727443169017498
159,20.75695146121777,20.75132271183895
162,20.77939140874341,20.7752022546604
157,20.80183135626905,20.787142026071123
146,20.824271303794692,20.825349294585443
136,20.846711251320333,20.846840883124745
143,20.869151198845973,20.875496334510483
141,20.891591146371614,20.896987923049785
137,20.914031093897254,20.91609155730694
134,20.936471041422895,20.935195191564098
144,20.958910988948535,20.96146268866769
130,20.981350936474175,20.96623859723198
127,21.003790883999816,21.0044458657463
133,21.026230831525456,21.033101317132036
135,21.048670779051097,21.05936881423563
135,21.071110726576737,21.08086040277493
139,21.093550674102378,21.10473994559638
139,21.11599062162802,21.133395396982117
126,21.13843056915366,21.152499031239273
124,21.1608705166793,21.162050848367855
129,21.18331046420494,21.19787016260003
128,21.20575041173058,21.21936175113933
126,21.22819035925622,21.23846538539649
124,21.25063030678186,21.269508791064375
125,21.273070254307502,21.28861242532153
109,21.295510201833142,21.307716059578688
113,21.317950149358783,21.326819693835848
106,21.340390096884423,21.35308719093944
114,21.362830044410064,21.369802870914455
111,21.385269991935704,21.388906505171615
115,21.407709939461345,21.408010139428775
115,21.430149886986985,21.434277636532368
124,21.452589834512626,21.45815717935382
115,21.475029782038266,21.47726081361098
109,21.497469729563907,21.489200585021702
112,21.519909677089547,21.520243990689586
106,21.542349624615188,21.5369596706646
111,21.56478957214083,21.553675350639615
106,21.58722951966647,21.579942847743208
108,21.60966946719211,21.596658527718223
98,21.63210941471775,21.61576216197538
95,21.65454936224339,21.63725375051468
97,21.67698930976903,21.649193521925405
96,21.69942925729467,21.682624881875434
102,21.72186920482031,21.706504424696885
96,21.744309152345952,21.727996013236186
96,21.766749099871593,21.756651464621925
98,21.789189047397233,21.780531007443376
100,21.811628994922874,21.802022595982677
105,21.834068942448514,21.82590213880413
97,21.856508889974155,21.854557590189867
98,21.878948837499795,21.878437133011317
105,21.901388785025436,21.89992872155062
103,21.923828732551076,21.91903235580778
83,21.946268680076717,21.945299852911372
85,21.968708627602357,21.964403487168532
88,21.991148575127998,21.983507121425692
86,22.013588522653638,22.007386664247143
82,22.03602847017928,22.031266207068594
83,22.05846841770492,22.0527577956079
87,22.08090836523056,22.079025292711492
69,22.1033483127562,22.110068698379372
68,22.12578826028184,22.133948241200823
68,22.14822820780748,22.157827784022274
68,22.17066815533312,22.186483235408012
71,22.193108102858762,22.203198915383027
73,22.215548050384403,22.231854366768765
65,22.237987997910043,22.255733909590216
60,22.260427945435683,22.286777315258096
56,22.282867892961324,22.310656858079543
56,22.305307840486964,22.33453640090099
52,22.327747788012605,22.356027989440292
58,22.350187735538245,22.37990753226174
60,22.372627683063886,22.38468344082603
59,22.395067630589526,22.41572684649391
53,22.417507578115167,22.43960638931536
54,22.439947525640807,22.461097977854664
56,22.462387473166448,22.482589566393965
73,22.48482742069209,22.496917292086835
61,22.50726736821773,22.523184789190427
53,22.52970731574337,22.542288423447587
50,22.55214726326901,22.551840240576166
46,22.57458721079465,22.594823417654773
45,22.59702715832029,22.613927051911933
41,22.61946710584593,22.630642731886947
41,22.641907053371572,22.647358411861962
33,22.664347000897212,22.668850000401267
32,22.686786948422853,22.683177726094137
49,22.709226895948493,22.69034158894057
31,22.731666843474134,22.697505451787002
31,22.754106790999774,22.728548857454886
36,22.776546738525415,22.75004044599419
39,22.798986686051055,22.76914408025135
37,22.821426633576696,22.790635668790653
43,22.843866581102336,22.81929112017639
42,22.866306528627977,22.843170662997842
34,22.888746476153617,22.867050205819293
31,22.911186423679258,22.874214068665726
32,22.933626371204898,22.92436110859077
30,22.95606631873054,22.950628605694362
32,22.97850626625618,22.976896102797955
29,23.00094621378182,23.00793950846584
29,23.02338616130746,23.03420700556943
20,23.0458261088331,23.055698594108733
19,23.06826605635874,23.079578136930184
21,23.09070600388438,23.105845634033777
20,23.113145951410022,23.124949268290937
20,23.135585898935663,23.144052902548097
22,23.158025846461303,23.163156536805257
23,23.180465793986944,23.187036079626708
13,23.202905741512584,23.206139713883868
16,23.225345689038225,23.225243348141028
15,23.247785636563865,23.23718311955175
16,23.270225584089506,23.268226525219635
14,23.292665531615146,23.287330159476795
12,23.315105479140787,23.306433793733955
11,23.337545426666427,23.330313336555406
1,23.359985374192068,23.349416970812566
1,23.382425321717708,23.368520605069726
2,23.40486526924335,23.392400147891177
2,23.42730521676899,23.397176056455468
1,23.44974516429463,23.425831507841206
1,23.47218511182027,23.449711050662653
1,23.49462505934591,23.468814684919813
357,23.51706500687155,23.487918319176973
357,23.53950495439719,23.507021953434133
359,23.561944901922832,23.53567740481987
357,23.584384849448472,23.55478103907703
358,23.606824796974113,23.5691087647699
0,23.629264744499753,23.60254012471993
357,23.651704692025394,23.6383594389521
346,23.674144639551034,23.66223898177355
352,23.696584587076675,23.688506478877144
349,23.719024534602315,23.714773975980737
347,23.741464482127956,23.750593290212908
347,23.763904429653596,23.77447283303436
349,23.786344377179237,23.781636695880792
348,23.808784324704877,23.831783735805836
340,23.831224272230518,23.850887370062996
336,23.85366421975616,23.872378958602297
340,23.8761041672818,23.8938705471416
342,23.89854411480744,23.922525998527338
341,23.92098406233308,23.941629632784498
341,23.94342400985872,23.960733267041658
342,23.96586395738436,23.96550917560595
334,23.98830390491,24.00371644412027
334,24.010743852435642,24.02520803265957
338,24.033183799961282,24.04431166691673
337,24.055623747486923,24.070579164020323
335,24.078063695012563,24.089682798277483
335,24.100503642538204,24.108786432534643
334,24.122943590063844,24.123114158227512
328,24.145383537589485,24.15654551817754
327,24.167823485115125,24.1756491524347
326,24.190263432640766,24.197140740974003
329,24.212703380166406,24.223408238077596
327,24.235143327692047,24.2448998266169
329,24.257583275217687,24.26400346087406
327,24.280023222743328,24.285495049413367
312,24.302463170268968,24.299822775106236
319,24.32490311779461,24.33086618077412
317,24.34734306532025,24.354745723595567
323,24.36978301284589,24.383401174981305
319,24.39222296037153,24.402504809238465
320,24.41466290789717,24.423996397777767
319,24.43710285542281,24.44071207775278
319,24.45954280294845,24.45981571200994
306,24.481982750474092,24.464591620574232
315,24.504422697999733,24.488471163395683
309,24.526862645525373,24.502798889088552
317,24.549302593051014,24.51712661478142
314,24.571742540576654,24.53145434047429
314,24.594182488102295,24.55055797473145
314,24.616622435627935,24.57921342611719
306,24.639062383153576,24.603092968938636
304,24.661502330679216,24.612644786067218
306,24.683942278204857,24.655627963145825
302,24.706382225730497,24.689059323095854
301,24.728822173256138,24.717714774481593
303,24.751262120781778,24.743982271585185
301,24.77370206830742,24.767861814406633
292,24.79614201583306,24.803681128638804
294,24.8185819633587,24.82756067146025
295,24.84102191088434,24.837112488588833
291,24.86346185840998,24.882483619949586
291,24.88590180593562,24.90875111705318
294,24.90834175346126,24.93024270559248
297,24.930781700986902,24.951734294131782
284,24.953221648512542,24.98038974551752
285,24.975661596038183,24.999493379774677
281,24.998101543563823,25.013821105467546
282,25.020541491089464,25.042476556853284
284,25.042981438615104,25.06158019111044
287,25.065421386140745,25.080683825367597
285,25.087861333666385,25.099787459624753
285,25.110301281192026,25.126054956728346
278,25.132741228717666,25.145158590985503
281,25.132741228717666,25.166650179524805
277,25.132741228717666,25.180977905217674
278,25.132741228717666,25.212021310885557
277,25.132741228717666,25.228736990860572
277,25.132741228717666,25.240676762271296
259,25.132741228717666,25.24784062511773
266,25.132741228717666,25.252616533682016
263,25.132741228717666,25.25978039652845
268,25.132741228717666,25.25978039652845
268,25.132741228717666,25.25978039652845
269,25.132741228717666,25.25978039652845
269,25.132741228717666,25.25978039652845
270,25.132741228717666,25.25978039652845
269,25.132741228717666,25.25978039652845
270,25.132741228717666,25.25978039652845
269,25.132741228717666,25.25978039652845
269,25.132741228717666,25.25978039652845
269,25.132741228717666,25.25978039652845
269,25.132741228717666,25.262168350810594
248,25.132741228717666,25.262168350810594
242,25.132741228717666,25.266944259374885
249,25.132741228717666,25.271720167939176
245,25.132741228717666,25.271720167939176
258,25.132741228717666,25.27410812222132
249,25.132741228717666,25.276496076503467
250,25.132741228717666,25.27410812222132
267,25.132741228717666,25.26933221365703
272,25.132741228717666,25.26455630509274
269,25.132741228717666,25.257392442246303
275,25.132741228717666,25.24784062511772
274,25.132741228717666,25.24306471655343
283,25.132741228717666,25.235900853706998
271,25.132741228717666,25.22634903657842
278,25.132741228717666,25.219185173731987
266,25.132741228717666,25.21679721944984
267,25.132741228717666,25.214409265167696
267,25.132741228717666,25.21202131088555
268,25.132741228717666,25.21202131088555
267,25.132741228717666,25.21202131088555
265,25.132741228717666,25.21202131088555
269,25.132741228717666,25.21202131088555
268,25.132741228717666,25.209633356603405
270,25.132741228717666,25.20724540232126
259,25.132741228717666,25.20724540232126
260,25.132741228717666,25.204857448039114
265,25.132741228717666,25.204857448039114
263,25.132741228717666,25.195305630910532
272,25.132741228717666,25.19052972234624
271,25.132741228717666,25.185753813781954
271,25.132741228717666,25.176201996653372
274,25.132741228717666,25.16903813380694
292,25.132741228717666,25.16426222524265
280,25.132741228717666,25.159486316678358
273,25.132741228717666,25.157098362396212
266,25.132741228717666,25.157098362396212
270,25.132741228717666,25.157098362396212
275,25.132741228717666,25.157098362396212
273,25.132741228717666,25.157098362396212
270,25.132741228717666,25.157098362396212
277,25.132741228717666,25.157098362396212
270,25.132741228717666,25.157098362396212
270,25.132741228717666,25.157098362396212
272,25.132741228717666,25.157098362396212
274,25.132741228717666,25.157098362396212
270,25.132741228717666,25.154710408114067
271,25.132741228717666,25.15232245383192
268,25.132741228717666,25.14754654526763
281,25.132741228717666,25.142770636703343
275,25.132741228717666,25.137994728139056
270,25.132741228717666,25.13560677385691
267,25.132741228717666,25.13083086529262
271,25.132741228717666,25.128442911010474
271,25.132741228717666,25.128442911010474
270,25.132741228717666,25.12605495672833
267,25.132741228717666,25.12605495672833
279,25.132741228717666,25.12605495672833
278,25.132741228717666,25.12605495672833
276,25.132741228717666,25.12605495672833
275,25.132741228717666,25.12605495672833
255,25.132741228717666,25.123667002446183
274,25.132741228717666,25.123667002446183
278,25.132741228717666,25.12605495672833
277,25.132741228717666,25.12605495672833
277,25.132741228717666,25.12605495672833
278,25.132741228717666,25.123667002446183
278,25.132741228717666,25.123667002446183
281,25.132741228717666,25.12605495672833
292,25.132741228717666,25.12605495672833
278,25.132741228717666,25.12605495672833
277,25.132741228717666,25.12605495672833
276,25.132741228717666,25.128442911010474
278,25.132741228717666,25.128442911010474
278,25.132741228717666,25.128442911010474
278,25.132741228717666,25.128442911010474
276,25.132741228717666,25.128442911010474
264,25.132741228717666,25.12605495672833
273,25.132741228717666,25.128442911010474
280,25.132741228717666,25.128442911010474
283,25.132741228717666,25.128442911010474
282,25.132741228717666,25.128442911010474
283,25.132741228717666,25.128442911010474
281,25.132741228717666,25.128442911010474
282,25.132741228717666,25.128442911010474
258,25.132741228717666,25.128442911010474
260,25.132741228717666,25.128442911010474
239,25.132741228717666,25.128442911010474
260,25.132741228717666,25.128442911010474
249,25.132741228717666,25.13083086529262
252,25.132741228717666,25.128442911010474
247,25.132741228717666,25.133218819574765
254,25.132741228717666,25.137994728139056
274,25.132741228717666,25.1403826824212
278,25.132741228717666,25.145158590985492
280,25.132741228717666,25.145158590985492
285,25.132741228717666,25.145158590985492
282,25.132741228717666,25.145158590985492
281,25.132741228717666,25.145158590985492
303,25.132741228717666,25.145158590985492
276,25.132741228717666,25.142770636703347
276,25.132741228717666,25.142770636703347
270,25.132741228717666,25.1403826824212
268,25.132741228717666,25.142770636703347
265,25.132741228717666,25.145158590985492
266,25.132741228717666,25.147546545267637
264,25.132741228717666,25.149934499549783
269,25.132741228717666,25.149934499549783
257,25.132741228717666,25.15232245383193
267,25.132741228717666,25.149934499549783
266,25.132741228717666,25.149934499549783
269,25.132741228717666,25.149934499549783
272,25.132741228717666,25.147546545267637
271,25.132741228717666,25.145158590985492
291,25.132741228717666,25.1403826824212
265,25.132741228717666,25.1403826824212
287,25.132741228717666,25.137994728139056
274,25.132741228717666,25.13560677385691
268,25.132741228717666,25.13560677385691
269,25.132741228717666,25.13560677385691
268,25.132741228717666,25.13560677385691
266,25.132741228717666,25.13560677385691
268,25.132741228717666,25.13560677385691
266,25.132741228717666,25.13560677385691
270,25.132741228717666,25.13560677385691
268,25.132741228717666,25.13560677385691
270,25.132741228717666,25.13560677385691
269,25.132741228717666,25.13560677385691
269,25.132741228717666,25.13560677385691
270,25.132741228717666,25.133218819574765
268,25.132741228717666,25.13560677385691
268,25.132741228717666,25.13560677385691
267,25.132741228717666,25.13560677385691
278,25.132741228717666,25.13560677385691
268,25.132741228717666,25.13560677385691
266,25.132741228717666,25.137994728139056
273,25.132741228717666,25.137994728139056
274,25.132741228717666,25.137994728139056
265,25.132741228717666,25.137994728139056
273,25.132741228717666,25.137994728139056
272,25.132741228717666,25.137994728139056
266,25.132741228717666,25.137994728139056
275,25.132741228717666,25.137994728139056
271,25.132741228717666,25.137994728139056
272,25.132741228717666,25.137994728139056
272,25.132741228717666,25.137994728139056
273,25.132741228717666,25.137994728139056
273,25.132741228717666,25.137994728139056
273,25.132741228717666,25.137994728139056
274,25.132741228717666,25.137994728139056
275,25.132741228717666,25.137994728139056
274,25.132741228717666,25.137994728139056
274,25.132741228717666,25.137994728139056
274,25.132741228717666,25.137994728139056
274,25.132741228717666,25.137994728139056
274,25.132741228717666,25.137994728139056
276,25.132741228717666,25.137994728139056
275,25.132741228717666,25.137994728139056
276,25.132741228717666,25.137994728139056
275,25.132741228717666,25.137994728139056
276,25.132741228717666,25.137994728139056
275,25.132741228717666,25.137994728139056
276,25.132741228717666,25.137994728139056
272,25.132741228717666,25.137994728139056
272,25.132741228717666,25.137994728139056
272,25.132741228717666,25.137994728139056
272,25.132741228717666,25.137994728139056
272,25.132741228717666,25.137994728139056
272,25.132741228717666,25.137994728139056
273,25.132741228717666,25.137994728139056
255,25.132741228717666,25.137994728139056
254,25.132741228717666,25.137994728139056
255,25.132741228717666,25.137994728139056
253,25.132741228717666,25.137994728139056
254,25.132741228717666,25.137994728139056
254,25.132741228717666,25.137994728139056
255,25.132741228717666,25.137994728139056
271,25.132741228717666,25.137994728139056
271,25.132741228717666,25.137994728139056
271,25.132741228717666,25.137994728139056
270,25.132741228717666,25.137994728139056
270,25.132741228717666,25.137994728139056
271,25.132741228717666,25.137994728139056
272,25.132741228717666,25.137994728139056
271,25.132741228717666,25.137994728139056
272,25.132741228717666,25.137994728139056
272,25.132741228717666,25.137994728139056
272,25.132741228717666,25.137994728139056
273,25.132741228717666,25.137994728139056
275,25.132741228717666,25.13560677385691
275,25.132741228717666,25.133218819574765
276,25.132741228717666,25.128442911010474
273,25.132741228717666,25.123667002446183
285,25.132741228717666,25.11650313959975
280,25.132741228717666,25.109339276753317
277,25.132741228717666,25.109339276753317
283,25.132741228717666,25.10456336818903
279,25.132741228717666,25.10456336818903
279,25.132741228717666,25.10456336818903
285,25.132741228717666,25.106951322471176
277,25.132741228717666,25.10933927675332
275,25.132741228717666,25.111727231035466
269,25.132741228717666,25.114115185317612
270,25.132741228717666,25.116503139599757
268,25.132741228717666,25.118891093881903
248,25.132741228717666,25.116503139599757
270,25.132741228717666,25.114115185317612
280,25.132741228717666,25.116503139599757
273,25.132741228717666,25.116503139599757
274,25.132741228717666,25.116503139599757
277,25.132741228717666,25.114115185317612
284,25.132741228717666,25.10933927675332
289,25.132741228717666,25.106951322471176
280,25.132741228717666,25.10456336818903
285,25.132741228717666,25.106951322471176
278,25.132741228717666,25.106951322471176
274,25.132741228717666,25.106951322471176
276,25.132741228717666,25.116503139599754
271,25.132741228717666,25.1188910938819
277,25.132741228717666,25.121279048164045
275,25.132741228717666,25.126054956728336
252,25.132741228717666,25.130830865292626
267,25.132741228717666,25.135606773856914
278,25.132741228717666,25.135606773856914
268,25.132741228717666,25.13321881957477
274,25.132741228717666,25.13321881957477
275,25.132741228717666,25.13321881957477
277,25.132741228717666,25.13321881957477
276,25.132741228717666,25.13321881957477
278,25.132741228717666,25.13321881957477
277,25.132741228717666,25.13321881957477
280,25.132741228717666,25.130830865292623
281,25.132741228717666,25.13321881957477
278,25.132741228717666,25.13321881957477
278,25.132741228717666,25.13321881957477
280,25.132741228717666,25.13321881957477
278,25.132741228717666,25.13321881957477
278,25.132741228717666,25.130830865292623
278,25.132741228717666,25.130830865292623
276,25.132741228717666,25.126054956728332
276,25.132741228717666,25.126054956728332
273,25.132741228717666,25.126054956728332
274,25.132741228717666,25.126054956728332
275,25.132741228717666,25.126054956728332
274,25.132741228717666,25.126054956728332
268,25.132741228717666,25.126054956728332
275,25.132741228717666,25.126054956728332
274,25.132741228717666,25.126054956728332
275,25.132741228717666,25.126054956728332
274,25.132741228717666,25.126054956728332
275,25.132741228717666,25.126054956728332
274,25.132741228717666,25.126054956728332
276,25.132741228717666,25.126054956728332
276,25.132741228717666,25.126054956728332
276,25.132741228717666,25.126054956728332
254,25.132741228717666,25.126054956728332
254,25.132741228717666,25.126054956728332
253,25.132741228717666,25.126054956728332
253,25.132741228717666,25.126054956728332
253,25.132741228717666,25.133218819574765
245,25.132741228717666,25.140382682421198
244,25.132741228717666,25.145158590985485
262,25.155181176243307,25.152322453831918
273,25.177621123768947,25.15709836239621
275,25.200061071294588,25.16426222524264
278,25.22250101882023,25.16903813380693
277,25.24494096634587,25.180977905217652
275,25.26738091387151,25.190529722346234
301,25.28982086139715,25.204857448039107
270,25.31226080892279,25.219185173731976
284,25.33470075644843,25.238288807989136
271,25.35714070397407,25.252616533682005
271,25.37958065149971,25.26933221365702
265,25.402020599025352,25.276496076503452
266,25.424460546550993,25.295599710760612
280,25.446900494076633,25.30515152788919
262,25.469340441602274,25.31470334501777
270,25.491780389127914,25.3218672078642
264,25.514220336653555,25.340970842121358
271,25.536660284179195,25.355298567814227
267,25.559100231704836,25.374402202071387
261,25.581540179230476,25.3911178820464
266,25.603980126756117,25.43410105912501
249,25.626420074281757,25.462756510510747
252,25.648860021807398,25.496187870460776
249,25.671299969333038,25.539171047539384
250,25.69373991685868,25.572602407489413
247,25.71617986438432,25.608421721721584
248,25.73861981190996,25.641853081671613
248,25.7610597594356,25.663344670210915
243,25.78349970696124,25.713491710135955
240,25.80593965448688,25.744535115803835
243,25.82837960201252,25.768414658625286
242,25.850819549538162,25.80423397285746
245,25.873259497063803,25.825725561396766
251,25.895699444589443,25.849605104218217
243,25.918139392115084,25.87587260132181
231,25.940579339640724,25.89020032701468
230,25.963019287166365,25.928407595529
231,25.985459234692005,25.95228713835045
231,26.007899182217646,25.97377872688975
231,26.030339129743286,26.000046223993344
228,26.052779077268926,26.023925766814795
230,26.075219024794567,26.0454173553541
220,26.097658972320207,26.06929689817555
220,26.120098919845848,26.076460761021984
219,26.14253886737149,26.107504166689864
218,26.16497881489713,26.126607800947024
223,26.18741876242277,26.152875298050617
227,26.20985870994841,26.17436688658992
224,26.23229865747405,26.19585847512922
222,26.25473860499969,26.217350063668523
213,26.27717855252533,26.236453697925683
212,26.299618500050972,26.262721195029275
212,26.322058447576612,26.28421278356858
210,26.344498395102253,26.305704372107883
211,26.366938342627893,26.33435982349362
212,26.389378290153534,26.358239366315072
201,26.411818237679174,26.379730954854374
199,26.434258185204815,26.401222543393676
196,26.456698132730455,26.42271413193298
203,26.479138080256096,26.448981629036574
200,26.501578027781736,26.475249126140167
198,26.524017975307377,26.489576851833036
196,26.546457922833017,26.508680486090196
193,26.568897870358658,26.527784120347356
196,26.5913378178843,26.55405161745095
192,26.61377776540994,26.57315525170811
191,26.63621771293558,26.582707068836687
197,26.65865766046122,26.616138428786716
194,26.68109760798686,26.644793880172454
196,26.7035375555125,26.671061377276047
179,26.72597750303814,26.694940920097498
176,26.74841745056378,26.73076023432967
175,26.770857398089422,26.75702773143326
175,26.793297345615063,26.783295228536854
173,26.815737293140703,26.790459091383287
174,26.838177240666344,26.842994085590473
176,26.860617188191984,26.87164953697621
164,26.883057135717625,26.895529079797658
167,26.905497083243265,26.912244759772673
165,26.927937030768906,26.938512256876265
166,26.950376978294546,26.957615891133425
165,26.972816925820187,26.971943616826294
165,26.995256873345827,26.979107479672727
166,27.017696820871468,27.017314748187047
142,27.040136768397108,27.03880633672635
151,27.06257671592275,27.05313406241922
148,27.08501666344839,27.072237696676375
149,27.10745661097403,27.091341330933535
148,27.12989655849967,27.112832919472837
146,27.15233650602531,27.134324508012142
152,27.17477645355095,27.16297995939788
145,27.19721640107659,27.184471547937182
146,27.219656348602232,27.208351090758633
149,27.242096296127873,27.23223063358008
152,27.264536243653513,27.256110176401528
149,27.286976191179154,27.275213810658688
148,27.309416138704794,27.294317444915848
151,27.331856086230434,27.311033124890862
138,27.354296033756075,27.33491266771231
138,27.376735981281715,27.35640425625161
131,27.399175928807356,27.373119936226626
123,27.421615876332996,27.39938743333022
133,27.444055823858637,27.416103113305233
129,27.466495771384277,27.437594701844535
123,27.488935718909918,27.456698336101695
124,27.51137566643556,27.478189924641
118,27.5338156139612,27.50684537602674
118,27.55625556148684,27.53311287313033
125,27.57869550901248,27.554604461669634
125,27.60113545653812,27.588035821619663
126,27.62357540406376,27.609527410158964
125,27.6460153515894,27.633406952980412
125,27.668455299115042,27.664450358648295
117,27.690895246640682,27.674002175776874
116,27.713335194166323,27.709821490009045
111,27.735775141691963,27.738476941394783
118,27.758215089217604,27.759968529934085
114,27.780655036743244,27.779072164191245
116,27.803094984268885,27.800563752730547
118,27.825534931794525,27.829219204116285
106,27.847974879320166,27.84832283837344
103,27.870414826845806,27.857874655502023
89,27.892854774371447,27.896081924016343
94,27.915294721897087,27.915185558273503
93,27.937734669422728,27.931901238248518
99,27.96017461694837,27.951004872505678
96,27.98261456447401,27.97727236960927
93,28.00505451199965,27.99637600386643
96,28.02749445952529,28.01547963812359
95,28.04993440705093,28.027419409534314
93,28.07237435457657,28.065626678048634
92,28.09481430210221,28.08950622087008
98,28.11725424962785,28.11338576369153
102,28.139694197153492,28.144429169359412
97,28.162134144679133,28.165920757898714
78,28.184574092204773,28.192188255002307
81,28.207014039730414,28.21367984354161
86,28.229453987256054,28.242335294927347
85,28.251893934781695,28.263826883466653
82,28.274333882307335,28.282930517723813
83,28.296773829832976,28.306810060545263
67,28.319213777358616,28.335465511931
72,28.341653724884257,28.352181191906016
70,28.364093672409897,28.371284826163173
63,28.386533619935538,28.390388460420333
69,28.408973567461178,28.416655957523925
79,28.43141351498682,28.435759591781085
77,28.45385346251246,28.454863226038245
67,28.4762934100381,28.48113072314184
69,28.49873335756374,28.50262231168114
69,28.52117330508938,28.521725945938297
73,28.54361325261502,28.540829580195453
71,28.56605320014066,28.559933214452613
69,28.588493147666302,28.586200711556206
71,28.610933095191942,28.610080254377657
59,28.633373042717583,28.63157184291696
45,28.655812990243223,28.660227294302697
53,28.678252937768864,28.679330928559857
53,28.700692885294504,28.69604660853487
56,28.723132832820145,28.71515024279203
53,28.745572780345785,28.7294779684849
49,28.768012727871426,28.760521374152784
64,28.790452675397066,28.782012962692086
63,28.812892622922707,28.80828045979568
72,28.835332570448347,28.82977204833498
67,28.857772517973988,28.851263636874283
70,28.88021246549963,28.87514317969573
74,28.90265241302527,28.90857453964576
80,28.92509236055091,28.91812635677434
43,28.94753230807655,28.953945671006515
48,28.96997225560219,28.975437259545817
41,28.99241220312783,29.00170475664941
39,29.01485215065347,29.018420436624424
42,29.037292098179112,29.03991202516373
45,29.059732045704752,29.061403613703032
40,29.082171993230393,29.080507247960192
30,29.104611940756033,29.085283156524483
32,29.127051888281674,29.116326562192366
30,29.149491835807314,29.12826633360309
28,29.171931783332955,29.144982013578105
28,29.194371730858595,29.166473602117406
34,29.216811678384236,29.195129053503145
33,29.239251625909876,29.219008596324596
28,29.261691573435517,29.24527609342819
30,29.284131520961157,29.261991773403203
33,29.306571468486798,29.30497495048181
28,29.329011416012438,29.328854493303258
33,29.35145136353808,29.35512199040685
30,29.37389131106372,29.386165396074734
28,29.39633125858936,29.407656984614036
15,29.418771206115,29.431536527435487
14,29.44121115364064,29.453028115974792
14,29.46365110116628,29.46735584166766
17,29.48609104869192,29.50078720161769
14,29.508530996217562,29.52466674443914
18,29.530970943743203,29.550934241542734
19,29.553410891268843,29.570037875799894
10,29.575850838794484,29.589141510057054
6,29.598290786320124,29.60585719003207
7,29.620730733845765,29.62496082428923
9,29.643170681371405,29.656004229957112
10,29.665610628897046,29.67510786421427
10,29.688050576422686,29.69659945275357
9,29.710490523948327,29.722866949857163
1,29.732930471473967,29.741970584114323
1,29.755370418999608,29.758686264089338
0,29.777810366525248,29.777789898346498
0,29.80025031405089,29.796893532603658
359,29.82269026157653,29.82316102970725
0,29.84513020910217,29.844652618246556
0,29.86757015662781,29.86136829822157
351,29.89001010415345,29.8947996581716
353,29.91245005167909,29.91390329242876
354,29.93488999920473,29.93539488096806
353,29.957329946730372,29.9640503323538
351,29.979769894256012,29.971214195200233
353,30.002209841781653,30.009421463714553
351,30.024649789307293,30.040464869382436
344,30.047089736832934,30.064344412203887
344,30.069529684358574,30.083448046461044
345,30.091969631884215,30.107327589282495
346,30.114409579409855,30.135983040668233
346,30.136849526935496,30.155086674925393
345,30.159289474461136,30.162250537771826
345,30.181729421986777,30.195681897721855
337,30.204169369512417,30.221949394825447
336,30.226609317038058,30.24344098336475
334,30.2490492645637,30.26254461762191
337,30.27148921208934,30.288812114725502
337,30.29392915961498,30.307915748982662
337,30.31636910714062,30.327019383239822
338,30.33880905466626,30.334183246086255
331,30.3612490021919,30.374778468882717
328,30.38368894971754,30.39149414885773
328,30.406128897243182,30.408209828832746
327,30.428568844768822,30.427313463089902
328,30.451008792294463,30.451193005911353
325,30.473448739820103,30.47029664016851
326,30.495888687345744,30.489400274425666
326,30.518328634871384,30.508503908682822
324,30.540768582397025,30.53238345150427
324,30.563208529922665,30.55387504004357
321,30.585648477448306,30.57297867430073
321,30.608088424973946,30.594470262840034
323,30.630528372499587,30.623125714225772
325,30.652968320025227,30.642229348482932
322,30.675408267550868,30.661332982740092
296,30.697848215076508,30.69476434269012
300,30.72028816260215,30.716255931229423
296,30.74272811012779,30.737747519768725
301,30.76516805765343,30.759239108308027
301,30.78760800517907,30.78550660541162
301,30.81004795270471,30.809386148233067
301,30.83248790023035,30.828489782490227
309,30.85492784775599,30.83565364533666
305,30.877367795281632,30.87386091385098
305,30.899807742807273,30.89535250239028
305,30.922247690332913,30.91923204521173
303,30.944687637858554,30.94549954231532
300,30.967127585384194,30.966991130854623
307,30.989567532909835,30.986094765111783
297,31.012007480435475,31.00997430793323
297,31.034447427961116,31.0243020336261
294,31.056887375486756,31.060121347858274
292,31.079327323012397,31.081612936397576
299,31.101767270538037,31.100716570654736
297,31.124207218063678,31.12698406775833
292,31.146647165589318,31.14608770201549
290,31.16908711311496,31.16757929055479
287,31.1915270606406,31.193846787658384
284,31.21396700816624,31.198622696222674
291,31.23640695569188,31.234442010454845
291,31.25884690321752,31.255933598994147
290,31.28128685074316,31.284589050379886
288,31.3037267982688,31.308468593201336
278,31.326166745794442,31.32996018174064
285,31.348606693320082,31.35145177027994
277,31.371046640845723,31.38010722166568
278,31.393486588371363,31.38965903879426
277,31.415926535897004,31.425478353026435
279,31.415926535897004,31.449357895847886
276,31.415926535897004,31.47562539295148
267,31.415926535897004,31.489953118644348
269,31.415926535897004,31.506668798619362
269,31.415926535897004,31.52099652431223
263,31.415926535897004,31.528160387158664
267,31.415926535897004,31.53054834144081
269,31.415926535897004,31.542488112851533
270,31.415926535897004,31.547264021415824
266,31.415926535897004,31.552039929980115
266,31.415926535897004,31.55442788426226
265,31.415926535897004,31.55920379282655
258,31.415926535897004,31.563979701390842
269,31.415926535897004,31.563979701390842
266,31.415926535897004,31.563979701390842
266,31.415926535897004,31.568755609955133
263,31.415926535897004,31.568755609955133
264,31.415926535897004,31.566367655672988
253,31.415926535897004,31.559203792826555
267,31.415926535897004,31.559203792826555
271,31.415926535897004,31.554427884262264
267,31.415926535897004,31.549651975697977
276,31.415926535897004,31.544876067133686
269,31.415926535897004,31.540100158569395
270,31.415926535897004,31.53771220428725
278,31.415926535897004,31.530548341440817
281,31.415926535897004,31.525772432876526
279,31.415926535897004,31.52338447859438
268,31.415926535897004,31.520996524312235
266,31.415926535897004,31.520996524312235
262,31.415926535897004,31.520996524312235
264,31.415926535897004,31.520996524312235
264,31.415926535897004,31.520996524312235
270,31.415926535897004,31.520996524312235
264,31.415926535897004,31.520996524312235
265,31.415926535897004,31.520996524312235
264,31.415926535897004,31.520996524312235
267,31.415926535897004,31.520996524312235
272,31.415926535897004,31.520996524312235
266,31.415926535897004,31.520996524312235
268,31.415926535897004,31.520996524312235
266,31.415926535897004,31.520996524312235
270,31.415926535897004,31.520996524312235
266,31.415926535897004,31.520996524312235
246,31.415926535897004,31.51860857003009
246,31.415926535897004,31.51860857003009
247,31.415926535897004,31.516220615747944
245,31.415926535897004,31.5138326614658
246,31.415926535897004,31.511444707183653
246,31.415926535897004,31.506668798619362
246,31.415926535897004,31.504280844337217
271,31.415926535897004,31.497116981490784
270,31.415926535897004,31.492341072926493
271,31.415926535897004,31.489953118644348
269,31.415926535897004,31.478013347233624
270,31.415926535897004,31.47084948438719
269,31.415926535897004,31.46368562154076
268,31.415926535897004,31.456521758694326
270,31.415926535897004,31.446969941565747
270,31.415926535897004,31.439806078719315
270,31.415926535897004,31.435030170155024
271,31.415926535897004,31.425478353026445
271,31.415926535897004,31.420702444462155
271,31.415926535897004,31.415926535897864
272,31.415926535897004,31.411150627333573
276,31.415926535897004,31.406374718769282
274,31.415926535897004,31.403986764487136
275,31.415926535897004,31.40159881020499
278,31.415926535897004,31.399210855922846
281,31.415926535897004,31.399210855922846
281,31.415926535897004,31.399210855922846
277,31.415926535897004,31.399210855922846
270,31.415926535897004,31.399210855922846
273,31.415926535897004,31.399210855922846
276,31.415926535897004,31.399210855922846
278,31.415926535897004,31.399210855922846
270,31.415926535897004,31.40159881020499
272,31.415926535897004,31.399210855922846
272,31.415926535897004,31.40159881020499
274,31.415926535897004,31.399210855922846
273,31.415926535897004,31.399210855922846
273,31.415926535897004,31.399210855922846
261,31.415926535897004,31.3968229016407
273,31.415926535897004,31.3968229016407
272,31.415926535897004,31.3968229016407
273,31.415926535897004,31.3968229016407
273,31.415926535897004,31.3968229016407
278,31.415926535897004,31.3968229016407
276,31.415926535897004,31.3968229016407
275,31.415926535897004,31.3968229016407
274,31.415926535897004,31.3968229016407
275,31.415926535897004,31.3968229016407
274,31.415926535897004,31.3968229016407
273,31.415926535897004,31.3968229016407
273,31.415926535897004,31.3968229016407
273,31.415926535897004,31.3968229016407
273,31.415926535897004,31.3968229016407
275,31.415926535897004,31.3968229016407
273,31.415926535897004,31.3968229016407
273,31.415926535897004,31.3968229016407
273,31.415926535897004,31.3968229016407
275,31.415926535897004,31.3968229016407
274,31.415926535897004,31.3968229016407
274,31.415926535897004,31.3968229016407
274,31.415926535897004,31.3968229016407
273,31.415926535897004,31.3968229016407
275,31.415926535897004,31.3968229016407
274,31.415926535897004,31.3968229016407
275,31.415926535897004,31.3968229016407
275,31.415926535897004,31.3968229016407
275,31.415926535897004,31.3968229016407
275,31.415926535897004,31.3968229016407
261,31.415926535897004,31.40159881020499
269,31.415926535897004,31.403986764487136
269,31.415926535897004,31.41115062733357
266,31.415926535897004,31.41592653589786
282,31.415926535897004,31.42547835302644
271,31.415926535897004,31.43025426159073
280,31.415926535897004,31.435030170155017
276,31.415926535897004,31.437418124437162
275,31.415926535897004,31.439806078719307
277,31.415926535897004,31.439806078719307
278,31.415926535897004,31.437418124437162
284,31.415926535897004,31.43025426159073
271,31.415926535897004,31.425478353026442
285,31.415926535897004,31.42070244446215
270,31.415926535897004,31.418314490180006
266,31.415926535897004,31.41592653589786
278,31.415926535897004,31.418314490180006
249,31.415926535897004,31.418314490180006
251,31.415926535897004,31.42070244446215
250,31.415926535897004,31.423090398744296
248,31.415926535897004,31.423090398744296
253,31.415926535897004,31.423090398744296
245,31.415926535897004,31.423090398744296
253,31.415926535897004,31.423090398744296
269,31.415926535897004,31.423090398744296
269,31.415926535897004,31.423090398744296
270,31.415926535897004,31.42070244446215
271,31.415926535897004,31.42070244446215
269,31.415926535897004,31.42070244446215
270,31.415926535897004,31.423090398744296
270,31.415926535897004,31.427866307308587
272,31.415926535897004,31.43503017015502
268,31.415926535897004,31.43980607871931
268,31.415926535897004,31.442194033001456
271,31.415926535897004,31.442194033001456
269,31.415926535897004,31.437418124437166
269,31.415926535897004,31.432642215872878
270,31.415926535897004,31.425478353026445
273,31.415926535897004,31.4230903987443
276,31.415926535897004,31.4230903987443
290,31.415926535897004,31.41831449018001
268,31.415926535897004,31.415926535897864
270,31.415926535897004,31.415926535897864
267,31.415926535897004,31.415926535897864
269,31.415926535897004,31.415926535897864
283,31.415926535897004,31.415926535897864
268,31.415926535897004,31.415926535897864
270,31.415926535897004,31.415926535897864
269,31.415926535897004,31.415926535897864
279,31.415926535897004,31.415926535897864
268,31.415926535897004,31.415926535897864
270,31.415926535897004,31.415926535897864
273,31.415926535897004,31.41831449018001
275,31.415926535897004,31.41831449018001
274,31.415926535897004,31.420702444462155
273,31.415926535897004,31.420702444462155
274,31.415926535897004,31.41831449018001
280,31.415926535897004,31.415926535897864
277,31.415926535897004,31.415926535897864
281,31.415926535897004,31.411150627333573
282,31.415926535897004,31.411150627333573
274,31.415926535897004,31.408762673051427
274,31.415926535897004,31.40398676448714
265,31.415926535897004,31.401598810204995
272,31.415926535897004,31.39921085592285
265,31.415926535897004,31.396822901640704
277,31.415926535897004,31.39921085592285
273,31.415926535897004,31.39921085592285
269,31.415926535897004,31.39921085592285
273,31.415926535897004,31.396822901640704
272,31.415926535897004,31.39921085592285
256,31.415926535897004,31.401598810204995
272,31.415926535897004,31.40398676448714
275,31.415926535897004,31.406374718769285
280,31.415926535897004,31.40398676448714
282,31.415926535897004,31.401598810204995
286,31.415926535897004,31.39443494735856
283,31.415926535897004,31.39443494735856
286,31.415926535897004,31.392046993076416
278,31.415926535897004,31.39443494735856
278,31.415926535897004,31.396822901640707
277,31.415926535897004,31.396822901640707
274,31.415926535897004,31.401598810204998
271,31.415926535897004,31.406374718769285
273,31.415926535897004,31.406374718769285
251,31.415926535897004,31.40876267305143
262,31.415926535897004,31.41353858161572
273,31.415926535897004,31.41353858161572
281,31.415926535897004,31.41353858161572
280,31.415926535897004,31.41353858161572
280,31.415926535897004,31.41353858161572
279,31.415926535897004,31.41353858161572
280,31.415926535897004,31.41353858161572
280,31.415926535897004,31.411150627333576
271,31.415926535897004,31.411150627333576
273,31.415926535897004,31.411150627333576
272,31.415926535897004,31.40876267305143
273,31.415926535897004,31.40876267305143
272,31.415926535897004,31.411150627333576
273,31.415926535897004,31.411150627333576
274,31.415926535897004,31.411150627333576
258,31.415926535897004,31.411150627333576
260,31.415926535897004,31.411150627333576
267,31.415926535897004,31.40876267305143
257,31.415926535897004,31.40876267305143
258,31.415926535897004,31.40876267305143
252,31.415926535897004,31.41353858161572
250,31.415926535897004,31.415926535897867
271,31.415926535897004,31.420702444462158
272,31.415926535897004,31.423090398744304
272,31.415926535897004,31.423090398744304
272,31.415926535897004,31.418314490180013
265,31.415926535897004,31.418314490180013
270,31.415926535897004,31.418314490180013
273,31.415926535897004,31.418314490180013
274,31.415926535897004,31.418314490180013
280,31.415926535897004,31.418314490180013
285,31.415926535897004,31.418314490180013
276,31.415926535897004,31.418314490180013
275,31.415926535897004,31.418314490180013
276,31.415926535897004,31.418314490180013
276,31.415926535897004,31.418314490180013
264,31.415926535897004,31.423090398744304
274,31.415926535897004,31.423090398744304
266,31.415926535897004,31.42786630730859
277,31.415926535897004,31.43264221587288
268,31.415926535897004,31.435030170155027
273,31.415926535897004,31.437418124437173
281,31.415926535897004,31.439806078719318
272,31.415926535897004,31.437418124437173
275,31.415926535897004,31.439806078719318
275,31.415926535897004,31.439806078719318
277,31.415926535897004,31.435030170155027
280,31.415926535897004,31.430254261590736
294,31.415926535897004,31.430254261590736
281,31.415926535897004,31.425478353026445
290,31.415926535897004,31.420702444462155
277,31.415926535897004,31.415926535897864
279,31.415926535897004,31.413538581615718
261,31.415926535897004,31.415926535897864
266,31.415926535897004,31.415926535897864
263,31.415926535897004,31.413538581615718
264,31.415926535897004,31.415926535897864
262,31.415926535897004,31.415926535897864
268,31.415926535897004,31.415926535897864
268,31.415926535897004,31.420702444462155
269,31.415926535897004,31.420702444462155
267,31.415926535897004,31.4230903987443
275,31.415926535897004,31.420702444462155
280,31.415926535897004,31.41831449018001
270,31.415926535897004,31.413538581615718
275,31.415926535897004,31.413538581615718
259,31.415926535897004,31.413538581615718
260,31.415926535897004,31.413538581615718
259,31.415926535897004,31.413538581615718
277,31.415926535897004,31.413538581615718
263,31.415926535897004,31.413538581615718
261,31.415926535897004,31.413538581615718
274,31.415926535897004,31.411150627333573
268,31.415926535897004,31.411150627333573
268,31.415926535897004,31.411150627333573
275,31.415926535897004,31.408762673051427
281,31.415926535897004,31.406374718769282
287,31.415926535897004,31.408762673051427
280,31.415926535897004,31.406374718769282
280,31.415926535897004,31.411150627333573
277,31.415926535897004,31.413538581615718
280,31.415926535897004,31.413538581615718
269,31.438366483422644,31.41831449018001
275,31.460806430948285,31.420702444462155
272,31.483246378473925,31.425478353026445
268,31.505686325999566,31.430254261590736
272,31.528126273525206,31.439806078719318
263,31.550566221050847,31.456521758694333
269,31.573006168576487,31.4708494843872
271,31.595446116102128,31.47562539295149
264,31.61788606362777,31.506668798619373
272,31.64032601115341,31.532936295722966
274,31.66276595867905,31.54965197569798
257,31.68520590620469,31.566367655672995
267,31.70764585373033,31.587859244212297
269,31.73008580125597,31.61412674131589
268,31.75252574878161,31.63323037557305
269,31.77496569630725,31.65233400983021
267,31.797405643832892,31.67621355265166
270,31.819845591358533,31.692929232626675
248,31.842285538884173,31.70964491260169
243,31.864725486409814,31.726360592576704
241,31.887165433935454,31.750240135398155
246,31.909605381461095,31.771731723937457
241,31.932045328986735,31.77889558678389
246,31.954485276512376,31.819490809580355
246,31.976925224038016,31.843370352401806
253,31.999365171563657,31.867249895223257
252,32.0218051190893,31.891129438044704
252,32.04424506661494,31.92694875227688
249,32.06668501414058,31.950828295098326
253,32.08912496166622,31.97709579220192
256,32.11156490919186,31.996199426459075
252,32.1340048567175,32.03918260353768
242,32.156444804243144,32.06783805492342
242,32.178884751768784,32.09410555202702
240,32.201324699294425,32.13231282054134
241,32.223764646820065,32.156192363362784
240,32.246204594345706,32.18007190618423
234,32.268644541871346,32.20395144900568
240,32.29108448939699,32.218279174698544
230,32.31352443692263,32.26126235177715
227,32.33596438444827,32.285141894598596
227,32.35840433197391,32.313797345984334
227,32.38084427949955,32.33528893452364
234,32.40328422702519,32.35916847734509
232,32.42572417455083,32.38066006588439
227,32.44816412207647,32.39737574585941
214,32.47060406960211,32.423643242963
215,32.49304401712775,32.44513483150231
218,32.51548396465339,32.466626420041614
219,32.53792391217903,32.49528187142735
213,32.56036385970467,32.51677345996666
212,32.58280380723031,32.53826504850596
215,32.60524375475595,32.55975663704527
203,32.627683702281594,32.581248225584574
206,32.650123649807234,32.60751572268817
207,32.672563597332875,32.633783219791766
206,32.695003544858515,32.65527480833107
204,32.717443492384156,32.68393025971681
202,32.739883439909796,32.70780980253826
205,32.76232338743544,32.731689345359705
190,32.78476333496108,32.762732751027585
192,32.80720328248672,32.76989661387402
194,32.82964323001236,32.80571592810619
193,32.852083177538,32.83437137949193
192,32.87452312506364,32.85586296803123
192,32.89696307258928,32.87735455657054
191,32.91940302011492,32.901234099391985
182,32.94184296764056,32.92272568793129
183,32.9642829151662,32.944217276470596
183,32.98672286269184,32.95376909359918
179,33.00916281021748,32.98958840783135
180,33.03160275774312,33.01824385921709
185,33.05404270526876,33.03734749347424
186,33.076482652794404,33.05883908201355
168,33.098922600320044,33.085106579117145
169,33.121362547845685,33.10898612193859
169,33.143802495371325,33.12570180191361
170,33.166242442896966,33.13525361904219
170,33.188682390422606,33.17823679612079
166,33.21112233794825,33.1997283846601
168,33.23356228547389,33.2212199731994
156,33.25600223299953,33.24509951602085
156,33.27844218052517,33.27375496740659
155,33.30088212805081,33.295246555945894
152,33.32332207557645,33.3167381444852
152,33.34576202310209,33.343005641588796
151,33.36820197062773,33.3644972301281
154,33.39064191815337,33.381212910103116
142,33.41308186567901,33.40270449864242
143,33.43552181320465,33.42897199574602
145,33.45796176073029,33.45046358428532
145,33.48040170825593,33.46956721854248
146,33.50284165578157,33.491058807081785
144,33.525281603307214,33.51971425846752
143,33.547721550832854,33.54359380128897
141,33.570161498358495,33.565085389828276
136,33.592601445884135,33.59135288693187
134,33.615041393409776,33.61284447547118
133,33.637481340935416,33.63433606401048
136,33.65992128846106,33.65582765254979
135,33.6823612359867,33.66299151539622
138,33.70480118351234,33.70597469247483
136,33.72724113103798,33.72746628101414
137,33.74968107856362,33.751345823835585
138,33.77212102608926,33.78000127522132
140,33.7945609736149,33.79910490947848
140,33.81700092114054,33.818208543735636
138,33.83944086866618,33.83970013227494
139,33.86188081619182,33.85402785796781
140,33.88432076371746,33.885071263635695
111,33.9067607112431,33.90417489789285
122,33.92920065876874,33.920890577867866
119,33.95164060629438,33.94477012068931
120,33.97408055382002,33.95909784638218
117,33.996520501345664,33.97581352635719
117,34.018960448871304,34.00208102346079
121,34.041400396396945,34.00685693202508
107,34.063840343922585,34.04267624625725
108,34.086280291448226,34.06177988051441
107,34.108720238973866,34.090435331900146
113,34.13116018649951,34.11431487472159
109,34.15360013402515,34.13341850897875
106,34.17604008155079,34.1572980518002
108,34.19848002907643,34.1787896403395
90,34.22091997660207,34.20983304600738
97,34.24335992412771,34.23371258882883
97,34.26579987165335,34.255204177368135
96,34.28823981917899,34.286247583036015
93,34.31067976670463,34.31251508013961
96,34.33311971423027,34.33400666867892
94,34.35555966175591,34.35549825721822
86,34.37799960928155,34.37460189147538
87,34.40043955680719,34.400869388578975
86,34.42287950433283,34.429524839964714
85,34.445319451858474,34.45101642850402
92,34.467759399384114,34.472508017043324
91,34.490199346909755,34.49399960558263
86,34.512639294435395,34.520267102686226
78,34.535079241961036,34.54175869122553
78,34.557519189486676,34.558474371200546
78,34.57995913701232,34.58474186830414
80,34.60239908453796,34.61339731968988
76,34.6248390320636,34.634888908229186
78,34.64727897958924,34.65399254248634
72,34.66971892711488,34.68026003958994
71,34.69215887464052,34.701751628129244
75,34.71459882216616,34.7208552623864
73,34.7370387696918,34.72563117095069
71,34.75947871721744,34.76383843946501
69,34.78191866474308,34.78533002800432
69,34.80435861226872,34.804433662261474
66,34.82679855979436,34.83070115936507
63,34.84923850732,34.852192747904375
65,34.87167845484564,34.87129638216153
61,34.894118402371284,34.89040001641869
58,34.916558349896924,34.9071156963937
59,34.938998297422565,34.94054705634373
62,34.961438244948205,34.96203864488304
63,34.983878192473846,34.98353023342234
53,35.006318139999486,35.01457363909023
54,35.02875808752513,35.036065227629535
56,35.05119803505077,35.05755681616884
54,35.07363798257641,35.079048404708146
53,35.09607793010205,35.107703856093885
54,35.11851787762769,35.12680749035104
54,35.14095782515333,35.15068703317249
46,35.16339777267897,35.174566575993936
47,35.18583772020461,35.20083407309753
45,35.20827766773025,35.22471361591898
45,35.23071761525589,35.246205204458285
44,35.25315756278153,35.26530883871544
45,35.27559751030717,35.29157633581904
47,35.29803745783281,35.31306792435834
38,35.32047740535845,35.33933542146194
39,35.34291735288409,35.358439055719096
36,35.365357300409734,35.3799306442584
37,35.387797247935374,35.40142223279771
36,35.410237195461015,35.425301775619154
37,35.432677142986655,35.43724154702988
34,35.455117090512296,35.465896998415616
29,35.477557038037936,35.48261267839063
29,35.49999698556358,35.50649222121208
34,35.52243693308922,35.52798380975138
27,35.54487688061486,35.54708744400854
29,35.5673168281405,35.573354941112136
29,35.58975677566614,35.59245857536929
32,35.61219672319178,35.602010392497874
29,35.63463667071742,35.63305379816576
37,35.65707661824306,35.65932129526936
35,35.6795165657687,35.683200838090805
33,35.70195651329434,35.70708038091225
31,35.72439646081998,35.72857196945156
30,35.74683640834562,35.757227420837296
29,35.76927635587126,35.78110696365874
14,35.7917163033969,35.785882872223034
14,35.814156250922544,35.82886604930164
13,35.836596198448184,35.85035763784094
16,35.859036145973825,35.8694612720981
17,35.881476093499465,35.89334081491955
16,35.903916041025106,35.91960831202314
16,35.926355988550746,35.94109990056245
5,35.94879593607639,35.95303967197317
4,35.97123588360203,35.98169512335891
3,35.99367583112767,35.996022849051776
2,36.01611577865331,36.01273852902679
3,36.03855572617895,36.03184216328395
3,36.06099567370459,36.055721706105395
2,36.08343562123023,36.07960124892684
355,36.10587556875587,36.10348079174829
357,36.12831551628151,36.11542056315901
355,36.15075546380715,36.14407601454475
356,36.17319541133279,36.16317964880191
357,36.19563535885843,36.182283283059064
356,36.21807530638407,36.19899896303408
355,36.24051525390971,36.21571464300909
351,36.262955201435354,36.23481827726625
352,36.285395148960994,36.261085774369846
352,36.307835096486635,36.26824963721628
353,36.330275044012275,36.30884486001274
355,36.352714991537916,36.33272440283419
352,36.375154939063556,36.363767808502075
350,36.3975948865892,36.38525939704138
333,36.42003483411484,36.41152689414498
343,36.44247478164048,36.440182345530715
342,36.46491472916612,36.473613705480744
337,36.48735467669176,36.483165522609326
341,36.5097946242174,36.521372791123646
343,36.53223457174304,36.54525233394509
346,36.55467451926868,36.57629573961297
333,36.57711446679432,36.59539937387013
333,36.59955441431996,36.614503008127286
330,36.6219943618456,36.64077050523088
329,36.64443430937124,36.65509823092375
327,36.66687425689688,36.66226209377018
329,36.68931420442252,36.69569345372021
324,36.71175415194816,36.717185042259516
327,36.734194099473804,36.72912481367024
319,36.756634046999444,36.745840493645254
319,36.779073994525085,36.76016821933812
322,36.801513942050725,36.779271853595276
324,36.823953889576366,36.78882367072386
324,36.846393837102006,36.812703213545305
328,36.86883378462765,36.83419480208461
327,36.89127373215329,36.850910482059625
324,36.91371367967893,36.86762616203464
321,36.93615362720457,36.89628161342038
323,36.95859357473021,36.920161156241825
321,36.98103352225585,36.94404069906327
322,37.00347346978149,36.96553228760258
317,37.02591341730713,37.00851546468119
321,37.04835336483277,37.03717091606693
306,37.07079331235841,37.061050458888374
301,37.09323325988405,37.08731795599197
302,37.11567320740969,37.12313727022414
305,37.13811315493533,37.14701681304559
301,37.16055310246097,37.17567226443133
282,37.182993049986614,37.18761203584205
300,37.205432997512254,37.23059521292066
297,37.227872945037895,37.25208680145997
297,37.250312892563535,37.27119043571712
292,37.272752840089176,37.29506997853857
298,37.295192787614816,37.311785658513585
299,37.31763273514046,37.32611338420645
302,37.3400726826661,37.34044110989932
317,37.36251263019174,37.3499929270279
294,37.38495257771738,37.376260424131495
310,37.40739252524302,37.39058814982436
289,37.42983247276866,37.412079738363666
290,37.4522724202943,37.43834723546726
284,37.47471236781994,37.46461473257086
278,37.49715231534558,37.490882229674455
286,37.51959226287122,37.5147617724959
259,37.54203221039686,37.54819313244593
263,37.5644721579225,37.56968472098524
258,37.58691210544814,37.59117630952454
252,37.60935205297378,37.61266789806385
268,37.63179200049942,37.643711303731735
267,37.654231948025064,37.66520289227104
267,37.676671895550705,37.6843065265282
275,37.699111843076345,37.69863425222106
275,37.699111843076345,37.73206561217109
274,37.699111843076345,37.75116924642825
274,37.699111843076345,37.76788492640326
285,37.699111843076345,37.777436743531844
279,37.699111843076345,37.79176446922471
289,37.699111843076345,37.79892833207114
263,37.699111843076345,37.80370424063543
262,37.699111843076345,37.810868103481866
256,37.699111843076345,37.82280787489259
259,37.699111843076345,37.82758378345688
261,37.699111843076345,37.82997173773902
265,37.699111843076345,37.82997173773902
253,37.699111843076345,37.82997173773902
267,37.699111843076345,37.82997173773902
267,37.699111843076345,37.832359692021164
266,37.699111843076345,37.832359692021164
268,37.699111843076345,37.832359692021164
267,37.699111843076345,37.83474764630331
267,37.699111843076345,37.837135600585455
269,37.699111843076345,37.837135600585455
271,37.699111843076345,37.841911509149746
266,37.699111843076345,37.84429946343189
261,37.699111843076345,37.84429946343189
270,37.699111843076345,37.84668741771403
263,37.699111843076345,37.84907537199618
272,37.699111843076345,37.84907537199618
268,37.699111843076345,37.84907537199618
267,37.699111843076345,37.84429946343189
265,37.699111843076345,37.837135600585455
265,37.699111843076345,37.82997173773902
265,37.699111843076345,37.82280787489259
270,37.699111843076345,37.81325605776401
267,37.699111843076345,37.806092194917575
276,37.699111843076345,37.79892833207114
274,37.699111843076345,37.79415242350685
266,37.699111843076345,37.78460060637827
281,37.699111843076345,37.77982469781398
269,37.699111843076345,37.77743674353184
267,37.699111843076345,37.772660834967546
267,37.699111843076345,37.7702728806854
267,37.699111843076345,37.77266083496754
258,37.699111843076345,37.7702728806854
275,37.699111843076345,37.77504878924969
267,37.699111843076345,37.772660834967546
272,37.699111843076345,37.770272880685404
270,37.699111843076345,37.767884926403255
270,37.699111843076345,37.76549697212111
271,37.699111843076345,37.75594515499253
276,37.699111843076345,37.75116924642824
286,37.699111843076345,37.7487812921461
270,37.699111843076345,37.74400538358181
267,37.699111843076345,37.741617429299666
265,37.699111843076345,37.741617429299666
278,37.699111843076345,37.741617429299666
269,37.699111843076345,37.741617429299666
267,37.699111843076345,37.741617429299666
268,37.699111843076345,37.741617429299666
269,37.699111843076345,37.741617429299666
276,37.699111843076345,37.741617429299666
266,37.699111843076345,37.741617429299666
269,37.699111843076345,37.741617429299666
271,37.699111843076345,37.741617429299666
271,37.699111843076345,37.741617429299666
266,37.699111843076345,37.741617429299666
271,37.699111843076345,37.739229475017524
270,37.699111843076345,37.73445356645323
272,37.699111843076345,37.72967765788894
267,37.699111843076345,37.72012584076036
271,37.699111843076345,37.71057402363178
280,37.699111843076345,37.7010222065032
277,37.699111843076345,37.691470389374615
279,37.699111843076345,37.68191857224603
274,37.699111843076345,37.67714266368174
274,37.699111843076345,37.67475470939959
269,37.699111843076345,37.67475470939959
270,37.699111843076345,37.677142663681735
251,37.699111843076345,37.677142663681735
252,37.699111843076345,37.681918572246026
253,37.699111843076345,37.68669448081032
254,37.699111843076345,37.69147038937461
249,37.699111843076345,37.6962462979389
253,37.699111843076345,37.6962462979389
240,37.699111843076345,37.69385834365676
276,37.699111843076345,37.696246297938906
270,37.699111843076345,37.69863425222105
274,37.699111843076345,37.69863425222105
272,37.699111843076345,37.69863425222105
272,37.699111843076345,37.696246297938906
273,37.699111843076345,37.691470389374615
288,37.699111843076345,37.686694480810324
275,37.699111843076345,37.68908243509247
283,37.699111843076345,37.68908243509247
278,37.699111843076345,37.68908243509247
276,37.699111843076345,37.69147038937462
268,37.699111843076345,37.69624629793891
271,37.699111843076345,37.69863425222106
270,37.699111843076345,37.69863425222106
269,37.699111843076345,37.69863425222106
254,37.699111843076345,37.69863425222106
273,37.699111843076345,37.701022206503204
276,37.699111843076345,37.701022206503204
279,37.699111843076345,37.701022206503204
278,37.699111843076345,37.701022206503204
280,37.699111843076345,37.701022206503204
279,37.699111843076345,37.701022206503204
275,37.699111843076345,37.701022206503204
274,37.699111843076345,37.701022206503204
274,37.699111843076345,37.701022206503204
266,37.699111843076345,37.703410160785346
265,37.699111843076345,37.703410160785346
262,37.699111843076345,37.70579811506749
268,37.699111843076345,37.70818606934963
273,37.699111843076345,37.71057402363178
273,37.699111843076345,37.71296197791393
276,37.699111843076345,37.71534993219607
274,37.699111843076345,37.71534993219607
274,37.699111843076345,37.71296197791392
276,37.699111843076345,37.71296197791392
280,37.699111843076345,37.71296197791392
275,37.699111843076345,37.70818606934963
276,37.699111843076345,37.70818606934963
276,37.699111843076345,37.7010222065032
289,37.699111843076345,37.703410160785346
293,37.699111843076345,37.703410160785346
281,37.699111843076345,37.703410160785346
289,37.699111843076345,37.703410160785346
270,37.699111843076345,37.70579811506749
265,37.699111843076345,37.703410160785346
264,37.699111843076345,37.705798115067495
255,37.699111843076345,37.705798115067495
262,37.699111843076345,37.705798115067495
255,37.699111843076345,37.705798115067495
264,37.699111843076345,37.705798115067495
270,37.699111843076345,37.703410160785346
270,37.699111843076345,37.703410160785346
271,37.699111843076345,37.703410160785346
297,37.699111843076345,37.703410160785346
278,37.699111843076345,37.701022206503204
286,37.699111843076345,37.701022206503204
276,37.699111843076345,37.701022206503204
267,37.699111843076345,37.701022206503204
266,37.699111843076345,37.701022206503204
268,37.699111843076345,37.701022206503204
280,37.699111843076345,37.701022206503204
267,37.699111843076345,37.701022206503204
267,37.699111843076345,37.701022206503204
275,37.699111843076345,37.701022206503204
276,37.699111843076345,37.701022206503204
269,37.699111843076345,37.701022206503204
272,37.699111843076345,37.701022206503204
280,37.699111843076345,37.701022206503204
271,37.699111843076345,37.701022206503204
272,37.699111843076345,37.701022206503204
279,37.699111843076345,37.701022206503204
269,37.699111843076345,37.69863425222106
272,37.699111843076345,37.69863425222106
275,37.699111843076345,37.69624629793892
277,37.699111843076345,37.69385834365678
273,37.699111843076345,37.69385834365678
274,37.699111843076345,37.69147038937463
282,37.699111843076345,37.68669448081034
256,37.699111843076345,37.6843065265282
263,37.699111843076345,37.68191857224605
254,37.699111843076345,37.68191857224605
258,37.699111843076345,37.68191857224605
252,37.699111843076345,37.68669448081034
252,37.699111843076345,37.6843065265282
252,37.699111843076345,37.69147038937463
274,37.699111843076345,37.69385834365677
271,37.699111843076345,37.69863425222106
269,37.699111843076345,37.70341016078535
271,37.699111843076345,37.70102220650321
270,37.699111843076345,37.70341016078536
241,37.699111843076345,37.7057981150675
269,37.699111843076345,37.70341016078536
274,37.699111843076345,37.70341016078536
279,37.699111843076345,37.70341016078536
278,37.699111843076345,37.70341016078536
283,37.699111843076345,37.70341016078536
279,37.699111843076345,37.70341016078536
281,37.699111843076345,37.7057981150675
284,37.699111843076345,37.70102220650321
282,37.699111843076345,37.70102220650321
282,37.699111843076345,37.70341016078535
276,37.699111843076345,37.69863425222106
280,37.699111843076345,37.69624629793891
276,37.699111843076345,37.69624629793891
278,37.699111843076345,37.69624629793891
275,37.699111843076345,37.698634252221055
277,37.699111843076345,37.698634252221055
276,37.699111843076345,37.698634252221055
249,37.699111843076345,37.693858343656764
273,37.699111843076345,37.693858343656764
271,37.699111843076345,37.693858343656764
276,37.699111843076345,37.693858343656764
272,37.699111843076345,37.693858343656764
276,37.699111843076345,37.693858343656764
273,37.699111843076345,37.693858343656764
275,37.699111843076345,37.693858343656764
271,37.699111843076345,37.693858343656764
276,37.699111843076345,37.693858343656764
273,37.699111843076345,37.693858343656764
274,37.699111843076345,37.693858343656764
276,37.699111843076345,37.693858343656764
276,37.699111843076345,37.693858343656764
275,37.699111843076345,37.693858343656764
274,37.699111843076345,37.693858343656764
274,37.699111843076345,37.698634252221055
274,37.699111843076345,37.701022206503204
271,37.699111843076345,37.701022206503204
272,37.699111843076345,37.701022206503204
279,37.699111843076345,37.705798115067495
267,37.699111843076345,37.705798115067495
278,37.699111843076345,37.708186069349644
278,37.699111843076345,37.7057981150675
279,37.699111843076345,37.7057981150675
279,37.699111843076345,37.70341016078536
271,37.699111843076345,37.70341016078536
276,37.699111843076345,37.70341016078536
278,37.699111843076345,37.70818606934965
274,37.699111843076345,37.70579811506751
270,37.699111843076345,37.70102220650322
278,37.699111843076345,37.70341016078536
271,37.699111843076345,37.7057981150675
271,37.699111843076345,37.7057981150675
271,37.699111843076345,37.708186069349644
272,37.699111843076345,37.708186069349644
267,37.699111843076345,37.717737886478226
271,37.699111843076345,37.717737886478226
271,37.699111843076345,37.715349932196084
250,37.699111843076345,37.71057402363179
266,37.699111843076345,37.712961977913935
268,37.699111843076345,37.712961977913935
269,37.699111843076345,37.71057402363179
269,37.699111843076345,37.71057402363179
292,37.699111843076345,37.7057981150675
285,37.699111843076345,37.70102220650321
278,37.699111843076345,37.70102220650321
272,37.699111843076345,37.70102220650321
249,37.699111843076345,37.70102220650321
249,37.699111843076345,37.70102220650321
246,37.699111843076345,37.70102220650321
250,37.699111843076345,37.70102220650321
258,37.699111843076345,37.70102220650321
249,37.699111843076345,37.70102220650321
250,37.699111843076345,37.70341016078535
268,37.699111843076345,37.70341016078535
271,37.699111843076345,37.70341016078535
273,37.699111843076345,37.70341016078535
271,37.699111843076345,37.70102220650321
271,37.699111843076345,37.70102220650321
271,37.699111843076345,37.70102220650321
283,37.699111843076345,37.69624629793892
271,37.699111843076345,37.69624629793892
269,37.699111843076345,37.69385834365677
281,37.699111843076345,37.69624629793891
266,37.699111843076345,37.69624629793891
267,37.699111843076345,37.69624629793891
270,37.699111843076345,37.698634252221055
263,37.699111843076345,37.698634252221055
272,37.699111843076345,37.7010222065032
271,37.699111843076345,37.7010222065032
269,37.699111843076345,37.69863425222105
267,37.699111843076345,37.69385834365676
252,37.699111843076345,37.69385834365676
256,37.699111843076345,37.69385834365676
262,37.699111843076345,37.69147038937461
271,37.699111843076345,37.689082435092466
275,37.699111843076345,37.686694480810324
278,37.699111843076345,37.686694480810324
279,37.699111843076345,37.686694480810324
295,37.699111843076345,37.686694480810324
283,37.699111843076345,37.68191857224603
290,37.699111843076345,37.68191857224603
279,37.699111843076345,37.68430652652818
266,37.699111843076345,37.68669448081033
276,37.699111843076345,37.68908243509248
270,37.699111843076345,37.68908243509248
268,37.699111843076345,37.69147038937463
269,37.699111843076345,37.69385834365677
267,37.721551790601985,37.69385834365677
260,37.743991738127626,37.69624629793892
274,37.76643168565327,37.69624629793892
270,37.78887163317891,37.70102220650321
274,37.81131158070455,37.70102220650321
280,37.83375152823019,37.70102220650321
281,37.85619147575583,37.70102220650321
279,37.87863142328147,37.70341016078535
299,37.90107137080711,37.71534993219608
259,37.92351131833275,37.72251379504251
282,37.94595126585839,37.736841520735375
267,37.96839121338403,37.75355720071039
268,37.99083116090967,37.772660834967546
274,38.01327110843531,37.801316286353284
265,38.03571105596095,37.82519582917473
269,38.05815100348659,37.85146332627833
274,38.08059095101223,37.877730823381924
268,38.103030898537874,37.915938091896244
268,38.125470846063514,37.94698149756413
261,38.147910793589155,37.98996467464274
269,38.170350741114795,38.02100808031063
261,38.192790688640436,38.05443944026066
255,38.215230636166076,38.08787080021069
257,38.23767058369172,38.12846602300715
258,38.26011053121736,38.149957611546455
256,38.282550478743,38.19055283434292
260,38.30499042626864,38.223984194292946
255,38.32743037379428,38.25980350852512
257,38.34987032131992,38.28607100562871
233,38.37231026884556,38.31233850273231
238,38.3947502163712,38.34576986268234
236,38.41719016389684,38.369649405503786
241,38.43963011142248,38.37920122263237
239,38.46207005894812,38.41979644542883
233,38.48451000647376,38.44367598825028
235,38.5069499539994,38.467555531071724
226,38.52938990152504,38.49143507389317
223,38.551829849050684,38.51531461671462
226,38.574269796576324,38.534418250971775
228,38.596709744101965,38.55590983951108
227,38.619149691627605,38.567849610921805
226,38.641589639153246,38.59650506230754
235,38.664029586678886,38.6156086965647
201,38.68646953420453,38.632324376539714
211,38.70890948173017,38.65142801079687
204,38.73134942925581,38.67530755361832
207,38.75378937678145,38.69679914215762
206,38.77622932430709,38.70873891356835
208,38.79866927183273,38.74455822780052
206,38.82110921935837,38.768437770621965
207,38.84354916688401,38.79231731344341
210,38.86598911440965,38.81858481054701
210,38.88842906193529,38.849628216214896
208,38.91086900946093,38.87589571331849
209,38.93330895698657,38.90216321042209
204,38.95574890451221,38.9188788903971
204,38.97818885203785,38.961862067475714
199,39.00062879956349,38.98574161029716
197,39.023068747089134,39.01917297024719
196,39.045508694614774,39.04305251306864
194,39.067948642140415,39.06454410160794
196,39.090388589666055,39.08842364442939
194,39.112828537191696,39.11230318725084
196,39.135268484717336,39.11946705009727
184,39.15770843224298,39.15528636432944
186,39.18014837976862,39.17677795286875
187,39.20258832729426,39.200657495690194
188,39.2250282748199,39.21737317566521
193,39.24746822234554,39.238864764204514
186,39.26990816987118,39.25796839846167
184,39.29234811739682,39.28423589556527
174,39.31478806492246,39.29139975841171
175,39.3372280124481,39.32721907264388
174,39.35966795997374,39.348710661183176
172,39.38210790749938,39.37975406685106
170,39.40454785502502,39.40124565539037
172,39.42698780255066,39.425125198211816
173,39.4494277500763,39.453780649597554
162,39.471867697601944,39.47527223813686
162,39.494307645127584,39.484824055265435
163,39.516747592653225,39.520643369497606
163,39.539187540178865,39.551686775165486
167,39.561627487704506,39.57079040942265
164,39.584067435230146,39.592281997961955
165,39.60650738275579,39.61138563221912
149,39.62894733028143,39.63765312932271
150,39.65138727780707,39.65198085501557
148,39.67382722533271,39.67824835211917
148,39.69626717285835,39.70690380350491
150,39.71870712038399,39.726007437762064
148,39.74114706790963,39.74749902630137
149,39.76358701543527,39.773766523404966
150,39.78602696296091,39.79525811194427
145,39.80846691048655,39.81674970048358
142,39.83090685801219,39.8286894718943
145,39.85334680553783,39.85495696899789
140,39.87578675306347,39.871672648972904
146,39.89822670058911,39.8979401460765
141,39.920666648114754,39.91704378033366
143,39.943106595640394,39.93853536887296
134,39.965546543166035,39.96002695741227
122,39.987986490691675,39.988682408798006
134,40.010426438217316,39.99584627164444
129,40.032866385742956,40.02688967731232
132,40.0553063332686,40.05315717441591
131,40.07774628079424,40.07464876295521
132,40.10018622831988,40.09375239721237
127,40.12262617584552,40.12240784859811
126,40.14506612337116,40.143899437137414
128,40.1675060708968,40.16300307139457
133,40.18994601842244,40.174942842805294
125,40.21238596594808,40.210762157037465
133,40.23482591347372,40.23225374557677
125,40.25726586099936,40.25135737983393
118,40.279705808525,40.27284896837323
117,40.30214575605064,40.28956464834825
113,40.32458570357628,40.30628032832326
116,40.34702565110192,40.325383962580425
116,40.36946559862756,40.34926350540187
120,40.391905546153204,40.37075509394118
116,40.414345493678844,40.39224668248048
88,40.436785441204485,40.42090213386622
103,40.459225388730125,40.440005768123385
88,40.481665336255766,40.45910940238054
105,40.504105283781406,40.4782130366377
107,40.52654523130705,40.502092579459145
105,40.54898517883269,40.53074803084488
106,40.57142512635833,40.55701552794847
115,40.59386507388397,40.57850711648778
113,40.61630502140961,40.607162567873516
114,40.63874496893525,40.62865415641282
117,40.66118491646089,40.65253369923427
120,40.68362486398653,40.676413242055716
115,40.70606481151217,40.68835301346644
116,40.72850475903781,40.72656028198076
89,40.75094470656345,40.75282777908435
85,40.77338465408909,40.774319367623654
79,40.79582460161473,40.80536277329154
81,40.81826454914037,40.82685436183085
77,40.840704496666014,40.84834595037015
84,40.863144444191654,40.86983753890946
83,40.885584391717295,40.898492990295196
77,40.908024339242935,40.91759662455236
77,40.930464286768576,40.934312304527374
73,40.952904234294216,40.95819184734882
74,40.97534418181986,40.97251957304169
72,40.9977841293455,40.99162320729885
77,41.02022407687114,41.013114795838156
79,41.04266402439678,41.02983047581317
74,41.06510397192242,41.05609797291676
68,41.08754391944806,41.07997751573821
74,41.1099838669737,41.108632967123945
74,41.13242381449934,41.134900464227535
70,41.15486376202498,41.161167961331124
73,41.17730370955062,41.19221136699901
78,41.19974365707626,41.21370295553832
63,41.2221836046019,41.23041863551333
56,41.24462355212754,41.26384999546336
58,41.26706349965318,41.28772953828481
58,41.289503447178824,41.30922112682411
57,41.311943394704464,41.32832476108127
59,41.334383342230105,41.35698021246701
54,41.356823289755745,41.37608384672417
49,41.379263237281386,41.392799526699186
50,41.401703184807026,41.39996338954562
47,41.42414313233267,41.43817065805994
50,41.44658307985831,41.457274292317095
51,41.46902302738395,41.4787658808564
55,41.49146297490959,41.50264542367785
52,41.51390292243523,41.526524966499295
49,41.53634286996087,41.54562860075645
40,41.55878281748651,41.564732235013615
40,41.58122276501215,41.57905996070648
39,41.60366271253779,41.61249132065651
39,41.62610266006343,41.63637086347796
37,41.64854260758907,41.660250406299404
38,41.67098255511471,41.68174199483871
28,41.69342250264035,41.703233583378015
32,41.71586245016599,41.72233721763517
31,41.73830239769163,41.74382880617448
28,41.760742345217274,41.75099266902091
30,41.783182292742914,41.78442402897094
31,41.805622240268555,41.808303571792386
30,41.828062187794195,41.83457106889598
22,41.850502135319836,41.85367470315314
23,41.872942082845476,41.875166291692445
23,41.89538203037112,41.89665788023175
28,41.91782197789676,41.918149468771055
23,41.9402619254224,41.949192874438936
21,41.96270187294804,41.97307241726038
21,41.98514182047368,41.99217605151754
17,42.00758176799932,42.02083150290328
15,42.03002171552496,42.04232309144258
14,42.0524616630506,42.06620263426403
16,42.07490161057624,42.09247013136762
15,42.09734155810188,42.106797857060485
15,42.11978150562752,42.13306535416408
15,42.14222145315316,42.14978103413909
7,42.1646614006788,42.17604853124268
9,42.18710134820444,42.19754011978198
8,42.209541295730084,42.21186784547485
11,42.231981243255724,42.228583525449864
11,42.254421190781365,42.24529920542488
7,42.276861138307005,42.259626931117744
8,42.299301085832646,42.28589442822133
3,42.321741033358286,42.30499806247849
356,42.34418098088393,42.326489651017795
359,42.36662092840957,42.34320533099281
3,42.38906087593521,42.359921010967824
0,42.41150082346085,42.38141259950713
2,42.43394077098649,42.407680096610726
4,42.45638071851213,42.41245600517502
0,42.47882066603777,42.44827531940719
0,42.50126061356341,42.47931872507507
0,42.52370056108905,42.50081031361437
0,42.54614050861469,42.52468985643582
358,42.56858045614033,42.55812121638585
359,42.59102040366597,42.5820007592073
356,42.61346035119161,42.608268256310886
343,42.63590029871725,42.61543211915732
344,42.658340246242894,42.66319120480022
344,42.680780193768534,42.684682793339526
345,42.703220141294175,42.71095029044312
346,42.725660088819815,42.73482983326457
344,42.748100036345456,42.76109733036816
344,42.770539983871096,42.784976873189606
336,42.79297993139674,42.79691664460033
340,42.81541987892238,42.8327359588325
340,42.83785982644802,42.85183959308966
339,42.86029977397366,42.87094322734682
342,42.8827397214993,42.89482277016827
342,42.90517966902494,42.913926404425425
340,42.92761961655058,42.93064208440043
339,42.95005956407622,42.95213367293974
327,42.97249951160186,42.9664613986326
330,42.9949394591275,42.99750480430049
328,43.01737940665314,43.016608438557654
333,43.03981935417878,43.03571207281481
321,43.06225930170442,43.05959161563626
321,43.08469924923006,43.08108320417556
327,43.1071391967557,43.10018683843272
319,43.129579144281344,43.121678426972025
323,43.152019091806984,43.13600615266489
321,43.174459039332625,43.16943751261492
327,43.196898986858265,43.188541146872076
323,43.219338934383906,43.20525682684709
329,43.241778881909546,43.22913636966854
324,43.26421882943519,43.243464095361404
318,43.28665877696083,43.26495568390071
309,43.30909872448647,43.291223181004305
312,43.33153867201211,43.29838704385074
310,43.35397861953775,43.34137022092934
310,43.37641856706339,43.36524976375079
305,43.39885851458903,43.396293169418676
311,43.42129846211467,43.420172712240124
300,43.44373840964031,43.44405225506157
302,43.46617835716595,43.46793179788302
305,43.48861830469159,43.49419929498661
302,43.51105825221723,43.50375111211518
303,43.53349819974287,43.53957042634735
303,43.55593814726851,43.56106201488666
306,43.578378094794154,43.5897174662724
295,43.600818042319794,43.60882110052955
294,43.623257989845435,43.62792473478671
298,43.645697937371075,43.64702836904387
305,43.668137884896716,43.66851995758318
298,43.690577832422356,43.692399500404626
300,43.713017779948,43.71389108894393
294,43.73545772747364,43.74015858604752
292,43.75789767499928,43.75926222030468
286,43.78033762252492,43.783141763126125
286,43.80277757005056,43.80224539738328
283,43.8252175175762,43.82851289448688
290,43.84765746510184,43.84284062017974
285,43.87009741262748,43.87149607156548
278,43.89253736015312,43.89776356866907
281,43.91497730767876,43.919255157208376
279,43.9374172552044,43.93835879146554
282,43.95985720273004,43.96223833428699
285,43.98229715025568,43.978954014262
283,43.98229715025568,43.99805764851916
277,43.98229715025568,44.01238537421202
282,43.98229715025568,44.03626491703347
273,43.98229715025568,44.050592642726336
270,43.98229715025568,44.06014445985492
273,43.98229715025568,44.06730832270135
270,43.98229715025568,44.0696962769835
275,43.98229715025568,44.07208423126565
275,43.98229715025568,44.07208423126565
271,43.98229715025568,44.07208423126565
270,43.98229715025568,44.07208423126565
268,43.98229715025568,44.07208423126565
274,43.98229715025568,44.07208423126565
272,43.98229715025568,44.07208423126565
271,43.98229715025568,44.07208423126565
270,43.98229715025568,44.07208423126565
273,43.98229715025568,44.07208423126565
246,43.98229715025568,44.07208423126565
253,43.98229715025568,44.07208423126565
250,43.98229715025568,44.07208423126565
254,43.98229715025568,44.07208423126565
244,43.98229715025568,44.0744721855478
251,43.98229715025568,44.07686013982995
250,43.98229715025568,44.08163604839424
269,43.98229715025568,44.08641195695853
271,43.98229715025568,44.09118786552282
271,43.98229715025568,44.09596377408711
268,43.98229715025568,44.1007396826514
263,43.98229715025568,44.10551559121569
267,43.98229715025568,44.112679454062125
269,43.98229715025568,44.115067408344274
272,43.98229715025568,44.12223127119071
262,43.98229715025568,44.12461922547285
268,43.98229715025568,44.127007179755
262,43.98229715025568,44.12461922547285
274,43.98229715025568,44.1222312711907
272,43.98229715025568,44.11984331690855
272,43.98229715025568,44.11267945406212
268,43.98229715025568,44.105515591215685
272,43.98229715025568,44.09357581980496
268,43.98229715025568,44.08879991124067
270,43.98229715025568,44.07686013982995
268,43.98229715025568,44.067308322701365
270,43.98229715025568,44.06014445985493
276,43.98229715025568,44.0529805970085
267,43.98229715025568,44.04581673416207
270,43.98229715025568,44.04342877987992
269,43.98229715025568,44.041040825597776
276,43.98229715025568,44.03865287131563
268,43.98229715025568,44.03626491703348
268,43.98229715025568,44.033876962751336
266,43.98229715025568,44.033876962751336
265,43.98229715025568,44.03148900846919
272,43.98229715025568,44.033876962751336
267,43.98229715025568,44.033876962751336
266,43.98229715025568,44.029101054187045
270,43.98229715025568,44.029101054187045
271,43.98229715025568,44.024325145622754
290,43.98229715025568,44.021937191340605
276,43.98229715025568,44.021937191340605
267,43.98229715025568,44.017161282776314
264,43.98229715025568,44.017161282776314
274,43.98229715025568,44.017161282776314
266,43.98229715025568,44.017161282776314
268,43.98229715025568,44.017161282776314
267,43.98229715025568,44.017161282776314
269,43.98229715025568,44.017161282776314
277,43.98229715025568,44.017161282776314
269,43.98229715025568,44.017161282776314
267,43.98229715025568,44.017161282776314
269,43.98229715025568,44.017161282776314
269,43.98229715025568,44.017161282776314
274,43.98229715025568,44.017161282776314
267,43.98229715025568,44.017161282776314
268,43.98229715025568,44.017161282776314
266,43.98229715025568,44.017161282776314
273,43.98229715025568,44.017161282776314
267,43.98229715025568,44.017161282776314
268,43.98229715025568,44.017161282776314
269,43.98229715025568,44.017161282776314
272,43.98229715025568,44.017161282776314
269,43.98229715025568,44.014773328494165
274,43.98229715025568,44.014773328494165
272,43.98229715025568,44.012385374212016
275,43.98229715025568,44.007609465647725
272,43.98229715025568,44.00522151136558
276,43.98229715025568,43.995669694237
271,43.98229715025568,43.99089378567271
277,43.98229715025568,43.976566059979845
264,43.98229715025568,43.971790151415554
282,43.98229715025568,43.96462628856912
276,43.98229715025568,43.95985038000483
271,43.98229715025568,43.95507447144054
272,43.98229715025568,43.95507447144054
268,43.98229715025568,43.95268651715839
283,43.98229715025568,43.95268651715839
272,43.98229715025568,43.95268651715839
266,43.98229715025568,43.95507447144054
274,43.98229715025568,43.95029856287625
253,43.98229715025568,43.9526865171584
274,43.98229715025568,43.95507447144055
276,43.98229715025568,43.95985038000484
260,43.98229715025568,43.96223833428699
260,43.98229715025568,43.96223833428699
268,43.98229715025568,43.96223833428699
262,43.98229715025568,43.96223833428699
258,43.98229715025568,43.96462628856913
258,43.98229715025568,43.96701424285128
265,43.98229715025568,43.97179015141557
278,43.98229715025568,43.97179015141557
273,43.98229715025568,43.97417810569772
272,43.98229715025568,43.97417810569772
270,43.98229715025568,43.97656605997987
269,43.98229715025568,43.974178105697725
265,43.98229715025568,43.974178105697725
270,43.98229715025568,43.971790151415576
279,43.98229715025568,43.971790151415576
278,43.98229715025568,43.971790151415576
274,43.98229715025568,43.971790151415576
275,43.98229715025568,43.971790151415576
278,43.98229715025568,43.971790151415576
276,43.98229715025568,43.971790151415576
276,43.98229715025568,43.971790151415576
278,43.98229715025568,43.971790151415576
277,43.98229715025568,43.971790151415576
279,43.98229715025568,43.96940219713343
276,43.98229715025568,43.971790151415576
280,43.98229715025568,43.971790151415576
275,43.98229715025568,43.97656605997987
265,43.98229715025568,43.98134196854416
278,43.98229715025568,43.98611787710845
265,43.98229715025568,43.99089378567274
273,43.98229715025568,43.99566969423703
278,43.98229715025568,43.99805764851918
276,43.98229715025568,44.00044560280132
277,43.98229715025568,44.00522151136561
280,43.98229715025568,44.00044560280132
270,43.98229715025568,43.99805764851917
274,43.98229715025568,43.99566969423702
289,43.98229715025568,43.99566969423702
276,43.98229715025568,43.99089378567273
280,43.98229715025568,43.98850583139058
285,43.98229715025568,43.98850583139058
273,43.98229715025568,43.990893785672725
267,43.98229715025568,43.990893785672725
268,43.98229715025568,43.99328173995487
262,43.98229715025568,43.99328173995487
263,43.98229715025568,43.99089378567272
264,43.98229715025568,43.99328173995487
264,43.98229715025568,43.990893785672725
269,43.98229715025568,43.988505831390576
268,43.98229715025568,43.99089378567272
268,43.98229715025568,43.99089378567272
296,43.98229715025568,43.99089378567272
273,43.98229715025568,43.98850583139057
290,43.98229715025568,43.98611787710843
268,43.98229715025568,43.98611787710843
268,43.98229715025568,43.98611787710843
269,43.98229715025568,43.98611787710843
277,43.98229715025568,43.98611787710843
280,43.98229715025568,43.98611787710843
270,43.98229715025568,43.98611787710843
269,43.98229715025568,43.98611787710843
275,43.98229715025568,43.98611787710843
276,43.98229715025568,43.98611787710843
269,43.98229715025568,43.98611787710843
269,43.98229715025568,43.98611787710843
277,43.98229715025568,43.98611787710843
271,43.98229715025568,43.98611787710843
268,43.98229715025568,43.98611787710843
275,43.98229715025568,43.98611787710843
274,43.98229715025568,43.98611787710843
271,43.98229715025568,43.98611787710843
277,43.98229715025568,43.98611787710843
273,43.98229715025568,43.98611787710843
274,43.98229715025568,43.98611787710843
275,43.98229715025568,43.98611787710843
273,43.98229715025568,43.98611787710843
276,43.98229715025568,43.98611787710843
271,43.98229715025568,43.98611787710843
273,43.98229715025568,43.98611787710843
272,43.98229715025568,43.98611787710843
271,43.98229715025568,43.98611787710843
272,43.98229715025568,43.98611787710843
271,43.98229715025568,43.98611787710843
274,43.98229715025568,43.98611787710843
255,43.98229715025568,43.98611787710843
257,43.98229715025568,43.98611787710843
256,43.98229715025568,43.98611787710843
257,43.98229715025568,43.98611787710843
257,43.98229715025568,43.98611787710843
255,43.98229715025568,43.988505831390576
256,43.98229715025568,43.988505831390576
275,43.98229715025568,43.988505831390576
276,43.98229715025568,43.990893785672725
276,43.98229715025568,43.990893785672725
275,43.98229715025568,43.990893785672725
276,43.98229715025568,43.990893785672725
275,43.98229715025568,43.990893785672725
276,43.98229715025568,43.990893785672725
274,43.98229715025568,43.990893785672725
274,43.98229715025568,43.990893785672725
274,43.98229715025568,43.990893785672725
274,43.98229715025568,43.990893785672725
274,43.98229715025568,43.990893785672725
275,43.98229715025568,43.990893785672725
276,43.98229715025568,43.990893785672725
271,43.98229715025568,43.990893785672725
275,43.98229715025568,43.990893785672725
273,43.98229715025568,43.990893785672725
272,43.98229715025568,43.990893785672725
275,43.98229715025568,43.990893785672725
272,43.98229715025568,43.990893785672725
274,43.98229715025568,43.990893785672725
272,43.98229715025568,43.990893785672725
272,43.98229715025568,43.990893785672725
273,43.98229715025568,43.990893785672725
272,43.98229715025568,43.990893785672725
274,43.98229715025568,43.990893785672725
272,43.98229715025568,43.990893785672725
274,43.98229715025568,43.990893785672725
271,43.98229715025568,43.990893785672725
273,43.98229715025568,43.990893785672725
272,43.98229715025568,43.990893785672725
272,43.98229715025568,43.990893785672725
272,43.98229715025568,43.990893785672725
272,43.98229715025568,43.990893785672725
272,43.98229715025568,43.990893785672725
272,43.98229715025568,43.990893785672725
271,43.98229715025568,43.990893785672725
272,43.98229715025568,43.990893785672725
272,43.98229715025568,43.990893785672725
273,43.98229715025568,43.990893785672725
272,43.98229715025568,43.990893785672725
272,43.98229715025568,43.990893785672725
273,43.98229715025568,43.990893785672725
270,43.98229715025568,43.990893785672725
271,43.98229715025568,43.990893785672725
270,43.98229715025568,43.990893785672725
271,43.98229715025568,43.990893785672725
271,43.98229715025568,43.990893785672725
272,43.98229715025568,43.990893785672725
272,43.98229715025568,43.990893785672725
272,43.98229715025568,43.990893785672725
272,43.98229715025568,43.990893785672725
272,43.98229715025568,43.990893785672725
272,43.98229715025568,43.990893785672725
274,43.98229715025568,43.990893785672725
272,43.98229715025568,43.990893785672725
276,43.98229715025568,43.988505831390576
274,43.98229715025568,43.98611787710843
270,43.98229715025568,43.98611787710843
285,43.98229715025568,43.983729922826285
272,43.98229715025568,43.97656605997985
280,43.98229715025568,43.97417810569771
271,43.98229715025568,43.96940219713342
268,43.98229715025568,43.96701424285127
270,43.98229715025568,43.96462628856912
272,43.98229715025568,43.96223833428697
271,43.98229715025568,43.96223833428697
268,43.98229715025568,43.96223833428697
269,43.98229715025568,43.96223833428697
267,43.98229715025568,43.96223833428697
262,43.98229715025568,43.96462628856912
264,43.98229715025568,43.95985038000483
269,43.98229715025568,43.95746242572268
271,43.98229715025568,43.95985038000483
273,43.98229715025568,43.96223833428697
268,43.98229715025568,43.96223833428697
276,43.98229715025568,43.96223833428697
278,43.98229715025568,43.96223833428697
282,43.98229715025568,43.95985038000483
265,43.98229715025568,43.96223833428698
276,43.98229715025568,43.96223833428698
261,43.98229715025568,43.96462628856913
259,43.98229715025568,43.96701424285127
254,43.98229715025568,43.96701424285127
257,43.98229715025568,43.96462628856912
268,43.98229715025568,43.96462628856912
273,43.98229715025568,43.95985038000483
267,44.00473709778132,43.95985038000483
258,44.02717704530696,43.96223833428698
263,44.049616992832604,43.96223833428698
273,44.072056940358245,43.96462628856913
270,44.094496887883885,43.96940219713342
285,44.116936835409525,43.97179015141557
282,44.139376782935166,43.97656605997986
283,44.16181673046081,43.98372992282629
280,44.18425667798645,43.990893785672725
280,44.20669662551209,44.00522151136559
285,44.22913657303773,44.019549237058456
280,44.25157652056337,44.02432514562275
274,44.27401646808901,44.052980597008485
280,44.29645641561465,44.08163604839422
272,44.31889636314029,44.10551559121567
274,44.34133631066593,44.13417104260141
274,44.36377625819157,44.16999035683358
275,44.38621620571721,44.20103376250147
274,44.40865615324285,44.234465122451496
261,44.43109610076849,44.24640489386222
264,44.45353604829413,44.301327842351554
262,44.47597599581977,44.34908692799445
262,44.498415943345414,44.38251828794448
263,44.520855890871054,44.41594964789451
263,44.543295838396695,44.45654487069097
266,44.565735785922335,44.489976230641
241,44.588175733447976,44.51863168202674
243,44.610615680973616,44.52818349915531
245,44.63305562849926,44.58549440192679
245,44.6554955760249,44.614149853312526
245,44.67793552355054,44.640417350416115
245,44.70037547107618,44.66429689323756
233,44.72281541860182,44.6929523446233
234,44.74525536612746,44.714443933162606
232,44.7676953136531,44.73115961313761
234,44.79013526117874,44.7574271102412
233,44.81257520870438,44.78369460734479
234,44.83501515623002,44.8051861958841
232,44.85745510375566,44.824289830141254
234,44.8798950512813,44.855333235809134
234,44.90233499880694,44.8744368700663
225,44.92477494633258,44.8959284586056
224,44.947214893858224,44.91025618429847
223,44.969654841383864,44.9436875442485
222,44.992094788909505,44.9651791327878
220,45.014534736435145,44.98905867560925
223,45.036974683960786,45.01771412699499
210,45.059414631486426,45.041593669816436
207,45.08185457901207,45.0606973040736
206,45.10429452653771,45.079800938330756
209,45.12673447406335,45.09651661830577
211,45.14917442158899,45.1299479782558
212,45.17161436911463,45.151439566795105
213,45.19405431664027,45.18009501818084
202,45.21649426416591,45.199198652438
201,45.23893421169155,45.213526378130865
212,45.26137415921719,45.22785410382373
208,45.28381410674283,45.25412160092732
200,45.30625405426847,45.26128546377375
201,45.32869400179411,45.29232886944164
203,45.35113394931975,45.313820457980945
189,45.37357389684539,45.344863863648825
193,45.39601384437103,45.36874340647027
191,45.418453791896674,45.39023499500958
191,45.440893739422314,45.416502492113175
190,45.463333686947955,45.43799408065248
190,45.485773634473595,45.459485669191785
187,45.508213581999236,45.48575316629538
180,45.530653529524876,45.51440861768112
180,45.55309347705052,45.535900206220425
181,45.57553342457616,45.55977974904187
181,45.5979733721018,45.58365929186332
176,45.62041331962744,45.60992678896691
176,45.64285326715308,45.619478606095484
177,45.66529321467872,45.64813405748122
168,45.68773316220436,45.67678950886696
167,45.71017310973,45.70066905168841
167,45.73261305725564,45.724548594509855
168,45.75505300478128,45.74604018304916
169,45.77749295230692,45.77947154299919
172,45.79993289983256,45.800963131538495
170,45.8223728473582,45.80812699438493
162,45.84481279488384,45.84633426289925
158,45.867252742409484,45.86066198859211
158,45.889692689935124,45.87976562284928
157,45.912132637460765,45.89886925710644
155,45.934572584986405,45.92513675421004
156,45.957012532512046,45.94185243418505
147,45.979452480037686,45.96334402272436
154,46.00189242756333,45.97050788557079
142,46.02433237508897,46.00393924552082
146,46.04677232261461,46.020654925495826
147,46.06921227014025,46.04214651403513
147,46.09165221766589,46.07318991970302
150,46.11409216519153,46.097069462524466
150,46.13653211271717,46.12333695962806
150,46.15897206024281,46.14960445673166
140,46.18141200776845,46.16154422814238
140,46.20385195529409,46.21646717663172
147,46.22629190281973,46.245122628017455
153,46.24873185034537,46.26422626227462
145,46.27117179787101,46.2952696679425
149,46.29361174539665,46.316761256481804
143,46.316051692922294,46.33347693645682
130,46.338491640447934,46.35258057071398
128,46.360931587973575,46.37646011353543
111,46.383371535499215,46.38839988494615
124,46.405811483024856,46.40033965635688
129,46.428251430550496,46.41944329061404
115,46.45069137807614,46.428995107742615
122,46.47313132560178,46.44093487915334
126,46.49557127312742,46.45287465056406
119,46.51801122065306,46.46720237625693
123,46.5404511681787,46.488693964796234
119,46.56289111570434,46.51018555333554
122,46.58533106322998,46.53645305043913
114,46.60777101075562,46.560332593260576
123,46.63021095828126,46.586600090364165
104,46.6526509058069,46.6152555417499
110,46.67509085333254,46.651074855982074
105,46.69753080085818,46.6630146273928
109,46.71997074838382,46.7107737130357
104,46.74241069590946,46.74181711870358
114,46.7648506434351,46.77763643293575
112,46.787290590960744,46.80629188432149
96,46.809730538486384,46.830171427142936
96,46.832170486012025,46.85643892424653
96,46.854610433537665,46.88509437563227
94,46.877050381063306,46.8922582384787
89,46.899490328588946,46.92330164414659
99,46.92193027611459,46.944793232685896
99,46.94437022364023,46.9615089126609
78,46.96681017116587,46.97822459263591
90,46.98925011869151,46.99494027261092
84,47.01169006621715,47.016431861150224
83,47.03413001374279,47.03314754112523
84,47.05656996126843,47.040311403971664
84,47.07900990879407,47.07374276392169
78,47.10144985631971,47.10239821530743
77,47.12388980384535,47.12388980384674
78,47.14632975137099,47.147769346668184
77,47.16876969889663,47.17164888948963
80,47.19120964642227,47.20030434087537
73,47.21364959394791,47.221795929414675
77,47.236089541473554,47.22895979226111
80,47.258529488999194,47.26477910649328
69,47.280969436524835,47.291046603596875
72,47.303409384050475,47.30776228357188
68,47.325849331576116,47.32925387211119
70,47.348289279101756,47.353133414932636
70,47.3707292266274,47.37223704918979
70,47.39316917415304,47.3889527291648
71,47.41560912167868,47.408056363421956
79,47.43804906920432,47.43432386052555
80,47.46048901672996,47.45581544906486
81,47.4829289642556,47.474919083322014
73,47.50536891178124,47.49641067186132
86,47.52780885930688,47.52506612324706
78,47.55024880683252,47.54178180322207
75,47.57268875435816,47.548945666068505
51,47.5951287018838,47.584764980300676
51,47.61756864940944,47.618196340250705
50,47.64000859693508,47.64207588307215
50,47.66244854446072,47.66356747161146
54,47.684888491986364,47.692222922997196
52,47.707328439512004,47.720878374382934
61,47.729768387037645,47.74475791720438
41,47.752208334563285,47.754309734332956
40,47.774648282088926,47.79968086569371
44,47.797088229614566,47.818784499950866
42,47.81952817714021,47.84266404277231
39,47.84196812466585,47.86415563131162
41,47.86440807219149,47.89042312841521
40,47.88684801971713,47.91191471695451
34,47.90928796724277,47.93340630549382
34,47.93172791476841,47.93818221405811
31,47.95416786229405,47.97877743685457
32,47.97660780981969,47.99788107111173
32,47.99904775734533,48.01937265965103
34,48.02148770487097,48.03847629390819
35,48.04392765239661,48.06713174529393
30,48.06636759992225,48.086235379551084
37,48.08880754744789,48.10295105952609
26,48.11124749497353,48.10772696809038
28,48.13368744249917,48.1459342366047
32,48.156127390024814,48.16026196229757
28,48.178567337550454,48.17697764227258
23,48.201007285076095,48.20085718509403
19,48.223447232601735,48.21996081935119
18,48.245887180127376,48.23667649932621
17,48.268327127653016,48.251004225019074
20,48.29076707517866,48.27488376784052
19,48.3132070227043,48.291599447815535
15,48.33564697022994,48.31309103635484
21,48.35808691775558,48.334582624894146
16,48.38052686528122,48.368013984844175
15,48.40296681280686,48.394281481947765
17,48.4254067603325,48.420548979051354
16,48.44784670785814,48.43965261330851
16,48.47028665538378,48.47547192754068
15,48.49272660290942,48.49935147036213
12,48.51516655043506,48.520843058901434
2,48.5376064979607,48.54233464744074
2,48.56004644548634,48.56621419026219
3,48.58248639301198,48.58770577880149
3,48.604926340537624,48.60442145877651
1,48.627366288063264,48.61636123018723
1,48.649806235588905,48.64979259013726
2,48.672246183114545,48.671284178676565
356,48.694686130640186,48.69516372149801
356,48.717126078165826,48.71665531003732
357,48.73956602569147,48.740534852858765
358,48.76200597321711,48.76202644139807
357,48.78444592074275,48.79306984706595
359,48.80688586826839,48.80023370991238
0,48.82932581579403,48.836053024144555
348,48.85176576331967,48.85754461268386
341,48.87420571084531,48.88381210978745
346,48.89664565837095,48.9076916526089
345,48.91908560589659,48.92679528686605
343,48.94152555342223,48.95306278396965
343,48.96396550094787,48.97216641822681
346,48.98640544847351,48.976942326791104
339,49.00884539599915,49.00320982389469
338,49.03128534352479,49.02708936671614
344,49.053725291050434,49.0461930009733
342,49.076165238576074,49.06052072666616
345,49.098605186101715,49.0891761780519
340,49.121045133627355,49.10589185802691
342,49.143485081152996,49.12738344656621
341,49.165925028678636,49.15126298938766
333,49.18836497620428,49.18230639505555
331,49.21080492372992,49.201410029312704
330,49.23324487125556,49.22290161785201
322,49.2556848187812,49.244393206391315
328,49.27812476630684,49.2754366120592
331,49.30056471383248,49.29692820059851
329,49.32300466135812,49.30648001772709
313,49.34544460888376,49.33991137767712
310,49.3678845564094,49.36856682906286
311,49.39032450393504,49.392446371884304
317,49.41276445146068,49.41393796042361
316,49.43520439898632,49.4402054575272
316,49.45764434651196,49.456921137502206
321,49.4800842940376,49.47602477175936
315,49.50252424156324,49.483188634605796
316,49.524964189088884,49.516619994555825
318,49.547404136614524,49.53811158309513
320,49.569844084140165,49.559603171634436
316,49.592284031665805,49.585870668738025
314,49.614723979191446,49.60736225727733
313,49.637163926717086,49.628853845816636
307,49.65960387424273,49.65034543435594
307,49.68204382176837,49.662285205766665
309,49.70448376929401,49.698104519998836
307,49.72692371681965,49.72198406282028
305,49.74936366434529,49.74108769707745
309,49.77180361187093,49.772131102745334
306,49.79424355939657,49.7864588284382
301,49.81668350692221,49.81033837125965
293,49.83912345444785,49.82944200551681
299,49.86156340197349,49.85809745690255
299,49.88400334949913,49.879589045441854
306,49.90644329702477,49.90108063398116
302,49.92888324455041,49.920184268238316
301,49.95132319207605,49.9512276739062
286,49.973763139601694,49.97033130816337
295,49.996203087127334,49.99182289670267
285,50.018643034652975,50.01331448524198
292,50.041082982178615,50.044357890909865
289,50.063522929704256,50.06823743373131
294,50.085962877229896,50.09211697655276
288,50.10840282475554,50.118384473656356
280,50.13084277228118,50.13987606219566
274,50.15328271980682,50.16375560501711
279,50.17572266733246,50.185247193556414
282,50.1981626148581,50.19718696496714
280,50.22060256238374,50.23300627919931
279,50.24304250990938,50.24972195917432
283,50.26548245743502,50.26882559343149
270,50.26548245743502,50.29031718197079
269,50.26548245743502,50.309420816227956
279,50.26548245743502,50.32374854192082
274,50.26548245743502,50.340464221895836
276,50.26548245743502,50.34524013046013
276,50.26548245743502,50.35717990187085
273,50.26548245743502,50.36673171899943
272,50.26548245743502,50.36911967328158
272,50.26548245743502,50.37389558184587
268,50.26548245743502,50.37628353612802
270,50.26548245743502,50.37867149041017
267,50.26548245743502,50.38344739897446
268,50.26548245743502,50.38583535325661
267,50.26548245743502,50.38822330753875
269,50.26548245743502,50.39299921610304
268,50.26548245743502,50.402551033231624
274,50.26548245743502,50.41449080464235
267,50.26548245743502,50.41926671320664
260,50.26548245743502,50.42404262177093
268,50.26548245743502,50.433594438899505
267,50.26548245743502,50.433594438899505
262,50.26548245743502,50.433594438899505
264,50.26548245743502,50.435982393181646
274,50.26548245743502,50.428818530335214
259,50.26548245743502,50.42404262177092
272,50.26548245743502,50.41687875892449
268,50.26548245743502,50.40971489607806
284,50.26548245743502,50.400163078949475
260,50.26548245743502,50.38344739897446
265,50.26548245743502,50.37389558184588
265,50.26548245743502,50.366731718999446
265,50.26548245743502,50.359567856153014
264,50.26548245743502,50.35001603902443
262,50.26548245743502,50.34762808474228
263,50.26548245743502,50.34285217617799
272,50.26548245743502,50.3380762676137
271,50.26548245743502,50.33568831333155
269,50.26548245743502,50.33091240476726
270,50.26548245743502,50.32852445048511
273,50.26548245743502,50.32613649620296
272,50.26548245743502,50.32136058763867
274,50.26548245743502,50.31897263335652
247,50.26548245743502,50.31419672479223
255,50.26548245743502,50.31180877051008
257,50.26548245743502,50.31180877051008
250,50.26548245743502,50.31180877051008
242,50.26548245743502,50.31419672479223
242,50.26548245743502,50.31419672479223
253,50.26548245743502,50.31658467907438
269,50.26548245743502,50.31419672479223
268,50.26548245743502,50.31419672479223
268,50.26548245743502,50.31180877051009
265,50.26548245743502,50.30942081622794
267,50.26548245743502,50.30703286194579
267,50.26548245743502,50.30464490766364
268,50.26548245743502,50.29986899909935
266,50.26548245743502,50.297481044817204
271,50.26548245743502,50.29270513625291
289,50.26548245743502,50.29270513625291
274,50.26548245743502,50.29270513625291
276,50.26548245743502,50.29270513625291
269,50.26548245743502,50.29270513625291
271,50.26548245743502,50.29270513625291
268,50.26548245743502,50.29270513625291
265,50.26548245743502,50.29270513625291
271,50.26548245743502,50.29270513625291
266,50.26548245743502,50.29270513625291
269,50.26548245743502,50.29270513625291
270,50.26548245743502,50.29270513625291
267,50.26548245743502,50.29270513625291
268,50.26548245743502,50.29270513625291
269,50.26548245743502,50.29270513625291
270,50.26548245743502,50.29270513625291
267,50.26548245743502,50.29270513625291
271,50.26548245743502,50.29270513625291
267,50.26548245743502,50.290317181970764
277,50.26548245743502,50.287929227688615
265,50.26548245743502,50.28554127340647
282,50.26548245743502,50.283153319124324
267,50.26548245743502,50.27837741056003
274,50.26548245743502,50.27837741056003
272,50.26548245743502,50.2712135477136
266,50.26548245743502,50.27360150199575
272,50.26548245743502,50.266437639149316
261,50.26548245743502,50.26404968486717
274,50.26548245743502,50.25927377630288
264,50.26548245743502,50.25688582202073
274,50.26548245743502,50.25449786773858
266,50.26548245743502,50.25210991345643
264,50.26548245743502,50.25449786773858
263,50.26548245743502,50.25449786773858
262,50.26548245743502,50.25688582202073
269,50.26548245743502,50.25688582202073
271,50.26548245743502,50.25449786773858
272,50.26548245743502,50.25449786773858
272,50.26548245743502,50.25688582202073
273,50.26548245743502,50.25449786773858
274,50.26548245743502,50.25210991345643
276,50.26548245743502,50.25210991345643
267,50.26548245743502,50.24733400489214
286,50.26548245743502,50.24494605061
270,50.26548245743502,50.24494605061
281,50.26548245743502,50.24255809632785
272,50.26548245743502,50.24733400489214
277,50.26548245743502,50.24972195917428
276,50.26548245743502,50.24972195917428
276,50.26548245743502,50.25210991345642
275,50.26548245743502,50.259273776302855
273,50.26548245743502,50.261661730585004
268,50.26548245743502,50.264049684867146
272,50.26548245743502,50.264049684867146
265,50.26548245743502,50.266437639149295
268,50.26548245743502,50.266437639149295
274,50.26548245743502,50.266437639149295
274,50.26548245743502,50.266437639149295
276,50.26548245743502,50.266437639149295
285,50.26548245743502,50.266437639149295
275,50.26548245743502,50.266437639149295
275,50.26548245743502,50.266437639149295
274,50.26548245743502,50.266437639149295
274,50.26548245743502,50.266437639149295
277,50.26548245743502,50.266437639149295
272,50.26548245743502,50.266437639149295
273,50.26548245743502,50.266437639149295
278,50.26548245743502,50.266437639149295
272,50.26548245743502,50.266437639149295
275,50.26548245743502,50.266437639149295
253,50.26548245743502,50.266437639149295
254,50.26548245743502,50.266437639149295
253,50.26548245743502,50.266437639149295
253,50.26548245743502,50.266437639149295
253,50.26548245743502,50.266437639149295
253,50.26548245743502,50.266437639149295
253,50.26548245743502,50.266437639149295
271,50.26548245743502,50.266437639149295
270,50.26548245743502,50.266437639149295
270,50.26548245743502,50.266437639149295
270,50.26548245743502,50.266437639149295
270,50.26548245743502,50.266437639149295
269,50.26548245743502,50.266437639149295
270,50.26548245743502,50.266437639149295
274,50.26548245743502,50.266437639149295
273,50.26548245743502,50.266437639149295
273,50.26548245743502,50.268825593431444
275,50.26548245743502,50.273601501995735
266,50.26548245743502,50.27598945627788
272,50.26548245743502,50.27598945627788
262,50.26548245743502,50.27598945627788
274,50.26548245743502,50.27598945627788
272,50.26548245743502,50.27837741056002
271,50.26548245743502,50.27837741056002
272,50.26548245743502,50.27360150199573
278,50.26548245743502,50.27360150199573
294,50.26548245743502,50.27360150199573
281,50.26548245743502,50.27360150199573
273,50.26548245743502,50.27121354771358
277,50.26548245743502,50.27121354771358
268,50.26548245743502,50.27121354771358
271,50.26548245743502,50.27121354771358
273,50.26548245743502,50.27121354771358
270,50.26548245743502,50.27121354771358
271,50.26548245743502,50.27121354771358
269,50.26548245743502,50.27121354771358
272,50.26548245743502,50.27121354771358
272,50.26548245743502,50.27121354771358
269,50.26548245743502,50.27360150199573
277,50.26548245743502,50.27360150199573
278,50.26548245743502,50.271213547713586
271,50.26548245743502,50.26882559343144
284,50.26548245743502,50.266437639149295
278,50.26548245743502,50.261661730585004
272,50.26548245743502,50.26404968486715
270,50.26548245743502,50.261661730585004
279,50.26548245743502,50.26404968486715
271,50.26548245743502,50.26404968486715
268,50.26548245743502,50.2664376391493
268,50.26548245743502,50.2664376391493
269,50.26548245743502,50.2664376391493
267,50.26548245743502,50.2664376391493
268,50.26548245743502,50.26404968486715
266,50.26548245743502,50.2664376391493
245,50.26548245743502,50.26404968486715
263,50.26548245743502,50.26404968486715
267,50.26548245743502,50.26404968486715
271,50.26548245743502,50.261661730585004
272,50.26548245743502,50.261661730585004
275,50.26548245743502,50.25688582202071
275,50.26548245743502,50.25210991345642
284,50.26548245743502,50.24733400489213
284,50.26548245743502,50.24972195917428
276,50.26548245743502,50.24494605060999
274,50.26548245743502,50.24733400489213
279,50.26548245743502,50.24494605060998
271,50.26548245743502,50.24972195917427
271,50.26548245743502,50.252109913456415
273,50.26548245743502,50.254497867738564
272,50.26548245743502,50.259273776302855
273,50.26548245743502,50.261661730585004
255,50.26548245743502,50.259273776302855
274,50.26548245743502,50.261661730585
282,50.26548245743502,50.261661730585
280,50.26548245743502,50.261661730585
278,50.26548245743502,50.261661730585
280,50.26548245743502,50.261661730585
274,50.26548245743502,50.261661730585
277,50.26548245743502,50.261661730585
276,50.26548245743502,50.261661730585
276,50.26548245743502,50.261661730585
273,50.26548245743502,50.261661730585
275,50.26548245743502,50.261661730585
273,50.26548245743502,50.25927377630285
258,50.26548245743502,50.261661730585
261,50.26548245743502,50.261661730585
255,50.26548245743502,50.26882559343143
253,50.26548245743502,50.27360150199572
254,50.26548245743502,50.27837741056001
247,50.26548245743502,50.28076536484215
260,50.26548245743502,50.285541273406444
266,50.26548245743502,50.28792922768859
274,50.26548245743502,50.285541273406444
275,50.26548245743502,50.285541273406444
278,50.26548245743502,50.2831533191243
277,50.26548245743502,50.2831533191243
279,50.26548245743502,50.27837741056001
282,50.26548245743502,50.27598945627786
295,50.26548245743502,50.27360150199572
278,50.26548245743502,50.27360150199572
273,50.26548245743502,50.26643763914929
270,50.26548245743502,50.26643763914929
267,50.26548245743502,50.26643763914929
268,50.26548245743502,50.26882559343143
268,50.26548245743502,50.27121354771358
267,50.26548245743502,50.27360150199572
268,50.26548245743502,50.27360150199572
266,50.26548245743502,50.26882559343143
269,50.26548245743502,50.26882559343143
269,50.26548245743502,50.27360150199572
270,50.26548245743502,50.27121354771357
274,50.26548245743502,50.27121354771357
285,50.26548245743502,50.27121354771357
272,50.26548245743502,50.26882559343142
281,50.26548245743502,50.266437639149274
285,50.26548245743502,50.266437639149274
267,50.26548245743502,50.266437639149274
266,50.26548245743502,50.266437639149274
270,50.26548245743502,50.266437639149274
273,50.26548245743502,50.266437639149274
267,50.26548245743502,50.266437639149274
271,50.26548245743502,50.266437639149274
273,50.26548245743502,50.266437639149274
266,50.26548245743502,50.266437639149274
275,50.26548245743502,50.266437639149274
270,50.26548245743502,50.266437639149274
271,50.26548245743502,50.266437639149274
271,50.26548245743502,50.266437639149274
275,50.26548245743502,50.266437639149274
273,50.26548245743502,50.26882559343142
273,50.26548245743502,50.26882559343142
275,50.26548245743502,50.266437639149274
276,50.26548245743502,50.264049684867125
276,50.26548245743502,50.264049684867125
270,50.26548245743502,50.259273776302834
278,50.26548245743502,50.256885822020685
282,50.26548245743502,50.256885822020685
271,50.26548245743502,50.252109913456394
272,50.26548245743502,50.252109913456394
270,50.26548245743502,50.252109913456394
280,50.26548245743502,50.25449786773854
275,50.26548245743502,50.25688582202069
279,50.26548245743502,50.25927377630284
273,50.26548245743502,50.26404968486713
273,50.26548245743502,50.26404968486713
267,50.26548245743502,50.26643763914928
267,50.26548245743502,50.26882559343142
246,50.26548245743502,50.26643763914928
279,50.26548245743502,50.26404968486713
275,50.26548245743502,50.26404968486713
280,50.26548245743502,50.26404968486713
279,50.26548245743502,50.26404968486713
281,50.26548245743502,50.26404968486713
279,50.28792240496066,50.26404968486713
280,50.3103623524863,50.26404968486713
278,50.33280230001194,50.26643763914928
301,50.35524224753758,50.27121354771357
288,50.37768219506322,50.27598945627786
287,50.40012214258886,50.283153319124295
295,50.4225620901145,50.29509309053502
280,50.445002037640144,50.32136058763861
281,50.467441985165785,50.342852176177914
266,50.489881932691425,50.36673171899936
274,50.512321880217065,50.39061126182081
270,50.534761827742706,50.41926671320655
270,50.55720177526835,50.4383703474637
257,50.57964172279399,50.45747398172086
262,50.60208167031963,50.46941375313158
264,50.62452161784527,50.49806920451732
243,50.64696156537091,50.51239693021019
242,50.66940151289655,50.52194874733877
246,50.69184146042219,50.543440335878074
247,50.71428140794783,50.56015601585309
253,50.73672135547347,50.5768716958281
260,50.75916130299911,50.59597533008526
250,50.78160125052475,50.60791510149598
261,50.80404119805039,50.63895850716387
267,50.82648114557603,50.66522600426747
263,50.84892109310167,50.698657364217496
260,50.87136104062731,50.727312815603234
268,50.893800988152954,50.75835622127112
258,50.916240935678594,50.79895144406758
259,50.938680883204235,50.83238280401761
244,50.961120830729875,50.844322575428336
241,50.983560778255516,50.89924552391766
235,51.006000725781156,50.939840746714125
238,51.0284406733068,50.97088415238201
246,51.05088062083244,51.00192755804989
232,51.07332056835808,51.037746872282064
247,51.09576051588372,51.06401436938565
229,51.11820046340936,51.0878939122071
225,51.140640410935,51.09744572933568
223,51.16308035846064,51.138040952132144
226,51.18552030598628,51.1571445863893
226,51.20796025351192,51.178636174928606
232,51.23040020103756,51.20012776346791
224,51.2528401485632,51.22161935200722
212,51.27528009608884,51.23355912341794
222,51.29772004361448,51.250274803392955
212,51.32015999114012,51.25982662052153
215,51.342599938665764,51.29087002618941
222,51.365039886191404,51.307585706164424
226,51.387479833717045,51.32907729470373
210,51.409919781242685,51.35773274608947
215,51.432359728768326,51.381612288910915
214,51.454799676293966,51.40549183173236
208,51.47723962381961,51.42220751170738
208,51.49967957134525,51.4604147802217
206,51.52211951887089,51.491458185889584
207,51.54455946639653,51.52011363727532
207,51.56699941392217,51.55354499722535
190,51.58943936144781,51.5774245400468
188,51.61187930897345,51.60369203715039
190,51.63431925649909,51.629959534253985
193,51.65675920402473,51.64428725994685
188,51.67919915155037,51.68010657417902
193,51.70163909907601,51.70398611700047
197,51.72407904660165,51.73025361410406
183,51.74651899412729,51.749357248361214
184,51.76895894165293,51.76846088261837
183,51.79139888917857,51.78756451687553
179,51.813838836704214,51.813832013979116
184,51.836278784229854,51.81860792254341
180,51.858718731755495,51.847263373929145
176,51.881158679281135,51.87114291675059
166,51.903598626806776,51.88785859672561
170,51.926038574332416,51.906962230982764
170,51.94847852185806,51.92606586523992
167,51.9709184693837,51.95233336234351
165,51.99335841690934,51.97621290516496
171,52.01579836443498,51.98337676801139
173,52.03823831196062,52.02158403652571
159,52.06067825948626,52.043075625065015
166,52.0831182070119,52.05979130504002
164,52.10555815453754,52.08128289357933
164,52.12799810206318,52.109938344965066
160,52.15043804958882,52.13381788778651
158,52.17287799711446,52.15530947632582
161,52.1953179446401,52.16247333917225
157,52.21775789216574,52.19829265340442
150,52.24019783969138,52.21739628766158
138,52.262637787217024,52.238887876200884
144,52.285077734742664,52.26276741902233
145,52.307517682268305,52.28903491612592
146,52.329957629793945,52.31530241322952
151,52.352397577319586,52.339181956050965
150,52.374837524845226,52.36067354459027
141,52.39727747237087,52.38694104169386
142,52.41971741989651,52.406044675951016
146,52.44215736742215,52.42992421877246
138,52.46459731494779,52.44663989874748
136,52.48703726247343,52.47290739585107
125,52.50947720999907,52.49439898439037
139,52.53191715752471,52.506338755801096
135,52.55435710505035,52.53021829862254
137,52.57679705257599,52.54454602431541
137,52.59923700010163,52.568425567136856
136,52.62167694762727,52.58752920139401
138,52.64411689515291,52.60663283565117
136,52.66655684267855,52.628124424190474
142,52.68899679020419,52.65677987557621
119,52.711436737729834,52.663943738422645
124,52.733876685255474,52.70453896121911
128,52.756316632781115,52.737970321169136
126,52.778756580306755,52.761849863990584
114,52.801196527832396,52.79050531537632
124,52.823636475358036,52.81438485819777
116,52.84607642288368,52.8478162181478
107,52.86851637040932,52.869307806687104
100,52.89095631793496,52.87647166953354
111,52.9133962654606,52.91229098376571
106,52.93583621298624,52.9385584808693
109,52.95827616051188,52.955274160844304
109,52.98071610803752,52.97437779510146
110,53.00315605556316,52.99109347507647
97,53.0255960030888,53.017360972180064
99,53.04803595061444,53.03646460643722
97,53.07047589814008,53.04124051500151
102,53.09291584566572,53.081835737797974
99,53.11535579319136,53.10332732633728
97,53.137795740717,53.124818914876585
99,53.16023568824264,53.14869845769803
84,53.182675635768284,53.17974186336592
91,53.205115583293924,53.19884549762308
90,53.227555530819565,53.21794913188024
94,53.249995478345205,53.24899253754812
91,53.272435425870846,53.280035943216006
90,53.294875373396486,53.303915486037454
90,53.31731532092213,53.32540707457676
78,53.33975526844777,53.346898663116065
77,53.36219521597341,53.373166160219654
80,53.38463516349905,53.39465774875896
87,53.40707511102469,53.408985474451825
81,53.42951505855033,53.444804788683996
76,53.45195500607597,53.46390842294115
74,53.47439495360161,53.48540001148046
68,53.49683490112725,53.511667508584054
71,53.51927484865289,53.53315909712336
68,53.54171479617853,53.552262731380516
69,53.56415474370417,53.57136636563767
68,53.58659469122981,53.58569409133054
65,53.60903463875545,53.62390135984485
67,53.631474586281094,53.64300499410201
58,53.653914533806734,53.66449658264131
61,53.676354481332375,53.6907640797449
61,53.698794428858015,53.70986771400206
62,53.721234376383656,53.728971348259215
60,53.743674323909296,53.755238845362804
61,53.76611427143494,53.76240270820924
70,53.78855421896058,53.79344611387712
54,53.81099416648622,53.81493770241642
58,53.83343411401186,53.83642929095573
50,53.8558740615375,53.86269678805932
52,53.87831400906314,53.88418837659862
56,53.90075395658878,53.90567996513793
55,53.92319390411442,53.934335416523666
53,53.94563385164006,53.9414992793701
43,53.9680737991657,53.97731859360227
43,53.99051374669134,54.00836199927015
44,54.01295369421698,54.029853587809455
44,54.03539364174262,54.0537331306309
44,54.05783358926826,54.07283676488806
45,54.080273536793904,54.09671630770951
45,54.102713484319544,54.11581994196666
37,54.125153431845185,54.120595850530954
35,54.147593379370825,54.151639256198834
36,54.170033326896466,54.17551879902028
43,54.192473274422106,54.194622433277445
34,54.21491322194775,54.21611402181675
39,54.23735316947339,54.24238151892035
34,54.25979311699903,54.26387310745965
30,54.28223306452467,54.28297674171681
30,54.30467301205031,54.304468330256114
32,54.32711295957595,54.33312378164185
30,54.34955290710159,54.35222741589901
32,54.37199285462723,54.371331050156165
30,54.39443280215287,54.39282263869547
27,54.41687274967851,54.41909013579907
39,54.43931269720415,54.43580581577408
39,54.46175264472979,54.447745587184805
32,54.48419259225543,54.47162513000625
37,54.50663253978107,54.4955046728277
37,54.52907248730671,54.51222035280271
37,54.551512434832354,54.53371194134201
34,54.573952382357994,54.55759148416346
19,54.596392329883635,54.579083072702765
17,54.618832277409275,54.59818670695992
15,54.641272224934916,54.605350569806355
16,54.663712172460556,54.6554976097314
14,54.6861521199862,54.68415306111714
13,54.70859206751184,54.708032603938584
14,54.73103201503748,54.73907600960647
9,54.75347196256312,54.75817964386363
7,54.77591191008876,54.777283278120784
6,54.7983518576144,54.79638691237794
7,54.82079180514004,54.808326683788664
8,54.84323175266568,54.83459418089225
10,54.86567170019132,54.85369781514942
7,54.88811164771696,54.882353266535155
359,54.9105515952426,54.90862076363875
4,54.93299154276824,54.93011235217806
3,54.95543149029388,54.95160394071736
359,54.97787143781952,54.98264734638525
0,55.000311385345164,54.98742325494954
0,55.022751332870804,55.02563052346386
0,55.045191280396445,55.04951006628531
350,55.067631227922085,55.08532938051748
350,55.090071175447726,55.109208923338926
349,55.112511122973366,55.13308846616037
348,55.13495107049901,55.1665198261104
346,55.15739101802465,55.18084755180327
347,55.17983096555029,55.211890957471155
349,55.20227091307593,55.24054640885689
349,55.22471086060157,55.2620379973962
341,55.24715080812721,55.281141631653355
341,55.26959075565285,55.30024526591051
341,55.29203070317849,55.32173685444982
343,55.31447065070413,55.33845253442483
342,55.33691059822977,55.34800435155341
342,55.35935054575541,55.37188389437486
342,55.38179049328105,55.39098752863202
335,55.40423044080669,55.40531525432488
332,55.42667038833233,55.4220309342999
338,55.449110335857974,55.441134568557054
335,55.471550283383614,55.45785024853207
338,55.493990230909255,55.476953882789225
335,55.516430178434895,55.48411774563566
340,55.538870125960536,55.52471296843212
329,55.561310073486176,55.546204556971425
330,55.58375002101182,55.56769614551073
329,55.60618996853746,55.589187734050036
328,55.6286299160631,55.617843185435774
329,55.65106986358874,55.63694681969293
329,55.67350981111438,55.65605045395009
328,55.69594975864002,55.66082636251438
324,55.71838970616566,55.696645676746556
323,55.7408296536913,55.71574931100371
322,55.76326960121694,55.73485294526087
323,55.78570954874258,55.7682843052109
313,55.80814949626822,55.792163848032345
312,55.83058944379386,55.818431345135934
315,55.8530293913195,55.83753497939309
313,55.87546933884514,55.854250659368105
314,55.89790928637078,55.887682019318135
290,55.920349233896424,55.91156156213958
310,55.942789181422064,55.93305315067889
310,55.965229128947705,55.96887246491106
310,55.987669076473345,55.99513996201465
318,56.010109023998986,56.019019504836095
294,56.032548971524626,56.04289904765754
295,56.05498891905027,56.07155449904328
303,56.07742886657591,56.090658133300444
300,56.09986881410155,56.10737381327546
303,56.12230876162719,56.12408949325047
303,56.14474870915283,56.14319312750763
303,56.16718865667847,56.157520853200495
283,56.18962860420411,56.17184857889336
280,56.21206855172975,56.183788350304084
269,56.23450849925539,56.20766789312553
277,56.25694844678103,56.22677152738269
270,56.27938839430667,56.2434872073577
272,56.30182834183231,56.2697547044613
274,56.32426828935795,56.288858338718455
285,56.34670823688359,56.31034992725776
293,56.369148184409234,56.33661742436135
287,56.391588131934874,56.34378128720778
287,56.414028079460515,56.393928327132826
287,56.436468026986155,56.420195824236416
293,56.458907974511796,56.446463321340005
289,56.481347922037436,56.479894681290034
274,56.50378786956308,56.50377422411148
278,56.52622781708872,56.52765376693293
278,56.54866776461436,56.551533309754376
280,56.54866776461436,56.56824898972939
271,56.54866776461436,56.60168034967942
272,56.54866776461436,56.618396029654434
273,56.54866776461436,56.63033580106516
262,56.54866776461436,56.64466352675802
262,56.54866776461436,56.651827389604456
262,56.54866776461436,56.65899125245089
264,56.54866776461436,56.66854306957947
264,56.54866776461436,56.67093102386162
258,56.54866776461436,56.68287079527234
265,56.54866776461436,56.68525874955449
264,56.54866776461436,56.692422612400925
258,56.54866776461436,56.70197442952951
266,56.54866776461436,56.70913829237594
258,56.54866776461436,56.71630215522237
264,56.54866776461436,56.72107806378666
262,56.54866776461436,56.728241926633096
262,56.54866776461436,56.728241926633096
260,56.54866776461436,56.728241926633096
258,56.54866776461436,56.723466018068805
258,56.54866776461436,56.718690109504514
259,56.54866776461436,56.71391420094022
266,56.54866776461436,56.70436238381165
261,56.54866776461436,56.70436238381165
283,56.54866776461436,56.697198520965216
254,56.54866776461436,56.69003465811878
259,56.54866776461436,56.68525874955449
260,56.54866776461436,56.68525874955449
254,56.54866776461436,56.68525874955449
252,56.54866776461436,56.68525874955449
254,56.54866776461436,56.68525874955449
254,56.54866776461436,56.68525874955449
257,56.54866776461436,56.68525874955449
257,56.54866776461436,56.68525874955449
258,56.54866776461436,56.68525874955449
258,56.54866776461436,56.68525874955449
275,56.54866776461436,56.68287079527234
261,56.54866776461436,56.68287079527234
260,56.54866776461436,56.67809488670805
256,56.54866776461436,56.6757069324259
258,56.54866776461436,56.66376716101518
267,56.54866776461436,56.651827389604456
262,56.54866776461436,56.63749966391159
274,56.54866776461436,56.623171938218725
264,56.54866776461436,56.60645625824371
267,56.54866776461436,56.589740578268696
277,56.54866776461436,56.57541285257583
273,56.54866776461436,56.57302489829369
271,56.54866776461436,56.561085126882965
260,56.54866776461436,56.55153330975438
264,56.54866776461436,56.54436944690795
270,56.54866776461436,56.54436944690795
262,56.54866776461436,56.5419814926258
273,56.54866776461436,56.54436944690794
270,56.54866776461436,56.54675740119009
253,56.54866776461436,56.55153330975438
256,56.54866776461436,56.558697172600816
263,56.54866776461436,56.558697172600816
268,56.54866776461436,56.561085126882965
271,56.54866776461436,56.561085126882965
270,56.54866776461436,56.561085126882965
273,56.54866776461436,56.556309218318674
273,56.54866776461436,56.561085126882965
286,56.54866776461436,56.563473081165114
287,56.54866776461436,56.563473081165114
278,56.54866776461436,56.563473081165114
274,56.54866776461436,56.561085126882965
258,56.54866776461436,56.56347308116511
252,56.54866776461436,56.56347308116511
251,56.54866776461436,56.56347308116511
249,56.54866776461436,56.561085126882965
248,56.54866776461436,56.55869717260082
232,56.54866776461436,56.55869717260082
245,56.54866776461436,56.56108512688297
266,56.54866776461436,56.55869717260083
275,56.54866776461436,56.55869717260083
276,56.54866776461436,56.55869717260083
279,56.54866776461436,56.55869717260083
277,56.54866776461436,56.55869717260083
277,56.54866776461436,56.55869717260083
279,56.54866776461436,56.56108512688298
274,56.54866776461436,56.55869717260083
274,56.54866776461436,56.55869717260083
272,56.54866776461436,56.55630921831868
274,56.54866776461436,56.55630921831868
273,56.54866776461436,56.55630921831868
274,56.54866776461436,56.55630921831868
272,56.54866776461436,56.55630921831868
275,56.54866776461436,56.55630921831868
273,56.54866776461436,56.55630921831868
272,56.54866776461436,56.55630921831868
273,56.54866776461436,56.55630921831868
273,56.54866776461436,56.55630921831868
273,56.54866776461436,56.55630921831868
272,56.54866776461436,56.55630921831868
272,56.54866776461436,56.55630921831868
274,56.54866776461436,56.55630921831868
274,56.54866776461436,56.55630921831868
273,56.54866776461436,56.55630921831868
274,56.54866776461436,56.55630921831868
273,56.54866776461436,56.55869717260083
276,56.54866776461436,56.56347308116512
266,56.54866776461436,56.56347308116512
256,56.54866776461436,56.56108512688297
257,56.54866776461436,56.56108512688297
269,56.54866776461436,56.56108512688297
260,56.54866776461436,56.55869717260083
267,56.54866776461436,56.55869717260083
272,56.54866776461436,56.55869717260083
272,56.54866776461436,56.55392126403654
273,56.54866776461436,56.55392126403654
274,56.54866776461436,56.55153330975439
291,56.54866776461436,56.55153330975439
286,56.54866776461436,56.54914535547224
280,56.54866776461436,56.5467574011901
285,56.54866776461436,56.5467574011901
273,56.54866776461436,56.54436944690795
274,56.54866776461436,56.54436944690795
264,56.54866776461436,56.54436944690795
266,56.54866776461436,56.5419814926258
263,56.54866776461436,56.5419814926258
267,56.54866776461436,56.54436944690795
262,56.54866776461436,56.5419814926258
266,56.54866776461436,56.54436944690794
264,56.54866776461436,56.5419814926258
269,56.54866776461436,56.5419814926258
276,56.54866776461436,56.54436944690795
280,56.54866776461436,56.54914535547224
291,56.54866776461436,56.55153330975439
275,56.54866776461436,56.55153330975439
271,56.54866776461436,56.55153330975439
267,56.54866776461436,56.55153330975439
255,56.54866776461436,56.55153330975439
269,56.54866776461436,56.55153330975439
270,56.54866776461436,56.55153330975439
270,56.54866776461436,56.55153330975439
269,56.54866776461436,56.55153330975439
270,56.54866776461436,56.55153330975439
266,56.54866776461436,56.55153330975439
266,56.54866776461436,56.55153330975439
266,56.54866776461436,56.55153330975439
268,56.54866776461436,56.55153330975439
266,56.54866776461436,56.55153330975439
268,56.54866776461436,56.55153330975439
268,56.54866776461436,56.55153330975439
285,56.54866776461436,56.55392126403654
274,56.54866776461436,56.55392126403654
282,56.54866776461436,56.55392126403654
273,56.54866776461436,56.55153330975439
291,56.54866776461436,56.55153330975439
274,56.54866776461436,56.54914535547224
272,56.54866776461436,56.55153330975439
251,56.54866776461436,56.55153330975439
241,56.54866776461436,56.55153330975439
243,56.54866776461436,56.55153330975439
247,56.54866776461436,56.55153330975439
244,56.54866776461436,56.54914535547224
242,56.54866776461436,56.54914535547224
232,56.54866776461436,56.54914535547224
268,56.54866776461436,56.55392126403653
267,56.54866776461436,56.55392126403653
260,56.54866776461436,56.54914535547224
268,56.54866776461436,56.5467574011901
274,56.54866776461436,56.54198149262581
279,56.54866776461436,56.54198149262581
272,56.54866776461436,56.53720558406152
282,56.54866776461436,56.53242967549723
287,56.54866776461436,56.527653766932936
284,56.54866776461436,56.527653766932936
280,56.54866776461436,56.527653766932936
278,56.54866776461436,56.53481762977937
277,56.54866776461436,56.53959353834366
269,56.54866776461436,56.53959353834366
271,56.54866776461436,56.54675740119009
273,56.54866776461436,56.54914535547224
272,56.54866776461436,56.55392126403653
254,56.54866776461436,56.55153330975438
269,56.54866776461436,56.55392126403653
271,56.54866776461436,56.55153330975438
274,56.54866776461436,56.55153330975438
278,56.54866776461436,56.55153330975438
280,56.54866776461436,56.55153330975438
279,56.54866776461436,56.55153330975438
280,56.54866776461436,56.55153330975438
279,56.54866776461436,56.55153330975438
278,56.54866776461436,56.55153330975438
278,56.54866776461436,56.55153330975438
279,56.54866776461436,56.55153330975438
277,56.54866776461436,56.55153330975438
269,56.54866776461436,56.55392126403653
271,56.54866776461436,56.55392126403653
266,56.54866776461436,56.55392126403653
269,56.54866776461436,56.556309218318674
271,56.54866776461436,56.55153330975438
268,56.54866776461436,56.55153330975438
267,56.54866776461436,56.549145355472234
274,56.54866776461436,56.549145355472234
279,56.54866776461436,56.546757401190085
279,56.54866776461436,56.544369446907936
279,56.54866776461436,56.54198149262579
279,56.54866776461436,56.53959353834364
290,56.54866776461436,56.54198149262579
271,56.54866776461436,56.537205584061496
286,56.54866776461436,56.53959353834364
272,56.54866776461436,56.53959353834364
287,56.54866776461436,56.54436944690793
272,56.54866776461436,56.54914535547222
270,56.54866776461436,56.55630921831865
265,56.54866776461436,56.56108512688294
273,56.54866776461436,56.56347308116509
257,56.54866776461436,56.56108512688294
265,56.54866776461436,56.56108512688294
266,56.54866776461436,56.565861035447234
267,56.54866776461436,56.563473081165085
267,56.54866776461436,56.558697172600795
261,56.54866776461436,56.553921264036504
279,56.54866776461436,56.55153330975436
277,56.54866776461436,56.54675740119007
274,56.54866776461436,56.54436944690793
273,56.54866776461436,56.54198149262578
267,56.54866776461436,56.54198149262578
262,56.54866776461436,56.54198149262578
273,56.54866776461436,56.54198149262578
265,56.54866776461436,56.54198149262578
273,56.54866776461436,56.54198149262578
265,56.54866776461436,56.54198149262578
270,56.54866776461436,56.54198149262578
268,56.54866776461436,56.54198149262578
269,56.54866776461436,56.54198149262578
269,56.54866776461436,56.54198149262578
270,56.54866776461436,56.54198149262578
270,56.54866776461436,56.54198149262578
271,56.54866776461436,56.53959353834363
274,56.54866776461436,56.54198149262578
282,56.54866776461436,56.53959353834363
269,56.54866776461436,56.54198149262578
274,56.54866776461436,56.54198149262578
257,56.54866776461436,56.54436944690793
243,56.54866776461436,56.54198149262578
253,56.54866776461436,56.54436944690792
244,56.54866776461436,56.54436944690792
243,56.54866776461436,56.54675740119007
243,56.54866776461436,56.54914535547222
243,56.54866776461436,56.55153330975437
268,56.54866776461436,56.55392126403652
271,56.54866776461436,56.55630921831867
268,56.54866776461436,56.55630921831867
249,56.54866776461436,56.558697172600816
268,56.54866776461436,56.561085126882965
258,56.54866776461436,56.563473081165114
265,56.54866776461436,56.55869717260082
270,56.54866776461436,56.556309218318674
268,56.54866776461436,56.55153330975438
272,56.54866776461436,56.54675740119009
273,56.54866776461436,56.54436944690795
279,56.54866776461436,56.53959353834366
282,56.54866776461436,56.53481762977937
282,56.54866776461436,56.53242967549722
274,56.54866776461436,56.53004172121508
285,56.54866776461436,56.53004172121508
275,56.54866776461436,56.53242967549723
273,56.54866776461436,56.53720558406152
269,56.54866776461436,56.54198149262581
271,56.54866776461436,56.54436944690796
270,56.54866776461436,56.54914535547225
247,56.54866776461436,56.54914535547225
268,56.54866776461436,56.55392126403654
264,56.54866776461436,56.55153330975439
274,56.54866776461436,56.55153330975439
276,56.54866776461436,56.55153330975439
279,56.54866776461436,56.55153330975439
277,56.54866776461436,56.55153330975439
275,56.54866776461436,56.55153330975439
276,56.54866776461436,56.55153330975439
275,56.54866776461436,56.55153330975439
267,56.54866776461436,56.55153330975439
274,56.54866776461436,56.55153330975439
276,56.54866776461436,56.55153330975439
277,56.54866776461436,56.54914535547224
274,56.54866776461436,56.55392126403653
265,56.57110771214,56.55392126403653
268,56.59354765966564,56.55153330975439
273,56.61598760719128,56.56108512688297
268,56.63842755471692,56.56586103544726
269,56.66086750224256,56.570636944011554
274,56.6833074497682,56.58496466970442
276,56.70574739729384,56.601680349679434
280,56.72818734481948,56.6160080753723
271,56.75062729234512,56.637499663911605
267,56.77306723987076,56.65182738960447
273,56.7955071873964,56.68048284099021
278,56.81794713492204,56.699586475247365
279,56.840387082447684,56.72346601806881
262,56.862827029973324,56.74256965232597
262,56.885266977498965,56.756897378018834
267,56.907706925024605,56.77600101227599
265,56.930146872550246,56.790328737968856
266,56.95258682007589,56.79510464653315
276,56.97502676760153,56.826148052201034
263,56.99746671512717,56.84286373217605
256,57.01990666265281,56.859579412151064
260,57.04234661017845,56.88345895497251
254,57.06478655770409,56.91211440635825
251,57.08722650522973,56.938381903461845
253,57.10966645275537,56.967037354847584
251,57.13210640028101,56.976589171976165
252,57.15454634780665,57.03151212046549
241,57.17698629533229,57.06016757185123
241,57.19942624285793,57.09121097751911
243,57.22186619038357,57.122254383187
241,57.24430613790921,57.16046165170132
242,57.26674608543485,57.191505057369206
248,57.289186032960494,57.220160508754944
246,57.311625980486134,57.258367777269264
228,57.334065928011775,57.28463527437286
235,57.356505875537415,57.30851481719431
228,57.378945823063056,57.332394360015755
229,57.401385770588696,57.358661857119344
230,57.42382571811434,57.38015344565865
226,57.44626566563998,57.399257079915806
228,57.46870561316562,57.40642094276224
208,57.49114556069126,57.44940411984084
204,57.5135855082169,57.47328366266229
204,57.53602545574254,57.487611388355155
206,57.55846540326818,57.513878885458745
206,57.58090535079382,57.52820661115161
210,57.60334529831946,57.544922291126625
210,57.6257852458451,57.55925001681949
219,57.64822519337074,57.571189788230214
216,57.67066514089638,57.6022331938981
214,57.69310508842202,57.62372478243741
213,57.71554503594766,57.652380233823145
220,57.737984983473304,57.67864773092674
210,57.760424930998944,57.70252727374819
218,57.782864878524585,57.73118272513393
194,57.805304826050225,57.762226130801814
195,57.827744773575866,57.771777947930396
192,57.850184721101506,57.81714907929115
194,57.87262466862715,57.84580453067689
194,57.89506461615279,57.879235890626916
195,57.91750456367843,57.90311543344836
194,57.93994451120407,57.92699497626981
183,57.96238445872971,57.95565042765555
184,57.98482440625535,57.97236610763056
184,58.00726435378099,57.99624565045201
185,58.02970430130663,58.02490110183775
186,58.05214424883227,58.04400473609491
185,58.07458419635791,58.06072041606993
184,58.09702414388355,58.08221200460923
176,58.11946409140919,58.10370359314854
176,58.14190403893483,58.1228072274057
177,58.16434398646047,58.13713495309857
178,58.18678393398611,58.170566313048596
178,58.209223881511754,58.18728199302361
176,58.231663829037394,58.206385627280774
173,58.254103776563035,58.22787721582008
164,58.276543724088675,58.25175675864153
165,58.298983671614316,58.27324834718083
165,58.321423619139956,58.292351981437996
169,58.3438635666656,58.29951584428443
166,58.36630351419124,58.33772311279875
163,58.38874346171688,58.35443879277376
168,58.41118340924252,58.37354242703093
168,58.43362335676816,58.402197878416665
155,58.4560633042938,58.41891355839168
156,58.47850325181944,58.440405146930985
156,58.50094319934508,58.46189673547029
159,58.52338314687072,58.473836506881014
159,58.54582309439636,58.512043775395334
158,58.568263041922,58.5311474096525
159,58.59070298944764,58.562190815320385
146,58.61314293697328,58.58607035814183
142,58.63558288449892,58.60994990096328
142,58.658022832024564,58.631441489502585
147,58.680462779550204,58.66248489517047
146,58.702902727075845,58.672036712299054
144,58.725342674601485,58.712631935095516
144,58.747782622127126,58.73412352363482
129,58.770222569652766,58.76277897502056
128,58.79266251717841,58.78665851784201
131,58.81510246470405,58.810538060663454
128,58.83754241222969,58.84158146633134
130,58.85998235975533,58.85590919202421
140,58.88242230728097,58.884564643409945
127,58.90486225480661,58.90605623194925
116,58.92730220233225,58.93709963761713
118,58.94974214985789,58.958591226156436
116,58.97218209738353,58.98008281469574
121,58.99462204490917,59.00157440323505
117,59.01706199243481,59.025453946056494
119,59.03950193996045,59.04216962603151
115,59.06194188748609,59.07082507741725
98,59.08438183501173,59.094704620238694
115,59.106821782537374,59.11142030021371
114,59.129261730063014,59.12813598018872
115,59.151701677588655,59.14962756872803
113,59.174141625114295,59.171119157267334
105,59.196581572639936,59.19022279152449
113,59.219021520165576,59.202162562935214
103,59.24146146769122,59.23081801432095
108,59.26390141521686,59.25230960286026
105,59.2863413627425,59.276189145681705
105,59.30878131026814,59.30006868850315
104,59.33122125779378,59.319172322760316
102,59.35366120531942,59.3502157284282
101,59.37610115284506,59.36931936268537
110,59.3985411003707,59.37887117981394
109,59.42098104789634,59.424242311174694
108,59.44342099542198,59.44334594543186
109,59.46586094294762,59.467225488253305
111,59.48830089047326,59.48871707679261
109,59.5107408379989,59.52214843674264
110,59.53318078552454,59.543640025281945
89,59.55562073305018,59.56513161382125
85,59.578060680575824,59.59378706520699
85,59.600500628101464,59.615278653746294
84,59.622940575627105,59.6367702422856
80,59.645380523152745,59.65587387654276
86,59.667820470678386,59.68214137364635
84,59.690260418204026,59.701245007903516
69,59.71270036572967,59.72034864216068
71,59.73514031325531,59.734676367853545
81,59.75758026078095,59.768107727803574
80,59.78002020830659,59.78959931634288
69,59.80246015583223,59.811090904882185
73,59.82490010335787,59.83258249342149
75,59.84734005088351,59.85884999052509
46,59.86977999840915,59.87795362478225
59,59.89221994593479,59.894669304757265
61,59.91465989346043,59.90660907616799
57,59.93709984098607,59.93287657327158
66,59.95953978851171,59.94959225324659
65,59.98197973603735,59.9710838417859
61,60.00441968356299,59.999739293171636
58,60.026859631088634,60.0188429274288
60,60.049299578614274,60.040334515968105
56,60.071739526139915,60.06182610450741
75,60.094179473665555,60.078541784482425
53,60.116619421191196,60.12391291584317
53,60.139059368716836,60.14779245866462
54,60.16149931624248,60.169284047203924
47,60.18393926376812,60.19793949858966
50,60.20637921129376,60.22420699569326
49,60.2288191588194,60.243310629950415
45,60.25125910634504,60.26480221848972
49,60.27369905387068,60.279129944182586
46,60.29613900139632,60.31494925841476
46,60.31857894892196,60.338828801236204
38,60.3410188964476,60.35793243549336
40,60.36345884397324,60.38419993259695
42,60.38589879149888,60.403303566854106
40,60.40833873902452,60.42001924682912
42,60.43077868655016,60.44389878965057
42,60.4532186340758,60.44867469821486
45,60.475658581601444,60.4773301496006
40,60.498098529127084,60.49643378385775
29,60.520538476652725,60.52270128096134
30,60.542978424178365,60.54419286950065
31,60.565418371704006,60.56329650375781
26,60.587858319229646,60.582400138014975
29,60.61029826675529,60.60627968083642
25,60.63273821428093,60.63493513222216
24,60.65517816180657,60.656426720761466
24,60.67761810933221,60.67791830930077
21,60.70005805685785,60.69940989784008
23,60.72249800438349,60.718513532097234
24,60.74493795190913,60.74955693776512
24,60.76737789943477,60.771048526304426
25,60.78981784696041,60.78776420627944
15,60.81225779448605,60.81880761194733
14,60.83469774201169,60.84029920048663
18,60.85713768953733,60.86179078902594
15,60.87957763706297,60.885670331847386
15,60.90201758458861,60.91193782895098
13,60.92445753211425,60.93104146320814
13,60.946897479639894,60.952533051747444
5,60.969337427165534,60.96686077744031
5,60.991777374691175,61.00268009167248
6,61.014217322216815,61.02178372592964
5,61.036657269742456,61.040887360186794
4,61.059097217268096,61.05999099444395
6,61.08153716479374,61.081482582983256
6,61.10397711231938,61.10058621724042
3,61.12641705984502,61.114913942933285
0,61.14885700737066,61.12446576006187
0,61.1712969548963,61.150733257165456
359,61.19373690242194,61.16506098285832
358,61.21617684994758,61.181776662833336
0,61.23861679747322,61.20565620565478
2,61.26105674499886,61.2223718856298
354,61.2834966925245,61.241475519886954
353,61.30593664005014,61.26296710842626
357,61.32837658757578,61.291622559812
354,61.35081653510142,61.3131141483513
354,61.37325648262706,61.33460573689061
353,61.395696430152704,61.353709371147765
354,61.418136377678344,61.3823648225335
346,61.440576325203985,61.40863231963709
347,61.463016272729625,61.43728777102283
344,61.485456220255266,61.45639140527999
343,61.507896167780906,61.50892639948717
342,61.53033611530655,61.53758185087291
343,61.55277606283219,61.56862525654079
341,61.57521601035783,61.59489275364438
331,61.59765595788347,61.62593615931227
334,61.62009590540911,61.649815702133715
331,61.64253585293475,61.67608319923731
331,61.66497580046039,61.69041092493018
336,61.68741574798603,61.72623023916235
335,61.70985569551167,61.75249773626594
329,61.73229564303731,61.76921341624095
330,61.75473559056295,61.785929096215966
323,61.77717553808859,61.80503273047313
328,61.79961548561423,61.826524319012435
324,61.82205543313987,61.8408520447053
322,61.84449538066551,61.84562795326959
328,61.866935328191154,61.87189545037318
324,61.889375275716795,61.89099908463034
327,61.911815223242435,61.90771476460535
316,61.934255170768076,61.92204249029822
325,61.956695118293716,61.93637021599108
317,61.97913506581936,61.96024975881253
319,62.001575013345,61.97935339306969
316,62.02401496087064,61.98651725591612
321,62.04645490839628,62.02233657014829
314,62.06889485592192,62.04860406725189
307,62.09133480344756,62.072483610073334
308,62.1137747509732,62.10113906145907
314,62.13621469849884,62.12979451284481
310,62.15865464602448,62.151286101384116
311,62.18109459355012,62.17516564420556
311,62.20353454107576,62.18471746133414
311,62.2259744886014,62.22770063841274
298,62.24841443612704,62.25158018123419
299,62.27085438365268,62.27545972405564
301,62.29329433117832,62.29695131259494
299,62.315734278703964,62.32560676398068
299,62.338174226229604,62.34471039823784
299,62.360614173755245,62.35665016964856
300,62.383054121280885,62.39008152959859
299,62.405494068806526,62.409185163855746
300,62.427934016332166,62.42590084383076
297,62.45037396385781,62.445004478087924
291,62.47281391138345,62.46888402090937
298,62.49525385890909,62.49037560944868
293,62.51769380643473,62.51186719798798
292,62.54013375396037,62.523806969398706
283,62.56257370148601,62.557238329348735
286,62.58501364901165,62.57872991788804
282,62.60745359653729,62.600221506427346
287,62.62989354406293,62.628876957813084
288,62.65233349158857,62.65036854635239
285,62.67477343911421,62.66947218060955
286,62.69721338663985,62.693351723431
283,62.71965333416549,62.705291494841724
277,62.74209328169113,62.73872285479175
281,62.764533229216774,62.7626023976132
283,62.786973176742414,62.784093986152506
281,62.809413124268055,62.80797352897395
285,62.831853071793695,62.8318530717954
285,62.831853071793695,62.850956706052564
265,62.831853071793695,62.87483624887401
268,62.831853071793695,62.882000111720444
263,62.831853071793695,62.90587965454189
279,62.831853071793695,62.92020738023476
271,62.831853071793695,62.93692306020977
268,62.831853071793695,62.944086923056204
274,62.831853071793695,62.95125078590264
259,62.831853071793695,62.95841464874907
257,62.831853071793695,62.96080260303122
270,62.831853071793695,62.96080260303122
262,62.831853071793695,62.96319055731337
272,62.831853071793695,62.96319055731337
263,62.831853071793695,62.96319055731337
264,62.831853071793695,62.96319055731337
243,62.831853071793695,62.96319055731337
243,62.831853071793695,62.96080260303122
242,62.831853071793695,62.96080260303122
242,62.831853071793695,62.96080260303122
244,62.831853071793695,62.96080260303122
244,62.831853071793695,62.96080260303122
243,62.831853071793695,62.96080260303122
263,62.831853071793695,62.95841464874907
263,62.831853071793695,62.95841464874907
264,62.831853071793695,62.95363874018478
266,62.831853071793695,62.94886283162049
264,62.831853071793695,62.939311014491906
268,62.831853071793695,62.932147151645474
265,62.831853071793695,62.92259533451689
266,62.831853071793695,62.9178194259526
272,62.831853071793695,62.91065556310617
269,62.831853071793695,62.91304351738832
268,62.831853071793695,62.91065556310617
263,62.831853071793695,62.91065556310617
264,62.831853071793695,62.91543147167046
261,62.831853071793695,62.91543147167046
263,62.831853071793695,62.91304351738832
245,62.831853071793695,62.91304351738832
260,62.831853071793695,62.915431471670466
255,62.831853071793695,62.91304351738832
260,62.831853071793695,62.91065556310617
266,62.831853071793695,62.91065556310617
268,62.831853071793695,62.91065556310617
268,62.831853071793695,62.91065556310617
271,62.831853071793695,62.91065556310617
269,62.831853071793695,62.91065556310617
266,62.831853071793695,62.91065556310617
267,62.831853071793695,62.91065556310617
266,62.831853071793695,62.91065556310617
270,62.831853071793695,62.91065556310617
267,62.831853071793695,62.91065556310617
267,62.831853071793695,62.90826760882402
270,62.831853071793695,62.90349170025973
264,62.831853071793695,62.90110374597758
266,62.831853071793695,62.89632783741329
269,62.831853071793695,62.891551928849
266,62.831853071793695,62.884388066002565
267,62.831853071793695,62.879612157438274
268,62.831853071793695,62.87483624887398
268,62.831853071793695,62.872448294591834
267,62.831853071793695,62.870060340309685
268,62.831853071793695,62.865284431745394
269,62.831853071793695,62.865284431745394
268,62.831853071793695,62.862896477463245
272,62.831853071793695,62.862896477463245
270,62.831853071793695,62.862896477463245
272,62.831853071793695,62.862896477463245
270,62.831853071793695,62.862896477463245
271,62.831853071793695,62.862896477463245
270,62.831853071793695,62.862896477463245
271,62.831853071793695,62.862896477463245
270,62.831853071793695,62.862896477463245
270,62.831853071793695,62.862896477463245
269,62.831853071793695,62.862896477463245
269,62.831853071793695,62.862896477463245
269,62.831853071793695,62.862896477463245
268,62.831853071793695,62.862896477463245
267,62.831853071793695,62.862896477463245
271,62.831853071793695,62.862896477463245
270,62.831853071793695,62.862896477463245
271,62.831853071793695,62.862896477463245
269,62.831853071793695,62.867672386027536
258,62.831853071793695,62.87006034030968
272,62.831853071793695,62.86767238602753
266,62.831853071793695,62.86289647746324
265,62.831853071793695,62.86050852318109
268,62.831853071793695,62.8557326146168
265,62.831853071793695,62.853344660334656
264,62.831853071793695,62.85095670605251
272,62.831853071793695,62.841404888923925
275,62.831853071793695,62.836628980359635
279,62.831853071793695,62.831853071795344
287,62.831853071793695,62.8294651175132
273,62.831853071793695,62.8294651175132
282,62.831853071793695,62.8294651175132
268,62.831853071793695,62.82707716323106
269,62.831853071793695,62.82707716323106
268,62.831853071793695,62.82468920894892
266,62.831853071793695,62.82707716323107
264,62.831853071793695,62.83185307179536
249,62.831853071793695,62.83662898035965
249,62.831853071793695,62.84140488892394
233,62.831853071793695,62.8390169346418
243,62.831853071793695,62.84140488892395
246,62.831853071793695,62.84140488892395
243,62.831853071793695,62.843792843206096
253,62.831853071793695,62.846180797488245
266,62.831853071793695,62.84856875177039
269,62.831853071793695,62.84618079748824
275,62.831853071793695,62.84618079748824
275,62.831853071793695,62.84856875177039
278,62.831853071793695,62.846180797488245
272,62.831853071793695,62.846180797488245
270,62.831853071793695,62.846180797488245
268,62.831853071793695,62.846180797488245
265,62.831853071793695,62.846180797488245
267,62.831853071793695,62.846180797488245
264,62.831853071793695,62.846180797488245
266,62.831853071793695,62.846180797488245
265,62.831853071793695,62.846180797488245
264,62.831853071793695,62.846180797488245
268,62.831853071793695,62.846180797488245
268,62.831853071793695,62.846180797488245
267,62.831853071793695,62.846180797488245
268,62.831853071793695,62.846180797488245
268,62.831853071793695,62.846180797488245
269,62.831853071793695,62.846180797488245
269,62.831853071793695,62.846180797488245
267,62.831853071793695,62.846180797488245
268,62.831853071793695,62.846180797488245
269,62.831853071793695,62.843792843206096
271,62.831853071793695,62.843792843206096
270,62.831853071793695,62.83662898035966
267,62.831853071793695,62.83185307179537
272,62.831853071793695,62.83185307179537
269,62.831853071793695,62.82707716323108
274,62.831853071793695,62.81752534610251
273,62.831853071793695,62.812749437538216
270,62.831853071793695,62.803197620409634
264,62.831853071793695,62.79842171184534
275,62.831853071793695,62.79364580328105
263,62.831853071793695,62.78886989471676
272,62.831853071793695,62.78886989471676
268,62.831853071793695,62.78886989471676
274,62.831853071793695,62.7912578489989
267,62.831853071793695,62.793645803281045
266,62.831853071793695,62.80080966612748
255,62.831853071793695,62.80558557469177
254,62.831853071793695,62.80797352897391
274,62.831853071793695,62.81513739182034
266,62.831853071793695,62.819913300384634
272,62.831853071793695,62.817525346102485
276,62.831853071793695,62.819913300384634
272,62.831853071793695,62.819913300384634
284,62.831853071793695,62.824689208948925
279,62.831853071793695,62.824689208948925
276,62.831853071793695,62.824689208948925
283,62.831853071793695,62.827077163231074
274,62.831853071793695,62.827077163231074
271,62.831853071793695,62.827077163231074
271,62.831853071793695,62.829465117513216
271,62.831853071793695,62.829465117513216
253,62.831853071793695,62.827077163231074
268,62.831853071793695,62.82946511751322
265,62.831853071793695,62.82230125466679
273,62.831853071793695,62.82230125466679
275,62.831853071793695,62.81991330038464
279,62.831853071793695,62.81991330038464
275,62.831853071793695,62.81991330038464
276,62.831853071793695,62.81991330038464
279,62.831853071793695,62.82230125466679
268,62.831853071793695,62.82468920894894
268,62.831853071793695,62.82468920894894
267,62.831853071793695,62.82707716323109
287,62.831853071793695,62.82707716323109
274,62.831853071793695,62.82468920894894
271,62.831853071793695,62.8223012546668
253,62.831853071793695,62.81752534610251
249,62.831853071793695,62.81752534610251
247,62.831853071793695,62.81752534610251
251,62.831853071793695,62.81752534610251
248,62.831853071793695,62.819913300384655
250,62.831853071793695,62.81752534610251
251,62.831853071793695,62.81513739182036
266,62.831853071793695,62.81513739182036
273,62.831853071793695,62.81513739182036
269,62.831853071793695,62.8175253461025
275,62.831853071793695,62.8175253461025
273,62.831853071793695,62.8175253461025
273,62.831853071793695,62.81513739182035
272,62.831853071793695,62.81513739182035
270,62.831853071793695,62.81513739182035
269,62.831853071793695,62.81513739182035
270,62.831853071793695,62.81513739182035
270,62.831853071793695,62.8175253461025
270,62.831853071793695,62.8175253461025
271,62.831853071793695,62.8175253461025
272,62.831853071793695,62.8175253461025
273,62.831853071793695,62.8175253461025
279,62.831853071793695,62.8175253461025
270,62.831853071793695,62.8175253461025
269,62.831853071793695,62.8175253461025
284,62.831853071793695,62.8175253461025
278,62.831853071793695,62.82230125466679
273,62.831853071793695,62.82707716323108
272,62.831853071793695,62.82946511751323
266,62.831853071793695,62.83185307179538
262,62.831853071793695,62.83424102607753
256,62.831853071793695,62.83662898035968
262,62.831853071793695,62.839016934641826
272,62.831853071793695,62.839016934641826
271,62.831853071793695,62.839016934641826
272,62.831853071793695,62.839016934641826
271,62.831853071793695,62.839016934641826
272,62.831853071793695,62.839016934641826
267,62.831853071793695,62.839016934641826
272,62.831853071793695,62.839016934641826
272,62.831853071793695,62.839016934641826
273,62.831853071793695,62.839016934641826
269,62.831853071793695,62.839016934641826
267,62.831853071793695,62.839016934641826
270,62.831853071793695,62.839016934641826
271,62.831853071793695,62.839016934641826
267,62.831853071793695,62.839016934641826
269,62.831853071793695,62.839016934641826
268,62.831853071793695,62.839016934641826
266,62.831853071793695,62.83662898035968
270,62.831853071793695,62.839016934641826
272,62.831853071793695,62.83662898035968
263,62.831853071793695,62.83662898035968
274,62.831853071793695,62.84140488892397
266,62.831853071793695,62.84379284320611
269,62.831853071793695,62.84618079748826
268,62.831853071793695,62.84856875177041
258,62.831853071793695,62.84856875177041
270,62.831853071793695,62.85095670605255
267,62.831853071793695,62.85095670605255
271,62.831853071793695,62.84618079748826
275,62.831853071793695,62.84379284320611
275,62.831853071793695,62.84140488892397
274,62.831853071793695,62.83662898035968
272,62.831853071793695,62.831853071795386
281,62.831853071793695,62.831853071795386
272,62.831853071793695,62.827077163231095
267,62.831853071793695,62.827077163231095
281,62.831853071793695,62.824689208948946
271,62.831853071793695,62.827077163231095
266,62.831853071793695,62.827077163231095
266,62.831853071793695,62.827077163231095
266,62.831853071793695,62.827077163231095
266,62.831853071793695,62.827077163231095
265,62.831853071793695,62.827077163231095
266,62.831853071793695,62.829465117513244
265,62.831853071793695,62.829465117513244
266,62.831853071793695,62.834241026077535
267,62.831853071793695,62.83662898035968
266,62.831853071793695,62.83901693464182
270,62.831853071793695,62.83901693464182
263,62.831853071793695,62.83662898035967
272,62.831853071793695,62.83424102607752
270,62.831853071793695,62.83424102607752
274,62.831853071793695,62.83185307179537
248,62.831853071793695,62.83185307179537
275,62.831853071793695,62.83662898035966
252,62.831853071793695,62.839016934641805
247,62.831853071793695,62.839016934641805
244,62.831853071793695,62.836628980359656
240,62.831853071793695,62.836628980359656
246,62.831853071793695,62.83424102607751
271,62.831853071793695,62.83424102607751
270,62.831853071793695,62.83424102607751
271,62.831853071793695,62.83424102607751
273,62.831853071793695,62.83424102607751
272,62.831853071793695,62.83424102607751
271,62.831853071793695,62.83424102607751
270,62.831853071793695,62.83424102607751
272,62.831853071793695,62.83424102607751
272,62.831853071793695,62.83424102607751
271,62.831853071793695,62.83424102607751
271,62.831853071793695,62.83424102607751
271,62.854293019319336,62.83424102607751
271,62.876732966844976,62.83424102607751
271,62.89917291437062,62.83424102607751
273,62.92161286189626,62.83424102607751
274,62.9440528094219,62.83424102607751
274,62.96649275694754,62.83424102607751
280,62.98893270447318,62.836628980359656
286,63.01137265199882,62.839016934641805
276,63.03381259952446,62.84618079748824
281,63.0562525470501,62.8605085231811
284,63.07869249457574,62.87722420315612
281,63.10113244210138,62.89393988313113
273,63.12357238962702,62.91781942595258
273,63.14601233715266,62.95125078590261
275,63.1684522846783,62.97990623728835
273,63.19089223220394,63.008561688674085
268,63.21333217972958,63.03960509434197
265,63.235772127255224,63.080200317138434
260,63.258212074780864,63.111243722806314
243,63.280652022306505,63.137511219909904
258,63.303091969832145,63.15900280844921
258,63.325531917357786,63.20914984837425
247,63.34797186488343,63.23780529975999
260,63.37041181240907,63.26407279686359
240,63.39285175993471,63.3022800653779
251,63.41529170746035,63.32854756248149
249,63.43773165498599,63.35242710530294
255,63.46017160251163,63.378694602406526
257,63.48261155003727,63.39541028238153
253,63.50505149756291,63.436005505177995
257,63.52749144508855,63.45988504799944
240,63.54993139261419,63.48615254510303
237,63.57237134013983,63.51958390505306
240,63.59481128766547,63.54585140215665
235,63.61725123519111,63.5697309449781
233,63.63969118271675,63.593610487799545
228,63.66213113024239,63.60793821349241
230,63.684571077768034,63.64136957344244
221,63.707011025293674,63.662861161981745
224,63.729450972819315,63.6819647962389
223,63.751890920344955,63.70823229334249
224,63.774330867870596,63.729723881881796
216,63.796770815396236,63.74643956185681
228,63.81921076292188,63.77509501324255
224,63.84165071044752,63.77987092180684
216,63.86409065797316,63.8204661446033
215,63.8865306054988,63.84434568742475
214,63.90897055302444,63.87061318452834
213,63.93141050055008,63.88732886450335
206,63.95385044807572,63.90882045304266
219,63.97629039560136,63.935087950146254
212,63.998730343127,63.96613135581414
197,64.02117029065265,63.97090726437843
197,64.04361023817829,64.00911453289275
200,64.06605018570393,64.03538202999634
200,64.08849013322957,64.06642543566421
203,64.11093008075521,64.09030497848566
200,64.13337002828085,64.11179656702497
199,64.15580997580649,64.13328815556427
192,64.17824992333213,64.15477974410358
192,64.20068987085777,64.18582314977147
191,64.22312981838341,64.20970269259291
189,64.24556976590905,64.2407460982608
191,64.2680097134347,64.2622376868001
192,64.29044966096033,64.28611722962155
192,64.31288960848597,64.30760881816086
175,64.33532955601162,64.33387631526445
176,64.35776950353726,64.34104017811089
174,64.3802094510629,64.36969562949662
173,64.40264939858854,64.38402335518948
176,64.42508934611418,64.40551494372879
172,64.44752929363982,64.42461857798595
169,64.46996924116546,64.44133425796096
152,64.4924091886911,64.46282584650027
163,64.51484913621674,64.491481297886
155,64.53728908374238,64.49864516073244
161,64.55972903126802,64.53207652068247
159,64.58216897879366,64.5655078806325
164,64.6046089263193,64.59177537773608
163,64.62704887384494,64.61804287483967
163,64.64948882137058,64.64192241766112
152,64.67192876889622,64.67057786904685
149,64.69436871642186,64.6944574118683
154,64.7168086639475,64.70400922899688
154,64.73924861147314,64.74699240607549
154,64.76168855899878,64.76609604033266
156,64.78412850652443,64.7899755831541
158,64.80656845405007,64.80907921741127
145,64.8290084015757,64.837734668797
143,64.85144834910135,64.85683830305416
143,64.87388829662699,64.88071784587561
145,64.89632824415263,64.88788170872205
152,64.91876819167827,64.9284769315185
145,64.94120813920391,64.94519261149352
154,64.96364808672955,64.96429624575069
135,64.98608803425519,64.99056374285428
136,65.00852798178083,65.01205533139358
135,65.03096792930647,65.0287710113686
135,65.05340787683211,65.04071078277933
132,65.07584782435775,65.06459032560078
131,65.09828777188339,65.08130600557578
95,65.12072771940903,65.10279759411509
117,65.14316766693467,65.12190122837225
127,65.16560761446031,65.14100486262942
136,65.18804756198595,65.16010849688658
127,65.2104875095116,65.18398803970803
134,65.23292745703723,65.19831576540089
136,65.25536740456288,65.23413507963306
134,65.27780735208852,65.26040257673665
123,65.30024729961416,65.29144598240454
117,65.3226872471398,65.31532552522599
121,65.34512719466544,65.33681711376529
122,65.36756714219108,65.3583087023046
122,65.39000708971672,65.38696415369033
121,65.41244703724236,65.39412801653677
113,65.434886984768,65.4275593764868
102,65.45732693229364,65.4490509650261
96,65.47976687981928,65.46815459928327
100,65.50220682734492,65.48725823354043
99,65.52464677487056,65.50397391351545
97,65.5470867223962,65.53262936490118
96,65.56952666992184,65.55173299915835
101,65.59196661744748,65.55889686200479
82,65.61440656497312,65.5971041305191
91,65.63684651249876,65.62575958190483
86,65.6592864600244,65.64725117044414
91,65.68172640755004,65.67351866754773
91,65.70416635507569,65.69501025608703
91,65.72660630260133,65.7308295703192
95,65.74904625012697,65.75470911314065
82,65.7714861976526,65.76664888455137
94,65.79392614517825,65.80485615306569
83,65.81636609270389,65.84067546729786
81,65.83880604022953,65.8645550101193
87,65.86124598775517,65.88843455294075
77,65.88368593528081,65.91709000432648
72,65.90612588280645,65.93619363858365
67,65.92856583033209,65.94813340999437
69,65.95100577785773,65.9767888613801
64,65.97344572538337,65.99589249563726
66,65.99588567290901,66.01260817561227
67,66.01832562043465,66.02932385558728
63,66.04076556796029,66.05559135269087
69,66.06320551548593,66.07230703266588
64,66.08564546301157,66.09141066692304
65,66.10808541053721,66.1105143011802
65,66.13052535806285,66.13678179828379
62,66.1529653055885,66.15588543254096
68,66.17540525311414,66.1797649753624
64,66.19784520063978,66.20603247246599
60,66.22028514816542,66.2275240610053
75,66.24272509569106,66.24662769526246
86,66.2651650432167,66.26811928380177
74,66.28760499074234,66.28244700949463
73,66.31004493826798,66.31587836944466
79,66.33248488579362,66.33975791226611
72,66.35492483331926,66.36363745508756
72,66.3773647808449,66.39229290647329
49,66.39980472837054,66.41378449501259
49,66.42224467589618,66.43288812926976
51,66.44468462342182,66.45437971780906
46,66.46712457094746,66.48303516919479
49,66.4895645184731,66.49736289488766
46,66.51200446599874,66.51646652914482
51,66.53444441352438,66.54034607196627
46,66.55688436105002,66.56422561478772
43,66.57932430857566,66.58094129476274
42,66.6017642561013,66.60243288330204
44,66.62420420362695,66.6215365175592
43,66.64664415115259,66.6478040146628
40,66.66908409867823,66.66690764891996
49,66.69152404620387,66.69317514602355
35,66.71396399372951,66.717054688845
33,66.73640394125515,66.7385462773843
33,66.75884388878079,66.76481377448789
32,66.78128383630643,66.7863053630272
33,66.80372378383207,66.79585718015578
33,66.82616373135771,66.83406444867009
31,66.84860367888335,66.85794399149154
25,66.87104362640899,66.88182353431299
22,66.89348357393463,66.90331512285229
26,66.91592352146027,66.93197057423802
25,66.93836346898591,66.95346216277733
26,66.96080341651155,66.97495375131663
26,66.9832433640372,66.9892814770095
24,67.00568331156283,67.02032488267739
16,67.02812325908847,67.04181647121669
17,67.05056320661411,67.06092010547385
15,67.07300315413976,67.0847996482953
20,67.0954431016654,67.10151532827031
19,67.11788304919104,67.11823100824533
13,67.14032299671668,67.13494668822035
17,67.16276294424232,67.14688645963108
8,67.18520289176796,67.17315395673467
11,67.2076428392936,67.18986963670969
10,67.23008278681924,67.20419736240255
9,67.25252273434488,67.22568895094186
11,67.27496268187052,67.24479258519902
8,67.29740262939616,67.26150826517404
8,67.3198425769218,67.28061189943121
3,67.34228252444744,67.30926735081694
4,67.36472247197308,67.33314689363839
4,67.38716241949872,67.36657825358841
5,67.40960236702436,67.38806984212772
5,67.43204231455,67.41672529351345
5,67.45448226207564,67.4406048363349
4,67.47692220960128,67.47642415056707
4,67.49936215712692,67.49313983054209
352,67.52180210465256,67.52657119049212
352,67.5442420521782,67.55283868759571
353,67.56668199970385,67.5838820932636
353,67.58912194722949,67.6053736818029
354,67.61156189475513,67.62686527034221
354,67.63400184228077,67.6531327674458
356,67.65644178980641,67.66984844742082
347,67.67888173733205,67.67701231026726
345,67.70132168485769,67.70327980737085
346,67.72376163238333,67.71760753306371
346,67.74620157990897,67.73432321303873
344,67.76864152743461,67.7534268472959
343,67.79108147496025,67.77969434439949
341,67.81352142248589,67.80357388722094
340,67.83596137001153,67.8226775214781
335,67.85840131753717,67.83222933860668
341,67.88084126506281,67.87760046996743
339,67.90328121258845,67.90148001278888
339,67.9257211601141,67.92297160132819
337,67.94816110763973,67.94207523558535
338,67.97060105516537,67.97311864125324
326,67.99304100269102,67.9922222755104
332,68.01548095021666,68.01132590976756
332,68.0379208977423,68.02087772689615
332,68.06036084526794,68.05192113256402
331,68.08280079279358,68.07341272110332
330,68.10524074031922,68.09012840107833
332,68.12768068784486,68.11400794389978
308,68.1501206353705,68.13549953243908
308,68.17256058289614,68.15460316669625
311,68.19500053042178,68.17131884667126
314,68.21744047794742,68.19758634377484
311,68.23988042547306,68.22146588659629
311,68.2623203729987,68.24056952085346
311,68.28476032052434,68.26683701795704
317,68.30720026804998,68.28594065221421
320,68.32964021557562,68.30743224075351
318,68.35208016310126,68.32653587501068
318,68.3745201106269,68.3432515549857
321,68.39696005815254,68.37668291493573
319,68.41940000567818,68.40056245775718
321,68.44183995320383,68.42444200057862
307,68.46427990072947,68.45309745196435
311,68.4867198482551,68.47458904050366
307,68.50915979578075,68.4984685833251
312,68.53159974330639,68.529511988993
306,68.55403969083203,68.53667585183943
302,68.57647963835767,68.5724951660716
307,68.59891958588331,68.59637470889305
303,68.62135953340895,68.61547834315022
298,68.64379948093459,68.6465217488181
293,68.66623942846023,68.66562538307527
297,68.68867937598587,68.68950492589671
297,68.71111932351151,68.71816037728244
295,68.73355927103715,68.72532424012888
295,68.75599921856279,68.76114355436106
295,68.77843916608843,68.7850230971825
291,68.80087911361407,68.81129059428609
289,68.82331906113971,68.83517013710754
291,68.84575900866535,68.85904967992899
289,68.868198956191,68.88054126846829
291,68.89063890371663,68.90919671985402
288,68.91307885124228,68.91636058270046
288,68.93551879876792,68.95217989693263
282,68.95795874629356,68.97605943975408
287,68.9803986938192,69.00232693685767
286,69.00283864134484,69.02620647967912
289,69.02527858887048,69.04531011393628
284,69.04771853639612,69.07396556532201
287,69.07015848392176,69.08590533673274
272,69.0925984314474,69.11217283383633
272,69.11503837897304,69.13844033093991
275,69.11503837897304,69.15993191947922
275,69.11503837897304,69.17664759945424
274,69.11503837897304,69.1957512337114
275,69.11503837897304,69.21007895940427
273,69.11503837897304,69.22440668509714
245,69.11503837897304,69.22679463937928
262,69.11503837897304,69.23395850222572
268,69.11503837897304,69.23634645650786
271,69.11503837897304,69.23634645650786
269,69.11503837897304,69.23634645650786
267,69.11503837897304,69.23634645650786
266,69.11503837897304,69.23634645650786
266,69.11503837897304,69.23634645650786
264,69.11503837897304,69.23634645650786
265,69.11503837897304,69.23634645650786
266,69.11503837897304,69.23634645650786
266,69.11503837897304,69.23634645650786
265,69.11503837897304,69.23634645650786
266,69.11503837897304,69.23634645650786
264,69.11503837897304,69.23634645650786
264,69.11503837897304,69.23634645650786
263,69.11503837897304,69.23634645650786
264,69.11503837897304,69.23634645650786
264,69.11503837897304,69.23634645650786
264,69.11503837897304,69.23634645650786
263,69.11503837897304,69.23634645650786
265,69.11503837897304,69.23634645650786
264,69.11503837897304,69.23634645650786
264,69.11503837897304,69.23634645650786
265,69.11503837897304,69.23634645650786
264,69.11503837897304,69.23634645650786
264,69.11503837897304,69.23634645650786
264,69.11503837897304,69.23634645650786
265,69.11503837897304,69.23634645650786
262,69.11503837897304,69.23395850222572
255,69.11503837897304,69.23157054794358
264,69.11503837897304,69.22679463937929
262,69.11503837897304,69.22679463937929
265,69.11503837897304,69.21485486796857
262,69.11503837897304,69.21007895940427
247,69.11503837897304,69.20291509655783
248,69.11503837897304,69.19575123371139
248,69.11503837897304,69.18619941658281
249,69.11503837897304,69.18142350801853
269,69.11503837897304,69.17664759945424
254,69.11503837897304,69.17664759945424
248,69.11503837897304,69.17664759945424
266,69.11503837897304,69.17664759945424
266,69.11503837897304,69.17664759945424
264,69.11503837897304,69.17664759945424
267,69.11503837897304,69.17664759945424
270,69.11503837897304,69.17664759945424
267,69.11503837897304,69.17664759945424
267,69.11503837897304,69.17664759945424
266,69.11503837897304,69.17664759945424
268,69.11503837897304,69.17664759945424
267,69.11503837897304,69.17664759945424
267,69.11503837897304,69.17664759945424
266,69.11503837897304,69.17664759945424
270,69.11503837897304,69.17664759945424
268,69.11503837897304,69.17664759945424
267,69.11503837897304,69.17664759945424
266,69.11503837897304,69.1742596451721
266,69.11503837897304,69.17187169088996
266,69.11503837897304,69.16948373660782
269,69.11503837897304,69.16470782804353
263,69.11503837897304,69.15754396519709
263,69.11503837897304,69.15038010235065
271,69.11503837897304,69.14082828522207
271,69.11503837897304,69.14082828522207
276,69.11503837897304,69.11933669668277
263,69.11503837897304,69.11217283383633
273,69.11503837897304,69.10978487955418
263,69.11503837897304,69.1002330624256
277,69.11503837897304,69.1002330624256
262,69.11503837897304,69.09784510814346
272,69.11503837897304,69.1002330624256
267,69.11503837897304,69.1002330624256
270,69.11503837897304,69.10262101670774
249,69.11503837897304,69.10262101670774
266,69.11503837897304,69.1002330624256
253,69.11503837897304,69.10262101670774
260,69.11503837897304,69.10262101670774
271,69.11503837897304,69.10262101670774
276,69.11503837897304,69.10262101670774
275,69.11503837897304,69.1002330624256
278,69.11503837897304,69.09784510814346
281,69.11503837897304,69.09545715386132
286,69.11503837897304,69.08590533673274
279,69.11503837897304,69.08829329101488
280,69.11503837897304,69.08590533673274
275,69.11503837897304,69.08590533673274
273,69.11503837897304,69.08590533673274
273,69.11503837897304,69.09068124529702
264,69.11503837897304,69.0954571538613
275,69.11503837897304,69.09784510814345
247,69.11503837897304,69.09784510814345
276,69.11503837897304,69.10023306242559
273,69.11503837897304,69.10262101670773
272,69.11503837897304,69.10262101670773
275,69.11503837897304,69.10262101670773
275,69.11503837897304,69.10262101670773
268,69.11503837897304,69.10262101670773
275,69.11503837897304,69.10262101670773
275,69.11503837897304,69.10262101670773
273,69.11503837897304,69.10262101670773
275,69.11503837897304,69.10262101670773
272,69.11503837897304,69.10262101670773
276,69.11503837897304,69.10262101670773
273,69.11503837897304,69.10262101670773
274,69.11503837897304,69.10262101670773
275,69.11503837897304,69.10262101670773
276,69.11503837897304,69.10262101670773
273,69.11503837897304,69.10262101670773
275,69.11503837897304,69.10262101670773
275,69.11503837897304,69.10262101670773
274,69.11503837897304,69.10262101670773
274,69.11503837897304,69.10500897098987
274,69.11503837897304,69.10500897098987
273,69.11503837897304,69.10500897098987
275,69.11503837897304,69.10978487955416
271,69.11503837897304,69.11456078811844
268,69.11503837897304,69.11933669668272
269,69.11503837897304,69.124112605247
273,69.11503837897304,69.13127646809345
240,69.11503837897304,69.13605237665773
258,69.11503837897304,69.14082828522201
251,69.11503837897304,69.14321623950416
259,69.11503837897304,69.1456041937863
261,69.11503837897304,69.14082828522201
258,69.11503837897304,69.14082828522201
263,69.11503837897304,69.13844033093987
269,69.11503837897304,69.13605237665773
275,69.11503837897304,69.13605237665773
283,69.11503837897304,69.13366442237559
265,69.11503837897304,69.13127646809345
273,69.11503837897304,69.13127646809345
271,69.11503837897304,69.1288885138113
269,69.11503837897304,69.1288885138113
266,69.11503837897304,69.1288885138113
266,69.11503837897304,69.1288885138113
265,69.11503837897304,69.13127646809345
266,69.11503837897304,69.13605237665773
257,69.11503837897304,69.13844033093987
265,69.11503837897304,69.14082828522201
262,69.11503837897304,69.1456041937863
266,69.11503837897304,69.15038010235058
266,69.11503837897304,69.15038010235058
272,69.11503837897304,69.1456041937863
272,69.11503837897304,69.14321623950416
272,69.11503837897304,69.14082828522201
277,69.11503837897304,69.13366442237557
275,69.11503837897304,69.12888851381129
291,69.11503837897304,69.12650055952915
272,69.11503837897304,69.12172465096486
274,69.11503837897304,69.11933669668272
271,69.11503837897304,69.11933669668272
271,69.11503837897304,69.11933669668272
273,69.11503837897304,69.11933669668272
264,69.11503837897304,69.11933669668272
272,69.11503837897304,69.11933669668272
269,69.11503837897304,69.11933669668272
269,69.11503837897304,69.11933669668272
268,69.11503837897304,69.11933669668272
269,69.11503837897304,69.11933669668272
268,69.11503837897304,69.11933669668272
269,69.11503837897304,69.11933669668272
269,69.11503837897304,69.11933669668272
272,69.11503837897304,69.11933669668272
269,69.11503837897304,69.11933669668272
270,69.11503837897304,69.11933669668272
271,69.11503837897304,69.11933669668272
271,69.11503837897304,69.11933669668272
271,69.11503837897304,69.11933669668272
270,69.11503837897304,69.11933669668272
272,69.11503837897304,69.11933669668272
270,69.11503837897304,69.11933669668272
271,69.11503837897304,69.11933669668272
270,69.11503837897304,69.11933669668272
271,69.11503837897304,69.11933669668272
270,69.11503837897304,69.12172465096486
272,69.11503837897304,69.12172465096486
271,69.11503837897304,69.12172465096486
271,69.11503837897304,69.12172465096486
271,69.11503837897304,69.12172465096486
270,69.11503837897304,69.12172465096486
271,69.11503837897304,69.12172465096486
271,69.11503837897304,69.12172465096486
269,69.11503837897304,69.12650055952915
269,69.11503837897304,69.12650055952915
265,69.11503837897304,69.12888851381129
267,69.11503837897304,69.12888851381129
271,69.11503837897304,69.12888851381129
262,69.11503837897304,69.12650055952915
271,69.11503837897304,69.12650055952915
264,69.11503837897304,69.124112605247
263,69.11503837897304,69.12172465096486
282,69.11503837897304,69.11694874240058
279,69.11503837897304,69.1121728338363
267,69.11503837897304,69.1121728338363
265,69.11503837897304,69.1121728338363
266,69.11503837897304,69.1121728338363
266,69.11503837897304,69.1121728338363
267,69.11503837897304,69.1121728338363
270,69.11503837897304,69.1121728338363
273,69.11503837897304,69.1121728338363
268,69.11503837897304,69.1121728338363
268,69.11503837897304,69.1121728338363
267,69.11503837897304,69.1121728338363
284,69.11503837897304,69.1121728338363
245,69.11503837897304,69.1121728338363
249,69.11503837897304,69.1121728338363
246,69.11503837897304,69.1121728338363
255,69.11503837897304,69.10978487955416
248,69.11503837897304,69.10978487955416
251,69.11503837897304,69.10739692527201
263,69.11503837897304,69.10739692527201
274,69.11503837897304,69.10500897098987
265,69.11503837897304,69.10500897098987
275,69.11503837897304,69.10739692527201
263,69.11503837897304,69.10739692527201
271,69.11503837897304,69.10978487955416
259,69.11503837897304,69.10978487955416
259,69.11503837897304,69.1121728338363
267,69.11503837897304,69.1121728338363
269,69.11503837897304,69.1121728338363
251,69.11503837897304,69.10978487955416
260,69.11503837897304,69.1121728338363
250,69.11503837897304,69.1121728338363
266,69.11503837897304,69.10739692527201
269,69.11503837897304,69.10500897098987
273,69.11503837897304,69.10262101670773
271,69.11503837897304,69.10262101670773
273,69.11503837897304,69.10262101670773
271,69.11503837897304,69.10262101670773
273,69.11503837897304,69.10023306242559
273,69.11503837897304,69.0954571538613
277,69.11503837897304,69.08829329101486
269,69.11503837897304,69.090681245297
275,69.11503837897304,69.0954571538613
276,69.11503837897304,69.0954571538613
272,69.11503837897304,69.09306919957916
270,69.11503837897304,69.09306919957916
270,69.11503837897304,69.0954571538613
269,69.11503837897304,69.09784510814345
265,69.11503837897304,69.09784510814345
250,69.11503837897304,69.09784510814345
270,69.11503837897304,69.0954571538613
276,69.11503837897304,69.0954571538613
274,69.11503837897304,69.0954571538613
275,69.11503837897304,69.0954571538613
275,69.11503837897304,69.0954571538613
275,69.11503837897304,69.0954571538613
273,69.11503837897304,69.0954571538613
274,69.11503837897304,69.09784510814345
272,69.11503837897304,69.09784510814345
273,69.11503837897304,69.09784510814345
272,69.11503837897304,69.10023306242559
273,69.11503837897304,69.10023306242559
271,69.11503837897304,69.10023306242559
273,69.11503837897304,69.10023306242559
271,69.11503837897304,69.10023306242559
273,69.11503837897304,69.10023306242559
272,69.11503837897304,69.10023306242559
272,69.11503837897304,69.10023306242559
271,69.11503837897304,69.10023306242559
273,69.11503837897304,69.10023306242559
273,69.11503837897304,69.10023306242559
273,69.11503837897304,69.10023306242559
273,69.11503837897304,69.10023306242559
273,69.11503837897304,69.10023306242559
273,69.11503837897304,69.10023306242559
274,69.11503837897304,69.10023306242559
269,69.11503837897304,69.10023306242559
270,69.11503837897304,69.10023306242559
270,69.11503837897304,69.10023306242559
270,69.11503837897304,69.10023306242559
270,69.11503837897304,69.10023306242559
270,69.11503837897304,69.10023306242559
269,69.11503837897304,69.10023306242559
269,69.13747832649868,69.10023306242559
269,69.15991827402432,69.10023306242559
269,69.18235822154996,69.10023306242559
269,69.2047981690756,69.10023306242559
268,69.22723811660124,69.10023306242559
268,69.24967806412688,69.10262101670773
268,69.27211801165252,69.10500897098987
269,69.29455795917816,69.10739692527201
270,69.3169979067038,69.10739692527201
288,69.33943785422944,69.12172465096488
274,69.36187780175509,69.14082828522204
278,69.38431774928073,69.15754396519706
275,69.40675769680637,69.18142350801851
268,69.429197644332,69.21724282225068
243,69.45163759185765,69.24589827363641
244,69.47407753938329,69.27932963358644
248,69.49651748690893,69.29365735927931
241,69.51895743443457,69.36290803346151
244,69.54139738196021,69.40111530197582
250,69.56383732948585,69.43932257049013
242,69.58627727701149,69.48946961041517
236,69.60871722453713,69.52051301608304
248,69.63115717206277,69.55394437603307
246,69.65359711958841,69.58976369026524
244,69.67603706711405,69.61125527880455
251,69.69847701463969,69.65423845588316
257,69.72091696216533,69.68050595298675
257,69.74335690969097,69.7043854958082
238,69.76579685721661,69.73542890147608
236,69.78823680474225,69.75453253573325
239,69.8106767522679,69.77363616999041
238,69.83311669979354,69.80229162137614
233,69.85555664731918,69.80945548422258
235,69.87799659484482,69.84527479845475
238,69.90043654237046,69.8691543412762
227,69.9228764898961,69.89542183837979
225,69.94531643742174,69.9169134269191
225,69.96775638494738,69.93601706117626
225,69.99019633247302,69.95750864971556
214,70.01263627999866,69.97661228397273
215,70.0350762275243,70.00049182679417
221,70.05751617504994,70.02437136961562
217,70.07995612257558,70.05063886671921
219,70.10239607010122,70.06974250097637
220,70.12483601762686,70.09362204379782
219,70.1472759651525,70.11272567805499
220,70.16971591267814,70.13899317515857
223,70.19215586020378,70.1509329465693
222,70.21459580772942,70.17481248939075
208,70.23703575525506,70.1986920322122
217,70.2594757027807,70.21779566646936
209,70.28191565030635,70.23928725500866
220,70.30435559783199,70.25839088926583
202,70.32679554535763,70.28465838636941
207,70.34923549288327,70.310925883473
201,70.37167544040891,70.31808974631944
195,70.39411538793455,70.35152110626947
191,70.41655533546019,70.38256451193736
190,70.43899528298583,70.40405610047667
189,70.46143523051147,70.42554768901597
194,70.48387517803711,70.44942723183742
209,70.50631512556275,70.48285859178745
209,70.52875507308839,70.5067381346089
185,70.55119502061403,70.51390199745533
186,70.57363496813967,70.56166108309823
185,70.59607491566531,70.58792858020182
180,70.61851486319095,70.61180812302327
175,70.6409548107166,70.6452394829733
177,70.66339475824223,70.66434311723046
179,70.68583470576787,70.6882226600519
179,70.70827465329351,70.70971424859121
164,70.73071460081916,70.72165402000194
168,70.7531545483448,70.75508537995196
172,70.77559449587044,70.77418901420913
176,70.79803444339608,70.79090469418414
176,70.82047439092172,70.81956014556987
179,70.84291433844736,70.83866377982703
173,70.865354285973,70.86015536836634
156,70.88779423349864,70.87687104834136
158,70.91023418102428,70.9007505911628
153,70.93267412854992,70.91269036257353
153,70.95511407607556,70.93179399683069
141,70.9775540236012,70.94612172252356
152,70.99999397112684,70.97477717390929
156,71.02243391865248,70.9962687624486
151,71.04487386617812,71.0177603509879
153,71.06731381370376,71.04163989380935
159,71.0897537612294,71.07507125375938
155,71.11219370875504,71.09656284229868
156,71.13463365628068,71.11805443083799
160,71.15707360380632,71.14670988222372
156,71.17951355133197,71.16820147076302
152,71.2019534988576,71.19208101358447
149,71.22439344638325,71.21596055640592
149,71.24683339390889,71.23028828209878
140,71.26927334143453,71.26610759633095
145,71.29171328896017,71.28521123058812
147,71.31415323648581,71.30431486484528
145,71.33659318401145,71.33058236194887
129,71.35903313153709,71.34729804192388
129,71.38147307906273,71.36401372189889
135,71.40391302658837,71.38311735615605
123,71.42635297411401,71.39744508184891
131,71.44879292163965,71.42848848751679
130,71.47123286916529,71.44759212177395
135,71.49367281669093,71.47385961887754
114,71.51611276421657,71.49535120741685
121,71.53855271174221,71.51445484167401
118,71.56099265926785,71.54311029305974
121,71.5834326067935,71.56460188159905
113,71.60587255431913,71.57415369872763
122,71.62831250184477,71.61236096724194
117,71.65075244937042,71.64579232719197
102,71.67319239689606,71.66967187001342
103,71.6956323444217,71.695939367117
100,71.71807229194734,71.71981890993845
103,71.74051223947298,71.75086231560634
104,71.76295218699862,71.7651900412992
103,71.78539213452426,71.79384549268494
97,71.8078320820499,71.82250094407067
96,71.83027202957554,71.84160457832783
100,71.85271197710118,71.86309616686714
94,71.87515192462682,71.89175161825287
99,71.89759187215246,71.91085525251003
100,71.9200318196781,71.9299588867672
95,71.94247176720374,71.94189865817792
93,71.96491171472938,71.97055410956365
89,71.98735166225502,71.98965774382081
79,72.00979160978066,72.00876137807798
83,72.0322315573063,72.03264092089942
86,72.05467150483194,72.05890841800301
82,72.07711145235758,72.07801205226018
91,72.09955139988323,72.09950364079948
83,72.12199134740887,72.10666750364592
74,72.1444312949345,72.14726272644238
78,72.16687124246015,72.16636636069954
74,72.18931118998579,72.19024590352099
79,72.21175113751143,72.2117374920603
80,72.23419108503707,72.24039294344603
84,72.25663103256271,72.26188453198533
78,72.27907098008835,72.28576407480678
67,72.30151092761399,72.29531589193536
69,72.32395087513963,72.33829906901397
68,72.34639082266527,72.36217861183542
67,72.36883077019091,72.38605815465687
66,72.39127071771655,72.41232565176045
69,72.41371066524219,72.43381724029976
74,72.43615061276783,72.45292087455692
61,72.45859056029347,72.47441246309623
59,72.48103050781911,72.48635223450695
60,72.50347045534475,72.51739564017484
66,72.5259104028704,72.53888722871415
57,72.54835035039603,72.55560290868917
58,72.57079029792168,72.58187040579276
61,72.59323024544732,72.59858608576776
50,72.61567019297296,72.62007767430707
53,72.6381101404986,72.63918130856423
59,72.66055008802424,72.66306085138568
51,72.68299003554988,72.68455243992499
56,72.70542998307552,72.70365607418215
50,72.72786993060116,72.73231152556788
52,72.7503098781268,72.75380311410719
47,72.77274982565244,72.77529470264649
43,72.79518977317808,72.80395015403222
48,72.81762972070372,72.81827787972509
46,72.84006966822936,72.84454537682868
47,72.862509615755,72.87320082821441
45,72.88494956328064,72.89469241675371
46,72.90738951080628,72.91618400529302
36,72.92982945833192,72.93767559383232
36,72.95226940585756,72.96394309093591
36,72.9747093533832,72.98543467947522
36,72.99714930090884,72.99976240516808
40,73.01958924843449,73.02602990227167
38,73.04202919596013,73.05229739937526
39,73.06446914348577,73.07378898791457
47,73.0869090910114,73.09289262217173
45,73.10934903853705,73.12154807355746
44,73.13178898606269,73.14303966209677
43,73.15422893358833,73.16453125063607
42,73.17666888111397,73.16930715920037
36,73.19910882863961,73.21229033627898
40,73.22154877616525,73.229006016254
19,73.24398872369089,73.24572169622901
20,73.26642867121653,73.27437714761474
22,73.28886861874217,73.29109282758975
23,73.31130856626781,73.31258441612906
20,73.33374851379345,73.32930009610406
24,73.35618846131909,73.34362782179693
24,73.37862840884473,73.3746712274648
14,73.40106835637037,73.39616281600411
15,73.42350830389601,73.41526645026127
17,73.44594825142165,73.43675803880058
17,73.4683881989473,73.45824962733988
15,73.49082814647294,73.47974121587919
13,73.51326809399858,73.49884485013635
13,73.53570804152422,73.52750030152208
3,73.55814798904986,73.54660393577925
5,73.5805879365755,73.56809552431855
7,73.60302788410114,73.59436302142214
7,73.62546783162678,73.61585460996145
5,73.64790777915242,73.63495824421861
4,73.67034772667806,73.65644983275791
4,73.6927876742037,73.67794142129722
4,73.71522762172934,73.70659687268295
354,73.73766756925498,73.72808846122226
354,73.76010751678062,73.74719209547942
356,73.78254746430626,73.78062345542945
357,73.8049874118319,73.8045029982509
356,73.82742735935754,73.8259945867902
356,73.84986730688318,73.84748617532951
356,73.87230725440882,73.87136571815095
347,73.89474720193446,73.90002116953669
348,73.9171871494601,73.92151275807599
346,73.93962709698575,73.95016820946172
348,73.96206704451139,73.97165979800103
348,73.98450699203703,73.99315138654033
349,74.00694693956267,74.01703092936178
348,74.02938688708831,74.04329842646537
339,74.05182683461395,74.05046228931181
341,74.07426678213959,74.0815056949797
341,74.09670672966523,74.10777319208329
340,74.11914667719087,74.12926478062259
340,74.14158662471651,74.14598046059761
339,74.16402657224215,74.16747204913692
339,74.18646651976779,74.19373954624051
333,74.20890646729343,74.21523113477981
332,74.23134641481907,74.22239499762625
331,74.25378636234471,74.26299022042271
331,74.27622630987035,74.28448180896201
330,74.298666257396,74.30119748893702
327,74.32110620492163,74.32268907747633
332,74.34354615244727,74.34895657457992
321,74.36598609997291,74.37044816311922
321,74.38842604749856,74.38955179737638
324,74.4108659950242,74.39432770594067
324,74.43330594254984,74.43253497445498
322,74.45574589007548,74.45163860871214
325,74.47818583760112,74.47074224296931
330,74.50062578512676,74.48745792294432
320,74.5230657326524,74.51133746576576
316,74.54550568017804,74.53044110002293
320,74.56794562770368,74.54715677999793
316,74.59038557522932,74.57342427710152
312,74.61282552275496,74.59252791135869
315,74.6352654702806,74.61163154561585
317,74.65770541780624,74.63312313415516
311,74.68014536533188,74.65939063125874
308,74.70258531285752,74.68327017408019
314,74.72502526038316,74.7047617626195
313,74.7474652079088,74.72386539687666
310,74.76990515543444,74.75490880254455
308,74.79234510296008,74.778788345366
313,74.81478505048572,74.80266788818744
303,74.83722499801137,74.83371129385533
302,74.859664945537,74.85520288239464
301,74.88210489306265,74.87908242521608
300,74.90454484058829,74.90296196803753
298,74.92698478811393,74.9220656022947
304,74.94942473563957,74.95310900796258
302,74.97186468316521,74.97698855078403
273,74.99430463069085,74.99848013932333
268,75.01674457821649,75.02713559070907
284,75.03918452574213,75.04623922496623
272,75.06162447326777,75.06534285922339
281,75.08406442079341,75.08444649348056
275,75.10650436831905,75.09638626489128
272,75.12894431584469,75.12981762484131
288,75.15138426337033,75.15130921338061
288,75.17382421089597,75.1775767104842
284,75.19626415842161,75.20145625330565
285,75.21870410594725,75.22294784184496
287,75.2411440534729,75.2468273846664
288,75.26358400099853,75.27548283605213
287,75.28602394852417,75.28264669889857
272,75.30846389604982,75.3160780588486
274,75.33090384357546,75.34712146451648
277,75.3533437911011,75.36622509877364
277,75.37578373862674,75.39010464159509
278,75.39822368615238,75.41159623013439
276,75.39822368615238,75.43786372723798
273,75.39822368615238,75.45219145293085
262,75.39822368615238,75.48084690431658
269,75.39822368615238,75.4975625842916
260,75.39822368615238,75.51189030998447
259,75.39822368615238,75.5190541728309
260,75.39822368615238,75.52144212711305
261,75.39822368615238,75.52383008139519
260,75.39822368615238,75.52621803567733
270,75.39822368615238,75.52621803567733
259,75.39822368615238,75.53576985280591
268,75.39822368615238,75.53815780708806
254,75.39822368615238,75.5453216699345
265,75.39822368615238,75.55009757849878
255,75.39822368615238,75.5668132584738
263,75.39822368615238,75.56920121275594
244,75.39822368615238,75.57158916703808
268,75.39822368615238,75.57636507560237
255,75.39822368615238,75.58352893844881
263,75.39822368615238,75.57875302988452
262,75.39822368615238,75.57636507560238
269,75.39822368615238,75.5668132584738
267,75.39822368615238,75.55964939562736
253,75.39822368615238,75.55009757849878
274,75.39822368615238,75.5405457613702
255,75.39822368615238,75.53338189852376
258,75.39822368615238,75.5142782642666
256,75.39822368615238,75.50233849285587
258,75.39822368615238,75.49278667572729
255,75.39822368615238,75.48562281288085
257,75.39822368615238,75.48084690431656
258,75.39822368615238,75.47368304147012
269,75.39822368615238,75.47129508718798
262,75.39822368615238,75.47129508718798
260,75.39822368615238,75.46890713290584
265,75.39822368615238,75.46890713290584
264,75.39822368615238,75.4665191786237
258,75.39822368615238,75.4617432700594
268,75.39822368615238,75.45935531577726
260,75.39822368615238,75.45935531577726
265,75.39822368615238,75.45696736149512
261,75.39822368615238,75.45457940721298
260,75.39822368615238,75.45219145293083
262,75.39822368615238,75.44980349864869
262,75.39822368615238,75.45219145293083
278,75.39822368615238,75.45457940721298
262,75.39822368615238,75.45219145293083
256,75.39822368615238,75.45219145293083
259,75.39822368615238,75.45219145293083
260,75.39822368615238,75.45457940721298
270,75.39822368615238,75.45457940721298
262,75.39822368615238,75.45457940721298
261,75.39822368615238,75.44980349864869
256,75.39822368615238,75.44741554436655
259,75.39822368615238,75.44263963580227
259,75.39822368615238,75.44025168152012
263,75.39822368615238,75.43786372723798
263,75.39822368615238,75.4283119101094
265,75.39822368615238,75.4283119101094
264,75.39822368615238,75.42353600154512
267,75.39822368615238,75.42353600154512
265,75.39822368615238,75.42353600154512
264,75.39822368615238,75.42353600154512
254,75.39822368615238,75.42353600154512
262,75.39822368615238,75.42353600154512
265,75.39822368615238,75.42353600154512
241,75.39822368615238,75.42353600154512
242,75.39822368615238,75.42353600154512
241,75.39822368615238,75.42353600154512
242,75.39822368615238,75.42353600154512
241,75.39822368615238,75.42353600154512
250,75.39822368615238,75.42353600154512
254,75.39822368615238,75.42353600154512
264,75.39822368615238,75.42114804726297
267,75.39822368615238,75.41876009298083
277,75.39822368615238,75.41159623013439
265,75.39822368615238,75.40443236728795
273,75.39822368615238,75.39965645872365
275,75.39822368615238,75.39488055015937
265,75.39822368615238,75.39726850444151
276,75.39822368615238,75.39488055015937
257,75.39822368615238,75.39249259587723
255,75.39822368615238,75.39726850444153
263,75.39822368615238,75.39965645872367
262,75.39822368615238,75.39965645872367
257,75.39822368615238,75.40443236728795
255,75.39822368615238,75.4068203215701
238,75.39822368615238,75.40920827585224
273,75.39822368615238,75.40443236728795
254,75.39822368615238,75.40204441300581
266,75.39822368615238,75.39965645872367
267,75.39822368615238,75.39726850444153
272,75.39822368615238,75.39488055015939
270,75.39822368615238,75.3901046415951
281,75.39822368615238,75.38294077874866
268,75.39822368615238,75.38294077874866
295,75.39822368615238,75.38294077874866
285,75.39822368615238,75.38294077874866
290,75.39822368615238,75.3853287330308
277,75.39822368615238,75.38771668731295
271,75.39822368615238,75.38771668731295
271,75.39822368615238,75.39010464159509
268,75.39822368615238,75.39010464159509
269,75.39822368615238,75.39010464159509
268,75.39822368615238,75.39488055015939
253,75.39822368615238,75.39726850444153
263,75.39822368615238,75.39726850444153
254,75.39822368615238,75.39965645872367
274,75.39822368615238,75.39965645872367
275,75.39822368615238,75.39965645872367
278,75.39822368615238,75.39965645872367
277,75.39822368615238,75.39965645872367
278,75.39822368615238,75.39726850444153
278,75.39822368615238,75.39726850444153
278,75.39822368615238,75.39488055015939
276,75.39822368615238,75.39249259587724
280,75.39822368615238,75.3901046415951
276,75.39822368615238,75.3901046415951
273,75.39822368615238,75.38771668731296
275,75.39822368615238,75.38294077874868
270,75.39822368615238,75.37577691590224
274,75.39822368615238,75.3686130530558
285,75.39822368615238,75.36383714449151
275,75.39822368615238,75.36144919020937
275,75.39822368615238,75.36144919020937
275,75.39822368615238,75.36383714449151
271,75.39822368615238,75.36383714449151
270,75.39822368615238,75.37100100733795
265,75.39822368615238,75.38055282446653
277,75.39822368615238,75.38055282446653
274,75.39822368615238,75.38532873303082
273,75.39822368615238,75.3901046415951
254,75.39822368615238,75.3901046415951
272,75.39822368615238,75.3901046415951
272,75.39822368615238,75.3901046415951
275,75.39822368615238,75.3901046415951
283,75.39822368615238,75.3901046415951
272,75.39822368615238,75.3901046415951
271,75.39822368615238,75.3901046415951
270,75.39822368615238,75.3901046415951
271,75.39822368615238,75.38771668731296
270,75.39822368615238,75.38771668731296
278,75.39822368615238,75.38532873303082
273,75.39822368615238,75.38294077874868
266,75.39822368615238,75.37577691590224
270,75.39822368615238,75.3733889616201
281,75.39822368615238,75.37100100733795
268,75.39822368615238,75.37100100733795
280,75.39822368615238,75.3733889616201
265,75.39822368615238,75.37816487018439
249,75.39822368615238,75.37816487018439
249,75.39822368615238,75.39249259587726
252,75.39822368615238,75.3996564587237
247,75.39822368615238,75.40443236728798
249,75.39822368615238,75.40682032157012
242,75.39822368615238,75.40682032157012
256,75.39822368615238,75.40920827585227
270,75.39822368615238,75.40920827585227
271,75.39822368615238,75.40920827585227
274,75.39822368615238,75.40682032157012
279,75.39822368615238,75.40682032157012
272,75.39822368615238,75.40682032157012
269,75.39822368615238,75.40682032157012
268,75.39822368615238,75.40920827585227
266,75.39822368615238,75.40920827585227
266,75.39822368615238,75.40920827585227
267,75.39822368615238,75.40920827585227
266,75.39822368615238,75.40920827585227
267,75.39822368615238,75.40920827585227
266,75.39822368615238,75.40920827585227
267,75.39822368615238,75.40920827585227
269,75.39822368615238,75.40920827585227
268,75.39822368615238,75.40920827585227
269,75.39822368615238,75.40920827585227
269,75.39822368615238,75.40920827585227
269,75.39822368615238,75.40920827585227
268,75.39822368615238,75.40920827585227
269,75.39822368615238,75.40920827585227
269,75.39822368615238,75.40920827585227
269,75.39822368615238,75.40920827585227
268,75.39822368615238,75.40920827585227
268,75.39822368615238,75.40920827585227
268,75.39822368615238,75.40920827585227
268,75.39822368615238,75.40920827585227
266,75.39822368615238,75.40920827585227
267,75.39822368615238,75.40682032157012
269,75.39822368615238,75.40682032157012
266,75.39822368615238,75.40920827585227
259,75.39822368615238,75.40682032157012
266,75.39822368615238,75.40682032157012
270,75.39822368615238,75.40682032157012
264,75.39822368615238,75.40682032157012
266,75.39822368615238,75.40920827585227
261,75.39822368615238,75.40682032157012
267,75.39822368615238,75.40443236728798
267,75.39822368615238,75.40682032157012
265,75.39822368615238,75.40682032157012
278,75.39822368615238,75.40682032157012
276,75.39822368615238,75.40443236728798
266,75.39822368615238,75.40204441300584
266,75.39822368615238,75.40204441300584
261,75.39822368615238,75.40204441300584
261,75.39822368615238,75.40204441300584
262,75.39822368615238,75.40204441300584
257,75.39822368615238,75.40443236728798
265,75.39822368615238,75.40443236728798
273,75.39822368615238,75.40443236728798
265,75.39822368615238,75.40443236728798
262,75.39822368615238,75.40443236728798
261,75.39822368615238,75.40443236728798
263,75.39822368615238,75.40443236728798
263,75.39822368615238,75.40443236728798
271,75.39822368615238,75.40443236728798
263,75.39822368615238,75.40443236728798
263,75.39822368615238,75.40443236728798
267,75.39822368615238,75.40443236728798
268,75.39822368615238,75.40443236728798
267,75.39822368615238,75.40682032157012
269,75.39822368615238,75.40682032157012
268,75.39822368615238,75.40682032157012
280,75.39822368615238,75.40204441300584
267,75.39822368615238,75.40443236728798
278,75.39822368615238,75.40443236728798
274,75.39822368615238,75.40443236728798
266,75.39822368615238,75.40682032157012
271,75.39822368615238,75.41159623013442
266,75.39822368615238,75.41159623013442
257,75.39822368615238,75.4163721386987
262,75.39822368615238,75.4163721386987
268,75.39822368615238,75.4163721386987
265,75.39822368615238,75.41398418441656
241,75.39822368615238,75.41159623013442
270,75.39822368615238,75.41159623013442
248,75.39822368615238,75.40682032157014
262,75.39822368615238,75.40204441300584
251,75.39822368615238,75.3996564587237
251,75.39822368615238,75.39726850444156
251,75.39822368615238,75.39249259587727
250,75.39822368615238,75.39010464159513
254,75.39822368615238,75.38532873303085
254,75.39822368615238,75.3829407787487
254,75.39822368615238,75.3829407787487
296,75.39822368615238,75.3829407787487
272,75.39822368615238,75.3829407787487
277,75.39822368615238,75.38532873303085
267,75.39822368615238,75.39010464159514
266,75.39822368615238,75.39249259587729
265,75.39822368615238,75.39488055015943
241,75.39822368615238,75.39965645872373
258,75.39822368615238,75.40204441300587
255,75.39822368615238,75.39965645872373
272,75.39822368615238,75.39726850444158
265,75.39822368615238,75.39488055015944
277,75.39822368615238,75.39488055015944
266,75.39822368615238,75.39488055015944
277,75.39822368615238,75.39488055015944
275,75.39822368615238,75.39488055015944
271,75.39822368615238,75.39488055015944
272,75.39822368615238,75.39488055015944
276,75.39822368615238,75.39488055015944
270,75.39822368615238,75.39488055015944
275,75.39822368615238,75.39488055015944
272,75.39822368615238,75.39488055015944
268,75.39822368615238,75.39488055015944
267,75.39822368615238,75.39488055015944
269,75.39822368615238,75.39488055015944
266,75.39822368615238,75.39488055015944
269,75.39822368615238,75.39488055015944
267,75.39822368615238,75.39488055015944
268,75.39822368615238,75.39488055015944
269,75.39822368615238,75.39488055015944
269,75.39822368615238,75.39726850444158
269,75.39822368615238,75.39726850444158
269,75.39822368615238,75.39726850444158
269,75.39822368615238,75.39726850444158
267,75.39822368615238,75.39726850444158
261,75.39822368615238,75.39965645872373
265,75.39822368615238,75.39965645872373
266,75.39822368615238,75.40204441300587
268,75.39822368615238,75.40204441300587
267,75.42066363367802,75.40204441300587
267,75.44310358120366,75.39726850444157
280,75.4655435287293,75.40204441300585
278,75.48798347625494,75.39965645872371
277,75.51042342378058,75.4092082758523
270,75.53286337130622,75.42353600154516
295,75.55530331883186,75.44025168152018
267,75.5777432663575,75.4569673614952
272,75.60018321388314,75.47845895003451
267,75.62262316140878,75.49756258429167
275,75.64506310893442,75.51666621854883
258,75.66750305646006,75.52144212711312
258,75.6899430039857,75.55487348706315
259,75.71238295151134,75.57397712132031
263,75.73482289903698,75.58830484701318
266,75.75726284656263,75.60979643555248
267,75.77970279408827,75.6217362069632
279,75.8021427416139,75.63367597837393
254,75.82458268913955,75.6527796126311
271,75.84702263666519,75.66471938404182
262,75.86946258419083,75.70053869827399
252,75.89190253171647,75.72680619537758
239,75.91434247924211,75.76501346389189
256,75.93678242676775,75.79128096099548
246,75.95922237429339,75.81754845809907
246,75.98166232181903,75.84381595520266
234,76.00410226934467,75.87008345230625
237,76.02654221687031,75.9106786751027
242,76.04898216439595,75.94411003505273
245,76.07142211192159,75.97515344072062
240,76.09386205944723,76.01336070923493
243,76.11630200697287,76.04201616062066
227,76.13874195449851,76.07305956628855
226,76.16118190202415,76.09932706339214
228,76.1836218495498,76.12320660621359
248,76.20606179707544,76.15425001188147
225,76.22850174460108,76.18529341754936
232,76.25094169212672,76.20678500608867
232,76.27338163965236,76.23066454891011
207,76.295821587178,76.24976818316728
207,76.31826153470364,76.28081158883515
205,76.34070148222928,76.29991522309231
205,76.36314142975492,76.31185499450304
202,76.38558137728056,76.33334658304234
205,76.4080213248062,76.35483817158165
205,76.43046127233184,76.37155385155667
213,76.45290121985748,76.39065748581383
210,76.47534116738312,76.41692498291742
215,76.49778111490876,76.44080452573887
212,76.5202210624344,76.46229611427817
217,76.54266100996004,76.46945997712461
213,76.56510095748568,76.51244315420323
214,76.58754090501132,76.53154678846039
199,76.60998085253696,76.55065042271755
202,76.6324208000626,76.574529965539
201,76.65486074758824,76.59363359979616
201,76.67730069511389,76.61034927977119
201,76.69974064263953,76.6270649597462
198,76.72218059016517,76.63900473115693
200,76.7446205376908,76.66527222826052
206,76.76706048521645,76.68437586251768
190,76.78950043274209,76.70825540533913
190,76.81194038026773,76.739298811007
190,76.83438032779337,76.76795426239273
189,76.85682027531901,76.79422175949632
193,76.87926022284465,76.82526516516421
193,76.90170017037029,76.86347243367852
188,76.92414011789593,76.8945158393464
173,76.94658006542157,76.92317129073213
172,76.96902001294721,76.9589906049643
172,76.99145996047285,76.98287014778575
172,77.01389990799849,77.0067496906072
173,77.03633985552413,77.03062923342864
173,77.05877980304977,77.05212082196795
172,77.08121975057541,77.07838831907154
163,77.10365969810105,77.09987990761084
165,77.1260996456267,77.118983541868
166,77.14853959315234,77.14286308468945
167,77.17097954067798,77.15957876466447
164,77.19341948820362,77.17868239892164
166,77.21585943572926,77.1930101246145
166,77.2382993832549,77.20972580458952
155,77.26073933078054,77.22882943884669
154,77.28317927830618,77.24554511882171
148,77.30561922583182,77.25748489023243
147,77.32805917335746,77.27897647877174
148,77.3504991208831,77.30046806731104
153,77.37293906840874,77.32673556441463
152,77.39537901593438,77.36016692436466
143,77.41781896346002,77.36971874149324
145,77.44025891098566,77.415089872854
148,77.4626988585113,77.45329714136831
148,77.48513880603694,77.4843405470362
147,77.50757875356258,77.51538395270407
150,77.53001870108822,77.54642735837194
152,77.55245864861386,77.58224667260411
138,77.5748985961395,77.6085141697077
135,77.59733854366515,77.61806598683629
131,77.61977849119079,77.6562732553506
130,77.64221843871643,77.68492870673633
137,77.66465838624207,77.70164438671135
136,77.68709833376771,77.71836006668637
133,77.70953828129335,77.74462756378996
127,77.73197822881899,77.76134324376498
129,77.75441817634463,77.77567096945785
120,77.77685812387027,77.78044687802215
124,77.79929807139591,77.81149028369003
122,77.82173801892155,77.82820596366506
114,77.84417796644719,77.84492164364008
121,77.86661791397283,77.86641323217938
116,77.88905786149847,77.88551686643655
114,77.91149780902411,77.90462050069371
110,77.93393775654975,77.92372413495087
108,77.9563777040754,77.94999163205446
112,77.97881765160103,77.97148322059377
117,78.00125759912667,77.99536276341522
122,78.02369754665231,78.02640616908309
101,78.04613749417796,78.0478977576224
104,78.0685774417036,78.07416525472598
105,78.09101738922924,78.09565684326529
105,78.11345733675488,78.11237252324031
98,78.13589728428052,78.15057979175462
106,78.15833723180616,78.17207138029393
106,78.1807771793318,78.19356296883323
111,78.20321712685744,78.21983046593682
112,78.22565707438308,78.24132205447613
108,78.24809702190872,78.26281364301543
110,78.27053696943436,78.28908114011902
111,78.29297691696,78.29624500296546
109,78.31541686448564,78.33206431719763
110,78.33785681201128,78.35355590573694
85,78.36029675953692,78.3726595399941
78,78.38273670706256,78.39892703709769
85,78.4051766545882,78.420418625637
77,78.42761660211384,78.43713430561202
85,78.45005654963948,78.46340180271561
76,78.47249649716512,78.47295361984419
81,78.49493644469077,78.50638497979422
72,78.5173763922164,78.52548861405138
75,78.53981633974205,78.55414406543711
70,78.56225628726769,78.57563565397642
72,78.58469623479333,78.59473928823358
75,78.60713618231897,78.61623087677289
72,78.62957612984461,78.63294655674791
69,78.65201607737025,78.6592140538515
62,78.67445602489589,78.6807056423908
61,78.69689597242153,78.69980927664797
66,78.71933591994717,78.72607677375156
64,78.74177586747281,78.74756836229086
61,78.76421581499845,78.76905995083017
68,78.78665576252409,78.79532744793376
67,78.80909571004973,78.80726721934448
58,78.83153565757537,78.83592267073021
62,78.85397560510101,78.85741425926952
61,78.87641555262665,78.88606971065525
57,78.8988555001523,78.90517334491241
59,78.92129544767793,78.92666493345172
59,78.94373539520357,78.95054447627317
56,78.96617534272922,78.9791999276589
49,78.98861529025486,78.99352765335176
53,79.0110552377805,79.0221831047375
50,79.03349518530614,79.05083855612322
56,79.05593513283178,79.06994219038039
53,79.07837508035742,79.0914337789197
52,79.10081502788306,79.112925367459
52,79.1232549754087,79.14158081884473
43,79.14569492293434,79.1606844531019
41,79.16813487045998,79.16784831594833
43,79.19057481798562,79.20127967589836
41,79.21301476551126,79.2299351272841
43,79.2354547130369,79.24903876154124
42,79.25789466056254,79.27053035008055
41,79.28033460808818,79.29202193861985
33,79.30277455561382,79.31828943572344
34,79.32521450313946,79.33739306998059
32,79.3476544506651,79.34694488710917
32,79.37009439819074,79.3851521556235
33,79.39253434571638,79.4066437441628
29,79.41497429324203,79.43052328698425
33,79.43741424076767,79.4544028298057
23,79.4598541882933,79.47350646406287
22,79.48229413581895,79.49022214403789
23,79.50473408334459,79.50932577829505
25,79.52717403087023,79.52365350398792
24,79.54961397839587,79.5546969096558
27,79.57205392592151,79.57380054391297
26,79.59449387344715,79.59529213245227
15,79.61693382097279,79.61917167527372
14,79.63937376849843,79.64066326381302
16,79.66181371602407,79.66215485235233
16,79.68425366354971,79.6812584866095
16,79.70669361107535,79.70991393799522
16,79.72913355860099,79.72901757225239
15,79.75157350612663,79.7505091607917
7,79.77401345365227,79.77438870361314
7,79.79645340117791,79.80304415499887
9,79.81889334870355,79.8197598349739
4,79.8413332962292,79.83886346923104
7,79.86377324375484,79.85557914920606
9,79.88621319128048,79.88184664630965
8,79.90865313880612,79.90095028056682
5,79.93109308633176,79.9272177776704
1,79.9535330338574,79.953485274774
1,79.97597298138304,79.9749768633133
2,79.99841292890868,79.99408049757047
3,80.02085287643432,80.01079617754549
4,80.04329282395996,80.02273594895622
3,80.0657327714856,80.05616730890624
3,80.08817271901124,80.0752709431634
355,80.11061266653688,80.101538440267
353,80.13305261406252,80.13019389165274
351,80.15549256158816,80.15407343447418
348,80.1779325091138,80.17795297729563
351,80.20037245663944,80.20183252011708
354,80.22281240416508,80.2185482000921
356,80.24525235169072,80.25197956004213
342,80.26769229921636,80.27585910286358
344,80.290132246742,80.30212659996718
344,80.31257219426764,80.32123023422434
343,80.33501214179329,80.34272182276365
343,80.35745208931893,80.36898931986725
342,80.37989203684457,80.39048090840656
344,80.4023319843702,80.397644771253
334,80.42477193189585,80.4239122683566
326,80.44721187942149,80.44301590261377
330,80.46965182694713,80.46211953687093
334,80.49209177447277,80.47883521684595
332,80.51453172199841,80.49793885110311
334,80.53697166952405,80.52181839392456
332,80.55941161704969,80.53137021105314
327,80.58185156457533,80.55524975387459
337,80.60429151210097,80.57912929669604
331,80.62673145962661,80.60300883951749
335,80.64917140715225,80.62211247377464
332,80.67161135467789,80.64360406231394
335,80.69405130220353,80.66748360513539
332,80.71649124972917,80.69852701080328
318,80.73893119725481,80.7152426907783
314,80.76137114478045,80.74867405072833
313,80.7838110923061,80.7844933649605
313,80.80625103983174,80.8059849534998
316,80.82869098735738,80.82747654203911
293,80.85113093488302,80.84658017629626
310,80.87357088240866,80.88001153624629
312,80.8960108299343,80.90150312478559
306,80.91845077745994,80.91105494191417
308,80.94089072498558,80.94209834758206
312,80.96333067251122,80.96358993612137
313,80.98577062003686,80.98030561609639
325,81.0082105675625,80.99940925035355
315,81.03065051508814,81.01851288461071
312,81.05309046261378,81.04000447315002
307,81.07553041013942,81.06149606168933
305,81.09797035766506,81.06627197025362
303,81.1204103051907,81.11403105589652
288,81.14285025271634,81.13791059871797
296,81.16529020024198,81.15701423297513
291,81.18773014776762,81.18089377579658
289,81.21017009529326,81.20716127290018
283,81.2326100428189,81.22865286143949
287,81.25504999034455,81.24775649569663
282,81.27748993787019,81.25730831282522
287,81.29992988539583,81.30029148990383
292,81.32236983292147,81.32178307844313
293,81.34480978044711,81.34805057554672
285,81.36724972797275,81.37670602693245
293,81.38968967549839,81.40774943260034
289,81.41212962302403,81.4268530668575
293,81.43456957054967,81.44595670111465
297,81.45700951807531,81.4531205639611
284,81.47944946560095,81.4961037410397
292,81.50188941312659,81.51759532957901
274,81.52432936065223,81.53908691811831
274,81.54676930817787,81.56774236950406
265,81.56920925570351,81.58923395804337
276,81.59164920322915,81.60594963801839
268,81.6140891507548,81.62505327227554
273,81.63652909828043,81.64654486081484
261,81.65896904580607,81.66326054078986
261,81.68140899333171,81.68236417504703
265,81.68140899333171,81.71101962643276
266,81.68140899333171,81.73251121497206
266,81.68140899333171,81.75161484922923
275,81.68140899333171,81.76833052920425
270,81.68140899333171,81.77788234633283
274,81.68140899333171,81.78504620917927
237,81.68140899333171,81.78743416346141
242,81.68140899333171,81.78982211774355
238,81.68140899333171,81.7922100720257
236,81.68140899333171,81.7922100720257
234,81.68140899333171,81.7922100720257
246,81.68140899333171,81.7922100720257
237,81.68140899333171,81.7922100720257
261,81.68140899333171,81.7922100720257
258,81.68140899333171,81.7922100720257
265,81.68140899333171,81.7922100720257
262,81.68140899333171,81.7922100720257
260,81.68140899333171,81.7922100720257
259,81.68140899333171,81.7922100720257
260,81.68140899333171,81.7922100720257
264,81.68140899333171,81.7922100720257
262,81.68140899333171,81.7922100720257
260,81.68140899333171,81.7922100720257
260,81.68140899333171,81.7922100720257
261,81.68140899333171,81.7922100720257
260,81.68140899333171,81.7922100720257
262,81.68140899333171,81.7922100720257
260,81.68140899333171,81.7922100720257
261,81.68140899333171,81.7922100720257
259,81.68140899333171,81.79459802630784
261,81.68140899333171,81.79459802630784
260,81.68140899333171,81.79698598058998
261,81.68140899333171,81.79937393487212
257,81.68140899333171,81.79937393487212
250,81.68140899333171,81.79698598058998
253,81.68140899333171,81.79698598058998
255,81.68140899333171,81.79937393487212
261,81.68140899333171,81.79459802630782
255,81.68140899333171,81.78982211774353
262,81.68140899333171,81.78265825489709
265,81.68140899333171,81.78265825489709
259,81.68140899333171,81.7731064377685
263,81.68140899333171,81.76833052920422
280,81.68140899333171,81.75877871207564
270,81.68140899333171,81.7563907577935
270,81.68140899333171,81.74683894066492
270,81.68140899333171,81.74445098638277
263,81.68140899333171,81.74445098638277
262,81.68140899333171,81.74445098638277
256,81.68140899333171,81.74445098638277
258,81.68140899333171,81.74445098638277
258,81.68140899333171,81.74445098638277
258,81.68140899333171,81.74445098638277
258,81.68140899333171,81.74445098638277
260,81.68140899333171,81.74445098638277
260,81.68140899333171,81.74445098638277
260,81.68140899333171,81.74445098638277
261,81.68140899333171,81.74445098638277
261,81.68140899333171,81.74445098638277
262,81.68140899333171,81.74445098638277
262,81.68140899333171,81.74445098638277
263,81.68140899333171,81.74445098638277
261,81.68140899333171,81.74445098638277
261,81.68140899333171,81.74445098638277
261,81.68140899333171,81.74445098638277
261,81.68140899333171,81.74445098638277
262,81.68140899333171,81.74445098638277
261,81.68140899333171,81.74445098638277
262,81.68140899333171,81.74445098638277
262,81.68140899333171,81.74445098638277
259,81.68140899333171,81.74445098638277
260,81.68140899333171,81.74445098638277
261,81.68140899333171,81.74445098638277
261,81.68140899333171,81.74445098638277
261,81.68140899333171,81.74445098638277
260,81.68140899333171,81.74445098638277
262,81.68140899333171,81.74445098638277
259,81.68140899333171,81.74445098638277
259,81.68140899333171,81.74445098638277
259,81.68140899333171,81.74445098638277
260,81.68140899333171,81.74445098638277
260,81.68140899333171,81.74445098638277
260,81.68140899333171,81.74445098638277
260,81.68140899333171,81.74445098638277
265,81.68140899333171,81.74445098638277
263,81.68140899333171,81.73967507781848
262,81.68140899333171,81.73251121497204
265,81.68140899333171,81.72295939784345
261,81.68140899333171,81.71101962643273
264,81.68140899333171,81.70146780930415
263,81.68140899333171,81.68714008361128
243,81.68140899333171,81.68236417504698
241,81.68140899333171,81.65370872366125
264,81.68140899333171,81.63938099796839
246,81.68140899333171,81.6298291808398
244,81.68140899333171,81.62027736371122
239,81.68140899333171,81.6083375923005
242,81.68140899333171,81.6035616837362
277,81.68140899333171,81.60117372945406
273,81.68140899333171,81.6035616837362
264,81.68140899333171,81.61072554658263
267,81.68140899333171,81.61550145514693
269,81.68140899333171,81.61788940942907
265,81.68140899333171,81.62266531799335
256,81.68140899333171,81.62982918083978
272,81.68140899333171,81.63460508940408
273,81.68140899333171,81.63938099796837
274,81.68140899333171,81.64415690653267
273,81.68140899333171,81.64654486081481
272,81.68140899333171,81.64654486081481
272,81.68140899333171,81.64654486081481
272,81.68140899333171,81.64654486081481
270,81.68140899333171,81.64654486081481
271,81.68140899333171,81.64654486081481
271,81.68140899333171,81.64654486081481
272,81.68140899333171,81.64415690653267
283,81.68140899333171,81.64415690653267
273,81.68140899333171,81.64176895225053
274,81.68140899333171,81.63460508940409
274,81.68140899333171,81.63699304368623
275,81.68140899333171,81.63699304368623
274,81.68140899333171,81.64415690653266
272,81.68140899333171,81.6465448608148
267,81.68140899333171,81.6513207693791
270,81.68140899333171,81.6560966779434
255,81.68140899333171,81.6560966779434
274,81.68140899333171,81.6560966779434
273,81.68140899333171,81.6560966779434
273,81.68140899333171,81.6560966779434
273,81.68140899333171,81.6560966779434
266,81.68140899333171,81.6560966779434
269,81.68140899333171,81.65848463222554
275,81.68140899333171,81.66087258650768
272,81.68140899333171,81.66564849507198
273,81.68140899333171,81.67520031220056
269,81.68140899333171,81.67997622076484
252,81.68140899333171,81.68475212932914
265,81.68140899333171,81.69430394645772
270,81.68140899333171,81.69669190073986
270,81.68140899333171,81.70385576358629
263,81.68140899333171,81.70385576358629
268,81.68140899333171,81.70624371786843
267,81.68140899333171,81.70146780930413
271,81.68140899333171,81.69907985502199
272,81.68140899333171,81.69430394645771
291,81.68140899333171,81.69430394645771
290,81.68140899333171,81.68952803789341
261,81.68140899333171,81.68475212932911
276,81.68140899333171,81.67997622076483
266,81.68140899333171,81.67997622076483
274,81.68140899333171,81.68236417504697
263,81.68140899333171,81.68236417504697
263,81.68140899333171,81.68952803789341
259,81.68140899333171,81.69669190073985
258,81.68140899333171,81.69669190073985
249,81.68140899333171,81.69907985502199
266,81.68140899333171,81.70146780930413
261,81.68140899333171,81.70385576358628
266,81.68140899333171,81.70385576358628
265,81.68140899333171,81.70146780930413
265,81.68140899333171,81.69907985502199
284,81.68140899333171,81.69430394645771
262,81.68140899333171,81.68952803789341
278,81.68140899333171,81.68475212932911
262,81.68140899333171,81.68236417504697
262,81.68140899333171,81.68236417504697
262,81.68140899333171,81.68236417504697
264,81.68140899333171,81.68236417504697
257,81.68140899333171,81.68236417504697
263,81.68140899333171,81.68236417504697
260,81.68140899333171,81.68236417504697
256,81.68140899333171,81.68236417504697
264,81.68140899333171,81.68236417504697
261,81.68140899333171,81.68236417504697
261,81.68140899333171,81.68236417504697
245,81.68140899333171,81.68236417504697
246,81.68140899333171,81.68236417504697
244,81.68140899333171,81.68236417504697
245,81.68140899333171,81.68236417504697
245,81.68140899333171,81.68236417504697
248,81.68140899333171,81.67997622076483
249,81.68140899333171,81.67758826648269
275,81.68140899333171,81.67520031220054
259,81.68140899333171,81.67520031220054
274,81.68140899333171,81.6728123579184
264,81.68140899333171,81.67520031220054
260,81.68140899333171,81.67520031220054
263,81.68140899333171,81.67520031220054
261,81.68140899333171,81.67758826648269
274,81.68140899333171,81.68236417504697
258,81.68140899333171,81.68236417504697
255,81.68140899333171,81.68475212932911
261,81.68140899333171,81.68714008361125
261,81.68140899333171,81.68714008361125
247,81.68140899333171,81.6895280378934
244,81.68140899333171,81.69191599217554
260,81.68140899333171,81.69191599217554
253,81.68140899333171,81.6895280378934
272,81.68140899333171,81.6847521293291
271,81.68140899333171,81.68236417504696
271,81.68140899333171,81.68236417504696
273,81.68140899333171,81.67997622076481
281,81.68140899333171,81.67281235791837
278,81.68140899333171,81.66326054078979
286,81.68140899333171,81.66326054078979
265,81.68140899333171,81.66087258650765
275,81.68140899333171,81.66087258650765
261,81.68140899333171,81.66326054078979
268,81.68140899333171,81.66564849507193
265,81.68140899333171,81.66803644935408
263,81.68140899333171,81.67520031220052
274,81.68140899333171,81.67758826648266
250,81.68140899333171,81.6799762207648
269,81.68140899333171,81.67758826648266
270,81.68140899333171,81.68236417504696
267,81.68140899333171,81.68236417504696
268,81.68140899333171,81.68236417504696
274,81.68140899333171,81.68236417504696
271,81.68140899333171,81.68236417504696
276,81.68140899333171,81.68236417504696
268,81.68140899333171,81.68236417504696
269,81.68140899333171,81.68236417504696
268,81.68140899333171,81.68236417504696
271,81.68140899333171,81.68236417504696
268,81.68140899333171,81.68236417504696
271,81.68140899333171,81.68236417504696
273,81.68140899333171,81.68236417504696
271,81.68140899333171,81.67997622076481
268,81.68140899333171,81.67997622076481
268,81.68140899333171,81.68236417504696
268,81.68140899333171,81.6847521293291
250,81.68140899333171,81.6847521293291
266,81.68140899333171,81.68952803789338
265,81.68140899333171,81.69191599217552
256,81.68140899333171,81.69430394645767
272,81.68140899333171,81.69191599217552
269,81.68140899333171,81.69191599217552
278,81.68140899333171,81.68952803789338
275,81.68140899333171,81.68952803789338
271,81.68140899333171,81.68714008361124
290,81.68140899333171,81.6847521293291
269,81.68140899333171,81.67758826648267
290,81.68140899333171,81.67520031220053
270,81.68140899333171,81.67520031220053
267,81.68140899333171,81.67281235791839
264,81.68140899333171,81.67281235791839
264,81.68140899333171,81.67281235791839
262,81.68140899333171,81.67520031220053
265,81.68140899333171,81.67520031220053
270,81.68140899333171,81.67520031220053
263,81.68140899333171,81.67758826648267
264,81.68140899333171,81.68475212932911
262,81.68140899333171,81.68952803789341
263,81.68140899333171,81.69669190073985
263,81.68140899333171,81.69907985502199
263,81.68140899333171,81.69907985502199
264,81.68140899333171,81.69907985502199
264,81.68140899333171,81.69907985502199
262,81.68140899333171,81.69669190073985
264,81.68140899333171,81.69430394645771
247,81.68140899333171,81.69191599217557
265,81.68140899333171,81.68952803789342
245,81.68140899333171,81.68952803789342
239,81.68140899333171,81.68952803789342
240,81.68140899333171,81.68952803789342
240,81.68140899333171,81.68952803789342
241,81.68140899333171,81.68952803789342
256,81.68140899333171,81.68952803789342
260,81.68140899333171,81.68952803789342
275,81.68140899333171,81.68952803789342
261,81.68140899333171,81.68952803789342
258,81.68140899333171,81.68952803789342
257,81.68140899333171,81.69191599217557
261,81.68140899333171,81.69191599217557
268,81.68140899333171,81.68952803789342
260,81.68140899333171,81.68714008361128
268,81.68140899333171,81.68475212932914
267,81.68140899333171,81.682364175047
269,81.68140899333171,81.67997622076486
268,81.68140899333171,81.67997622076486
267,81.70384894085736,81.682364175047
282,81.726288888383,81.68475212932914
268,81.74872883590864,81.68475212932914
267,81.77116878343428,81.68952803789344
268,81.79360873095992,81.69907985502202
266,81.81604867848556,81.71340758071489
252,81.8384886260112,81.72773530640775
271,81.86092857353684,81.73251121497204
260,81.88336852106248,81.7683305292042
265,81.90580846858812,81.78982211774351
263,81.92824841611376,81.81131370628282
268,81.9506883636394,81.83041734053998
263,81.97312831116504,81.85429688336143
260,81.99556825869068,81.87578847190073
260,82.01800820621632,81.8948921061579
260,82.04044815374196,81.90205596900434
254,82.0628881012676,81.93309937467222
255,82.08532804879324,81.94981505464725
252,82.10776799631888,81.96414278034011
254,82.13020794384452,81.98802232316156
254,82.15264789137017,82.00473800313658
248,82.1750878388958,82.0214536831116
247,82.19752778642145,82.04055731736877
253,82.21996773394709,82.05488504306163
242,82.24240768147273,82.08831640301166
246,82.26484762899837,82.10742003726881
256,82.28728757652401,82.12891162580812
243,82.30972752404965,82.159955031476
252,82.33216747157529,82.18622252857959
241,82.35460741910093,82.21010207140104
247,82.37704736662657,82.23636956850463
237,82.39948731415221,82.2721888827368
239,82.42192726167785,82.30323228840469
242,82.44436720920349,82.32949978550828
237,82.46680715672913,82.37009500830473
237,82.48924710425477,82.39636250540832
227,82.51168705178041,82.42501795679405
227,82.53412699930605,82.45606136246194
225,82.5565669468317,82.47994090528339
229,82.57900689435733,82.51337226523341
229,82.60144684188298,82.53725180805486
220,82.62388678940862,82.55874339659417
227,82.64632673693426,82.5873988479799
211,82.6687666844599,82.6088904365192
211,82.69120663198554,82.63038202505851
209,82.71364657951118,82.64948565931566
209,82.73608652703682,82.6614254307264
214,82.75852647456246,82.69724474495857
211,82.7809664220881,82.71873633349787
216,82.80340636961374,82.74261587631932
198,82.82584631713938,82.77365928198721
197,82.84828626466502,82.7999267790908
198,82.87072621219066,82.82380632191224
196,82.8931661597163,82.85723768186227
198,82.91560610724194,82.8739533618373
202,82.93804605476758,82.90738472178732
200,82.96048600229322,82.93126426460877
200,82.98292594981886,82.96230767027666
189,83.0053658973445,82.9861872130981
189,83.02780584487014,83.00767880163741
185,83.05024579239578,83.03633425302314
185,83.07268573992143,83.05782584156245
186,83.09512568744707,83.06498970440889
186,83.1175656349727,83.1031969729232
190,83.14000558249835,83.13185242430893
174,83.16244553002399,83.15334401284824
175,83.18488547754963,83.17483560138754
175,83.20732542507527,83.1939392356447
171,83.22976537260091,83.22259468703044
172,83.25220532012655,83.23931036700546
173,83.27464526765219,83.27035377267335
172,83.29708521517783,83.29184536121265
161,83.31952516270347,83.31094899546981
162,83.34196511022911,83.33482853829126
164,83.36440505775475,83.35870808111271
165,83.38684500528039,83.38258762393416
163,83.40928495280603,83.40407921247346
165,83.43172490033167,83.4160189838842
167,83.45416484785731,83.45183829811637
159,83.47660479538295,83.47332988665568
159,83.4990447429086,83.49482147519498
158,83.52148469043424,83.51631306373429
159,83.54392463795988,83.54496851512002
158,83.56636458548552,83.56407214937718
157,83.58880453301116,83.58556373791649
159,83.6112444805368,83.59033964648079
148,83.63368442806244,83.6333228235594
145,83.65612437558808,83.6548144120987
146,83.67856432311372,83.67630600063801
149,83.70100427063936,83.70496145202374
143,83.723444218165,83.72645304056304
146,83.74588416569064,83.7455566748202
147,83.76832411321628,83.7670482633595
131,83.79076406074192,83.78376394333452
132,83.81320400826756,83.81480734900241
130,83.8356439557932,83.83868689182385
132,83.85808390331884,83.86495438892744
134,83.88052385084448,83.88644597746675
132,83.90296379837012,83.90793756600605
134,83.92540374589576,83.92942915454536
126,83.9478436934214,83.95330869736681
128,83.97028364094705,83.96047256021325
126,83.99272358847269,83.99390392016326
127,84.01516353599833,84.01539550870257
128,84.03760348352397,84.0440509600883
127,84.0600434310496,84.06315459434546
127,84.08248337857525,84.08464618288477
114,84.10492332610089,84.10136186285979
114,84.12736327362653,84.11807754283481
112,84.14980322115217,84.13956913137412
113,84.17224316867781,84.15867276563128
116,84.19468311620345,84.18255230845273
107,84.21712306372909,84.20165594270989
117,84.23956301125473,84.22075957696705
102,84.26200295878037,84.2398632112242
101,84.28444290630601,84.27090661689209
104,84.30688285383165,84.28523434258497
97,84.32932280135729,84.31150183968856
104,84.35176274888293,84.33538138251001
92,84.37420269640857,84.36403683389574
101,84.39664264393421,84.38552842243504
95,84.41908259145985,84.40940796525649
98,84.4415225389855,84.42851159951366
96,84.46396248651114,84.45955500518154
96,84.48640243403678,84.46433091374584
94,84.50884238156242,84.50015022797801
95,84.53128232908806,84.52880567936374
96,84.5537222766137,84.54552135933876
84,84.57616222413934,84.56462499359593
90,84.59860217166498,84.58372862785309
87,84.62104211919062,84.6099961249567
87,84.64348206671626,84.631487713496
90,84.6659220142419,84.63865157634244
88,84.68836196176754,84.67447089057461
91,84.71080190929318,84.7055142962425
80,84.73324185681882,84.72939383906395
79,84.75568180434446,84.75566133616755
77,84.7781217518701,84.779540878989
83,84.80056169939574,84.81058428465688
84,84.82300164692138,84.83685178176049
82,84.84544159444702,84.85117950745335
77,84.86788154197266,84.88938677596767
66,84.8903214894983,84.91565427307125
65,84.91276143702395,84.9395338158927
64,84.93520138454959,84.96102540443201
54,84.95764133207523,84.98490494725345
62,84.98008127960087,85.00162062722848
62,85.00252122712651,85.01356039863921
54,85.02496117465215,85.0398278957428
79,85.04740112217779,85.05654357571782
82,85.06984106970343,85.07325925569285
82,85.09228101722907,85.09475084423215
84,85.11472096475471,85.11385447848932
77,85.13716091228035,85.13057015846434
82,85.15960085980599,85.14728583843936
77,85.18204080733163,85.16400151841438
53,85.20448075485727,85.19743287836441
53,85.22692070238291,85.22131242118586
43,85.24936064990855,85.24757991828945
50,85.2718005974342,85.26907150682875
43,85.29424054495983,85.29772695821448
46,85.31668049248547,85.32160650103593
46,85.33912044001111,85.34548604385738
43,85.36156038753676,85.35981376955024
40,85.3840003350624,85.39802103806456
45,85.40644028258804,85.41951262660386
44,85.42888023011368,85.44339216942531
45,85.45132017763932,85.46727171224676
43,85.47376012516496,85.48876330078606
62,85.4962000726906,85.50547898076108
39,85.51864002021624,85.5221946607361
32,85.54107996774188,85.53652238642897
33,85.56351991526752,85.569953746379
29,85.58595986279316,85.5914453349183
31,85.6083998103188,85.61293692345761
27,85.63083975784444,85.62726464915048
30,85.65327970537008,85.6439803291255
21,85.67571965289572,85.66069600910052
25,85.69815960042136,85.68457555192197
28,85.720599547947,85.68935146048626
28,85.74303949547264,85.72517077471844
30,85.76547944299828,85.74905031753988
32,85.78791939052392,85.78248167748991
33,85.81035933804957,85.80636122031136
21,85.8327992855752,85.82785280885066
19,85.85523923310085,85.85889621451855
17,85.87767918062649,85.87322394021142
20,85.90011912815213,85.9042673458793
17,85.92255907567777,85.92814688870075
16,85.94499902320341,85.95919029436864
14,85.96743897072905,85.98068188290794
16,85.98987891825469,86.00217347144725
10,86.01231886578033,86.0260530142687
7,86.03475881330597,86.05232051137229
8,86.05719876083161,86.06187232850087
6,86.07963870835725,86.08575187132232
6,86.10207865588289,86.10724345986162
7,86.12451860340853,86.12395913983664
9,86.14695855093417,86.14067481981166
2,86.16939849845981,86.16455436263311
2,86.19183844598545,86.18365799689028
3,86.2142783935111,86.20276163114744
2,86.23671834103673,86.21470140255816
0,86.25915828856238,86.24813276250819
2,86.28159823608802,86.27201230532964
2,86.30403818361366,86.29350389386894
354,86.3264781311393,86.31738343669039
354,86.34891807866494,86.35081479664042
354,86.37135802619058,86.37469433946187
353,86.39379797371622,86.39857388228332
353,86.41623792124186,86.4081256994119
354,86.4386778687675,86.45110887649051
354,86.46111781629314,86.47021251074766
344,86.48355776381878,86.49170409928696
345,86.50599771134442,86.51319568782627
342,86.52843765887006,86.53707523064772
340,86.5508776063957,86.55856681918702
343,86.57331755392134,86.57767045344417
341,86.59575750144698,86.59199817913704
343,86.61819744897262,86.62542953908707
335,86.64063739649826,86.64453317334421
333,86.6630773440239,86.66602476188352
336,86.68551729154954,86.69468021326925
337,86.70795723907518,86.7137838475264
337,86.73039718660083,86.7352754360657
335,86.75283713412647,86.75437907032287
337,86.7752770816521,86.7830345217086
329,86.79771702917775,86.80213815596575
331,86.82015697670339,86.82362974450506
329,86.84259692422903,86.84512133304436
329,86.86503687175467,86.87138883014795
328,86.88747681928031,86.8904924644051
326,86.90991676680595,86.90959609866225
325,86.93235671433159,86.92392382435513
307,86.95479666185723,86.95735518430516
312,86.97723660938287,86.97884677284446
308,86.99967655690851,87.00033836138377
306,87.02211650443415,87.02660585848736
307,87.04455645195979,87.0504854013088
307,87.06699639948543,87.07197698984811
308,87.08943634701107,87.0982444869517
312,87.11187629453671,87.10779630408028
312,87.13431624206235,87.13883970974817
314,87.156756189588,87.16033129828747
312,87.17919613711364,87.19137470395536
310,87.20163608463928,87.21286629249467
313,87.22407603216492,87.23435788103397
314,87.24651597969056,87.25584946957328
305,87.2689559272162,87.28450492095901
305,87.29139587474184,87.2892808295233
305,87.31383582226748,87.32271218947334
304,87.33627576979312,87.35136764085907
303,87.35871571731876,87.37285922939837
304,87.3811556648444,87.39196286365554
306,87.40359561237004,87.41345445219484
294,87.42603555989568,87.44210990358057
294,87.44847550742132,87.4588255835556
294,87.47091545494696,87.46598944640203
297,87.4933554024726,87.49942080635206
292,87.51579534999824,87.51613648632708
292,87.53823529752388,87.5328521663021
297,87.56067524504952,87.54956784627713
292,87.58311519257516,87.57105943481643
292,87.6055551401008,87.58538716050931
292,87.62799508762645,87.5997148862022
297,87.65043503515209,87.63075829187008
290,87.67287498267773,87.65224988040939
293,87.69531493020337,87.67135351466655
287,87.717754877729,87.69284510320585
282,87.74019482525465,87.72150055459159
276,87.76263477278029,87.74299214313089
278,87.78507472030593,87.76687168595234
284,87.80751466783157,87.7811994116452
279,87.82995461535721,87.81940668015952
280,87.85239456288285,87.84328622298096
280,87.87483451040849,87.86716576580241
269,87.89727445793413,87.8982091714703
271,87.91971440545977,87.9197007600096
270,87.94215435298541,87.94358030283105
272,87.96459430051105,87.96507189137036
269,87.96459430051105,87.97939961706322
272,87.96459430051105,88.0152189312954
271,87.96459430051105,88.03432256555256
260,87.96459430051105,88.05342619980972
261,87.96459430051105,88.06775392550259
263,87.96459430051105,88.07252983406688
249,87.96459430051105,88.07730574263118
260,87.96459430051105,88.08446960547762
263,87.96459430051105,88.08446960547762
265,87.96459430051105,88.08685755975976
258,87.96459430051105,88.08685755975976
259,87.96459430051105,88.08685755975976
259,87.96459430051105,88.08685755975976
255,87.96459430051105,88.08685755975976
257,87.96459430051105,88.08685755975976
259,87.96459430051105,88.08685755975976
259,87.96459430051105,88.08685755975976
257,87.96459430051105,88.08685755975976
286,87.96459430051105,88.0892455140419
265,87.96459430051105,88.0892455140419
275,87.96459430051105,88.09402142260619
268,87.96459430051105,88.09879733117049
273,87.96459430051105,88.10596119401693
262,87.96459430051105,88.10596119401693
263,87.96459430051105,88.10596119401693
260,87.96459430051105,88.10357323973479
235,87.96459430051105,88.09879733117049
249,87.96459430051105,88.09640937688835
253,87.96459430051105,88.0892455140419
238,87.96459430051105,88.08208165119547
256,87.96459430051105,88.07491778834903
264,87.96459430051105,88.07252983406688
253,87.96459430051105,88.06775392550259
265,87.96459430051105,88.06536597122044
266,87.96459430051105,88.0629780169383
262,87.96459430051105,88.058202108374
264,87.96459430051105,88.05581415409186
264,87.96459430051105,88.04865029124542
244,87.96459430051105,88.04148642839898
244,87.96459430051105,88.03671051983468
243,87.96459430051105,88.02238279414182
243,87.96459430051105,88.0152189312954
246,87.96459430051105,88.01044302273111
259,87.96459430051105,88.01283097701325
248,87.96459430051105,88.01283097701325
273,87.96459430051105,88.01283097701325
271,87.96459430051105,88.01283097701325
263,87.96459430051105,88.01283097701325
244,87.96459430051105,88.01283097701325
269,87.96459430051105,88.01283097701325
269,87.96459430051105,88.0152189312954
268,87.96459430051105,88.0152189312954
270,87.96459430051105,88.0152189312954
272,87.96459430051105,88.0152189312954
265,87.96459430051105,88.0152189312954
275,87.96459430051105,88.0152189312954
268,87.96459430051105,88.0152189312954
266,87.96459430051105,88.0152189312954
267,87.96459430051105,88.01283097701325
263,87.96459430051105,88.0152189312954
263,87.96459430051105,88.0152189312954
270,87.96459430051105,88.0152189312954
267,87.96459430051105,88.01283097701325
262,87.96459430051105,88.0152189312954
244,87.96459430051105,88.01044302273111
265,87.96459430051105,88.00805506844897
273,87.96459430051105,88.00327915988467
266,87.96459430051105,87.99850325132037
275,87.96459430051105,87.99133938847393
281,87.96459430051105,87.98656347990963
278,87.96459430051105,87.98178757134535
277,87.96459430051105,87.97223575421677
282,87.96459430051105,87.96745984565247
280,87.96459430051105,87.96507189137033
281,87.96459430051105,87.96029598280604
262,87.96459430051105,87.9579080285239
283,87.96459430051105,87.9579080285239
261,87.96459430051105,87.9579080285239
258,87.96459430051105,87.9579080285239
266,87.96459430051105,87.96268393708819
263,87.96459430051105,87.96507189137033
260,87.96459430051105,87.97223575421675
253,87.96459430051105,87.96984779993461
268,87.96459430051105,87.97462370849891
265,87.96459430051105,87.97939961706321
254,87.96459430051105,87.97939961706321
260,87.96459430051105,87.97939961706321
265,87.96459430051105,87.97939961706321
258,87.96459430051105,87.97701166278107
289,87.96459430051105,87.97462370849892
275,87.96459430051105,87.96984779993463
272,87.96459430051105,87.96507189137034
271,87.96459430051105,87.96507189137034
259,87.96459430051105,87.9626839370882
256,87.96459430051105,87.9626839370882
262,87.96459430051105,87.96029598280606
261,87.96459430051105,87.96029598280606
263,87.96459430051105,87.96029598280606
267,87.96459430051105,87.95790802852392
262,87.96459430051105,87.95790802852392
261,87.96459430051105,87.96029598280606
260,87.96459430051105,87.9626839370882
266,87.96459430051105,87.96507189137034
262,87.96459430051105,87.97462370849892
266,87.96459430051105,87.97939961706322
264,87.96459430051105,87.98178757134536
266,87.96459430051105,87.9841755256275
256,87.96459430051105,87.98178757134536
260,87.96459430051105,87.9841755256275
262,87.96459430051105,87.9841755256275
264,87.96459430051105,87.9841755256275
292,87.96459430051105,87.9841755256275
267,87.96459430051105,87.98178757134536
267,87.96459430051105,87.98178757134536
271,87.96459430051105,87.98178757134536
261,87.96459430051105,87.98178757134536
249,87.96459430051105,87.98178757134536
249,87.96459430051105,87.98178757134536
243,87.96459430051105,87.98178757134536
244,87.96459430051105,87.98178757134536
246,87.96459430051105,87.98178757134536
250,87.96459430051105,87.97939961706322
247,87.96459430051105,87.97701166278108
266,87.96459430051105,87.97462370849894
266,87.96459430051105,87.97462370849894
264,87.96459430051105,87.96984779993464
274,87.96459430051105,87.96029598280606
272,87.96459430051105,87.95552007424178
262,87.96459430051105,87.95313211995963
275,87.96459430051105,87.95074416567749
274,87.96459430051105,87.94835621139535
277,87.96459430051105,87.94835621139535
270,87.96459430051105,87.94596825711321
266,87.96459430051105,87.94596825711321
264,87.96459430051105,87.9507441656775
263,87.96459430051105,87.94835621139536
238,87.96459430051105,87.9507441656775
270,87.96459430051105,87.94835621139536
262,87.96459430051105,87.94835621139536
270,87.96459430051105,87.9507441656775
268,87.96459430051105,87.9507441656775
276,87.96459430051105,87.9507441656775
272,87.96459430051105,87.94835621139536
275,87.96459430051105,87.94596825711322
273,87.96459430051105,87.94835621139536
284,87.96459430051105,87.94596825711322
274,87.96459430051105,87.95074416567752
275,87.96459430051105,87.94835621139538
274,87.96459430051105,87.95313211995966
264,87.96459430051105,87.95313211995966
271,87.96459430051105,87.95313211995966
272,87.96459430051105,87.95790802852396
271,87.96459430051105,87.9602959828061
270,87.96459430051105,87.9602959828061
248,87.96459430051105,87.95790802852396
271,87.96459430051105,87.95552007424182
273,87.96459430051105,87.95552007424182
272,87.96459430051105,87.95552007424182
274,87.96459430051105,87.95552007424182
272,87.96459430051105,87.95552007424182
271,87.96459430051105,87.95552007424182
271,87.96459430051105,87.95552007424182
271,87.96459430051105,87.95552007424182
268,87.96459430051105,87.95552007424182
262,87.96459430051105,87.95552007424182
274,87.96459430051105,87.95790802852396
269,87.96459430051105,87.95552007424182
273,87.96459430051105,87.95790802852396
262,87.96459430051105,87.9602959828061
265,87.96459430051105,87.96268393708824
264,87.96459430051105,87.96268393708824
262,87.96459430051105,87.96507189137039
266,87.96459430051105,87.96507189137039
264,87.96459430051105,87.96745984565253
264,87.96459430051105,87.96745984565253
270,87.96459430051105,87.96745984565253
273,87.96459430051105,87.96984779993467
273,87.96459430051105,87.96745984565253
278,87.96459430051105,87.96507189137039
290,87.96459430051105,87.96507189137039
271,87.96459430051105,87.96507189137039
282,87.96459430051105,87.96745984565253
263,87.96459430051105,87.96745984565253
263,87.96459430051105,87.96984779993467
259,87.96459430051105,87.97462370849897
263,87.96459430051105,87.97939961706327
257,87.96459430051105,87.98178757134541
257,87.96459430051105,87.98178757134541
256,87.96459430051105,87.98178757134541
269,87.96459430051105,87.97701166278112
263,87.96459430051105,87.97462370849898
266,87.96459430051105,87.97223575421684
269,87.96459430051105,87.9698477999347
258,87.96459430051105,87.96268393708826
297,87.96459430051105,87.96268393708826
264,87.96459430051105,87.96029598280612
275,87.96459430051105,87.96029598280612
262,87.96459430051105,87.96029598280612
258,87.96459430051105,87.96029598280612
257,87.96459430051105,87.96029598280612
261,87.96459430051105,87.96029598280612
243,87.96459430051105,87.96029598280612
245,87.96459430051105,87.96029598280612
238,87.96459430051105,87.96029598280612
243,87.96459430051105,87.96029598280612
242,87.96459430051105,87.96029598280612
242,87.96459430051105,87.96029598280612
242,87.96459430051105,87.96029598280612
263,87.96459430051105,87.96029598280612
262,87.96459430051105,87.96029598280612
266,87.96459430051105,87.96029598280612
264,87.96459430051105,87.96029598280612
263,87.96459430051105,87.96029598280612
265,87.96459430051105,87.96029598280612
265,87.96459430051105,87.96029598280612
265,87.96459430051105,87.96029598280612
265,87.96459430051105,87.96029598280612
266,87.96459430051105,87.96029598280612
265,87.96459430051105,87.96029598280612
267,87.96459430051105,87.96029598280612
267,87.96459430051105,87.96029598280612
269,87.96459430051105,87.96029598280612
272,87.96459430051105,87.96029598280612
277,87.96459430051105,87.95790802852397
265,87.96459430051105,87.95790802852397
274,87.96459430051105,87.96268393708827
276,87.96459430051105,87.96745984565257
259,87.96459430051105,87.96984779993471
264,87.96459430051105,87.97462370849901
261,87.96459430051105,87.98178757134544
261,87.96459430051105,87.98417552562758
258,87.96459430051105,87.98656347990972
257,87.96459430051105,87.98656347990972
257,87.96459430051105,87.98417552562758
239,87.96459430051105,87.98417552562758
250,87.96459430051105,87.98417552562758
254,87.96459430051105,87.98178757134544
268,87.96459430051105,87.97701166278114
269,87.96459430051105,87.97223575421684
271,87.96459430051105,87.96745984565254
270,87.96459430051105,87.9650718913704
271,87.96459430051105,87.96268393708826
278,87.96459430051105,87.95790802852396
269,87.96459430051105,87.95552007424182
289,87.96459430051105,87.9602959828061
266,87.96459430051105,87.9602959828061
272,87.96459430051105,87.9602959828061
274,87.96459430051105,87.95790802852396
273,87.96459430051105,87.95790802852396
269,87.96459430051105,87.95790802852396
277,87.96459430051105,87.95790802852396
260,87.96459430051105,87.9602959828061
249,87.96459430051105,87.9602959828061
272,87.96459430051105,87.95790802852396
272,87.96459430051105,87.95790802852396
272,87.96459430051105,87.95790802852396
271,87.96459430051105,87.95790802852396
275,87.96459430051105,87.95790802852396
266,87.96459430051105,87.95790802852396
274,87.96459430051105,87.95790802852396
274,87.96459430051105,87.95790802852396
275,87.96459430051105,87.95790802852396
273,87.96459430051105,87.95790802852396
264,87.96459430051105,87.95790802852396
272,87.96459430051105,87.95790802852396
272,87.96459430051105,87.95790802852396
270,87.96459430051105,87.95790802852396
273,87.96459430051105,87.95790802852396
265,87.96459430051105,87.96268393708826
262,87.96459430051105,87.9650718913704
276,87.96459430051105,87.9650718913704
260,87.96459430051105,87.9650718913704
270,87.96459430051105,87.96745984565254
272,87.96459430051105,87.96745984565254
272,87.96459430051105,87.96745984565254
279,87.96459430051105,87.9650718913704
277,87.96459430051105,87.9650718913704
279,87.96459430051105,87.9650718913704
268,87.96459430051105,87.96745984565254
292,87.96459430051105,87.9650718913704
262,87.9870342480367,87.9650718913704
275,88.00947419556233,87.96745984565254
258,88.03191414308797,87.96745984565254
267,88.05435409061361,87.97223575421684
266,88.07679403813925,87.97939961706328
247,88.0992339856649,87.98895143419186
259,88.12167393319054,87.9961152970383
245,88.14411388071618,88.01044302273117
247,88.16655382824182,88.02477074842403
247,88.18899377576746,88.04148642839905
244,88.2114337232931,88.04626233696335
251,88.23387367081874,88.07969369691338
258,88.25631361834438,88.09879733117054
262,88.27875356587002,88.11312505686341
272,88.30119351339566,88.13222869112057
259,88.3236334609213,88.15372027965988
272,88.34607340844694,88.17282391391704
262,88.36851335597258,88.1919275481742
260,88.39095330349822,88.2181950452778
262,88.41339325102386,88.24446254238138
247,88.4358331985495,88.27073003948497
240,88.45827314607514,88.30893730799929
244,88.48071309360078,88.33998071366717
242,88.50315304112642,88.37580002789934
240,88.52559298865206,88.40923138784937
240,88.5480329361777,88.44027479351726
238,88.57047288370335,88.47609410774943
238,88.59291283122899,88.50474955913516
234,88.61535277875463,88.54056887336733
240,88.63779272628027,88.56683637047092
236,88.66023267380591,88.59310386757451
235,88.68267262133155,88.6193713646781
251,88.70511256885719,88.65280272462813
238,88.72755251638283,88.667130450321
222,88.74999246390847,88.69339794742459
238,88.77243241143411,88.72205339881032
225,88.79487235895975,88.74115703306748
229,88.81731230648539,88.76503657588893
220,88.83975225401103,88.78891611871038
224,88.86219220153667,88.81995952437826
215,88.88463214906231,88.848614975764
217,88.90707209658795,88.85816679289258
215,88.9295120441136,88.89876201568904
210,88.95195199163923,88.92502951279263
212,88.97439193916487,88.94652110133194
216,88.99683188669052,88.9656247355891
215,89.01927183421616,88.98234041556412
205,89.0417117817418,89.00860791266771
202,89.06415172926744,89.02771154692488
212,89.08659167679308,89.03726336405346
202,89.10903162431872,89.07547063256777
205,89.13147157184436,89.0921863125428
205,89.15391151937,89.11128994679996
204,89.17635146689564,89.13278153533926
208,89.19879141442128,89.16143698672501
193,89.22123136194692,89.18531652954645
194,89.24367130947256,89.20680811808576
194,89.2661112569982,89.2139719809322
195,89.28855120452384,89.25934311229295
193,89.31099115204948,89.28083470083226
195,89.33343109957512,89.30232628937156
195,89.35587104710076,89.32620583219301
184,89.3783109946264,89.35486128357874
181,89.40075094215204,89.37635287211805
181,89.42319088967768,89.4002324149395
183,89.44563083720332,89.40978423206808
185,89.46807078472897,89.45276740914669
182,89.4905107322546,89.47664695196814
183,89.51295067978025,89.50052649478958
172,89.53539062730589,89.52679399189317
172,89.55783057483153,89.54589762615032
173,89.58027052235717,89.56500126040747
171,89.60271046988281,89.58649284894678
168,89.62515041740845,89.61276034605037
169,89.64759036493409,89.63186398030753
169,89.67003031245973,89.65096761456468
156,89.69247025998537,89.67484715738613
168,89.71491020751101,89.70111465448971
165,89.73735015503665,89.7273821515933
161,89.75979010256229,89.75126169441475
162,89.78223005008793,89.7751412372362
164,89.80466999761357,89.80857259718623
160,89.82710994513921,89.82767623144339
147,89.84954989266485,89.8491678199827
149,89.8719898401905,89.88021122565058
131,89.89442978771613,89.8969269056256
147,89.91686973524178,89.91364258560063
147,89.93930968276742,89.93274621985779
137,89.96174963029306,89.94229803698637
138,89.9841895778187,89.97334144265426
142,90.00662952534434,89.9972209854757
143,90.02906947286998,90.0234884825793
146,90.05150942039562,90.0497559796829
145,90.07394936792126,90.07363552250435
148,90.0963893154469,90.0975150653258
146,90.11882926297254,90.1237825624294
152,90.14126921049818,90.13094642527584
132,90.16370915802382,90.16198983094372
133,90.18614910554946,90.19303323661161
126,90.2085890530751,90.21213687086878
132,90.23102900060074,90.23124050512594
126,90.25346894812638,90.25512004794739
124,90.27590889565202,90.28138754505098
123,90.29834884317766,90.30287913359028
112,90.3207887907033,90.31004299643672
118,90.34322873822894,90.34347435638675
103,90.36566868575458,90.36257799064391
114,90.38810863328023,90.37929367061894
104,90.41054858080587,90.40078525915824
114,90.4329885283315,90.42466480197969
116,90.45542847585715,90.44376843623685
101,90.47786842338279,90.46526002477616
104,90.50030837090843,90.4724238876226
105,90.52274831843407,90.51540706470121
103,90.54518826595971,90.53689865324051
107,90.56762821348535,90.56077819606196
105,90.59006816101099,90.57988183031911
108,90.61250810853663,90.60614932742271
109,90.63494805606227,90.62764091596202
100,90.65738800358791,90.64435659593704
93,90.67982795111355,90.67778795588707
92,90.70226789863919,90.69689159014423
95,90.72470784616483,90.72315908724784
71,90.74714779369047,90.75181453863358
90,90.76958774121611,90.76614226432645
88,90.79202768874175,90.78524589858361
87,90.8144676362674,90.80673748712292
93,90.83690758379304,90.81867725853365
89,90.85934753131868,90.84972066420154
90,90.88178747884432,90.8688242984587
83,90.90422742636996,90.8950917955623
88,90.9266673738956,90.91897133838374
82,90.94910732142124,90.94046292692305
81,90.97154726894688,90.9643424697445
87,90.99398721647252,90.99299792113023
81,91.01642716399816,91.00254973825881
77,91.0388671115238,91.03598109820884
85,91.06130705904944,91.06463654959457
84,91.08374700657508,91.08612813813387
71,91.10618695410072,91.10761972667318
70,91.12862690162636,91.12911131521248
79,91.151066849152,91.15299085803393
73,91.17350679667764,91.17687040085538
69,91.19594674420328,91.18164630941968
68,91.21838669172892,91.21746562365185
73,91.24082663925456,91.24373312075544
65,91.2632665867802,91.26522470929474
59,91.28570653430585,91.2843283435519
64,91.30814648183149,91.30581993209121
65,91.33058642935713,91.32969947491266
61,91.35302637688277,91.34641515488768
59,91.3754663244084,91.35357901773412
60,91.39790627193405,91.384622423402
54,91.42034621945969,91.4108899205056
52,91.44278616698533,91.42760560048062
52,91.46522611451097,91.44909718901992
49,91.48766606203661,91.46820082327709
53,91.51010600956225,91.49685627466282
52,91.53254595708789,91.5111840003557
54,91.55498590461353,91.54939126887002
48,91.57742585213917,91.57088285740933
51,91.59986579966481,91.59476240023078
47,91.62230574719045,91.62102989733437
47,91.6447456947161,91.65207330300225
50,91.66718564224173,91.6759528458237
50,91.68962558976737,91.69983238864515
47,91.71206553729301,91.72132397718445
33,91.73450548481865,91.74997942857019
37,91.7569454323443,91.77385897139163
38,91.77938537986994,91.79773851421308
41,91.80182532739558,91.82639396559881
40,91.82426527492122,91.84788555413812
37,91.84670522244686,91.86937714267742
40,91.8691451699725,91.88609282265244
36,91.89158511749814,91.90042054834532
39,91.91402506502378,91.92907599973105
42,91.93646501254942,91.94817963398822
39,91.95890496007506,91.96728326824538
38,91.9813449076007,91.98877485678469
36,92.00378485512634,92.00787849104185
36,92.02622480265198,92.02220621673472
22,92.04866475017762,92.03892189670974
24,92.07110469770326,92.05802553096689
22,92.0935446452289,92.07951711950619
22,92.11598459275454,92.10339666232764
23,92.13842454028018,92.12488825086695
25,92.16086448780582,92.14637983940625
24,92.18330443533146,92.16787142794556
15,92.2057443828571,92.19891483361344
16,92.22818433038275,92.21324255930632
14,92.25062427790839,92.24667391925635
13,92.27306422543403,92.2705534620778
14,92.29550417295967,92.30398482202783
13,92.31794412048531,92.33025231913142
14,92.34038406801095,92.35413186195287
13,92.36282401553659,92.37562345049217
3,92.38526396306223,92.4042789018779
4,92.40770391058787,92.41144276472434
5,92.43014385811351,92.44487412467437
4,92.45258380563915,92.47114162177796
3,92.47502375316479,92.49263321031727
5,92.49746370069043,92.51173684457443
6,92.51990364821607,92.53800434167802
356,92.54234359574171,92.55710797593518
355,92.56478354326735,92.57621161019235
357,92.587223490793,92.58337547303879
357,92.60966343831863,92.6215827415531
356,92.63210338584427,92.64068637581026
356,92.65454333336992,92.65979001006743
357,92.67698328089556,92.68128159860673
348,92.6994232284212,92.70754909571032
348,92.72186317594684,92.72665272996748
349,92.74430312347248,92.74814431850679
348,92.76674307099812,92.75530818135323
349,92.78918301852376,92.79590340414968
348,92.8116229660494,92.81739499268899
349,92.83406291357504,92.8388865812283
342,92.85650286110068,92.86754203261403
342,92.87894280862632,92.88664566687117
342,92.90138275615196,92.90813725541048
343,92.9238227036776,92.92962884394979
342,92.94626265120324,92.95589634105337
342,92.96870259872888,92.97499997531052
342,92.99114254625452,92.99887951813197
333,93.01358249378016,93.02037110667128
335,93.0360224413058,93.04663860377487
334,93.05846238883144,93.06574223803202
332,93.08090233635708,93.08484587228916
334,93.10334228388272,93.10394950654631
334,93.12578223140837,93.1302170036499
333,93.148222178934,93.14932063790705
327,93.17066212645965,93.17081222644636
326,93.19310207398529,93.19946767783209
327,93.21554202151093,93.21857131208925
327,93.23798196903657,93.24006290062856
326,93.26042191656221,93.26633039773215
326,93.28286186408785,93.28065812342501
327,93.30530181161349,93.30931357481074
320,93.32774175913913,93.32602925478577
319,93.35018170666477,93.3546847061715
321,93.37262165419041,93.37378834042866
320,93.39506160171605,93.39527992896797
319,93.41750154924169,93.41915947178941
321,93.43994149676733,93.445426968893
318,93.46238144429297,93.45736674030373
306,93.48482139181861,93.48363423740733
311,93.50726133934425,93.51228968879306
307,93.5297012868699,93.53378127733237
310,93.55214123439553,93.55049695730739
307,93.57458118192118,93.57676445441098
306,93.59702112944682,93.59586808866814
310,93.61946107697246,93.610195814361
303,93.6419010244981,93.62691149433603
300,93.66434097202374,93.65556694572176
308,93.68678091954938,93.67467057997892
300,93.70922086707502,93.69377421423609
305,93.73166081460066,93.71287784849325
305,93.7541007621263,93.73436943703256
309,93.77654070965194,93.75586102557186
277,93.79898065717758,93.77735261411117
287,93.82142060470322,93.78212852267546
280,93.84386055222886,93.82511169975407
274,93.8663004997545,93.85137919685766
277,93.88874044728014,93.87048283111481
278,93.91118039480578,93.89913828250054
270,93.93362034233142,93.93018168816843
279,93.95606028985706,93.95406123098988
282,93.9785002373827,93.97794077381133
280,94.00094018490834,94.00659622519706
287,94.02338013243399,94.02808781373636
281,94.04582007995963,94.04957940227567
284,94.06826002748527,94.07107099081497
277,94.0906999750109,94.0997264422007
274,94.11313992253655,94.12121803074001
270,94.13557987006219,94.14032166499716
274,94.15801981758783,94.16181325353647
269,94.18045976511347,94.18808075064005
274,94.20289971263911,94.2071843848972
270,94.22533966016475,94.22867597343651
277,94.24777960769039,94.25733142482224
268,94.24777960769039,94.27643505907939
266,94.24777960769039,94.2979266476187
266,94.24777960769039,94.31464232759372
266,94.24777960769039,94.32658209900445
266,94.24777960769039,94.3456857332616
265,94.24777960769039,94.35284959610804
265,94.24777960769039,94.35762550467234
263,94.24777960769039,94.36001345895448
264,94.24777960769039,94.36001345895448
266,94.24777960769039,94.36001345895448
271,94.24777960769039,94.36240141323663
262,94.24777960769039,94.36240141323663
261,94.24777960769039,94.36240141323663
261,94.24777960769039,94.36717732180092
263,94.24777960769039,94.36717732180092
264,94.24777960769039,94.37195323036522
264,94.24777960769039,94.37195323036522
263,94.24777960769039,94.3767291389295
257,94.24777960769039,94.3767291389295
258,94.24777960769039,94.3767291389295
265,94.24777960769039,94.38628095605809
255,94.24777960769039,94.38628095605809
262,94.24777960769039,94.38628095605809
260,94.24777960769039,94.38866891034023
263,94.24777960769039,94.38628095605809
265,94.24777960769039,94.38150504749379
268,94.24777960769039,94.37672913892949
266,94.24777960769039,94.37434118464735
267,94.24777960769039,94.36478936751877
262,94.24777960769039,94.36240141323663
287,94.24777960769039,94.36001345895448
263,94.24777960769039,94.3504616418259
261,94.24777960769039,94.3456857332616
269,94.24777960769039,94.34329777897946
263,94.24777960769039,94.33852187041516
262,94.24777960769039,94.33613391613302
247,94.24777960769039,94.3289700532866
254,94.24777960769039,94.3289700532866
246,94.24777960769039,94.3289700532866
257,94.24777960769039,94.32419414472231
250,94.24777960769039,94.32180619044017
261,94.24777960769039,94.31464232759375
261,94.24777960769039,94.30986641902946
263,94.24777960769039,94.30509051046516
279,94.24777960769039,94.29792664761874
270,94.24777960769039,94.28837483049016
278,94.24777960769039,94.28598687620801
267,94.24777960769039,94.28359892192587
263,94.24777960769039,94.28359892192587
264,94.24777960769039,94.28359892192587
263,94.24777960769039,94.28359892192587
260,94.24777960769039,94.28359892192587
267,94.24777960769039,94.28359892192587
259,94.24777960769039,94.28359892192587
266,94.24777960769039,94.28359892192587
264,94.24777960769039,94.28121096764373
264,94.24777960769039,94.27643505907943
261,94.24777960769039,94.27165915051513
263,94.24777960769039,94.26927119623299
265,94.24777960769039,94.26688324195085
265,94.24777960769039,94.26449528766871
277,94.24777960769039,94.26688324195085
254,94.24777960769039,94.26449528766871
257,94.24777960769039,94.26927119623299
240,94.24777960769039,94.27165915051513
244,94.24777960769039,94.27404710479728
239,94.24777960769039,94.27404710479728
242,94.24777960769039,94.27404710479728
243,94.24777960769039,94.27165915051513
231,94.24777960769039,94.26927119623299
235,94.24777960769039,94.27165915051513
268,94.24777960769039,94.26927119623299
261,94.24777960769039,94.26449528766871
275,94.24777960769039,94.26210733338657
272,94.24777960769039,94.26449528766871
273,94.24777960769039,94.25971937910441
272,94.24777960769039,94.25494347054011
271,94.24777960769039,94.24777960769367
273,94.24777960769039,94.24300369912937
290,94.24777960769039,94.24777960769366
271,94.24777960769039,94.24539165341152
273,94.24777960769039,94.24539165341152
270,94.24777960769039,94.24539165341152
264,94.24777960769039,94.24539165341152
265,94.24777960769039,94.24539165341152
272,94.24777960769039,94.24539165341152
246,94.24777960769039,94.24539165341152
262,94.24777960769039,94.24300369912937
273,94.24777960769039,94.24061574484723
278,94.24777960769039,94.24061574484723
270,94.24777960769039,94.24061574484723
275,94.24777960769039,94.24061574484723
271,94.24777960769039,94.24061574484723
273,94.24777960769039,94.24300369912937
270,94.24777960769039,94.24300369912937
272,94.24777960769039,94.24539165341152
270,94.24777960769039,94.24777960769366
245,94.24777960769039,94.2501675619758
267,94.24777960769039,94.25255551625794
254,94.24777960769039,94.25494347054008
268,94.24777960769039,94.25971937910437
268,94.24777960769039,94.26210733338651
279,94.24777960769039,94.26449528766865
285,94.24777960769039,94.26210733338651
279,94.24777960769039,94.26210733338651
280,94.24777960769039,94.25971937910437
274,94.24777960769039,94.25971937910437
272,94.24777960769039,94.25733142482223
296,94.24777960769039,94.25494347054008
283,94.24777960769039,94.25494347054008
285,94.24777960769039,94.25016756197579
269,94.24777960769039,94.24777960769364
278,94.24777960769039,94.24777960769364
270,94.24777960769039,94.24777960769364
263,94.24777960769039,94.25016756197579
260,94.24777960769039,94.25255551625793
257,94.24777960769039,94.25494347054007
254,94.24777960769039,94.25255551625793
251,94.24777960769039,94.25255551625793
256,94.24777960769039,94.25255551625793
261,94.24777960769039,94.25016756197579
265,94.24777960769039,94.25016756197579
263,94.24777960769039,94.24777960769364
267,94.24777960769039,94.2453916534115
289,94.24777960769039,94.24300369912936
270,94.24777960769039,94.24061574484722
282,94.24777960769039,94.24061574484722
255,94.24777960769039,94.24061574484722
262,94.24777960769039,94.24061574484722
258,94.24777960769039,94.24061574484722
261,94.24777960769039,94.24061574484722
259,94.24777960769039,94.24061574484722
262,94.24777960769039,94.24061574484722
260,94.24777960769039,94.24061574484722
274,94.24777960769039,94.24061574484722
266,94.24777960769039,94.24061574484722
264,94.24777960769039,94.24061574484722
263,94.24777960769039,94.24300369912936
262,94.24777960769039,94.24300369912936
264,94.24777960769039,94.24300369912936
262,94.24777960769039,94.24300369912936
270,94.24777960769039,94.24300369912936
266,94.24777960769039,94.24300369912936
264,94.24777960769039,94.24300369912936
263,94.24777960769039,94.24300369912936
265,94.24777960769039,94.2453916534115
269,94.24777960769039,94.2453916534115
264,94.24777960769039,94.2453916534115
243,94.24777960769039,94.2453916534115
244,94.24777960769039,94.2453916534115
246,94.24777960769039,94.2453916534115
245,94.24777960769039,94.2453916534115
243,94.24777960769039,94.2453916534115
243,94.24777960769039,94.2453916534115
247,94.24777960769039,94.2453916534115
262,94.24777960769039,94.2453916534115
265,94.24777960769039,94.2453916534115
265,94.24777960769039,94.2453916534115
264,94.24777960769039,94.2453916534115
263,94.24777960769039,94.2453916534115
266,94.24777960769039,94.2453916534115
264,94.24777960769039,94.2453916534115
267,94.24777960769039,94.2453916534115
267,94.24777960769039,94.2453916534115
270,94.24777960769039,94.2453916534115
271,94.24777960769039,94.24777960769364
268,94.24777960769039,94.24777960769364
267,94.24777960769039,94.25016756197579
267,94.24777960769039,94.25255551625793
262,94.24777960769039,94.25255551625793
274,94.24777960769039,94.25255551625793
272,94.24777960769039,94.25494347054007
266,94.24777960769039,94.25494347054007
272,94.24777960769039,94.25733142482221
273,94.24777960769039,94.26210733338651
264,94.24777960769039,94.26449528766865
270,94.24777960769039,94.26927119623295
264,94.24777960769039,94.27404710479725
257,94.24777960769039,94.27643505907939
254,94.24777960769039,94.27882301336153
255,94.24777960769039,94.28121096764367
257,94.24777960769039,94.27643505907938
241,94.24777960769039,94.27643505907938
240,94.24777960769039,94.27643505907938
263,94.24777960769039,94.27165915051509
268,94.24777960769039,94.26927119623295
268,94.24777960769039,94.26449528766865
270,94.24777960769039,94.26210733338651
270,94.24777960769039,94.26210733338651
270,94.24777960769039,94.25733142482221
279,94.24777960769039,94.25255551625791
272,94.24777960769039,94.25016756197577
274,94.24777960769039,94.25016756197577
265,94.24777960769039,94.24777960769363
271,94.24777960769039,94.24777960769363
267,94.24777960769039,94.25016756197577
262,94.24777960769039,94.25255551625791
263,94.24777960769039,94.25255551625791
268,94.24777960769039,94.25494347054006
267,94.24777960769039,94.25255551625791
258,94.24777960769039,94.25016756197577
264,94.24777960769039,94.25255551625791
253,94.24777960769039,94.25255551625791
267,94.24777960769039,94.25016756197577
270,94.24777960769039,94.25016756197577
270,94.24777960769039,94.25016756197577
266,94.24777960769039,94.25016756197577
269,94.24777960769039,94.25016756197577
267,94.24777960769039,94.25016756197577
268,94.24777960769039,94.25016756197577
269,94.24777960769039,94.25016756197577
271,94.24777960769039,94.25016756197577
268,94.24777960769039,94.25016756197577
269,94.24777960769039,94.25016756197577
268,94.24777960769039,94.25016756197577
269,94.24777960769039,94.25016756197577
269,94.24777960769039,94.25016756197577
269,94.24777960769039,94.25016756197577
269,94.24777960769039,94.25016756197577
267,94.24777960769039,94.25016756197577
267,94.24777960769039,94.25016756197577
267,94.24777960769039,94.25016756197577
268,94.24777960769039,94.25016756197577
267,94.24777960769039,94.25016756197577
267,94.24777960769039,94.25016756197577
268,94.24777960769039,94.25016756197577
265,94.24777960769039,94.25016756197577
265,94.24777960769039,94.25016756197577
265,94.24777960769039,94.25016756197577
265,94.24777960769039,94.25016756197577
265,94.24777960769039,94.25016756197577
266,94.24777960769039,94.25016756197577
266,94.24777960769039,94.25016756197577
247,94.24777960769039,94.25016756197577
247,94.24777960769039,94.25016756197577
248,94.24777960769039,94.25016756197577
246,94.24777960769039,94.25016756197577
247,94.24777960769039,94.25016756197577
247,94.24777960769039,94.25016756197577
247,94.24777960769039,94.25016756197577
266,94.24777960769039,94.25016756197577
267,94.24777960769039,94.25016756197577
267,94.24777960769039,94.25016756197577
266,94.24777960769039,94.25016756197577
267,94.24777960769039,94.25016756197577
267,94.24777960769039,94.25016756197577
267,94.24777960769039,94.25016756197577
265,94.24777960769039,94.25016756197577
265,94.24777960769039,94.25016756197577
265,94.24777960769039,94.25016756197577
265,94.24777960769039,94.25016756197577
265,94.24777960769039,94.25016756197577
265,94.24777960769039,94.25016756197577
265,94.24777960769039,94.25016756197577
267,94.24777960769039,94.25016756197577
266,94.24777960769039,94.25016756197577
266,94.24777960769039,94.25016756197577
265,94.24777960769039,94.25016756197577
267,94.24777960769039,94.25016756197577
267,94.24777960769039,94.25255551625791
260,94.24777960769039,94.25255551625791
263,94.24777960769039,94.25255551625791
269,94.24777960769039,94.25494347054006
258,94.24777960769039,94.25255551625791
266,94.24777960769039,94.25255551625791
263,94.24777960769039,94.25016756197577
269,94.24777960769039,94.24539165341149
267,94.24777960769039,94.24300369912935
267,94.24777960769039,94.23822779056506
264,94.24777960769039,94.23822779056506
270,94.24777960769039,94.23345188200076
276,94.24777960769039,94.23106392771862
273,94.24777960769039,94.22867597343648
266,94.24777960769039,94.22867597343648
267,94.24777960769039,94.22867597343648
263,94.24777960769039,94.22867597343648
266,94.24777960769039,94.22867597343648
269,94.24777960769039,94.22867597343648
265,94.24777960769039,94.22867597343648
265,94.24777960769039,94.22867597343648
264,94.27021955521603,94.22867597343648
270,94.29265950274167,94.22867597343648
273,94.31509945026731,94.22867597343648
270,94.33753939779295,94.23106392771862
270,94.35997934531859,94.23345188200076
281,94.38241929284423,94.23822779056506
273,94.40485924036987,94.2406157448472
282,94.42729918789551,94.25733142482223
274,94.44973913542115,94.27404710479725
271,94.4721790829468,94.29315073905441
278,94.49461903047244,94.31464232759372
265,94.51705897799808,94.35046164182589
272,94.53949892552372,94.37911709321162
260,94.56193887304936,94.4101604988795
262,94.584378820575,94.42926413313667
253,94.60681876810064,94.47702321877956
251,94.62925871562628,94.5056786701653
255,94.65169866315192,94.53433412155103
252,94.67413861067756,94.56776548150106
232,94.6965785582032,94.58925707004036
250,94.71901850572884,94.61552456714395
246,94.74145845325448,94.63701615568326
242,94.76389840078012,94.665671607069
242,94.78633834830576,94.68477524132616
244,94.8087782958314,94.70387887558333
248,94.83121824335704,94.72298250984048
248,94.85365819088268,94.74925000694407
250,94.87609813840832,94.77074159548337
249,94.89853808593396,94.79462113830482
257,94.9209780334596,94.81850068112627
217,94.94341798098525,94.847156132512
220,94.96585792851089,94.87103567533345
215,94.98829787603653,94.89491521815489
212,95.01073782356217,94.92834657810492
217,95.03317777108781,94.95222612092637
216,95.05561771861345,94.97849361802997
211,95.07805766613909,95.00237316085142
218,95.10049761366473,95.01670088654429
222,95.12293756119037,95.05252020077646
221,95.14537750871601,95.07878769788006
222,95.16781745624165,95.10027928641937
221,95.19025740376729,95.1289347378051
219,95.21269735129293,95.15281428062654
221,95.23513729881857,95.17430586916585
223,95.25757724634421,95.20534927483374
212,95.28001719386985,95.21251313768018
212,95.3024571413955,95.25549631475879
217,95.32489708892113,95.27937585758023
214,95.34733703644677,95.31280721753026
213,95.36977698397241,95.33668676035171
213,95.39221693149806,95.36056630317316
211,95.4146568790237,95.3844458459946
199,95.43709682654934,95.41310129738034
199,95.45953677407498,95.42026516022678
200,95.48197672160062,95.4584724287411
199,95.50441666912626,95.47757606299825
201,95.5268566166519,95.50623151438398
201,95.54929656417754,95.53011105720543
202,95.57173651170318,95.55399060002688
187,95.59417645922882,95.58503400569477
187,95.61661640675446,95.59936173138765
188,95.6390563542801,95.62562922849123
187,95.66149630180574,95.64950877131268
187,95.68393624933138,95.66861240556985
186,95.70637619685702,95.687716039827
186,95.72881614438266,95.70681967408416
172,95.7512560919083,95.73308717118775
174,95.77369603943394,95.75219080544491
176,95.79613598695958,95.76413057685564
173,95.81857593448522,95.79756193680566
176,95.84101588201086,95.81666557106283
174,95.8634558295365,95.84054511388427
171,95.88589577706215,95.86203670242358
165,95.90833572458779,95.89069215380933
160,95.93077567211343,95.91695965091293
160,95.95321561963907,95.93845123945223
162,95.97565556716471,95.94561510229867
161,95.99809551469035,95.98859827937729
163,96.02053546221599,96.0053139593523
160,96.04297540974163,96.02441759360946
150,96.06541535726727,96.04590918214876
150,96.08785530479291,96.07217667925235
148,96.11029525231855,96.09366826779166
151,96.13273519984419,96.1175478106131
152,96.15517514736983,96.13187553630598
153,96.17761509489547,96.17247075910244
153,96.20005504242111,96.19873825620603
143,96.22249498994675,96.22022984474533
142,96.2449349374724,96.25127325041322
143,96.26737488499803,96.27515279323467
144,96.28981483252367,96.29903233605611
148,96.31225478004932,96.32052392459542
149,96.33469472757496,96.33246369600616
144,96.3571346751006,96.36828301023833
133,96.37957462262624,96.39216255305978
134,96.40201457015188,96.42081800444551
133,96.42445451767752,96.44230959298481
119,96.44689446520316,96.46141322724196
127,96.4693344127288,96.47574095293484
125,96.49177436025444,96.49245663290986
126,96.51421430778008,96.51633617573131
115,96.53665425530572,96.53543980998847
123,96.55909420283136,96.56170730709208
128,96.581534150357,96.58081094134924
123,96.60397409788264,96.5999145756064
128,96.62641404540828,96.61901820986357
126,96.64885399293392,96.64289775268502
131,96.67129394045956,96.65483752409575
125,96.6937338879852,96.6787170669172
113,96.71617383551084,96.70976047258509
111,96.73861378303648,96.7312520611244
111,96.76105373056212,96.75513160394584
98,96.78349367808777,96.77901114676729
114,96.8059336256134,96.80527864387088
97,96.82837357313905,96.82438227812804
119,96.85081352066469,96.83154614097448
120,96.87325346819033,96.86258954664237
121,96.89569341571597,96.88646908946382
112,96.91813336324161,96.90796067800312
123,96.94057331076725,96.92467635797814
129,96.96301325829289,96.95094385508175
122,96.98545320581853,96.96527158077461
94,97.00789315334417,96.98437521503178
91,97.03033310086981,97.00347884928894
89,97.05277304839545,97.02019452926396
98,97.07521299592109,97.03452225495683
100,97.09765294344673,97.05601384349613
97,97.12009289097237,97.07989338631758
94,97.14253283849801,97.09899702057473
78,97.16497278602365,97.12287656339618
81,97.1874127335493,97.14436815193548
87,97.20985268107493,97.17541155760337
92,97.23229262860058,97.19929110042482
84,97.25473257612622,97.2255585975284
79,97.27717252365186,97.25898995747843
85,97.2996124711775,97.28048154601774
76,97.32205241870314,97.30436108883919
78,97.34449236622878,97.32824063166063
75,97.36693231375442,97.34495631163566
77,97.38937226128006,97.38316358014998
83,97.4118122088057,97.40704312297143
81,97.43425215633134,97.42853471151074
84,97.45669210385698,97.45957811717862
69,97.47913205138262,97.48106970571793
69,97.50157199890826,97.50494924853938
67,97.5240119464339,97.52882879136082
66,97.54645189395954,97.54076856277156
60,97.56889184148518,97.58136378556802
66,97.59133178901082,97.60524332838946
65,97.61377173653646,97.63628673405735
56,97.6362116840621,97.6601662768788
57,97.65865163158774,97.6816578654181
56,97.68109157911339,97.70553740823955
59,97.70353152663903,97.73419285962528
57,97.72597147416467,97.74135672247172
59,97.7484114216903,97.77478808242175
58,97.77085136921595,97.79627967096106
48,97.79329131674159,97.82254716806466
46,97.81573126426723,97.84165080232182
50,97.83817121179287,97.86314239086113
51,97.86061115931851,97.89179784224686
49,97.88305110684415,97.91090147650402
48,97.90549105436979,97.91806533935046
49,97.92793100189543,97.95149669930048
46,97.95037094942107,97.97537624212192
45,97.97281089694671,97.99686783066123
42,97.99525084447235,98.0111955563541
41,98.01769079199799,98.02791123632912
40,98.04013073952363,98.04940282486842
37,98.06257068704927,98.06373055056129
40,98.08501063457491,98.07089441340773
41,98.10745058210055,98.09954986479346
32,98.1298905296262,98.11626554476848
33,98.15233047715184,98.1329812247435
39,98.17477042467748,98.14969690471852
35,98.19721037220312,98.17596440182211
37,98.21965031972876,98.19984394464356
36,98.2420902672544,98.21655962461858
39,98.26453021478004,98.24999098456861
27,98.28697016230568,98.28342234451864
30,98.30941010983132,98.30730188734009
27,98.33185005735696,98.33595733872582
31,98.3542900048826,98.3670007443937
30,98.37672995240824,98.3932682414973
30,98.39916989993388,98.41714778431874
30,98.42160984745952,98.43386346429376
19,98.44404979498516,98.4672948242438
19,98.4664897425108,98.4887864127831
19,98.48892969003644,98.5102780013224
19,98.51136963756208,98.536545498426
18,98.53380958508772,98.55564913268316
18,98.55624953261336,98.5747527669403
17,98.578689480139,98.59146844691533
8,98.60112942766465,98.61057208117248
10,98.62356937519029,98.63445162399393
12,98.64600932271593,98.65116730396895
9,98.66844927024157,98.67027093822611
9,98.69088921776721,98.69176252676542
12,98.71332916529285,98.71086616102258
11,98.73576911281849,98.72996979527974
9,98.75820906034413,98.75146138381905
8,98.78064900786977,98.76340115522979
6,98.80308895539541,98.79922046946196
6,98.82552890292105,98.82071205800126
5,98.84796885044669,98.84220364654057
7,98.87040879797233,98.8708590979263
8,98.89284874549797,98.89473864074775
353,98.91528869302361,98.9186181835692
355,98.93772864054925,98.94727363495493
356,98.9601685880749,98.95204954351922
356,98.98260853560053,98.9878688577514
356,99.00504848312617,99.01174840057284
357,99.02748843065181,99.04279180624073
357,99.04992837817746,99.06189544049788
347,99.0723683257031,99.08099907475503
347,99.09480827322874,99.10249066329433
347,99.11724822075438,99.12398225183364
347,99.13968816828002,99.15024974893723
346,99.16212811580566,99.16935338319438
346,99.1845680633313,99.18845701745153
346,99.20700801085694,99.21472451455512
339,99.22944795838258,99.23144019453014
342,99.25188790590822,99.25054382878729
339,99.27432785343386,99.27442337160873
340,99.2967678009595,99.28875109730161
340,99.31920774848514,99.31024268584092
342,99.34164769601078,99.33173427438022
340,99.36408764353642,99.35800177148381
333,99.38652759106206,99.37949336002312
331,99.4089675385877,99.40337290284457
328,99.43140748611334,99.42725244566601
331,99.45384743363898,99.4582958513339
331,99.47628738116462,99.47501153130892
329,99.49872732869026,99.50366698269465
328,99.5211672762159,99.53471038836254
319,99.54360722374155,99.55620197690185
319,99.56604717126719,99.57530561115901
324,99.58848711879283,99.6015731082626
328,99.61092706631847,99.62545265108405
327,99.63336701384411,99.63978037677691
326,99.65580696136975,99.64694423962335
322,99.67824690889539,99.68276355385552
315,99.70068685642103,99.70186718811269
314,99.72312680394667,99.72097082236985
317,99.74556675147231,99.7496262737556
317,99.76800669899795,99.7711178622949
315,99.79044664652359,99.7926094508342
315,99.81288659404923,99.81410103937351
312,99.83532654157487,99.82604081078424
306,99.85776648910051,99.8618601250164
304,99.88020643662615,99.88096375927357
300,99.9026463841518,99.90245534781288
293,99.92508633167743,99.92872284491646
302,99.94752627920307,99.95021443345577
304,99.96996622672872,99.97170602199508
304,99.99240617425436,100.0003614733808
295,100.01484612178,100.00991329050939
304,100.03728606930564,100.04573260474156
301,100.05972601683128,100.06483623899872
305,100.08216596435692,100.09587964466661
299,100.10460591188256,100.11498327892377
301,100.1270458594082,100.13408691318094
302,100.14948580693384,100.15796645600238
287,100.17192575445948,100.17945804454169
284,100.19436570198512,100.20811349592742
274,100.21680564951076,100.22960508446673
274,100.2392455970364,100.24632076444175
265,100.26168554456204,100.26303644441677
275,100.28412549208768,100.27975212439179
280,100.30656543961332,100.29646780436681
279,100.32900538713896,100.31557143862398
294,100.3514453346646,100.33467507288114
282,100.37388528219024,100.35855461570259
277,100.39632522971588,100.37765824995975
282,100.41876517724153,100.4015377927812
290,100.44120512476717,100.41825347275622
281,100.4636450722928,100.43735710701338
271,100.48608501981845,100.45884869555269
276,100.50852496734409,100.48511619265628
267,100.53096491486973,100.49944391834914
272,100.53096491486973,100.53287527829916
268,100.53096491486973,100.5567548211206
273,100.53096491486973,100.5877982267885
265,100.53096491486973,100.6092898153278
241,100.53096491486973,100.62600549530282
228,100.53096491486973,100.63794526671354
232,100.53096491486973,100.65466094668857
232,100.53096491486973,100.65704890097071
235,100.53096491486973,100.66898867238143
237,100.53096491486973,100.67376458094573
238,100.53096491486973,100.67376458094573
256,100.53096491486973,100.67376458094573
257,100.53096491486973,100.67376458094573
258,100.53096491486973,100.67376458094573
258,100.53096491486973,100.67615253522787
277,100.53096491486973,100.67376458094573
253,100.53096491486973,100.68092844379215
255,100.53096491486973,100.6833163980743
264,100.53096491486973,100.68570435235644
253,100.53096491486973,100.68809230663858
261,100.53096491486973,100.69048026092072
255,100.53096491486973,100.68809230663858
251,100.53096491486973,100.68809230663858
250,100.53096491486973,100.68809230663858
252,100.53096491486973,100.68092844379214
240,100.53096491486973,100.6737645809457
265,100.53096491486973,100.66421276381712
249,100.53096491486973,100.65466094668854
253,100.53096491486973,100.64033322099567
259,100.53096491486973,100.63078140386709
267,100.53096491486973,100.62361754102065
272,100.53096491486973,100.61167776960993
272,100.53096491486973,100.60451390676349
269,100.53096491486973,100.59735004391705
272,100.53096491486973,100.58541027250632
277,100.53096491486973,100.58302231822418
274,100.53096491486973,100.58302231822418
265,100.53096491486973,100.58063436394204
269,100.53096491486973,100.58063436394204
268,100.53096491486973,100.58541027250634
270,100.53096491486973,100.58779822678848
275,100.53096491486973,100.58779822678848
255,100.53096491486973,100.58541027250634
257,100.53096491486973,100.5830223182242
267,100.53096491486973,100.5830223182242
282,100.53096491486973,100.5830223182242
278,100.53096491486973,100.5830223182242
273,100.53096491486973,100.58063436394205
268,100.53096491486973,100.58063436394205
253,100.53096491486973,100.57824640965991
265,100.53096491486973,100.57824640965991
262,100.53096491486973,100.57824640965991
257,100.53096491486973,100.57585845537777
264,100.53096491486973,100.57347050109563
263,100.53096491486973,100.57347050109563
253,100.53096491486973,100.57108254681349
267,100.53096491486973,100.56630663824919
267,100.53096491486973,100.56391868396705
269,100.53096491486973,100.5615307296849
267,100.53096491486973,100.55436686683846
276,100.53096491486973,100.55197891255632
265,100.53096491486973,100.54720300399204
267,100.53096491486973,100.54242709542775
287,100.53096491486973,100.53526323258131
271,100.53096491486973,100.53287527829917
275,100.53096491486973,100.53287527829917
278,100.53096491486973,100.53287527829917
270,100.53096491486973,100.53526323258131
269,100.53096491486973,100.53765118686346
266,100.53096491486973,100.5400391411456
257,100.53096491486973,100.55197891255632
259,100.53096491486973,100.55197891255632
253,100.53096491486973,100.55197891255632
246,100.53096491486973,100.54959095827418
258,100.53096491486973,100.55436686683848
265,100.53096491486973,100.55436686683848
268,100.53096491486973,100.55436686683848
260,100.53096491486973,100.55197891255634
264,100.53096491486973,100.5495909582742
280,100.53096491486973,100.5495909582742
286,100.53096491486973,100.5448150497099
272,100.53096491486973,100.54003914114561
273,100.53096491486973,100.53765118686347
260,100.53096491486973,100.53765118686347
266,100.53096491486973,100.53765118686347
261,100.53096491486973,100.53765118686347
261,100.53096491486973,100.53765118686347
269,100.53096491486973,100.53765118686347
260,100.53096491486973,100.53765118686347
242,100.53096491486973,100.53765118686347
242,100.53096491486973,100.53765118686347
246,100.53096491486973,100.53765118686347
244,100.53096491486973,100.53765118686347
247,100.53096491486973,100.53765118686347
245,100.53096491486973,100.54003914114561
246,100.53096491486973,100.54003914114561
277,100.53096491486973,100.54003914114561
266,100.53096491486973,100.54481504970991
278,100.53096491486973,100.5495909582742
267,100.53096491486973,100.5495909582742
280,100.53096491486973,100.55197891255634
265,100.53096491486973,100.55675482112063
270,100.53096491486973,100.56153072968493
260,100.53096491486973,100.56153072968493
263,100.53096491486973,100.56153072968493
260,100.53096491486973,100.56391868396707
256,100.53096491486973,100.56153072968493
254,100.53096491486973,100.56153072968493
250,100.53096491486973,100.55914277540279
243,100.53096491486973,100.55197891255636
253,100.53096491486973,100.54720300399207
253,100.53096491486973,100.54003914114563
261,100.53096491486973,100.5328752782992
265,100.53096491486973,100.52332346117062
259,100.53096491486973,100.51615959832418
270,100.53096491486973,100.51138368975988
269,100.53096491486973,100.50421982691344
271,100.53096491486973,100.497055964067
271,100.53096491486973,100.497055964067
291,100.53096491486973,100.49944391834914
265,100.53096491486973,100.49466800978485
280,100.53096491486973,100.49466800978485
271,100.53096491486973,100.49944391834914
266,100.53096491486973,100.50421982691343
269,100.53096491486973,100.51138368975987
267,100.53096491486973,100.5185475526063
269,100.53096491486973,100.52093550688843
261,100.53096491486973,100.52093550688843
264,100.53096491486973,100.52809936973487
249,100.53096491486973,100.53287527829916
273,100.53096491486973,100.53287527829916
272,100.53096491486973,100.5352632325813
270,100.53096491486973,100.5352632325813
278,100.53096491486973,100.5352632325813
274,100.53096491486973,100.53287527829916
273,100.53096491486973,100.5352632325813
278,100.53096491486973,100.530487324017
278,100.53096491486973,100.52809936973486
273,100.53096491486973,100.52571141545272
272,100.53096491486973,100.52093550688842
275,100.53096491486973,100.51615959832412
272,100.53096491486973,100.51615959832412
273,100.53096491486973,100.51854755260626
275,100.53096491486973,100.52332346117056
273,100.53096491486973,100.52809936973486
277,100.53096491486973,100.530487324017
272,100.53096491486973,100.530487324017
266,100.53096491486973,100.53287527829914
275,100.53096491486973,100.53287527829914
275,100.53096491486973,100.53287527829914
278,100.53096491486973,100.53287527829914
265,100.53096491486973,100.53287527829914
275,100.53096491486973,100.53526323258129
267,100.53096491486973,100.54003914114558
265,100.53096491486973,100.54242709542773
273,100.53096491486973,100.54481504970987
265,100.53096491486973,100.54959095827417
261,100.53096491486973,100.55436686683846
270,100.53096491486973,100.55436686683846
264,100.53096491486973,100.55436686683846
266,100.53096491486973,100.55197891255632
273,100.53096491486973,100.55197891255632
279,100.53096491486973,100.54720300399202
284,100.53096491486973,100.54242709542773
283,100.53096491486973,100.53526323258129
283,100.53096491486973,100.5257114154527
265,100.53096491486973,100.5209355068884
286,100.53096491486973,100.51615959832411
275,100.53096491486973,100.51615959832411
280,100.53096491486973,100.51377164404197
270,100.53096491486973,100.51377164404197
266,100.53096491486973,100.51377164404197
262,100.53096491486973,100.51854755260626
246,100.53096491486973,100.5209355068884
250,100.53096491486973,100.52332346117055
245,100.53096491486973,100.52571141545269
243,100.53096491486973,100.52809936973483
237,100.53096491486973,100.52571141545269
248,100.53096491486973,100.52571141545269
247,100.53096491486973,100.52809936973483
246,100.53096491486973,100.52809936973483
261,100.53096491486973,100.52809936973483
265,100.53096491486973,100.52809936973483
289,100.53096491486973,100.52809936973483
277,100.53096491486973,100.52571141545269
279,100.53096491486973,100.52571141545269
268,100.53096491486973,100.52571141545269
266,100.53096491486973,100.52571141545269
259,100.53096491486973,100.52571141545269
261,100.53096491486973,100.52571141545269
261,100.53096491486973,100.52571141545269
269,100.53096491486973,100.52571141545269
263,100.53096491486973,100.52571141545269
262,100.53096491486973,100.52571141545269
260,100.53096491486973,100.52571141545269
267,100.53096491486973,100.52571141545269
268,100.53096491486973,100.52571141545269
270,100.53096491486973,100.52809936973483
263,100.53096491486973,100.52809936973483
267,100.53096491486973,100.53048732401697
262,100.53096491486973,100.53048732401697
267,100.53096491486973,100.53048732401697
266,100.53096491486973,100.53048732401697
271,100.53096491486973,100.53048732401697
276,100.53096491486973,100.52809936973483
267,100.53096491486973,100.53048732401697
276,100.53096491486973,100.53287527829912
275,100.53096491486973,100.53765118686341
272,100.53096491486973,100.54242709542771
262,100.53096491486973,100.54959095827414
259,100.53096491486973,100.547203003992
264,100.53096491486973,100.54959095827414
242,100.53096491486973,100.547203003992
260,100.53096491486973,100.54959095827414
248,100.53096491486973,100.547203003992
243,100.53096491486973,100.54242709542771
269,100.53096491486973,100.53526323258129
270,100.53096491486973,100.53526323258129
268,100.53096491486973,100.52809936973486
274,100.53096491486973,100.52571141545272
275,100.53096491486973,100.52093550688842
277,100.53096491486973,100.51377164404198
276,100.53096491486973,100.50660778119554
275,100.53096491486973,100.50899573547768
277,100.53096491486973,100.50899573547768
277,100.53096491486973,100.50899573547768
269,100.53096491486973,100.51138368975982
266,100.53096491486973,100.51138368975982
270,100.53096491486973,100.51377164404197
261,100.53096491486973,100.51615959832411
269,100.53096491486973,100.5209355068884
272,100.53096491486973,100.52332346117055
268,100.53096491486973,100.52332346117055
258,100.53096491486973,100.52571141545269
270,100.53096491486973,100.53048732401699
255,100.53096491486973,100.53048732401699
265,100.53096491486973,100.53048732401699
276,100.53096491486973,100.53048732401699
276,100.53096491486973,100.53048732401699
277,100.53096491486973,100.52809936973485
283,100.53096491486973,100.5209355068884
283,100.53096491486973,100.5209355068884
286,100.53096491486973,100.5209355068884
285,100.53096491486973,100.52809936973483
281,100.53096491486973,100.53048732401697
272,100.53096491486973,100.53526323258127
275,100.53096491486973,100.54003914114557
268,100.53096491486973,100.54242709542771
257,100.53096491486973,100.547203003992
257,100.53096491486973,100.5519789125563
271,100.53096491486973,100.547203003992
271,100.53096491486973,100.547203003992
275,100.53096491486973,100.547203003992
271,100.53096491486973,100.547203003992
277,100.53096491486973,100.547203003992
267,100.53096491486973,100.547203003992
273,100.53096491486973,100.547203003992
270,100.53096491486973,100.5424270954277
250,100.53096491486973,100.54481504970984
243,100.53096491486973,100.54720300399198
242,100.53096491486973,100.54959095827412
252,100.53096491486973,100.55197891255627
241,100.53096491486973,100.55436686683841
247,100.53096491486973,100.55197891255627
246,100.53096491486973,100.55197891255627
258,100.53096491486973,100.54481504970984
272,100.53096491486973,100.5424270954277
274,100.53096491486973,100.53765118686341
269,100.53096491486973,100.53287527829912
270,100.53096491486973,100.52809936973482
272,100.53096491486973,100.52332346117053
295,100.53096491486973,100.51854755260624
268,100.53096491486973,100.51377164404194
274,100.53096491486973,100.50899573547764
268,100.53096491486973,100.51138368975978
268,100.53096491486973,100.50899573547764
262,100.53096491486973,100.51377164404194
260,100.53096491486973,100.51615959832408
261,100.53096491486973,100.52332346117052
256,100.53096491486973,100.52809936973482
259,100.55340486239537,100.53048732401696
253,100.57584480992101,100.53765118686339
263,100.59828475744665,100.54003914114553
249,100.62072470497229,100.54242709542767
261,100.64316465249793,100.5495909582741
265,100.66560460002357,100.56391868396696
268,100.68804454754921,100.57824640965983
272,100.71048449507485,100.59735004391699
254,100.73292444260049,100.60928981532771
258,100.75536439012613,100.6403332209956
264,100.77780433765177,100.65943685525276
270,100.80024428517741,100.67376458094563
265,100.82268423270305,100.6928682152028
260,100.8451241802287,100.70480798661352
267,100.86756412775433,100.71674775802424
255,100.89000407527998,100.72868752943498
256,100.91244402280562,100.73585139228142
266,100.93488397033126,100.76211888938502
255,100.9573239178569,100.77883456936004
251,100.97976386538254,100.80987797502793
247,101.00220381290818,100.8289816092851
247,101.02464376043382,100.85763706067083
250,101.04708370795946,100.88390455777443
246,101.0695236554851,100.92211182628876
246,101.09196360301074,100.93166364341734
244,101.11440355053638,100.98181068334237
245,101.13684349806202,101.0152420432924
233,101.15928344558766,101.05583726608886
237,101.1817233931133,101.08688067175675
232,101.20416334063894,101.12031203170677
233,101.22660328816458,101.1585193002211
235,101.24904323569022,101.18717475160683
237,101.27148318321586,101.19672656873541
235,101.2939231307415,101.23970974581403
231,101.31636307826714,101.27075315148191
218,101.33880302579279,101.29463269430336
228,101.36124297331843,101.31612428284267
226,101.38368292084407,101.33761587138197
220,101.4061228683697,101.36388336848556
224,101.42856281589535,101.38059904846058
224,101.45100276342099,101.39015086558916
222,101.47344271094663,101.42597017982133
216,101.49588265847227,101.44268585979636
217,101.51832260599791,101.46178949405352
219,101.54076255352355,101.48328108259282
219,101.56320250104919,101.50716062541427
216,101.58564244857483,101.52865221395358
219,101.60808239610047,101.54297993964644
214,101.63052234362611,101.57879925387861
207,101.65296229115175,101.60029084241792
214,101.67540223867739,101.62655833952151
207,101.69784218620303,101.64804992806081
207,101.72028213372867,101.68148128801084
211,101.74272208125431,101.70774878511443
214,101.76516202877995,101.72924037365374
210,101.7876019763056,101.74834400791089
195,101.81004192383124,101.78893923070736
196,101.83248187135688,101.81043081924666
200,101.85492181888252,101.83431036206811
198,101.87736176640816,101.86296581345384
198,101.8998017139338,101.88445740199315
197,101.92224166145944,101.90594899053245
197,101.94468160898508,101.92744057907176
180,101.96712155651072,101.95370807617535
180,101.98956150403636,101.97519966471465
180,102.012001451562,101.99430329897181
180,102.03444139908764,102.01340693322898
180,102.05688134661328,102.03967443033257
179,102.07932129413892,102.06355397315401
179,102.10176124166456,102.08504556169332
170,102.1242011891902,102.10892510451477
171,102.14664113671584,102.1375805559005
170,102.16908108424148,102.1590721444398
172,102.19152103176712,102.18295168726125
171,102.21396097929276,102.20444327580056
173,102.2364009268184,102.228322818622
169,102.25884087434405,102.24981440716131
159,102.28128082186969,102.27369394998276
159,102.30372076939533,102.28802167567562
161,102.32616071692097,102.31667712706135
161,102.34860066444661,102.34533257844708
162,102.37104061197225,102.36443621270423
159,102.39348055949789,102.38353984696138
160,102.41592050702353,102.40503143550069
148,102.43836045454917,102.43129893260428
147,102.46080040207481,102.45279052114358
147,102.48324034960045,102.45995438399002
146,102.50568029712609,102.50293756106863
152,102.52812024465173,102.52442914960794
148,102.55056019217737,102.54592073814725
148,102.57300013970301,102.56980028096869
129,102.59544008722865,102.59845573235442
134,102.6178800347543,102.61755936661159
129,102.64031998227993,102.63905095515089
130,102.66275992980557,102.64860277227947
135,102.68519987733121,102.68681004079379
141,102.70763982485686,102.70830162933309
139,102.7300797723825,102.7297932178724
129,102.75251971990814,102.75844866925813
132,102.77495966743378,102.77516434923315
135,102.79739961495942,102.7942679834903
131,102.81983956248506,102.81337161774746
134,102.8422795100107,102.83963911485105
136,102.86471945753634,102.86113070339036
136,102.88715940506198,102.88023433764752
122,102.90959935258762,102.90172592618683
119,102.93203930011326,102.93038137757256
101,102.9544792476389,102.95187296611186
118,102.97691919516454,102.97097660036903
106,102.99935914269018,102.99008023462618
117,103.02179909021582,103.01634773172977
110,103.04423903774146,103.03783932026907
113,103.0666789852671,103.05933090880838
112,103.08911893279274,103.08082249734768
112,103.11155888031838,103.11186590301557
112,103.13399882784402,103.13335749155488
112,103.15643877536966,103.15962498865848
117,103.1788787228953,103.18350453147993
107,103.20131867042095,103.21215998286567
120,103.22375861794659,103.23126361712283
101,103.24619856547223,103.25275520566214
105,103.26863851299787,103.27902270276573
99,103.29107846052351,103.2981263370229
101,103.31351840804915,103.31722997128006
97,103.33595835557479,103.33633360553722
92,103.35839830310043,103.35066133123009
88,103.38083825062607,103.36737701120511
84,103.40327819815171,103.38170473689797
85,103.42571814567735,103.398420416873
85,103.44815809320299,103.41513609684802
79,103.47059804072863,103.43185177682304
82,103.49303798825427,103.4509554110802
87,103.51547793577991,103.47483495390165
80,103.53791788330555,103.48199881674809
81,103.5603578308312,103.5249819938267
80,103.58279777835683,103.55124949093029
84,103.60523772588247,103.57751698803388
85,103.62767767340812,103.60378448513747
86,103.65011762093376,103.6372158450875
83,103.6725575684594,103.66587129647324
78,103.69499751598504,103.68975083929469
79,103.71743746351068,103.69930265642327
73,103.73987741103632,103.74944969634831
73,103.76231735856196,103.77332923916975
73,103.7847573060876,103.79959673627336
78,103.80719725361324,103.81870037053052
76,103.82963720113888,103.84974377619841
69,103.85207714866452,103.87123536473771
65,103.87451709619016,103.89511490755916
73,103.8969570437158,103.89989081612346
72,103.91939699124144,103.94048603891993
72,103.94183693876708,103.95958967317709
70,103.96427688629272,103.97630535315211
73,103.98671683381836,104.00018489597356
62,104.009156781344,104.01928853023072
58,104.03159672886964,104.03839216448789
49,104.05403667639528,104.05749579874505
54,104.07647662392093,104.07898738728436
58,104.09891657144657,104.09331511297722
52,104.1213565189722,104.11480670151653
60,104.14379646649785,104.1291344272094
55,104.16623641402349,104.155401924313
47,104.18867636154913,104.17211760428802
47,104.21111630907477,104.18883328426304
46,104.23355625660041,104.2031610099559
50,104.25599620412605,104.23898032418808
47,104.27843615165169,104.26285986700952
47,104.30087609917733,104.28435145554883
42,104.32331604670297,104.30823099837028
42,104.34575599422861,104.33688644975601
43,104.36819594175425,104.36076599257746
39,104.39063588927989,104.3846455353989
44,104.41307583680553,104.40136121537392
40,104.43551578433117,104.44434439245254
47,104.45795573185681,104.47061188955612
41,104.48039567938245,104.49449143237757
34,104.5028356269081,104.52553483804546
30,104.52527557443373,104.54463847230261
30,104.54771552195938,104.56374210655976
31,104.57015546948502,104.58284574081692
30,104.59259541701066,104.5971734665098
29,104.6150353645363,104.62821687217769
28,104.63747531206194,104.649708460717
25,104.65991525958758,104.6712000492563
24,104.68235520711322,104.69746754635989
22,104.70479515463886,104.72134708918134
22,104.7272351021645,104.74522663200278
23,104.74967504969014,104.77388208338851
20,104.77211499721578,104.7834339005171
20,104.79455494474142,104.81447730618498
11,104.81699489226706,104.83596889472429
13,104.8394348397927,104.85984843754574
12,104.86187478731834,104.88134002608504
14,104.88431473484398,104.9004436603422
14,104.90675468236962,104.92432320316365
14,104.92919462989526,104.94342683742082
12,104.9516345774209,104.94820274598511
4,104.97407452494654,104.98163410593514
4,104.99651447247219,104.99834978591016
4,105.01895441999783,105.01984137444947
6,105.04139436752347,105.03655705442449
4,105.0638343150491,105.06043659724594
6,105.08627426257475,105.0795402315031
7,105.10871421010039,105.09864386576027
359,105.13115415762603,105.12252340858171
358,105.15359410515167,105.14401499712102
359,105.17603405267731,105.16550658566032
359,105.19847400020295,105.18461021991749
0,105.22091394772859,105.21565362558538
0,105.24335389525423,105.23714521412468
359,105.26579384277987,105.26102475694613
352,105.28823379030551,105.275352482639
352,105.31067373783115,105.31594770543546
351,105.33311368535679,105.33982724825691
351,105.35555363288243,105.36370679107836
353,105.37799358040807,105.39475019674624
352,105.40043352793371,105.41862973956769
350,105.42287347545935,105.43773337382486
340,105.445313422985,105.45922496236416
343,105.46775337051064,105.47832859662132
340,105.49019331803628,105.50459609372493
337,105.51263326556192,105.52369972798209
341,105.53507321308756,105.5451913165214
340,105.5575131606132,105.56907085934284
339,105.57995310813884,105.5881744936
327,105.60239305566448,105.6096660821393
331,105.62483300319012,105.62876971639646
327,105.64727295071576,105.65264925921791
332,105.6697128982414,105.67175289347507
327,105.69215284576704,105.6884685734501
330,105.71459279329268,105.70279629914296
328,105.73703274081832,105.72906379624656
330,105.75947268834396,105.75055538478587
329,105.7819126358696,105.76965901904303
329,105.80435258339524,105.79115060758234
328,105.82679253092088,105.81980605896807
327,105.84923247844652,105.84129764750737
328,105.87167242597216,105.8699530988931
326,105.8941123734978,105.88905673315026
317,105.91655232102345,105.9081603674074
319,105.93899226854909,105.92487604738243
321,105.96143221607473,105.94875559020387
320,105.98387216360037,105.96069536161461
321,106.00631211112601,105.98218695015392
323,106.02875205865165,106.00606649297536
323,106.05119200617729,106.02278217295039
311,106.07363195370293,106.04188580720754
308,106.09607190122857,106.06337739574684
311,106.11851184875421,106.09442080141473
308,106.14095179627985,106.11830034423618
309,106.16339174380549,106.12546420708262
310,106.18583169133113,106.17322329272551
304,106.20827163885677,106.19710283554696
298,106.23071158638241,106.2209823783684
303,106.25315153390805,106.247249875472
301,106.2755914814337,106.27829328113988
297,106.29803142895933,106.30217282396133
303,106.32047137648497,106.32366441250063
301,106.34291132401061,106.33321622962922
301,106.36535127153626,106.37381145242568
290,106.3877912190619,106.39530304096499
290,106.41023116658754,106.4167946295043
296,106.43267111411318,106.4382862180436
296,106.45511106163882,106.46216576086505
288,106.47755100916446,106.48365734940435
294,106.4999909566901,106.50276098366152
294,106.52243090421574,106.50992484650796
288,106.54487085174138,106.54813211502227
286,106.56731079926702,106.56962370356158
286,106.58975074679266,106.59111529210088
287,106.6121906943183,106.62215869776877
286,106.63463064184394,106.64603824059022
284,106.65707058936958,106.66514187484738
287,106.67951053689522,106.68902141766883
276,106.70195048442086,106.71767686905456
276,106.7243904319465,106.741556411876
276,106.74683037947214,106.76304800041531
276,106.76927032699778,106.7940914060832
276,106.79171027452342,106.8155829946225
273,106.81415022204907,106.83707458316181
278,106.81415022204907,106.85617821741896
272,106.81415022204907,106.87528185167612
271,106.81415022204907,106.90154934877971
270,106.81415022204907,106.91587707447258
270,106.81415022204907,106.92542889160116
259,106.81415022204907,106.9325927544476
263,106.81415022204907,106.93498070872974
270,106.81415022204907,106.93498070872974
263,106.81415022204907,106.93498070872974
263,106.81415022204907,106.93498070872974
264,106.81415022204907,106.93498070872974
269,106.81415022204907,106.93498070872974
266,106.81415022204907,106.93498070872974
263,106.81415022204907,106.93498070872974
263,106.81415022204907,106.93498070872974
265,106.81415022204907,106.93498070872974
264,106.81415022204907,106.93498070872974
265,106.81415022204907,106.93498070872974
264,106.81415022204907,106.93498070872974
265,106.81415022204907,106.93498070872974
264,106.81415022204907,106.93736866301188
261,106.81415022204907,106.93975661729402
267,106.81415022204907,106.93975661729402
264,106.81415022204907,106.93975661729402
255,106.81415022204907,106.93975661729402
255,106.81415022204907,106.93975661729402
262,106.81415022204907,106.93498070872974
262,106.81415022204907,106.93498070872974
258,106.81415022204907,106.9325927544476
267,106.81415022204907,106.93020480016546
240,106.81415022204907,106.92542889160116
247,106.81415022204907,106.92304093731902
240,106.81415022204907,106.91587707447258
249,106.81415022204907,106.91110116590828
250,106.81415022204907,106.90393730306185
249,106.81415022204907,106.89916139449757
250,106.81415022204907,106.89199753165114
264,106.81415022204907,106.88483366880472
265,106.81415022204907,106.88483366880472
272,106.81415022204907,106.88483366880472
255,106.81415022204907,106.88483366880472
252,106.81415022204907,106.88483366880472
258,106.81415022204907,106.88483366880472
260,106.81415022204907,106.88483366880472
257,106.81415022204907,106.88483366880472
260,106.81415022204907,106.88483366880472
259,106.81415022204907,106.88483366880472
259,106.81415022204907,106.88483366880472
259,106.81415022204907,106.88483366880472
259,106.81415022204907,106.88244571452258
259,106.81415022204907,106.87766980595828
261,106.81415022204907,106.87528185167614
268,106.81415022204907,106.87050594311184
271,106.81415022204907,106.86573003454755
272,106.81415022204907,106.86095412598326
273,106.81415022204907,106.85856617170111
275,106.81415022204907,106.85617821741897
259,106.81415022204907,106.85856617170111
268,106.81415022204907,106.86095412598326
258,106.81415022204907,106.86095412598326
265,106.81415022204907,106.8633420802654
257,106.81415022204907,106.86095412598326
254,106.81415022204907,106.85856617170111
257,106.81415022204907,106.85617821741897
240,106.81415022204907,106.84901435457253
264,106.81415022204907,106.84662640029039
262,106.81415022204907,106.83707458316181
263,106.81415022204907,106.82752276603323
280,106.81415022204907,106.8203589031868
263,106.81415022204907,106.8155829946225
275,106.81415022204907,106.8108070860582
283,106.81415022204907,106.80841913177606
275,106.81415022204907,106.80841913177606
278,106.81415022204907,106.80603117749392
280,106.81415022204907,106.80364322321178
275,106.81415022204907,106.80125526892964
278,106.81415022204907,106.80125526892964
273,106.81415022204907,106.80125526892964
279,106.81415022204907,106.7988673146475
276,106.81415022204907,106.7940914060832
273,106.81415022204907,106.7940914060832
277,106.81415022204907,106.7893154975189
278,106.81415022204907,106.79170345180104
278,106.81415022204907,106.79409140608318
273,106.81415022204907,106.79886731464748
275,106.81415022204907,106.80364322321178
257,106.81415022204907,106.80364322321178
277,106.81415022204907,106.80364322321178
277,106.81415022204907,106.80364322321178
279,106.81415022204907,106.80364322321178
269,106.81415022204907,106.80364322321178
271,106.81415022204907,106.80364322321178
274,106.81415022204907,106.80364322321178
274,106.81415022204907,106.80364322321178
275,106.81415022204907,106.80364322321178
268,106.81415022204907,106.80603117749392
280,106.81415022204907,106.80603117749392
264,106.81415022204907,106.81080708605822
266,106.81415022204907,106.8155829946225
273,106.81415022204907,106.81797094890464
272,106.81415022204907,106.82035890318679
269,106.81415022204907,106.82035890318679
280,106.81415022204907,106.82513481175108
282,106.81415022204907,106.82274685746894
281,106.81415022204907,106.82513481175108
282,106.81415022204907,106.82274685746894
284,106.81415022204907,106.81797094890464
288,106.81415022204907,106.82035890318679
277,106.81415022204907,106.82274685746893
284,106.81415022204907,106.82274685746893
272,106.81415022204907,106.82513481175107
272,106.81415022204907,106.82513481175107
271,106.81415022204907,106.82274685746893
258,106.81415022204907,106.82513481175107
236,106.81415022204907,106.82274685746893
242,106.81415022204907,106.82274685746893
245,106.81415022204907,106.82274685746893
247,106.81415022204907,106.82274685746893
242,106.81415022204907,106.82274685746893
248,106.81415022204907,106.82035890318679
246,106.81415022204907,106.82513481175107
263,106.81415022204907,106.82513481175107
265,106.81415022204907,106.82274685746893
272,106.81415022204907,106.82035890318679
267,106.81415022204907,106.82274685746893
270,106.81415022204907,106.82513481175107
268,106.81415022204907,106.82513481175107
264,106.81415022204907,106.82513481175107
260,106.81415022204907,106.82513481175107
263,106.81415022204907,106.82513481175107
259,106.81415022204907,106.82513481175107
262,106.81415022204907,106.82513481175107
261,106.81415022204907,106.82513481175107
260,106.81415022204907,106.82513481175107
263,106.81415022204907,106.82513481175107
263,106.81415022204907,106.82513481175107
265,106.81415022204907,106.82513481175107
265,106.81415022204907,106.82274685746893
275,106.81415022204907,106.81797094890463
271,106.81415022204907,106.81797094890463
268,106.81415022204907,106.81558299462249
268,106.81415022204907,106.81558299462249
286,106.81415022204907,106.81319504034035
262,106.81415022204907,106.81319504034035
267,106.81415022204907,106.8108070860582
267,106.81415022204907,106.8108070860582
264,106.81415022204907,106.81319504034035
260,106.81415022204907,106.81558299462249
260,106.81415022204907,106.81797094890463
276,106.81415022204907,106.81797094890463
247,106.81415022204907,106.81797094890463
275,106.81415022204907,106.81797094890463
264,106.81415022204907,106.82513481175106
255,106.81415022204907,106.82274685746891
269,106.81415022204907,106.82035890318677
269,106.81415022204907,106.81797094890463
274,106.81415022204907,106.81797094890463
273,106.81415022204907,106.81319504034033
274,106.81415022204907,106.80841913177603
282,106.81415022204907,106.8012552689296
294,106.81415022204907,106.80603117749388
282,106.81415022204907,106.80364322321174
279,106.81415022204907,106.8012552689296
276,106.81415022204907,106.80364322321174
283,106.81415022204907,106.80603117749388
272,106.81415022204907,106.80603117749388
259,106.81415022204907,106.80603117749388
281,106.81415022204907,106.80603117749388
286,106.81415022204907,106.80603117749388
279,106.81415022204907,106.80603117749388
271,106.81415022204907,106.80603117749388
280,106.81415022204907,106.80603117749388
281,106.81415022204907,106.80841913177602
274,106.81415022204907,106.80841913177602
273,106.81415022204907,106.81080708605816
277,106.81415022204907,106.81797094890459
262,106.81415022204907,106.82035890318673
267,106.81415022204907,106.82274685746887
261,106.81415022204907,106.82513481175101
267,106.81415022204907,106.82274685746887
279,106.81415022204907,106.82274685746887
276,106.81415022204907,106.82035890318673
279,106.81415022204907,106.81797094890459
276,106.81415022204907,106.82274685746887
288,106.81415022204907,106.82274685746887
269,106.81415022204907,106.82274685746887
270,106.81415022204907,106.82035890318673
274,106.81415022204907,106.82035890318673
269,106.81415022204907,106.81797094890459
276,106.81415022204907,106.82035890318673
277,106.81415022204907,106.82035890318673
271,106.81415022204907,106.82035890318673
266,106.81415022204907,106.81797094890459
268,106.81415022204907,106.82035890318673
246,106.81415022204907,106.82274685746887
259,106.81415022204907,106.82752276603316
255,106.81415022204907,106.82752276603316
266,106.81415022204907,106.8299107203153
263,106.81415022204907,106.83229867459744
247,106.81415022204907,106.83468662887958
253,106.81415022204907,106.83229867459744
248,106.81415022204907,106.82752276603314
258,106.81415022204907,106.82274685746886
251,106.81415022204907,106.82274685746886
254,106.81415022204907,106.82035890318672
251,106.81415022204907,106.82035890318672
267,106.81415022204907,106.82035890318672
263,106.81415022204907,106.82035890318672
262,106.81415022204907,106.82035890318672
265,106.81415022204907,106.82035890318672
261,106.81415022204907,106.82035890318672
263,106.81415022204907,106.82035890318672
263,106.81415022204907,106.82035890318672
264,106.81415022204907,106.82035890318672
266,106.81415022204907,106.82035890318672
266,106.81415022204907,106.82035890318672
262,106.81415022204907,106.82274685746886
269,106.81415022204907,106.82274685746886
269,106.81415022204907,106.82035890318672
268,106.81415022204907,106.81797094890457
272,106.81415022204907,106.81319504034028
277,106.81415022204907,106.81080708605813
278,106.81415022204907,106.80125526892955
272,106.81415022204907,106.79647936036525
276,106.81415022204907,106.79409140608311
277,106.81415022204907,106.79170345180097
269,106.81415022204907,106.79170345180097
279,106.81415022204907,106.79409140608311
268,106.81415022204907,106.79647936036525
263,106.81415022204907,106.79409140608311
262,106.81415022204907,106.79647936036525
254,106.81415022204907,106.79647936036525
252,106.81415022204907,106.79409140608311
261,106.81415022204907,106.79409140608311
271,106.81415022204907,106.79647936036525
267,106.81415022204907,106.7988673146474
271,106.81415022204907,106.80364322321168
279,106.81415022204907,106.80603117749382
281,106.81415022204907,106.80841913177596
280,106.81415022204907,106.8108070860581
282,106.81415022204907,106.81558299462239
274,106.81415022204907,106.82274685746881
273,106.81415022204907,106.82752276603311
273,106.81415022204907,106.82991072031525
273,106.81415022204907,106.8322986745974
274,106.81415022204907,106.8322986745974
263,106.81415022204907,106.82991072031525
270,106.81415022204907,106.82991072031525
261,106.81415022204907,106.82991072031525
286,106.81415022204907,106.82274685746881
279,106.81415022204907,106.82035890318667
282,106.81415022204907,106.82035890318667
279,106.81415022204907,106.82035890318667
272,106.81415022204907,106.82035890318667
280,106.81415022204907,106.82035890318667
276,106.81415022204907,106.82035890318667
273,106.81415022204907,106.82035890318667
263,106.81415022204907,106.82035890318667
267,106.81415022204907,106.81797094890453
264,106.81415022204907,106.81558299462239
267,106.81415022204907,106.81319504034025
259,106.81415022204907,106.80841913177595
275,106.81415022204907,106.81080708605809
267,106.81415022204907,106.80603117749381
267,106.81415022204907,106.80603117749381
264,106.81415022204907,106.80841913177595
273,106.81415022204907,106.80841913177595
288,106.81415022204907,106.80841913177595
285,106.81415022204907,106.81080708605809
255,106.81415022204907,106.81558299462239
274,106.81415022204907,106.81319504034025
281,106.81415022204907,106.8108070860581
280,106.81415022204907,106.8108070860581
278,106.81415022204907,106.80841913177596
279,106.81415022204907,106.80841913177596
281,106.81415022204907,106.80841913177596
283,106.81415022204907,106.80841913177596
271,106.81415022204907,106.8108070860581
268,106.81415022204907,106.81319504034025
269,106.81415022204907,106.81558299462239
254,106.8365901695747,106.81558299462239
270,106.85903011710035,106.81797094890453
268,106.88147006462599,106.82752276603311
253,106.90391001215163,106.8322986745974
239,106.92634995967727,106.83468662887954
245,106.94878990720291,106.85856617170099
251,106.97122985472855,106.87528185167601
261,106.99366980225419,106.89438548593317
246,107.01610974977983,106.91348912019033
248,107.03854969730547,106.93498070872964
256,107.06098964483111,106.95169638870466
260,107.08342959235675,106.96602411439753
251,107.10586953988239,106.97080002296182
263,107.12830948740803,106.99706752006541
258,107.15074943493367,107.006619337194
262,107.17318938245931,107.01378320004044
264,107.19562932998495,107.02572297145116
258,107.2180692775106,107.03766274286188
253,107.24050922503623,107.0543784228369
265,107.26294917256187,107.06631819424763
258,107.28538912008752,107.10452546276194
251,107.30782906761316,107.13079295986553
256,107.3302690151388,107.15944841125126
255,107.35270896266444,107.19287977120129
246,107.37514891019008,107.23825090256204
243,107.39758885771572,107.27407021679421
233,107.42002880524136,107.30988953102639
245,107.442468752767,107.33615702812997
243,107.46490870029264,107.39346793090145
235,107.48734864781828,107.42689929085148
239,107.50978859534392,107.45794269651937
237,107.53222854286956,107.49376201075154
223,107.5546684903952,107.51764155357299
226,107.57710843792084,107.53913314211229
230,107.59954838544648,107.55823677636945
227,107.62198833297212,107.56778859349804
230,107.64442828049776,107.59644404488377
230,107.6668682280234,107.61315972485879
229,107.68930817554904,107.62987540483381
239,107.71174812307468,107.65375494765526
219,107.73418807060033,107.66808267334812
224,107.75662801812597,107.68479835332315
221,107.7790679656516,107.70151403329817
222,107.80150791317725,107.71345380470889
218,107.82394786070289,107.74688516465892
222,107.84638780822853,107.76837675319823
213,107.86882775575417,107.79703220458396
212,107.89126770327981,107.8209117474054
215,107.91370765080545,107.84240333594471
213,107.93614759833109,107.86867083304831
211,107.95858754585673,107.89732628443404
210,107.98102749338237,107.90449014728048
213,108.00346744090801,107.94269741579481
208,108.02590738843365,107.97851673002698
206,108.04834733595929,108.00239627284843
206,108.07078728348493,108.02866376995202
208,108.09322723101057,108.05254331277347
206,108.11566717853621,108.08358671844135
204,108.13810712606185,108.10985421554494
207,108.1605470735875,108.11701807839138
192,108.18298702111314,108.15522534690571
193,108.20542696863878,108.18865670685574
188,108.22786691616442,108.21014829539504
191,108.25030686369006,108.23163988393435
188,108.2727468112157,108.25074351819151
187,108.29518675874134,108.2770110152951
190,108.31762670626698,108.29133874098797
182,108.34006665379262,108.324770100938
181,108.36250660131826,108.34387373519515
182,108.3849465488439,108.36297736945231
181,108.40738649636954,108.38208100370947
184,108.42982644389518,108.40596054653092
185,108.45226639142082,108.42984008935237
180,108.47470633894646,108.45133167789167
167,108.4971462864721,108.46565940358454
169,108.51958623399774,108.49909076353457
167,108.54202618152338,108.51819439779173
166,108.56446612904902,108.5372980320489
163,108.58690607657466,108.5587896205882
150,108.6093460241003,108.58744507197393
165,108.63178597162594,108.6065487062311
145,108.65422591915159,108.6280402947704
155,108.67666586667723,108.64236802046327
162,108.69910581420287,108.68535119754188
150,108.7215457617285,108.70923074036332
151,108.74398570925415,108.73788619174906
161,108.76642565677979,108.7617657345705
157,108.78886560430543,108.79280914023839
158,108.81130555183107,108.81191277449555
158,108.83374549935671,108.835792317317
153,108.85618544688235,108.86444776870275
154,108.87862539440799,108.88355140295991
152,108.90106534193363,108.90743094578136
151,108.92350528945927,108.92892253432066
149,108.94594523698491,108.95280207714211
110,108.96838518451055,108.97429366568142
129,108.99082513203619,108.99100934565644
132,109.01326507956183,109.00772502563146
130,109.03570502708747,109.0316045684529
133,109.05814497461311,109.04832024842793
131,109.08058492213875,109.06503592840295
134,109.1030248696644,109.07936365409581
125,109.12546481719004,109.10085524263512
126,109.14790476471568,109.11757092261014
127,109.17034471224132,109.13906251114945
136,109.19278465976696,109.1581661454066
130,109.2152246072926,109.18682159679233
128,109.23766455481824,109.21547704817806
125,109.26010450234388,109.25129636241023
119,109.28254444986952,109.27995181379596
125,109.30498439739516,109.30621931089955
119,109.3274243449208,109.33487476228528
114,109.34986429244644,109.3730820307996
115,109.37230423997208,109.38979771077462
113,109.39474418749772,109.4208411164425
97,109.41718413502336,109.44472065926395
93,109.439624082549,109.4686002020854
91,109.46206403007464,109.4900917906247
102,109.48450397760028,109.50680747059972
98,109.50694392512592,109.53068701342117
101,109.52938387265156,109.54979064767834
106,109.5518238201772,109.56650632765336
109,109.57426376770285,109.59277382475696
114,109.59670371522849,109.60710155044983
98,109.61914366275413,109.62620518470698
91,109.64158361027977,109.64530881896414
94,109.66402355780541,109.66680040750344
95,109.68646350533105,109.68590404176061
87,109.70890345285669,109.70500767601777
90,109.73134340038233,109.7169474474285
85,109.75378334790797,109.74321494453208
73,109.77622329543361,109.76709448735353
81,109.79866324295925,109.78858607589284
78,109.82110319048489,109.81246561871428
72,109.84354313801053,109.83395720725359
82,109.86598308553617,109.85783675007504
83,109.88842303306181,109.88171629289648
75,109.91086298058745,109.90081992715365
75,109.9333029281131,109.9461910585144
75,109.95574287563873,109.97245855561799
109,109.97818282316437,109.99156218987515
84,110.00062277069001,110.02499354982518
78,110.02306271821566,110.04409718408235
81,110.0455026657413,110.06320081833951
72,110.06794261326694,110.07752854403238
70,110.09038256079258,110.0894683154431
57,110.11282250831822,110.11812376682883
70,110.13526245584386,110.13006353823955
56,110.1577024033695,110.14200330965028
72,110.18014235089514,110.16110694390744
62,110.20258229842078,110.17782262388246
63,110.22502224594642,110.19453830385748
55,110.24746219347206,110.21841784667893
61,110.2699021409977,110.22319375524323
56,110.29234208852334,110.2590130694754
58,110.31478203604898,110.2805046580147
62,110.33722198357462,110.3115480636826
57,110.35966193110026,110.33542760650404
66,110.3821018786259,110.36169510360763
57,110.40454182615154,110.38557464642908
62,110.42698177367718,110.41900600637909
58,110.44942172120282,110.44288554920054
60,110.47186166872847,110.46915304630414
51,110.4943016162541,110.49542054340773
52,110.51674156377975,110.52646394907562
51,110.53918151130539,110.54795553761492
43,110.56162145883103,110.56705917187209
43,110.58406140635667,110.5885507604114
42,110.60650135388231,110.60287848610427
42,110.62894130140795,110.6363098460543
42,110.65138124893359,110.65780143459361
46,110.67382119645923,110.67690506885076
46,110.69626114398487,110.70317256595435
51,110.71870109151051,110.72466415449365
53,110.74114103903615,110.74376778875082
55,110.76358098656179,110.7700352858544
53,110.78602093408743,110.77719914870084
51,110.80846088161307,110.81301846293302
52,110.83090082913871,110.83451005147232
57,110.85334077666435,110.86316550285805
29,110.87578072419,110.88226913711522
32,110.89822067171563,110.90376072565452
28,110.92066061924127,110.92764026847597
30,110.94310056676692,110.95390776557957
29,110.96554051429256,110.96107162842601
30,110.9879804618182,110.9921150340939
28,111.01042040934384,111.0183825311975
19,111.03286035686948,111.03748616545467
21,111.05530030439512,111.06136570827611
20,111.07774025192076,111.08046934253328
18,111.1001801994464,111.10912479391901
19,111.12262014697204,111.13061638245831
19,111.14506009449768,111.13778024530475
22,111.16750004202332,111.17837546810121
11,111.18993998954896,111.19986705664051
14,111.2123799370746,111.22135864517982
13,111.23481988460024,111.24285023371912
12,111.25725983212588,111.26911773082273
15,111.27969977965152,111.29060931936203
12,111.30213972717716,111.31210090790134
15,111.3245796747028,111.31687681646564
3,111.34701962222844,111.3574720392621
1,111.36945956975408,111.37896362780141
2,111.39189951727973,111.40045521634072
3,111.41433946480537,111.42672271344432
4,111.436779412331,111.44821430198363
1,111.45921935985665,111.46492998195865
1,111.48165930738229,111.47925770765151
357,111.50409925490793,111.5103011133194
355,111.52653920243357,111.52940474757656
357,111.54897914995921,111.55089633611587
355,111.57141909748485,111.57716383321947
356,111.59385904501049,111.59865542175878
354,111.61629899253613,111.6153711017338
355,111.63873894006177,111.6368626902731
349,111.66117888758741,111.64880246168383
348,111.68361883511305,111.67745791306957
349,111.70605878263869,111.70133745589102
347,111.72849873016433,111.72044109014819
348,111.75093867768997,111.73954472440535
349,111.77337862521561,111.75626040438037
350,111.79581857274125,111.78013994720182
344,111.8182585202669,111.79924358145898
342,111.84069846779254,111.80640744430542
343,111.86313841531818,111.84461471281975
343,111.88557836284382,111.86133039279477
342,111.90801831036946,111.88282198133408
342,111.9304582578951,111.90431356987338
344,111.95289820542074,111.93058106697698
333,111.97533815294638,111.95446060979843
336,111.99777810047202,111.97595219833774
338,112.02021804799766,111.98550401546632
336,112.0426579955233,112.03326310110921
338,112.06509794304894,112.05475468964852
336,112.08753789057458,112.08102218675211
337,112.10997783810022,112.1072896838557
328,112.13241778562586,112.13833308952358
323,112.1548577331515,112.15982467806289
325,112.17729768067714,112.18370422088434
324,112.19973762820278,112.19325603801292
325,112.22217757572842,112.23862716937367
325,112.24461752325406,112.26250671219512
326,112.2670574707797,112.28638625501657
315,112.28949741830534,112.3150417064023
317,112.31193736583099,112.33414534065945
316,112.33437731335663,112.35563692919875
310,112.35681726088227,112.37712851773806
318,112.3792572084079,112.40339601484165
318,112.40169715593355,112.42488760338095
318,112.42413710345919,112.44399123763812
311,112.44657705098483,112.46070691761314
310,112.46901699851047,112.48936236899887
310,112.49145694603611,112.50846600325603
310,112.51389689356175,112.52995759179534
310,112.53633684108739,112.5442853174882
315,112.55877678861303,112.57771667743823
311,112.58121673613867,112.5968203116954
287,112.60365668366431,112.6183119002347
281,112.62609663118995,112.63741553449185
286,112.64853657871559,112.66368303159544
285,112.67097652624123,112.6827866658526
281,112.69341647376687,112.70189030010975
280,112.71585642129251,112.71621802580262
284,112.73829636881815,112.7472614314705
293,112.7607363163438,112.76875302000981
292,112.78317626386944,112.78785665426697
291,112.80561621139508,112.81173619708842
295,112.82805615892072,112.83322778562773
294,112.85049610644636,112.85233141988489
289,112.872936053972,112.87621096270634
296,112.89537600149764,112.88815073411706
281,112.91781594902328,112.91919413978495
281,112.94025589654892,112.9430736826064
283,112.96269584407456,112.97172913399213
280,112.9851357916002,112.99322072253143
281,113.00757573912584,113.0123243567886
282,113.03001568665148,113.03620389961004
282,113.05245563417712,113.06724730527793
266,113.07489558170276,113.07441116812437
268,113.0973355292284,113.11261843663868
273,113.0973355292284,113.13172207089585
275,113.0973355292284,113.1556016137173
271,113.0973355292284,113.17231729369232
276,113.0973355292284,113.18664501938518
274,113.0973355292284,113.20097274507805
261,113.0973355292284,113.20574865364235
262,113.0973355292284,113.20574865364235
264,113.0973355292284,113.21052456220664
262,113.0973355292284,113.21052456220664
263,113.0973355292284,113.21052456220664
263,113.0973355292284,113.21052456220664
257,113.0973355292284,113.21052456220664
269,113.0973355292284,113.21052456220664
264,113.0973355292284,113.21052456220664
267,113.0973355292284,113.21052456220664
266,113.0973355292284,113.21052456220664
264,113.0973355292284,113.21052456220664
268,113.0973355292284,113.21052456220664
271,113.0973355292284,113.21052456220664
268,113.0973355292284,113.21052456220664
264,113.0973355292284,113.21052456220664
265,113.0973355292284,113.21052456220664
268,113.0973355292284,113.21052456220664
267,113.0973355292284,113.21291251648879
283,113.0973355292284,113.21052456220664
273,113.0973355292284,113.21052456220664
288,113.0973355292284,113.21291251648879
267,113.0973355292284,113.21291251648879
275,113.0973355292284,113.21291251648879
264,113.0973355292284,113.21530047077093
264,113.0973355292284,113.21052456220663
260,113.0973355292284,113.20813660792449
248,113.0973355292284,113.20336069936019
242,113.0973355292284,113.19858479079589
267,113.0973355292284,113.1938088822316
246,113.0973355292284,113.18903297366731
272,113.0973355292284,113.18425706510301
272,113.0973355292284,113.18425706510301
275,113.0973355292284,113.18186911082087
274,113.0973355292284,113.17709320225657
280,113.0973355292284,113.17470524797443
271,113.0973355292284,113.16992933941013
275,113.0973355292284,113.16515343084583
262,113.0973355292284,113.1579895679994
274,113.0973355292284,113.15082570515295
274,113.0973355292284,113.14843775087081
276,113.0973355292284,113.13888593374223
273,113.0973355292284,113.13172207089579
278,113.0973355292284,113.12694616233149
266,113.0973355292284,113.12455820804935
277,113.0973355292284,113.12455820804935
280,113.0973355292284,113.12455820804935
266,113.0973355292284,113.12455820804935
280,113.0973355292284,113.12455820804935
275,113.0973355292284,113.12455820804935
252,113.0973355292284,113.12455820804935
254,113.0973355292284,113.12455820804935
245,113.0973355292284,113.12694616233149
247,113.0973355292284,113.12933411661363
249,113.0973355292284,113.13172207089578
242,113.0973355292284,113.1388859337422
245,113.0973355292284,113.1388859337422
265,113.0973355292284,113.1436618423065
271,113.0973355292284,113.1484377508708
275,113.0973355292284,113.15082570515294
275,113.0973355292284,113.1484377508708
264,113.0973355292284,113.1484377508708
279,113.0973355292284,113.14604979658866
279,113.0973355292284,113.13888593374222
275,113.0973355292284,113.12933411661363
270,113.0973355292284,113.11978229948505
273,113.0973355292284,113.11261843663863
275,113.0973355292284,113.1054545737922
301,113.0973355292284,113.09590275666362
280,113.0973355292284,113.08635093953504
290,113.0973355292284,113.0839629852529
269,113.0973355292284,113.08157503097075
273,113.0973355292284,113.07918707668861
270,113.0973355292284,113.08157503097075
270,113.0973355292284,113.08635093953505
261,113.0973355292284,113.09112684809935
277,113.0973355292284,113.09590275666365
265,113.0973355292284,113.10306661951007
253,113.0973355292284,113.10067866522793
265,113.0973355292284,113.10306661951007
266,113.0973355292284,113.10784252807436
272,113.0973355292284,113.10784252807436
273,113.0973355292284,113.10545457379222
275,113.0973355292284,113.10545457379222
280,113.0973355292284,113.10545457379222
286,113.0973355292284,113.10545457379222
272,113.0973355292284,113.10545457379222
275,113.0973355292284,113.10545457379222
262,113.0973355292284,113.10545457379222
265,113.0973355292284,113.10545457379222
264,113.0973355292284,113.10545457379222
267,113.0973355292284,113.10545457379222
276,113.0973355292284,113.10545457379222
270,113.0973355292284,113.10545457379222
267,113.0973355292284,113.10545457379222
269,113.0973355292284,113.10545457379222
271,113.0973355292284,113.10545457379222
273,113.0973355292284,113.10545457379222
266,113.0973355292284,113.10545457379222
267,113.0973355292284,113.10545457379222
273,113.0973355292284,113.10545457379222
271,113.0973355292284,113.10545457379222
272,113.0973355292284,113.10545457379222
267,113.0973355292284,113.10784252807436
283,113.0973355292284,113.10545457379222
270,113.0973355292284,113.10784252807436
274,113.0973355292284,113.10306661951006
272,113.0973355292284,113.1054545737922
273,113.0973355292284,113.10306661951006
271,113.0973355292284,113.1054545737922
267,113.0973355292284,113.1054545737922
268,113.0973355292284,113.1054545737922
265,113.0973355292284,113.10784252807434
270,113.0973355292284,113.1054545737922
272,113.0973355292284,113.1054545737922
243,113.0973355292284,113.1054545737922
271,113.0973355292284,113.10306661951006
257,113.0973355292284,113.10067866522792
273,113.0973355292284,113.09829071094578
269,113.0973355292284,113.09590275666363
277,113.0973355292284,113.09351480238149
275,113.0973355292284,113.09351480238149
276,113.0973355292284,113.08635093953505
274,113.0973355292284,113.08396298525291
278,113.0973355292284,113.07918707668861
274,113.0973355292284,113.07918707668861
283,113.0973355292284,113.08157503097075
266,113.0973355292284,113.07679912240646
272,113.0973355292284,113.07679912240646
274,113.0973355292284,113.08157503097075
268,113.0973355292284,113.0839629852529
267,113.0973355292284,113.0839629852529
250,113.0973355292284,113.08157503097075
264,113.0973355292284,113.0839629852529
255,113.0973355292284,113.08157503097075
260,113.0973355292284,113.0839629852529
252,113.0973355292284,113.0839629852529
263,113.0973355292284,113.0839629852529
258,113.0973355292284,113.0839629852529
264,113.0973355292284,113.0839629852529
252,113.0973355292284,113.0839629852529
277,113.0973355292284,113.0839629852529
276,113.0973355292284,113.0839629852529
275,113.0973355292284,113.0839629852529
274,113.0973355292284,113.0839629852529
277,113.0973355292284,113.08635093953504
274,113.0973355292284,113.08635093953504
277,113.0973355292284,113.08635093953504
275,113.0973355292284,113.08635093953504
272,113.0973355292284,113.08635093953504
274,113.0973355292284,113.08635093953504
271,113.0973355292284,113.08873889381718
270,113.0973355292284,113.08873889381718
274,113.0973355292284,113.08873889381718
271,113.0973355292284,113.08873889381718
271,113.0973355292284,113.08873889381718
276,113.0973355292284,113.08873889381718
275,113.0973355292284,113.08873889381718
276,113.0973355292284,113.08873889381718
275,113.0973355292284,113.08873889381718
275,113.0973355292284,113.08873889381718
275,113.0973355292284,113.08873889381718
274,113.0973355292284,113.08873889381718
274,113.0973355292284,113.08873889381718
273,113.0973355292284,113.08873889381718
273,113.0973355292284,113.08873889381718
273,113.0973355292284,113.08873889381718
273,113.0973355292284,113.08873889381718
272,113.0973355292284,113.08873889381718
272,113.0973355292284,113.08873889381718
272,113.0973355292284,113.08873889381718
271,113.0973355292284,113.08873889381718
271,113.0973355292284,113.08873889381718
270,113.0973355292284,113.08873889381718
270,113.0973355292284,113.08873889381718
272,113.0973355292284,113.08873889381718
268,113.0973355292284,113.08635093953504
273,113.0973355292284,113.08873889381718
273,113.0973355292284,113.09112684809932
269,113.0973355292284,113.09590275666362
271,113.0973355292284,113.09829071094576
276,113.0973355292284,113.1006786652279
279,113.0973355292284,113.10545457379219
269,113.0973355292284,113.10784252807433
281,113.0973355292284,113.11023048235647
272,113.0973355292284,113.11023048235647
277,113.0973355292284,113.11023048235647
279,113.0973355292284,113.10545457379217
282,113.0973355292284,113.10545457379217
290,113.0973355292284,113.10545457379217
290,113.0973355292284,113.10306661951003
276,113.0973355292284,113.10306661951003
290,113.0973355292284,113.10545457379217
276,113.0973355292284,113.10784252807431
271,113.0973355292284,113.11023048235646
272,113.0973355292284,113.1126184366386
265,113.0973355292284,113.11500639092074
267,113.0973355292284,113.11739434520288
267,113.0973355292284,113.11739434520288
256,113.0973355292284,113.12217025376718
268,113.0973355292284,113.11978229948504
266,113.0973355292284,113.1173943452029
266,113.0973355292284,113.1126184366386
276,113.0973355292284,113.11023048235646
276,113.0973355292284,113.10545457379216
271,113.0973355292284,113.10306661951002
272,113.0973355292284,113.10067866522787
281,113.0973355292284,113.09829071094573
296,113.0973355292284,113.09112684809931
274,113.0973355292284,113.09351480238145
271,113.0973355292284,113.09351480238145
269,113.0973355292284,113.09351480238145
269,113.0973355292284,113.09351480238145
269,113.0973355292284,113.09351480238145
269,113.0973355292284,113.09351480238145
269,113.0973355292284,113.09351480238145
270,113.0973355292284,113.09351480238145
273,113.0973355292284,113.09351480238145
272,113.0973355292284,113.09351480238145
249,113.0973355292284,113.09351480238145
249,113.0973355292284,113.09351480238145
250,113.0973355292284,113.09351480238145
249,113.0973355292284,113.09351480238145
252,113.0973355292284,113.09351480238145
252,113.0973355292284,113.09351480238145
251,113.0973355292284,113.09351480238145
271,113.0973355292284,113.09112684809931
277,113.0973355292284,113.08635093953501
285,113.0973355292284,113.08635093953501
271,113.0973355292284,113.08873889381715
280,113.0973355292284,113.0911268480993
269,113.0973355292284,113.09351480238143
269,113.0973355292284,113.09829071094573
276,113.0973355292284,113.10067866522787
275,113.0973355292284,113.1078425280743
268,113.0973355292284,113.11023048235644
271,113.0973355292284,113.11023048235644
261,113.0973355292284,113.11500639092073
252,113.0973355292284,113.11500639092073
264,113.0973355292284,113.11500639092073
274,113.0973355292284,113.11261843663858
273,113.0973355292284,113.11261843663858
277,113.0973355292284,113.11261843663858
276,113.0973355292284,113.11261843663858
275,113.0973355292284,113.11261843663858
277,113.0973355292284,113.11261843663858
276,113.0973355292284,113.11261843663858
273,113.0973355292284,113.11261843663858
271,113.0973355292284,113.11261843663858
273,113.0973355292284,113.10545457379214
271,113.0973355292284,113.10067866522785
274,113.0973355292284,113.09590275666355
272,113.0973355292284,113.0935148023814
289,113.0973355292284,113.0935148023814
284,113.0973355292284,113.09112684809926
280,113.0973355292284,113.08873889381712
280,113.0973355292284,113.08873889381712
266,113.0973355292284,113.08873889381712
258,113.0973355292284,113.08635093953498
274,113.0973355292284,113.08873889381712
271,113.0973355292284,113.08873889381712
280,113.0973355292284,113.08873889381712
271,113.0973355292284,113.08873889381712
274,113.0973355292284,113.08873889381712
276,113.0973355292284,113.08873889381712
275,113.0973355292284,113.08873889381712
276,113.0973355292284,113.08873889381712
270,113.0973355292284,113.08873889381712
278,113.0973355292284,113.08873889381712
277,113.0973355292284,113.08873889381712
273,113.0973355292284,113.08873889381712
276,113.0973355292284,113.08873889381712
276,113.0973355292284,113.08873889381712
275,113.0973355292284,113.08873889381712
273,113.0973355292284,113.08873889381712
272,113.11977547675404,113.08873889381712
276,113.14221542427968,113.09112684809926
266,113.16465537180532,113.09112684809926
283,113.18709531933096,113.09829071094569
283,113.2095352668566,113.10545457379213
273,113.23197521438225,113.11739434520287
280,113.25441516190789,113.1293341166136
265,113.27685510943353,113.15082570515291
271,113.29929505695917,113.15798956799934
297,113.32173500448481,113.19619683651365
274,113.34417495201045,113.23201615074582
274,113.36661489953609,113.25589569356727
275,113.38905484706173,113.28216319067086
277,113.41149479458737,113.30365477921016
270,113.43393474211301,113.33469818487805
258,113.45637468963865,113.35380181913521
257,113.47881463716429,113.3633536362638
256,113.50125458468993,113.39439704193168
269,113.52369453221557,113.42305249331741
267,113.54613447974121,113.43738021901028
260,113.56857442726685,113.45170794470314
259,113.5910143747925,113.47319953324245
253,113.61345432231813,113.48513930465319
256,113.63589426984377,113.50424293891034
249,113.65833421736941,113.51618271032108
258,113.68077416489506,113.54722611598896
247,113.7032141124207,113.5758815673747
248,113.72565405994634,113.597373155914
248,113.74809400747198,113.62364065301759
218,113.77053395499762,113.65707201296762
220,113.79297390252326,113.6833395100712
222,113.8154138500489,113.71199496145694
226,113.83785379757454,113.74542632140697
227,113.86029374510018,113.7740817727927
225,113.88273369262582,113.80273722417843
226,113.90517364015146,113.83139267556416
231,113.9276135876771,113.86721198979633
237,113.95005353520274,113.89347948689992
222,113.97249348272838,113.91974698400351
227,113.99493343025402,113.94840243538924
225,114.01737337777966,113.98422174962141
222,114.0398133253053,114.00571333816072
226,114.06225327283094,114.02959288098216
211,114.08469322035658,114.06063628665005
205,114.10713316788222,114.07973992090722
214,114.12957311540787,114.09645560088224
216,114.1520130629335,114.11317128085726
219,114.17445301045915,114.12511105226798
219,114.19689295798479,114.14899059508943
219,114.21933290551043,114.1680942293466
212,114.24177285303607,114.18242195503946
213,114.26421280056171,114.20391354357876
230,114.28665274808735,114.22301717783593
208,114.30909269561299,114.2373449035288
220,114.33153264313863,114.2588364920681
206,114.35397259066427,114.27077626347884
213,114.37641253818991,114.31853534912173
198,114.39885248571555,114.34957875478962
193,114.42129243324119,114.39256193186823
194,114.44373238076683,114.41882942897183
193,114.46617232829247,114.44509692607542
194,114.48861227581811,114.46897646889687
194,114.51105222334375,114.50479578312904
192,114.5334921708694,114.51434760025762
183,114.55593211839503,114.54539100592551
182,114.57837206592068,114.56927054874696
179,114.60081201344632,114.59553804585055
182,114.62325196097196,114.61464168010771
188,114.6456919084976,114.63374531436487
181,114.66813185602324,114.65523690290418
178,114.69057180354888,114.67434053716133
166,114.71301175107452,114.67911644572563
167,114.73545169860016,114.71254780567565
168,114.7578916461258,114.74120325706139
168,114.78033159365144,114.76747075416498
171,114.80277154117708,114.79135029698642
171,114.82521148870272,114.81522983980787
170,114.84765143622836,114.84149733691146
163,114.870091383754,114.86060097116862
165,114.89253133127964,114.86776483401506
164,114.91497127880528,114.91552391965796
165,114.93741122633092,114.93701550819726
165,114.95985117385656,114.95850709673657
164,114.9822911213822,114.97999868527587
151,115.00473106890784,115.0086541366616
146,115.02717101643348,115.02775777091877
136,115.04961096395913,115.0396975423295
146,115.07205091148477,115.06835299371524
140,115.0944908590104,115.08984458225454
147,115.11693080653605,115.1089482165117
145,115.13937075406169,115.13282775933315
151,115.16181070158733,115.15909525643676
133,115.18425064911297,115.18058684497606
139,115.20669059663861,115.19969047923323
141,115.22913054416425,115.21401820492609
150,115.25157049168989,115.24267365631182
141,115.27401043921553,115.26416524485113
143,115.29645038674117,115.29282069623686
145,115.31889033426681,115.31431228477616
138,115.34133028179245,115.33580387331547
137,115.36377022931809,115.35968341613692
134,115.38621017684373,115.38833886752265
129,115.40865012436937,115.39789068465123
132,115.43109007189501,115.42893409031912
133,115.45353001942065,115.44803772457628
130,115.4759699669463,115.46952931311559
128,115.49840991447194,115.48863294737275
120,115.52084986199758,115.50534862734777
121,115.54328980952322,115.52922817016922
125,115.56572975704886,115.54833180442638
122,115.5881697045745,115.55310771299068
126,115.61060965210014,115.58653907294071
130,115.63304959962578,115.60564270719787
127,115.65548954715142,115.6223583871729
128,115.67792949467706,115.6486258842765
130,115.7003694422027,115.6701174728158
131,115.72280938972834,115.68683315279083
129,115.74524933725398,115.71310064989441
127,115.76768928477962,115.72026451274085
126,115.79012923230526,115.75369587269088
103,115.8125691798309,115.77757541551233
106,115.83500912735654,115.80623086689806
99,115.85744907488218,115.83011040971951
99,115.87988902240782,115.85398995254096
105,115.90232896993346,115.8778694953624
110,115.9247689174591,115.90174903818385
102,115.94720886498474,115.93756835241602
95,115.96964881251039,115.96144789523747
92,115.99208876003603,115.98771539234107
94,116.01452870756167,116.02353470657324
95,116.0369686550873,116.04980220367685
94,116.05940860261295,116.0736817464983
92,116.08184855013859,116.09756128931974
93,116.10428849766423,116.12144083214119
84,116.12672844518987,116.15009628352692
79,116.14916839271551,116.17158787206623
77,116.17160834024115,116.20263127773411
79,116.19404828776679,116.21934695770913
79,116.21648823529243,116.24083854624844
79,116.23892818281807,116.25994218050559
75,116.26136813034371,116.28620967760918
69,116.28380807786935,116.30053740330204
71,116.30624802539499,116.32202899184135
66,116.32868797292063,116.33874467181637
67,116.35112792044627,116.36023626035568
68,116.37356786797191,116.37933989461284
68,116.39600781549755,116.39844352887
71,116.4184477630232,116.41993511740931
74,116.44088771054884,116.44142670594861
68,116.46332765807448,116.45336647735934
70,116.48576760560012,116.48679783730937
65,116.50820755312576,116.50590147156653
65,116.5306475006514,116.5250051058237
65,116.55308744817704,116.546496694363
64,116.57552739570268,116.57515214574873
61,116.59796734322832,116.59664373428804
54,116.62040729075396,116.62052327710948
55,116.6428472382796,116.63485100280236
56,116.66528718580524,116.67305827131669
54,116.68772713333088,116.69693781413814
55,116.71016708085652,116.72081735695959
54,116.73260702838216,116.75186076262747
57,116.7550469759078,116.77574030544892
46,116.77748692343344,116.79484393970608
46,116.79992687095908,116.81872348252753
45,116.82236681848472,116.8330512082204
46,116.84480676601036,116.86648256817041
44,116.867246713536,116.88558620242758
48,116.88968666106165,116.90468983668474
46,116.91212660858729,116.92856937950619
37,116.93456655611293,116.94528505948121
37,116.95700650363857,116.96438869373837
38,116.97944645116421,116.98349232799553
38,117.00188639868985,116.99543209940627
38,117.02432634621549,117.02886345935629
37,117.04676629374113,117.05274300217773
37,117.06920624126677,117.07423459071704
31,117.09164618879241,117.10050208782063
29,117.11408613631805,117.12199367635993
28,117.13652608384369,117.14348526489924
29,117.15896603136933,117.17214071628497
26,117.18140597889497,117.17930457913141
32,117.20384592642061,117.20796003051714
29,117.22628587394625,117.23422752762075
22,117.2487258214719,117.25094320759577
23,117.27116576899753,117.27004684185293
23,117.29360571652317,117.2891504761101
24,117.31604566404881,117.3154179732137
23,117.33848561157446,117.33213365318872
24,117.3609255591001,117.35362524172803
23,117.38336550662574,117.37272887598517
19,117.40580545415138,117.39899637308876
15,117.42824540167702,117.42048796162807
17,117.45068534920266,117.43959159588523
15,117.4731252967283,117.47063500155312
14,117.49556524425394,117.48973863581028
15,117.51800519177958,117.50406636150315
15,117.54044513930522,117.53510976717104
13,117.56288508683086,117.56376521855678
16,117.5853250343565,117.58764476137823
17,117.60776498188214,117.60674839563539
18,117.63020492940778,117.62585202989256
18,117.65264487693342,117.65450748127829
17,117.67508482445906,117.67599906981759
17,117.6975247719847,117.68793884122833
0,117.71996471951034,117.71659429261406
358,117.74240466703598,117.74524974399979
0,117.76484461456162,117.7667413325391
0,117.78728456208727,117.78345701251412
3,117.8097245096129,117.80972450961771
2,117.83216445713855,117.83121609815701
1,117.85460440466419,117.85270768669632
352,117.87704435218983,117.85987154954276
352,117.89948429971547,117.89807881805707
353,117.92192424724111,117.91718245231424
352,117.94436419476675,117.93389813228926
352,117.96680414229239,117.95061381226428
353,117.98924408981803,117.97210540080358
353,118.01168403734367,117.9888210807786
346,118.03412398486931,118.01031266931791
347,118.05656393239495,118.01747653216435
346,118.07900387992059,118.06045970924296
347,118.10144382744623,118.08195129778227
348,118.12388377497187,118.10821879488586
347,118.14632372249751,118.1320983377073
345,118.16876367002315,118.16791765193948
335,118.1912036175488,118.19418514904307
334,118.21364356507443,118.21806469186451
337,118.23608351260008,118.22522855471095
334,118.25852346012572,118.27537559463599
336,118.28096340765136,118.29447922889315
337,118.303403355177,118.3183587717146
336,118.32584330270264,118.34701422310033
326,118.34828325022828,118.3661178573575
325,118.37072319775392,118.38283353733252
325,118.39316314527956,118.39954921730754
327,118.4156030928052,118.42104080584684
325,118.43804304033084,118.43775648582186
325,118.46048298785648,118.45208421151473
326,118.48292293538212,118.4711878457719
325,118.50536288290776,118.4926794343112
314,118.5278028304334,118.50700716000406
319,118.55024277795904,118.53088670282551
314,118.57268272548468,118.54999033708268
319,118.59512267301032,118.58342169703269
310,118.61756262053596,118.60730123985414
320,118.6400025680616,118.63834464552203
307,118.66244251558724,118.65983623406133
308,118.68488246311288,118.68371577688278
301,118.70732241063853,118.70998327398637
307,118.72976235816417,118.73386281680781
312,118.7522023056898,118.75057849678284
309,118.77464225321545,118.78639781101501
313,118.79708220074109,118.80550144527217
300,118.81952214826673,118.82460507952933
315,118.84196209579237,118.8437087137865
309,118.86440204331801,118.86281234804366
313,118.88684199084365,118.87952802801868
307,118.90928193836929,118.8962437079937
309,118.93172188589493,118.91057143368657
303,118.95416183342057,118.94161483935446
294,118.97660178094621,118.96310642789376
295,118.99904172847185,118.97982210786878
294,119.02148167599749,119.01325346781881
296,119.04392162352313,119.03474505635812
270,119.06636157104877,119.06101255346171
293,119.08880151857441,119.08728005056531
286,119.11124146610005,119.10638368482248
281,119.1336814136257,119.14936686190109
280,119.15612136115134,119.17324640472253
286,119.17856130867698,119.19712594754398
285,119.20100125620262,119.22100549036543
292,119.22344120372826,119.23772117034045
305,119.2458811512539,119.25682480459761
289,119.26832109877954,119.27354048457264
296,119.29076104630518,119.29503207311194
277,119.31320099383082,119.31174775308696
285,119.33564094135646,119.33085138734413
266,119.3580808888821,119.35234297588343
263,119.38052083640774,119.38338638155132
263,119.38052083640774,119.40726592437277
269,119.38052083640774,119.42636955862991
242,119.38052083640774,119.44547319288708
238,119.38052083640774,119.46457682714424
239,119.38052083640774,119.4836804614014
251,119.38052083640774,119.49800818709427
255,119.38052083640774,119.50756000422285
275,119.38052083640774,119.51711182135143
252,119.38052083640774,119.52188772991573
248,119.38052083640774,119.52427568419787
259,119.38052083640774,119.52427568419787
256,119.38052083640774,119.52427568419787
259,119.38052083640774,119.52666363848002
261,119.38052083640774,119.52905159276216
261,119.38052083640774,119.5314395470443
263,119.38052083640774,119.53860340989074
262,119.38052083640774,119.54099136417288
264,119.38052083640774,119.54337931845502
249,119.38052083640774,119.54099136417288
261,119.38052083640774,119.54337931845502
253,119.38052083640774,119.54337931845502
262,119.38052083640774,119.54099136417288
266,119.38052083640774,119.53860340989074
264,119.38052083640774,119.5314395470443
273,119.38052083640774,119.52427568419786
259,119.38052083640774,119.51711182135142
265,119.38052083640774,119.51472386706928
272,119.38052083640774,119.50039614137641
275,119.38052083640774,119.49084432424783
261,119.38052083640774,119.48129250711925
265,119.38052083640774,119.47651659855495
270,119.38052083640774,119.47412864427281
270,119.38052083640774,119.47412864427281
263,119.38052083640774,119.47651659855495
263,119.38052083640774,119.47651659855495
263,119.38052083640774,119.4789045528371
245,119.38052083640774,119.47651659855495
261,119.38052083640774,119.48129250711925
255,119.38052083640774,119.47412864427282
264,119.38052083640774,119.46935273570853
267,119.38052083640774,119.46457682714424
267,119.38052083640774,119.45741296429782
272,119.38052083640774,119.44308523860495
272,119.38052083640774,119.43592137575853
266,119.38052083640774,119.42636955862994
277,119.38052083640774,119.42159365006565
268,119.38052083640774,119.4192056957835
270,119.38052083640774,119.4192056957835
267,119.38052083640774,119.4192056957835
259,119.38052083640774,119.4192056957835
267,119.38052083640774,119.4192056957835
267,119.38052083640774,119.4192056957835
268,119.38052083640774,119.41681774150136
254,119.38052083640774,119.41681774150136
266,119.38052083640774,119.41442978721922
268,119.38052083640774,119.41442978721922
271,119.38052083640774,119.41204183293708
263,119.38052083640774,119.41204183293708
270,119.38052083640774,119.41204183293708
269,119.38052083640774,119.41204183293708
269,119.38052083640774,119.41204183293708
267,119.38052083640774,119.41204183293708
270,119.38052083640774,119.41204183293708
267,119.38052083640774,119.41204183293708
269,119.38052083640774,119.41204183293708
268,119.38052083640774,119.41204183293708
269,119.38052083640774,119.41204183293708
269,119.38052083640774,119.41204183293708
268,119.38052083640774,119.41204183293708
269,119.38052083640774,119.41204183293708
271,119.38052083640774,119.41204183293708
285,119.38052083640774,119.41442978721922
283,119.38052083640774,119.41442978721922
290,119.38052083640774,119.41204183293708
280,119.38052083640774,119.4072659243728
273,119.38052083640774,119.4024900158085
272,119.38052083640774,119.40010206152635
263,119.38052083640774,119.39771410724421
258,119.38052083640774,119.40010206152635
253,119.38052083640774,119.4024900158085
269,119.38052083640774,119.40010206152635
272,119.38052083640774,119.40010206152635
242,119.38052083640774,119.39532615296207
263,119.38052083640774,119.39532615296207
265,119.38052083640774,119.39293819867993
258,119.38052083640774,119.38338638155135
270,119.38052083640774,119.37861047298706
254,119.38052083640774,119.37383456442276
255,119.38052083640774,119.36905865585847
260,119.38052083640774,119.36905865585847
258,119.38052083640774,119.35950683872989
264,119.38052083640774,119.35473093016559
270,119.38052083640774,119.35950683872987
261,119.38052083640774,119.35711888444773
277,119.38052083640774,119.35473093016559
279,119.38052083640774,119.35950683872989
276,119.38052083640774,119.35950683872989
275,119.38052083640774,119.36667070157631
274,119.38052083640774,119.37144661014061
272,119.38052083640774,119.37383456442275
269,119.38052083640774,119.37622251870489
249,119.38052083640774,119.37383456442275
280,119.38052083640774,119.37622251870489
276,119.38052083640774,119.37622251870489
277,119.38052083640774,119.37622251870489
279,119.38052083640774,119.37622251870489
283,119.38052083640774,119.37622251870489
279,119.38052083640774,119.37622251870489
276,119.38052083640774,119.37622251870489
276,119.38052083640774,119.37622251870489
276,119.38052083640774,119.37622251870489
273,119.38052083640774,119.37622251870489
276,119.38052083640774,119.37622251870489
277,119.38052083640774,119.37622251870489
275,119.38052083640774,119.37622251870489
275,119.38052083640774,119.37622251870489
272,119.38052083640774,119.37622251870489
275,119.38052083640774,119.37383456442275
274,119.38052083640774,119.37383456442275
271,119.38052083640774,119.37622251870489
259,119.38052083640774,119.37622251870489
270,119.38052083640774,119.37622251870489
263,119.38052083640774,119.37622251870489
276,119.38052083640774,119.37383456442275
274,119.38052083640774,119.37383456442275
270,119.38052083640774,119.37144661014061
278,119.38052083640774,119.37144661014061
278,119.38052083640774,119.37144661014061
286,119.38052083640774,119.37144661014061
290,119.38052083640774,119.37383456442275
266,119.38052083640774,119.37144661014061
277,119.38052083640774,119.37383456442275
270,119.38052083640774,119.37383456442275
265,119.38052083640774,119.37383456442275
264,119.38052083640774,119.37622251870489
269,119.38052083640774,119.37622251870489
271,119.38052083640774,119.37622251870489
270,119.38052083640774,119.38338638155133
266,119.38052083640774,119.39055024439777
274,119.38052083640774,119.39293819867991
270,119.38052083640774,119.39293819867991
245,119.38052083640774,119.39055024439777
260,119.38052083640774,119.39293819867991
266,119.38052083640774,119.39293819867991
263,119.38052083640774,119.39055024439777
292,119.38052083640774,119.39055024439777
273,119.38052083640774,119.38577433583349
284,119.38052083640774,119.38338638155135
271,119.38052083640774,119.3809984272692
267,119.38052083640774,119.3809984272692
267,119.38052083640774,119.3809984272692
276,119.38052083640774,119.3809984272692
264,119.38052083640774,119.3809984272692
274,119.38052083640774,119.3809984272692
269,119.38052083640774,119.3809984272692
271,119.38052083640774,119.3809984272692
270,119.38052083640774,119.3809984272692
274,119.38052083640774,119.38338638155135
268,119.38052083640774,119.3809984272692
272,119.38052083640774,119.3809984272692
276,119.38052083640774,119.38338638155135
276,119.38052083640774,119.38338638155135
271,119.38052083640774,119.38577433583349
269,119.38052083640774,119.39055024439777
261,119.38052083640774,119.39293819867991
267,119.38052083640774,119.3977141072442
274,119.38052083640774,119.4024900158085
272,119.38052083640774,119.40487797009064
260,119.38052083640774,119.40487797009064
259,119.38052083640774,119.40726592437278
262,119.38052083640774,119.40249001580848
258,119.38052083640774,119.3977141072442
232,119.38052083640774,119.39532615296206
252,119.38052083640774,119.39532615296206
240,119.38052083640774,119.38577433583347
248,119.38052083640774,119.38099842726919
250,119.38052083640774,119.37383456442275
253,119.38052083640774,119.36905865585845
251,119.38052083640774,119.36189479301201
274,119.38052083640774,119.35473093016557
289,119.38052083640774,119.35711888444771
281,119.38052083640774,119.35473093016557
291,119.38052083640774,119.35234297588343
277,119.38052083640774,119.35711888444773
276,119.38052083640774,119.35950683872987
284,119.38052083640774,119.36667070157631
276,119.38052083640774,119.37144661014061
276,119.38052083640774,119.37383456442275
274,119.38052083640774,119.37861047298705
248,119.38052083640774,119.37861047298705
271,119.38052083640774,119.38099842726919
257,119.38052083640774,119.38099842726919
272,119.38052083640774,119.38099842726919
278,119.38052083640774,119.38099842726919
281,119.38052083640774,119.38099842726919
272,119.38052083640774,119.38099842726919
279,119.38052083640774,119.38099842726919
276,119.38052083640774,119.38099842726919
279,119.38052083640774,119.38099842726919
275,119.38052083640774,119.38099842726919
275,119.38052083640774,119.38338638155133
274,119.38052083640774,119.38577433583347
274,119.38052083640774,119.38338638155133
274,119.38052083640774,119.38099842726919
276,119.38052083640774,119.37622251870489
276,119.38052083640774,119.37383456442275
274,119.38052083640774,119.36905865585845
273,119.38052083640774,119.35711888444773
283,119.38052083640774,119.35234297588345
270,119.38052083640774,119.34756706731916
276,119.38052083640774,119.34756706731916
273,119.38052083640774,119.35234297588345
273,119.38052083640774,119.35711888444774
271,119.38052083640774,119.36189479301203
273,119.38052083640774,119.36189479301203
274,119.38052083640774,119.36905865585847
272,119.38052083640774,119.37383456442276
264,119.38052083640774,119.37383456442276
271,119.38052083640774,119.3762225187049
270,119.38052083640774,119.3809984272692
271,119.38052083640774,119.3809984272692
273,119.38052083640774,119.3809984272692
273,119.38052083640774,119.3809984272692
272,119.38052083640774,119.3809984272692
274,119.38052083640774,119.3809984272692
281,119.38052083640774,119.3809984272692
277,119.38052083640774,119.38338638155135
274,119.38052083640774,119.3809984272692
285,119.38052083640774,119.37861047298706
275,119.38052083640774,119.37622251870492
272,119.38052083640774,119.37383456442278
273,119.38052083640774,119.37861047298708
269,119.38052083640774,119.37861047298708
268,119.38052083640774,119.38099842726922
264,119.38052083640774,119.38338638155136
272,119.38052083640774,119.37861047298706
259,119.38052083640774,119.38338638155136
278,119.38052083640774,119.38338638155136
279,119.38052083640774,119.38338638155136
280,119.38052083640774,119.38338638155136
274,119.38052083640774,119.38338638155136
282,119.38052083640774,119.38338638155136
277,119.38052083640774,119.38338638155136
276,119.38052083640774,119.38338638155136
276,119.38052083640774,119.38338638155136
278,119.38052083640774,119.38338638155136
263,119.38052083640774,119.38338638155136
276,119.38052083640774,119.38338638155136
275,119.38052083640774,119.38338638155136
250,119.38052083640774,119.38338638155136
255,119.38052083640774,119.38099842726922
253,119.38052083640774,119.37861047298708
254,119.38052083640774,119.38099842726922
255,119.38052083640774,119.38099842726922
262,119.38052083640774,119.37861047298708
257,119.38052083640774,119.37383456442278
279,119.38052083640774,119.37383456442278
279,119.38052083640774,119.3690586558585
275,119.38052083640774,119.36667070157635
278,119.38052083640774,119.36428274729421
273,119.38052083640774,119.36428274729421
280,119.38052083640774,119.36428274729421
297,119.38052083640774,119.36428274729421
276,119.38052083640774,119.36189479301207
284,119.38052083640774,119.36428274729421
272,119.38052083640774,119.36905865585851
270,119.38052083640774,119.36905865585851
270,119.38052083640774,119.37383456442281
270,119.38052083640774,119.38099842726925
270,119.38052083640774,119.38338638155139
270,119.38052083640774,119.39293819867997
270,119.38052083640774,119.40010206152641
271,119.38052083640774,119.40487797009071
261,119.38052083640774,119.40487797009071
277,119.38052083640774,119.41204183293713
277,119.38052083640774,119.41442978721928
270,119.38052083640774,119.40965387865499
269,119.38052083640774,119.40965387865499
273,119.38052083640774,119.4048779700907
276,119.38052083640774,119.4001020615264
269,119.40296078393338,119.39532615296211
271,119.42540073145902,119.39293819867997
281,119.44784067898466,119.39055024439783
280,119.4702806265103,119.39055024439783
269,119.49272057403594,119.39293819867997
265,119.51516052156158,119.40010206152641
267,119.53760046908722,119.40726592437285
275,119.56004041661286,119.41442978721929
266,119.5824803641385,119.42398160434787
271,119.60492031166415,119.43830933004074
274,119.62736025918979,119.45024910145146
275,119.64980020671543,119.46696478142648
271,119.67224015424107,119.47651659855507
278,119.6946801017667,119.50039614137651
274,119.71712004929235,119.51949977563368
283,119.73955999681799,119.54099136417298
274,119.76199994434363,119.57681067840515
278,119.78443989186927,119.6054661297909
267,119.80687983939491,119.63412158117663
258,119.82931978692055,119.67949271253738
252,119.85175973444619,119.6914324839481
249,119.87419968197183,119.74874338671958
247,119.89663962949747,119.78456270095175
249,119.91907957702311,119.82515792374821
251,119.94151952454875,119.8514254208518
238,119.9639594720744,119.87769291795539
249,119.98639941960003,119.90873632362327
241,120.00883936712567,119.93977972929116
238,120.03127931465131,119.94933154641974
247,120.05371926217695,119.98753881493407
247,120.0761592097026,120.0161942663198
253,120.09859915722824,120.04007380914125
257,120.12103910475388,120.06156539768055
232,120.14347905227952,120.07828107765557
237,120.16591899980516,120.10454857475916
234,120.1883589473308,120.12126425473419
237,120.21079889485644,120.13081607186277
230,120.23323884238208,120.16663538609494
232,120.25567878990772,120.20245470032711
231,120.27811873743336,120.22872219743071
224,120.300558684959,120.2549896945343
220,120.32299863248464,120.28364514592003
209,120.34543858001028,120.30513673445934
224,120.36787852753592,120.32185241443436
227,120.39031847506156,120.36244763723082
224,120.4127584225872,120.38155127148798
224,120.43519837011284,120.40304286002728
218,120.45763831763848,120.42453444856659
215,120.48007826516412,120.44841399138804
217,120.50251821268976,120.4627417170809
217,120.5249581602154,120.48662125990235
219,120.54739810774105,120.50811284844166
211,120.56983805526669,120.5319923912631
218,120.59227800279233,120.55109602552027
188,120.61471795031797,120.57497556834171
189,120.63715789784361,120.6060189740096
189,120.65959784536925,120.62989851683105
187,120.68203779289489,120.65616601393464
190,120.70447774042053,120.68004555675608
187,120.72691768794617,120.69198532816682
188,120.74935763547181,120.72541668811685
190,120.77179758299745,120.7492962309383
191,120.79423753052309,120.76839986519546
189,120.81667747804873,120.7970553165812
192,120.83911742557437,120.81615895083836
193,120.86155737310001,120.83765053937766
193,120.88399732062565,120.85436621935268
192,120.9064372681513,120.87824576217413
176,120.92887721567693,120.8973493964313
173,120.95131716320257,120.92361689353488
171,120.97375711072822,120.94749643635633
176,120.99619705825386,120.9666000706135
175,121.0186370057795,120.9880916591528
177,121.04107695330514,121.01913506482069
179,121.06351690083078,121.03585074479571
170,121.08595684835642,121.0668941504636
173,121.10839679588206,121.09077369328504
172,121.1308367434077,121.10987732754221
171,121.15327669093334,121.13375687036365
169,121.17571663845898,121.16002436746724
169,121.19815658598462,121.1791280017244
169,121.22059653351026,121.19823163598154
155,121.2430364810359,121.20778345311012
154,121.26547642856154,121.24599072162445
151,121.28791637608718,121.26748231016376
153,121.31035632361282,121.28897389870306
149,121.33279627113846,121.32240525865309
153,121.3552362186641,121.34628480147454
156,121.37767616618974,121.37016434429599
145,121.40011611371538,121.39165593283529
143,121.42255606124102,121.40837161281031
144,121.44499600876667,121.44657888132463
144,121.4674359562923,121.47045842414607
146,121.48987590381795,121.4991138755318
141,121.51231585134359,121.51582955550683
141,121.53475579886923,121.53732114404613
133,121.55719574639487,121.55642477830328
131,121.57963569392051,121.58269227540687
136,121.60207564144615,121.58746818397117
135,121.62451558897179,121.6208995439212
132,121.64695553649743,121.64000317817835
121,121.66939548402307,121.66865862956408
129,121.69183543154871,121.68776226382124
126,121.71427537907435,121.70447794379626
111,121.73671532659999,121.72358157805341
121,121.75915527412563,121.74029725802843
115,121.78159522165127,121.76895270941417
119,121.80403516917691,121.79044429795347
123,121.82647511670255,121.81671179505706
118,121.8489150642282,121.84059133787851
111,121.87135501175383,121.85969497213567
114,121.89379495927948,121.88357451495712
112,121.91623490680512,121.91222996634285
115,121.93867485433076,121.92416973775359
116,121.9611148018564,121.95521314342147
110,121.98355474938204,121.97431677767862
114,122.00599469690768,122.00297222906435
107,122.02843464443332,122.02446381760366
105,122.05087459195896,122.04595540614297
105,122.0733145394846,122.0746108575287
106,122.09575448701024,122.096102446068
105,122.11819443453588,122.10326630891444
108,122.14063438206152,122.1438615317109
107,122.16307432958716,122.1653531202502
94,122.1855142771128,122.18684470878951
98,122.20795422463844,122.21072425161096
94,122.23039417216408,122.24176765727884
89,122.25283411968972,122.26087129153599
95,122.27527406721536,122.28475083435744
95,122.297714014741,122.29430265148602
96,122.32015396226664,122.33489787428249
84,122.34259390979228,122.35877741710394
81,122.36503385731793,122.37788105136109
84,122.38747380484357,122.39937263990039
86,122.4099137523692,122.42564013700398
84,122.43235369989485,122.44713172554329
87,122.45479364742049,122.46623535980045
90,122.47723359494613,122.47339922264689
95,122.49967354247177,122.51160649116122
95,122.52211348999741,122.53071012541838
93,122.54455343752305,122.5474258053934
94,122.56699338504869,122.57369330249699
98,122.58943333257433,122.59040898247201
93,122.61187328009997,122.61190057101132
92,122.63431322762561,122.63339215955062
96,122.65675317515125,122.65965965665421
66,122.67919312267689,122.67876329091136
65,122.70163307020253,122.70025487945067
67,122.72407301772817,122.71935851370782
67,122.74651296525381,122.7504019193757
65,122.76895291277945,122.76950555363287
66,122.7913928603051,122.79099714217217
66,122.81383280783074,122.81248873071148
58,122.83627275535638,122.84114418209721
59,122.85871270288202,122.86263577063652
61,122.88115265040766,122.8889032677401
58,122.9035925979333,122.9151707648437
60,122.92603254545894,122.93427439910086
57,122.94847249298458,122.95576598764016
62,122.97091244051022,122.98442143902591
46,122.99335238803586,122.99874916471877
47,123.0157923355615,123.02740461610452
47,123.03823228308714,123.04650825036168
47,123.06067223061278,123.07516370174741
47,123.08311217813842,123.09665529028672
47,123.10555212566406,123.11814687882602
47,123.1279920731897,123.13963846736533
35,123.15043202071534,123.16829391875106
40,123.17287196824098,123.17306982731536
40,123.19531191576662,123.20411323298325
38,123.21775186329226,123.23038073008684
41,123.2401918108179,123.25187231862614
42,123.26263175834355,123.27336390716545
41,123.28507170586919,123.2972434499869
36,123.30751165339483,123.31634708424406
31,123.32995160092047,123.33067480993692
33,123.3523915484461,123.3402266270655
31,123.37483149597175,123.37127003273339
30,123.39727144349739,123.39037366699056
33,123.41971139102303,123.40947730124772
30,123.44215133854867,123.42858093550488
23,123.46459128607431,123.45723638689061
23,123.48703123359995,123.48111592971206
26,123.50947118112559,123.50260751825137
29,123.53191112865123,123.51215933537995
27,123.55435107617687,123.55514251245856
27,123.57679102370251,123.57424614671572
27,123.59923097122815,123.59096182669074
16,123.6216709187538,123.60767750666577
15,123.64411086627943,123.63155704948721
13,123.66655081380507,123.65543659230866
21,123.68899076133071,123.67692818084797
20,123.71143070885635,123.7055836322337
17,123.733870656382,123.72946317505514
16,123.75631060390764,123.75095476359445
12,123.77875055143328,123.77722226069804
11,123.80119049895892,123.80587771208377
8,123.82363044648456,123.82975725490522
10,123.8460703940102,123.85363679772667
8,123.86851034153584,123.87751634054811
7,123.89095028906148,123.91094770049814
8,123.91339023658712,123.92766338047316
358,123.93583018411276,123.94676701473033
0,123.9582701316384,123.97064655755177
2,123.98071007916404,123.99213814609108
5,124.00315002668968,124.01124178034824
6,124.02558997421532,124.0303454146054
3,124.04802992174096,124.04228518601613
3,124.0704698692666,124.07332859168402
351,124.09290981679224,124.09482018022332
352,124.11534976431788,124.11153586019834
353,124.13778971184352,124.13541540301979
354,124.16022965936916,124.15451903727694
345,124.1826696068948,124.1736226715341
352,124.20510955442045,124.19989016863771
353,124.22754950194609,124.21421789433057
344,124.24998944947173,124.23809743715202
342,124.27242939699737,124.25958902569133
345,124.29486934452301,124.28585652279493
346,124.31730929204865,124.30734811133424
342,124.33974923957429,124.32406379130926
345,124.36218918709993,124.34555537984856
343,124.38462913462557,124.36704696838787
328,124.40706908215121,124.39809037405576
329,124.42950902967685,124.41958196259506
330,124.45194897720249,124.44346150541651
323,124.47438892472813,124.47211695680224
330,124.49682887225377,124.49599649962369
328,124.51926881977941,124.51748808816299
331,124.54170876730505,124.5389796767023
320,124.5641487148307,124.5604712652416
324,124.58658866235633,124.58912671662733
326,124.60902860988197,124.60823035088448
329,124.63146855740762,124.62972193942379
328,124.65390850493326,124.66076534509168
326,124.6763484524589,124.68464488791312
330,124.69878839998454,124.70374852217027
320,124.72122834751018,124.73479192783816
318,124.74366829503582,124.75150760781318
320,124.76610824256146,124.78016305919891
322,124.7885481900871,124.80404260202036
320,124.81098813761274,124.83269805340609
319,124.83342808513838,124.85180168766325
318,124.85586803266402,124.87329327620256
311,124.87830798018966,124.89239691045972
311,124.9007479277153,124.91866440756331
310,124.92318787524094,124.92582827040975
311,124.94562782276658,124.95687167607764
309,124.96806777029222,124.98552712746337
309,124.99050771781786,125.00463076172053
306,125.0129476653435,125.02612235025984
305,125.03538761286914,125.05000189308129
299,125.05782756039478,125.06671757305631
306,125.08026750792042,125.08582120731346
302,125.10270745544607,125.09537302444204
306,125.1251474029717,125.12164052154563
307,125.14758735049735,125.13835620152065
308,125.17002729802299,125.15507188149567
301,125.19246724554863,125.18133937859926
300,125.21490719307427,125.19805505857428
302,125.23734714059991,125.21954664711359
297,125.25978708812555,125.23865028137075
298,125.28222703565119,125.25297800706362
299,125.30466698317683,125.29118527557793
300,125.32710693070247,125.31267686411724
290,125.34954687822811,125.33655640693868
286,125.37198682575375,125.36759981260657
286,125.39442677327939,125.38670344686373
288,125.41686672080503,125.41058298968518
292,125.43930666833067,125.42968662394235
287,125.46174661585631,125.45834207532809
285,125.48418656338195,125.47744570958525
277,125.5066265109076,125.50848911525314
273,125.52906645843323,125.52998070379245
276,125.55150640595888,125.55147229233175
272,125.57394635348452,125.57296388087106
275,125.59638630101016,125.60161933225679
275,125.6188262485358,125.61355910366751
275,125.64126619606144,125.6446025093354
276,125.66370614358708,125.66370614359256
263,125.66370614358708,125.6923615949783
272,125.66370614358708,125.71146522923546
265,125.66370614358708,125.72818090921048
266,125.66370614358708,125.74728454346764
265,125.66370614358708,125.75683636059622
255,125.66370614358708,125.75922431487837
265,125.66370614358708,125.77355204057123
256,125.66370614358708,125.77832794913553
260,125.66370614358708,125.78310385769983
263,125.66370614358708,125.78549181198197
261,125.66370614358708,125.78549181198197
262,125.66370614358708,125.78549181198197
265,125.66370614358708,125.78549181198197
263,125.66370614358708,125.78549181198197
260,125.66370614358708,125.78787976626411
285,125.66370614358708,125.79504362911055
266,125.66370614358708,125.7974315833927
281,125.66370614358708,125.7974315833927
272,125.66370614358708,125.80459544623913
276,125.66370614358708,125.81175930908557
261,125.66370614358708,125.81653521764986
264,125.66370614358708,125.82131112621416
262,125.66370614358708,125.8236990804963
261,125.66370614358708,125.81892317193201
238,125.66370614358708,125.81653521764987
249,125.66370614358708,125.81175930908559
243,125.66370614358708,125.802207491957
255,125.66370614358708,125.79265567482842
244,125.66370614358708,125.78549181198198
239,125.66370614358708,125.77355204057126
247,125.66370614358708,125.76877613200696
247,125.66370614358708,125.76161226916052
245,125.66370614358708,125.7544484063141
251,125.66370614358708,125.74728454346766
256,125.66370614358708,125.74250863490336
271,125.66370614358708,125.73773272633906
278,125.66370614358708,125.73773272633906
270,125.66370614358708,125.7401206806212
270,125.66370614358708,125.74250863490334
274,125.66370614358708,125.74250863490334
272,125.66370614358708,125.74250863490334
270,125.66370614358708,125.74250863490334
277,125.66370614358708,125.73773272633905
241,125.66370614358708,125.73056886349262
278,125.66370614358708,125.73056886349262
269,125.66370614358708,125.72340500064618
281,125.66370614358708,125.72340500064618
279,125.66370614358708,125.72340500064618
274,125.66370614358708,125.72340500064618
278,125.66370614358708,125.72101704636404
280,125.66370614358708,125.72340500064618
263,125.66370614358708,125.71862909208188
267,125.66370614358708,125.72101704636403
266,125.66370614358708,125.71624113779973
264,125.66370614358708,125.71385318351759
262,125.66370614358708,125.70907727495329
276,125.66370614358708,125.704301366389
278,125.66370614358708,125.704301366389
276,125.66370614358708,125.6995254578247
281,125.66370614358708,125.69474954926041
288,125.66370614358708,125.69236159497827
289,125.66370614358708,125.6780338692854
285,125.66370614358708,125.67087000643897
266,125.66370614358708,125.66370614359255
272,125.66370614358708,125.65415432646397
293,125.66370614358708,125.64937841789967
292,125.66370614358708,125.64460250933539
279,125.66370614358708,125.63982660077109
281,125.66370614358708,125.63982660077109
285,125.66370614358708,125.63982660077109
271,125.66370614358708,125.64221455505323
267,125.66370614358708,125.64460250933537
277,125.66370614358708,125.65893023502824
261,125.66370614358708,125.66848205215682
262,125.66370614358708,125.67087000643896
250,125.66370614358708,125.67087000643896
272,125.66370614358708,125.6780338692854
267,125.66370614358708,125.68042182356754
266,125.66370614358708,125.6780338692854
267,125.66370614358708,125.6780338692854
268,125.66370614358708,125.67564591500326
292,125.66370614358708,125.67564591500326
281,125.66370614358708,125.67564591500326
283,125.66370614358708,125.67325796072112
274,125.66370614358708,125.66848205215682
263,125.66370614358708,125.66848205215682
260,125.66370614358708,125.66848205215682
270,125.66370614358708,125.66848205215682
261,125.66370614358708,125.66848205215682
266,125.66370614358708,125.66848205215682
263,125.66370614358708,125.66848205215682
270,125.66370614358708,125.66848205215682
270,125.66370614358708,125.66848205215682
264,125.66370614358708,125.67087000643896
267,125.66370614358708,125.67087000643896
265,125.66370614358708,125.67087000643896
272,125.66370614358708,125.67087000643896
265,125.66370614358708,125.67087000643896
269,125.66370614358708,125.67087000643896
267,125.66370614358708,125.67087000643896
273,125.66370614358708,125.67087000643896
268,125.66370614358708,125.67087000643896
268,125.66370614358708,125.67087000643896
269,125.66370614358708,125.67087000643896
272,125.66370614358708,125.67087000643896
265,125.66370614358708,125.67087000643896
267,125.66370614358708,125.67087000643896
268,125.66370614358708,125.67087000643896
267,125.66370614358708,125.67087000643896
270,125.66370614358708,125.6732579607211
267,125.66370614358708,125.6732579607211
270,125.66370614358708,125.6732579607211
250,125.66370614358708,125.6732579607211
250,125.66370614358708,125.67564591500324
250,125.66370614358708,125.67803386928539
264,125.66370614358708,125.67564591500324
259,125.66370614358708,125.6732579607211
268,125.66370614358708,125.66848205215682
248,125.66370614358708,125.66848205215682
283,125.66370614358708,125.66609409787468
271,125.66370614358708,125.66370614359253
267,125.66370614358708,125.66370614359253
262,125.66370614358708,125.66370614359253
266,125.66370614358708,125.66609409787468
265,125.66370614358708,125.67087000643897
245,125.66370614358708,125.67087000643897
263,125.66370614358708,125.66848205215683
256,125.66370614358708,125.66609409787469
266,125.66370614358708,125.66131818931039
267,125.66370614358708,125.66131818931039
274,125.66370614358708,125.66131818931039
273,125.66370614358708,125.66131818931039
286,125.66370614358708,125.66370614359253
275,125.66370614358708,125.66609409787468
270,125.66370614358708,125.66609409787468
286,125.66370614358708,125.66848205215682
270,125.66370614358708,125.66609409787468
278,125.66370614358708,125.66370614359253
274,125.66370614358708,125.66609409787468
276,125.66370614358708,125.66848205215682
273,125.66370614358708,125.66848205215682
278,125.66370614358708,125.67087000643896
276,125.66370614358708,125.66848205215682
252,125.66370614358708,125.66370614359253
259,125.66370614358708,125.66131818931039
266,125.66370614358708,125.66131818931039
275,125.66370614358708,125.65893023502825
271,125.66370614358708,125.65893023502825
275,125.66370614358708,125.65893023502825
272,125.66370614358708,125.65893023502825
275,125.66370614358708,125.65893023502825
265,125.66370614358708,125.65893023502825
274,125.66370614358708,125.65893023502825
271,125.66370614358708,125.65893023502825
271,125.66370614358708,125.65893023502825
273,125.66370614358708,125.65893023502825
266,125.66370614358708,125.65893023502825
274,125.66370614358708,125.65893023502825
272,125.66370614358708,125.65893023502825
267,125.66370614358708,125.65893023502825
269,125.66370614358708,125.65893023502825
274,125.66370614358708,125.65654228074611
273,125.66370614358708,125.65654228074611
274,125.66370614358708,125.65654228074611
274,125.66370614358708,125.65893023502825
261,125.66370614358708,125.66131818931039
262,125.66370614358708,125.66370614359253
273,125.66370614358708,125.66370614359253
270,125.66370614358708,125.66370614359253
272,125.66370614358708,125.66131818931039
271,125.66370614358708,125.66131818931039
273,125.66370614358708,125.65654228074611
279,125.66370614358708,125.65415432646397
279,125.66370614358708,125.65415432646397
280,125.66370614358708,125.65176637218183
289,125.66370614358708,125.65176637218183
283,125.66370614358708,125.64699046361754
275,125.66370614358708,125.64699046361754
279,125.66370614358708,125.64699046361754
267,125.66370614358708,125.64699046361754
266,125.66370614358708,125.64699046361754
266,125.66370614358708,125.64699046361754
268,125.66370614358708,125.64937841789968
264,125.66370614358708,125.64937841789968
266,125.66370614358708,125.64937841789968
269,125.66370614358708,125.65176637218183
269,125.66370614358708,125.65654228074612
269,125.66370614358708,125.66131818931042
267,125.66370614358708,125.66609409787472
276,125.66370614358708,125.67325796072116
270,125.66370614358708,125.6756459150033
268,125.66370614358708,125.67803386928544
270,125.66370614358708,125.67803386928544
270,125.66370614358708,125.67803386928544
267,125.66370614358708,125.67803386928544
269,125.66370614358708,125.67803386928544
270,125.66370614358708,125.67803386928544
248,125.66370614358708,125.67803386928544
247,125.66370614358708,125.67803386928544
249,125.66370614358708,125.68042182356758
246,125.66370614358708,125.68042182356758
250,125.66370614358708,125.68042182356758
253,125.66370614358708,125.68042182356758
248,125.66370614358708,125.68042182356758
267,125.66370614358708,125.68280977784973
267,125.66370614358708,125.68280977784973
270,125.66370614358708,125.68280977784973
272,125.66370614358708,125.68280977784973
268,125.66370614358708,125.68280977784973
268,125.66370614358708,125.68280977784973
271,125.66370614358708,125.68280977784973
266,125.66370614358708,125.68280977784973
266,125.66370614358708,125.68280977784973
267,125.66370614358708,125.68280977784973
267,125.66370614358708,125.68280977784973
267,125.66370614358708,125.68280977784973
269,125.66370614358708,125.68280977784973
268,125.66370614358708,125.68280977784973
268,125.66370614358708,125.68280977784973
271,125.66370614358708,125.68042182356758
269,125.66370614358708,125.67564591500329
271,125.66370614358708,125.67087000643899
266,125.66370614358708,125.66609409787469
284,125.66370614358708,125.66370614359255
267,125.66370614358708,125.6613181893104
277,125.66370614358708,125.65893023502827
276,125.66370614358708,125.65654228074612
272,125.66370614358708,125.65654228074612
268,125.66370614358708,125.65654228074612
268,125.66370614358708,125.65893023502827
264,125.66370614358708,125.6613181893104
263,125.66370614358708,125.6613181893104
275,125.66370614358708,125.6613181893104
246,125.66370614358708,125.65654228074611
265,125.66370614358708,125.65654228074611
261,125.66370614358708,125.65654228074611
256,125.66370614358708,125.65415432646397
274,125.66370614358708,125.65176637218183
272,125.66370614358708,125.64937841789968
278,125.66370614358708,125.65176637218183
282,125.66370614358708,125.64937841789968
277,125.66370614358708,125.64937841789968
280,125.66370614358708,125.64699046361754
279,125.66370614358708,125.64937841789968
274,125.66370614358708,125.64937841789968
274,125.66370614358708,125.65176637218183
271,125.66370614358708,125.65176637218183
253,125.66370614358708,125.64937841789968
270,125.66370614358708,125.64937841789968
264,125.66370614358708,125.65176637218183
267,125.66370614358708,125.64937841789968
276,125.66370614358708,125.64937841789968
278,125.66370614358708,125.64937841789968
273,125.66370614358708,125.64937841789968
279,125.66370614358708,125.64937841789968
277,125.66370614358708,125.64937841789968
275,125.66370614358708,125.64937841789968
279,125.66370614358708,125.64937841789968
272,125.66370614358708,125.64937841789968
278,125.66370614358708,125.64937841789968
276,125.66370614358708,125.64937841789968
277,125.66370614358708,125.64937841789968
278,125.66370614358708,125.64937841789968
275,125.66370614358708,125.64937841789968
277,125.66370614358708,125.64937841789968
275,125.66370614358708,125.64937841789968
273,125.66370614358708,125.64937841789968
274,125.66370614358708,125.64937841789968
269,125.66370614358708,125.64937841789968
271,125.66370614358708,125.64937841789968
267,125.66370614358708,125.65176637218183
260,125.66370614358708,125.65176637218183
270,125.66370614358708,125.65176637218183
262,125.66370614358708,125.65176637218183
267,125.66370614358708,125.64937841789968
272,125.66370614358708,125.64699046361754
266,125.66370614358708,125.64937841789968
273,125.66370614358708,125.64937841789968
284,125.66370614358708,125.65176637218183
288,125.66370614358708,125.65176637218183
283,125.68614609111272,125.65176637218183
284,125.70858603863836,125.65176637218183
272,125.731025986164,125.65415432646397
260,125.75346593368964,125.66131818931039
263,125.77590588121528,125.67087000643897
253,125.79834582874092,125.68519773213184
250,125.82078577626656,125.70668932067115
248,125.8432257237922,125.71146522923544
250,125.86566567131784,125.73773272633903
262,125.88810561884348,125.76400022344262
265,125.91054556636912,125.78310385769979
264,125.93298551389476,125.80459544623909
274,125.9554254614204,125.8260870347784
269,125.97786540894604,125.85235453188199
263,126.00030535647169,125.87145816613915
265,126.02274530399733,125.87623407470345
260,126.04518525152297,125.90727748037133
266,126.0676251990486,125.93115702319278
261,126.09006514657425,125.9478727031678
263,126.11250509409989,125.96697633742495
263,126.13494504162553,125.98846792596426
260,126.15738498915117,126.01951133163215
262,126.17982493667681,126.04577882873575
243,126.20226488420245,126.05294269158219
236,126.22470483172809,126.10786564007152
241,126.24714477925373,126.13413313717511
238,126.26958472677937,126.16278858856084
245,126.29202467430501,126.20099585707517
246,126.31446462183065,126.22726335417876
240,126.33690456935629,126.25591880556449
229,126.35934451688193,126.28457425695022
236,126.38178446440757,126.32516947974668
238,126.40422441193321,126.35143697685027
240,126.42666435945885,126.37531651967171
247,126.4491043069845,126.40397197105744
255,126.47154425451014,126.43979128528962
242,126.49398420203578,126.46128287382892
219,126.51642414956142,126.48277446236823
219,126.53886409708706,126.49710218806109
224,126.5613040446127,126.53053354801112
218,126.58374399213834,126.55202513655043
215,126.60618393966398,126.57351672508973
216,126.62862388718962,126.59023240506475
215,126.65106383471526,126.61649990216834
220,126.6735037822409,126.63321558214336
218,126.69594372976654,126.65231921640053
219,126.71838367729218,126.66425898781125
246,126.74082362481782,126.69769034776128
218,126.76326357234346,126.7144060277363
227,126.7857035198691,126.72873375342917
226,126.80814346739474,126.75261329625062
209,126.83058341492038,126.76932897622564
208,126.85302336244602,126.79082056476494
208,126.87546330997166,126.81231215330425
207,126.8979032574973,126.82902783327927
203,126.92034320502295,126.86484714751144
200,126.94278315254859,126.89350259889717
201,126.96522310007423,126.91738214171862
191,126.98766304759987,126.95081350166865
192,127.01010299512551,126.97230509020795
195,127.03254294265115,126.99857258731154
197,127.05498289017679,127.02245213013299
191,127.07742283770243,127.03916781010801
193,127.09986278522807,127.07737507862232
196,127.12230273275371,127.09886666716163
181,127.14474268027935,127.12752211854736
180,127.16718262780499,127.14901370708667
178,127.18962257533063,127.17289324990811
176,127.21206252285627,127.19199688416528
175,127.23450247038191,127.22065233555101
175,127.25694241790755,127.22781619839745
174,127.2793823654332,127.26363551262962
165,127.30182231295883,127.28751505545107
166,127.32426226048447,127.3161705068368
171,127.34670220801011,127.3376620953761
170,127.36914215553576,127.35915368391541
169,127.3915821030614,127.38064527245471
168,127.41402205058704,127.40452481527616
170,127.43646199811268,127.43079231237975
165,127.45890194563832,127.45228390091906
160,127.48134189316396,127.4761634437405
161,127.5037818406896,127.50243094084409
164,127.52622178821524,127.5239225293834
165,127.54866173574088,127.54302616364056
164,127.57110168326652,127.56929366074415
161,127.59354163079216,127.57645752359059
145,127.6159815783178,127.60988888354062
151,127.63842152584344,127.63615638064421
148,127.66086147336908,127.65526001490136
150,127.68330142089472,127.6791395577228
149,127.70574136842036,127.70301910054425
151,127.728181315946,127.73167455192998
148,127.75062126347164,127.75316614046929
132,127.77306121099728,127.76033000331573
135,127.79550115852292,127.80331318039434
138,127.81794110604856,127.82480476893365
134,127.8403810535742,127.8486843117551
137,127.86282100109985,127.87495180885868
135,127.88526094862549,127.89405544311585
136,127.90770089615113,127.91554703165515
125,127.93014084367677,127.93703862019446
128,127.95258079120241,127.9489783916052
121,127.97502073872805,127.98240975155522
127,127.99746068625369,128.00390134009453
127,128.01990063377934,128.0230049743517
125,128.04234058130498,128.05166042573742
127,128.06478052883062,128.0707640599946
116,128.08722047635626,128.08986769425175
113,128.1096604238819,128.10897132850891
122,128.13210037140755,128.12091109991965
116,128.1545403189332,128.14956655130538
113,128.17698026645883,128.1662822312804
117,128.19942021398447,128.18538586553757
119,128.2218601615101,128.20926540835902
108,128.24430010903575,128.22836904261618
106,128.2667400565614,128.24747267687334
106,128.28918000408703,128.26896426541265
112,128.31161995161267,128.29523176251624
108,128.3340598991383,128.3143353967734
110,128.35649984666395,128.33821493959485
104,128.3789397941896,128.35970652813415
100,128.40137974171523,128.37881016239132
100,128.42381968924087,128.40030175093062
91,128.4462596367665,128.4265692480342
97,128.46869958429215,128.44328492800923
97,128.4911395318178,128.47194037939497
99,128.51357947934343,128.49343196793427
96,128.53601942686907,128.52208741932
102,128.55845937439472,128.54596696214145
88,128.58089932192036,128.5698465049629
82,128.603339269446,128.59611400206649
87,128.62577921697164,128.62715740773436
93,128.64821916449728,128.64626104199152
93,128.67065911202292,128.67969240194157
91,128.69309905954856,128.71073580760944
86,128.7155390070742,128.73222739614874
86,128.73797895459984,128.75371898468805
79,128.76041890212548,128.7775985275095
77,128.78285884965112,128.8038660246131
77,128.80529879717676,128.82296965887025
80,128.8277387447024,128.83252147599885
78,128.85017869222804,128.87311669879531
78,128.87261863975368,128.89460828733462
69,128.89505858727932,128.91609987587393
65,128.91749853480496,128.93997941869537
71,128.9399384823306,128.95908305295254
67,128.96237842985624,128.9781866872097
68,128.98481837738188,128.99490236718472
66,129.00725832490753,129.0092300928776
71,129.02969827243317,129.04027349854547
72,129.0521382199588,129.06176508708478
66,129.07457816748445,129.0784807670598
68,129.0970181150101,129.1047482641634
62,129.11945806253573,129.1214639441384
65,129.14189801006137,129.14056757839558
85,129.164337957587,129.16205916693488
64,129.18677790511265,129.1692230297813
50,129.2092178526383,129.20743029829563
49,129.23165780016393,129.23130984111708
42,129.25409774768957,129.2599652925028
48,129.2765376952152,129.28145688104212
45,129.29897764274085,129.30056051529928
50,129.3214175902665,129.31966414955644
47,129.34385753779213,129.34115573809575
66,129.36629748531777,129.36742323519934
69,129.3887374328434,129.3913027780208
69,129.41117738036905,129.42234618368866
68,129.4336173278947,129.44383777222797
69,129.45605727542033,129.46294140648513
98,129.47849722294598,129.48920890358872
69,129.50093717047162,129.50831253784588
37,129.52337711799726,129.5250282178209
35,129.5458170655229,129.55368366920666
34,129.56825701304854,129.58472707487454
31,129.59069696057418,129.60621866341384
31,129.61313690809982,129.62771025195315
32,129.63557685562546,129.6515897947746
32,129.6580168031511,129.67785729187818
23,129.68045675067674,129.69696092613535
25,129.70289669820238,129.70173683469963
23,129.72533664572802,129.7327802403675
26,129.74777659325366,129.75665978318895
30,129.7702165407793,129.77576341744611
32,129.79265648830494,129.79964296026756
29,129.81509643583058,129.81874659452473
22,129.83753638335622,129.84262613734617
22,129.85997633088186,129.8593418173212
24,129.8824162784075,129.86650568016762
20,129.90485622593314,129.90948885724623
18,129.92729617345879,129.93098044578554
15,129.94973612098443,129.95485998860698
22,129.97217606851007,129.971575668582
8,129.9946160160357,129.98829134855703
12,130.01705596356135,130.00023111996776
12,130.039495911087,130.0169467999428
12,130.06193585861263,130.02649861707138
13,130.08437580613827,130.0551540684571
15,130.1068157536639,130.07664565699642
14,130.12925570118955,130.09574929125358
9,130.1516956487152,130.12201678835717
6,130.17413559624083,130.14350837689648
6,130.19657554376647,130.16499996543578
7,130.2190154912921,130.1864915539751
7,130.24145543881775,130.21275905107868
7,130.2638953863434,130.23425063961798
5,130.28633533386903,130.2557422281573
357,130.30877528139467,130.28439767954302
359,130.3312152289203,130.30588926808232
357,130.35365517644595,130.32976881090377
357,130.3760951239716,130.36081221657165
359,130.39853507149724,130.37752789654667
359,130.42097501902288,130.4109592564967
359,130.44341496654852,130.43961470788244
347,130.46585491407416,130.46588220498603
346,130.4882948615998,130.49214970208962
347,130.51073480912544,130.51602924491107
346,130.53317475665108,130.54707265057894
346,130.55561470417672,130.56856423911825
345,130.57805465170236,130.57572810196467
347,130.600494599228,130.61154741619686
338,130.62293454675364,130.6402028675826
336,130.64537449427928,130.6616944561219
336,130.66781444180492,130.68079809037906
339,130.69025438933056,130.70706558748265
338,130.7126943368562,130.72378126745767
336,130.73513428438184,130.74288490171483
339,130.75757423190748,130.75004876456126
331,130.78001417943312,130.78825603307558
328,130.80245412695876,130.80735966733275
329,130.8248940744844,130.82885125587205
331,130.84733402201005,130.84795489012922
331,130.8697739695357,130.87661034151495
332,130.89221391706133,130.89810193005425
332,130.91465386458697,130.91720556431142
327,130.9370938121126,130.92675738144
326,130.95953375963825,130.96974055851862
329,130.9819737071639,130.99362010134007
326,131.00441365468953,131.01272373559723
325,131.02685360221517,131.04137918698297
325,131.0492935497408,131.06048282124013
325,131.07173349726645,131.08197440977943
316,131.0941734447921,131.1010780440366
318,131.11661339231773,131.12018167829376
316,131.13905333984337,131.1440612211152
317,131.161493287369,131.16316485537237
310,131.18393323489465,131.1798805353474
320,131.2063731824203,131.20614803245098
321,131.22881312994593,131.22525166670815
293,131.25125307747157,131.24196734668317
284,131.27369302499721,131.2539071180939
289,131.29613297252286,131.28495052376178
295,131.3185729200485,131.30644211230108
293,131.34101286757414,131.3279337008404
289,131.36345281509978,131.3494252893797
294,131.38589276262542,131.37569278648328
299,131.40833271015106,131.3971843750226
304,131.4307726576767,131.42106391784404
300,131.45321260520234,131.43061573497263
298,131.47565255272798,131.4712109577691
304,131.49809250025362,131.49509050059055
302,131.52053244777926,131.518970043412
302,131.5429723953049,131.54284958623344
290,131.56541234283054,131.57150503761918
291,131.58785229035618,131.59299662615848
288,131.61029223788182,131.61687616897993
285,131.63273218540746,131.6312038946728
289,131.6551721329331,131.66463525462285
289,131.67761208045874,131.68612684316216
289,131.70005202798438,131.70761843170146
289,131.72249197551002,131.73388592880505
284,131.74493192303567,131.75537751734436
281,131.7673718705613,131.77448115160152
280,131.78981181808695,131.79119683157654
279,131.8122517656126,131.80552455726942
283,131.83469171313823,131.8365679629373
285,131.85713166066387,131.8580595514766
283,131.8795716081895,131.87716318573376
275,131.90201155571515,131.90343068283735
274,131.9244515032408,131.92492227137666
278,131.94689145076643,131.94641385991596
282,131.94689145076643,131.96790544845527
274,131.94689145076643,131.99417294555886
272,131.94689145076643,132.01566453409816
275,131.94689145076643,132.03238021407319
267,131.94689145076643,132.05148384833035
265,131.94689145076643,132.05625975689463
251,131.94689145076643,132.06103566545892
270,131.94689145076643,132.0658115740232
270,131.94689145076643,132.0658115740232
269,131.94689145076643,132.0658115740232
269,131.94689145076643,132.0658115740232
264,131.94689145076643,132.0658115740232
259,131.94689145076643,132.0658115740232
265,131.94689145076643,132.0658115740232
264,131.94689145076643,132.0658115740232
265,131.94689145076643,132.0658115740232
265,131.94689145076643,132.0658115740232
261,131.94689145076643,132.0658115740232
266,131.94689145076643,132.0658115740232
266,131.94689145076643,132.0658115740232
265,131.94689145076643,132.0658115740232
261,131.94689145076643,132.0658115740232
265,131.94689145076643,132.0658115740232
266,131.94689145076643,132.0658115740232
264,131.94689145076643,132.0658115740232
265,131.94689145076643,132.0658115740232
266,131.94689145076643,132.0658115740232
263,131.94689145076643,132.0658115740232
266,131.94689145076643,132.0658115740232
264,131.94689145076643,132.0658115740232
265,131.94689145076643,132.0658115740232
265,131.94689145076643,132.0658115740232
264,131.94689145076643,132.0658115740232
262,131.94689145076643,132.0658115740232
262,131.94689145076643,132.0658115740232
261,131.94689145076643,132.0658115740232
263,131.94689145076643,132.0658115740232
263,131.94689145076643,132.06342361974106
264,131.94689145076643,132.06342361974106
261,131.94689145076643,132.06342361974106
267,131.94689145076643,132.06342361974106
261,131.94689145076643,132.06103566545892
264,131.94689145076643,132.05625975689463
270,131.94689145076643,132.05148384833035
255,131.94689145076643,132.04193203120178
264,131.94689145076643,132.0276043055089
268,131.94689145076643,132.0156645340982
270,131.94689145076643,132.00372476268748
261,131.94689145076643,131.9893970369946
272,131.94689145076643,131.97984521986604
273,131.94689145076643,131.9726813570196
272,131.94689145076643,131.96551749417318
272,131.94689145076643,131.95835363132676
254,131.94689145076643,131.95357772276247
253,131.94689145076643,131.95118976848033
263,131.94689145076643,131.95118976848033
257,131.94689145076643,131.95357772276247
254,131.94689145076643,131.95357772276247
251,131.94689145076643,131.95357772276247
252,131.94689145076643,131.95596567704462
264,131.94689145076643,131.95596567704462
274,131.94689145076643,131.95835363132676
266,131.94689145076643,131.96312953989104
272,131.94689145076643,131.96790544845533
273,131.94689145076643,131.9726813570196
273,131.94689145076643,131.9774572655839
277,131.94689145076643,131.98223317414818
251,131.94689145076643,131.97984521986604
272,131.94689145076643,131.98223317414818
274,131.94689145076643,131.98223317414818
271,131.94689145076643,131.9774572655839
268,131.94689145076643,131.97506931130175
271,131.94689145076643,131.96790544845533
274,131.94689145076643,131.96312953989104
272,131.94689145076643,131.9607415856089
284,131.94689145076643,131.95835363132676
264,131.94689145076643,131.95835363132676
266,131.94689145076643,131.95835363132676
265,131.94689145076643,131.95835363132676
266,131.94689145076643,131.95835363132676
264,131.94689145076643,131.95835363132676
270,131.94689145076643,131.95835363132676
272,131.94689145076643,131.95835363132676
270,131.94689145076643,131.95835363132676
270,131.94689145076643,131.95835363132676
270,131.94689145076643,131.95835363132676
270,131.94689145076643,131.95835363132676
269,131.94689145076643,131.95835363132676
266,131.94689145076643,131.95835363132676
270,131.94689145076643,131.95835363132676
267,131.94689145076643,131.95835363132676
265,131.94689145076643,131.95835363132676
265,131.94689145076643,131.95835363132676
264,131.94689145076643,131.95835363132676
265,131.94689145076643,131.95835363132676
267,131.94689145076643,131.95835363132676
268,131.94689145076643,131.95835363132676
267,131.94689145076643,131.95835363132676
268,131.94689145076643,131.95835363132676
269,131.94689145076643,131.95835363132676
269,131.94689145076643,131.95835363132676
268,131.94689145076643,131.95835363132676
270,131.94689145076643,131.95835363132676
270,131.94689145076643,131.95835363132676
270,131.94689145076643,131.95835363132676
271,131.94689145076643,131.95835363132676
270,131.94689145076643,131.95835363132676
271,131.94689145076643,131.95835363132676
270,131.94689145076643,131.95835363132676
268,131.94689145076643,131.95835363132676
268,131.94689145076643,131.95835363132676
268,131.94689145076643,131.95835363132676
268,131.94689145076643,131.95835363132676
268,131.94689145076643,131.95835363132676
268,131.94689145076643,131.95835363132676
269,131.94689145076643,131.95835363132676
268,131.94689145076643,131.95835363132676
271,131.94689145076643,131.95835363132676
271,131.94689145076643,131.95835363132676
272,131.94689145076643,131.95835363132676
272,131.94689145076643,131.95835363132676
271,131.94689145076643,131.95835363132676
271,131.94689145076643,131.95835363132676
272,131.94689145076643,131.95835363132676
271,131.94689145076643,131.95835363132676
271,131.94689145076643,131.95835363132676
271,131.94689145076643,131.95835363132676
271,131.94689145076643,131.95835363132676
271,131.94689145076643,131.95835363132676
271,131.94689145076643,131.95835363132676
272,131.94689145076643,131.95835363132676
271,131.94689145076643,131.95835363132676
271,131.94689145076643,131.95835363132676
271,131.94689145076643,131.95835363132676
271,131.94689145076643,131.95835363132676
271,131.94689145076643,131.95835363132676
274,131.94689145076643,131.95835363132676
274,131.94689145076643,131.95596567704462
248,131.94689145076643,131.95357772276247
248,131.94689145076643,131.95118976848033
256,131.94689145076643,131.9440259056339
250,131.94689145076643,131.9440259056339
247,131.94689145076643,131.94163795135177
252,131.94689145076643,131.94163795135177
247,131.94689145076643,131.94163795135177
277,131.94689145076643,131.9440259056339
267,131.94689145076643,131.94641385991605
264,131.94689145076643,131.9440259056339
266,131.94689145076643,131.9440259056339
267,131.94689145076643,131.94163795135177
265,131.94689145076643,131.94163795135177
242,131.94689145076643,131.94163795135177
265,131.94689145076643,131.93924999706962
273,131.94689145076643,131.93686204278748
276,131.94689145076643,131.93686204278748
280,131.94689145076643,131.93686204278748
275,131.94689145076643,131.93686204278748
274,131.94689145076643,131.93686204278748
273,131.94689145076643,131.93686204278748
273,131.94689145076643,131.93686204278748
269,131.94689145076643,131.93686204278748
265,131.94689145076643,131.93686204278748
272,131.94689145076643,131.93686204278748
274,131.94689145076643,131.93686204278748
273,131.94689145076643,131.93686204278748
273,131.94689145076643,131.93686204278748
276,131.94689145076643,131.93686204278748
276,131.94689145076643,131.93686204278748
268,131.94689145076643,131.93686204278748
274,131.94689145076643,131.93686204278748
276,131.94689145076643,131.93686204278748
268,131.94689145076643,131.93686204278748
272,131.94689145076643,131.93447408850534
270,131.94689145076643,131.93447408850534
272,131.94689145076643,131.93686204278748
264,131.94689145076643,131.93686204278748
268,131.94689145076643,131.93924999706962
256,131.94689145076643,131.93924999706962
263,131.94689145076643,131.94163795135177
262,131.94689145076643,131.9440259056339
273,131.94689145076643,131.9440259056339
270,131.94689145076643,131.94163795135177
277,131.94689145076643,131.9440259056339
275,131.94689145076643,131.94163795135177
275,131.94689145076643,131.93924999706962
279,131.94689145076643,131.93447408850534
283,131.94689145076643,131.9320861342232
300,131.94689145076643,131.92969817994106
279,131.94689145076643,131.9320861342232
288,131.94689145076643,131.92969817994106
273,131.94689145076643,131.9320861342232
271,131.94689145076643,131.93447408850534
267,131.94689145076643,131.93447408850534
270,131.94689145076643,131.93447408850534
266,131.94689145076643,131.9320861342232
252,131.94689145076643,131.93686204278748
259,131.94689145076643,131.93924999706962
261,131.94689145076643,131.93924999706962
262,131.94689145076643,131.93686204278748
270,131.94689145076643,131.93686204278748
271,131.94689145076643,131.93686204278748
266,131.94689145076643,131.93447408850534
266,131.94689145076643,131.9320861342232
301,131.94689145076643,131.9320861342232
269,131.94689145076643,131.93686204278748
285,131.94689145076643,131.93447408850534
262,131.94689145076643,131.93447408850534
266,131.94689145076643,131.93447408850534
260,131.94689145076643,131.93447408850534
277,131.94689145076643,131.93447408850534
263,131.94689145076643,131.93447408850534
267,131.94689145076643,131.93447408850534
266,131.94689145076643,131.93447408850534
270,131.94689145076643,131.93447408850534
270,131.94689145076643,131.93447408850534
268,131.94689145076643,131.93447408850534
273,131.94689145076643,131.93447408850534
270,131.94689145076643,131.93447408850534
271,131.94689145076643,131.93686204278748
267,131.94689145076643,131.94163795135177
271,131.94689145076643,131.94641385991605
267,131.94689145076643,131.94641385991605
249,131.94689145076643,131.95596567704462
245,131.94689145076643,131.96312953989104
248,131.94689145076643,131.96790544845533
246,131.94689145076643,131.97029340273747
250,131.94689145076643,131.97506931130175
246,131.94689145076643,131.97506931130175
246,131.94689145076643,131.9726813570196
264,131.94689145076643,131.9726813570196
266,131.94689145076643,131.96312953989104
266,131.94689145076643,131.95835363132676
264,131.94689145076643,131.95835363132676
291,131.94689145076643,131.95835363132676
268,131.94689145076643,131.95835363132676
272,131.94689145076643,131.95596567704462
267,131.94689145076643,131.95596567704462
268,131.94689145076643,131.95357772276247
265,131.94689145076643,131.95357772276247
266,131.94689145076643,131.95357772276247
274,131.94689145076643,131.95357772276247
272,131.94689145076643,131.95357772276247
263,131.94689145076643,131.95357772276247
266,131.94689145076643,131.95357772276247
263,131.94689145076643,131.95357772276247
265,131.94689145076643,131.95357772276247
277,131.94689145076643,131.95357772276247
266,131.94689145076643,131.95357772276247
263,131.94689145076643,131.95118976848033
275,131.94689145076643,131.95118976848033
270,131.94689145076643,131.95118976848033
283,131.94689145076643,131.95118976848033
264,131.94689145076643,131.95118976848033
265,131.94689145076643,131.95596567704462
276,131.94689145076643,131.95835363132676
274,131.94689145076643,131.9607415856089
266,131.94689145076643,131.96312953989104
263,131.94689145076643,131.96790544845533
270,131.94689145076643,131.97029340273747
264,131.94689145076643,131.9726813570196
269,131.94689145076643,131.9726813570196
261,131.94689145076643,131.9726813570196
261,131.94689145076643,131.97029340273747
241,131.94689145076643,131.96312953989104
254,131.94689145076643,131.9607415856089
265,131.94689145076643,131.95357772276247
273,131.94689145076643,131.94641385991605
275,131.94689145076643,131.94163795135177
274,131.94689145076643,131.94163795135177
273,131.94689145076643,131.93924999706962
275,131.94689145076643,131.93447408850534
281,131.94689145076643,131.9320861342232
271,131.94689145076643,131.92969817994106
283,131.94689145076643,131.92492227137677
273,131.94689145076643,131.92492227137677
281,131.94689145076643,131.92492227137677
273,131.94689145076643,131.92492227137677
271,131.94689145076643,131.9320861342232
265,131.94689145076643,131.93447408850534
272,131.94689145076643,131.93686204278748
271,131.96933139829207,131.93924999706962
271,131.9917713458177,131.9440259056339
240,132.01421129334335,131.9488018141982
270,132.036651240869,131.95357772276247
271,132.05909118839463,131.95596567704462
275,132.08153113592027,131.95596567704462
272,132.1039710834459,131.95835363132676
275,132.12641103097155,131.9607415856089
269,132.1488509784972,131.96790544845533
279,132.17129092602283,131.97029340273747
289,132.19373087354847,131.9870090827125
274,132.21617082107412,131.99417294555892
275,132.23861076859976,132.01327657981608
274,132.2610507161254,132.03476816835538
271,132.28349066365104,132.0562597568947
273,132.30593061117668,132.08491520828042
277,132.32837055870232,132.12312247679475
267,132.35081050622796,132.1565538367448
275,132.3732504537536,132.19237315097698
262,132.39569040127924,132.21625269379842
258,132.41813034880488,132.2735635965699
257,132.44057029633052,132.30938291080204
258,132.46301024385616,132.3452022250342
258,132.4854501913818,132.39057335639495
258,132.50789013890744,132.42161676206283
258,132.53033008643308,132.45027221344859
254,132.55277003395872,132.47653971055217
219,132.57520998148436,132.4932553905272
223,132.59764992901,132.53862652188795
223,132.62008987653564,132.56966992755582
225,132.64252982406128,132.59354947037727
223,132.66496977158693,132.61981696748086
222,132.68740971911257,132.63892060173802
220,132.7098496666382,132.66041219027733
231,132.73228961416385,132.6795158245345
232,132.7547295616895,132.69384355022737
231,132.77716950921513,132.7272749101774
231,132.79960945674077,132.75115445299886
228,132.8220494042664,132.7750339958203
232,132.84448935179205,132.8013014929239
230,132.8669292993177,132.8227930814632
220,132.88936924684333,132.8442846700025
217,132.91180919436897,132.86816421282396
217,132.9342491418946,132.89920761849183
215,132.95668908942025,132.92069920703113
241,132.9791290369459,132.94457874985258
219,133.00156898447153,132.9732342012383
221,133.02400893199717,132.99472578977762
206,133.0464488795228,133.01382942403478
207,133.06888882704845,133.0353210125741
204,133.0913287745741,133.0568126011134
204,133.11376872209973,133.08546805249912
203,133.13620866962538,133.10695964103843
201,133.15864861715102,133.13083918385988
201,133.18108856467666,133.15949463524564
194,133.2035285122023,133.18098622378494
194,133.22596845972794,133.20247781232425
192,133.24840840725358,133.2215814465814
196,133.27084835477922,133.23352121799215
198,133.29328830230486,133.26456462366002
197,133.3157282498305,133.28128030363504
202,133.33816819735614,133.3051598464565
185,133.36060814488178,133.32426348071365
184,133.38304809240742,133.34336711497082
183,133.40548803993306,133.36724665779226
186,133.4279279874587,133.39590210917802
184,133.45036793498434,133.40545392630662
179,133.47280788250998,133.4579889205138
182,133.49524783003562,133.48664437189953
175,133.51768777756126,133.51291186900312
174,133.5401277250869,133.5391793661067
172,133.56256767261254,133.57261072605675
172,133.58500762013819,133.59410231459606
176,133.60744756766383,133.61559390313536
178,133.62988751518947,133.6227577659818
176,133.6523274627151,133.6657409430604
156,133.67476741024075,133.68484457731756
158,133.6972073577664,133.70156025729258
158,133.71964730529203,133.7230518458319
155,133.74208725281767,133.7397675258069
157,133.7645272003433,133.75887116006407
135,133.78696714786895,133.77797479432124
155,133.8094070953946,133.8018543371427
139,133.83184704292023,133.81618206283557
147,133.85428699044587,133.8328977428106
150,133.8767269379715,133.85916523991418
144,133.89916688549715,133.88065682845348
145,133.9216068330228,133.9021484169928
151,133.94404678054843,133.9236400055321
154,133.96648672807407,133.9451315940714
143,133.9889266755997,133.97378704545713
141,134.01136662312535,133.99527863399643
141,134.033806570651,134.02154613110002
144,134.05624651817664,134.0406497653572
143,134.07868646570228,134.0621413538965
143,134.10112641322792,134.08602089671794
141,134.12356636075356,134.10751248525725
129,134.1460063082792,134.11228839382153
126,134.16844625580484,134.15049566233586
125,134.19088620333048,134.16959929659302
130,134.21332615085612,134.19347883941447
129,134.23576609838176,134.21497042795377
123,134.2582060459074,134.24601383362165
122,134.28064599343304,134.2698933764431
114,134.30308594095868,134.29616087354668
94,134.32552588848432,134.32959223349673
109,134.34796583600996,134.34630791347175
112,134.3704057835356,134.36779950201105
118,134.39284573106124,134.38929109055036
108,134.41528567858688,134.4179465419361
115,134.43772562611252,134.43705017619325
113,134.46016557363816,134.45376585616827
117,134.4826055211638,134.4704815361433
125,134.50504546868945,134.49436107896474
125,134.5274854162151,134.50868880465762
123,134.54992536374073,134.5277924389148
125,134.57236531126637,134.5445081188898
125,134.594805258792,134.57316357027554
124,134.61724520631765,134.59465515881485
101,134.6396851538433,134.61614674735415
104,134.66212510136893,134.63047447304703
100,134.68456504889457,134.66868174156136
97,134.7070049964202,134.69494923866495
96,134.72944494394585,134.72121673576854
92,134.7518848914715,134.7522601414364
93,134.77432483899713,134.77613968425786
89,134.79676478652277,134.79763127279716
94,134.8192047340484,134.8215108156186
86,134.84164468157405,134.83345058702935
91,134.8640846290997,134.8668819469794
87,134.88652457662533,134.8883735355187
91,134.90896452415097,134.909865124058
86,134.93140447167661,134.9361326211616
87,134.95384441920226,134.95046034685447
77,134.9762843667279,134.96956398111163
76,134.99872431425354,134.99344352393308
81,135.02116426177918,134.99821943249736
79,135.04360420930482,135.0268748838831
88,135.06604415683046,135.04359056385812
81,135.0884841043561,135.0698580609617
78,135.11092405188174,135.08657374093673
69,135.13336399940738,135.10806532947603
67,135.15580394693302,135.12955691801534
74,135.17824389445866,135.1606003236832
65,135.2006838419843,135.1701521408118
70,135.22312378950994,135.21313531789042
64,135.24556373703558,135.239402814994
62,135.26800368456122,135.27522212922617
67,135.29044363208686,135.30148962632975
64,135.3128835796125,135.32298121486906
62,135.33532352713814,135.3468607576905
58,135.35776347466378,135.37551620907624
63,135.38020342218942,135.38745598048698
65,135.40264336971507,135.42088734043702
50,135.4250833172407,135.44476688325847
52,135.44752326476635,135.4734223346442
54,135.469963212292,135.49252596890136
54,135.49240315981763,135.51162960315853
51,135.51484310734327,135.54028505454426
52,135.5372830548689,135.54983687167285
50,135.55972300239455,135.57610436877644
44,135.5821629499202,135.60237186588003
42,135.60460289744583,135.61908754585505
45,135.62704284497147,135.63819118011222
45,135.6494827924971,135.65968276865152
42,135.67192274002275,135.6859502657551
41,135.6943626875484,135.70744185429442
42,135.71680263507403,135.7217695799873
38,135.73924258259967,135.75281298565517
34,135.7616825301253,135.77669252847662
34,135.78412247765095,135.79818411701592
35,135.8065624251766,135.82683956840165
34,135.82900237270223,135.84594320265882
34,135.85144232022787,135.86743479119812
34,135.87388226775352,135.88892637973743
27,135.89632221527916,135.9032541054303
29,135.9187621628048,135.93668546538035
27,135.94120211033044,135.9557890996375
25,135.96364205785608,135.97489273389468
24,135.98608200538172,135.99399636815184
23,136.00852195290736,136.00116023099827
18,136.030961900433,136.01548795669115
20,136.05340184795864,136.02742772810186
20,136.07584179548428,136.04653136235902
21,136.09828174300992,136.05847113376973
19,136.12072169053556,136.0775747680269
21,136.1431616380612,136.0942904480019
22,136.16560158558684,136.12294589938764
23,136.18804153311248,136.1468254422091
16,136.21048148063812,136.17070498503054
14,136.23292142816376,136.194584527852
13,136.2553613756894,136.22562793351986
13,136.27780132321504,136.25189543062345
14,136.30024127074068,136.27816292772704
12,136.32268121826633,136.30681837911277
13,136.34512116579197,136.3450256476271
11,136.3675611133176,136.37368109901283
9,136.39000106084325,136.40233655039856
12,136.4124410083689,136.42144018465572
15,136.43488095589453,136.46919927029862
17,136.45732090342017,136.4954667674022
16,136.4797608509458,136.52412221878794
15,136.50220079847145,136.55994153302012
358,136.5246407459971,136.58859698440585
356,136.54708069352273,136.61486448150944
355,136.56952064104837,136.64351993289517
356,136.591960588574,136.6602356128702
357,136.61440053609965,136.7032187899488
357,136.6368404836253,136.739038104181
356,136.65928043115093,136.76530560128458
346,136.68172037867657,136.79157309838817
349,136.7041603262022,136.81545264120962
349,136.72660027372785,136.8464960468775
337,136.7490402212535,136.86559968113465
343,136.77148016877914,136.87276354398108
345,136.79392011630478,136.90858285821324
347,136.81636006383042,136.92529853818826
335,136.83880001135606,136.94201421816328
336,136.8612399588817,136.96111785242044
338,136.88367990640734,136.97783353239546
339,136.90611985393298,136.99693716665263
338,136.92855980145862,137.0112648923455
339,136.95099974898426,137.0160408009098
339,136.9734396965099,137.04230829801338
329,136.99587964403554,137.05186011514195
327,137.01831959156118,137.06379988655266
326,137.04075953908682,137.07573965796337
327,137.06319948661246,137.0924553379384
327,137.0856394341381,137.10678306363127
325,137.10807938166374,137.1234987436063
326,137.13051932918938,137.14260237786345
318,137.15295927671502,137.15693010355633
318,137.17539922424066,137.17364578353136
324,137.1978391717663,137.18319760065992
327,137.22027911929194,137.2023012349171
320,137.24271906681759,137.21662896060997
317,137.26515901434323,137.22856873202068
316,137.28759896186887,137.2357325948671
320,137.3100389093945,137.25961213768855
322,137.33247885692015,137.27632781766357
321,137.3549188044458,137.29543145192073
322,137.37735875197143,137.3264748575886
323,137.39979869949707,137.35035440041005
320,137.4222386470227,137.37662189751364
323,137.44467859454835,137.4172171203101
310,137.467118542074,137.42676893743868
312,137.48955848959963,137.47214006879943
304,137.51199843712527,137.51034733731376
313,137.5344383846509,137.5390027886995
299,137.55687833217655,137.56765824008522
301,137.5793182797022,137.6034775543174
303,137.60175822722783,137.629745051421
306,137.62419817475347,137.6560125485246
295,137.64663812227911,137.663176411371
299,137.66907806980475,137.71332345129605
298,137.6915180173304,137.73481503983535
297,137.71395796485604,137.76108253693894
299,137.73639791238168,137.7801861711961
301,137.75883785990732,137.81122957686398
300,137.78127780743296,137.83272116540329
294,137.8037177549586,137.8542127539426
294,137.82615770248424,137.86137661678902
294,137.84859765000988,137.90197183958549
296,137.87103759753552,137.9234634281248
294,137.89347754506116,137.94256706238195
299,137.9159174925868,137.9664466052034
295,137.93835744011244,137.98316228517842
288,137.96079738763808,137.99987796515344
285,137.98323733516372,138.01659364512847
287,138.00567728268936,138.0404731879499
286,138.028117230215,138.0548009136428
265,138.05055717774064,138.07151659361782
285,138.07299712526628,138.0858443193107
285,138.09543707279192,138.10255999928572
261,138.11787702031756,138.11211181641428
258,138.1403169678432,138.12166363354285
260,138.16275691536885,138.12882749638928
259,138.1851968628945,138.14315522208216
258,138.20763681042013,138.15031908492858
258,138.23007675794577,138.15987090205715
257,138.23007675794577,138.17419862775003
278,138.23007675794577,138.18136249059646
277,138.23007675794577,138.19091430772505
273,138.23007675794577,138.20046612485365
275,138.23007675794577,138.2028540791358
276,138.23007675794577,138.2147938505465
266,138.23007675794577,138.22434566767507
273,138.23007675794577,138.23389748480363
273,138.23007675794577,138.2434493019322
270,138.23007675794577,138.25300111906077
272,138.23007675794577,138.26732884475365
276,138.23007675794577,138.27688066188222
275,138.23007675794577,138.27926861616436
275,138.23007675794577,138.29120838757507
272,138.23007675794577,138.2983722504215
269,138.23007675794577,138.30314815898578
270,138.23007675794577,138.3103120218322
270,138.23007675794577,138.3150879303965
264,138.23007675794577,138.31986383896077
269,138.23007675794577,138.32463974752505
265,138.23007675794577,138.3270277018072
267,138.23007675794577,138.33419156465362
248,138.23007675794577,138.33419156465362
261,138.23007675794577,138.33657951893576
258,138.23007675794577,138.33419156465362
266,138.23007675794577,138.33180361037148
266,138.23007675794577,138.32941565608934
271,138.23007675794577,138.32463974752505
272,138.23007675794577,138.3222517932429
268,138.23007675794577,138.3222517932429
266,138.23007675794577,138.31747588467863
286,138.23007675794577,138.31269997611435
275,138.23007675794577,138.30792406755006
273,138.23007675794577,138.30553611326792
269,138.23007675794577,138.30553611326792
268,138.23007675794577,138.30553611326792
267,138.23007675794577,138.30553611326792
266,138.23007675794577,138.30553611326792
253,138.23007675794577,138.30553611326792
258,138.23007675794577,138.30792406755006
262,138.23007675794577,138.30792406755006
255,138.23007675794577,138.30792406755006
266,138.23007675794577,138.30553611326792
268,138.23007675794577,138.30314815898578
262,138.23007675794577,138.2983722504215
265,138.23007675794577,138.29120838757507
272,138.23007675794577,138.28882043329293
273,138.23007675794577,138.28404452472864
268,138.23007675794577,138.28404452472864
268,138.23007675794577,138.28404452472864
267,138.23007675794577,138.28404452472864
266,138.23007675794577,138.28404452472864
265,138.23007675794577,138.28404452472864
267,138.23007675794577,138.28404452472864
250,138.23007675794577,138.28404452472864
265,138.23007675794577,138.28404452472864
264,138.23007675794577,138.28404452472864
267,138.23007675794577,138.28404452472864
264,138.23007675794577,138.28404452472864
265,138.23007675794577,138.28404452472864
265,138.23007675794577,138.28404452472864
266,138.23007675794577,138.2816565704465
268,138.23007675794577,138.2816565704465
265,138.23007675794577,138.27449270760007
267,138.23007675794577,138.27210475331793
271,138.23007675794577,138.2697167990358
267,138.23007675794577,138.2649408904715
270,138.23007675794577,138.26016498190722
262,138.23007675794577,138.25777702762508
274,138.23007675794577,138.25538907334294
261,138.23007675794577,138.25061316477866
267,138.23007675794577,138.24583725621437
266,138.23007675794577,138.24344930193223
267,138.23007675794577,138.2362854390858
242,138.23007675794577,138.23389748480366
273,138.23007675794577,138.22673362195724
247,138.23007675794577,138.2243456676751
268,138.23007675794577,138.2195697591108
254,138.23007675794577,138.21718180482867
261,138.23007675794577,138.21479385054653
259,138.23007675794577,138.21240589626439
258,138.23007675794577,138.21001794198224
259,138.23007675794577,138.21001794198224
259,138.23007675794577,138.2076299877001
251,138.23007675794577,138.20524203341796
278,138.23007675794577,138.20524203341796
295,138.23007675794577,138.21001794198224
283,138.23007675794577,138.21001794198224
281,138.23007675794577,138.21001794198224
278,138.23007675794577,138.21479385054653
279,138.23007675794577,138.21718180482867
274,138.23007675794577,138.2243456676751
263,138.23007675794577,138.22673362195724
251,138.23007675794577,138.22195771339295
272,138.23007675794577,138.22195771339295
271,138.23007675794577,138.22195771339295
277,138.23007675794577,138.22195771339295
276,138.23007675794577,138.22195771339295
273,138.23007675794577,138.22195771339295
276,138.23007675794577,138.22195771339295
265,138.23007675794577,138.22195771339295
267,138.23007675794577,138.22195771339295
272,138.23007675794577,138.2195697591108
271,138.23007675794577,138.2195697591108
271,138.23007675794577,138.2195697591108
265,138.23007675794577,138.2195697591108
268,138.23007675794577,138.22195771339295
269,138.23007675794577,138.2243456676751
263,138.23007675794577,138.2243456676751
276,138.23007675794577,138.22912157623938
266,138.23007675794577,138.22912157623938
275,138.23007675794577,138.22912157623938
273,138.23007675794577,138.22912157623938
278,138.23007675794577,138.22673362195724
274,138.23007675794577,138.22673362195724
274,138.23007675794577,138.2243456676751
272,138.23007675794577,138.2243456676751
273,138.23007675794577,138.2243456676751
292,138.23007675794577,138.22673362195724
279,138.23007675794577,138.2243456676751
276,138.23007675794577,138.22195771339295
272,138.23007675794577,138.2195697591108
285,138.23007675794577,138.2195697591108
264,138.23007675794577,138.2243456676751
267,138.23007675794577,138.22673362195724
266,138.23007675794577,138.23150953052152
250,138.23007675794577,138.23867339336795
265,138.23007675794577,138.24583725621437
260,138.23007675794577,138.2482252104965
276,138.23007675794577,138.25061316477866
274,138.23007675794577,138.2530011190608
278,138.23007675794577,138.25538907334294
276,138.23007675794577,138.25777702762508
277,138.23007675794577,138.25538907334294
279,138.23007675794577,138.25061316477866
265,138.23007675794577,138.2530011190608
263,138.23007675794577,138.2482252104965
270,138.23007675794577,138.2482252104965
278,138.23007675794577,138.2482252104965
263,138.23007675794577,138.2482252104965
260,138.23007675794577,138.2482252104965
260,138.23007675794577,138.2482252104965
267,138.23007675794577,138.2482252104965
267,138.23007675794577,138.2482252104965
275,138.23007675794577,138.2482252104965
265,138.23007675794577,138.24583725621437
271,138.23007675794577,138.24583725621437
267,138.23007675794577,138.24583725621437
267,138.23007675794577,138.24344930193223
271,138.23007675794577,138.2410613476501
281,138.23007675794577,138.2410613476501
269,138.23007675794577,138.2410613476501
270,138.23007675794577,138.2410613476501
276,138.23007675794577,138.2410613476501
272,138.23007675794577,138.2410613476501
271,138.23007675794577,138.2410613476501
271,138.23007675794577,138.2410613476501
270,138.23007675794577,138.24344930193223
268,138.23007675794577,138.2410613476501
270,138.23007675794577,138.2362854390858
268,138.23007675794577,138.23150953052152
260,138.23007675794577,138.2195697591108
268,138.23007675794577,138.21479385054653
253,138.23007675794577,138.21240589626439
256,138.23007675794577,138.2076299877001
255,138.23007675794577,138.2076299877001
253,138.23007675794577,138.2076299877001
265,138.23007675794577,138.21001794198224
260,138.23007675794577,138.21001794198224
266,138.23007675794577,138.21240589626439
279,138.23007675794577,138.21479385054653
272,138.23007675794577,138.21718180482867
269,138.23007675794577,138.21479385054653
265,138.23007675794577,138.21718180482867
266,138.23007675794577,138.2195697591108
265,138.23007675794577,138.22195771339295
263,138.23007675794577,138.22195771339295
272,138.23007675794577,138.22673362195724
269,138.23007675794577,138.23150953052152
269,138.23007675794577,138.22912157623938
254,138.23007675794577,138.22673362195724
272,138.23007675794577,138.22912157623938
274,138.23007675794577,138.22912157623938
278,138.23007675794577,138.22673362195724
267,138.23007675794577,138.22912157623938
269,138.23007675794577,138.22912157623938
283,138.23007675794577,138.22673362195724
276,138.23007675794577,138.22912157623938
271,138.23007675794577,138.22673362195724
268,138.23007675794577,138.22673362195724
264,138.23007675794577,138.22673362195724
265,138.23007675794577,138.22673362195724
272,138.23007675794577,138.22673362195724
265,138.23007675794577,138.22673362195724
266,138.23007675794577,138.22673362195724
268,138.23007675794577,138.22673362195724
266,138.23007675794577,138.22673362195724
268,138.23007675794577,138.22673362195724
266,138.23007675794577,138.22673362195724
265,138.23007675794577,138.22673362195724
267,138.23007675794577,138.22673362195724
267,138.23007675794577,138.22673362195724
267,138.23007675794577,138.22673362195724
268,138.23007675794577,138.22912157623938
265,138.23007675794577,138.22912157623938
266,138.23007675794577,138.22912157623938
266,138.23007675794577,138.22912157623938
266,138.23007675794577,138.23150953052152
263,138.23007675794577,138.23150953052152
281,138.23007675794577,138.22673362195724
264,138.23007675794577,138.22673362195724
284,138.23007675794577,138.22912157623938
268,138.23007675794577,138.22912157623938
271,138.23007675794577,138.2362854390858
266,138.23007675794577,138.2362854390858
271,138.23007675794577,138.23867339336795
259,138.23007675794577,138.24344930193223
262,138.23007675794577,138.24583725621437
261,138.23007675794577,138.2482252104965
267,138.23007675794577,138.2482252104965
268,138.23007675794577,138.24583725621437
243,138.23007675794577,138.24344930193223
255,138.23007675794577,138.24583725621437
264,138.23007675794577,138.24583725621437
263,138.23007675794577,138.23867339336795
262,138.23007675794577,138.23867339336795
271,138.23007675794577,138.2362854390858
290,138.23007675794577,138.2362854390858
273,138.23007675794577,138.23150953052152
275,138.23007675794577,138.22673362195724
274,138.23007675794577,138.22195771339295
273,138.23007675794577,138.22195771339295
273,138.23007675794577,138.21479385054653
280,138.23007675794577,138.2076299877001
270,138.23007675794577,138.20524203341796
269,138.23007675794577,138.20046612485368
270,138.23007675794577,138.1956902162894
276,138.23007675794577,138.19330226200725
272,138.23007675794577,138.1909143077251
268,138.23007675794577,138.1909143077251
276,138.23007675794577,138.1909143077251
281,138.23007675794577,138.1909143077251
274,138.23007675794577,138.1909143077251
274,138.23007675794577,138.1909143077251
275,138.23007675794577,138.1909143077251
276,138.23007675794577,138.1909143077251
277,138.23007675794577,138.1909143077251
272,138.23007675794577,138.1909143077251
256,138.23007675794577,138.1909143077251
253,138.23007675794577,138.1909143077251
254,138.23007675794577,138.19330226200725
252,138.23007675794577,138.20046612485368
254,138.23007675794577,138.2076299877001
249,138.23007675794577,138.21001794198224
238,138.23007675794577,138.21240589626439
270,138.23007675794577,138.2243456676751
266,138.23007675794577,138.22912157623938
274,138.23007675794577,138.23389748480366
279,138.23007675794577,138.2410613476501
277,138.23007675794577,138.24344930193223
276,138.23007675794577,138.24344930193223
287,138.23007675794577,138.24583725621437
267,138.23007675794577,138.24583725621437
286,138.23007675794577,138.25061316477866
262,138.23007675794577,138.24583725621437
266,138.23007675794577,138.24583725621437
267,138.23007675794577,138.24344930193223
264,138.23007675794577,138.24583725621437
259,138.23007675794577,138.2482252104965
264,138.23007675794577,138.25061316477866
263,138.23007675794577,138.2482252104965
257,138.23007675794577,138.2482252104965
262,138.23007675794577,138.2482252104965
260,138.23007675794577,138.25061316477866
262,138.23007675794577,138.2482252104965
262,138.23007675794577,138.24344930193223
260,138.23007675794577,138.24344930193223
281,138.23007675794577,138.24344930193223
278,138.23007675794577,138.24344930193223
264,138.23007675794577,138.23867339336795
270,138.2525167054714,138.23867339336795
261,138.27495665299705,138.23867339336795
270,138.2973966005227,138.23867339336795
263,138.31983654804833,138.23867339336795
262,138.34227649557397,138.23867339336795
265,138.3647164430996,138.23867339336795
263,138.38715639062525,138.23867339336795
265,138.4095963381509,138.2410613476501
267,138.43203628567653,138.2410613476501
272,138.45447623320217,138.24344930193223
271,138.4769161807278,138.25061316477866
269,138.49935612825345,138.27210475331796
271,138.5217960757791,138.29359634185727
265,138.54423602330473,138.3103120218323
276,138.56667597083037,138.35090724462876
264,138.58911591835601,138.3843386045788
269,138.61155586588166,138.420157918811
256,138.6339958134073,138.46791700445388
250,138.65643576093294,138.5061242729682
254,138.67887570845858,138.54433154148253
257,138.70131565598422,138.584926764279
248,138.72375560350986,138.6064183528183
246,138.7461955510355,138.66611720987194
249,138.76863549856114,138.69954856982199
243,138.79107544608678,138.73059197548986
239,138.81351539361242,138.76641128972204
229,138.83595534113806,138.79267878682563
241,138.8583952886637,138.81894628392922
239,138.88083523618934,138.8452137810328
240,138.90327518371498,138.86192946100783
240,138.92571513124062,138.89774877524002
228,138.94815507876626,138.91924036377932
228,138.9705950262919,138.9383439980365
245,138.99303497381754,138.96222354085793
231,139.01547492134318,138.98371512939724
232,139.03791486886882,139.0028187636544
227,139.06035481639447,139.02669830647585
230,139.0827947639201,139.03386216932228
220,139.10523471144575,139.06968148355446
221,139.1276746589714,139.0935610263759
220,139.15011460649703,139.1198285234795
219,139.17255455402267,139.1413201120188
221,139.1949945015483,139.1628117005581
221,139.21743444907395,139.18191533481527
217,139.2398743965996,139.20101896907244
209,139.26231434412523,139.2296744204582
212,139.28475429165087,139.24877805471536
212,139.3071942391765,139.26788168897252
211,139.32963418670215,139.29653714035825
210,139.3520741342278,139.31802872889756
214,139.37451408175343,139.33952031743686
206,139.39695402927907,139.36101190597617
193,139.4193939768047,139.37533963166905
191,139.44183392433035,139.4087709916191
188,139.464273871856,139.43265053444054
190,139.48671381938163,139.4636939401084
193,139.50915376690727,139.48518552864772
192,139.53159371443292,139.5114530257513
192,139.55403366195856,139.53533256857276
191,139.5764736094842,139.56637597424063
189,139.59891355700984,139.5759277913692
185,139.62135350453548,139.61174710560138
185,139.64379345206112,139.6332386941407
188,139.66623339958676,139.65950619124428
185,139.6886733471124,139.68099777978358
183,139.71111329463804,139.70010141404074
177,139.73355324216368,139.7239809568622
176,139.75599318968932,139.7406966368372
173,139.77843313721496,139.7454725454015
175,139.8008730847406,139.77412799678723
178,139.82331303226624,139.79800753960868
175,139.84575297979188,139.8147232195837
174,139.86819292731752,139.83382685384086
168,139.89063287484316,139.85293048809802
169,139.9130728223688,139.87681003091947
167,139.93551276989444,139.89591366517664
169,139.95795271742008,139.90546548230523
170,139.98039266494573,139.94367275081956
168,140.00283261247137,139.96516433935886
169,140.025272559997,139.9890438821803
156,140.04771250752265,140.0153113792839
157,140.0701524550483,140.04396683066963
152,140.09259240257393,140.06784637349108
155,140.11503235009957,140.08695000774824
155,140.1374722976252,140.11799341341612
155,140.15991224515085,140.149036819084
154,140.1823521926765,140.17530431618758
144,140.20479214020213,140.19918385900903
147,140.22723208772777,140.2302272646769
144,140.2496720352534,140.2517188532162
143,140.27211198277905,140.2732104417555
148,140.2945519303047,140.2875381674484
147,140.31699187783033,140.31858157311626
146,140.33943182535597,140.34007316165557
134,140.3618717728816,140.36156475019487
134,140.38431172040725,140.38544429301632
115,140.4067516679329,140.40454792727348
129,140.42919161545854,140.4212636072485
128,140.45163156298418,140.43797928722353
119,140.47407151050982,140.4475311043521
131,140.49651145803546,140.47618655573783
127,140.5189514055611,140.49290223571285
125,140.54139135308674,140.51916973281644
123,140.56383130061238,140.5382733670736
121,140.58627124813802,140.5597649556129
129,140.60871119566366,140.58842040699867
130,140.6311511431893,140.60752404125583
126,140.65359109071494,140.6122999498201
125,140.67603103824058,140.64573130977016
115,140.69847098576622,140.67199880687375
109,140.72091093329186,140.69349039541305
107,140.7433508808175,140.7125940296702
105,140.76579082834314,140.73647357249166
113,140.78823077586878,140.76274106959525
100,140.81067072339442,140.7866206124167
115,140.83311067092006,140.79378447526312
102,140.8555506184457,140.84154356090602
108,140.87799056597134,140.86542310372747
101,140.90043051349699,140.8893026465489
103,140.92287046102263,140.91079423508822
103,140.94531040854827,140.9418376407561
96,140.9677503560739,140.9633292292954
103,140.99019030359955,140.98004490927042
90,141.0126302511252,141.00870036065618
94,141.03507019865083,141.03974376632405
91,141.05751014617647,141.06123535486336
91,141.0799500937021,141.08033898912052
94,141.10239004122775,141.10899444050625
97,141.1248299887534,141.1328739833277
93,141.14726993627903,141.15197761758486
77,141.16970988380467,141.16869329755988
85,141.1921498313303,141.20212465750993
82,141.21458977885595,141.22361624604923
81,141.2370297263816,141.24749578887068
75,141.25946967390723,141.27376328597427
83,141.28190962143287,141.2904789659493
74,141.30434956895851,141.30958260020645
87,141.32678951648415,141.33107418874576
90,141.3492294640098,141.3430139601565
94,141.37166941153544,141.37883327438868
94,141.39410935906108,141.39793690864585
92,141.41654930658672,141.41942849718515
91,141.43898925411236,141.44569599428874
89,141.461429201638,141.4695755371102
67,141.48386914916364,141.4910671256495
63,141.50630909668928,141.51017075990666
66,141.52874904421492,141.5340503027281
65,141.55118899174056,141.55792984554955
62,141.5736289392662,141.57942143408886
65,141.59606888679184,141.6033009769103
64,141.61850883431748,141.63195642829604
56,141.64094878184312,141.65344801683534
54,141.66338872936876,141.6773275596568
59,141.6858286768944,141.69643119391395
57,141.70826862442004,141.72508664529968
54,141.73070857194568,141.746578233839
59,141.75314851947132,141.77284573094258
60,141.77558846699696,141.79433731948188
49,141.7980284145226,141.8158289080212
46,141.82046836204825,141.8373204965605
42,141.8429083095739,141.86358799366408
43,141.86534825709953,141.8707518565105
44,141.88778820462517,141.90418321646055
44,141.9102281521508,141.93283866784628
47,141.93266809967645,141.95194230210345
39,141.9551080472021,141.97343389064275
37,141.97754799472773,141.99253752489992
40,141.99998794225337,142.01641706772136
39,142.022427889779,142.03552070197853
37,142.04486783730465,142.0402966105428
34,142.0673077848303,142.07611592477497
39,142.08974773235593,142.09283160475
31,142.11218767988157,142.1143231932893
30,142.1346276274072,142.13820273611074
31,142.15706757493285,142.1573063703679
41,142.1795075224585,142.18118591318935
28,142.20194746998413,142.2050654560108
34,142.22438741750977,142.21939318170368
37,142.24682736503541,142.257600450218
20,142.26926731256106,142.2790920387573
20,142.2917072600867,142.31013544442519
22,142.31414720761234,142.33401498724663
22,142.33658715513798,142.3531186215038
21,142.35902710266362,142.37699816432524
21,142.38146705018926,142.4008777071467
21,142.4039069977149,142.42714520425028
12,142.42634694524054,142.44863679278959
13,142.44878689276618,142.47251633561103
16,142.47122684029182,142.4916199698682
14,142.49366678781746,142.51072360412536
15,142.5161067353431,142.5346031469468
13,142.53854668286874,142.5560947354861
13,142.56098663039438,142.570422461179
8,142.58342657792002,142.5919140497183
8,142.60586652544566,142.6134056382576
7,142.6283064729713,142.63012131823263
7,142.65074642049694,142.6492249524898
10,142.67318636802258,142.6707165410291
7,142.69562631554822,142.6922081295684
5,142.71806626307387,142.71131176382556
3,142.7405062105995,142.71608767238985
359,142.76294615812515,142.74474312377558
356,142.7853861056508,142.76623471231488
357,142.80782605317643,142.7829503922899
0,142.83026600070207,142.8044419808292
358,142.8527059482277,142.8187697065221
358,142.87514589575335,142.8522010664721
352,142.897585843279,142.87130470072927
350,142.92002579080463,142.8784685635757
352,142.94246573833027,142.9262276492186
354,142.9649056858559,142.95010719204004
351,142.98734563338155,142.97637468914363
351,143.0097855809072,143.00264218624721
351,143.03222552843283,143.0336855919151
345,143.05466547595847,143.05756513473654
335,143.0771054234841,143.07905672327584
340,143.09954537100975,143.09577240325086
338,143.1219853185354,143.1339796717652
343,143.14442526606103,143.15308330602235
343,143.16686521358668,143.17218694027952
341,143.18930516111232,143.19367852881882
325,143.21174510863796,143.21755807164027
328,143.2341850561636,143.2342737516153
331,143.25662500368924,143.246213523026
329,143.27906495121488,143.2677051115653
326,143.30150489874052,143.28680874582247
335,143.32394484626616,143.3035244257975
327,143.3463847937918,143.32262806005465
335,143.36882474131744,143.35128351144039
332,143.39126468884308,143.3727750999797
331,143.41370463636872,143.39665464280114
329,143.43614458389436,143.41098236849402
326,143.45858453142,143.44441372844406
323,143.48102447894564,143.4682932712655
329,143.50346442647128,143.48978485980481
325,143.52590437399692,143.51366440262626
321,143.54834432152256,143.54470780829413
317,143.5707842690482,143.56858735111558
317,143.59322421657384,143.5900789396549
317,143.61566416409948,143.59963075678348
320,143.63810411162513,143.63545007101567
316,143.66054405915077,143.65455370527283
321,143.6829840066764,143.67365733953
310,143.70542395420205,143.69276097378716
311,143.7278639017277,143.7166405166086
318,143.75030384925333,143.73574415086577
312,143.77274379677897,143.75484778512293
313,143.7951837443046,143.76201164796936
311,143.81762369183025,143.80260687076583
310,143.8400636393559,143.82409845930513
296,143.86250358688153,143.84559004784444
304,143.88494353440717,143.87424549923017
296,143.9073834819328,143.89573708776948
297,143.92982342945845,143.91722867630878
299,143.9522633769841,143.94110821913023
300,143.97470332450973,143.9554359448231
301,143.99714327203537,143.99603116761958
288,144.019583219561,144.01752275615888
295,144.04202316708665,144.04379025326247
294,144.0644631146123,144.07005775036606
297,144.08690306213794,144.0939372931875
294,144.10934300966358,144.1154288817268
297,144.13178295718922,144.13930842454826
299,144.15422290471486,144.1631879673697
280,144.1766628522405,144.18229160162687
282,144.19910279976614,144.20378319016618
284,144.22154274729178,144.23005068726977
290,144.24398269481742,144.25154227580907
285,144.26642264234306,144.2682579557841
291,144.2888625898687,144.28736159004126
284,144.31130253739434,144.30646522429842
277,144.33374248491998,144.332732721402
275,144.35618243244562,144.35183635565917
278,144.37862237997126,144.37810385276276
269,144.4010623274969,144.39959544130207
280,144.42350227502254,144.42347498412352
273,144.44594222254818,144.44257861838068
280,144.46838217007382,144.4712340697664
265,144.49082211759946,144.48794974974143
271,144.5132620651251,144.51660520112716
265,144.5132620651251,144.5452606525129
268,144.5132620651251,144.5667522410522
268,144.5132620651251,144.5882438295915
268,144.5132620651251,144.60495950956653
266,144.5132620651251,144.6192872352594
257,144.5132620651251,144.63122700667014
255,144.5132620651251,144.6336149609523
251,144.5132620651251,144.63839086951657
250,144.5132620651251,144.6407788237987
257,144.5132620651251,144.64316677808085
255,144.5132620651251,144.64794268664514
253,144.5132620651251,144.65033064092728
265,144.5132620651251,144.65271859520942
264,144.5132620651251,144.6574945037737
257,144.5132620651251,144.662270412338
255,144.5132620651251,144.66465836662013
257,144.5132620651251,144.66943427518441
253,144.5132620651251,144.6742101837487
256,144.5132620651251,144.67898609231298
247,144.5132620651251,144.67659813803084
255,144.5132620651251,144.67898609231298
244,144.5132620651251,144.6742101837487
248,144.5132620651251,144.67182222946656
258,144.5132620651251,144.66704632090227
260,144.5132620651251,144.65988245805585
259,144.5132620651251,144.65271859520942
237,144.5132620651251,144.6407788237987
235,144.5132620651251,144.6336149609523
260,144.5132620651251,144.62406314382372
238,144.5132620651251,144.6168992809773
243,144.5132620651251,144.60734746384873
246,144.5132620651251,144.60734746384873
235,144.5132620651251,144.60734746384873
252,144.5132620651251,144.60734746384873
251,144.5132620651251,144.60734746384873
252,144.5132620651251,144.60734746384873
264,144.5132620651251,144.60734746384873
254,144.5132620651251,144.60734746384873
251,144.5132620651251,144.60734746384873
254,144.5132620651251,144.60734746384873
255,144.5132620651251,144.60734746384873
265,144.5132620651251,144.60734746384873
255,144.5132620651251,144.60734746384873
256,144.5132620651251,144.60734746384873
260,144.5132620651251,144.60734746384873
260,144.5132620651251,144.60734746384873
256,144.5132620651251,144.60734746384873
260,144.5132620651251,144.60734746384873
261,144.5132620651251,144.60734746384873
257,144.5132620651251,144.60734746384873
261,144.5132620651251,144.60495950956658
261,144.5132620651251,144.60495950956658
257,144.5132620651251,144.6001836010023
266,144.5132620651251,144.6001836010023
258,144.5132620651251,144.58585587530942
261,144.5132620651251,144.57630405818085
264,144.5132620651251,144.56675224105228
273,144.5132620651251,144.55958837820586
265,144.5132620651251,144.54764860679512
262,144.5132620651251,144.53809678966653
271,144.5132620651251,144.5309329268201
278,144.5132620651251,144.52854497253796
268,144.5132620651251,144.52138110969153
269,144.5132620651251,144.5189931554094
259,144.5132620651251,144.5189931554094
257,144.5132620651251,144.51660520112725
258,144.5132620651251,144.51182929256296
260,144.5132620651251,144.5142172468451
267,144.5132620651251,144.5142172468451
263,144.5132620651251,144.51182929256296
263,144.5132620651251,144.51182929256296
260,144.5132620651251,144.5142172468451
274,144.5132620651251,144.51182929256296
275,144.5132620651251,144.50944133828082
272,144.5132620651251,144.50705338399868
274,144.5132620651251,144.5022774754344
268,144.5132620651251,144.49988952115226
269,144.5132620651251,144.49511361258797
281,144.5132620651251,144.4975015668701
262,144.5132620651251,144.49272565830583
266,144.5132620651251,144.49511361258797
266,144.5132620651251,144.49511361258797
272,144.5132620651251,144.49511361258797
265,144.5132620651251,144.4975015668701
263,144.5132620651251,144.4975015668701
262,144.5132620651251,144.4975015668701
257,144.5132620651251,144.4975015668701
263,144.5132620651251,144.49272565830583
265,144.5132620651251,144.49511361258797
267,144.5132620651251,144.49511361258797
271,144.5132620651251,144.49511361258797
273,144.5132620651251,144.49511361258797
271,144.5132620651251,144.49511361258797
269,144.5132620651251,144.49511361258797
283,144.5132620651251,144.49511361258797
294,144.5132620651251,144.49511361258797
234,144.5132620651251,144.49511361258797
289,144.5132620651251,144.49511361258797
314,144.5132620651251,144.4975015668701
268,144.5132620651251,144.4975015668701
232,144.5132620651251,144.4975015668701
222,144.5132620651251,144.5022774754344
218,144.5132620651251,144.50705338399868
229,144.5132620651251,144.51660520112725
270,144.5132620651251,144.52138110969153
266,144.5132620651251,144.52138110969153
251,144.5132620651251,144.5189931554094
230,144.5132620651251,144.51660520112725
229,144.5132620651251,144.50466542971654
237,144.5132620651251,144.4975015668701
241,144.5132620651251,144.4903377040237
267,144.5132620651251,144.48078588689512
263,144.5132620651251,144.4736220240487
245,144.5132620651251,144.46407020692013
234,144.5132620651251,144.45451838979156
215,144.5132620651251,144.45213043550942
224,144.5132620651251,144.4401906640987
236,144.5132620651251,144.43780270981657
304,144.5132620651251,144.43780270981657
331,144.5132620651251,144.43780270981657
14,144.5132620651251,144.43780270981657
211,144.5132620651251,144.43780270981657
201,144.5132620651251,144.43780270981657
192,144.5132620651251,144.43780270981657
221,144.5132620651251,144.43780270981657
296,144.5132620651251,144.43780270981657
300,144.5132620651251,144.43780270981657
288,144.5132620651251,144.43780270981657
276,144.5132620651251,144.43780270981657
273,144.5132620651251,144.43780270981657
264,144.5132620651251,144.43780270981657
283,144.5132620651251,144.43780270981657
167,144.5132620651251,144.43780270981657
146,144.5132620651251,144.43780270981657
136,144.5132620651251,144.43780270981657
158,144.5132620651251,144.43780270981657
189,144.5132620651251,144.43780270981657
206,144.5132620651251,144.43780270981657
200,144.5132620651251,144.43780270981657
212,144.5132620651251,144.43780270981657
249,144.5132620651251,144.43780270981657
271,144.5132620651251,144.43780270981657
273,144.5132620651251,144.43780270981657
296,144.5132620651251,144.43780270981657
116,144.5132620651251,144.43780270981657
74,144.5132620651251,144.43780270981657
281,144.5132620651251,144.43780270981657
110,144.5132620651251,144.43780270981657
174,144.5132620651251,144.43780270981657
295,144.5132620651251,144.43780270981657
331,144.5132620651251,144.43780270981657
312,144.5132620651251,144.43780270981657
327,144.5132620651251,144.43780270981657
56,144.5132620651251,144.43780270981657
29,144.5132620651251,144.43780270981657
81,144.5132620651251,144.43780270981657
249,144.5132620651251,144.43780270981657
28,144.5132620651251,144.43780270981657
103,144.5132620651251,144.43780270981657
199,144.5132620651251,144.43780270981657
227,144.5132620651251,144.43780270981657
35,144.5132620651251,144.43780270981657
222,144.5132620651251,144.43780270981657
356,144.5132620651251,144.43780270981657
49,144.5132620651251,144.43780270981657
204,144.5132620651251,144.43780270981657
128,144.5132620651251,144.43780270981657
36,144.5132620651251,144.43780270981657
197,144.5132620651251,144.43780270981657
20,144.5132620651251,144.43780270981657
133,144.5132620651251,144.43780270981657
182,144.5132620651251,144.43780270981657
34,144.5132620651251,144.43780270981657
119,144.5132620651251,144.43780270981657
70,144.5132620651251,144.43780270981657
39,144.5132620651251,144.43780270981657
144,144.5132620651251,144.43780270981657
26,144.5132620651251,144.43780270981657
183,144.5132620651251,144.43780270981657
97,144.5132620651251,144.43780270981657
28,144.5132620651251,144.43780270981657
163,144.5132620651251,144.43780270981657
69,144.5132620651251,144.43780270981657
55,144.5132620651251,144.43780270981657
157,144.5132620651251,144.43780270981657
57,144.5132620651251,144.43780270981657
123,144.5132620651251,144.43780270981657
100,144.5132620651251,144.43780270981657
48,144.5132620651251,144.43780270981657
146,144.5132620651251,144.43780270981657
65,144.5132620651251,144.43780270981657
88,144.5132620651251,144.43780270981657
108,144.5132620651251,144.43780270981657
59,144.5132620651251,144.43780270981657
124,144.5132620651251,144.43780270981657
86,144.5132620651251,144.43780270981657
71,144.5132620651251,144.43780270981657
147,144.5132620651251,144.43780270981657
45,144.5132620651251,144.43780270981657
129,144.5132620651251,144.43780270981657
77,144.5132620651251,144.43780270981657
74,144.5132620651251,144.43780270981657
97,144.5132620651251,144.43780270981657
75,144.5132620651251,144.43780270981657
91,144.5132620651251,144.43780270981657
88,144.5132620651251,144.43780270981657
66,144.5132620651251,144.43780270981657
113,144.5132620651251,144.43780270981657
75,144.5132620651251,144.43780270981657
97,144.5132620651251,144.43780270981657
103,144.5132620651251,144.43780270981657
70,144.5132620651251,144.43780270981657
104,144.5132620651251,144.43780270981657
83,144.5132620651251,144.43780270981657
93,144.5132620651251,144.43780270981657
109,144.5132620651251,144.43780270981657
70,144.5132620651251,144.43780270981657
84,144.5132620651251,144.43780270981657
86,144.5132620651251,144.43780270981657
86,144.5132620651251,144.43780270981657
117,144.5132620651251,144.43780270981657
80,144.5132620651251,144.43780270981657
73,144.5132620651251,144.43780270981657
95,144.5132620651251,144.43780270981657
82,144.5132620651251,144.43780270981657
82,144.5132620651251,144.43780270981657
89,144.5132620651251,144.43780270981657
82,144.5132620651251,144.43780270981657
97,144.5132620651251,144.43780270981657
86,144.5132620651251,144.43780270981657
82,144.5132620651251,144.43780270981657
79,144.5132620651251,144.43780270981657
87,144.5132620651251,144.43780270981657
85,144.5132620651251,144.43780270981657
89,144.5132620651251,144.43780270981657
83,144.5132620651251,144.43780270981657
85,144.5132620651251,144.43780270981657
86,144.5132620651251,144.43780270981657
