phase,x,y,theta,alpha,ref_x,ref_y,ref_theta,ref_alpha
0,0.0,0.0,0.0,90.97097399102842,0,0,0.0,11.2
0,0.0,0.0,0.0,90.97151321802444,0,0,0.0,11.2
0,0.0,0.0,0.0,90.97129082945483,0,0,0.0,11.2
0,0.0,0.0,0.0,90.97100368176832,0,0,0.0,11.2
0,0.0,0.0,0.0,90.96952231335246,0,0,0.0,11.2
0,0.0,0.0,0.0,90.96906296702063,0,0,0.0,11.2
0,0.0,0.0,0.0,90.96708924211552,0,0,0.0,11.2
0,0.0,0.0,0.0,90.96665337755218,0,0,0.0,11.2
0,0.0,0.0,0.0,90.96571380331864,0,0,0.0,11.2
0,0.0,0.0,0.0,90.96417196239238,0,0,0.0,11.2
0,0.0,0.0,0.0,90.96469563103325,0,0,0.0,11.2
0,0.0,0.0,0.0,90.96211394546397,0,0,0.0,11.2
0,0.0,0.0,0.0,90.96112309878434,0,0,0.0,11.2
0,0.0,0.0,0.0,90.96118025094115,0,0,0.0,11.2
0,0.0,0.0,0.0,90.96129391607695,0,0,0.0,11.2
0,0.0,0.0,0.0,90.96047731330431,0,0,0.0,11.2
0,0.0,0.0,0.0,90.95861970394486,0,0,0.0,11.2
0,0.0,0.0,0.0,90.95788010590695,0,0,0.0,11.2
0,0.0,0.0,0.0,90.95768664497683,0,0,0.0,11.2
0,0.0,0.0,0.0,90.9565665795058,0,0,0.0,11.2
0,0.0,0.0,0.0,90.9549402091927,0,0,0.0,11.2
0,0.0,0.0,0.0,90.95482876466447,0,0,0.0,11.2
0,0.0,0.0,0.0,90.9542125744386,0,0,0.0,11.2
0,0.0,0.0,0.0,90.95410814765879,0,0,0.0,11.2
0,0.0,0.0,0.0,90.95396327565976,0,0,0.0,11.2
0,0.0,0.0,0.0,90.95266328385071,0,0,0.0,11.2
0,0.0,0.0,0.0,90.9528535748544,0,0,0.0,11.2
0,0.0,0.0,0.0,90.95247195550193,0,0,0.0,11.2
0,0.0,0.0,0.0,90.95102535853707,0,0,0.0,11.2
0,0.0,0.0,0.0,90.95209983934431,0,0,0.0,11.2
0,0.0,0.0,0.0,90.9510376900852,0,0,0.0,11.2
0,0.0,0.0,0.0,90.95160057503313,0,0,0.0,11.2
0,0.0,0.0,0.0,90.95060224725354,0,0,0.0,11.2
0,0.0,0.0,0.0,90.94913084401155,0,0,0.0,11.2
0,0.0,0.0,0.0,90.94770116960292,0,0,0.0,11.2
0,0.0,0.0,0.0,90.94784788661667,0,0,0.0,11.2
0,0.0,0.0,0.0,90.94649741493285,0,0,0.0,11.2
0,0.0,0.0,0.0,90.94674895642086,0,0,0.0,11.2
0,0.0,0.0,0.0,90.94802977105493,0,0,0.0,11.2
0,0.0,0.0,0.0,90.94879536832681,0,0,0.0,11.2
0,0.0,0.0,0.0,90.94753570428585,0,0,0.0,11.2
0,0.0,0.0,0.0,90.9472839312858,0,0,0.0,11.2
0,0.0,0.0,0.0,90.9465209216508,0,0,0.0,11.2
0,0.0,0.0,0.0,90.94522145654406,0,0,0.0,11.2
0,0.0,0.0,0.0,90.94495670963931,0,0,0.0,11.2
0,0.0,0.0,0.0,90.94366316747833,0,0,0.0,11.2
0,0.0,0.0,0.0,90.94501005477481,0,0,0.0,11.2
0,0.0,0.0,0.0,90.94323209813759,0,0,0.0,11.2
0,0.0,0.0,0.0,90.9414459799228,0,0,0.0,11.2
0,0.0,0.0,0.0,90.9401226631569,0,0,0.0,11.2
0,0.0,0.0,0.0,90.9413237769525,0,0,0.0,11.2
0,0.0,0.0,0.0,90.93992155714801,0,0,0.0,11.2
0,0.0,0.0,0.0,90.93904883237154,0,0,0.0,11.2
0,0.0,0.0,0.0,90.93865871661322,0,0,0.0,11.2
0,0.0,0.0,0.0,90.94095497634615,0,0,0.0,11.2
0,0.0,0.0,0.0,90.94064244710317,0,0,0.0,11.2
0,0.0,0.0,0.0,90.93979416372981,0,0,0.0,11.2
0,0.0,0.0,0.0,90.93945450266396,0,0,0.0,11.2
0,0.0,0.0,0.0,90.94125310500294,0,0,0.0,11.2
0,0.0,0.0,0.0,90.94048655334144,0,0,0.0,11.2
0,0.0,0.0,0.0,90.93976072622281,0,0,0.0,11.2
0,0.0,0.0,0.0,90.93854194652033,0,0,0.0,11.2
0,0.0,0.0,0.0,90.93735643082415,0,0,0.0,11.2
0,0.0,0.0,0.0,90.93673095924872,0,0,0.0,11.2
0,0.0,0.0,0.0,90.93397928244711,0,0,0.0,11.2
0,0.0,0.0,0.0,90.93438331469326,0,0,0.0,11.2
0,0.0,0.0,0.0,90.93316421537288,0,0,0.0,11.2
0,0.0,0.0,0.0,90.93302920574772,0,0,0.0,11.2
0,0.0,0.0,0.0,90.93141881849853,0,0,0.0,11.2
0,0.0,0.0,0.0,90.93297773066239,0,0,0.0,11.2
0,0.0,0.0,0.0,90.93059136881533,0,0,0.0,11.2
0,0.0,0.0,0.0,90.93074282130358,0,0,0.0,11.2
0,0.0,0.0,0.0,90.93136802223033,0,0,0.0,11.2
0,0.0,0.0,0.0,90.93102657428913,0,0,0.0,11.2
0,0.0,0.0,0.0,90.92967229504546,0,0,0.0,11.2
0,0.0,0.0,0.0,90.92831349449128,0,0,0.0,11.2
0,0.0,0.0,0.0,90.92702778264052,0,0,0.0,11.2
0,0.0,0.0,0.0,90.92413586342609,0,0,0.0,11.2
0,0.0,0.0,0.0,90.92528315848934,0,0,0.0,11.2
0,0.0,0.0,0.0,90.92432840134259,0,0,0.0,11.2
0,0.0,0.0,0.0,90.92368557110488,0,0,0.0,11.2
0,0.0,0.0,0.0,90.92461571817289,0,0,0.0,11.2
0,0.0,0.0,0.0,90.92354893428012,0,0,0.0,11.2
0,0.0,0.0,0.0,90.92660888171223,0,0,0.0,11.2
0,0.0,0.0,0.0,90.92804367514093,0,0,0.0,11.2
0,0.0,0.0,0.0,90.92840435740764,0,0,0.0,11.2
0,0.0,0.0,0.0,90.92930824186622,0,0,0.0,11.2
0,0.0,0.0,0.0,90.92921435172734,0,0,0.0,11.2
0,0.0,0.0,0.0,90.931773145265,0,0,0.0,11.2
0,0.0,0.0,0.0,90.93118873079116,0,0,0.0,11.2
0,0.0,0.0,0.0,90.93058632308917,0,0,0.0,11.2
0,0.0,0.0,0.0,90.93059181059314,0,0,0.0,11.2
0,0.0,0.0,0.0,90.93056019900352,0,0,0.0,11.2
0,0.0,0.0,0.0,90.93212361883546,0,0,0.0,11.2
0,0.0,0.0,0.0,90.93270326349779,0,0,0.0,11.2
0,0.0,0.0,0.0,90.93178693557398,0,0,0.0,11.2
0,0.0,0.0,0.0,90.93444967408837,0,0,0.0,11.2
0,0.0,0.0,0.0,90.93451153999499,0,0,0.0,11.2
0,0.0,0.0,0.0,90.93454608453618,0,0,0.0,11.2
0,0.0,0.0,0.0,90.93300085279861,0,0,0.0,11.2
0,0.0,0.0,0.0,90.93461566932739,0,0,0.0,11.2
0,0.0,0.0,0.0,90.93364277282312,0,0,0.0,11.2
0,0.0,0.0,0.0,90.93372139181466,0,0,0.0,11.2
0,0.0,0.0,0.0,90.93166105227158,0,0,0.0,11.2
0,0.0,0.0,0.0,90.93216403396752,0,0,0.0,11.2
0,0.0,0.0,0.0,90.93218559894646,0,0,0.0,11.2
0,0.0,0.0,0.0,90.93061747456498,0,0,0.0,11.2
0,0.0,0.0,0.0,90.93062043504408,0,0,0.0,11.2
0,0.0,0.0,0.0,90.92910416064562,0,0,0.0,11.2
0,0.0,0.0,0.0,90.92915017441516,0,0,0.0,11.2
0,0.0,0.0,0.0,90.93122055513824,0,0,0.0,11.2
0,0.0,0.0,0.0,90.93164960958018,0,0,0.0,11.2
0,0.0,0.0,0.0,90.93098191611905,0,0,0.0,11.2
0,0.0,0.0,0.0,90.93084879889788,0,0,0.0,11.2
0,0.0,0.0,0.0,90.93126663671899,0,0,0.0,11.2
0,0.0,0.0,0.0,90.92951370222525,0,0,0.0,11.2
0,0.0,0.0,0.0,90.93092652919091,0,0,0.0,11.2
0,0.0,0.0,0.0,90.9302138637387,0,0,0.0,11.2
0,0.0,0.0,0.0,90.93255507454462,0,0,0.0,11.2
0,0.0,0.0,0.0,90.93226341847289,0,0,0.0,11.2
0,0.0,0.0,0.0,90.93095145684809,0,0,0.0,11.2
0,0.0,0.0,0.0,90.93126295475098,0,0,0.0,11.2
0,0.0,0.0,0.0,90.93054917125365,0,0,0.0,11.2
0,0.0,0.0,0.0,90.92883424966016,0,0,0.0,11.2
0,0.0,0.0,0.0,90.92760392873755,0,0,0.0,11.2
0,0.0,0.0,0.0,90.92902780875103,0,0,0.0,11.2
0,0.0,0.0,0.0,90.9294410947238,0,0,0.0,11.2
0,0.0,0.0,0.0,90.9288537875516,0,0,0.0,11.2
0,0.0,0.0,0.0,90.93039149626019,0,0,0.0,11.2
0,0.0,0.0,0.0,90.92988845582066,0,0,0.0,11.2
0,0.0,0.0,0.0,90.93037998668939,0,0,0.0,11.2
0,0.0,0.0,0.0,90.92978704017288,0,0,0.0,11.2
0,0.0,0.0,0.0,90.9292525394257,0,0,0.0,11.2
0,0.0,0.0,0.0,90.9302427028627,0,0,0.0,11.2
0,0.0,0.0,0.0,90.93017286012261,0,0,0.0,11.2
0,0.0,0.0,0.0,90.92792874211344,0,0,0.0,11.2
0,0.0,0.0,0.0,90.92725308111864,0,0,0.0,11.2
0,0.0,0.0,0.0,90.92754289826013,0,0,0.0,11.2
0,0.0,0.0,0.0,90.92624176425137,0,0,0.0,11.2
0,0.0,0.0,0.0,90.92747495653506,0,0,0.0,11.2
0,0.0,0.0,0.0,90.92720015366771,0,0,0.0,11.2
0,0.0,0.0,0.0,90.9258330408301,0,0,0.0,11.2
0,0.0,0.0,0.0,90.92388994910178,0,0,0.0,11.2
0,0.0,0.0,0.0,90.92201971122361,0,0,0.0,11.2
0,0.0,0.0,0.0,90.92019509488969,0,0,0.0,11.2
0,0.0,0.0,0.0,90.92048998839473,0,0,0.0,11.2
0,0.0,0.0,0.0,90.91867950871911,0,0,0.0,11.2
0,0.0,0.0,0.0,90.91690676008358,0,0,0.0,11.2
0,0.0,0.0,0.0,90.91730789394377,0,0,0.0,11.2
0,0.0,0.0,0.0,90.91718268936417,0,0,0.0,11.2
0,0.0,0.0,0.0,90.91813111970096,0,0,0.0,11.2
0,0.0,0.0,0.0,90.92014752577681,0,0,0.0,11.2
0,0.0,0.0,0.0,90.92165834317787,0,0,0.0,11.2
0,0.0,0.0,0.0,90.92155126252109,0,0,0.0,11.2
0,0.0,0.0,0.0,90.92093161757148,0,0,0.0,11.2
0,0.0,0.0,0.0,90.91878671659998,0,0,0.0,11.2
0,0.0,0.0,0.0,90.91934223715742,0,0,0.0,11.2
0,0.0,0.0,0.0,90.91936565865146,0,0,0.0,11.2
0,0.0,0.0,0.0,90.91668665979464,0,0,0.0,11.2
0,0.0,0.0,0.0,90.91878491052718,0,0,0.0,11.2
0,0.0,0.0,0.0,90.91988306138836,0,0,0.0,11.2
0,0.0,0.0,0.0,90.919936993913,0,0,0.0,11.2
0,0.0,0.0,0.0,90.92045941661004,0,0,0.0,11.2
0,0.0,0.0,0.0,90.91783918109125,0,0,0.0,11.2
0,0.0,0.0,0.0,90.91779146926022,0,0,0.0,11.2
0,0.0,0.0,0.0,90.91662524881747,0,0,0.0,11.2
0,0.0,0.0,0.0,90.91746513597667,0,0,0.0,11.2
0,0.0,0.0,0.0,90.91618201548465,0,0,0.0,11.2
0,0.0,0.0,0.0,90.91761477604524,0,0,0.0,11.2
0,0.0,0.0,0.0,90.9179187376959,0,0,0.0,11.2
0,0.0,0.0,0.0,90.91711830726084,0,0,0.0,11.2
0,0.0,0.0,0.0,90.91682584695373,0,0,0.0,11.2
0,0.0,0.0,0.0,90.91510164244752,0,0,0.0,11.2
0,0.0,0.0,0.0,90.9138937169412,0,0,0.0,11.2
0,0.0,0.0,0.0,90.91274819853275,0,0,0.0,11.2
0,0.0,0.0,0.0,90.91071010613587,0,0,0.0,11.2
0,0.0,0.0,0.0,90.90924030427924,0,0,0.0,11.2
0,0.0,0.0,0.0,90.90897534710984,0,0,0.0,11.2
0,0.0,0.0,0.0,90.90917287391147,0,0,0.0,11.2
0,0.0,0.0,0.0,90.90836250570337,0,0,0.0,11.2
0,0.0,0.0,0.0,90.90752655007267,0,0,0.0,11.2
0,0.0,0.0,0.0,90.90675445478469,0,0,0.0,11.2
0,0.0,0.0,0.0,90.90486123489721,0,0,0.0,11.2
0,0.0,0.0,0.0,90.90568530404572,0,0,0.0,11.2
0,0.0,0.0,0.0,90.90706245433115,0,0,0.0,11.2
0,0.0,0.0,0.0,90.90736467968267,0,0,0.0,11.2
0,0.0,0.0,0.0,90.90869026260334,0,0,0.0,11.2
0,0.0,0.0,0.0,90.90885955239743,0,0,0.0,11.2
0,0.0,0.0,0.0,90.90693685548148,0,0,0.0,11.2
0,0.0,0.0,0.0,90.90558101490015,0,0,0.0,11.2
0,0.0,0.0,0.0,90.90526089854434,0,0,0.0,11.2
0,0.0,0.0,0.0,90.90434401756438,0,0,0.0,11.2
0,0.0,0.0,0.0,90.90294552078618,0,0,0.0,11.2
0,0.0,0.0,0.0,90.90358165567685,0,0,0.0,11.2
0,0.0,0.0,0.0,90.90213172606194,0,0,0.0,11.2
0,0.0,0.0,0.0,90.90428264125397,0,0,0.0,11.2
0,0.0,0.0,0.0,90.90442128556414,0,0,0.0,11.2
0,0.0,0.0,0.0,90.90296967829563,0,0,0.0,11.2
0,0.0,0.0,0.0,90.90153318953803,0,0,0.0,11.2
0,0.0,0.0,0.0,90.90008359958722,0,0,0.0,11.2
0,0.0,0.0,0.0,90.89965376419383,0,0,0.0,11.2
0,0.0,0.0,0.0,90.89927530951314,0,0,0.0,11.2
0,0.0,0.0,0.0,90.89784595677139,0,0,0.0,11.2
0,0.0,0.0,0.0,90.8974598418885,0,0,0.0,11.2
0,0.0,0.0,0.0,90.89808357918542,0,0,0.0,11.2
0,0.0,0.0,0.0,90.89875117648992,0,0,0.0,11.2
0,0.0,0.0,0.0,90.89826029074207,0,0,0.0,11.2
0,0.0,0.0,0.0,90.8978174210445,0,0,0.0,11.2
0,0.0,0.0,0.0,90.89638132869904,0,0,0.0,11.2
0,0.0,0.0,0.0,90.89702446655487,0,0,0.0,11.2
0,0.0,0.0,0.0,90.8950902051839,0,0,0.0,11.2
0,0.0,0.0,0.0,90.8962952448534,0,0,0.0,11.2
0,0.0,0.0,0.0,90.89590826753707,0,0,0.0,11.2
0,0.0,0.0,0.0,90.89549564925508,0,0,0.0,11.2
0,0.0,0.0,0.0,90.89610025699132,0,0,0.0,11.2
0,0.0,0.0,0.0,90.89512742371139,0,0,0.0,11.2
0,0.0,0.0,0.0,90.89364428655962,0,0,0.0,11.2
0,0.0,0.0,0.0,90.89372763106512,0,0,0.0,11.2
0,0.0,0.0,0.0,90.89643292766415,0,0,0.0,11.2
0,0.0,0.0,0.0,90.89704911285584,0,0,0.0,11.2
0,0.0,0.0,0.0,90.89769362428792,0,0,0.0,11.2
0,0.0,0.0,0.0,90.89933542000652,0,0,0.0,11.2
0,0.0,0.0,0.0,90.89736327005973,0,0,0.0,11.2
0,0.0,0.0,0.0,90.89702569207284,0,0,0.0,11.2
0,0.0,0.0,0.0,90.89773106502844,0,0,0.0,11.2
0,0.0,0.0,0.0,90.89738612784804,0,0,0.0,11.2
0,0.0,0.0,0.0,90.89864545172428,0,0,0.0,11.2
0,0.0,0.0,0.0,90.89782028248298,0,0,0.0,11.2
0,0.0,0.0,0.0,90.89896514350535,0,0,0.0,11.2
0,0.0,0.0,0.0,90.89803993918747,0,0,0.0,11.2
0,0.0,0.0,0.0,90.89711487684849,0,0,0.0,11.2
0,0.0,0.0,0.0,90.89624336237017,0,0,0.0,11.2
0,0.0,0.0,0.0,90.89388241454421,0,0,0.0,11.2
0,0.0,0.0,0.0,90.8909686117226,0,0,0.0,11.2
0,0.0,0.0,0.0,90.89375740235367,0,0,0.0,11.2
0,0.0,0.0,0.0,90.89284304986005,0,0,0.0,11.2
0,0.0,0.0,0.0,90.89091571878201,0,0,0.0,11.2
0,0.0,0.0,0.0,90.89056703002807,0,0,0.0,11.2
0,0.0,0.0,0.0,90.8918494480425,0,0,0.0,11.2
0,0.0,0.0,0.0,90.89255900662552,0,0,0.0,11.2
0,0.0,0.0,0.0,90.89327776500133,0,0,0.0,11.2
0,0.0,0.0,0.0,90.89350456217298,0,0,0.0,11.2
0,0.0,0.0,0.0,90.89205728589573,0,0,0.0,11.2
0,0.0,0.0,0.0,90.89123006245143,0,0,0.0,11.2
0,0.0,0.0,0.0,90.89107155481825,0,0,0.0,11.2
0,0.0,0.0,0.0,90.89087354549955,0,0,0.0,11.2
0,0.0,0.0,0.0,90.89216233521134,0,0,0.0,11.2
0,0.0,0.0,0.0,90.89141983801925,0,0,0.0,11.2
0,0.0,0.0,0.0,90.89167142580271,0,0,0.0,11.2
0,0.0,0.0,0.0,90.89098166627424,0,0,0.0,11.2
0,0.0,0.0,0.0,90.89137987335705,0,0,0.0,11.2
0,0.0,0.0,0.0,90.89228044259505,0,0,0.0,11.2
0,0.0,0.0,0.0,90.89164324228649,0,0,0.0,11.2
0,0.0,0.0,0.0,90.89039276949572,0,0,0.0,11.2
0,0.0,0.0,0.0,90.89164240502386,0,0,0.0,11.2
0,0.0,0.0,0.0,90.88980585971979,0,0,0.0,11.2
0,0.0,0.0,0.0,90.89115392302234,0,0,0.0,11.2
0,0.0,0.0,0.0,90.89138659113483,0,0,0.0,11.2
0,0.0,0.0,0.0,90.89004857505228,0,0,0.0,11.2
0,0.0,0.0,0.0,90.88974470936289,0,0,0.0,11.2
0,0.0,0.0,0.0,90.88832808892305,0,0,0.0,11.2
0,0.0,0.0,0.0,90.88791467054062,0,0,0.0,11.2
0,0.0,0.0,0.0,90.89063970017135,0,0,0.0,11.2
0,0.0,0.0,0.0,90.89080006117904,0,0,0.0,11.2
0,0.0,0.0,0.0,90.88997933162102,0,0,0.0,11.2
0,0.0,0.0,0.0,90.88969497201427,0,0,0.0,11.2
0,0.0,0.0,0.0,90.891432007328,0,0,0.0,11.2
0,0.0,0.0,0.0,90.89318363720861,0,0,0.0,11.2
0,0.0,0.0,0.0,90.89286135785575,0,0,0.0,11.2
0,0.0,0.0,0.0,90.89143331222004,0,0,0.0,11.2
0,0.0,0.0,0.0,90.89050796727096,0,0,0.0,11.2
0,0.0,0.0,0.0,90.89176458403493,0,0,0.0,11.2
0,0.0,0.0,0.0,90.89098608665701,0,0,0.0,11.2
0,0.0,0.0,0.0,90.89013931878671,0,0,0.0,11.2
0,0.0,0.0,0.0,90.89188186726388,0,0,0.0,11.2
0,0.0,0.0,0.0,90.89203624621334,0,0,0.0,11.2
0,0.0,0.0,0.0,90.89122112443896,0,0,0.0,11.2
0,0.0,0.0,0.0,90.89033006715943,0,0,0.0,11.2
0,0.0,0.0,0.0,90.88942425742798,0,0,0.0,11.2
0,0.0,0.0,0.0,90.88751989870376,0,0,0.0,11.2
0,0.0,0.0,0.0,90.88670777389312,0,0,0.0,11.2
0,0.0,0.0,0.0,90.88792887580045,0,0,0.0,11.2
0,0.0,0.0,0.0,90.8864381822764,0,0,0.0,11.2
0,0.0,0.0,0.0,90.88545492377129,0,0,0.0,11.2
0,0.0,0.0,0.0,90.8880693646551,0,0,0.0,11.2
0,0.0,0.0,0.0,90.88757029253439,0,0,0.0,11.2
0,0.0,0.0,0.0,90.88645918405419,0,0,0.0,11.2
0,0.0,0.0,0.0,90.88799506753175,0,0,0.0,11.2
0,0.0,0.0,0.0,90.88797929732179,0,0,0.0,11.2
0,0.0,0.0,0.0,90.88690520853835,0,0,0.0,11.2
0,0.0,0.0,0.0,90.88690708118472,0,0,0.0,11.2
0,0.0,0.0,0.0,90.88589031103413,0,0,0.0,11.2
0,0.0,0.0,0.0,90.88442096236685,0,0,0.0,11.2
0,0.0,0.0,0.0,90.88409760835813,0,0,0.0,11.2
0,0.0,0.0,0.0,90.88430585820342,0,0,0.0,11.2
0,0.0,0.0,0.0,90.88287598407165,0,0,0.0,11.2
0,0.0,0.0,0.0,90.88100780794454,0,0,0.0,11.2
0,0.0,0.0,0.0,90.87918220952291,0,0,0.0,11.2
0,0.0,0.0,0.0,90.87797542272875,0,0,0.0,11.2
0,0.0,0.0,0.0,90.87680397162472,0,0,0.0,11.2
0,0.0,0.0,0.0,90.87616167314307,0,0,0.0,11.2
0,0.0,0.0,0.0,90.8745041403051,0,0,0.0,11.2
0,0.0,0.0,0.0,90.87332913000995,0,0,0.0,11.2
0,0.0,0.0,0.0,90.87208667642727,0,0,0.0,11.2
0,0.0,0.0,0.0,90.87204441747204,0,0,0.0,11.2
0,0.0,0.0,0.0,90.87257447365447,0,0,0.0,11.2
0,0.0,0.0,0.0,90.87256883579767,0,0,0.0,11.2
0,0.0,0.0,0.0,90.87149801266989,0,0,0.0,11.2
0,0.0,0.0,0.0,90.87202373603145,0,0,0.0,11.2
0,0.0,0.0,0.0,90.86882433743077,0,0,0.0,11.2
0,0.0,0.0,0.0,90.86987268161147,0,0,0.0,11.2
0,0.0,0.0,0.0,90.8697596041878,0,0,0.0,11.2
0,0.0,0.0,0.0,90.87012876880908,0,0,0.0,11.2
0,0.0,0.0,0.0,90.87109165394858,0,0,0.0,11.2
0,0.0,0.0,0.0,90.87029135002759,0,0,0.0,11.2
0,0.0,0.0,0.0,90.87206599935175,0,0,0.0,11.2
0,0.0,0.0,0.0,90.87081663588388,0,0,0.0,11.2
0,0.0,0.0,0.0,90.87108917780566,0,0,0.0,11.2
0,0.0,0.0,0.0,90.87391131758501,0,0,0.0,11.2
0,0.0,0.0,0.0,90.87367143318343,0,0,0.0,11.2
0,0.0,0.0,0.0,90.87332337035603,0,0,0.0,11.2
0,0.0,0.0,0.0,90.87303793627635,0,0,0.0,11.2
0,0.0,0.0,0.0,90.87283354691941,0,0,0.0,11.2
0,0.0,0.0,0.0,90.87563637426108,0,0,0.0,11.2
0,0.0,0.0,0.0,90.87688394619592,0,0,0.0,11.2
0,0.0,0.0,0.0,90.87556040429097,0,0,0.0,11.2
0,0.0,0.0,0.0,90.87411994575235,0,0,0.0,11.2
0,0.0,0.0,0.0,90.87382451862447,0,0,0.0,11.2
0,0.0,0.0,0.0,90.87455461491273,0,0,0.0,11.2
0,0.0,0.0,0.0,90.87468591392133,0,0,0.0,11.2
0,0.0,0.0,0.0,90.8743435820961,0,0,0.0,11.2
0,0.0,0.0,0.0,90.87559434483867,0,0,0.0,11.2
0,0.0,0.0,0.0,90.87523714260121,0,0,0.0,11.2
0,0.0,0.0,0.0,90.87596938634788,0,0,0.0,11.2
0,0.0,0.0,0.0,90.87623707124432,0,0,0.0,11.2
0,0.0,0.0,0.0,90.87811011804087,0,0,0.0,11.2
0,0.0,0.0,0.0,90.87997132775645,0,0,0.0,11.2
0,0.0,0.0,0.0,90.87919787566959,0,0,0.0,11.2
0,0.0,0.0,0.0,90.8789241009289,0,0,0.0,11.2
0,0.0,0.0,0.0,90.8776520475593,0,0,0.0,11.2
0,0.0,0.0,0.0,90.87741812187164,0,0,0.0,11.2
0,0.0,0.0,0.0,90.87661566251978,0,0,0.0,11.2
0,0.0,0.0,0.0,90.87737936571769,0,0,0.0,11.2
0,0.0,0.0,0.0,90.87721440628256,0,0,0.0,11.2
0,0.0,0.0,0.0,90.87651484117126,0,0,0.0,11.2
0,0.0,0.0,0.0,90.8746634619864,0,0,0.0,11.2
0,0.0,0.0,0.0,90.8754784291403,0,0,0.0,11.2
0,0.0,0.0,0.0,90.87833201455443,0,0,0.0,11.2
0,0.0,0.0,0.0,90.87696561219146,0,0,0.0,11.2
0,0.0,0.0,0.0,90.87508379466489,0,0,0.0,11.2
0,0.0,0.0,0.0,90.87528478620668,0,0,0.0,11.2
0,0.0,0.0,0.0,90.87493701496798,0,0,0.0,11.2
0,0.0,0.0,0.0,90.87514800379478,0,0,0.0,11.2
0,0.0,0.0,0.0,90.87571786152112,0,0,0.0,11.2
0,0.0,0.0,0.0,90.8711230322106,0,0,0.0,11.2
0,0.0,0.0,0.0,90.86715171828043,0,0,0.0,11.2
0,0.0,0.0,0.0,90.86835809153663,0,0,0.0,11.2
0,0.0,0.0,0.0,90.86965373738373,0,0,0.0,11.2
0,0.0,0.0,0.0,90.87099286803401,0,0,0.0,11.2
0,0.0,0.0,0.0,90.87027370623298,0,0,0.0,11.2
0,0.0,0.0,0.0,90.87010135637045,0,0,0.0,11.2
0,0.0,0.0,0.0,90.8699676620885,0,0,0.0,11.2
0,0.0,0.0,0.0,90.8692932613616,0,0,0.0,11.2
0,0.0,0.0,0.0,90.86975930278433,0,0,0.0,11.2
0,0.0,0.0,0.0,90.87087570569184,0,0,0.0,11.2
0,0.0,0.0,0.0,90.86552784987435,0,0,0.0,11.2
0,0.0,0.0,0.0,90.86488308727961,0,0,0.0,11.2
0,0.0,0.0,0.0,90.86349968411722,0,0,0.0,11.2
0,0.0,0.0,0.0,90.86179026874454,0,0,0.0,11.2
0,0.0,0.0,0.0,90.8614935803847,0,0,0.0,11.2
0,0.0,0.0,0.0,90.8610681351583,0,0,0.0,11.2
0,0.0,0.0,0.0,90.8613404455778,0,0,0.0,11.2
0,0.0,0.0,0.0,90.86259151345969,0,0,0.0,11.2
0,0.0,0.0,0.0,90.86337062461102,0,0,0.0,11.2
0,0.0,0.0,0.0,90.85613651403662,0,0,0.0,11.2
0,0.0,0.0,0.0,90.85191079830392,0,0,0.0,11.2
0,0.0,0.0,0.0,90.83686978670356,0,0,0.0,11.2
0,0.0,0.0,0.0,90.82368286575483,0,0,0.0,11.2
0,0.0,0.0,0.0,90.81292232857425,0,0,0.0,11.2
0,0.0,0.0,0.0,90.79877517916783,0,0,0.0,11.2
0,0.0,0.0,0.0,90.79122172968222,0,0,0.0,11.2
0,0.0,0.0,0.0,90.78036966748493,0,0,0.0,11.2
0,0.0,0.0,0.0,90.7670172914866,0,0,0.0,11.2
0,0.0,0.0,0.0,90.72125164761749,0,0,0.0,11.2
0,0.0,0.0,0.0,90.52485566852621,0,0,0.0,11.2
0,0.0,0.0,0.0,90.12831738150753,0,0,0.0,11.2
0,0.0,0.0,0.0,89.51224442359933,0,0,0.0,11.2
0,0.0,0.0,0.0,88.7083161887713,0,0,0.0,11.2
0,0.0,0.0,0.0,87.78269726517033,0,0,0.0,11.2
0,0.0,0.0,0.0,86.72988046773763,0,0,0.0,11.2
0,0.0,0.0,0.0,85.5567586943562,0,0,0.0,11.2
0,0.0,0.0,0.0,84.37837685677997,0,0,0.0,11.2
0,0.0,0.0,0.0,83.21389106481668,0,0,0.0,11.2
0,0.0,0.0,0.0,82.01874921804858,0,0,0.0,11.2
0,0.0,0.0,0.0,80.76404063389869,0,0,0.0,11.2
0,0.0,0.0,0.0,79.44295111273321,0,0,0.0,11.2
0,0.0,0.0,0.0,77.99573669821967,0,0,0.0,11.2
0,0.0,0.0,0.0,76.29540484936076,0,0,0.0,11.2
0,0.0,0.0,0.0,74.44355228780454,0,0,0.0,11.2
0,0.0,0.0,0.0,72.46908523045704,0,0,0.0,11.2
0,0.0,0.0,0.0,70.37709821562544,0,0,0.0,11.2
0,0.0,0.0,0.0,68.09051705961292,0,0,0.0,11.2
0,0.0,0.0,0.0,65.75541898987726,0,0,0.0,11.2
0,0.0,0.0,0.0,63.47879694405785,0,0,0.0,11.2
0,0.0,0.0,0.0,61.21103685095921,0,0,0.0,11.2
0,0.0,0.0,0.0,58.94614434201221,0,0,0.0,11.2
0,0.0,0.0,0.0,56.72695920732587,0,0,0.0,11.2
0,0.0,0.0,0.0,54.5583111820275,0,0,0.0,11.2
0,0.0,0.0,0.0,52.43626858885532,0,0,0.0,11.2
0,0.0,0.0,0.0,50.380074604079276,0,0,0.0,11.2
0,0.0,0.0,0.0,48.18981787350089,0,0,0.0,11.2
0,0.0,0.0,0.0,45.9435098686763,0,0,0.0,11.2
0,0.0,0.0,0.0,43.78657830986993,0,0,0.0,11.2
0,0.0,0.0,0.0,41.553913294757315,0,0,0.0,11.2
0,0.0,0.0,0.0,39.33199659851074,0,0,0.0,11.2
0,0.0,0.0,0.0,37.13270723706424,0,0,0.0,11.2
0,0.0,0.0,0.0,34.94327737095194,0,0,0.0,11.2
0,0.0,0.0,0.0,32.84462639372699,0,0,0.0,11.2
0,0.0,0.0,0.0,30.810050195018132,0,0,0.0,11.2
1,0.0,0.0,0.0,28.904805292295375,0,0,0.0,11.2
1,0.0,0.0,0.0,27.110315964103393,0,0,0.0,11.2
1,0.0,0.0,0.0,25.467741429313318,0,0,0.0,11.2
1,0.0,0.0,0.0,23.926558195848447,0,0,0.0,11.2
1,0.0,0.0,0.0,22.52994296953063,0,0,0.0,11.2
1,-0.12417350465849462,0.00014826039653970113,-0.13681970203709334,21.2740219101452,0,0,0.0,11.2
1,-0.12417350465849462,0.00014826039653970113,-0.13681970203709334,20.170388853444095,0,0,0.0,11.2
1,-0.24834630123956464,0.000593040740737294,-0.2736394040741867,19.178404621424725,0,0,0.0,11.2
1,-0.6208604425303399,0.0028169340074408744,-0.41045910611128,18.33044235179017,0,0,0.0,11.2
1,-0.7450296987444751,0.003854744947265676,-0.5472788081483734,17.68141860141841,0,0,0.0,11.2
1,-1.9866762366607589,0.018680425296747405,-0.82091821222256,17.194860033291047,0,0,0.0,11.2
1,-2.8557866838672523,0.032171582850095706,-0.9577379142596534,17.193242637191258,0,0,0.0,11.2
1,-4.221477152860084,0.056633246339355306,-1.0945576162967467,17.62844284231824,0,0,0.0,11.2
1,-5.587105314770307,0.08435604338857285,-1.2313773183338401,18.2486147417298,0,0,0.0,11.2
1,-6.999580272658998,0.08435604338857285,-1.2313773183338403,19.090466656899448,0,0,0.0,11.2
1,-8.008490956865208,0.08435604338857285,-1.2313773183338408,20.106321781799032,0,0,0.0,11.2
1,-9.001595776487429,0.10807544115067678,-1.505016722408028,20.80707199954935,0,0,0.0,11.2
1,-9.249857349266184,0.11459815154654657,-1.505016722408028,21.16141062415117,0,0,0.0,11.2
1,-9.746409759077297,0.12645785042759858,-1.2313773183338412,21.27080592337397,0,0,0.0,11.2
1,-9.746409759077297,0.12645785042759858,-1.2313773183338412,21.248445755877032,0,0,0.0,11.2
1,-9.746409759077297,0.12645785042759858,-1.2313773183338412,21.54409489047457,0,0,0.0,11.2
1,-9.622261744358186,0.12393759615039698,-1.0945576162967472,21.83760887605827,0,0,0.0,11.2
1,-9.373959814656715,0.11919354977458158,-1.0945576162967472,22.093726488030864,0,0,0.0,11.2
1,-8.877355955253776,0.1097054570229508,-1.0945576162967472,22.30699245566224,0,0,0.0,11.2
1,-8.008319852219998,0.09206367708253957,-1.2313773183338401,22.264563655940485,0,0,0.0,11.2
1,-6.270290599837619,0.05470491548467588,-1.2313773183338401,22.055629957540468,0,0,0.0,11.2
1,-4.283971454257757,0.012009187944260237,-1.2313773183338401,21.503003999140557,0,0,0.0,11.2
1,-1.6768631451564224,-0.04091615187697325,-1.0945576162967467,20.575671303168164,0,0,0.0,11.2
1,1.55106194096268,-0.10258875476257323,-1.0945576162967467,19.103898426072867,0,0,0.0,11.2
1,6.765402464693538,-0.20221372865469628,-1.0945576162967467,17.315566081414545,0,0,0.0,11.2
1,11.110781229670728,-0.2800462943023405,-0.9577379142596536,15.367475661374087,0,0,0.0,11.2
1,15.952774710645313,-0.3667740103097158,-1.0945576162967465,13.241398068076238,0,0,0.0,11.2
1,21.043075549618592,-0.4579493014969552,-0.9577379142596518,11.043265328727962,0,0,0.0,11.2
1,27.499435042413666,-0.5504605797241293,-0.6840985101854662,8.82224326049163,0,0,0.0,11.2
1,32.21769637067137,-0.6067982185947254,-0.6840985101854662,6.613997338866285,0,0,0.0,11.2
1,36.315188360850215,-0.6508307193974345,-0.5472788081483714,4.379919709060888,0,0,0.0,11.2
1,40.1644353034884,-0.683002858532003,-0.41045910611127656,3.2711166869004833,0,0,0.0,11.2
1,44.13788926611903,-0.7114686247117831,-0.41045910611127656,2.3629652918275457,0,0,0.0,11.2
1,46.24880273343343,-0.7240706865564366,-0.27363940407418175,2.2743802901097574,0,0,0.0,11.2
1,47.86304908898734,-0.7298528310310054,-0.13681970203709087,2.5696810835355235,0,0,0.0,11.2
1,48.7322636215968,-0.7308906538067833,3.9259971849315285e-15,3.1829448984594557,0,0,0.0,11.2
1,49.477302525315494,-0.7291115315845714,0.2736394040741935,4.0804569735450675,0,0,0.0,11.2
1,49.84981666660627,-0.7268876383178678,0.4104591061112844,4.881171212677876,0,0,0.0,11.2
1,50.3464984119351,-0.7233294175453953,0.4104591061112844,5.735086103260972,0,0,0.0,11.2
1,51.58820277525717,-0.7144338656142138,0.4104591061112844,6.5056694294728805,0,0,0.0,11.2
1,52.829907138579244,-0.7055383136830324,0.4104591061112844,7.169581967084375,0,0,0.0,11.2
1,54.19573520583635,-0.6908608413140548,0.820918212222561,7.003690357861647,0,0,0.0,11.2
1,56.18230924548042,-0.6623958055759599,0.820918212222561,6.495230041743995,0,0,0.0,11.2
1,57.79642673278018,-0.6411951733471624,0.6840985101854702,5.703440622019641,0,0,0.0,11.2
1,62.266358517445376,-0.5878226733644921,0.6840985101854702,4.588556666579263,0,0,0.0,11.2
1,64.97150028947327,-0.5878226733644921,0.6840985101854663,3.3133572426572164,0,0,0.0,11.2
1,67.70312526899089,-0.555206145597305,0.6840985101854663,1.865408108149945,0,0,0.0,11.2
1,70.80728586761123,-0.5218481904437374,0.5472788081483715,0.494329339006914,0,0,0.0,11.2
1,72.66982471082326,-0.5062810263463655,0.4104591061112767,-0.3119207012824525,0,0,0.0,11.2
1,74.15988977289123,-0.49916455774777285,0.13681970203708704,-0.6857319907493185,0,0,0.0,11.2
1,74.78075729618371,-0.4984232557650743,7.454425034680117e-17,-0.6086111476179387,0,0,0.0,11.2
1,74.90493080084221,-0.498571516161614,-0.13681970203709473,-0.08159553868678107,0,0,0.0,11.2
1,74.90493080084221,-0.498571516161614,-0.13681970203709473,0.2644165750173595,0,0,0.0,11.2
1,74.90493080084221,-0.498571516161614,-0.13681970203709473,0.44887214181562113,0,0,0.0,11.2
1,74.90493080084221,-0.498571516161614,-0.13681970203709473,0.5963603983010308,0,0,0.0,11.2
1,74.90493080084221,-0.498571516161614,-0.13681970203709473,0.6340030800465201,0,0,0.0,11.2
1,74.90493080084221,-0.498571516161614,-0.13681970203709473,0.6231139757621459,0,0,0.0,11.2
1,74.90493080084221,-0.498571516161614,-0.13681970203709473,0.5174602326033468,0,0,0.0,11.2
1,74.90493080084221,-0.498571516161614,-0.13681970203709473,0.36542515267722003,0,0,0.0,11.2
1,74.90493080084221,-0.498571516161614,-0.13681970203709473,0.14581423804286153,0,0,0.0,11.2
1,74.78075729618371,-0.4984232557650743,7.454425034680117e-17,-0.11249102845880055,0,0,0.0,11.2
1,74.65658379152521,-0.4982749953685346,-0.13681970203709473,-0.4087305902631814,0,0,0.0,11.2
1,74.15989071699526,-0.4970889127598218,-0.13681970203709473,-0.48103909583411303,0,0,0.0,11.2
1,72.91815567041031,-0.4970889127598218,0.13681970203709487,-0.3415505258214738,0,0,0.0,11.2
1,71.4280764468205,-0.5006471605859601,0.13681970203709487,0.1173879302132656,0,0,0.0,11.2
1,69.31713890494231,-0.5082084264373196,0.27363940407418186,0.8926981327822152,0,0,0.0,11.2
1,66.83369477459517,-0.5200692187073165,0.27363940407418186,1.9966142332042776,0,0,0.0,11.2
1,64.9711240681413,-0.5311886850408343,0.4104591061112767,3.2980789623466418,0,0,0.0,11.2
1,59.38350753850521,-0.5778901773329499,0.5472788081483715,4.850585713721511,0,0,0.0,11.2
1,55.90689723233962,-0.6194020823114988,0.8209182122225571,6.449749987374357,0,0,0.0,11.2
1,52.30629680819843,-0.6752940207467999,0.9577379142596479,8.104489251143644,0,0,0.0,11.2
1,47.464303327223845,-0.762021736754174,1.094557616296743,9.757339277207786,0,0,0.0,11.2
1,44.236537783286984,-0.8314022280689403,1.3681970203709286,11.309913701534253,0,0,0.0,11.2
1,41.133173723318116,-0.909230799252966,1.5050167224080195,12.782983490893407,0,0,0.0,11.2
1,38.526511460175875,-0.9808315875905392,1.6418364244451142,14.213383240145998,0,0,0.0,11.2
1,35.547567991869805,-1.0662179298419772,1.6418364244451142,14.770994401659516,0,0,0.0,11.2
1,33.93391992421032,-1.1105422273842858,1.5050167224080233,15.191027858561789,0,0,0.0,11.2
1,32.9408151045881,-1.1342616251463897,1.2313773183338375,15.051958469294219,0,0,0.0,11.2
1,32.32007503099254,-1.1468628965323977,1.0945576162967448,14.531340126879012,0,0,0.0,11.2
1,32.19592135199319,-1.1490866841223304,0.9577379142596498,13.874606113151927,0,0,0.0,11.2
1,32.19592135199319,-1.1490866841223304,0.9577379142596498,12.969073885534597,0,0,0.0,11.2
1,32.19592135199319,-1.1490866841223304,0.9577379142596498,12.074608758096991,0,0,0.0,11.2
1,32.19592135199319,-1.1490866841223304,0.9577379142596498,11.171984307730446,0,0,0.0,11.2
1,32.07176271667798,-1.1510139923442373,0.820918212222555,10.29277918440098,0,0,0.0,11.2
1,31.69927406576265,-1.1559064459354982,0.6840985101854602,9.851073378460143,0,0,0.0,11.2
1,30.70595589139261,-1.1677670014872026,0.6840985101854602,9.712824481054332,0,0,0.0,11.2
1,29.712637717022567,-1.179627557038907,0.6840985101854602,9.807094750437852,0,0,0.0,11.2
1,28.2226604554675,-1.1974183903664635,0.6840985101854602,10.285043492283892,0,0,0.0,11.2
1,26.484353650319925,-1.2181743625819461,0.6840985101854602,10.904770117269253,0,0,0.0,11.2
1,24.001058214394817,-1.247825751461207,0.6840985101854602,11.771815872689075,0,0,0.0,11.2
1,22.51108095283975,-1.2656165847887635,0.6840985101854602,12.629577661591757,0,0,0.0,11.2
1,19.779455973322133,-1.2982331125559503,0.6840985101854602,13.602391911550736,0,0,0.0,11.2
1,17.792819624582048,-1.3219542236593589,0.6840985101854602,14.569571855163142,0,0,0.0,11.2
1,15.68205060272851,-1.3496781273431706,0.8209182122225539,15.521262361199536,0,0,0.0,11.2
1,14.564584649982518,-1.3643554881169533,0.6840985101854602,16.498005893970486,0,0,0.0,11.2
1,13.695444464513413,-1.3757712131632287,0.820918212222553,16.366718991284994,0,0,0.0,11.2
1,13.571281580874968,-1.3774020310269823,0.6840985101854592,16.137854422881865,0,0,0.0,11.2
1,13.447118697236524,-1.379032848890736,0.820918212222553,15.696011311713674,0,0,0.0,11.2
1,13.447118697236524,-1.379032848890736,0.820918212222553,15.386680650595464,0,0,0.0,11.2
1,13.447118697236524,-1.379032848890736,0.820918212222553,15.18478025321888,0,0,0.0,11.2
1,13.447118697236524,-1.379032848890736,0.820918212222553,15.08727110857252,0,0,0.0,11.2
1,13.447118697236524,-1.379032848890736,0.820918212222553,15.048737774101815,0,0,0.0,11.2
1,13.447118697236524,-1.379032848890736,0.820918212222553,15.077726367872486,0,0,0.0,11.2
1,13.447118697236524,-1.379032848890736,0.820918212222553,15.154723690090858,0,0,0.0,11.2
1,13.447118697236524,-1.379032848890736,0.820918212222553,15.275910726488336,0,0,0.0,11.2
1,13.447118697236524,-1.379032848890736,0.820918212222553,15.459098078405725,0,0,0.0,11.2
1,13.571277332551738,-1.377105540668829,0.9577379142596468,15.700476684682341,0,0,0.0,11.2
1,13.571277332551738,-1.377105540668829,0.9577379142596468,15.821603844583967,0,0,0.0,11.2
1,13.819589882859404,-1.3729544409118348,0.9577379142596468,16.037230917909213,0,0,0.0,11.2
1,14.316214983474735,-1.3646522413978464,0.9577379142596468,15.859725802460105,0,0,0.0,11.2
1,15.681959971942081,-1.3434518509568705,0.8209182122225539,15.59962518599636,0,0,0.0,11.2
1,16.799425924688073,-1.3287744901830878,0.6840985101854602,15.083191067655658,0,0,0.0,11.2
1,18.41358943597065,-1.3114283535032325,0.5472788081483674,14.40442748198875,0,0,0.0,11.2
1,21.02114381646749,-1.2896343237669117,0.41045910611127456,13.543980431691201,0,0,0.0,11.2
1,21.64200071861878,-1.2859278349890724,0.27363940407418175,12.528858274139374,0,0,0.0,11.2
1,25.739718583497435,-1.2810352512028989,-0.13681970203709873,11.43997502451775,0,0,0.0,11.2
1,27.97481617659939,-1.291709954100788,-0.41045910611128633,10.306819493203122,0,0,0.0,11.2
1,30.085693532239688,-1.3093527400778096,-0.5472788081483791,9.19422379903225,0,0,0.0,11.2
1,32.10351490065211,-1.3093527400778096,-0.5472788081483813,8.085657949426203,0,0,0.0,11.2
1,34.46267695560356,-1.3347047859945211,-0.684098510185474,7.300035761847435,0,0,0.0,11.2
1,35.704284550371845,-1.3524954164228238,-0.9577379142596597,6.972249214642613,0,0,0.0,11.2
1,36.69753475160251,-1.3690998154508012,-0.9577379142596597,6.862891012753775,0,0,0.0,11.2
1,36.94584730191018,-1.3732509152077956,-0.9577379142596597,6.971192685891541,0,0,0.0,11.2
1,37.69078495283318,-1.3857042144787788,-0.9577379142596597,7.238609731601292,0,0,0.0,11.2
1,37.93909750314084,-1.3898553142357732,-0.9577379142596597,7.752728695901787,0,0,0.0,11.2
1,38.063256138456055,-1.3917826224576801,-0.8209182122225649,8.223283757836526,0,0,0.0,11.2
1,38.31158544603931,-1.3947477585275765,-0.5472788081483791,8.580111518810128,0,0,0.0,11.2
1,38.68409887926477,-1.3969716475671667,-0.13681970203709873,8.84345756736384,0,0,0.0,11.2
1,39.30496522242821,-1.396230346993504,0.27363940407418175,9.04904839234208,0,0,0.0,11.2
1,40.049998461532354,-1.392672109312505,0.27363940407418175,8.96894505567222,0,0,0.0,11.2
1,41.54006493974064,-1.3855556339505068,0.27363940407418175,8.799583782618202,0,0,0.0,11.2
1,42.65760736361297,-1.3788839541503959,0.4104591061112726,8.284181633758118,0,0,0.0,11.2
1,44.14765259959945,-1.3682092918329785,0.4104591061112726,7.57421317231783,0,0,0.0,11.2
1,45.63769783558594,-1.357534629515561,0.4104591061112726,6.78707272427399,0,0,0.0,11.2
1,47.251925781179295,-1.3478977586931786,0.27363940407418175,5.946681218776016,0,0,0.0,11.2
1,48.369468205051625,-1.3412260788930677,0.4104591061112726,5.265887701808205,0,0,0.0,11.2
1,49.11449082304487,-1.335888747734359,0.4104591061112726,4.846198332955289,0,0,0.0,11.2
1,49.735347725196156,-1.3321822589565198,0.27363940407417786,4.803788559429902,0,0,0.0,11.2
1,49.85952052177723,-1.3317374786123222,0.13681970203708302,4.956131804662457,0,0,0.0,11.2
1,49.85952052177723,-1.3317374786123222,0.13681970203708302,5.154596177506723,0,0,0.0,11.2
1,49.85952052177723,-1.3317374786123222,0.13681970203708302,5.1740555943503255,0,0,0.0,11.2
1,49.85952052177723,-1.3317374786123222,0.13681970203708302,5.239274120347218,0,0,0.0,11.2
1,49.85952052177723,-1.3317374786123222,0.13681970203708302,5.0693289153190495,0,0,0.0,11.2
1,49.85952052177723,-1.3317374786123222,0.13681970203708302,5.053756054821646,0,0,0.0,11.2
1,49.85952052177723,-1.3317374786123222,0.13681970203708302,4.868199700933326,0,0,0.0,11.2
1,49.85952052177723,-1.3317374786123222,0.13681970203708302,4.670963215451001,0,0,0.0,11.2
1,49.85952052177723,-1.3317374786123222,0.13681970203708302,4.44730011722265,0,0,0.0,11.2
1,49.735347725196156,-1.3321822589565198,0.27363940407417786,4.228589348613104,0,0,0.0,11.2
1,49.611176344765894,-1.3329235567120876,0.4104591061112726,4.009775957957385,0,0,0.0,11.2
1,49.487007088551756,-1.3339613676519124,0.5472788081483675,3.6954909985663735,0,0,0.0,11.2
1,49.114507816717314,-1.3379643222703406,0.6840985101854584,3.455026490329296,0,0,0.0,11.2
1,48.61786477881,-1.3450805744416616,0.957737914259644,3.2424898975183507,0,0,0.0,11.2
1,47.87295969765462,-1.3593127000430643,1.2313773183338337,3.254255876024286,0,0,0.0,11.2
1,47.25225148512062,-1.3733962330088891,1.3681970203709284,3.3623816001574776,0,0,0.0,11.2
1,44.76980803202466,-1.4445512477183453,1.9154758285193036,3.683226310898672,0,0,0.0,11.2
1,43.03249407004655,-1.5068072700285229,2.1891152325934895,4.407916458990589,0,0,0.0,11.2
1,40.67502691886122,-1.5997425100456644,2.32593493463058,5.351947795721475,0,0,0.0,11.2
1,38.06965804516545,-1.7086822133570305,2.462754636667675,6.5079521444168416,0,0,0.0,11.2
1,34.22403231277859,-1.8786816202675727,2.5995743387047696,7.80114960932568,0,0,0.0,11.2
1,31.197300260159963,-1.8786816202675727,2.5995743387047674,9.196590159235722,0,0,0.0,11.2
1,28.09598918565443,-2.0157779161631733,2.462754636667675,10.53221552719088,0,0,0.0,11.2
1,26.85539986940443,-2.0691352506503873,2.462754636667675,11.866199764934345,0,0,0.0,11.2
1,21.520089615856538,-2.279461973010026,2.0522955305563944,13.128819254800465,0,0,0.0,11.2
1,19.410239349103488,-2.347501595395205,1.6418364244451138,14.335288272967418,0,0,0.0,11.2
1,17.42414865443069,-2.399683228969359,1.3681970203709282,14.986874362193664,0,0,0.0,11.2
1,15.810307301842279,-2.4363004146805043,1.2313773183338343,15.138258630061614,0,0,0.0,11.2
1,14.817060876498047,-2.452904750586094,0.6840985101854611,15.130720627172249,0,0,0.0,11.2
1,14.32038101932777,-2.456462957831827,0.13681970203708776,14.658668761389675,0,0,0.0,11.2
1,14.196207514669275,-2.4566112182283666,-6.062932361539829e-15,13.957711775127878,0,0,0.0,11.2
1,14.07203401001078,-2.456462957831827,-0.13681970203709987,13.286090659280593,0,0,0.0,11.2
1,14.07203401001078,-2.456462957831827,-0.13681970203709987,12.480701085138815,0,0,0.0,11.2
1,13.947861213429709,-2.4560181774876293,-0.2736394040741937,11.907957941079806,0,0,0.0,11.2
1,13.45117238736028,-2.4536460190336298,-0.2736394040741937,11.341336672073984,0,0,0.0,11.2
1,13.07865399761707,-2.452311678001037,-0.13681970203710084,11.168145527685006,0,0,0.0,11.2
1,11.961094579922893,-2.4536460190336298,0.27363940407417864,11.302641802352431,0,0,0.0,11.2
1,10.843552156050567,-2.4603176988337405,0.41045910611127245,11.709375617572226,0,0,0.0,11.2
1,9.353538075096875,-2.4745504737095456,0.6840985101854592,12.419649451579213,0,0,0.0,11.2
1,7.242769053243337,-2.5022743773933573,0.820918212222553,13.201226911091409,0,0,0.0,11.2
1,5.628706794145563,-2.527329384278147,0.9577379142596464,14.10416415025417,0,0,0.0,11.2
1,4.1388314922995715,-2.552235982820113,0.9577379142596464,15.01879406797181,0,0,0.0,11.2
1,2.121010123887155,-2.552235982820113,0.9577379142596466,15.925413557714121,0,0,0.0,11.2
1,1.3760455670261849,-2.5629103610770945,0.68409851018546,16.20558513203706,0,0,0.0,11.2
1,1.0035462951917447,-2.5669133156955226,0.5472788081483667,16.091240637939126,0,0,0.0,11.2
1,0.8793770389776094,-2.5679511266353474,0.4104591061112734,15.91869984981329,0,0,0.0,11.2
1,0.8793770389776094,-2.5679511266353474,0.4104591061112734,15.602860192515314,0,0,0.0,11.2
1,1.0035484194078679,-2.5672098288797796,0.2736394040741801,15.630971485828972,0,0,0.0,11.2
1,1.0035484194078679,-2.5672098288797796,0.2736394040741801,15.887054925926536,0,0,0.0,11.2
1,1.0035484194078679,-2.5672098288797796,0.2736394040741801,16.220054288583434,0,0,0.0,11.2
1,1.0035484194078679,-2.5672098288797796,0.2736394040741801,16.481492644669146,0,0,0.0,11.2
1,1.1277212159889378,-2.566765048535582,0.13681970203708674,16.86206185809058,0,0,0.0,11.2
1,1.2518940125700078,-2.5663202681913844,0.2736394040741801,17.30955298842162,0,0,0.0,11.2
1,1.6244124023132178,-2.5649859271587916,0.13681970203708674,17.722746826403974,0,0,0.0,11.2
1,1.9969329162887017,-2.5645411459691725,-6.73383061466104e-15,17.93487664065957,0,0,0.0,11.2
1,3.7353636336901683,-2.5645411459691725,-6.73383061466104e-15,17.688036532973065,0,0,0.0,11.2
1,5.3496069209260675,-2.5703232794531616,-0.4104591061112867,17.256895236933374,0,0,0.0,11.2
1,7.4604842765663655,-2.5879660654301833,-0.5472788081483805,16.46217102151443,0,0,0.0,11.2
1,10.067979179407446,-2.6159867477591803,-0.6840985101854739,15.39312854025484,0,0,0.0,11.2
1,14.041123482665954,-2.6729167651297487,-0.9577379142596606,14.024991979413729,0,0,0.0,11.2
1,17.32008320633613,-2.6729167651297487,-0.9577379142596616,12.490423931231977,0,0,0.0,11.2
1,21.04477146095111,-2.735183261484664,-0.9577379142596616,10.89269685782203,0,0,0.0,11.2
1,23.403785531940162,-2.7718021177008945,-0.8209182122225668,9.233763256717918,0,0,0.0,11.2
1,28.74278952839323,-2.841927285842301,-0.684098510185474,7.558931487045327,0,0,0.0,11.2
1,31.35028443123431,-2.8699479681712976,-0.5472788081483791,5.855476653787418,0,0,0.0,11.2
1,34.08197950915116,-2.896041413575817,-0.5472788081483791,5.263668664228036,0,0,0.0,11.2
1,36.44119537721973,-2.9157598214324887,-0.4104591061112882,4.712817118327363,0,0,0.0,11.2
1,37.43455886787739,-2.922876262977434,-0.4104591061112882,4.8551815376868435,0,0,0.0,11.2
1,38.17959139891138,-2.9264344972767304,-0.13681970203709862,5.225627961240161,0,0,0.0,11.2
1,38.676284473441314,-2.9276205798854433,-0.13681970203709862,5.850943583738838,0,0,0.0,11.2
1,38.80045797809981,-2.927768840281983,-3.8266048511357935e-15,6.514695503722519,0,0,0.0,11.2
1,39.172975659769634,-2.926434501785678,0.4104591061112767,7.296246699832431,0,0,0.0,11.2
1,39.42131133992858,-2.9240623726397104,0.6840985101854623,8.005351388474091,0,0,0.0,11.2
1,40.16627589678955,-2.9133879943827288,0.957737914259652,8.637856212412178,0,0,0.0,11.2
1,41.15956197260417,-2.8991554900400867,0.6840985101854663,8.922434969743335,0,0,0.0,11.2
1,42.64953923415924,-2.88136465671253,0.6840985101854663,8.788490296554281,0,0,0.0,11.2
1,44.26365672145901,-2.8601640244837325,0.8209182122225572,8.276791004354807,0,0,0.0,11.2
1,46.9951960259696,-2.8210246003438524,0.8209182122225572,7.478301137552172,0,0,0.0,11.2
1,47.74016129083613,-2.8103502119420667,0.8209182122225572,6.526158698587551,0,0,0.0,11.2
1,51.713309370124264,-2.753420140465877,0.8209182122225572,5.455745146520147,0,0,0.0,11.2
1,53.948205164723845,-2.7213969752605203,0.8209182122225572,4.264449866429814,0,0,0.0,11.2
1,56.43142271427892,-2.685815680587902,0.8209182122225572,2.9752290248750946,0,0,0.0,11.2
1,58.169608914480854,-2.6567580099050248,1.094557616296743,2.577265578290439,0,0,0.0,11.2
1,59.28699202547499,-2.63674392159563,0.957737914259652,2.368642311858059,0,0,0.0,11.2
1,59.90778520205105,-2.6271073804860956,0.8209182122225572,2.6579546000449614,0,0,0.0,11.2
1,60.03194383736626,-2.6251800722641887,0.957737914259652,3.069763211763162,0,0,0.0,11.2
1,60.03194383736626,-2.6251800722641887,0.957737914259652,3.494168280525172,0,0,0.0,11.2
1,60.03194383736626,-2.6251800722641887,0.957737914259652,3.7898786554897135,0,0,0.0,11.2
1,60.03194383736626,-2.6251800722641887,0.957737914259652,4.0938819305428975,0,0,0.0,11.2
1,60.03194383736626,-2.6251800722641887,0.957737914259652,4.283066946457728,0,0,0.0,11.2
1,60.03194383736626,-2.6251800722641887,0.957737914259652,4.4425638380696135,0,0,0.0,11.2
1,60.03194383736626,-2.6251800722641887,0.957737914259652,4.540876973810751,0,0,0.0,11.2
1,60.03194383736626,-2.6251800722641887,0.957737914259652,4.587332536851996,0,0,0.0,11.2
1,60.03194383736626,-2.6251800722641887,0.957737914259652,4.5948251834018965,0,0,0.0,11.2
1,60.03194383736626,-2.6251800722641887,0.957737914259652,4.545616532634018,0,0,0.0,11.2
1,60.03194383736626,-2.6251800722641887,0.957737914259652,4.442804601995144,0,0,0.0,11.2
1,60.03194383736626,-2.6251800722641887,0.957737914259652,4.290788793967978,0,0,0.0,11.2
1,60.03194383736626,-2.6251800722641887,0.957737914259652,4.083536811741995,0,0,0.0,11.2
1,60.03194383736626,-2.6251800722641887,0.957737914259652,3.827048152903478,0,0,0.0,11.2
1,60.03194383736626,-2.6251800722641887,0.957737914259652,3.5192724252929253,0,0,0.0,11.2
1,60.03194383736626,-2.6251800722641887,0.957737914259652,3.1548013914582116,0,0,0.0,11.2
1,60.03194383736626,-2.6251800722641887,0.957737914259652,2.7752544743313425,0,0,0.0,11.2
1,59.90778520205105,-2.6271073804860956,0.8209182122225572,2.3656501086704385,0,0,0.0,11.2
1,59.53530929610541,-2.6328893051518163,0.9577379142596479,2.0574022280588187,0,0,0.0,11.2
1,58.914540901108666,-2.6440082431014797,1.094557616296743,1.9245502016714349,0,0,0.0,11.2
1,57.30070261606844,-2.6806253592116325,1.5050167224080235,2.229583931185135,0,0,0.0,11.2
1,55.56298724439416,-2.730434011520739,1.7786561264822092,2.6481115111991453,0,0,0.0,11.2
1,53.32911309338227,-2.8051432975099986,2.052295530556395,3.513540537239074,0,0,0.0,11.2
1,50.599289695319605,-2.909493174507731,2.325934934630584,4.64105955943365,0,0,0.0,11.2
1,48.61434867578421,-2.9948648285510333,2.5995743387047736,6.010893170389322,0,0,0.0,11.2
1,43.281290781638106,-3.2561430891044316,3.010033444816054,7.537208280580128,0,0,0.0,11.2
1,39.80967535700187,-3.4470063978348984,3.28367284889024,9.084570105978324,0,0,0.0,11.2
1,36.33852230398409,-3.6461594026961692,3.28367284889024,10.66605804140593,0,0,0.0,11.2
1,32.37096181868554,-3.86428889838813,3.010033444816053,12.171984270581367,0,0,0.0,11.2
1,29.64257888166199,-4.00122403047125,2.7363940407418648,13.61366177874515,0,0,0.0,11.2
1,27.037760005317402,-4.122605447580019,2.599574338704772,14.735077659121774,0,0,0.0,11.2
1,24.556583730898147,-4.229320015134149,2.325934934630584,15.42557646766378,0,0,0.0,11.2
1,24.06025220397766,-4.248292720042827,2.052295530556396,15.484192518412437,0,0,0.0,11.2
1,22.694958924085576,-4.2890580520840835,1.3681970203709302,15.193147603570571,0,0,0.0,11.2
1,22.44666926685966,-4.29439501295445,1.0945576162967425,14.303670380792145,0,0,0.0,11.2
1,22.44666926685966,-4.29439501295445,1.0945576162967425,13.457148402859197,0,0,0.0,11.2
1,22.44666926685966,-4.29439501295445,1.0945576162967425,12.643438895402172,0,0,0.0,11.2
1,22.322515587860313,-4.296618800544382,0.9577379142596497,11.84270830730624,0,0,0.0,11.2
1,22.07420303755265,-4.300769900301376,0.9577379142596497,11.254912344854569,0,0,0.0,11.2
1,21.329265386629654,-4.313223199572359,0.9577379142596497,11.165336229299918,0,0,0.0,11.2
1,21.205111707630305,-4.315446987162292,1.0945576162967425,11.167635650619387,0,0,0.0,11.2
1,19.591187516281856,-4.348210292765913,1.2313773183338355,11.385688553961922,0,0,0.0,11.2
1,18.47391273372065,-4.373560652104398,1.3681970203709284,11.82556960259674,0,0,0.0,11.2
1,16.61189429773933,-4.420257794814813,1.5050167224080213,12.314977249800604,0,0,0.0,11.2
1,15.246499778950536,-4.4577629696583045,1.6418364244451151,12.903950829006954,0,0,0.0,11.2
1,13.881198713679739,-4.498528534157695,1.7786561264822078,13.542840334796406,0,0,0.0,11.2
1,12.640157518673133,-4.540033693040617,2.052295530556395,14.18630673186465,0,0,0.0,11.2
1,11.647405739758353,-4.575608596742092,2.052295530556395,14.84423242666059,0,0,0.0,11.2
1,10.902841905572267,-4.602289774518198,2.052295530556395,15.493535751154718,0,0,0.0,11.2
1,10.282346086186209,-4.6237832417206866,1.915475828519301,15.461425610422872,0,0,0.0,11.2
1,10.282346086186209,-4.6237832417206866,1.915475828519301,15.297851707639907,0,0,0.0,11.2
1,10.282346086186209,-4.6237832417206866,1.915475828519301,15.085225453312713,0,0,0.0,11.2
1,10.282346086186209,-4.6237832417206866,1.915475828519301,15.00156481370091,0,0,0.0,11.2
1,10.282346086186209,-4.6237832417206866,1.915475828519301,15.03460066208504,0,0,0.0,11.2
1,10.282346086186209,-4.6237832417206866,1.915475828519301,15.155803533028603,0,0,0.0,11.2
1,10.282346086186209,-4.6237832417206866,1.915475828519301,15.332541901247836,0,0,0.0,11.2
1,10.282346086186209,-4.6237832417206866,1.915475828519301,15.572851303227708,0,0,0.0,11.2
1,10.40645516131032,-4.6197809033846,1.778656126482207,15.676559247086322,0,0,0.0,11.2
1,10.654682751007769,-4.612072597313604,1.778656126482207,15.77386777013158,0,0,0.0,11.2
1,11.27531544349957,-4.595024822970596,1.3681970203709273,15.88370287501991,0,0,0.0,11.2
1,11.647740371019975,-4.586574703191101,1.2313773183338343,15.821468802375469,0,0,0.0,11.2
1,12.640947145893813,-4.5675985357225635,0.9577379142596478,15.579528249043078,0,0,0.0,11.2
1,13.882554740662096,-4.54980790529426,0.6840985101854612,15.257931940224124,0,0,0.0,11.2
1,14.751737882036913,-4.542543242524011,0.2736394040741807,14.722476132918258,0,0,0.0,11.2
1,17.359376523323327,-4.539429780114627,-0.13681970203709878,14.036080471348338,0,0,0.0,11.2
1,19.470285978267622,-4.552031818005639,-0.5472788081483791,13.28465198457064,0,0,0.0,11.2
1,22.32611372899833,-4.582721136746922,-0.6840985101854721,12.405831193834373,0,0,0.0,11.2
1,24.561007399581243,-4.614744271517866,-0.9577379142596597,11.38409369934411,0,0,0.0,11.2
1,26.919927300568858,-4.656996235726586,-1.0945576162967545,10.350751178729192,0,0,0.0,11.2
1,30.023627668546638,-4.720002592656626,-1.2313773183338474,9.279939512198327,0,0,0.0,11.2
1,32.13414391877153,-4.762846915369053,-1.0945576162967545,8.201712809787361,0,0,0.0,11.2
1,32.754883992367084,-4.775448186755061,-1.2313773183338474,7.072261332802037,0,0,0.0,11.2
1,36.28607138708881,-4.775448186755061,-1.2313773183338494,6.442924393382259,0,0,0.0,11.2
1,37.40340351956081,-4.7981304752498755,-1.0945576162967583,6.122333373727617,0,0,0.0,11.2
1,38.272479272556254,-4.813696988379404,-0.9577379142596637,6.25126206089816,0,0,0.0,11.2
1,38.64496721545473,-4.8185894326712075,-0.5472788081483831,6.760101693025186,0,0,0.0,11.2
1,39.01748064868019,-4.820813321710798,-0.1368197020371027,7.232398516051908,0,0,0.0,11.2
1,39.26582765799718,-4.820813321710798,0.13681970203708296,7.677472789654185,0,0,0.0,11.2
1,39.63834604774039,-4.819478980678205,0.27363940407417386,8.031082973384654,0,0,0.0,11.2
1,39.88669046077511,-4.818292901451205,0.27363940407417386,8.29358344878242,0,0,0.0,11.2
1,41.37675693898339,-4.811176426089207,0.27363940407417386,8.468448712119448,0,0,0.0,11.2
1,42.37011948556096,-4.8040599913076365,0.5472788081483595,8.344337641205547,0,0,0.0,11.2
1,43.48764279148818,-4.794719692849213,0.4104591061112686,8.005403367420303,0,0,0.0,11.2
1,44.72934715481025,-4.785824140918032,0.4104591061112686,7.484673525249613,0,0,0.0,11.2
1,46.46773326346115,-4.773370368214378,0.4104591061112686,6.918370704927352,0,0,0.0,11.2
1,47.70943762678322,-4.7644748162831965,0.4104591061112686,6.296905013500207,0,0,0.0,11.2
1,48.95114199010529,-4.755579264352015,0.4104591061112686,5.576676891533039,0,0,0.0,11.2
1,49.696164608098535,-4.750241933193307,0.4104591061112686,4.742799280498581,0,0,0.0,11.2
1,51.18620984408502,-4.739567270875889,0.4104591061112686,4.7085855101354905,0,0,0.0,11.2
1,51.31037910029916,-4.738529459936064,0.5472788081483635,4.6513961712995835,0,0,0.0,11.2
1,51.43454552424397,-4.737195141729922,0.6840985101854583,5.028839108570752,0,0,0.0,11.2
1,51.43454552424397,-4.737195141729922,0.6840985101854583,5.2296559845568895,0,0,0.0,11.2
1,51.43454552424397,-4.737195141729922,0.6840985101854583,5.428487698841574,0,0,0.0,11.2
1,51.43454552424397,-4.737195141729922,0.6840985101854583,5.444325122506632,0,0,0.0,11.2
1,51.43454552424397,-4.737195141729922,0.6840985101854583,5.43823709118072,0,0,0.0,11.2
1,51.43454552424397,-4.737195141729922,0.6840985101854583,5.4727944620819935,0,0,0.0,11.2
1,51.43454552424397,-4.737195141729922,0.6840985101854583,5.485107272894163,0,0,0.0,11.2
1,51.43454552424397,-4.737195141729922,0.6840985101854583,5.448350806848566,0,0,0.0,11.2
1,51.43454552424397,-4.737195141729922,0.6840985101854583,5.285849322946098,0,0,0.0,11.2
1,51.43454552424397,-4.737195141729922,0.6840985101854583,5.107280381079066,0,0,0.0,11.2
1,51.43454552424397,-4.737195141729922,0.6840985101854583,4.96504881597654,0,0,0.0,11.2
1,51.43454552424397,-4.737195141729922,0.6840985101854583,4.787018759859453,0,0,0.0,11.2
1,51.43454552424397,-4.737195141729922,0.6840985101854583,4.559885296348182,0,0,0.0,11.2
1,51.310382640605525,-4.738825959593676,0.8209182122225531,4.254014355880816,0,0,0.0,11.2
1,51.310382640605525,-4.738825959593676,0.8209182122225531,3.9147715585569562,0,0,0.0,11.2
1,51.18622400529031,-4.740753267815583,0.9577379142596478,3.6175571818342007,0,0,0.0,11.2
1,50.81376296829227,-4.747424630585381,1.0945576162967388,3.238037622195415,0,0,0.0,11.2
1,50.31718365384044,-4.758098552326114,1.3681970203709244,3.1453688217251172,0,0,0.0,11.2
1,49.448297884351916,-4.781965436406325,1.778656126482205,3.201014503477491,0,0,0.0,11.2
1,47.95917587696722,-4.835327589099079,2.325934934630576,3.604773770970367,0,0,0.0,11.2
1,46.84270601230651,-4.884682161809446,2.7363940407418568,4.303004453455309,0,0,0.0,11.2
1,43.37111698266236,-5.07554401938965,3.5573122529644174,5.077131331381361,0,0,0.0,11.2
1,40.769097035699154,-5.246661443353,3.967771359075698,6.210060558526614,0,0,0.0,11.2
1,37.05410476868075,-5.522173071696231,4.515050167224074,7.614694312923246,0,0,0.0,11.2
1,34.08375771705403,-5.763868181651221,4.78868957129826,9.033205927150725,0,0,0.0,11.2
1,31.662372074959126,-5.763868181651221,4.788689571298258,10.489478767094752,0,0,0.0,11.2
1,29.240986432864226,-5.763868181651221,4.788689571298256,11.983830162851962,0,0,0.0,11.2
1,25.77558153929971,-6.0458458099320405,4.515050167224069,13.418989757391667,0,0,0.0,11.2
1,25.15658240433646,-6.09398209481888,4.3782304651869755,14.375335643937404,0,0,0.0,11.2
1,22.308166760550197,-6.301807233632141,3.9677713590756976,14.862350985396533,0,0,0.0,11.2
1,21.06901529647854,-6.381812124566287,3.4204925509273245,14.632517234063359,0,0,0.0,11.2
1,20.57307164983567,-6.409078233787476,2.873213742778951,14.257825987444612,0,0,0.0,11.2
1,20.449046811903,-6.41515448395458,2.736394040741858,13.651759749697433,0,0,0.0,11.2
1,20.325007817791352,-6.42093455143595,2.5995743387047656,13.028349861014672,0,0,0.0,11.2
1,20.20095537481113,-6.426418403271774,2.462754636667673,12.438402792794095,0,0,0.0,11.2
1,20.20095537481113,-6.426418403271774,2.462754636667673,11.873834384412515,0,0,0.0,11.2
1,20.076890190349427,-6.431606008191363,2.32593493463058,11.321236260612077,0,0,0.0,11.2
1,19.70465853489911,-6.446279993457226,2.1891152325934855,11.176524248632392,0,0,0.0,11.2
1,19.332361750920985,-6.459176049266196,1.778656126482205,10.9544247484933,0,0,0.0,11.2
1,18.835906571526085,-6.474592661408186,1.778656126482205,10.938855997073945,0,0,0.0,11.2
1,18.215315178221175,-6.493122463453363,1.6418364244451111,11.233713579381087,0,0,0.0,11.2
1,17.09817420830307,-6.523808515598038,1.505016722408018,11.653455806475995,0,0,0.0,11.2
1,15.732779689514278,-6.561313690441529,1.6418364244451116,12.196794101831134,0,0,0.0,11.2
1,14.615715181565443,-6.594667334122848,1.7786561264822056,12.81299770570895,0,0,0.0,11.2
1,14.367487591867993,-6.602375640193843,1.7786561264822056,13.422009228596066,0,0,0.0,11.2
1,12.505851465006351,-6.662410715235055,1.9154758285192985,14.036213918399973,0,0,0.0,11.2
1,12.009476047298321,-6.680198150180831,2.189115232593485,14.663802801109936,0,0,0.0,11.2
1,11.885398828814882,-6.6850894786027855,2.325934934630579,15.143063486405035,0,0,0.0,11.2
1,11.885398828814882,-6.6850894786027855,2.325934934630579,14.71070768917212,0,0,0.0,11.2
1,11.885398828814882,-6.6850894786027855,2.325934934630579,14.417541144011517,0,0,0.0,11.2
1,11.885398828814882,-6.6850894786027855,2.325934934630579,14.288287309082925,0,0,0.0,11.2
1,12.009476047298321,-6.68019815018083,2.189115232593485,14.449326244060499,0,0,0.0,11.2
1,12.009476047298321,-6.68019815018083,2.189115232593485,14.717094907317577,0,0,0.0,11.2
1,12.009476047298321,-6.68019815018083,2.189115232593485,15.059511978527386,0,0,0.0,11.2
1,12.133564592275125,-6.675603126148445,2.0522955305563912,15.476601237683585,0,0,0.0,11.2
1,12.257663756152336,-6.671304432707942,1.9154758285192972,15.983069313675536,0,0,0.0,11.2
1,12.50587223104785,-6.663003393042155,1.9154758285192972,16.47689116194182,0,0,0.0,11.2
1,13.250554292403121,-6.639878496806807,1.6418364244451107,16.40414029377173,0,0,0.0,11.2
1,14.243535448505144,-6.611416382722994,1.6418364244451107,16.22972209555451,0,0,0.0,11.2
1,15.857281692315713,-6.570945602633278,1.231377318333831,15.6735823600223,0,0,0.0,11.2
1,18.340298629500307,-6.523505183961936,0.9577379142596455,14.867057805800343,0,0,0.0,11.2
1,20.823513819036872,-6.48792392310533,0.6840985101854579,13.958123305538557,0,0,0.0,11.2
1,23.30680925496198,-6.45827253422607,0.6840985101854579,12.665451506375092,0,0,0.0,11.2
1,26.162696719479232,-6.434402927980965,0.2736394040741793,11.32456307097325,0,0,0.0,11.2
1,30.012053413492403,-6.4206147373108395,0.1368197020370865,10.024227358548625,0,0,0.0,11.2
1,32.61969701132079,-6.417501268983505,-6.3611093629270335e-15,8.670017314720882,0,0,0.0,11.2
1,35.227340609149174,-6.420614737310839,-0.13681970203710117,7.3105818075414035,0,0,0.0,11.2
1,37.33827815102737,-6.428176003162197,-0.27363940407419596,6.279222729282153,0,0,0.0,11.2
1,40.07006669440922,-6.441222874659195,-0.27363940407419596,5.843068077410416,0,0,0.0,11.2
1,41.43596745680099,-6.446115458445368,-0.13681970203710117,5.5887560756804,0,0,0.0,11.2
1,42.42935360586087,-6.4484876236627935,-0.13681970203710117,5.735311493703625,0,0,0.0,11.2
1,43.29856648628967,-6.447449802859666,0.2736394040741793,6.043764397677713,0,0,0.0,11.2
1,43.67107354687888,-6.44433637595813,0.6840985101854598,6.505760904202653,0,0,0.0,11.2
1,43.91939506583253,-6.440778249872469,0.9577379142596455,6.995936256281479,0,0,0.0,11.2
1,44.16769675955099,-6.436034208005335,1.231377318333831,7.392752374311524,0,0,0.0,11.2
1,44.54009973889189,-6.426694797215401,1.6418364244451116,7.826288245932296,0,0,0.0,11.2
1,45.28472233285055,-6.4017917728883935,2.189115232593483,8.294273940483851,0,0,0.0,11.2
1,46.15334214768818,-6.369626604661701,2.0522955305563886,8.486444755024351,0,0,0.0,11.2
1,47.27023462258308,-6.330938363697168,1.9154758285192974,8.467632354323708,0,0,0.0,11.2
1,48.88352375298683,-6.2750553489706205,2.0522955305563886,7.912470101969913,0,0,0.0,11.2
1,50.49681288339058,-6.219172334244073,1.9154758285192974,7.187903392185451,0,0,0.0,11.2
1,52.35844901025222,-6.159137259202862,1.778656126482203,6.3745227741650865,0,0,0.0,11.2
1,54.840899541215485,-6.0879820416184245,1.5050167224080173,5.303707701316803,0,0,0.0,11.2
1,55.337422686772996,-6.074936620826685,1.5050167224080173,4.068057733088097,0,0,0.0,11.2
1,57.695979372349335,-6.0157869067268255,1.3681970203709264,3.0221355098735727,0,0,0.0,11.2
1,59.18563801753538,-5.980207776269714,1.3681970203709264,2.7189136784738306,0,0,0.0,11.2
1,59.43391445839973,-5.974277921193529,1.3681970203709264,2.639776241144717,0,0,0.0,11.2
1,59.558049020798485,-5.971164778346168,1.505016722408021,2.9661621831700846,0,0,0.0,11.2
1,59.558049020798485,-5.971164778346168,1.505016722408021,3.1147326192227163,0,0,0.0,11.2
1,59.43392224636314,-5.974574339695576,1.6418364244451158,3.136313578438138,0,0,0.0,11.2
1,59.43392224636314,-5.974574339695576,1.6418364244451158,3.0743850761754565,0,0,0.0,11.2
1,59.43392224636314,-5.974574339695576,1.6418364244451158,3.0221416405668213,0,0,0.0,11.2
1,59.43392224636314,-5.974574339695576,1.6418364244451158,2.876409936263333,0,0,0.0,11.2
1,59.30979547192779,-5.9779839010449844,1.505016722408021,2.7053287049797956,0,0,0.0,11.2
1,59.185668697492446,-5.981393462394393,1.6418364244451158,2.482432962095214,0,0,0.0,11.2
1,59.185668697492446,-5.981393462394393,1.6418364244451158,2.1886302776321926,0,0,0.0,11.2
1,59.061550418831466,-5.985099422803428,1.7786561264822103,1.9033228239231719,0,0,0.0,11.2
1,58.689223193459135,-5.997106437811688,1.9154758285193012,1.656690962910095,0,0,0.0,11.2
1,57.94466006689709,-6.023787590230335,2.1891152325934904,1.6688764771874003,0,0,0.0,11.2
1,57.57242841144678,-6.0384615754962,2.3259349346305815,2.0286639765265164,0,0,0.0,11.2
1,54.595339654529326,-6.173628221919521,2.8732137427789564,2.478748681445708,0,0,0.0,11.2
1,52.48743879368334,-6.286992674800259,3.283672848890237,3.2878728930997667,0,0,0.0,11.2
1,49.884631283730094,-6.445681185125467,3.6941319550015175,4.427984758982363,0,0,0.0,11.2
2,45.92061452399597,-6.720631681445055,4.241410763149889,5.7734215284772965,0,0,0.0,11.2
3,42.82505293782026,-6.953921718506965,4.378230465186981,7.207299926313201,0,0,0.0,11.2
3,39.4824576090187,-7.213857656895895,4.515050167224075,8.850724709113987,0.0019436345966958206,0.0,0.0,11.771428571428572
3,37.25426868711722,-7.389808855084905,4.515050167224075,10.421116544736348,0.015549076773566565,0.0,0.0,12.342857142857143
3,32.17847578041857,-7.784526391156989,4.378230465186983,11.844478212920944,0.05247813411078717,0.0,0.0,12.914285714285713
3,29.825436770334264,-7.956208027567943,3.9677713590757024,13.12984189066117,0.12439261418853252,0.0,0.0,13.485714285714284
3,27.843100105235674,-8.088950321333503,3.694131955001517,13.684051462197512,0.2429543245869776,0.0,0.0,14.057142857142857
3,26.23183831335986,-8.187186065820537,3.2836728488902365,14.168507068837425,0.41982507288629733,0.0,0.0,14.628571428571428
3,24.867736372180975,-8.25728204635382,2.5995743387047705,13.977246312785082,0.6666666666666667,0.0,0.0,15.200000000000001
3,23.99928173168846,-8.293595211767679,2.1891152325934917,13.780866309036695,0.9951409135082608,0.0,0.0,15.77142857142857
3,23.37878709172492,-8.315088638115961,1.7786561264822114,13.580906654569867,1.416909620991254,0.0,0.0,16.34285714285714
3,23.00640747622984,-8.325317302721766,1.3681970203709308,13.32064351743891,1.943634596695822,0.0,0.0,16.914285714285715
3,21.392566123641423,-8.361934488432912,1.231377318333838,13.017721829365467,2.586734693877552,0.0,0.0,17.2
3,20.151057655049126,-8.385654697768583,0.9577379142596502,13.181860235122896,3.3520408163265323,0.0,0.0,17.2
3,18.53699539595135,-8.410709704653373,0.8209182122225573,13.68602756712725,4.239795918367349,0.0,0.0,17.2
3,16.1779813249623,-8.447328560869604,0.9577379142596502,14.670094379225748,5.2500000000000036,0.0,0.0,17.2
3,13.81906142397468,-8.489580525078326,1.094557616296743,15.859275000784006,6.382653061224493,0.0,0.0,17.2
3,11.212091886602014,-8.548731251102419,1.5050167224080226,17.44168851695751,7.637755102040821,0.0,0.0,17.2
3,8.481396302542425,-8.6270019904453,1.7786561264822094,19.187594920607566,9.015306122448985,0.0,0.0,17.2
3,7.612632776673659,-8.655018358797907,1.9154758285193019,21.15217988032337,10.515306122448983,0.0,0.0,17.2
3,2.897066308447376,-8.823998990782673,2.1891152325934886,23.279459154238708,12.13775510204082,0.0,0.0,17.2
3,2.897066308447376,-8.823998990782673,2.1891152325934886,24.277345162017287,13.882653061224495,0.0,0.0,17.2
3,1.7802694036561444,-8.865354207074136,2.0522955305563952,25.112969904521137,15.750000000000007,0.0,0.0,17.2
3,1.5320611646548234,-8.87365523885072,1.7786561264822085,25.257529855640684,17.739795918367356,0.0,0.0,17.2
3,1.6561794433158048,-8.869949278441684,1.6418364244451151,25.316618081232498,19.85204081632654,0.0,0.0,17.2
3,1.7803062177511497,-8.866539717092277,1.505016722408022,25.73791869736206,22.08673469387756,0.0,0.0,17.2
3,1.7803062177511497,-8.866539717092277,1.505016722408022,26.37308509606131,24.44387755102042,0.0,0.0,17.2
3,1.7803062177511497,-8.866539717092277,1.505016722408022,27.065704197761292,26.923469387755112,0.0,0.0,17.2
3,1.7803062177511497,-8.866539717092277,1.505016722408022,27.90036572794047,29.525510204081648,0.0,0.0,17.2
3,1.9044407801499041,-8.863426574244915,1.3681970203709286,28.86190918563523,32.25000000000002,0.0,0.0,17.2
3,2.276865707670307,-8.85497645446542,1.2313773183338352,29.93640228276369,35.09693877551022,0.0,0.0,17.2
3,2.276865707670307,-8.85497645446542,1.2313773183338352,30.641664175811314,38.06632653061227,0.0,0.0,17.2
3,3.518374176262604,-8.83125624512975,0.9577379142596486,31.169889739291275,41.158163265306136,0.0,0.0,17.2
3,5.629070976621231,-8.798492005357332,0.8209182122225549,31.396972515360673,44.372448979591866,0.0,0.0,17.2
3,9.105681282786827,-8.756980100378783,0.5472788081483686,31.203293953163236,47.709183673469404,0.0,0.0,17.2
3,10.099024947483862,-8.74749157477714,0.5472788081483686,30.786802115526555,51.16836734693881,0.0,0.0,17.2
3,16.80422213688249,-8.699455640001538,0.273639404074182,30.04409463188153,54.75000000000003,0.0,0.0,17.2
3,22.88868916935492,-8.677661403135856,0.13681970203708915,29.057400119027594,58.45408163265308,0.0,0.0,17.2
3,28.10396645191927,-8.665207535744372,0.13681970203708915,27.875447948174845,62.28061224489796,0.0,0.0,17.2
3,33.69177416155153,-8.658535817900086,-3.677516350442191e-15,26.58117042121182,66.22959183673468,0.0,0.0,17.2
3,39.77627588981777,-8.66580057733053,-0.1368197020370965,25.10900154730041,70.30102040816323,0.0,0.0,17.2
3,47.72336508229678,-8.684777899069935,-0.1368197020370965,23.650274563591058,74.49489795918362,0.0,0.0,17.2
3,51.82106736947209,-8.699455650428456,-0.2736394040741913,22.34762739733768,78.81122448979585,0.0,0.0,17.2
3,59.768088586582934,-8.737410185692449,-0.2736394040741913,21.251515195796706,83.24999999999991,0.0,0.0,17.2
3,65.8524862276656,-8.773733775715273,-0.4104591061112861,20.54883672252002,87.8112244897958,0.0,0.0,17.2
3,73.32473098256781,-8.773733775715273,-0.41045910611129,20.145944301082075,92.49489795918356,0.0,0.0,17.2
3,78.53988930852051,-8.811095093826236,-0.41045910611129,19.90966414968629,97.30102040816311,0.0,0.0,17.2
3,84.12760142788214,-8.844453492826789,-0.27363940407419524,19.915539645138935,102.22959183673453,0.0,0.0,17.2
3,89.46703168086815,-8.863579047627285,-0.13681970203710042,19.98024568809056,107.28054025843123,0.0,0.0,17.009523809523827
3,96.54492144640234,-8.872029890230047,-5.615666859459023e-15,20.11621029674617,112.449474498794,0.0,0.0,16.43809523809526
3,100.27013012654834,-8.872029890230047,-5.615666859459023e-15,20.32418469413676,117.72530864197508,0.0,0.0,15.866666666666688
3,109.08644895730146,-8.861503402075728,0.1368197020370892,20.495286271845057,123.09638088039424,0.0,0.0,15.295238095238119
3,114.92257039661175,-8.840598725898442,0.27363940407418397,20.49821572159307,128.55102940647132,0.0,0.0,14.72380952380955
3,121.25531079855492,-8.80279254036448,0.4104591061112788,20.306741896174334,134.07759241262613,0.0,0.0,14.152380952380982
3,128.08461989033236,-8.745712938674117,0.5472788081483736,19.917393033186123,139.66440809127852,0.0,0.0,13.58095238095241
3,135.30778982007118,-8.745712938674117,0.5472788081483815,19.366640984884903,145.2998146348483,0.0,0.0,13.009523809523843
3,145.24096212340146,-8.627107495878265,0.8209182122225711,18.74699157496345,150.97215023575532,0.0,0.0,12.438095238095272
3,153.0629561482599,-8.505687077898132,0.9577379142596659,17.889519800820654,156.66975308641935,0.0,0.0,11.866666666666704
3,156.0427067519519,-8.4558738808142,0.9577379142596659,16.855993211914026,162.38096137926027,0.0,0.0,11.295238095238133
3,172.18302252195014,-8.186052396609567,0.9577379142596659,15.667776360533248,168.09523809523765,0.0,0.0,11.2
3,180.62564923241075,-8.044915004871758,0.9577379142596659,14.62029985535806,173.80952380952334,0.0,0.0,11.2
3,189.5649010434867,-7.89547541361996,0.9577379142596659,13.454025059659156,179.52380952380904,0.0,0.0,11.2
3,198.38016415086688,-7.758636529864571,0.8209182122225711,12.119264439581565,185.23809523809473,0.0,0.0,11.2
3,207.44405465647327,-7.639586825810557,0.6840985101854763,10.695589080018607,190.95238095238042,0.0,0.0,11.2
3,218.99153208334093,-7.515495232639286,0.5472788081483815,9.246912112767752,196.66666666666612,0.0,0.0,11.2
3,227.6834543658947,-7.453226428300543,0.2736394040741919,7.816764639685844,202.3809523809518,0.0,0.0,11.2
3,230.911931735346,-7.4378073983495465,0.2736394040741919,6.524295638455162,208.0952380952375,0.0,0.0,11.2
3,245.56402929736524,-7.332839985321375,0.5472788081483659,5.442523082859671,213.8095238095232,0.0,0.0,11.2
3,255.87007756313847,-7.246701677315917,0.4104591061112711,4.788082453722113,219.5238095238089,0.0,0.0,11.2
3,263.3201479679069,-7.175537802936892,0.6840985101854608,4.686015751246357,225.2380952380946,0.0,0.0,11.2
3,270.39743233529816,-7.082581184702926,0.8209182122225398,4.646825149927909,230.95238095238028,0.0,0.0,11.2
3,277.35017713610586,-6.966350501971419,1.0945576162967294,4.8349761892465875,236.66666666666598,0.0,0.0,11.2
3,286.2886047962387,-6.774219910638223,1.368197020370919,4.949335327766742,242.38095238095173,0.0,0.0,11.2
3,290.6333144801951,-6.665259910980578,1.5050167224079982,5.129635882550862,248.0952380952374,0.0,0.0,11.2
3,299.81838144475915,-6.401985605918162,1.7786561264821878,5.191665869248561,253.80952380952309,0.0,0.0,11.2
3,306.76875395628775,-6.186153035930302,1.7786561264821878,5.3184478312045425,259.5238095238088,0.0,0.0,11.2
3,313.96679288732605,-5.9454231144093574,2.052295530556377,5.450586927892567,265.2380952380945,0.0,0.0,11.2
3,323.14974684228775,-5.616355255170717,2.052295530556377,5.450778546206422,270.95238095238017,0.0,0.0,11.2
3,329.974616816012,-5.363628933389593,2.1891152325934877,5.192252037521467,276.6666666666659,0.0,0.0,11.2
3,337.2958409696434,-5.092522515478931,2.052295530556377,4.654514580266615,282.38095238095156,0.0,0.0,11.2
3,344.7414793115043,-4.825710737717871,2.052295530556377,4.048352402937854,288.0952380952373,0.0,0.0,11.2
3,347.2233587587913,-4.736773478464183,2.052295530556377,3.585911566107456,293.80952380952294,0.0,0.0,11.2
3,361.3700716083269,-4.229831100718171,2.052295530556377,3.068922084321467,299.5238095238086,0.0,0.0,11.2
3,367.9473272938191,-4.002000348371456,1.915475828519298,2.3614206409846537,305.23809523809433,0.0,0.0,11.2
3,374.7733264256451,-3.781871739887041,1.7786561264821876,2.2341570654146863,310.95238095238005,0.0,0.0,11.2
3,381.10377988906146,-3.6079844415883557,1.3681970203709188,2.025348221769438,316.6666666666657,0.0,0.0,11.2
3,389.17298665200354,-3.42489851303261,1.2313773183338397,2.189026224204833,322.3809523809514,0.0,0.0,11.2
3,394.8839256075281,-3.3157855500885223,0.95773791425965,2.41247899714745,328.0952380952371,0.0,0.0,11.2
3,400.4710641967127,-3.229056680102703,0.8209182122225708,2.720967891461894,333.80952380952283,0.0,0.0,11.2
3,402.4576382363568,-3.200591644364607,0.8209182122225708,3.008563237992543,339.5238095238085,0.0,0.0,11.2
3,413.1357984624368,-3.0730907933590657,0.5472788081483813,3.4490728486061486,345.23809523809416,0.0,0.0,11.2
3,418.102516785922,-3.025648165350848,0.5472788081483813,3.916183635734434,350.9523809523799,0.0,0.0,11.2
3,423.31757102558146,-2.975833405942219,0.5472788081483813,4.380172040703413,356.6666666666656,0.0,0.0,11.2
3,428.6568490427893,-2.9312075355297478,0.41045910611130204,4.735192107035402,362.38095238095127,0.0,0.0,11.2
3,435.6103934773929,-2.8813924447151296,0.41045910611130204,5.057596354675466,368.09523809523694,0.0,0.0,11.2
3,440.82555180334566,-2.8440311266041656,0.41045910611130204,5.244003087180434,373.80952380952266,0.0,0.0,11.2
3,444.7990057659763,-2.815565360424384,0.41045910611130204,5.28753276151733,379.5238095238084,0.0,0.0,11.2
3,452.0008910732443,-2.7639711592235297,0.41045910611130204,5.193379542671888,385.23809523809405,0.0,0.0,11.2
3,459.2027763805123,-2.7123769580226753,0.41045910611130204,4.951487068918075,390.9523809523797,0.0,0.0,11.2
3,464.54214573901345,-2.6805011545332538,0.2736394040742229,4.720690434158075,396.66666666666544,0.0,0.0,11.2
3,470.1298578583751,-2.6471427555326965,0.41045910611130204,4.707129860984554,402.38095238095116,0.0,0.0,11.2
3,475.46913587558294,-2.602516885120225,0.5472788081483813,4.708039537637631,408.0952380952368,0.0,0.0,11.2
3,482.049956344658,-2.531798020194654,0.6840985101854604,4.788724889908043,413.8095238095225,0.0,0.0,11.2
3,487.01638672373116,-2.460635498481444,0.95773791425965,4.990217331162511,419.5238095238082,0.0,0.0,11.2
3,490.12022869871487,-2.405040808733134,1.0945576162967605,5.227279005234057,425.2380952380939,0.0,0.0,11.2
3,497.44496156714246,-2.2563458063782584,1.2313773183338708,5.580891852726674,430.9523809523796,0.0,0.0,11.2
3,501.91417964469713,-2.160280419412321,1.2313773183338708,6.139194258841952,436.66666666666526,0.0,0.0,11.2
3,506.3833977222518,-2.0642150324463837,1.2313773183338708,6.579699848802344,442.380952380951,0.0,0.0,11.2
3,512.3423551589914,-1.9361278498251335,1.2313773183338708,6.976313172636666,448.09523809523665,0.0,0.0,11.2
3,516.6873126467294,-1.8375431190643707,1.3681970203709812,7.3774727680949015,453.8095238095224,0.0,0.0,11.2
3,521.5285605802809,-1.716130548017307,1.5050167224080917,7.761902101270541,459.52380952380804,0.0,0.0,11.2
3,526.3698085138324,-1.5947179769702433,1.3681970203709812,8.023709121357404,465.23809523809376,0.0,0.0,11.2
3,529.5974022450688,-1.5176298609798344,1.3681970203709812,8.130348829667462,470.95238095237943,0.0,0.0,11.2
3,537.542671276298,-1.3468471131280846,1.094557616296823,8.145127188396046,476.66666666666515,0.0,0.0,11.2
3,542.5089175625893,-1.2638251968912844,0.8209182122226645,8.133644403182425,482.3809523809508,0.0,0.0,11.2
3,547.5995957917655,-1.196961664477363,0.6840985101856167,8.049610517513702,488.09523809523654,0.0,0.0,11.2
3,554.1804162608406,-1.1262427995518078,0.5472788081485063,7.8954858022484204,493.8095238095222,0.0,0.0,11.2
3,559.2713557656201,-1.0836925510189768,0.41045910611145847,7.838101688043311,499.5238095238079,0.0,0.0,11.2
3,564.3623823632607,-1.0532993430406843,0.2736394040744107,7.8219915201191,505.2380952380936,0.0,0.0,11.2
3,569.329270623955,-1.0295777585006702,0.2736394040744107,7.722061506351717,510.95238095237926,0.0,0.0,11.2
3,572.5577479934062,-1.0141587285496616,0.2736394040744107,7.528482925477119,516.6666666666649,0.0,0.0,11.2
3,580.3806341780137,-0.9861375668652039,0.13681970203736285,7.6712052276928056,522.3809523809507,0.0,0.0,11.2
3,584.9750276515133,-0.969680694129895,0.2736394040744733,7.824824608301317,528.0952380952364,0.0,0.0,11.2
3,589.3210259665723,-0.9437352726848213,0.41045910611158376,8.28445693764286,533.809523809522,0.0,0.0,11.2
3,595.0327466102281,-0.889176302327563,0.6840985101857421,8.759888883692568,539.5238095238078,0.0,0.0,11.2
3,599.3785714482965,-0.842475165112372,0.5472788081486316,9.213842260560305,545.2380952380935,0.0,0.0,11.2
3,603.9727291342546,-0.793105391484884,0.6840985101857421,9.677601974772505,550.9523809523791,0.0,0.0,11.2
3,608.5667558288769,-0.7327651305262207,0.8209182122228524,9.957237407221012,556.6666666666649,0.0,0.0,11.2
3,614.5262513724264,-0.6331388310419216,1.0945576162970108,10.106378368904608,562.3809523809505,0.0,0.0,11.2
3,619.3682448534009,-0.5464111150345569,0.9577379142599004,10.103034238414011,568.0952380952363,0.0,0.0,11.2
3,624.3344958595543,-0.46338911989464826,0.9577379142599004,9.966902381220313,573.8095238095219,0.0,0.0,11.2
3,631.0389347178613,-0.3513094264557721,0.9577379142599004,9.813496062853991,579.5238095238076,0.0,0.0,11.2
3,636.129438765785,-0.2722897893573261,0.8209182122228527,9.626155527492415,585.2380952380934,0.0,0.0,11.2
3,641.2199428137088,-0.1932701522588801,0.9577379142599004,9.382682692275091,590.9523809523789,0.0,0.0,11.2
3,646.558764132263,-0.11039589871664583,0.82091821222279,9.122502782452479,596.6666666666647,0.0,0.0,11.2
3,650.0352687016401,-0.0605820861749661,0.82091821222279,8.918488946417645,602.3809523809504,0.0,0.0,11.2
3,657.857530370862,0.04215943924118328,0.6840985101857423,8.738922257663733,608.095238095236,0.0,0.0,11.2
3,662.8241212427123,0.10146221699972997,0.6840985101857423,8.539674269094911,613.8095238095218,0.0,0.0,11.2
3,667.4181479373347,0.16180247795839325,0.8209182122228527,8.391135887529114,619.5238095238075,0.0,0.0,11.2
3,673.50192106778,0.25624058083210177,0.957737914259963,8.514873844525695,625.2380952380931,0.0,0.0,11.2
3,677.8474733038124,0.32369636859903644,0.8209182122228527,8.979389902481081,630.9523809523789,0.0,0.0,11.2
3,682.3172648930116,0.38774269900977265,0.8209182122228527,9.47510970256126,636.6666666666645,0.0,0.0,11.2
3,686.5387347272552,0.4482308999532453,0.8209182122228527,9.981763730867739,642.3809523809502,0.0,0.0,11.2
3,689.5185957867213,0.49092845356040327,0.8209182122228527,10.500476328372416,648.095238095236,0.0,0.0,11.2
3,696.2232831705201,0.5869979491765084,0.8209182122228527,11.067315347333471,653.8095238095217,0.0,0.0,11.2
3,702.0589387015269,0.6636463887726831,0.6840985101858049,11.373889072234086,659.5238095238074,0.0,0.0,11.2
3,706.7772000297847,0.7199840276433073,0.6840985101858049,11.532241895456922,665.2380952380931,0.0,0.0,11.2
3,711.868023411522,0.7746910740951769,0.5472788081487571,11.417723121699124,670.9523809523788,0.0,0.0,11.2
3,717.2073014287298,0.8193169445076377,0.41045910611164665,11.180241583736507,676.6666666666645,0.0,0.0,11.2
3,724.4092825620584,0.8537132094009989,0.13681970203742572,10.797873807646535,682.3809523809502,0.0,0.0,11.2
3,729.7487432623736,0.8600884064522053,3.1527248280007113e-13,10.354787179568827,688.0952380952358,0.0,0.0,11.2
3,733.598121906787,0.8554923341594751,-0.1368197020367952,9.839203382905133,693.8095238095216,0.0,0.0,11.2
3,741.0484472171269,0.8199099911665159,-0.4104591061110161,9.331503486275814,699.5238095238074,0.0,0.0,11.2
3,747.7536507790661,0.7718740107381672,-0.4104591061110161,8.828035299989565,705.2380952380929,0.0,0.0,11.2
3,752.7204682323545,0.7362918030134643,-0.4104591061110161,8.319292791602704,710.9523809523787,0.0,0.0,11.2
3,757.6872856856428,0.7007095952887614,-0.4104591061110161,8.309142113713413,716.6666666666642,0.0,0.0,11.2
3,762.4058250488581,0.6781741113932205,-0.1368197020367952,8.572564365183627,722.38095238095,0.0,0.0,11.2
3,767.9936327584904,0.6715023935489347,3.1527248280007113e-13,9.10668079329545,728.0952380952358,0.0,0.0,11.2
3,770.7254524572642,0.6715023935489497,3.1527248280007113e-13,9.648289270363408,733.8095238095214,0.0,0.0,11.2
3,775.9407446094685,0.6715023935489783,3.1527248280007113e-13,10.250825140256342,739.5238095238071,0.0,0.0,11.2
3,780.0384702631989,0.6666098004631665,-0.13681970203673255,10.905839522674558,745.2380952380929,0.0,0.0,11.2
3,785.5020940830282,0.6535628917673606,-0.13681970203673255,11.637512183416314,750.9523809523785,0.0,0.0,11.2
3,789.972340250734,0.6535628917673606,0.13681970203748836,12.357569197196922,756.6666666666642,0.0,0.0,11.2
3,794.6908796139493,0.6760983756630112,0.41045910611170927,12.831736137129385,762.3809523809498,0.0,0.0,11.2
3,799.5335634507294,0.7050089881303795,0.27363940407459886,12.859682630801917,768.0952380952356,0.0,0.0,11.2
3,806.3629893743936,0.7457803646869429,0.41045910611164665,12.63751480393578,773.8095238095214,0.0,0.0,11.2
3,810.0881024643598,0.7724670204805109,0.41045910611164665,12.175654379920369,779.5238095238069,0.0,0.0,11.2
3,817.6625566706057,0.817686183570497,0.27363940407453624,11.499385905570227,785.2380952380927,0.0,0.0,11.2
3,825.4854428552131,0.8457073452549547,0.13681970203748842,10.787600349394424,790.9523809523782,0.0,0.0,11.2
3,831.5699445834794,0.8529721046853991,3.779641973417309e-13,10.161880671737647,796.666666666664,0.0,0.0,11.2
3,837.5302784717129,0.8529721046854384,3.779641973417309e-13,9.66578371643541,802.3809523809498,0.0,0.0,11.2
3,843.4905897014625,0.8387391269077419,-0.2736394040737803,9.17343903754067,808.0952380952353,0.0,0.0,11.2
3,850.9409220925039,0.8031567500978031,-0.2736394040737803,8.712786338032119,813.8095238095211,0.0,0.0,11.2
3,856.1561944185348,0.7907028945423186,3.779890454251798e-13,8.242923142881002,819.5238095238069,0.0,0.0,11.2
3,858.0187969884123,0.7884789885942233,-0.13681970203673247,8.171099068005706,825.2380952380925,0.0,0.0,11.2
3,866.0900287661818,0.7595682662213834,-0.2736394040738429,8.204130359963504,830.9523809523782,0.0,0.0,11.2
3,872.0503399959314,0.7453352884436869,3.1537187513386686e-13,8.81770189235685,836.6666666666638,0.0,0.0,11.2
3,876.3964126589786,0.7505244023225758,0.13681970203742583,9.592166871025015,842.3809523809496,0.0,0.0,11.2
3,880.7424605393161,0.7660917143694895,0.2736394040745363,10.413751075633389,848.0952380952353,0.0,0.0,11.2
3,885.4609326355596,0.7998947795820557,0.5472788081487572,11.24184497613294,853.8095238095209,0.0,0.0,11.2
3,891.2967545609658,0.862607735270784,0.6840985101858049,11.587153591814198,859.5238095238067,0.0,0.0,11.2
3,896.2633454328161,0.9219105130293361,0.6840985101858049,11.75391437950787,865.2380952380925,0.0,0.0,11.2
3,898.2499817815562,0.945631624132757,0.6840985101858049,11.50872940330255,870.952380952378,0.0,0.0,11.2
3,908.8041278168654,1.0590486716549257,0.5472788081487572,11.238764501952291,876.6666666666638,0.0,0.0,11.2
3,914.3917443465015,1.105750163947036,0.41045910611164677,10.866863887491998,882.3809523809493,0.0,0.0,11.2
3,920.2277992267236,1.1405911584590083,0.2736394040745989,10.481072715152374,888.0952380952351,0.0,0.0,11.2
3,926.1880651395567,1.1690570599070442,0.2736394040745989,9.888283554582836,893.8095238095209,0.0,0.0,11.2
3,933.8868004779831,1.1874413228699023,4.406062157164928e-13,9.273691487499459,899.5238095238064,0.0,0.0,11.2
3,939.4746081876154,1.1807696050256167,-0.13681970203666985,8.654943422479066,905.2380952380922,0.0,0.0,11.2
3,945.0623840337636,1.1607544895367274,-0.2736394040737803,8.00035086804216,910.952380952378,0.0,0.0,11.2
3,947.0491393380413,1.1512658557207438,-0.2736394040737803,7.495267471980419,916.6666666666636,0.0,0.0,11.2
3,955.8654078952973,1.1196864512827187,-0.13681970203666985,7.599071519508537,922.3809523809493,0.0,0.0,11.2
3,961.5773782523916,1.1060465012825642,-0.13681970203666985,7.999558631295234,928.0952380952349,0.0,0.0,11.2
3,965.7992774107804,1.1060465012825642,0.13681970203748844,8.701379008377465,933.8095238095207,0.0,0.0,11.2
3,969.77282200702,1.1155351621522938,0.13681970203748844,9.405412131734776,939.5238095238064,0.0,0.0,11.2
3,975.1122522600059,1.1346607169527878,0.2736394040745989,10.085944811885046,945.238095238092,0.0,0.0,11.2
3,979.2099078142045,1.159123542886726,0.41045910611164665,10.786080100601545,950.9523809523778,0.0,0.0,11.2
3,983.6800435221639,1.1911475298390073,0.41045910611164665,11.52969174175235,956.6666666666636,0.0,0.0,11.2
3,985.4184296308148,1.2036013025426722,0.41045910611164665,12.152700625185275,962.3809523809491,0.0,0.0,11.2
3,992.9928838370606,1.2488204656326585,0.27363940407453624,12.325093200139829,968.0952380952347,0.0,0.0,11.2
3,999.4498385759632,1.2796585255346906,0.27363940407453624,12.535021299924773,973.8095238095204,0.0,0.0,11.2
3,1004.5408651736038,1.3100517335132198,0.4104591061115841,12.349803137244056,979.5238095238062,0.0,0.0,11.2
3,1010.2527052448854,1.3509712723966845,0.4104591061115841,12.0108475144023,985.2380952380918,0.0,0.0,11.2
3,1016.0887601251076,1.3858122669086568,0.2736394040745363,11.24461255061395,990.9523809523776,0.0,0.0,11.2
3,1023.787495463534,1.4041965298715149,3.779890454251798e-13,10.608461018759893,996.6666666666631,0.0,0.0,11.2
3,1029.7478066932836,1.3899635520938218,-0.2736394040738429,9.977655180723001,1002.3809523809488,0.0,0.0,11.2
3,1031.8587201605978,1.3773614902491642,-0.4104591061108907,9.353363021941753,1008.0952380952345,0.0,0.0,11.2
3,1042.661178510722,1.261276026967416,-0.8209182122221594,8.717077040463566,1013.8095238095202,0.0,0.0,11.2
3,1047.6276136098322,1.1901134376222142,-0.8209182122221594,8.167751947332,1019.523809523806,0.0,0.0,11.2
3,1052.9666176062854,1.1199882694810324,-0.6840985101851116,8.42158886279295,1025.2380952380918,0.0,0.0,11.2
3,1057.5607752922435,1.0706184958535212,-0.5472788081480638,8.66429589139764,1030.9523809523773,0.0,0.0,11.2
3,1063.14826436976,1.0105741765768197,-0.6840985101851116,9.052667900729892,1036.666666666663,0.0,0.0,11.2
3,1067.245756359939,0.9665416757739049,-0.5472788081480638,9.708367720455687,1042.3809523809487,0.0,0.0,11.2
3,1071.4674669349013,0.9262154419669438,-0.5472788081480638,10.485944982841708,1048.0952380952344,0.0,0.0,11.2
3,1072.9574824319468,0.9119826535644872,-0.5472788081480638,11.267735581180808,1053.8095238095202,0.0,0.0,11.2
3,1081.2769491073157,0.8623157983470986,-0.13681970203679514,11.989022042796973,1059.5238095238058,0.0,0.0,11.2
3,1085.374674761046,0.8574232052612868,2.5268016059220706e-13,12.442707575914389,1065.2380952380915,0.0,0.0,11.2
3,1089.9690944334104,0.8629088399332576,0.13681970203730048,12.552132162857387,1070.9523809523773,0.0,0.0,11.2
3,1094.8118335000722,0.8802552733569694,0.27363940407434834,12.36441269195012,1076.6666666666629,0.0,0.0,11.2
3,1101.392916662876,0.9195440544023489,0.41045910611152137,12.138411207607179,1082.3809523809487,0.0,0.0,11.2
3,1106.6080749888288,0.9569053725133331,0.41045910611152137,11.803048242058633,1088.0952380952342,0.0,0.0,11.2
3,1110.3331880787948,0.9835920283068921,0.41045910611152137,11.426025871925424,1093.80952380952,0.0,0.0,11.2
3,1117.2867325133984,1.0334071191215366,0.41045910611152137,11.031003664748628,1099.5238095238058,0.0,0.0,11.2
3,1123.9919360753377,1.0814430995499444,0.41045910611152137,10.682179245417485,1105.2380952380913,0.0,0.0,11.2
3,1129.0829626729783,1.1118363075284459,0.27363940407434834,10.345328259366587,1110.952380952377,0.0,0.0,11.2
3,1134.0498886977696,1.1236971223431904,1.2742097192613215e-13,10.097646799207686,1116.6666666666629,0.0,0.0,11.2
3,1138.8926553794508,1.11791496687814,-0.1368197020369204,9.893774109488492,1122.3809523809484,0.0,0.0,11.2
3,1144.7287768187612,1.0970102907008654,-0.2736394040740935,9.75807016287244,1128.0952380952342,0.0,0.0,11.2
3,1149.0746925256353,1.060686976849618,-0.6840985101853622,10.128961394680307,1133.8095238095198,0.0,0.0,11.2
3,1152.0546470487454,1.0251053101945111,-0.6840985101853622,10.691365380061537,1139.5238095238055,0.0,0.0,11.2
3,1158.2628856385581,0.9509768379963699,-0.6840985101853622,11.329489751116531,1145.2380952380913,0.0,0.0,11.2
3,1162.2361583360384,0.9035346157895588,-0.6840985101853622,12.048725591413211,1150.9523809523769,0.0,0.0,11.2
3,1166.3336503262174,0.8595021149868346,-0.5472788081483144,12.864107177455107,1156.6666666666626,0.0,0.0,11.2
3,1170.6794751642858,0.8128009777718664,-0.6840985101854874,13.636173403256516,1162.3809523809484,0.0,0.0,11.2
3,1176.39087010022,0.730964077801684,-0.9577379142597082,13.917278525858185,1168.095238095234,0.0,0.0,11.2
3,1181.1089789603393,0.6633596821741112,-0.6840985101856127,14.038120056889436,1173.8095238095198,0.0,0.0,11.2
3,1186.1996571895154,0.5964961497602512,-0.8209182122227856,13.824294735635787,1179.5238095238053,0.0,0.0,11.2
3,1190.0487065823072,0.5459407959839185,-0.6840985101856127,13.496602599177296,1185.238095238091,0.0,0.0,11.2
3,1199.1125970879134,0.4268910919298647,-0.8209182122226605,13.022875099746507,1190.9523809523766,0.0,0.0,11.2
3,1204.82399745189,0.34505411418283305,-0.8209182122226605,12.514950772402816,1196.6666666666624,0.0,0.0,11.2
3,1210.1631435329857,0.2876785403768291,-0.41045910611139175,12.099229080046177,1202.3809523809482,0.0,0.0,11.2
3,1215.7509087580331,0.26766346293225096,-1.2304770923911981e-13,11.560343665028597,1208.0952380952338,0.0,0.0,11.2
3,1222.8287447097598,0.2930158943620497,0.41045910611114567,11.108456724762833,1213.8095238095195,0.0,0.0,11.2
3,1227.7954583129388,0.3404584772813946,0.6840985101853666,10.55729522617942,1219.523809523805,0.0,0.0,11.2
3,1232.762049184789,0.3997612550399074,0.6840985101853666,9.995958808033057,1225.2380952380909,0.0,0.0,11.2
3,1234.5003559899367,0.42051722725538837,0.6840985101853666,10.023876429202954,1230.9523809523766,0.0,0.0,11.2
3,1242.5709434264356,0.5265203883994102,0.8209182122224143,10.198069173953174,1236.6666666666622,0.0,0.0,11.2
3,1247.5373785255458,0.597682977744634,0.8209182122224143,10.41192383176279,1242.380952380948,0.0,0.0,11.2
3,1251.2622048498783,0.6510549197535509,0.8209182122224143,11.293807342870407,1248.0952380952338,0.0,0.0,11.2
3,1254.9870311742109,0.7044268617624678,0.8209182122224143,12.262867410245367,1253.8095238095193,0.0,0.0,11.2
3,1258.8360805670027,0.7549822155388005,0.6840985101852414,13.313606139920095,1259.523809523805,0.0,0.0,11.2
3,1263.8027941701816,0.8024247984581454,0.4104591061110205,13.98470516107831,1265.2380952380906,0.0,0.0,11.2
3,1267.9004497243802,0.8268876243918929,0.27363940407397264,14.436593798850694,1270.9523809523764,0.0,0.0,11.2
3,1269.266350486772,0.8317802081780681,0.1368197020369248,14.58325244121371,1276.6666666666622,0.0,0.0,11.2
3,1277.0892664106311,0.8224398209499184,-0.27363940407434384,14.632255325434487,1282.3809523809477,0.0,0.0,11.2
3,1283.5461229633854,0.7761829948697149,-0.5472788081485648,14.563056484835593,1288.0952380952335,0.0,0.0,11.2
3,1288.6369463451229,0.7214759484176586,-0.6840985101857379,14.263149401811404,1293.8095238095193,0.0,0.0,11.2
3,1294.1000197621033,0.6431971745331009,-0.9577379142598335,13.865550206998229,1299.5238095238049,0.0,0.0,11.2
3,1299.5626570239094,0.5388282534562389,-1.2313773183339292,13.44511636876649,1305.2380952380906,0.0,0.0,11.2
3,1306.638730646797,0.3782759776455965,-1.368197020371102,13.037399681912527,1310.9523809523762,0.0,0.0,11.2
3,1310.2388382794943,0.2965914864437852,-1.2313773183340542,12.700603621765104,1316.666666666662,0.0,0.0,11.2
3,1317.4392451822214,0.14181947410974932,-1.2313773183340542,12.450459430510426,1322.3809523809477,0.0,0.0,11.2
3,1322.7776098151433,0.03344854019004384,-1.0945576162970065,12.222380870683523,1328.0952380952333,0.0,0.0,11.2
3,1329.481761917083,-0.09464071195700272,-1.0945576162970065,12.15430579698643,1333.809523809519,0.0,0.0,11.2
3,1334.4478005111123,-0.18952163947333173,-1.0945576162970065,12.130023333338125,1339.5238095238049,0.0,0.0,11.2
3,1339.5381013500855,-0.28069693066051915,-0.9577379142598335,12.211398992782629,1345.2380952380904,0.0,0.0,11.2
3,1344.5043523562388,-0.3637189258004201,-0.9577379142598335,12.307220448153805,1350.9523809523762,0.0,0.0,11.2
3,1350.71239033008,-0.4526720779419626,-0.6840985101857379,12.471557549123977,1356.6666666666617,0.0,0.0,11.2
3,1354.06488377659,-0.488698669507984,-0.5472788081486901,12.696123228163524,1362.3809523809475,0.0,0.0,11.2
3,1361.3908698932241,-0.5499295149573276,-0.4104591061116423,12.948323199625795,1368.0952380952333,0.0,0.0,11.2
3,1366.1094092564394,-0.5724649988529884,-0.13681970203754668,13.114335922587902,1373.8095238095189,0.0,0.0,11.2
3,1371.0763400017388,-0.5843258249401551,-0.13681970203754668,13.248984113679395,1379.5238095238046,0.0,0.0,11.2
3,1376.1674536927371,-0.5904045011982793,-3.736157827381675e-13,13.233708523148666,1385.2380952380902,0.0,0.0,11.2
3,1382.872829317,-0.590404501198323,-3.736157827381675e-13,13.18328998824895,1390.952380952376,0.0,0.0,11.2
3,1388.0881214692045,-0.590404501198357,-3.736157827381675e-13,13.146386750044249,1396.6666666666617,0.0,0.0,11.2
3,1393.303413621409,-0.5904045011983909,-3.736157827381675e-13,12.963384476483268,1402.3809523809473,0.0,0.0,11.2
3,1397.0286223015548,-0.5904045011984153,-3.736157827381675e-13,12.837574667961057,1408.095238095233,0.0,0.0,11.2
3,1405.7207758885622,-0.590404501198472,-3.736157827381675e-13,12.648752502177398,1413.8095238095189,0.0,0.0,11.2
3,1410.9360680407667,-0.590404501198506,-3.736157827381675e-13,12.47721017680012,1419.5238095238044,0.0,0.0,11.2
3,1416.275528741082,-0.5967796982497153,-0.13681970203742144,12.378680773337301,1425.2380952380902,0.0,0.0,11.2
3,1421.6149894413975,-0.6031548953009247,-3.736157827381675e-13,12.173300263008292,1430.9523809523757,0.0,0.0,11.2
3,1428.4445321976148,-0.6113092171106109,-0.13681970203742144,12.04655719655479,1436.6666666666615,0.0,0.0,11.2
3,1433.659809480179,-0.6237630845021249,-0.13681970203742144,12.02504946711859,1442.3809523809475,0.0,0.0,11.2
3,1438.999239733165,-0.642888639302628,-0.27363940407446924,12.034635938447098,1448.0952380952333,0.0,0.0,11.2
3,1440.861831681881,-0.6495603444655943,-0.13681970203742144,12.054442739559947,1453.809523809519,0.0,0.0,11.2
3,1451.168232568536,-0.6618659573783936,-3.736157827381675e-13,12.047219770131708,1459.5238095238046,0.0,0.0,11.2
3,1455.8868302300543,-0.6618659573784244,-3.736157827381675e-13,12.080821982597453,1465.2380952380904,0.0,0.0,11.2
3,1461.1021223822588,-0.6618659573784583,-3.736157827381675e-13,12.273735371360885,1470.952380952376,0.0,0.0,11.2
3,1466.1932360732571,-0.6679446336365825,-0.13681970203754668,12.402400806071233,1476.6666666666617,0.0,0.0,11.2
3,1472.8985925794113,-0.6839567488542578,-0.13681970203754668,12.544647155555007,1482.3809523809475,0.0,0.0,11.2
3,1478.1138698619757,-0.6964106162457833,-0.13681970203754668,12.721948751862232,1488.095238095233,0.0,0.0,11.2
3,1483.453330562291,-0.7027858132969926,-4.988749714042424e-13,12.747038101661321,1493.8095238095189,0.0,0.0,11.2
3,1485.3159331321685,-0.7050097192450889,-0.13681970203754668,12.728292271109806,1499.5238095238044,0.0,0.0,11.2
3,1495.8706810281406,-0.7176118529509562,-3.736157827381675e-13,12.569805508854634,1505.2380952380902,0.0,0.0,11.2
3,1501.085973180345,-0.7176118529509902,-3.736157827381675e-13,12.514364785174067,1510.952380952376,0.0,0.0,11.2
3,1506.7979598232355,-0.7176118529510274,-3.736157827381675e-13,12.504634594984212,1516.6666666666615,0.0,0.0,11.2
3,1512.261599220783,-0.717611852951063,-3.736157827381675e-13,12.31229155208181,1522.3809523809473,0.0,0.0,11.2
3,1519.5878359956341,-0.7088644895552176,0.1368197020366742,12.157475630691936,1528.095238095233,0.0,0.0,11.2
3,1525.1756437052663,-0.7021927717109289,-3.736157827381675e-13,12.040184478574034,1533.8095238095186,0.0,0.0,11.2
3,1530.7634514148986,-0.7088644895552176,-0.13681970203742144,11.693427245798931,1539.5238095238044,0.0,0.0,11.2
3,1532.8743889567768,-0.7164257554065792,-0.27363940407446924,11.463906666305707,1545.23809523809,0.0,0.0,11.2
3,1542.4356942935192,-0.7506738419098052,-0.13681970203742144,11.076028634993206,1550.9523809523757,0.0,0.0,11.2
3,1549.1410507996734,-0.7666859571274659,-0.13681970203742144,10.830072039630162,1556.6666666666615,0.0,0.0,11.2
3,1554.2321644906717,-0.7727646333855901,-2.4835659407209256e-13,10.674932430310829,1562.380952380947,0.0,0.0,11.2
3,1559.4474566428762,-0.7727646333856127,-2.4835659407209256e-13,10.805086076014929,1568.0952380952328,0.0,0.0,11.2
3,1564.4144015497375,-0.7727646333856343,-2.4835659407209256e-13,11.173613508258557,1573.8095238095186,0.0,0.0,11.2
3,1570.7472502873206,-0.7652033531621071,0.13681970203679947,11.694330831911227,1579.5238095238042,0.0,0.0,11.2
3,1575.590016969002,-0.7594211976970568,-2.4835659407209256e-13,12.379464842910686,1585.23809523809,0.0,0.0,11.2
3,1577.4526195388794,-0.7571972917489606,0.13681970203679947,12.785246827499236,1590.9523809523755,0.0,0.0,11.2
3,1585.5238973416815,-0.7475603659738768,-2.4835659407209256e-13,13.022273984251447,1596.6666666666613,0.0,0.0,11.2
3,1592.1050930885817,-0.7554181669904763,-0.13681970203742144,13.22827060074156,1602.380952380947,0.0,0.0,11.2
3,1597.320370371146,-0.7678720343819903,-0.13681970203742144,13.327410802193166,1608.0952380952326,0.0,0.0,11.2
3,1603.0323407282403,-0.7815119843822195,-0.13681970203742144,13.098576277645321,1613.8095238095184,0.0,0.0,11.2
3,1608.8684621675507,-0.8024166605594941,-0.2736394040745945,12.821499573974513,1619.5238095238042,0.0,0.0,11.2
3,1616.691348352158,-0.8304378222439261,-0.13681970203742144,12.24158375582254,1625.2380952380897,0.0,0.0,11.2
3,1622.6516652465173,-0.8446708135485135,-0.13681970203742144,11.615955465809035,1630.9523809523755,0.0,0.0,11.2
3,1624.8867840819019,-0.8500081852877335,-0.13681970203742144,11.092956135043638,1636.666666666661,0.0,0.0,11.2
3,1634.8206455725008,-0.8737298374620457,-0.13681970203742144,10.576892634630632,1642.3809523809468,0.0,0.0,11.2
3,1642.022695153185,-0.8909280352884221,-0.13681970203742144,10.13533266847259,1648.0952380952326,0.0,0.0,11.2
3,1647.1138088441833,-0.8970067115465463,-2.4838144215554154e-13,9.75796850729501,1653.8095238095182,0.0,0.0,11.2
3,1652.3291009963878,-0.897006711546569,-2.4838144215554154e-13,9.662771447354846,1659.523809523804,0.0,0.0,11.2
3,1657.296027021179,-0.8851458967318244,0.2736394040739725,9.865787770538565,1665.2380952380895,0.0,0.0,11.2
3,1663.3804246622617,-0.8488223067089871,0.4104591061110203,10.258411025803927,1670.9523809523753,0.0,0.0,11.2
3,1666.2363175551868,-0.8249526550931419,0.5472788081480681,10.837993509325573,1676.666666666661,0.0,0.0,11.2
3,1671.9480436271947,-0.7703936328837236,0.5472788081480681,11.521000506127908,1682.3809523809466,0.0,0.0,11.2
3,1676.2938684652631,-0.7236924956685534,0.6840985101852411,12.3018177658939,1688.0952380952324,0.0,0.0,11.2
3,1682.1295239962699,-0.6470440560721775,0.8209182122224142,13.163717469235166,1693.8095238095182,0.0,0.0,11.2
3,1686.599145653932,-0.5723243314590745,1.0945576162966353,13.903675446268293,1699.5238095238037,0.0,0.0,11.2
3,1691.3170796259087,-0.4934535110340957,0.8209182122225396,14.021403449025982,1705.2380952380895,0.0,0.0,11.2
3,1696.5318364799746,-0.41873279222159726,0.8209182122225396,13.828808095544312,1710.952380952375,0.0,0.0,11.2
3,1703.6091208473658,-0.32577617398769404,0.6840985101853666,13.529779855296796,1716.6666666666608,0.0,0.0,11.2
3,1705.4715641019425,-0.30131390603138064,0.8209182122224143,13.064106766030118,1722.3809523809466,0.0,0.0,11.2
3,1714.287128840272,-0.18552583770483405,0.6840985101853666,12.584088030589127,1728.0952380952322,0.0,0.0,11.2
3,1721.612947853016,-0.10680106354238698,0.5472788081483188,12.20072667211239,1733.809523809518,0.0,0.0,11.2
3,1727.324782495837,-0.06588156354836065,0.27363940407409787,11.904997607632291,1739.5238095238037,0.0,0.0,11.2
3,1732.9124946151987,-0.032523164547796087,0.41045910611114567,11.571291343354549,1745.2380952380893,0.0,0.0,11.2
3,1738.2518639737,-0.0006473610583672407,0.27363940407409787,11.159337462550775,1750.952380952375,0.0,0.0,11.2
3,1744.957214107168,0.015364738941537524,-1.2304770923911981e-13,10.89818719563613,1756.6666666666606,0.0,0.0,11.2
3,1749.9241401319593,0.0035039241267930035,-0.27363940407434395,10.74939150445827,1762.3809523809464,0.0,0.0,11.2
3,1751.6625510232025,-0.004798630462210284,-0.27363940407434395,10.772469178162721,1768.0952380952322,0.0,0.0,11.2
3,1760.7271996333886,-0.015621618837685406,0.13681970203692473,11.09670862850403,1773.8095238095177,0.0,0.0,11.2
3,1764.949090766893,-0.005539916663639519,0.13681970203692473,11.708048334837713,1779.5238095238035,0.0,0.0,11.2
3,1769.2951386472305,0.010027395383267272,0.2736394040740978,12.556746929221804,1785.2380952380893,0.0,0.0,11.2
3,1773.7653380818554,0.031376821469255745,0.2736394040740978,13.539716138340165,1790.9523809523748,0.0,0.0,11.2
3,1779.4773030103654,0.045016758506211875,-1.2309740540601768e-13,14.284864863576603,1796.6666666666606,0.0,0.0,11.2
3,1783.9475534265407,0.04501675850620227,-1.2309740540601768e-13,14.473938293499566,1802.3809523809462,0.0,0.0,11.2
3,1789.1628455787452,0.045016758506191065,-1.2309740540601768e-13,14.598006887993813,1808.095238095232,0.0,0.0,11.2
3,1790.9012762961468,0.04501675850618733,-1.2309740540601768e-13,14.472893574339912,1813.8095238095177,0.0,0.0,11.2
3,1801.580167249448,0.01951600665448695,-0.273639404074344,14.175249784237474,1819.5238095238033,0.0,0.0,11.2
3,1807.2920887492464,-0.007763815566521844,-0.273639404074344,13.996616748813501,1825.238095238089,0.0,0.0,11.2
3,1813.1282101885567,-0.028668491743796494,-0.13681970203717095,13.436383197694665,1830.9523809523748,0.0,0.0,11.2
3,1819.2126772210293,-0.05046272860948588,-0.2736394040742187,13.005081224674605,1836.6666666666604,0.0,0.0,11.2
3,1826.9113540251053,-0.08723118464648114,-0.2736394040742187,12.392067889832504,1842.3790087463494,0.0,0.0,10.628571428571998
3,1832.8716199379385,-0.11569708609447799,-0.2736394040742187,11.88899381098902,1848.079689018458,0.0,0.0,10.057142857143429
3,1838.956086970411,-0.13749132296016736,-0.13681970203717092,11.52015257520327,1853.7570456754067,0.0,0.0,9.48571428571486
3,1841.1912058057956,-0.14282869469937765,-0.13681970203717092,11.219641606731424,1859.3994169096145,0.0,0.0,8.914285714286292
3,1852.2426477204015,-0.15602386999141538,-1.2309740540601768e-13,10.927231591390735,1864.995140913502,0.0,0.0,8.34285714285772
3,1857.457939872606,-0.1560238699914266,-1.2309740540601768e-13,10.767864016984017,1870.5325558794884,0.0,0.0,7.771428571429151
3,1862.7974005729213,-0.1623990670426359,-0.13681970203717092,10.766789129927933,1875.9999999999939,0.0,0.0,7.200000000000582
3,1868.1368612732367,-0.16877426409384522,-1.2309740540601768e-13,10.686388143193675,1881.385811467438,0.0,0.0,6.6285714285720125
3,1875.0905841428425,-0.16877426409386015,-1.2309740540601768e-13,10.67423628548799,1886.678328474241,0.0,0.0,6.057142857143445
3,1880.430044843158,-0.17514946114506946,-0.13681970203717092,10.56143894108473,1891.8658892128221,0.0,0.0,5.485714285714875
3,1884.2794234875712,-0.17974553343779748,2.1617832600572342e-15,10.220765044883915,1896.9370748299261,0.0,0.0,5.2
3,1891.7298125247582,-0.19753675565992226,-0.2736394040740935,9.701768553407664,1901.8860544217628,0.0,0.0,5.2
3,1899.304266731004,-0.24275591874957667,-0.4104591061111413,9.060906409244728,1906.712585034008,0.0,0.0,5.2
3,1905.3885602854966,-0.29360865480100906,-0.5472788081481891,8.241691867989829,1911.416666666661,0.0,0.0,5.2
3,1911.721047906682,-0.3616588833143095,-0.6840985101852368,7.341041108094407,1915.9982993197225,0.0,0.0,5.2
3,1918.1776160400873,-0.43875249440036124,-0.6840985101852368,6.276781307941077,1920.457482993192,0.0,0.0,5.2
3,1926.1241614350477,-0.5336369388139659,-0.6840985101852368,5.119036274047252,1924.7942176870697,0.0,0.0,5.2
3,1932.2083162083436,-0.5990185309149809,-0.5472788081481891,3.724186607537709,1929.0085034013555,0.0,0.0,5.2
3,1936.1816908671317,-0.6369726333215421,-0.5472788081481891,2.697222126286118,1933.1003401360495,0.0,0.0,5.2
3,1945.2460465707636,-0.7127328319287773,-0.4104591061111413,1.974090467426886,1937.0697278911516,0.0,0.0,5.2
3,1950.212864024052,-0.7483150396534902,-0.4104591061111413,1.5708103439332233,1940.916666666662,0.0,0.0,5.2
3,1954.8072487646464,-0.7647718811079207,1.2742097192613215e-13,1.3961174393581224,1944.6411564625803,0.0,0.0,5.2
3,1959.0291358857191,-0.7546901885153878,0.27363940407434834,1.5089640818931511,1948.2431972789072,0.0,0.0,5.2
3,1964.1200657137717,-0.7121400208610698,0.6840985101856171,1.6171465686943962,1951.722789115642,0.0,0.0,5.2
3,1967.7206592939842,-0.6562481886636105,1.0945576162968855,1.9115116559254284,1955.079931972785,0.0,0.0,5.2
3,1971.445004152373,-0.576193775608121,1.3681970203711065,2.0187678653563914,1958.314625850336,0.0,0.0,5.2
3,1973.8035608379494,-0.5170440615082967,1.5050167224082796,1.9919881611754542,1961.4268707482952,0.0,0.0,5.2
3,1979.6371088467363,-0.34286425336065074,1.9154758285195483,1.7915574424591119,1964.4166666666629,0.0,0.0,5.2
3,1983.2359845991753,-0.21820214358617446,2.052295530556596,1.5963109536013698,1967.2840136054383,0.0,0.0,5.2
3,1986.7106158253769,-0.09368998063100087,2.052295530556596,1.3647656515902962,1970.0289115646221,0.0,0.0,5.2
3,1990.4334349963071,0.039715908249539356,2.052295530556596,1.064218746140016,1972.651360544214,0.0,0.0,5.2
3,1994.7769057320095,0.19017017866707872,1.9154758285194227,0.7606822559594334,1975.1513605442144,0.0,0.0,5.2
3,1997.8796326101121,0.29022863706903934,1.7786561264822498,0.5913898170321406,1977.5289115646226,0.0,0.0,5.2
3,2000.9825895766367,0.3828776472950164,1.6418364244450767,0.38382895081287555,1979.784013605439,0.0,0.0,5.2
3,2001.9755707327386,0.4113397613788254,1.6418364244450767,0.2502267937450606,1981.9166666666636,0.0,0.0,5.2
3,2007.065078117064,0.5389783755079309,1.2313773183338081,0.0749914102234236,1983.9268707482966,0.0,0.0,5.2
3,2009.4238903967273,0.5868632067747336,1.0945576162966353,0.13844481390716076,1985.8146258503373,0.0,0.0,5.2
3,2011.410388911244,0.6200719732694617,0.8209182122225396,0.0886908657389137,1987.5799319727867,0.0,0.0,5.2
3,2014.0178094676512,0.6543191484083,0.6840985101854918,0.07405367756108365,1989.2227891156438,0.0,0.0,5.2
3,2015.7561162727989,0.6750751206237847,0.6840985101854918,-0.0033952011471551887,1990.7431972789093,0.0,0.0,5.2
3,2017.3702797840815,0.6924212573036302,0.5472788081483188,-0.05342672958650004,1992.141156462583,0.0,0.0,5.2
3,2018.736141602437,0.7038371776417068,0.41045910611127095,-0.15384068903418818,1993.4166666666647,0.0,0.0,5.2
3,2019.4811642204304,0.7091745088004153,0.41045910611127095,-0.13143402438482102,1994.5697278911546,0.0,0.0,5.2
3,2021.0953921660239,0.7188113796227921,0.2736394040740979,-0.16688382592863082,1995.6003401360524,0.0,0.0,5.2
3,2021.840425405128,0.72236961730379,0.2736394040740979,0.02659473503596825,1996.5085034013591,0.0,0.0,5.2
3,2022.3371142311973,0.724741775757789,0.2736394040740979,0.22793060589600686,1997.2942176870733,0.0,0.0,5.2
3,2022.4612856116275,0.7254830735133568,0.4104591061111458,0.5142074152094563,1997.9575549796623,0.0,0.0,5.390476190475515
3,2022.4612856116275,0.7254830735133568,0.4104591061111458,0.8249831626548928,1998.5029064535856,0.0,0.0,5.9619047619040835
3,2022.4612856116275,0.7254830735133568,0.4104591061111458,1.0261835057155286,1998.9413580246903,0.0,0.0,6.533333333332655
3,2022.4612856116275,0.7254830735133568,0.4104591061111458,1.0556514368119783,1999.2845715005567,0.0,0.0,7.104761904761222
3,2022.4612856116275,0.7254830735133568,0.4104591061111458,1.1060714763253832,1999.5442086887656,0.0,0.0,7.676190476189792
3,2022.4612856116275,0.7254830735133568,0.4104591061111458,0.9412160371389701,1999.7319313968965,0.0,0.0,8.247619047618363
3,2022.4612856116275,0.7254830735133568,0.4104591061111458,0.7760662459232383,1999.85940143253,0.0,0.0,8.819047619046932
3,2022.4612856116275,0.7254830735133568,0.4104591061111458,0.4506490221017567,1999.9382806032456,0.0,0.0,9.390476190475502
3,2022.4612856116275,0.7254830735133568,0.4104591061111458,0.0667831292801321,1999.9802307166244,0.0,0.0,9.96190476190407
3,2022.4612856116275,0.7254830735133568,0.4104591061111458,-0.39838351449050213,1999.9969135802464,0.0,0.0,10.53333333333264
3,2022.2129447389632,0.7237039631271217,0.4104591061111458,-0.9607233277322038,1999.9999910016911,0.0,0.0,11.10476190476121
3,2021.9646038662988,0.7219248527408866,0.4104591061111458,-1.478541873438771,1999.9999999999993,0.0,0.0,11.2
3,2021.5920960976564,0.7188114199214141,0.5472788081483188,-1.6538821040605356,1999.9999999999993,0.0,0.0,11.2
3,2019.8537446844364,0.7022065001185388,0.5472788081483188,-1.729270672634052,1999.9999999999993,0.0,0.0,11.2
3,2017.1221223010205,0.6695900033496681,0.8209182122224143,-1.2117387863240632,1999.9999999999993,0.0,0.0,11.2
3,2014.2664736887707,0.6252619142457954,0.9577379142594622,-0.19772964855069683,1999.9999999999993,0.0,0.0,11.2
3,2010.2936465892753,0.5493572443716577,1.231377318333683,1.3775762669310476,1999.9999999999993,0.0,0.0,11.2
3,2005.7004058165237,0.4451391004245159,1.3681970203707308,3.336909362641363,1999.9999999999993,0.0,0.0,11.2
3,1998.997349722003,0.26902608711192566,1.6418364244449515,5.517094811894843,1999.9999999999993,0.0,0.0,11.2
3,1993.4124519570685,0.0889212043276206,2.0522955305562203,7.847385330837719,1999.9999999999993,0.0,0.0,11.2
3,1986.091227803437,-0.18218521358282594,2.189115232593268,10.384403805410921,1999.9999999999993,0.0,0.0,11.2
3,1980.3839525356987,-0.41400068043830196,2.462754636667489,13.009603753925747,1999.9999999999993,0.0,0.0,11.2
3,1974.6772416809488,-0.659444419079465,2.462754636667489,15.583122027675108,1999.9999999999993,0.0,0.0,11.2
3,1969.3424387490954,-0.8825114306216162,2.3259349346304408,18.21719100059343,1999.9999999999993,0.0,0.0,11.2
3,1963.263244710472,-1.1367040716812757,2.462754636667489,20.141458191993028,1999.9999999999993,0.0,0.0,11.2
3,1959.4172239921593,-1.2975198241884371,2.3259349346303155,21.167079272544623,1999.9999999999993,0.0,0.0,11.2
3,1956.4389799773899,-1.4042441295739572,1.7786561264819993,21.581743575132432,1999.9999999999993,0.0,0.0,11.2
3,1954.3288288229176,-1.4622065623401554,1.3681970203707303,21.495031934860496,1999.9999999999993,0.0,0.0,11.2
3,1952.4665342573808,-1.495563185978035,0.6840985101852407,20.762068762216234,1999.9999999999993,0.0,0.0,11.2
3,1951.597351116006,-1.502827848748285,0.273639404073972,19.986173576073117,1999.9999999999993,0.0,0.0,11.2
3,1950.9764847728427,-1.5035691493219474,-0.13681970203729665,19.013841783751545,1999.9999999999993,0.0,0.0,11.2
3,1950.4797964188201,-1.5011969931224054,-0.4104591061115176,17.98566658035462,1999.9999999999993,0.0,0.0,11.2
3,1949.3622539949479,-1.4945253133222467,-0.2736394040743445,17.116080497056483,1999.9999999999993,0.0,0.0,11.2
3,1948.2446988257184,-1.4905222902244708,-0.13681970203717145,16.485984704390802,1999.9999999999993,0.0,0.0,11.2
3,1946.8787980633267,-1.4856297064382957,-0.2736394040742192,16.314655131631497,1999.9999999999993,0.0,0.0,11.2
3,1945.512897300935,-1.4807371226521207,-0.13681970203717142,16.422703280685894,1999.9999999999993,0.0,0.0,11.2
3,1941.78769216118,-1.4807371226521207,0.1368197020370495,17.036004868875267,1999.9999999999993,0.0,0.0,11.2
3,1939.0559529467434,-1.5003072625036495,0.6840985101854913,17.996156038020988,1999.9999999999993,0.0,0.0,11.2
3,1935.2070425678958,-1.560053703818114,1.09455761629676,19.24949117668556,1999.9999999999993,0.0,0.0,11.2
3,1932.3517902174399,-1.6248378323206956,1.5050167224080286,20.733624908104826,1999.9999999999993,0.0,0.0,11.2
3,1929.6209129168735,-1.696587646675263,1.5050167224080286,22.418189269051577,1999.9999999999993,0.0,0.0,11.2
3,1927.0140871064996,-1.7619636464698663,1.3681970203709808,23.242770988449532,1999.9999999999993,0.0,0.0,11.2
3,1924.6555304209232,-1.8211133605698002,1.5050167224081539,23.953180456044553,1999.9999999999993,0.0,0.0,11.2
3,1924.283126733727,-1.8304527891118947,1.3681970203709808,23.903749961238155,1999.9999999999993,0.0,0.0,11.2
3,1923.1657967250512,-1.8531350344927926,0.9577379142597123,23.63162404074601,1999.9999999999993,0.0,0.0,11.2
3,1923.1657967250512,-1.8531350344927926,0.9577379142597123,22.973344541209848,1999.9999999999993,0.0,0.0,11.2
3,1923.1657967250512,-1.8531350344927926,0.9577379142597123,22.607970071365074,1999.9999999999993,0.0,0.0,11.2
3,1923.1657967250512,-1.8531350344927926,0.9577379142597123,22.422633407252587,1999.9999999999993,0.0,0.0,11.2
3,1923.1657967250512,-1.8531350344927926,0.9577379142597123,22.280844754965855,1999.9999999999993,0.0,0.0,11.2
3,1923.2899553603663,-1.8512077262708857,0.8209182122226645,22.178308768545392,1999.9999999999993,0.0,0.0,11.2
3,1923.2899553603663,-1.8512077262708857,0.8209182122226645,22.24197652485303,1999.9999999999993,0.0,0.0,11.2
3,1923.2899553603663,-1.8512077262708857,0.8209182122226645,22.303759534949634,1999.9999999999993,0.0,0.0,11.2
3,1923.4141182440046,-1.849576908407132,0.6840985101856166,22.521676587283466,1999.9999999999993,0.0,0.0,11.2
3,1923.4141182440046,-1.849576908407132,0.6840985101856166,22.808293606490366,1999.9999999999993,0.0,0.0,11.2
3,1923.5382846679495,-1.8482425902009894,0.5472788081485689,23.125072371608745,1999.9999999999993,0.0,0.0,11.2
3,1924.1591309490202,-1.8430535355018922,0.4104591061115211,23.163785213943292,1999.9999999999993,0.0,0.0,11.2
3,1925.4008518340768,-1.8371231450030372,0.13681970203730015,23.028230857982244,1999.9999999999993,0.0,0.0,11.2
3,1926.890933889979,-1.8371231450030372,-0.1368197020369208,22.521420786152046,1999.9999999999993,0.0,0.0,11.2
3,1929.0018433449234,-1.8497251828940495,-0.5472788081481895,21.705551288032066,1999.9999999999993,0.0,0.0,11.2
3,1929.7468510934461,-1.8568415770952795,-0.5472788081481895,20.657598300018346,1999.9999999999993,0.0,0.0,11.2
3,1935.4579909000613,-1.9523160548614003,-1.3681970203707268,19.230384358531232,1999.9999999999993,0.0,0.0,11.2
3,1938.8096240848276,-2.0363709117400193,-1.5050167224077746,17.98300354071084,1999.9999999999993,0.0,0.0,11.2
3,1942.1608112388114,-2.13643165259074,-1.9154758285190434,16.413344841947445,1999.9999999999993,0.0,0.0,11.2
3,1945.7596869912504,-2.2610937623652165,-2.052295530556091,15.020267773498063,1999.9999999999993,0.0,0.0,11.2
3,1950.2266707335348,-2.4318481065433035,-2.3259349346303115,13.53399325710172,1999.9999999999993,0.0,0.0,11.2
3,1953.4525250376328,-2.5628743645090366,-2.3259349346303115,12.266562821810385,1999.9999999999993,0.0,0.0,11.2
3,1956.678679962616,-2.686196946415431,-2.052295530556091,11.081276267096051,1999.9999999999993,0.0,0.0,11.2
3,1958.5401674207742,-2.750677348022922,-1.9154758285190434,10.014641198289912,1999.9999999999993,0.0,0.0,11.2
3,1962.3878267457187,-2.865561902333011,-1.5050167224077746,9.43947170434986,1999.9999999999993,0.0,0.0,11.2
3,1964.1257601800576,-2.9070708484166876,-1.2313773183335537,8.981803304855703,1999.9999999999993,0.0,0.0,11.2
3,1965.6156298180738,-2.9319773522750507,-0.6840985101851119,9.230580985561916,1999.9999999999993,0.0,0.0,11.2
3,1967.1056693895846,-2.942651974012248,-0.1368197020366701,9.489691438268103,1999.9999999999993,0.0,0.0,11.2
3,1967.9748822700135,-2.94161415320912,0.2736394040745986,9.833735544742527,1999.9999999999993,0.0,0.0,11.2
3,1969.2165854532354,-2.9327186097321296,0.5472788081488196,10.261082168076264,1999.9999999999993,0.0,0.0,11.2
3,1970.3340832687388,-2.9207097458768527,0.6840985101859925,10.750668715815612,1999.9999999999993,0.0,0.0,11.2
3,1972.072264513091,-2.891652158042048,1.2313773183343093,11.171627999954971,1999.9999999999993,0.0,0.0,11.2
3,1973.5619217425244,-2.8560730613988947,1.50501672240853,11.341092461733906,1999.9999999999993,0.0,0.0,11.2
3,1975.2997527519758,-2.8104140886277884,1.50501672240853,11.029538236448994,1999.9999999999993,0.0,0.0,11.2
3,1977.2858453342058,-2.7582324054608125,1.50501672240853,10.393961596244676,1999.9999999999993,0.0,0.0,11.2
3,1980.5132457803297,-2.6734371703144757,1.50501672240853,9.776481117241682,1999.9999999999993,0.0,0.0,11.2
3,1982.871802465906,-2.6142874562146514,1.368197020371357,8.837267610718426,1999.9999999999993,0.0,0.0,11.2
3,1985.6028433154138,-2.549059050376594,1.368197020371357,7.9093397692810665,1999.9999999999993,0.0,0.0,11.2
3,1988.0857398876728,-2.4956894416728774,1.094557616297136,6.943034862417679,1999.9999999999993,0.0,0.0,11.2
3,1990.817175345133,-2.450027387742627,0.8209182122230406,5.904385561092996,1999.9999999999993,0.0,0.0,11.2
3,1992.6796185997096,-2.4255651197863135,0.6840985101859927,4.776517805133468,1999.9999999999993,0.0,0.0,11.2
3,1994.2937821109922,-2.408218983106468,0.5472788081488197,4.664271717425642,1999.9999999999993,0.0,0.0,11.2
3,1995.4113054169193,-2.3988786846480505,0.41045910611164665,4.822072936125234,1999.9999999999993,0.0,0.0,11.2
3,1995.5354767973495,-2.398137386892477,0.2736394040745988,5.535216628155983,1999.9999999999993,0.0,0.0,11.2
3,1995.5354767973495,-2.398137386892477,0.2736394040745988,6.2672242913102885,1999.9999999999993,0.0,0.0,11.2
3,1995.5354767973495,-2.398137386892477,0.2736394040745988,6.865403803208351,1999.9999999999993,0.0,0.0,11.2
3,1995.5354767973495,-2.398137386892477,0.2736394040745988,7.427687064986158,1999.9999999999993,0.0,0.0,11.2
3,1995.6596481777797,-2.3973960891369033,0.4104591061116466,7.948499734916956,1999.9999999999993,0.0,0.0,11.2
3,1995.6596481777797,-2.3973960891369033,0.4104591061116466,8.392384156540148,1999.9999999999993,0.0,0.0,11.2
3,1995.6596481777797,-2.3973960891369033,0.4104591061116466,8.799825859177567,1999.9999999999993,0.0,0.0,11.2
3,1995.6596481777797,-2.3973960891369033,0.4104591061116466,9.29308495872146,1999.9999999999993,0.0,0.0,11.2
3,1995.7838174339938,-2.3963582781970842,0.5472788081486945,9.779793533851782,1999.9999999999993,0.0,0.0,11.2
3,1996.032153350168,-2.393986146796673,0.5472788081486945,10.261647747158007,1999.9999999999993,0.0,0.0,11.2
3,1996.528794972066,-2.3868699149149313,1.0945576162970108,10.587498639927494,1999.9999999999993,0.0,0.0,11.2
3,1996.7770969017674,-2.3821258685391165,1.0945576162970108,10.286066990028223,1999.9999999999993,0.0,0.0,11.2
3,1998.266908479976,-2.353661590284218,1.0945576162970108,9.827695288898862,1999.9999999999993,0.0,0.0,11.2
3,1999.632598948969,-2.3291999267949506,0.957737914259963,9.195617070325785,1999.9999999999993,0.0,0.0,11.2
3,2000.8741617005073,-2.3084444280099716,0.957737914259963,8.528496953092155,1999.9999999999993,0.0,0.0,11.2
3,2001.9915894183441,-2.2910986540127682,0.82091821222279,7.835253705009503,1999.9999999999993,0.0,0.0,11.2
3,2003.2331981931218,-2.2733080066764533,0.82091821222279,7.115706944086073,1999.9999999999993,0.0,0.0,11.2
3,2003.6056740990673,-2.267526082010719,0.957737914259963,6.768468699235003,1999.9999999999993,0.0,0.0,11.2
3,2003.853986649375,-2.2633749822537244,0.957737914259963,6.7511395002911225,1999.9999999999993,0.0,0.0,11.2
3,2003.97814528469,-2.2614476740318175,0.8209182122229153,6.9904056148603235,1999.9999999999993,0.0,0.0,11.2
3,2003.97814528469,-2.2614476740318175,0.8209182122229153,7.185097908440261,1999.9999999999993,0.0,0.0,11.2
3,2003.97814528469,-2.2614476740318175,0.8209182122229153,7.349191885337384,1999.9999999999993,0.0,0.0,11.2
3,2003.97814528469,-2.2614476740318175,0.8209182122229153,7.4610567177972404,1999.9999999999993,0.0,0.0,11.2
3,2003.97814528469,-2.2614476740318175,0.8209182122229153,7.4433333767127525,1999.9999999999993,0.0,0.0,11.2
3,2003.97814528469,-2.2614476740318175,0.8209182122229153,7.3482221195910356,1999.9999999999993,0.0,0.0,11.2
3,2003.97814528469,-2.2614476740318175,0.8209182122229153,7.203297725029401,1999.9999999999993,0.0,0.0,11.2
3,2003.97814528469,-2.2614476740318175,0.8209182122229153,7.048366811059527,1999.9999999999993,0.0,0.0,11.2
3,2003.97814528469,-2.2614476740318175,0.8209182122229153,6.89103641531204,1999.9999999999993,0.0,0.0,11.2
3,2003.853986649375,-2.2633749822537244,0.957737914259963,6.705755422002439,1999.9999999999993,0.0,0.0,11.2
3,2003.853986649375,-2.2633749822537244,0.957737914259963,6.502295672945385,1999.9999999999993,0.0,0.0,11.2
3,2003.7298329703756,-2.265598769843657,1.0945576162970108,6.266921556547563,1999.9999999999993,0.0,0.0,11.2
3,2003.3573889262182,-2.2731595326752574,1.2313773183341838,5.992014758202627,1999.9999999999993,0.0,0.0,11.2
3,2002.9849859468773,-2.2824989434651974,1.6418364244454526,5.848585829970439,1999.9999999999993,0.0,0.0,11.2
3,2001.8679214389285,-2.3158525871464963,1.7786561264826257,6.08453101068606,1999.9999999999993,0.0,0.0,11.2
3,2000.5028332310087,-2.363138125112724,2.1891152325940193,6.44652176992075,1999.9999999999993,0.0,0.0,11.2
3,2000.0065012323805,-2.382110848052838,2.1891152325940193,7.173355678166755,1999.9999999999993,0.0,0.0,11.2
3,1996.78098127214,-2.5208393903346824,2.7363940407423364,8.011486198793953,1999.9999999999993,0.0,0.0,11.2
3,1993.9284099996887,-2.6605931441779886,2.8732137427793836,9.061134564820641,1999.9999999999993,0.0,0.0,11.2
3,1991.5725208022725,-2.7872945915153253,3.283672848890652,10.225831848924384,1999.9999999999993,0.0,0.0,11.2
3,1989.0931257644027,-2.929546737844827,3.283672848890652,11.458306272453562,1999.9999999999993,0.0,0.0,11.2
3,1986.6137307265328,-3.071798884174329,3.283672848890652,12.78280748987781,1999.9999999999993,0.0,0.0,11.2
3,1983.8860328928902,-3.221762912462539,3.010033444816557,14.145945793209783,1999.9999999999993,0.0,0.0,11.2
3,1981.9019959793309,-3.3260902764756035,3.010033444816557,15.166459123056047,1999.9999999999993,0.0,0.0,11.2
3,1981.405986750941,-3.352172117478873,3.010033444816557,16.013034901410435,1999.9999999999993,0.0,0.0,11.2
3,1979.5456177180995,-3.443315696741715,2.5995743387052883,16.067763211713142,1999.9999999999993,0.0,0.0,11.2
3,1979.0493343271974,-3.463473505951473,2.052295530556972,15.823012305107785,1999.9999999999993,0.0,0.0,11.2
3,1978.9252351633202,-3.467772199391971,1.9154758285199243,15.371314289396608,1999.9999999999993,0.0,0.0,11.2
3,1978.9252351633202,-3.467772199391971,1.9154758285199243,14.88062933994585,1999.9999999999993,0.0,0.0,11.2
3,1978.9252351633202,-3.467772199391971,1.9154758285199243,14.5376487542588,1999.9999999999993,0.0,0.0,11.2
3,1978.9252351633202,-3.467772199391971,1.9154758285199243,14.357029006347748,1999.9999999999993,0.0,0.0,11.2
3,1978.9252351633202,-3.467772199391971,1.9154758285199243,14.145043571504223,1999.9999999999993,0.0,0.0,11.2
3,1978.9252351633202,-3.467772199391971,1.9154758285199243,13.898150301759946,1999.9999999999993,0.0,0.0,11.2
3,1978.9252351633202,-3.467772199391971,1.9154758285199243,13.557634724295989,1999.9999999999993,0.0,0.0,11.2
3,1978.9252351633202,-3.467772199391971,1.9154758285199243,13.335617913428118,1999.9999999999993,0.0,0.0,11.2
3,1978.9252351633202,-3.467772199391971,1.9154758285199243,13.206641118149863,1999.9999999999993,0.0,0.0,11.2
3,1978.801126088196,-3.471774537728052,1.7786561264828764,13.163507893419913,1999.9999999999993,0.0,0.0,11.2
3,1978.428746472701,-3.4820032023338623,1.3681970203716078,13.20570181941901,1999.9999999999993,0.0,0.0,11.2
3,1978.1804700318369,-3.487933057410048,1.3681970203716078,13.160485761722608,1999.9999999999993,0.0,0.0,11.2
3,1978.05632838933,-3.4907497640032132,1.23137731833456,13.134794375616636,1999.9999999999993,0.0,0.0,11.2
3,1978.05632838933,-3.4907497640032132,1.23137731833456,13.193540095786243,1999.9999999999993,0.0,0.0,11.2
3,1977.9321803746109,-3.4932700182804206,1.0945576162975121,13.322595326279426,1999.9999999999993,0.0,0.0,11.2
3,1977.8080266956115,-3.4954938058703533,0.9577379142604645,13.363366491650561,1999.9999999999993,0.0,0.0,11.2
3,1977.6838680602964,-3.49742111409226,0.8209182122234167,13.474996801051477,1999.9999999999993,0.0,0.0,11.2
3,1977.435538752713,-3.5003862501621623,0.5472788081491957,13.673801385330504,1999.9999999999993,0.0,0.0,11.2
3,1977.435538752713,-3.5003862501621623,0.5472788081491957,13.756541597815264,1999.9999999999993,0.0,0.0,11.2
3,1977.435538752713,-3.5003862501621623,0.5472788081491957,13.787886121535152,1999.9999999999993,0.0,0.0,11.2
3,1977.435538752713,-3.5003862501621623,0.5472788081491957,13.921177888594855,1999.9999999999993,0.0,0.0,11.2
3,1977.435538752713,-3.5003862501621623,0.5472788081491957,14.02521912155046,1999.9999999999993,0.0,0.0,11.2
3,1977.435538752713,-3.5003862501621623,0.5472788081491957,14.176133547907265,1999.9999999999993,0.0,0.0,11.2
3,1977.435538752713,-3.5003862501621623,0.5472788081491957,14.394311567152352,1999.9999999999993,0.0,0.0,11.2
3,1977.435538752713,-3.5003862501621623,0.5472788081491957,14.560130644636324,1999.9999999999993,0.0,0.0,11.2
3,1977.435538752713,-3.5003862501621623,0.5472788081491957,14.810373804666614,1999.9999999999993,0.0,0.0,11.2
3,1977.435538752713,-3.5003862501621623,0.5472788081491957,15.13515975821689,1999.9999999999993,0.0,0.0,11.2
3,1977.435538752713,-3.5003862501621623,0.5472788081491957,15.397373828413574,1999.9999999999993,0.0,0.0,11.2
3,1977.435538752713,-3.5003862501621623,0.5472788081491957,15.74561200075197,1999.9999999999993,0.0,0.0,11.2
3,1977.435538752713,-3.5003862501621623,0.5472788081491957,16.103044498307106,1999.9999999999993,0.0,0.0,11.2
3,1977.5597080089271,-3.4993484392223375,0.4104591061121479,16.49771078017733,1999.9999999999993,0.0,0.0,11.2
3,1977.8080488815915,-3.4975693288360983,0.4104591061121479,16.785139731217253,1999.9999999999993,0.0,0.0,11.2
3,1978.3047306269204,-3.4940111080636176,0.4104591061121479,17.031389395122627,1999.9999999999993,0.0,0.0,11.2
3,1979.0497532449137,-3.4886737769048977,0.4104591061121479,16.952757295286546,1999.9999999999993,0.0,0.0,11.2
3,1980.2914741299703,-3.4827433864060713,0.136819702037927,16.668812637317075,1999.9999999999993,0.0,0.0,11.2
3,1982.4024237091646,-3.4802229596647973,8.791997366736219e-13,16.196648384340833,1999.9999999999993,0.0,0.0,11.2
3,1983.768332260408,-3.4818538240267345,-0.1368197020361686,15.3651228438883,1999.9999999999993,0.0,0.0,11.2
3,1986.6243065817725,-3.4920837719431495,-0.27363940407321646,14.299156440819878,1999.9999999999993,0.0,0.0,11.2
3,1990.101075494794,-3.516991293678574,-0.5472788081473121,13.088922865282237,1999.9999999999993,0.0,0.0,11.2
3,1992.83269787821,-3.549607790447381,-0.8209182122214077,11.782344247494729,1999.9999999999993,0.0,0.0,11.2
3,1995.5642371827205,-3.5887472145872064,-0.8209182122214077,10.527242022674827,1999.9999999999993,0.0,0.0,11.2
3,1998.295776487231,-3.627886638727032,-0.8209182122214077,9.355821999569,1999.9999999999993,0.0,0.0,11.2
3,2001.1515228109151,-3.6653954495932446,-0.68409851018436,8.207058496439942,1999.9999999999993,0.0,0.0,11.2
3,2002.7656863221978,-3.68274158627309,-0.547278808147187,7.115565179826653,1999.9999999999993,0.0,0.0,11.2
3,2003.8831841377012,-3.6947504501283674,-0.68409851018436,6.932964938989626,1999.9999999999993,0.0,0.0,11.2
3,2005.2490433598616,-3.706166348767306,-0.27363940407296594,7.068418207392607,1999.9999999999993,0.0,0.0,11.2
3,2005.4973896611011,-3.7067593895080377,1.2549773026718467e-12,7.675532613514182,1999.9999999999993,0.0,0.0,11.2
3,2005.4973896611011,-3.7067593895080377,1.2549773026718467e-12,8.420761501368576,1999.9999999999993,0.0,0.0,11.2
3,2005.4973896611011,-3.7067593895080377,1.2549773026718467e-12,9.154337185449549,1999.9999999999993,0.0,0.0,11.2
3,2005.745736906444,-3.7067593895080324,1.2549773026718467e-12,9.595675159284818,1999.9999999999993,0.0,0.0,11.2
3,2006.1182574204197,-3.7063146083183964,0.13681970203842805,9.867795124490044,1999.9999999999993,0.0,0.0,11.2
3,2006.739113142462,-3.7026081265857367,0.5472788081496968,10.005177577751557,1999.9999999999993,0.0,0.0,11.2
3,2007.359945262186,-3.6959365355549916,0.6840985101867445,10.033379529925671,1999.9999999999993,0.0,0.0,11.2
3,2008.6015929801488,-3.681110841115333,0.6840985101867445,9.666784580129146,1999.9999999999993,0.0,0.0,11.2
3,2009.8432406981115,-3.666285146675674,0.6840985101867445,9.194328190585193,1999.9999999999993,0.0,0.0,11.2
3,2011.0848482928798,-3.6484945162473457,0.9577379142609653,8.68308248885596,1999.9999999999993,0.0,0.0,11.2
3,2012.4505387618726,-3.624032852758078,1.094557616298013,8.067330534218435,1999.9999999999993,0.0,0.0,11.2
3,2013.4436973907764,-3.602685009276591,1.368197020372234,7.455735595419551,1999.9999999999993,0.0,0.0,11.2
3,2014.4368031542335,-3.5789655889718306,1.368197020372234,7.210280997597474,1999.9999999999993,0.0,0.0,11.2
3,2014.9333258279016,-3.5659201805782836,1.6418364244464547,7.041783666221422,1999.9999999999993,0.0,0.0,11.2
3,2015.181571116927,-3.558804652057327,1.6418364244464547,7.074030792132657,1999.9999999999993,0.0,0.0,11.2
3,2015.429832453761,-3.552281947860552,1.368197020372234,7.193064436910845,1999.9999999999993,0.0,0.0,11.2
3,2015.429832453761,-3.552281947860552,1.368197020372234,7.271401973086645,1999.9999999999993,0.0,0.0,11.2
3,2015.429832453761,-3.552281947860552,1.368197020372234,7.291732621968082,1999.9999999999993,0.0,0.0,11.2
3,2015.429832453761,-3.552281947860552,1.368197020372234,7.314890425039974,1999.9999999999993,0.0,0.0,11.2
3,2015.429832453761,-3.552281947860552,1.368197020372234,7.28243283632567,1999.9999999999993,0.0,0.0,11.2
3,2015.429832453761,-3.552281947860552,1.368197020372234,7.127749329762923,1999.9999999999993,0.0,0.0,11.2
3,2015.429832453761,-3.552281947860552,1.368197020372234,6.930735242772317,1999.9999999999993,0.0,0.0,11.2
3,2015.429832453761,-3.552281947860552,1.368197020372234,6.665088516019942,1999.9999999999993,0.0,0.0,11.2
3,2015.429832453761,-3.552281947860552,1.368197020372234,6.385628010356994,1999.9999999999993,0.0,0.0,11.2
3,2015.429832453761,-3.552281947860552,1.368197020372234,6.011386525357644,1999.9999999999993,0.0,0.0,11.2
3,2015.3056978913623,-3.555395090707913,1.5050167224092816,5.594388918443051,1999.9999999999993,0.0,0.0,11.2
3,2015.3056978913623,-3.555395090707913,1.5050167224092816,5.145441807240028,1999.9999999999993,0.0,0.0,11.2
3,2015.181571116927,-3.558804652057327,1.6418364244463295,4.6666814296076256,1999.9999999999993,0.0,0.0,11.2
3,2014.3128092423815,-3.5868209671571227,2.052295530557598,4.199622314807445,1999.9999999999993,0.0,0.0,11.2
3,2013.1961163986157,-3.630842839278925,2.462754636668867,3.9711768164358374,1999.9999999999993,0.0,0.0,11.2
3,2012.823959069675,-3.647294394786404,2.5995743387060397,4.2720542400348736,1999.9999999999993,0.0,0.0,11.2
3,2009.723344014939,-3.7992003602245266,3.0100334448173087,4.871247457147763,1999.9999999999993,0.0,0.0,11.2
3,2006.2517285903027,-3.9900636689550555,3.2836728488914044,5.77635681722703,1999.9999999999993,0.0,0.0,11.2
3,2003.1527000456103,-4.171579107363757,3.4204925509285773,7.158823922009231,1999.9999999999993,0.0,0.0,11.2
3,1999.5583399855125,-4.3907208000662035,3.557312252965625,8.738271994730935,1999.9999999999993,0.0,0.0,11.2
3,1994.3538889976815,-4.72674230004125,3.830951657039846,10.598062396087569,1999.9999999999993,0.0,0.0,11.2
3,1990.5128046320822,-4.979344691746457,3.694131955002673,12.520824597593753,1999.9999999999993,0.0,0.0,11.2
3,1986.671128015645,-5.222774038099605,3.5573122529654997,14.515604286227195,1999.9999999999993,0.0,0.0,11.2
3,1985.3077500618149,-5.305896749124672,3.4204925509284525,16.452124426361273,1999.9999999999993,0.0,0.0,11.2
3,1978.9857318306424,-5.676188243478466,3.2836728488914044,18.009523223676588,1999.9999999999993,0.0,0.0,11.2
3,1976.7536987880972,-5.793556081812264,2.7363940407430873,18.573690293790484,1999.9999999999993,0.0,0.0,11.2
3,1975.1408605870613,-5.860994561209206,2.052295530557598,18.869456366502753,1999.9999999999993,0.0,0.0,11.2
3,1974.0237323577041,-5.89168026339134,1.0945576162978872,18.465495993152853,1999.9999999999993,0.0,0.0,11.2
3,1973.6512571597511,-5.897462177066945,0.6840985101866184,17.809933399189838,1999.9999999999993,0.0,0.0,11.2
3,1973.5270907358063,-5.898796495273087,0.5472788081495706,17.091396410355173,1999.9999999999993,0.0,0.0,11.2
3,1973.5270907358063,-5.898796495273087,0.5472788081495706,16.44844396424705,1999.9999999999993,0.0,0.0,11.2
3,1973.5270907358063,-5.898796495273087,0.5472788081495706,15.875306369121773,1999.9999999999993,0.0,0.0,11.2
3,1973.278754819632,-5.901168626673503,0.5472788081495706,15.504973005776916,1999.9999999999993,0.0,0.0,11.2
3,1973.0304255120486,-5.904133762743404,0.8209182122237916,15.197784199772112,1999.9999999999993,0.0,0.0,11.2
3,1972.7821131977341,-5.90828485855525,1.0945576162980124,14.877181376739019,1999.9999999999993,0.0,0.0,11.2
3,1972.4096889781094,-5.916734962272983,1.505016722409281,14.696584593606241,1999.9999999999993,0.0,0.0,11.2
3,1972.037334849889,-5.9278528223675195,1.9154758285205495,14.520793886313179,1999.9999999999993,0.0,0.0,11.2
3,1971.5409594321811,-5.945640257313303,2.1891152325947703,14.455874981784476,1999.9999999999993,0.0,0.0,11.2
3,1971.1687277767307,-5.960314242579158,2.3259349346319436,14.534107667450282,1999.9999999999993,0.0,0.0,11.2
3,1969.9281396395213,-6.01367152635627,2.599574338706164,14.759331100447723,1999.9999999999993,0.0,0.0,11.2
3,1969.0598666807398,-6.05413199872587,2.736394040743212,15.130003774932426,1999.9999999999993,0.0,0.0,11.2
3,1968.1915937219583,-6.09459247109547,2.599574338706164,15.663777111892315,1999.9999999999993,0.0,0.0,11.2
3,1967.6954103762082,-6.117120331140071,2.599574338706164,16.187626729090713,1999.9999999999993,0.0,0.0,11.2
3,1967.075148161307,-6.14453959031923,2.4627546366691164,16.206878758265145,1999.9999999999993,0.0,0.0,11.2
3,1966.827030298057,-6.155211057216675,2.4627546366691164,16.40154690570189,1999.9999999999993,0.0,0.0,11.2
3,1966.827030298057,-6.155211057216675,2.4627546366691164,16.218040319337632,1999.9999999999993,0.0,0.0,11.2
3,1966.827030298057,-6.155211057216675,2.4627546366691164,16.155305484277612,1999.9999999999993,0.0,0.0,11.2
3,1966.827030298057,-6.155211057216675,2.4627546366691164,16.259270218847632,1999.9999999999993,0.0,0.0,11.2
3,1966.827030298057,-6.155211057216675,2.4627546366691164,16.37981740269044,1999.9999999999993,0.0,0.0,11.2
3,1966.827030298057,-6.155211057216675,2.4627546366691164,16.43292534579903,1999.9999999999993,0.0,0.0,11.2
3,1966.827030298057,-6.155211057216675,2.4627546366691164,16.73309657679507,1999.9999999999993,0.0,0.0,11.2
3,1966.827030298057,-6.155211057216675,2.4627546366691164,16.90441379353757,1999.9999999999993,0.0,0.0,11.2
3,1966.827030298057,-6.155211057216675,2.4627546366691164,17.20636221500144,1999.9999999999993,0.0,0.0,11.2
3,1966.827030298057,-6.155211057216675,2.4627546366691164,17.559314124077815,1999.9999999999993,0.0,0.0,11.2
3,1966.827030298057,-6.155211057216675,2.4627546366691164,17.948654683730112,1999.9999999999993,0.0,0.0,11.2
3,1966.827030298057,-6.155211057216675,2.4627546366691164,18.393490485261985,1999.9999999999993,0.0,0.0,11.2
3,1967.1992258514422,-6.139648242457901,2.3259349346319436,18.705249272192717,1999.9999999999993,0.0,0.0,11.2
3,1967.9437231418228,-6.111189185094874,2.052295530557848,18.69866237893465,1999.9999999999993,0.0,0.0,11.2
3,1969.5571380516928,-6.059158885623828,1.6418364244465793,18.503309154523095,1999.9999999999993,0.0,0.0,11.2
3,1971.1708842955034,-6.018688105534061,1.2313773183353105,18.051727325336728,1999.9999999999993,0.0,0.0,11.2
3,1973.5297997127166,-5.9764362216367255,0.8209182122240419,17.084425087094324,1999.9999999999993,0.0,0.0,11.2
3,1976.2614844059685,-5.950342875427576,0.27363940407560006,15.765300235568429,1999.9999999999993,0.0,0.0,11.2
3,1980.2350252258016,-5.950342875427483,-0.27363940407284176,14.447368492073453,1999.9999999999993,0.0,0.0,11.2
3,1983.3392507307117,-5.976288099606897,-0.6840985101841105,12.869353022138037,1999.9999999999993,0.0,0.0,11.2
3,1986.6915275122885,-6.028325322687133,-1.0945576162953794,11.463225033583571,1999.9999999999993,0.0,0.0,11.2
3,1989.7952278802663,-6.091331679617135,-1.2313773183325523,10.101906263474726,1999.9999999999993,0.0,0.0,11.2
3,1993.271286385031,-6.1660492028127845,-1.2313773183325523,8.810954870123943,1999.9999999999993,0.0,0.0,11.2
3,1995.3816943076467,-6.213933214896507,-1.3681970203696001,8.01020995287437,1999.9999999999993,0.0,0.0,11.2
3,1997.3679058345615,-6.261372055505943,-1.3681970203696001,7.399681070112105,1999.9999999999993,0.0,0.0,11.2
3,1998.609354120691,-6.2880568598577415,-1.0945576162953794,7.274986152594845,1999.9999999999993,0.0,0.0,11.2
3,1999.9751380525374,-6.305995754065137,-0.41045910610988967,7.511221058383024,1999.9999999999993,0.0,0.0,11.2
3,2000.47182640656,-6.308367910264655,-0.13681970203566873,8.004154112965567,1999.9999999999993,0.0,0.0,11.2
3,2000.844346212458,-6.307923129920452,0.2736394040756,8.658953555193216,1999.9999999999993,0.0,0.0,11.2
3,2001.3410161566856,-6.303178885155152,0.8209182122239166,9.323732183146634,1999.9999999999993,0.0,0.0,11.2
3,2001.7134764857192,-6.296507535066099,1.2313773183351855,9.97730393307054,1999.9999999999993,0.0,0.0,11.2
3,2002.458258372722,-6.27693947826763,1.7786561264836274,10.327326919188659,1999.9999999999993,0.0,0.0,11.2
3,2003.5751487246564,-6.238251310840706,2.189115232594896,10.323612060109683,1999.9999999999993,0.0,0.0,11.2
3,2004.8159787212267,-6.190819503490405,2.189115232594896,9.912564747934438,1999.9999999999993,0.0,0.0,11.2
3,2006.9252914354452,-6.107666920317148,2.3259349346319436,9.285615273789789,1999.9999999999993,0.0,0.0,11.2
3,2008.7862692023707,-6.029852846523285,2.4627546366689916,8.55893643829849,1999.9999999999993,0.0,0.0,11.2
3,2011.2674478348708,-5.923138177548796,2.4627546366689916,7.682643215294427,1999.9999999999993,0.0,0.0,11.2
3,2013.1284256017964,-5.845324103754933,2.3259349346319436,6.777553106193897,1999.9999999999993,0.0,0.0,11.2
3,2014.7414294420812,-5.781736834269558,2.1891152325947707,5.777683031198772,1999.9999999999993,0.0,0.0,11.2
3,2016.2305556952053,-5.728374529432198,1.91547582852055,5.280475935831943,1999.9999999999993,0.0,0.0,11.2
3,2017.2233895947872,-5.695170370769034,1.91547582852055,4.965351819540808,1999.9999999999993,0.0,0.0,11.2
3,2017.3474887586644,-5.690871677328531,2.052295530557598,4.950995071735619,1999.9999999999993,0.0,0.0,11.2
3,2017.4715879225416,-5.686572983888027,1.91547582852055,5.437113274031488,1999.9999999999993,0.0,0.0,11.2
3,2017.4715879225416,-5.686572983888027,1.91547582852055,5.903433076721416,1999.9999999999993,0.0,0.0,11.2
3,2017.4715879225416,-5.686572983888027,1.91547582852055,6.182623157030468,1999.9999999999993,0.0,0.0,11.2
3,2017.4715879225416,-5.686572983888027,1.91547582852055,6.292201987224792,1999.9999999999993,0.0,0.0,11.2
3,2017.4715879225416,-5.686572983888027,1.91547582852055,6.243568211263277,1999.9999999999993,0.0,0.0,11.2
3,2017.4715879225416,-5.686572983888027,1.91547582852055,6.055007414221336,1999.9999999999993,0.0,0.0,11.2
3,2017.4715879225416,-5.686572983888027,1.91547582852055,5.787940573818428,1999.9999999999993,0.0,0.0,11.2
3,2017.4715879225416,-5.686572983888027,1.91547582852055,5.795273142071834,1999.9999999999993,0.0,0.0,11.2
3,2017.3474788474175,-5.690575322224108,1.7786561264835021,5.673965483941928,1999.9999999999993,0.0,0.0,11.2
3,2017.3474788474175,-5.690575322224108,1.7786561264835021,5.412223277529289,1999.9999999999993,0.0,0.0,11.2
3,2017.3474788474175,-5.690575322224108,1.7786561264835021,5.003482568128677,1999.9999999999993,0.0,0.0,11.2
3,2016.9751516220451,-5.70258233723236,1.9154758285206752,4.829703670377781,1999.9999999999993,0.0,0.0,11.2
3,2016.6028541304136,-5.715478417553863,2.0522955305578483,4.776507509014853,1999.9999999999993,0.0,0.0,11.2
3,2015.734234315576,-5.747643585780564,2.189115232594896,4.782126027854694,1999.9999999999993,0.0,0.0,11.2
3,2014.7416647037955,-5.787959319146757,2.462754636669117,5.005407674018275,1999.9999999999993,0.0,0.0,11.2
3,2013.749298955428,-5.8330149964155735,2.736394040743338,5.472965813023463,1999.9999999999993,0.0,0.0,11.2
3,2011.021258570095,-5.976464576601323,3.2836728488917797,6.158157165846749,1999.9999999999993,0.0,0.0,11.2
3,2008.7901172408717,-6.109819625267149,3.5573122529660006,7.024709442569401,1999.9999999999993,0.0,0.0,11.2
3,2005.568314248405,-6.317832934775584,3.830951657040221,8.133363235255812,1999.9999999999993,0.0,0.0,11.2
3,2002.9667053953465,-6.495163706690726,3.967771359077269,9.249890771611767,1999.9999999999993,0.0,0.0,11.2
3,2000.1177961812612,-6.696186755191018,4.104591061114317,10.48603879595188,1999.9999999999993,0.0,0.0,11.2
3,1997.3929834615099,-6.891723219538278,4.104591061114317,11.648624428360144,1999.9999999999993,0.0,0.0,11.2
3,1993.924458907419,-7.1323055897572445,3.830951657040222,12.841547072664401,1999.9999999999993,0.0,0.0,11.2
3,1993.0571172764774,-7.189344839497138,3.694131955003174,13.92319854347387,1999.9999999999993,0.0,0.0,11.2
3,1989.3390897391073,-7.4204823842916445,3.420492550928953,14.555154088530255,1999.9999999999993,0.0,0.0,11.2
3,1987.7275948958672,-7.514870412264247,3.28367284889178,15.300721695476856,1999.9999999999993,0.0,0.0,11.2
3,1985.9915691961098,-7.606156508746087,2.736394040743464,15.494162814828037,1999.9999999999993,0.0,0.0,11.2
3,1984.875099331449,-7.655511081456471,2.325934934632195,15.403459250883031,1999.9999999999993,0.0,0.0,11.2
3,1984.2546577858868,-7.678486157947883,1.9154758285209266,15.129647802836713,1999.9999999999993,0.0,0.0,11.2
3,1983.5099757245316,-7.701611054183256,1.6418364244468309,14.868907298598455,1999.9999999999993,0.0,0.0,11.2
3,1983.1375727451907,-7.710950464973202,1.2313773183355623,14.34050732237625,1999.9999999999993,0.0,0.0,11.2
3,1983.0134247304716,-7.713470719250403,1.0945576162985144,13.837043493579356,1999.9999999999993,0.0,0.0,11.2
3,1982.0202170116659,-7.732446904753694,1.0945576162985144,13.401558894671835,1999.9999999999993,0.0,0.0,11.2
3,1981.0270092928602,-7.751423090256984,1.0945576162985144,13.117290695134084,1999.9999999999993,0.0,0.0,11.2
3,1980.2820723499165,-7.763876377692541,0.8209182122244189,13.125854105836023,1999.9999999999993,0.0,0.0,11.2
3,1978.916327361449,-7.785076768133587,0.9577379142614667,13.28494024999422,1999.9999999999993,0.0,0.0,11.2
3,1977.0540221764588,-7.818433581982676,1.0945576162985144,13.684453790202436,1999.9999999999993,0.0,0.0,11.2
3,1975.4401838914187,-7.855050698092856,1.505016722409783,14.350478394963428,1999.9999999999993,0.0,0.0,11.2
3,1973.7024685197443,-7.904859350402036,1.778656126484004,15.172255836841664,1999.9999999999993,0.0,0.0,11.2
3,1972.4614273247378,-7.9463645092849795,2.052295530558225,16.113942144974306,1999.9999999999993,0.0,0.0,11.2
3,1969.9797696901353,-8.041228033828418,2.3259349346324454,17.231646081258486,1999.9999999999993,0.0,0.0,11.2
3,1968.6149202868176,-8.095032646469937,2.1891152325953978,17.825477596999963,1999.9999999999993,0.0,0.0,11.2
3,1967.6222562895614,-8.13297809235018,2.1891152325953978,17.95229402744805,1999.9999999999993,0.0,0.0,11.2
3,1967.249990654631,-8.146763164447343,2.052295530558225,18.057756940027954,1999.9999999999993,0.0,0.0,11.2
3,1967.1258914907537,-8.151061857887846,1.915475828521177,17.516993360065193,1999.9999999999993,0.0,0.0,11.2
3,1967.1258914907537,-8.151061857887846,1.915475828521177,17.173415575149477,1999.9999999999993,0.0,0.0,11.2
3,1967.1258914907537,-8.151061857887846,1.915475828521177,16.984837713722467,1999.9999999999993,0.0,0.0,11.2
3,1967.1258914907537,-8.151061857887846,1.915475828521177,16.842510796380182,1999.9999999999993,0.0,0.0,11.2
3,1967.1258914907537,-8.151061857887846,1.915475828521177,16.8742904629211,1999.9999999999993,0.0,0.0,11.2
3,1967.1258914907537,-8.151061857887846,1.915475828521177,16.904834265458764,1999.9999999999993,0.0,0.0,11.2
3,1967.1258914907537,-8.151061857887846,1.915475828521177,16.745923369090708,1999.9999999999993,0.0,0.0,11.2
3,1967.1258914907537,-8.151061857887846,1.915475828521177,16.810083249541822,1999.9999999999993,0.0,0.0,11.2
3,1967.1258914907537,-8.151061857887846,1.915475828521177,16.983476607419586,1999.9999999999993,0.0,0.0,11.2
3,1967.1258914907537,-8.151061857887846,1.915475828521177,17.116203421290606,1999.9999999999993,0.0,0.0,11.2
3,1967.1258914907537,-8.151061857887846,1.915475828521177,17.290789342059252,1999.9999999999993,0.0,0.0,11.2
3,1967.1258914907537,-8.151061857887846,1.915475828521177,17.497674071604504,1999.9999999999993,0.0,0.0,11.2
3,1967.2500005658778,-8.147059519551766,1.7786561264841292,17.65193669018131,1999.9999999999993,0.0,0.0,11.2
3,1967.4982281555751,-8.139351213480765,1.7786561264841292,17.85901427284544,1999.9999999999993,0.0,0.0,11.2
3,1967.9946833349702,-8.123934601338757,1.7786561264841292,17.88222368166881,1999.9999999999993,0.0,0.0,11.2
3,1968.7393661040626,-8.100809683125748,1.7786561264841292,17.70114700722324,1999.9999999999993,0.0,0.0,11.2
3,1969.8564306120113,-8.067456039444345,1.641836424446956,17.365224794190677,1999.9999999999993,0.0,0.0,11.2
3,1971.7184455087158,-8.020758985494616,1.2313773183356875,16.79700885662415,1999.9999999999993,0.0,0.0,11.2
3,1973.5806657295025,-7.982955171336578,1.0945576162986397,16.04029390121978,1999.9999999999993,0.0,0.0,11.2
3,1975.4429709144927,-7.949598357487489,0.9577379142615918,15.15779367072078,1999.9999999999993,0.0,0.0,11.2
3,1978.2987118100477,-7.912089617916907,0.5472788081503233,14.087631893162438,1999.9999999999993,0.0,0.0,11.2
3,1980.7821181764916,-7.8942985309628675,0.2736394040761023,13.090630557987703,1999.9999999999993,0.0,0.0,11.2
3,1983.017217893804,-7.883623817919796,0.2736394040761023,12.099840976752738,1999.9999999999993,0.0,0.0,11.2
3,1985.2523176111163,-7.872949104876724,0.2736394040761023,11.137045284351055,1999.9999999999993,0.0,0.0,11.2
3,1987.8599166001518,-7.857381852009673,0.41045910611315006,10.198223227753122,1999.9999999999993,0.0,0.0,11.2
3,1989.4741169309357,-7.843890309791883,0.5472788081503231,9.3150874994717,1999.9999999999993,0.0,0.0,11.2
3,1990.4674605956327,-7.834401784190207,0.5472788081503231,8.808989281762168,1999.9999999999993,0.0,0.0,11.2
3,1991.9574760926782,-7.820168995787691,0.5472788081503231,8.776869162311753,1999.9999999999993,0.0,0.0,11.2
3,1992.8266410602919,-7.810828768344649,0.6840985101873709,8.95954861929511,1999.9999999999993,0.0,0.0,11.2
3,1993.323284098199,-7.803712516173318,0.9577379142615918,9.2673911634326,1999.9999999999993,0.0,0.0,11.2
3,1993.4474377771985,-7.801488728583379,1.0945576162986397,9.766307283205975,1999.9999999999993,0.0,0.0,11.2
3,1993.8198619968232,-7.79303862486564,1.5050167224099082,10.313591207231648,1999.9999999999993,0.0,0.0,11.2
3,1994.0681070499195,-7.785923103107185,1.7786561264841292,10.88523125323964,1999.9999999999993,0.0,0.0,11.2
3,1994.688601689883,-7.764429676758897,2.1891152325953978,11.508898922534268,1999.9999999999993,0.0,0.0,11.2
3,1995.1849336885111,-7.7454569538187705,2.1891152325953978,11.462839210090685,1999.9999999999993,0.0,0.0,11.2
3,1996.673788106182,-7.684983353769444,2.4627546366696187,11.208144287472408,1999.9999999999993,0.0,0.0,11.2
3,1998.0383649789644,-7.624660983575296,2.5995743387066663,10.745925914744813,1999.9999999999993,0.0,0.0,11.2
3,1999.6510467377072,-7.553370909709474,2.4627546366694935,9.971804597524917,1999.9999999999993,0.0,0.0,11.2
3,2002.0080431543315,-7.449177724828659,2.5995743387066663,9.04930801465561,1999.9999999999993,0.0,0.0,11.2
3,2003.6207249130744,-7.377887650962837,2.4627546366694935,8.07198826434478,1999.9999999999993,0.0,0.0,11.2
3,2005.1094320925743,-7.313858849578135,2.4627546366694935,7.07139626167266,1999.9999999999993,0.0,0.0,11.2
3,2006.3500214088242,-7.260501515090879,2.4627546366694935,6.382605005646742,1999.9999999999993,0.0,0.0,11.2
3,2006.8462571353243,-7.239158581295975,2.4627546366694935,6.157230486255707,1999.9999999999993,0.0,0.0,11.2
3,2007.3425419412144,-7.21900071461288,2.1891152325952725,6.4149997553618725,1999.9999999999993,0.0,0.0,11.2
3,2007.3425419412144,-7.21900071461288,2.1891152325952725,6.806793414969452,1999.9999999999993,0.0,0.0,11.2
3,2007.3425419412144,-7.21900071461288,2.1891152325952725,7.104907701473959,1999.9999999999993,0.0,0.0,11.2
3,2007.3425419412144,-7.21900071461288,2.1891152325952725,7.300509528278554,1999.9999999999993,0.0,0.0,11.2
3,2007.3425419412144,-7.21900071461288,2.1891152325952725,7.412667941955682,1999.9999999999993,0.0,0.0,11.2
3,2007.3425419412144,-7.21900071461288,2.1891152325952725,7.507948318342986,1999.9999999999993,0.0,0.0,11.2
3,2007.3425419412144,-7.21900071461288,2.1891152325952725,7.733972130889388,1999.9999999999993,0.0,0.0,11.2
3,2007.3425419412144,-7.21900071461288,2.1891152325952725,7.864859742690258,1999.9999999999993,0.0,0.0,11.2
3,2007.3425419412144,-7.21900071461288,2.1891152325952725,7.805726311539258,1999.9999999999993,0.0,0.0,11.2
3,2007.3425419412144,-7.21900071461288,2.1891152325952725,7.709540900480583,1999.9999999999993,0.0,0.0,11.2
3,2007.3425419412144,-7.21900071461288,2.1891152325952725,7.736515598269553,1999.9999999999993,0.0,0.0,11.2
3,2007.3425419412144,-7.21900071461288,2.1891152325952725,7.7027264627943115,1999.9999999999993,0.0,0.0,11.2
3,2007.3425419412144,-7.21900071461288,2.1891152325952725,7.5500963990787,1999.9999999999993,0.0,0.0,11.2
3,2007.3425419412144,-7.21900071461288,2.1891152325952725,7.3875536165811555,1999.9999999999993,0.0,0.0,11.2
3,2007.3425419412144,-7.21900071461288,2.1891152325952725,7.258137127545014,1999.9999999999993,0.0,0.0,11.2
3,2007.3425419412144,-7.21900071461288,2.1891152325952725,7.100326294249462,1999.9999999999993,0.0,0.0,11.2
3,2007.0943759419006,-7.2284870760829385,2.1891152325952725,6.920825445733004,1999.9999999999993,0.0,0.0,11.2
3,2007.0943759419006,-7.2284870760829385,2.1891152325952725,6.704714193287415,1999.9999999999993,0.0,0.0,11.2
3,2006.5980439432724,-7.247459799023064,2.1891152325952725,6.55380189980509,1999.9999999999993,0.0,0.0,11.2
3,2005.853616734437,-7.277696599047704,2.4627546366693682,6.4299654301570595,1999.9999999999993,0.0,0.0,11.2
3,2004.9852496335757,-7.316083561898522,2.599574338706416,6.860516513523876,1999.9999999999993,0.0,0.0,11.2
3,2003.124664721901,-7.402784574119103,2.736394040743464,7.321719391566598,1999.9999999999993,0.0,0.0,11.2
3,2001.5123418287762,-7.481775826291487,2.8732137427806363,8.08957656962271,1999.9999999999993,0.0,0.0,11.2
3,2000.8922919561562,-7.51363781731197,3.0100334448176844,9.02136023136294,1999.9999999999993,0.0,0.0,11.2
3,1997.4211520988868,-7.712790065084023,3.5573122529661267,10.066817638699963,1999.9999999999993,0.0,0.0,11.2
3,1994.5708758995947,-7.89339893495897,3.694131955003175,11.06345314790514,1999.9999999999993,0.0,0.0,11.2
3,1992.4644747958791,-8.031922827184435,3.830951657040223,12.096869849977608,1999.9999999999993,0.0,0.0,11.2
3,1990.6058855867182,-8.15414979091279,3.694131955003175,13.191705797479022,1999.9999999999993,0.0,0.0,11.2
3,1988.8710669420248,-8.266157064021465,3.694131955003175,14.083433457132392,1999.9999999999993,0.0,0.0,11.2
3,1987.1362482973313,-8.37816433713014,3.694131955003175,14.739685638628952,1999.9999999999993,0.0,0.0,11.2
3,1986.6405858274188,-8.410166415161193,3.694131955003175,15.245052173584963,1999.9999999999993,0.0,0.0,11.2
3,1985.5250968945818,-8.478175776729156,3.2836728488919062,15.031555956986011,1999.9999999999993,0.0,0.0,11.2
3,1985.2771243642505,-8.491808870209908,3.0100334448176853,14.957729814235028,1999.9999999999993,0.0,0.0,11.2
3,1985.1531143897266,-8.498181268414003,2.8732137427806377,14.522091379705053,1999.9999999999993,0.0,0.0,11.2
3,1985.1531143897266,-8.498181268414003,2.8732137427806377,14.184574411056502,1999.9999999999993,0.0,0.0,11.2
3,1985.1531143897266,-8.498181268414003,2.8732137427806377,13.899867163450622,1999.9999999999993,0.0,0.0,11.2
3,1985.1531143897266,-8.498181268414003,2.8732137427806377,13.599423038132768,1999.9999999999993,0.0,0.0,11.2
3,1985.1531143897266,-8.498181268414003,2.8732137427806377,13.314737785752868,1999.9999999999993,0.0,0.0,11.2
3,1985.1531143897266,-8.498181268414003,2.8732137427806377,13.136443006410856,1999.9999999999993,0.0,0.0,11.2
3,1985.1531143897266,-8.498181268414003,2.8732137427806377,12.901628868853576,1999.9999999999993,0.0,0.0,11.2
3,1985.029089551794,-8.504257518581106,2.7363940407435896,12.710626776346052,1999.9999999999993,0.0,0.0,11.2
3,1984.780998114702,-8.515521437898311,2.4627546366693687,12.5369714556961,1999.9999999999993,0.0,0.0,11.2
3,1984.6569329302404,-8.5207090428179,2.325934934632321,12.379483871859952,1999.9999999999993,0.0,0.0,11.2
3,1984.28470127479,-8.535383028083773,2.1891152325951477,12.270010489650083,1999.9999999999993,0.0,0.0,11.2
3,1984.036513565936,-8.544276745556667,1.9154758285209272,12.166993317281776,1999.9999999999993,0.0,0.0,11.2
3,1983.7883050910407,-8.552577785222457,1.9154758285209272,12.136860673259719,1999.9999999999993,0.0,0.0,11.2
3,1983.5400966161453,-8.560878824888247,1.9154758285209272,12.207117204219092,1999.9999999999993,0.0,0.0,11.2
3,1982.6714784523579,-8.593043931976231,2.325934934632196,12.326591780891242,1999.9999999999993,0.0,0.0,11.2
3,1981.9270505360275,-8.623280760737577,2.325934934632196,12.675730517044506,1999.9999999999993,0.0,0.0,11.2
3,1981.306724613719,-8.649218785335531,2.4627546366692434,13.2202395392823,1999.9999999999993,0.0,0.0,11.2
3,1980.4383575128577,-8.68760574818635,2.5995743387062915,13.833948950938778,1999.9999999999993,0.0,0.0,11.2
3,1979.8181625422994,-8.71650608559321,2.736394040743339,14.591374331789952,1999.9999999999993,0.0,0.0,11.2
3,1979.5700984744983,-8.728362414509789,2.736394040743339,15.186700701468506,1999.9999999999993,0.0,0.0,11.2
3,1979.4460594803868,-8.734142481991158,2.5995743387062915,14.943957026977793,1999.9999999999993,0.0,0.0,11.2
3,1979.4460594803868,-8.734142481991158,2.5995743387062915,14.877128870225464,1999.9999999999993,0.0,0.0,11.2
3,1979.4460594803868,-8.734142481991158,2.5995743387062915,14.992766807762901,1999.9999999999993,0.0,0.0,11.2
3,1979.4460594803868,-8.734142481991158,2.5995743387062915,15.084261507146701,1999.9999999999993,0.0,0.0,11.2
3,1979.4460594803868,-8.734142481991158,2.5995743387062915,15.279176484407444,1999.9999999999993,0.0,0.0,11.2
3,1979.4460594803868,-8.734142481991158,2.5995743387062915,15.67985307721763,1999.9999999999993,0.0,0.0,11.2
3,1979.4460594803868,-8.734142481991158,2.5995743387062915,16.137931502439667,1999.9999999999993,0.0,0.0,11.2
3,1979.570111923367,-8.728658630155328,2.4627546366692434,16.20893276993453,1999.9999999999993,0.0,0.0,11.2
3,1979.6941771078286,-8.723471025235739,2.325934934632196,16.494773763399902,1999.9999999999993,0.0,0.0,11.2
3,1979.9423197466053,-8.713392082315293,2.325934934632196,16.74138373093677,1999.9999999999993,0.0,0.0,11.2
3,1980.4386512735257,-8.694419377406607,2.052295530557975,16.89932244426696,1999.9999999999993,0.0,0.0,11.2
3,1981.1832759905296,-8.66951628207683,1.7786561264838794,16.935087046999243,1999.9999999999993,0.0,0.0,11.2
3,1982.176256202915,-8.641054195043035,1.5050167224096584,16.7184866935449,1999.9999999999993,0.0,0.0,11.2
3,1983.6659134323484,-8.605475098399847,1.231377318335438,16.295367409609717,1999.9999999999993,0.0,0.0,11.2
3,1985.4040252883776,-8.57226680532983,0.957737914261217,15.63043277844945,1999.9999999999993,0.0,0.0,11.2
3,1987.8872404779142,-8.536685544473173,0.6840985101869961,14.787071433701994,1999.9999999999993,0.0,0.0,11.2
3,1990.2464025328657,-8.511333498556366,0.547278808149823,13.764649483792123,1999.9999999999993,0.0,0.0,11.2
3,1991.1155873263644,-8.50406882197759,0.41045910611277525,12.615255435973653,1999.9999999999993,0.0,0.0,11.2
3,1995.4615856414234,-8.478123400532528,0.2736394040756021,11.441192910461984,1999.9999999999993,0.0,0.0,11.2
3,1998.56587015218,-8.459590956643199,0.41045910611277525,10.290771357011728,1999.9999999999993,0.0,0.0,11.2
3,2000.8009380061596,-8.443578963167015,0.41045910611277525,9.205135380975069,1999.9999999999993,0.0,0.0,11.2
3,2002.6634768493718,-8.428011799069637,0.547278808149823,8.16088001484599,1999.9999999999993,0.0,0.0,11.2
3,2004.6501641787659,-8.409034747866299,0.547278808149823,7.363134110240536,1999.9999999999993,0.0,0.0,11.2
3,2005.643481409099,-8.397174203586692,0.8209182122240438,7.369629522948874,1999.9999999999993,0.0,0.0,11.2
3,2006.14012491901,-8.390057944652154,0.8209182122240438,7.528819776197055,1999.9999999999993,0.0,0.0,11.2
3,2006.5125852480437,-8.383386594563103,1.2313773183353127,8.118806931570115,1999.9999999999993,0.0,0.0,11.2
3,2006.5125852480437,-8.383386594563103,1.2313773183353127,8.840730262292245,1999.9999999999993,0.0,0.0,11.2
3,2006.6367268905506,-8.380569887969932,1.3681970203723604,9.541844044371764,1999.9999999999993,0.0,0.0,11.2
3,2006.8849882273846,-8.374047183773158,1.641836424446581,10.182033839139946,1999.9999999999993,0.0,0.0,11.2
3,2007.2573147450469,-8.362040191587532,2.0522955305578496,10.5573915854155,1999.9999999999993,0.0,0.0,11.2
3,2007.8777574699309,-8.339065071425601,2.1891152325948977,10.524530721993077,1999.9999999999993,0.0,0.0,11.2
3,2008.746297999315,-8.30482577247191,2.3259349346319453,10.39271230204636,1999.9999999999993,0.0,0.0,11.2
3,2009.4906508816407,-8.272811402205644,2.599574338706041,9.909327456446267,1999.9999999999993,0.0,0.0,11.2
3,2011.723475937516,-8.171436032004959,2.599574338706041,9.21280604164108,1999.9999999999993,0.0,0.0,11.2
3,2013.087904872744,-8.107855289709867,2.7363940407430887,8.389021002693296,1999.9999999999993,0.0,0.0,11.2
3,2014.452333807972,-8.044274547414776,2.599574338706041,7.461274045936722,1999.9999999999993,0.0,0.0,11.2
3,2015.9408838452223,-7.9766909672809865,2.599574338706041,6.5538490653113595,1999.9999999999993,0.0,0.0,11.2
3,2016.8092509460837,-7.938304004430168,2.462754636668993,6.18744435232641,1999.9999999999993,0.0,0.0,11.2
3,2016.933303389064,-7.9328201525943385,2.599574338706041,5.98675312117273,1999.9999999999993,0.0,0.0,11.2
3,2016.933303389064,-7.9328201525943385,2.599574338706041,6.09583718901504,1999.9999999999993,0.0,0.0,11.2
3,2016.933303389064,-7.9328201525943385,2.599574338706041,6.388219500824052,1999.9999999999993,0.0,0.0,11.2
3,2016.933303389064,-7.9328201525943385,2.599574338706041,6.5255380909370215,1999.9999999999993,0.0,0.0,11.2
3,2016.933303389064,-7.9328201525943385,2.599574338706041,6.526158741168403,1999.9999999999993,0.0,0.0,11.2
3,2016.933303389064,-7.9328201525943385,2.599574338706041,6.3930233018357425,1999.9999999999993,0.0,0.0,11.2
3,2016.933303389064,-7.9328201525943385,2.599574338706041,6.126243920188451,1999.9999999999993,0.0,0.0,11.2
3,2016.933303389064,-7.9328201525943385,2.599574338706041,5.720037180202755,1999.9999999999993,0.0,0.0,11.2
3,2016.8092643949524,-7.938600220075708,2.7363940407430887,5.457674749587177,1999.9999999999993,0.0,0.0,11.2
3,2016.5612295824956,-7.951048868446913,3.01003344481731,5.255074989038828,1999.9999999999993,0.0,0.0,11.2
3,2016.4372196079717,-7.957421266651007,2.873213742780262,5.027455775432522,1999.9999999999993,0.0,0.0,11.2
3,2015.1973604913644,-8.025586539704015,3.420492550928704,4.748223706427741,1999.9999999999993,0.0,0.0,11.2
3,2014.329756338927,-8.078482810356286,3.5573122529657515,4.887755307648312,1999.9999999999993,0.0,0.0,11.2
3,2012.9667935095652,-8.16811574671808,3.9677713590771457,5.140965939465648,1999.9999999999993,0.0,0.0,11.2
3,2011.356540475517,-8.281737469783437,4.104591061114319,5.69423891516639,1999.9999999999993,0.0,0.0,11.2
3,2008.508629229482,-8.496363895923208,4.515050167225588,6.493889224856781,1999.9999999999993,0.0,0.0,11.2
3,2006.15687602224,-8.684898189839558,4.65186986926276,7.4835169379378526,1999.9999999999993,0.0,0.0,11.2
3,2003.3105699855641,-8.919921426372166,4.788689571299808,8.653177929990125,1999.9999999999993,0.0,0.0,11.2
3,2002.320648569301,-9.002850660874891,4.788689571299808,9.872148946037127,1999.9999999999993,0.0,0.0,11.2
3,1996.504284059572,-9.483115535528594,4.651869869262636,11.165570947485158,1999.9999999999993,0.0,0.0,11.2
3,1993.78146334118,-9.704669596882907,4.651869869262636,12.452274930759481,1999.9999999999993,0.0,0.0,11.2
3,1991.0581239137523,-9.919720856954017,4.3782304651885395,13.716188045657987,1999.9999999999993,0.0,0.0,11.2
3,1987.5907879119336,-10.176865776569482,4.104591061114444,14.688355763284278,1999.9999999999993,0.0,0.0,11.2
3,1985.7328036418778,-10.307967764721852,3.967771359077396,15.560833762628024,1999.9999999999993,0.0,0.0,11.2
3,1983.9982590599166,-10.424117271766782,3.694131955003175,16.21435458883588,1999.9999999999993,0.0,0.0,11.2
3,1982.5108357479974,-10.513020384066161,3.1468531468547334,16.16546655151496,1999.9999999999993,0.0,0.0,11.2
3,1981.51869932692,-10.562814835578537,2.5995743387064163,16.088298403309675,1999.9999999999993,0.0,0.0,11.2
3,1980.7743464445941,-10.594829205844803,2.3259349346323206,15.627888149804951,1999.9999999999993,0.0,0.0,11.2
3,1980.4021147891438,-10.609503191110676,2.1891152325951477,15.088714189053023,1999.9999999999993,0.0,0.0,11.2
3,1980.1539270802898,-10.61839690858357,1.9154758285209268,14.621704421909817,1999.9999999999993,0.0,0.0,11.2
3,1979.7815998549174,-10.630403923591823,1.7786561264837537,14.223267129996149,1999.9999999999993,0.0,0.0,11.2
3,1979.5333548018211,-10.637519445350279,1.505016722409533,13.903268107838992,1999.9999999999993,0.0,0.0,11.2
3,1978.9126819898274,-10.65308515958709,1.3681970203724851,13.563111899815448,1999.9999999999993,0.0,0.0,11.2
3,1977.919636642491,-10.679175976374186,1.641836424446706,13.2728304795951,1999.9999999999993,0.0,0.0,11.2
3,1976.8025721345423,-10.712529620055538,1.778656126483879,13.3595854028279,1999.9999999999993,0.0,0.0,11.2
3,1975.5615309395357,-10.75403477893851,2.0522955305580997,13.717111569564594,1999.9999999999993,0.0,0.0,11.2
3,1973.9483798548372,-10.813770091359551,2.189115232595273,14.143072896980525,1999.9999999999993,0.0,0.0,11.2
3,1971.9634444946892,-10.89914150199456,2.736394040743715,14.86650773397707,1999.9999999999993,0.0,0.0,11.2
3,1970.3511216015645,-10.978132754166944,2.873213742780888,15.760634943104044,1999.9999999999993,0.0,0.0,11.2
3,1968.7391974138586,-11.064823218134622,3.2836728488921567,16.796737452935282,1999.9999999999993,0.0,0.0,11.2
3,1967.1277025706186,-11.159211246107299,3.4204925509293296,18.016876050887607,1999.9999999999993,0.0,0.0,11.2
3,1966.383988087394,-11.203662971242277,3.4204925509293296,18.0667794047574,1999.9999999999993,0.0,0.0,11.2
3,1965.764270835653,-11.241446021708189,3.557312252966377,18.132819491760173,1999.9999999999993,0.0,0.0,11.2
3,1965.6403273853048,-11.249002631801368,3.4204925509293296,17.700700629520544,1999.9999999999993,0.0,0.0,11.2
3,1965.6403273853048,-11.249002631801368,3.4204925509293296,17.516362930046892,1999.9999999999993,0.0,0.0,11.2
3,1965.6403273853048,-11.249002631801368,3.4204925509293296,17.536614995182692,1999.9999999999993,0.0,0.0,11.2
3,1965.6403273853048,-11.249002631801368,3.4204925509293296,17.456833086589285,1999.9999999999993,0.0,0.0,11.2
3,1965.6403273853048,-11.249002631801368,3.4204925509293296,17.49197715727051,1999.9999999999993,0.0,0.0,11.2
3,1965.6403273853048,-11.249002631801368,3.4204925509293296,17.518079505522046,1999.9999999999993,0.0,0.0,11.2
3,1965.6403273853048,-11.249002631801368,3.4204925509293296,17.680651633949992,1999.9999999999993,0.0,0.0,11.2
3,1965.6403273853048,-11.249002631801368,3.4204925509293296,17.772358773630724,1999.9999999999993,0.0,0.0,11.2
3,1965.7642885270925,-11.241742014265009,3.2836728488922815,17.995687316686816,1999.9999999999993,0.0,0.0,11.2
3,1965.7642885270925,-11.241742014265009,3.2836728488922815,18.198501972305248,1999.9999999999993,0.0,0.0,11.2
3,1966.0122280308794,-11.227516799632056,3.2836728488922815,18.361164251288347,1999.9999999999993,0.0,0.0,11.2
3,1966.5081730915417,-11.200250612670557,3.010033444818061,18.402714375279775,1999.9999999999993,0.0,0.0,11.2
3,1967.3762429132098,-11.155643825241883,2.873213742781013,18.21357169057199,1999.9999999999993,0.0,0.0,11.2
3,1968.4925917382834,-11.103623316788955,2.462754636669745,17.825826704531107,1999.9999999999993,0.0,0.0,11.2
3,1968.8647872916686,-11.088060502030164,2.3259349346325715,17.2328611943945,1999.9999999999993,0.0,0.0,11.2
3,1972.3394053088996,-10.963548812413633,1.7786561264841299,16.47122296912422,1999.9999999999993,0.0,0.0,11.2
3,1974.201303386375,-10.91240548938455,1.368197020372861,15.556182032332293,1999.9999999999993,0.0,0.0,11.2
3,1976.4359103014083,-10.864372841551152,1.0945576162986401,14.459376063955581,1999.9999999999993,0.0,0.0,11.2
3,1978.9190334445539,-10.822861883432646,0.8209182122244192,13.349029247039022,1999.9999999999993,0.0,0.0,11.2
3,1981.898985135553,-10.787280250593824,0.5472788081501982,12.231021485739644,1999.9999999999993,0.0,0.0,11.2
3,1984.1340083811212,-10.765931067990056,0.5472788081501982,11.232138558529153,1999.9999999999993,0.0,0.0,11.2
3,1985.9965472243334,-10.750363903892593,0.41045910611315045,10.300436072404707,1999.9999999999993,0.0,0.0,11.2
3,1986.6173935054042,-10.745174849193438,0.5472788081501982,9.39966207777453,1999.9999999999993,0.0,0.0,11.2
3,1989.5974244994952,-10.716709272388414,0.5472788081501982,8.596611672709695,1999.9999999999993,0.0,0.0,11.2
3,1990.5907681641922,-10.70722074678674,0.5472788081501982,8.470413765865883,1999.9999999999993,0.0,0.0,11.2
3,1991.0874267793588,-10.701290474646937,0.8209182122244192,8.79021914585512,1999.9999999999993,0.0,0.0,11.2
3,1991.211585414674,-10.699363166425025,0.9577379142614671,9.297891884915506,1999.9999999999993,0.0,0.0,11.2
3,1991.3357390936733,-10.697139378835086,1.094557616298515,9.83361089003364,1999.9999999999993,0.0,0.0,11.2
3,1991.3357390936733,-10.697139378835086,1.094557616298515,10.449457242015033,1999.9999999999993,0.0,0.0,11.2
3,1991.5840287508993,-10.691802417964713,1.3681970203727358,11.093348566431224,1999.9999999999993,0.0,0.0,11.2
3,1991.9564083663943,-10.681573753358897,1.7786561264840042,11.678318042367906,1999.9999999999993,0.0,0.0,11.2
3,1992.452824844397,-10.664971689805721,2.052295530558225,11.888933723002541,1999.9999999999993,0.0,0.0,11.2
3,1993.073267569281,-10.64199656964376,2.189115232595273,11.874352420064325,1999.9999999999993,0.0,0.0,11.2
3,1994.5621219869518,-10.581522969594468,2.4627546366694935,11.56640416456352,1999.9999999999993,0.0,0.0,11.2
3,1996.0508291664516,-10.517494168209765,2.4627546366694935,11.045527261095804,1999.9999999999993,0.0,0.0,11.2
3,1997.5393777890029,-10.449910652306537,2.7363940407437144,10.30246475381717,1999.9999999999993,0.0,0.0,11.2
3,1999.2758262636119,-10.366916349890438,2.7363940407437144,9.48664035088577,1999.9999999999993,0.0,0.0,11.2
3,2001.0122747382209,-10.28392204747434,2.7363940407437144,8.5711228099496,1999.9999999999993,0.0,0.0,11.2
3,2002.8728596498956,-10.197221035253758,2.5995743387066668,7.5970826040390955,1999.9999999999993,0.0,0.0,11.2
3,2004.113318014271,-10.14090138514225,2.5995743387066668,6.88508453671802,1999.9999999999993,0.0,0.0,11.2
3,2005.2296689612758,-10.0888807778099,2.7363940407438396,6.499507045965769,1999.9999999999993,0.0,0.0,11.2
3,2005.477733029077,-10.077024448893319,2.7363940407438396,6.842621550844817,1999.9999999999993,0.0,0.0,11.2
3,2005.477733029077,-10.077024448893319,2.7363940407438396,7.230758244158348,1999.9999999999993,0.0,0.0,11.2
3,2005.477733029077,-10.077024448893319,2.7363940407438396,7.49992486783216,1999.9999999999993,0.0,0.0,11.2
3,2005.477733029077,-10.077024448893319,2.7363940407438396,7.672452016322126,1999.9999999999993,0.0,0.0,11.2
3,2005.477733029077,-10.077024448893319,2.7363940407438396,7.863031748289276,1999.9999999999993,0.0,0.0,11.2
3,2005.477733029077,-10.077024448893319,2.7363940407438396,7.819174904151427,1999.9999999999993,0.0,0.0,11.2
3,2005.477733029077,-10.077024448893319,2.7363940407438396,7.796645962203354,1999.9999999999993,0.0,0.0,11.2
3,2005.477733029077,-10.077024448893319,2.7363940407438396,7.7436202837622075,1999.9999999999993,0.0,0.0,11.2
3,2005.477733029077,-10.077024448893319,2.7363940407438396,7.654905965007793,1999.9999999999993,0.0,0.0,11.2
3,2005.477733029077,-10.077024448893319,2.7363940407438396,7.586280617444916,1999.9999999999993,0.0,0.0,11.2
3,2005.477733029077,-10.077024448893319,2.7363940407438396,7.466592015482504,1999.9999999999993,0.0,0.0,11.2
3,2005.477733029077,-10.077024448893319,2.7363940407438396,7.308249814020538,1999.9999999999993,0.0,0.0,11.2
3,2005.477733029077,-10.077024448893319,2.7363940407438396,7.074577713489402,1999.9999999999993,0.0,0.0,11.2
3,2005.477733029077,-10.077024448893319,2.7363940407438396,6.822745953790484,1999.9999999999993,0.0,0.0,11.2
3,2005.477733029077,-10.077024448893319,2.7363940407438396,6.528710932664418,1999.9999999999993,0.0,0.0,11.2
3,2005.3536940349654,-10.082804516374694,2.599574338706792,6.197982672340503,1999.9999999999993,0.0,0.0,11.2
3,2004.7336476980659,-10.114666325708027,3.2836728488922815,5.851484290303415,1999.9999999999993,0.0,0.0,11.2
3,2004.1138419891274,-10.15096941338983,3.420492550929329,5.98126901738193,1999.9999999999993,0.0,0.0,11.2
3,2002.8746905250557,-10.230974304324013,3.9677713590777715,6.336498792602393,1999.9999999999993,0.0,0.0,11.2
3,2001.388430454079,-10.337630456239628,4.241410763151992,6.94691034292806,1999.9999999999993,0.0,0.0,11.2
3,1998.9126743970362,-10.533131044353503,4.788689571300309,7.763917070003068,1999.9999999999993,0.0,0.0,11.2
3,1996.6858052471152,-10.725039848482636,5.06232897537453,8.806243717014256,1999.9999999999993,0.0,0.0,11.2
3,1994.2125527827973,-10.950086402365171,5.335968379448752,9.92217765812091,1999.9999999999993,0.0,0.0,11.2
3,1990.9987584846524,-11.257999163406758,5.609607783522972,11.157194279390506,1999.9999999999993,0.0,0.0,11.2
3,1988.6504851582574,-11.485816441717121,5.4727880814858,12.444558609795351,1999.9999999999993,0.0,0.0,11.2
3,1986.3016745104405,-11.708025506467454,5.335968379448627,13.728045825439704,1999.9999999999993,0.0,0.0,11.2
3,1984.1996383112537,-11.901825134330918,5.1991486774115785,14.700397739194377,1999.9999999999993,0.0,0.0,11.2
3,1982.468359940846,-12.05935787176583,5.1991486774115785,15.499502827800866,1999.9999999999993,0.0,0.0,11.2
3,1981.1079233001585,-12.181509321830898,5.06232897537453,15.978984081601466,1999.9999999999993,0.0,0.0,11.2
3,1979.8705262338692,-12.285170470885193,4.5150501672260885,15.8574163620018,1999.9999999999993,0.0,0.0,11.2
3,1979.6229039434295,-12.304129329345049,4.241410763151868,15.686779215635758,1999.9999999999993,0.0,0.0,11.2
3,1979.4990595496038,-12.31316522212082,4.104591061114819,15.173474028067718,1999.9999999999993,0.0,0.0,11.2
3,1979.3751939316,-12.321905354664308,3.9677713590777715,14.716561567386357,1999.9999999999993,0.0,0.0,11.2
3,1979.3751939316,-12.321905354664308,3.9677713590777715,14.267047659511913,1999.9999999999993,0.0,0.0,11.2
3,1979.3751939316,-12.321905354664308,3.9677713590777715,13.96042189820591,1999.9999999999993,0.0,0.0,11.2
3,1979.2513283135963,-12.330645487207796,4.104591061114819,13.599603161269137,1999.9999999999993,0.0,0.0,11.2
3,1979.2513283135963,-12.330645487207796,4.104591061114819,13.194847687266346,1999.9999999999993,0.0,0.0,11.2
3,1979.2513283135963,-12.330645487207796,4.104591061114819,12.853451942706235,1999.9999999999993,0.0,0.0,11.2
3,1979.2513283135963,-12.330645487207796,4.104591061114819,12.549987483283784,1999.9999999999993,0.0,0.0,11.2
3,1979.0036180663462,-12.34842152942118,4.104591061114819,12.268059024648895,1999.9999999999993,0.0,0.0,11.2
3,1978.632021212335,-12.374641927051647,3.9677713590776467,12.029017086806439,1999.9999999999993,0.0,0.0,11.2
3,1977.5170459895958,-12.450640829300973,3.8309516570404734,11.84476048579607,1999.9999999999993,0.0,0.0,11.2
3,1976.7736690336878,-12.500419236771853,3.8309516570404734,12.493979007130381,1999.9999999999993,0.0,0.0,11.2
3,1976.03029207778,-12.550197644242733,3.8309516570404734,13.188074084748827,1999.9999999999993,0.0,0.0,11.2
3,1973.9238909740643,-12.688721536468197,3.6941319550034253,14.022755785710883,1999.9999999999993,0.0,0.0,11.2
3,1972.56071540049,-12.775099691625845,3.557312252966377,14.952972221409656,1999.9999999999993,0.0,0.0,11.2
3,1971.073502972114,-12.867554797411833,3.557312252966377,16.019533948768892,1999.9999999999993,0.0,0.0,11.2
3,1970.3298967579262,-12.913782350304826,3.557312252966377,17.063151596624987,1999.9999999999993,0.0,0.0,11.2
3,1969.7102714972104,-12.953045148103758,3.6941319550034253,17.04704586797476,1999.9999999999993,0.0,0.0,11.2
3,1969.7102714972104,-12.953045148103758,3.6941319550034253,16.968066260969582,1999.9999999999993,0.0,0.0,11.2
3,1969.7102714972104,-12.953045148103758,3.6941319550034253,16.865359577730697,1999.9999999999993,0.0,0.0,11.2
3,1969.7102714972104,-12.953045148103758,3.6941319550034253,16.94752534189661,1999.9999999999993,0.0,0.0,11.2
3,1969.7102714972104,-12.953045148103758,3.6941319550034253,17.011517298223122,1999.9999999999993,0.0,0.0,11.2
3,1969.7102714972104,-12.953045148103758,3.6941319550034253,17.139396302327018,1999.9999999999993,0.0,0.0,11.2
3,1969.8341965493535,-12.945192588543975,3.557312252966377,17.293612228002782,1999.9999999999993,0.0,0.0,11.2
3,1969.9581399997016,-12.937635978450796,3.4204925509293296,17.426254032739685,1999.9999999999993,0.0,0.0,11.2
3,1969.9581399997016,-12.937635978450796,3.4204925509293296,17.5908398290539,1999.9999999999993,0.0,0.0,11.2
3,1970.206044827443,-12.922818736739142,3.4204925509293296,17.795775662351087,1999.9999999999993,0.0,0.0,11.2
3,1970.7019233637398,-12.894368334512158,3.1468531468551086,17.789693883508548,1999.9999999999993,0.0,0.0,11.2
3,1970.949896129741,-12.880735228074677,3.1468531468551086,17.691219000859213,1999.9999999999993,0.0,0.0,11.2
3,1972.5620227342586,-12.797894208883783,2.7363940407438405,17.30353993756482,1999.9999999999993,0.0,0.0,11.2
3,1974.17452965771,-12.72275333162594,2.599574338706667,16.736308273941674,1999.9999999999993,0.0,0.0,11.2
3,1976.2836337846206,-12.634564215620752,2.1891152325953986,16.0872069746977,1999.9999999999993,0.0,0.0,11.2
3,1978.1449619592727,-12.565638855134958,2.052295530558351,15.139257038814197,1999.9999999999993,0.0,0.0,11.2
3,1980.3788361102845,-12.490929569145655,1.77865612648413,14.148083856820751,1999.9999999999993,0.0,0.0,11.2
3,1983.3577767474405,-12.405543308044201,1.5050167224099091,13.073210283051319,1999.9999999999993,0.0,0.0,11.2
3,1985.5921309024493,-12.346838914481301,1.5050167224099091,12.06002020772784,1999.9999999999993,0.0,0.0,11.2
3,1986.4610728392406,-12.32504691454977,1.3681970203728613,11.081198641887505,1999.9999999999993,0.0,0.0,11.2
3,1989.9369430113413,-12.24202894348306,1.3681970203728613,10.128161550084911,1999.9999999999993,0.0,0.0,11.2
3,1991.9230337060142,-12.189847309908888,1.641836424446957,9.215071412344269,1999.9999999999993,0.0,0.0,11.2
3,1993.1642601511417,-12.154269667304082,1.641836424446957,8.495374426457557,1999.9999999999993,0.0,0.0,11.2
3,1994.1572413072436,-12.12580755322024,1.641836424446957,8.335386277186432,1999.9999999999993,0.0,0.0,11.2
3,1994.6536960148137,-12.110390955729986,1.915475828521178,8.611206041253794,1999.9999999999993,0.0,0.0,11.2
3,1994.777795178691,-12.106092262289483,2.0522955305582258,9.16316373158333,1999.9999999999993,0.0,0.0,11.2
3,1994.777795178691,-12.106092262289483,2.0522955305582258,9.732791514459453,1999.9999999999993,0.0,0.0,11.2
3,1994.777795178691,-12.106092262289483,2.0522955305582258,10.306023521285807,1999.9999999999993,0.0,0.0,11.2
3,1995.0259831234196,-12.09719853636411,2.0522955305582258,10.887656917045668,1999.9999999999993,0.0,0.0,11.2
3,1995.52231465034,-12.078225831455423,2.3259349346324463,11.277594127930053,1999.9999999999993,0.0,0.0,11.2
3,1996.2666675326657,-12.04621146118914,2.599574338706542,11.518800216294087,1999.9999999999993,0.0,0.0,11.2
3,1997.0109425512908,-12.012419671122238,2.599574338706542,11.166329515694652,1999.9999999999993,0.0,0.0,11.2
3,1998.499492588541,-11.944836090988435,2.599574338706542,10.730503310634795,1999.9999999999993,0.0,0.0,11.2
3,1999.863921523769,-11.881255348693344,2.7363940407435896,10.159841949397547,1999.9999999999993,0.0,0.0,11.2
3,2001.1042418627753,-11.82197370411042,2.7363940407435896,9.488155294171612,1999.9999999999993,0.0,0.0,11.2
3,2001.600369998378,-11.798261046277249,2.7363940407435896,8.749773122476993,1999.9999999999993,0.0,0.0,11.2
3,2004.2051888747226,-11.676879629168438,2.599574338706542,8.01532861513175,1999.9999999999993,0.0,0.0,11.2
3,2004.9494638933477,-11.643087839101536,2.599574338706542,7.3256981230021925,1999.9999999999993,0.0,0.0,11.2
3,2005.6936553894807,-11.607518886156104,2.8732137427806377,7.228827523682526,1999.9999999999993,0.0,0.0,11.2
3,2005.9416904376667,-11.595070225953856,2.8732137427806377,7.397654380223893,1999.9999999999993,0.0,0.0,11.2
3,2005.9416904376667,-11.595070225953856,2.8732137427806377,7.74108883228213,1999.9999999999993,0.0,0.0,11.2
3,2005.9416904376667,-11.595070225953856,2.8732137427806377,8.057263980415751,1999.9999999999993,0.0,0.0,11.2
3,2005.9416904376667,-11.595070225953856,2.8732137427806377,8.30268149178704,1999.9999999999993,0.0,0.0,11.2
3,2005.9416904376667,-11.595070225953856,2.8732137427806377,8.489501259305744,1999.9999999999993,0.0,0.0,11.2
3,2005.9416904376667,-11.595070225953856,2.8732137427806377,8.667346245882717,1999.9999999999993,0.0,0.0,11.2
3,2005.9416904376667,-11.595070225953856,2.8732137427806377,8.746965419925747,1999.9999999999993,0.0,0.0,11.2
3,2005.9416904376667,-11.595070225953856,2.8732137427806377,8.753025986474412,1999.9999999999993,0.0,0.0,11.2
3,2005.9416904376667,-11.595070225953856,2.8732137427806377,8.762450850482944,1999.9999999999993,0.0,0.0,11.2
3,2005.9416904376667,-11.595070225953856,2.8732137427806377,8.778071123657336,1999.9999999999993,0.0,0.0,11.2
3,2005.9416904376667,-11.595070225953856,2.8732137427806377,8.734702752377697,1999.9999999999993,0.0,0.0,11.2
3,2005.9416904376667,-11.595070225953856,2.8732137427806377,8.660624329094572,1999.9999999999993,0.0,0.0,11.2
3,2005.9416904376667,-11.595070225953856,2.8732137427806377,8.575653318894853,1999.9999999999993,0.0,0.0,11.2
3,2005.9416904376667,-11.595070225953856,2.8732137427806377,8.443520719552884,1999.9999999999993,0.0,0.0,11.2
3,2005.9416904376667,-11.595070225953856,2.8732137427806377,8.286227703694877,1999.9999999999993,0.0,0.0,11.2
3,2005.9416904376667,-11.595070225953856,2.8732137427806377,8.100535046885431,1999.9999999999993,0.0,0.0,11.2
3,2005.9416904376667,-11.595070225953856,2.8732137427806377,7.878677412291669,1999.9999999999993,0.0,0.0,11.2
3,2005.9416904376667,-11.595070225953856,2.8732137427806377,7.631821164595409,1999.9999999999993,0.0,0.0,11.2
3,2005.817665599734,-11.60114647612096,2.7363940407435896,7.36650445100862,1999.9999999999993,0.0,0.0,11.2
3,2005.817665599734,-11.60114647612096,2.7363940407435896,7.115279699434013,1999.9999999999993,0.0,0.0,11.2
3,2005.569601531933,-11.61300280503754,2.7363940407435896,6.770726638443741,1999.9999999999993,0.0,0.0,11.2
3,2004.9495528378877,-11.644864735495561,3.146853146854858,6.482036229684797,1999.9999999999993,0.0,0.0,11.2
3,2004.2057350334426,-11.687540338836042,3.420492550928954,6.543571038262996,1999.9999999999993,0.0,0.0,11.2
3,2003.0904116841364,-11.758213240540611,3.830951657040223,6.852475797669555,1999.9999999999993,0.0,0.0,11.2
3,2001.727892475942,-11.854354515775782,4.241410763151618,7.433059703197181,1999.9999999999993,0.0,0.0,11.2
3,1999.4997120246035,-12.030305045078276,4.788689571299934,8.129716882458114,1999.9999999999993,0.0,0.0,11.2
3,1997.396778229787,-12.214063018923714,5.199148677411203,9.044584281727719,1999.9999999999993,0.0,0.0,11.2
3,1995.9131534224043,-12.352634171186818,5.472788081485423,10.152369239224514,1999.9999999999993,0.0,0.0,11.2
3,1992.7008754927444,-12.675891228299907,6.020066889633741,11.232757500301046,1999.9999999999993,0.0,0.0,11.2
3,1989.7371434987117,-12.988441516018506,6.020066889633741,12.465007412162343,1999.9999999999993,0.0,0.0,11.2
3,1987.7613221693564,-13.19680837449758,6.020066889633741,13.703970339968686,1999.9999999999993,0.0,0.0,11.2
3,1985.785500840001,-13.405175232976655,6.020066889633741,14.748510745660452,1999.9999999999993,0.0,0.0,11.2
3,1983.6859283384995,-13.624058282549681,5.883247187596693,15.379071193014944,1999.9999999999993,0.0,0.0,11.2
3,1982.9446313180974,-13.69865627765134,5.609607783522597,15.763600406179906,1999.9999999999993,0.0,0.0,11.2
3,1982.202986480064,-13.769713068660916,5.335968379448501,15.394118704475087,1999.9999999999993,0.0,0.0,11.2
3,1981.9556612336323,-13.792217724049173,5.06232897537428,15.163562150216402,1999.9999999999993,0.0,0.0,11.2
3,1981.7082313280855,-13.813540924507969,4.788689571300059,14.755912707680114,1999.9999999999993,0.0,0.0,11.2
3,1981.7082313280855,-13.813540924507969,4.788689571300059,14.23824292371231,1999.9999999999993,0.0,0.0,11.2
3,1981.7082313280855,-13.813540924507969,4.788689571300059,13.804459675156973,1999.9999999999993,0.0,0.0,11.2
3,1981.7082313280855,-13.813540924507969,4.788689571300059,13.489530567411657,1999.9999999999993,0.0,0.0,11.2
3,1981.5844788917084,-13.823759326096345,4.6518698692630105,13.07338901128118,1999.9999999999993,0.0,0.0,11.2
3,1981.4607024071167,-13.833682183670884,4.515050167225962,12.713619043741103,1999.9999999999993,0.0,0.0,11.2
3,1981.213080116677,-13.85264104213074,4.241410763151742,12.41729061084822,1999.9999999999993,0.0,0.0,11.2
3,1980.9653701048476,-13.870417067450004,3.9677713590775197,12.21471244544927,1999.9999999999993,0.0,0.0,11.2
3,1980.3459394255478,-13.912638679810753,3.8309516570404716,12.33643765280454,1999.9999999999993,0.0,0.0,11.2
3,1979.354770151004,-13.97900988977192,3.8309516570404716,12.509040707105196,1999.9999999999993,0.0,0.0,11.2
3,1978.2397949282647,-14.055008792021246,3.9677713590776444,12.998663989469494,1999.9999999999993,0.0,0.0,11.2
3,1976.8770474338055,-14.14789633921489,3.8309516570405964,13.722632233424905,1999.9999999999993,0.0,0.0,11.2
3,1975.761893908309,-14.221232517451885,3.6941319550034235,14.550631410658008,1999.9999999999993,0.0,0.0,11.2
3,1974.522737733528,-14.301237712529513,3.6941319550034235,15.485538693383113,1999.9999999999993,0.0,0.0,11.2
3,1973.5314127937033,-14.365241868591607,3.6941319550034235,16.518042414380314,1999.9999999999993,0.0,0.0,11.2
3,1973.0357503237908,-14.39724394662266,3.6941319550034235,16.60304879740878,1999.9999999999993,0.0,0.0,11.2
3,1972.7879190888348,-14.413244985638181,3.6941319550034235,16.642817630354102,1999.9999999999993,0.0,0.0,11.2
3,1972.7879190888348,-14.413244985638181,3.6941319550034235,16.461448117268002,1999.9999999999993,0.0,0.0,11.2
3,1972.7879190888348,-14.413244985638181,3.6941319550034235,16.523515092515385,1999.9999999999993,0.0,0.0,11.2
3,1972.7879190888348,-14.413244985638181,3.6941319550034235,16.663617273717794,1999.9999999999993,0.0,0.0,11.2
3,1972.7879190888348,-14.413244985638181,3.6941319550034235,16.76685077774443,1999.9999999999993,0.0,0.0,11.2
3,1972.9118441409778,-14.405392426078398,3.557312252966376,16.92863752621148,1999.9999999999993,0.0,0.0,11.2
3,1972.9118441409778,-14.405392426078398,3.557312252966376,17.156539520479846,1999.9999999999993,0.0,0.0,11.2
3,1972.9118441409778,-14.405392426078398,3.557312252966376,17.350190318153476,1999.9999999999993,0.0,0.0,11.2
