acc,lpf_acc,gyro,control_angle
89620.50749281452,89620.50749281452,0.0,89620.50749281452
89620.50749281452,89620.50749281452,0.29854000000000175,89620.80304741452
89455.87091336351,89565.62863299751,-2.2314599999999984,89618.04215787035
89495.6377597497,89548.13091468556,-2.7374599999999982,89614.63296003849
89516.6204973903,89541.8288312265,-2.7374599999999982,89611.19483335037
89485.72544855507,89532.47826744792,-1.2194599999999982,89609.20040229135
89536.55731456216,89533.06098846425,0.29854000000000175,89608.73456275307
89506.36960590116,89529.72456564386,-0.20745999999999828,89607.73907738198
89486.328935436,89524.9028289541,-1.2194599999999982,89605.70344949771
89549.99991278959,89527.41253733764,-0.20745999999999828,89604.71515497612
89550.76465541829,89520.43825359803,0.29854000000000175,89604.16794056234
89527.00291663184,89511.08779597975,-0.20745999999999828,89603.03175371651
89569.88616424886,89522.48932106828,0.29854000000000175,89602.52188399003
89479.67117986975,89520.89266308029,-1.7254599999999982,89599.99738638093
89486.11787609085,89517.84240095035,-1.7254599999999982,89597.46763112662
89583.4599050942,89527.61584660425,-0.7134599999999983,89596.0627878814
89516.33673413967,89525.59378856202,-1.2194599999999982,89594.15083248822
89486.17819644458,89523.57464761636,-0.7134599999999983,89592.73874523949
89559.72006131246,89530.91376020401,-0.20745999999999828,89591.91510998913
89436.00436536963,89519.51420546202,1.3105400000000018,89592.48853554387
89584.75234176412,89522.9129740966,-0.20745999999999828,89591.5873945294
89502.92186920278,89520.5048693537,0.29854000000000175,89591.17212387764
89533.05962869753,89516.82221579857,0.8045400000000017,89591.22511939684
89543.0371944545,89523.15881725703,1.8165400000000018,89592.34283097544
89546.50615751557,89529.19764539952,-1.7254599999999982,89590.00317371968
89586.99155479578,89529.55081036966,1.3105400000000018,89590.69608468619
89603.70098977225,89538.28723593292,-0.20745999999999828,89589.96661079866
89465.95320138478,89536.26473642692,0.8045400000000017,89590.22608665493
89567.36196386909,89537.02892668259,-0.7134599999999983,89588.9877896552
89516.42189806471,89545.07067995208,0.29854000000000175,89588.84417315817
89499.64917386697,89536.56036316237,-1.2194599999999982,89587.11406965822
89523.22670957299,89538.59084719939,0.8045400000000017,89587.42533203361
89516.67721011878,89536.9526053415,-0.20745999999999828,89586.71521936668
89503.3591563114,89532.9848015272,-0.20745999999999828,89585.97252978828
89607.70725710345,89539.10491148598,-1.2194599999999982,89584.29658820527
89543.41261558107,89534.74701756451,1.3105400000000018,89585.09852709887
89485.12054298799,89522.88897288608,-1.7254599999999982,89582.76822615675
89552.94068512661,89531.58772126026,0.29854000000000175,89582.5519757078
89519.27444386536,89526.7789692599,-0.7134599999999983,89581.28792024333
89526.39199961304,89527.77597941473,-0.7134599999999983,89580.04647543504
89543.62686532694,89532.17374856073,1.3105400000000018,89580.8651827663
89513.26145143688,89531.17722274712,1.3105400000000018,89581.66573776612
89503.06771704697,89529.81627343994,-1.7254599999999982,89579.43903772286
89556.74725014252,89535.15508282305,-0.20745999999999828,89578.79081277385
89486.02736901918,89522.98709401464,-0.7134599999999983,89577.52645018625
89512.6896489249,89519.91479734902,-1.2194599999999982,89575.74306825789
89499.32595136798,89521.33533818703,-2.7374599999999982,89572.48890555717
89499.50230626228,89515.99150030059,-0.20745999999999828,89571.7185461046
89529.42170133373,89517.00622604742,-1.7254599999999982,89569.46321750402
89539.99896494347,89518.36692258046,-0.7134599999999983,89568.24592915479
89536.69329320974,89517.67356536875,-2.2314599999999984,89565.53106011693
89580.34448001237,89524.3818682263,-1.7254599999999982,89563.41136279803
89479.24346889473,89521.99944341107,-0.7134599999999983,89562.29091820416
89512.40324394424,89517.56504279125,-0.7134599999999983,89561.13733405004
89445.98376481482,89513.56068237081,-0.7134599999999983,89559.95524213325
89499.59043716225,89512.25076119453,-0.20745999999999828,89559.27281192386
89546.82546883984,89517.00071294172,0.29854000000000175,89559.14564553404
89516.42189806471,89518.69267212196,-1.2194599999999982,89557.53385039992
89560.08189407787,89521.75869139638,1.3105400000000018,89558.4735334099
89580.49220664705,89525.80801556674,1.8165400000000018,89559.94525283146
89425.7253714569,89514.71122339145,-1.7254599999999982,89557.78470713705
89476.3121720176,89504.30799259199,0.29854000000000175,89557.5454945916
89563.85220604196,89512.76886630671,-1.7254599999999982,89555.38952290875
89573.74977912237,89518.90351982453,-0.7134599999999983,89554.3183374779
89529.91881366435,89527.29702470948,0.29854000000000175,89554.34367895023
89499.70789679451,89527.30877067271,-0.7134599999999983,89553.36700446745
89570.08819134864,89529.63504292359,-1.2194599999999982,89551.92241945202
89493.0477637167,89527.29762948878,-1.7254599999999982,89549.96796615238
89496.31852322836,89520.92129240384,-0.20745999999999828,89549.47211401489
89499.20831242703,89512.79290298183,-0.20745999999999828,89548.89993650456
89563.64747938453,89526.5851137746,1.8165400000000018,89550.47516287726
89441.90380450622,89523.14427702346,-2.7374599999999982,89547.49176861873
89570.31524528784,89523.79058094804,-1.7254599999999982,89545.54655134202
89486.6000430151,89515.07560733732,0.8045400000000017,89546.03833650197
89479.2128912213,89510.005015093,0.8045400000000017,89546.47449788787
89546.23972107875,89514.65819752144,-1.7254599999999982,89544.44812948421
89475.3888696554,89505.18826535212,-0.7134599999999983,89543.3492054429
89469.25166555333,89502.80865553577,-2.2314599999999984,89540.73465454383
89550.07914472042,89508.18471768498,-2.2314599999999984,89538.20000977525
89472.70569551886,89505.53445599417,1.3105400000000018,89539.17078883744
89472.64379116497,89496.43408717221,-0.20745999999999828,89538.53803642078
89586.57899096525,89510.90160581812,-0.20745999999999828,89538.05628671475
89486.08771060641,89502.47885234997,-0.7134599999999983,89536.9941869711
89495.578476011,89503.37669564955,-0.20745999999999828,89536.45262665788
89590.15957990546,89514.47136451797,-1.7254599999999982,89534.52460863646
90423.29973919329,89602.17736632943,1.8165400000000018,89536.99951081339
89128.28822398896,89567.46730176278,2.8285400000000016,89540.10444332288
91666.73028760051,89787.2151639675,6.370540000000002,89548.88238512933
91996.89484630917,90031.89673412638,-5.267459999999998,89548.4977432193
88251.41917416877,89909.76808199137,-15.387459999999999,89536.87686120703
88317.55804939655,89794.25950781451,-0.7134599999999983,89538.74436227311
89429.36488847024,89778.53809756502,-17.411459999999998,89523.90495422602
89705.74184412966,89800.50351091733,-11.84546,89514.94393439294
90060.84895746781,89857.03055906303,-4.761459999999999,89513.65095523965
90227.13265494286,89920.72786656677,-1.7254599999999982,89516.01351895291
90452.7963475505,89923.67752740248,-6.2794599999999985,89513.8734936374
91012.6790229499,90112.11660729858,-21.96546,89498.110119374
91353.32008772595,90080.77558731112,-80.15546,89424.58286865338
91287.47370350889,90009.83347303109,-203.11345999999998,89229.35304929716
91211.37533877378,90305.8290894916,-377.17746,88866.7121242991
91370.37890174378,90611.11117472632,-531.50746,88357.96372940337
90744.15643791534,90742.59032967083,-619.55146,87768.45405000605
89276.93434340904,90699.70957959877,-697.9814600000001,87106.76495990198
88794.02282624468,90573.02696647645,-790.57946,86358.75391456773
88298.11893347236,90380.1255943294,-861.4194600000001,85546.16236596534
87528.87936208438,90087.73389578279,-929.22346,84671.64685586352
86985.69983448193,89685.035976936,-1014.73746,83717.19066167425
86383.72537725241,89188.07650588863,-1110.3714599999998,82672.6317747164
85736.8334503321,88633.01248057096,-1250.02746,81494.70839637495
84862.77631245548,87998.15257793912,-1358.31146,80215.0144927906
83034.23420139113,87164.53810790386,-1460.52346,78838.59150354173
81154.78557915283,86205.60102202762,-1534.3994599999999,77393.20613332659
78838.34084340492,85161.7416720272,-1591.57746,75895.22980331359
77221.66364784674,84004.50575418741,-1628.00946,74364.59319742233
75497.98538442673,82724.49239928286,-1668.48946,72796.38762404094
73615.73856248819,81333.17831932325,-1676.58546,71221.93592559377
71798.71021329104,79814.47935720415,-1677.59746,69647.03987450986
70342.76138255259,78210.38295773417,-1672.03146,68077.36215994212
68698.86840225532,76506.5864529265,-1676.58546,66501.83479747197
66086.4388415591,74628.95270583685,-1665.45346,64934.307051155614
62579.10408398569,72583.4396940963,-1604.73346,63422.11225218502
60810.665883368565,70549.02772451789,-1518.71346,61989.85508150835
59141.408264140635,68579.33446659145,-1418.5254599999998,60651.40966995918
58617.866825722216,66718.95478437899,-1336.04746,59389.39813570338
57713.24202004302,64940.48044794062,-1316.3134599999998,58141.75863342575
56840.72476734362,63262.97906842616,-1422.5734599999998,56784.62311237575
56658.75775041582,61748.983822138645,-1532.37546,55317.21501407338
55762.02761143379,60290.91044502676,-1512.64146,53869.43692298292
54687.42017039885,58889.765621841114,-1511.12346,52423.627984571496
51402.94127396275,57421.41586508148,-1566.27746,50922.9911779766
49057.06584751563,56069.21204143447,-1538.4474599999999,49451.390401211174
48091.248630229435,54797.27031612055,-1520.73746,47999.31911496027
45416.84618037191,53424.81410774369,-1477.22146,46591.124819488105
43910.8024605406,51954.107671225516,-1468.11346,45191.322322605476
42042.48925267651,50387.03239448887,-1435.72946,43821.90725792431
40947.61174521016,48797.72109227553,-1401.32146,42484.35715086782
39864.948428305,47118.34016006444,-1347.1794599999998,41196.98931555979
38409.185052507506,45383.055904171815,-1292.53146,39959.24383604591
40761.76242951232,43990.49013008316,-1269.2554599999999,38742.99339358629
34862.363127826175,42336.43231546951,-1340.09546,37452.233277405125
32873.09473438752,40718.035204156695,-1229.28146,36267.90265127265
31625.409848091924,39071.45132594295,-1217.13746,35090.972052619356
29935.49460445772,37523.31616835153,-1113.91346,34012.521168376676
30038.042911344215,36136.04021343189,-1075.96346,32968.552533427224
29509.90212223731,34882.78150038797,-1007.14746,31990.61883769683
28514.407263959838,33639.46105226294,-976.28146,31040.588614442495
28274.02306863668,32480.3685162961,-937.82546,30126.539208061033
27376.979404259022,31377.147951471252,-910.5014600000001,29237.648850095135
25924.56700085726,29893.428408605745,-872.55146,28380.380700280242
25825.312098147326,28989.72330563786,-838.6494600000001,27556.211160933817
23106.586945694868,28013.072526768596,-799.6874600000001,26769.089189192164
25075.943491086728,27358.12589106807,-753.1354600000001,26029.375450810923
25205.816216774445,26885.158052299746,-767.8094600000001,25277.801911425813
28374.050110127213,26718.758772178047,-1240.9194599999998,24063.701214633333
20003.128306027764,25768.081390557094,-1676.58546,22420.92541099257
19540.150201971614,24870.65568435827,-2069.74746,20396.37272832623
18147.59714008789,23858.013091503388,-2279.73746,18174.049046558
14687.658402722795,22589.080991349765,-2438.11546,15804.465060605919
10567.265141796905,21053.35080544373,-2646.08146,13237.333272654298
13412.240373953919,19812.04363302439,-2551.96546,10776.634570858
12309.202016519117,18732.305140106815,-2598.01146,8284.159931150487
11079.518855670767,17332.662676565214,-2679.98346,5721.461333204636
-4850.085570434667,14327.072497844307,-2190.68146,3638.7427994510326
560.9786528791573,11545.7653521195,-1402.3334599999998,2329.5028995777175
-2018.1700470092092,9343.635516815804,-846.23946,1561.8671603500984
8371.553640938237,8226.775860712467,-336.69746,1295.1857619537222
9719.550911276216,7383.971237831298,-759.71346,603.957291312498
4598.76584835104,6375.081982394123,-765.7854600000001,-96.45906717668576
5506.8266876864245,5869.038136983075,-974.76346,-1001.8199205350883
3270.909507346645,4854.905050322348,-1080.51746,-2012.964956226514
1589.5910596365463,3782.94395463409,-1219.16146,-3161.975712517908
-3098.6938520027265,2365.122683866741,-1039.53146,-4135.840873954061
-3254.7223343277487,2524.659007477433,-817.39746,-4878.459360539746
-3135.285288791951,2155.032613310322,-328.09546,-5132.938946201246
-6526.474052911467,1704.2022127200967,111.61854,-4954.065180012032
-4163.540540314693,450.6927945948035,486.56454,-4418.3187056659635
-7682.994874587033,-1289.5617839915215,1173.2065400000001,-3225.556661849219
-9680.77670014788,-2717.516038841414,1657.9545400000002,-1579.1012610191408
1559.5174455172642,-3112.24696305833,1954.97654,340.9940565604674
-445.28743087366206,-3483.86665688036,2181.66454,2462.5933440260596
13804.753333318075,-2262.350429512207,2086.53654,4481.015080890677
8575.56670892635,-1094.9243734192994,1902.35254,6308.584700947577
8409.44464774914,71.49232478838944,1737.3965400000002,7966.236351785987
12123.809967125755,1597.40185038016,1475.28854,9363.083661371928
15120.12483199312,3762.0617388706187,1283.00854,10577.251896746915
15825.252650625513,5760.941057964639,756.7685399999999,11278.289642959091
15201.234948974494,8049.364040320792,414.20654,11656.064861532708
25096.45985277676,11527.087695613254,72.65654,11726.705064473514
14272.92632746911,12798.428583808438,-323.54146,11417.116254266863
12033.353105534194,14046.292637449224,-424.74145999999996,11022.913972698687
12313.959351229782,13897.213239240393,-509.24345999999997,10547.505939964105
-3215.948036867954,12718.061764660964,-9.315459999999998,10559.989192811074
8870.002608033912,12764.117560689441,436.97654,11014.637251089856
5086.641357717548,12060.400699748621,970.8065399999999,11986.193360176443
5189.530701045439,11067.341286653853,1173.2065400000001,13138.479314041217
11590.279459708992,10643.843967562203,1525.8885400000001,14624.162615176425
9145.455331393012,10038.266005804053,1598.24654,16160.567723682701
16190.67458200579,9147.687478726957,1815.3205400000002,17887.606255833143
14689.892153947372,9189.384061374783,1583.5725400000001,19368.360848488563
28628.90504737574,10848.939255558938,1045.18854,20317.903287159264
22351.667227640777,11852.710043200037,530.0805399999999,20758.031089319673
-35737.789309887696,8600.525915898063,248.74454000000003,20882.713132185458
-23506.480549672226,5362.877600127448,1299.7065400000001,22014.224251464875
13740.503280550394,6228.263792410734,1779.39454,23617.965241474336
-687.633228774849,5640.547399428704,1272.8885400000001,24698.35071765388
34031.73331824873,7884.6927852826775,197.13254,24725.37535293017
35378.99865552957,10508.047117696335,-6.785459999999999,24576.48446517783
11873.945254861987,10076.374184981954,-140.36945999999998,24292.517596975867
22909.54403527143,10898.33937311436,23.574540000000002,24181.914609337255
25236.281140722833,10559.07698244907,-279.51946,23768.961967668376
30629.136607077427,11386.823920392737,-667.6214600000001,22984.19534179562
25762.169718419158,17536.81982322342,-1139.71946,21801.399321209898
22697.373299731673,22157.205208163814,-1586.01146,20234.806034679437
25332.878528414225,23316.4427329502,-1890.11746,18394.406116262144
19661.821592789576,25351.388215106643,-1999.41346,16484.55661185059
12206.031452393054,23168.818028521076,-2285.80946,14288.447860617294
17554.34746680253,21386.352909648373,-2174.48946,12206.682345707606
12035.20308704261,21402.478692866433,-2163.86346,10156.415483779194
11745.78651057979,20286.10294039727,-2132.99746,8146.044872945374
751.81753022525,17837.656579347513,-1973.60746,6289.089604609395
-5530.629300489396,14221.679988590831,-1331.99946,5049.73604304921
-9387.825203488928,10706.680496400022,-5.773459999999998,5100.589762182717
2835.0582891195468,8720.448995338811,536.1525399999999,5667.579369114278
7702.596160323848,6957.4207585297745,782.06854,6454.725637608433
11740.918915523009,6165.330490803118,650.5085399999999,7095.83514074038
8099.0671410755685,5754.634059671369,522.99654,7600.18970452969
13891.097590615016,5388.309072052618,414.20654,7988.13537280492
12666.376060200455,5451.4263693684015,-41.19346,7921.986757370554
23508.12116585083,6627.659834895504,-347.32346,7565.1932627458045
12330.101589193666,7785.488240792346,-819.42146,6756.16896712627
11861.092422834174,9524.660413124704,-1011.19546,5782.770376186255
11376.912175240072,11601.134150997603,-1228.7754599999998,4624.466308534368
-9229.35767547237,10394.692554538411,-1281.3994599999999,3413.583105594409
-3969.158912874769,9227.517047218547,-393.87546,3081.78573961065
7987.829361858255,8852.208091852071,176.89254000000003,3314.613577733064
11290.297610495727,9171.331138794088,-85.72146,3288.316507943674
-1556.4480724408659,7626.5765724885005,-345.29946,2989.8526431891223
10091.488760017506,7369.087842470207,-122.65946,2912.212129781933
3973.225604353408,5415.598286320465,-294.19345999999996,2645.9944659473185
8691.85089834932,5051.773217236031,-309.87946,2363.2715880602054
5338.879146616625,4399.551889614276,-297.22945999999996,2089.377225675746
-1788.8810179602879,3082.9725702942396,-147.95945999999998,1952.833313721931
5722.862863984708,4578.194624239948,209.27654,2186.270701427111
-448.8105951295831,4930.229456014467,456.71054000000004,2665.8537235729846
-841.8759900496314,4047.2589208236786,969.28854,3639.263430145492
-11944.61978655738,1723.7671811183682,1540.05654,5144.764442255221
-15589.785819737399,320.43340638871484,1992.42054,7069.017466496556
-5321.476812395742,-1220.86315085261,2328.40454,9291.239154923065
10677.274660110505,-550.4582452769002,2470.0845400000003,11638.205875521064
17238.702077500493,304.2268726382172,2171.54454,13674.695180092234
19656.706403083277,1736.0095982848823,1172.1945400000002,14715.780918874161
18860.162969035497,3800.9139969844605,199.15654,14803.797224255264
7138.320411406245,3942.4597517266143,-27.53146,14667.927704129976
10030.801755947285,4990.4209868343005,19.02054,14589.982971557018
14285.480942527876,6503.156680092052,-26.01346,14483.361383242367
14185.465749972103,9116.165233745,-114.56346,14316.271596347395
16051.834497666641,12280.327265485404,-225.37745999999999,14072.788467638775
19836.692273247285,14796.144174049705,-525.43546,13559.840919302884
14440.264823410205,15172.443190379674,-738.4614600000001,12844.890096613652
13457.363006185169,14794.30928324814,-841.1794600000001,12031.616623079997
13892.016228304863,14217.840265770297,-1093.16746,10971.243074106898
12753.306956206188,13607.154664487365,-1107.33546,9901.340084610703
12412.39687965213,14134.562311311955,-1135.16546,8819.858501477716
9345.411629985052,14066.02329871573,-1139.71946,7743.997884050096
-1062.2981663749044,12531.245387825451,-580.58946,7217.08679368785
3042.1495374735537,11416.913766575595,-22.977459999999997,7236.337378016728
5141.27019621481,10325.857336430414,399.02654,7662.268852200865
11592.748729209441,9501.46298202663,358.04054,8035.1209280991225
12122.727420378473,9269.709241723456,224.45654000000002,8269.678785835365
11209.878503234922,9044.960791428432,109.08854000000001,8385.429260491297
11240.549435114803,8779.814112109427,152.09854,8539.95066360748
8926.945634906606,8397.177979979468,74.68054000000001,8612.4566713712
10034.369069607299,8159.375198974984,102.51054,8709.411291247237
11364.445036743784,8361.278539650857,19.52654,8725.261238331273
11148.338191646322,9582.34217545298,1.8165400000000018,8735.63042230249
11911.606514558494,10469.287873161475,-34.61546,8718.69769141108
8865.380582911634,10841.698911831158,-103.43146,8637.530558215281
11620.06420202196,10844.43045911241,-95.33546,8565.217451824254
3240.3631756009186,9956.194034634653,-117.09346,8463.204692252357
4026.8991805620735,9237.896102367367,-2.7374599999999982,8468.241520953507
4861.288771738379,8599.970036029725,82.77654,8551.507580704269
7233.204957070809,8430.595968246145,131.35254,8680.337479179689
8732.27031067265,8300.38609235268,130.34054,8805.575099911419
9823.641666693591,8146.305755347661,97.95654,8895.95938106578
10670.222651048398,8098.494201287869,40.27254,8927.854543868003
10210.01707094281,7928.335256926299,-1.2194599999999982,8916.652085598585
11018.058189572557,8143.6030175923925,13.454540000000001,8922.241589518524
11348.768137473788,8116.473411137576,-59.409459999999996,8855.368542334714
11156.43364844722,8908.080458422206,-146.44145999999998,8710.918616095589
3811.106528190147,8886.501193185013,-6.2794599999999985,8706.457776466483
11914.945689339527,9591.866884945128,-37.65146,8678.03692215127
11786.041166242176,10047.150505862264,-155.04345999999998,8538.235032588378
10619.908883788681,10235.914363173866,-145.93545999999998,8410.735720494233
9797.649213510222,10233.31511785553,-176.29546,8254.429009067846
10333.022108724419,10199.595063623132,-110.00946,8164.971304213398
10678.289672444518,10246.422323773302,-96.85346,8089.900889008996
5488.2050106101515,9693.437005877062,21.04454,8126.770344777677
1572.3027954840716,8715.790471678089,166.26654000000002,8297.264420646681
11477.102444058852,8747.857351239252,452.66254000000004,8749.906264552606
8546.385728453191,9221.385271265557,544.2485399999999,9293.427109219736
12377.940038711506,9267.684706202755,755.75654,10041.368659789567
10303.650777358698,9119.445667314407,773.97254,10798.382244464816
12169.293262931982,9274.384105228737,781.56254,11556.889177672456
12485.127735062662,9543.131957383983,763.34654,12292.464680069572
14893.312745912923,9999.161021102833,661.64054,12924.555778079906
13607.736417224894,10292.10569558087,351.96854,13246.680131854917
14520.861889293055,11195.371383449161,239.63654000000002,13463.407218970859
13084.924906224884,12346.633594523242,75.18654000000001,13526.674157326384
8419.198216490655,12040.843171766423,81.76454,13592.762742070785
7820.085450477415,11968.213143968844,187.01254000000003,13761.659660689766
13496.977262300143,12080.11686632771,171.83254000000002,13914.958447346145
10989.866817280226,12148.73847031986,246.21454000000003,14141.048642175885
13299.607634198159,12261.76990744648,228.50454000000002,14348.47534942859
12203.47810810208,12233.604944750421,211.80654,14537.015119981808
14505.825212703765,12194.856191429506,155.64054000000002,14667.677665296287
19514.529772818005,12785.535526988819,-4.2554599999999985,14644.643338513213
11728.076941903335,12506.257032249847,-136.82745999999997,14487.800290050578
13804.43657202194,12578.20819882955,9.912540000000002,14478.517783738367
13231.305284670785,13059.418905647564,-66.49346,14398.49826955746
12679.7570126043,13545.386061860254,15.984540000000003,14405.791842080487
13767.363337259503,13572.42466935619,71.64454,14468.386264953244
16983.342330516924,14171.77222067986,13.454540000000001,14478.740119110511
12096.998981522831,14051.511355412329,13.454540000000001,14487.78782607353
13890.59966087149,14220.223510689271,57.98254,14542.51489751969
13279.292425495716,14097.570231968468,47.86254,14585.449365464177
16229.227496119203,13769.04000429859,95.42654,14671.757546452522
13060.301506457376,13902.262460753995,52.922540000000005,14716.455910195536
13595.5935908064,13881.37816263244,119.71454,14826.622527319905
15258.800756024915,14084.127709767854,97.45054,14915.673613744386
13288.620480571935,14145.014056564618,129.32854,15036.002272772588
15108.097730157397,14279.087495854406,139.44854,15166.487179603406
14239.193307735699,14004.672593576284,156.65254000000002,15309.955048343134
14927.257159006615,14287.698411324662,168.79654000000002,15466.841056572948
14744.148207019554,14373.053265939467,189.54254000000003,15643.550293266613
15067.90351196571,14551.914374586466,206.74654,15837.313008679812
15783.703743016169,14507.361999276161,239.63654000000002,16061.253673185774
15153.568365162786,14716.688685146702,252.28654000000003,16297.571697905383
15802.449592119034,14937.374285277963,278.09254000000004,16559.28133837911
16131.915436718451,15024.685753347314,256.33454,16797.706577128793
16641.185920561355,15359.942297346255,253.80454000000003,17034.59542893097
17395.49308287623,15588.681832618138,193.08454,17211.28998756784
14554.015800273875,15620.164081871955,124.77454,17318.90552311088
14372.83399411463,15564.721765382757,31.164540000000002,17332.216580133598
27402.310331355202,16830.537977816322,41.28454,17368.071488710426
14194.267383577562,16743.17436497751,-285.59146,17079.0869720731
25318.762198014923,17696.68021047738,-320.50545999999997,16767.96249905714
14378.384618483638,17619.161835809464,-563.89146,16218.221947024662
18098.208490896406,17848.737725687206,-621.06946,15619.668339411286
11816.580637621915,17417.204245777553,-646.8754600000001,14997.23699307495
20326.555585291557,17785.741212250574,-581.09546,14449.837529866707
11860.339704024143,17232.225874365366,-700.0054600000001,13784.656007911693
11162.394798540292,16893.063774192007,-560.85546,13260.493180174495
11635.062879553861,16619.28666273593,-444.98145999999997,12853.54946960011
11708.67779142712,15049.923408743121,-348.33546,12530.66110359154
11262.96236772471,14756.792907157836,-260.29146,12295.233876227201
7320.280658681893,12956.944753224536,-128.73146,12174.406839597174
10737.068912205901,12592.813182596761,243.17854000000003,12419.33765762717
10118.503956410546,11794.842729148177,389.91854,12799.11206294238
10878.81487081504,11701.06615246749,537.67054,13320.42543843763
11715.352539229683,10839.945847861303,647.47254,13936.618457131868
30234.131883993938,12677.325065858284,466.83054000000004,14386.187757819134
14747.354493962956,13035.82103540055,-169.21146,14205.164745194947
16332.868301263155,13505.60157757148,-372.62345999999997,13829.271888118712
15889.09586370212,13923.64338479898,-515.31546,13320.053297685514
13525.387080062465,14149.885856032755,-555.2894600000001,12778.615057868987
14232.358748566214,14841.093665021186,-532.01346,12272.546518540508
11623.963805861042,14929.783154386701,-541.62746,11762.90769949897
11270.46606203524,15044.979364949171,-497.60546,11303.09901075347
9394.221087334907,14896.519986601157,-470.78746,10872.953635111948
7471.152338280478,14472.099966506237,-64.97546,10844.61939302589
10260.276258503172,12474.714403957161,212.81854,11071.610697735203
7607.385061971105,11760.717460757976,442.03654,11516.11793996543
11886.590897709211,11316.089720402584,646.4605399999999,12154.113592369802
11588.59112572967,10886.039246605338,673.27854,12807.978603512156
11747.602119329646,10708.260750532058,713.25254,13493.101439582355
22421.65690167462,11527.190565842899,753.73254,14219.63754544496
16630.35721562947,12027.829906819741,78.22254000000001,14275.159783658708
21069.08104498253,13007.69140511447,-258.77346,14006.299374473267
12842.803465721714,13352.549642953152,-537.0734600000001,13468.059151758065
17542.922649121407,14359.726674037243,-783.4954600000001,12701.315321580858
12079.879088798994,14541.686957066826,-676.22346,12050.257812535718
10984.125481826639,14879.360999052378,-662.56146,11422.612999000883
11375.22007458375,14828.223916739831,-634.22546,10828.785902778272
9976.897628083416,14667.054566975206,-503.17145999999997,10369.028844020242
2903.2733545786296,13782.621690500102,66.07854,10468.582527085042
9954.872222918979,12535.943222624539,553.35654,11037.079108640437
10657.256369696226,11938.633138031215,549.81454,11590.411043534345
11933.630448665066,11025.088078399469,559.93454,12139.093008482996
11927.970443015156,10933.604776128812,589.2825399999999,12710.427840759454
28155.81181895117,11994.893693111788,496.17854,13194.489253882977
10910.005603440053,11877.906344575893,118.19654,13298.337999389907
17345.322735814763,12514.026069974707,106.05254000000001,13395.486894695756
17135.16268771776,13090.02033128811,12.442540000000001,13404.75034366168
12740.554613086793,13366.386029788448,-68.51746,13336.53441512295
12218.027376274074,14297.861431957994,-194.00546,13154.0822798913
12597.052548778342,14562.079464543927,-136.32145999999997,13033.204006337826
11155.27887678068,14611.881715252373,-201.59545999999997,12849.411278026972
11149.952643618528,14533.51393474772,-124.68346,12742.815679194178
11851.461225792009,14525.863013025406,-121.14146,12640.71610713249
10994.354724590963,12809.717303589383,-44.229459999999996,12598.618953697058
9554.223498867106,12674.13909313209,243.17854000000003,12840.12090969141
24497.12152293261,13389.318971843875,351.96854,13194.061744912935
12274.887295084214,12903.291432580521,132.87054,13322.695876389611
11740.681572491934,12803.304128521037,230.02254000000002,13545.224273510925
15564.82659874939,13137.984050768568,318.57254,13856.538685883499
16910.538840717953,13569.33267996253,93.40254,13946.135140424287
11408.792446540543,13594.684036938517,117.69054,14059.134263989428
17144.143765755383,14194.1031491522,226.48054000000002,14284.699687441056
14659.49491875529,14474.906518448528,66.07854,14352.01951035113
12687.871143008864,14644.25816029032,140.96654,14494.498771450522
17393.62472697764,15428.198283101374,109.59454000000001,14612.33436116703
12775.988786083384,14256.085009416453,93.90854,14701.741322249525
16868.25461983306,14715.421741891336,121.23254,14821.898341045944
13773.83250785819,14918.73683542796,82.27054,14904.314560589764
16102.249775742237,14972.479153127246,117.69054,15021.50984111514
14925.902397629236,14774.015508818373,88.34254,15106.494012392171
16119.220143480345,15245.058278512352,82.27054,15189.327489653373
13897.055691683094,14920.349471105123,97.95654,15283.61468406789
16273.664329499517,15081.766412179548,126.79854,15407.126755949008
14661.604169509688,15279.13971482963,112.12454,15516.850180137813
15872.900104012933,15127.067252533157,144.00254,15655.514865461766
15600.075863465689,15409.47596027139,135.90654,15787.601951009863
16128.157698306086,15335.466268118693,149.06254,15930.652508780953
15674.269904236511,15525.510007756524,126.79854,16052.131638370709
16005.697419640748,15515.854772146375,138.94254,16184.321984308464
19138.33476827536,15937.098009210988,76.70454000000001,16257.78723915749
15975.939428760623,15922.769937739014,-49.28946,16205.640500743304
15334.722738520906,16066.536642422798,-169.71746,16036.229176760098
18884.613462331174,16327.631555705962,-286.60346,15755.405775149557
13988.770075257442,16260.348146280736,-324.04746,15439.648213460869
15994.294538359574,16272.487589715402,-307.34945999999997,15143.700641823414
11657.868966069194,15878.26689997575,-256.24345999999997,14897.365279004938
12475.427481302688,15512.993878275412,-214.75145999999998,14690.917619597643
13974.354980096374,15343.002385861397,-53.84346,14644.133441860282
15071.7349264401,15249.606136541333,-142.89945999999998,14508.717703407092
13201.809029252712,14655.953562639068,-51.81946,14458.88879659941
10418.0045992091,14100.160079683916,90.36654,14544.764384030257
18173.910515819254,14384.078857413751,265.44254,14805.945643364092
13268.503029452895,13822.467814125925,184.98854000000003,14979.24951967171
15509.028551489386,13974.493661749118,283.15254000000004,15249.522975692484
15933.599155816451,13968.424123494808,240.14254000000003,15474.453101770509
14378.693077742812,14240.50653466217,286.69454,15745.941230699425
17773.106788481422,14770.274465380042,294.28454,16027.526257646234
16283.44141331441,15001.183108701845,203.20454,16218.435320756791
19544.309903140427,15448.440606371878,124.26854,16333.761228212941
16484.51662538215,15776.711365984822,45.83854,16373.570884190662
14381.196440190643,16173.030550082976,-103.93746,16268.667395449585
20807.37432342146,16436.376930843195,-202.60745999999997,16069.763105403523
13366.679542338565,16446.19458213176,-195.01746,15880.460134770807
13329.193093638985,16228.211036346722,-309.37345999999997,15577.657918386565
19682.18330834222,16603.0694515993,-138.34545999999997,15450.950028318692
12671.258962777963,16432.326040102813,-211.71545999999998,15251.165483036533
15007.95971075684,16155.811332330355,-84.20345999999999,15176.850516129472
12890.196427328203,15816.486833731735,-78.63746,15105.395793905494
14094.730400281176,15271.52888344581,-27.02546,15080.301919400898
12926.714868996656,14915.748707807259,29.64654,15108.006461884961
16180.658099854702,15095.694873773667,105.54654000000001,15212.374420603848
15695.751552408054,14584.532596672329,70.63254,15276.022216964535
12657.610762241822,14513.625718662655,149.56854,15416.471106581515
16778.56927205407,14858.563336504163,248.74454000000003,15657.14912348074
13335.233233365447,14223.868329006486,320.59654,15960.206890135998
23575.710899925354,15314.313522721224,96.43854,16049.222111061848
18890.86011841363,15702.603563486904,-81.67346,15964.899200186099
13588.474222441508,15772.431342998234,-221.83545999999998,15743.35741621422
20010.53753994414,16364.012056964531,-173.25946,15578.037097221724
12634.769718730557,16334.81754193792,-300.26545999999996,15288.342096268887
13084.377535694563,16025.189485521905,-339.22746,14959.875384761417
16811.872249447904,16136.801555225891,-252.70146,14721.470201066062
14254.196730085563,16296.460152010264,-228.91946,14510.589835175506
12161.70813044499,15834.774037849356,-150.99545999999998,14374.346171802244
15178.103733225435,16019.061087835356,-10.833459999999999,14380.068195562575
10674.004317563767,14728.890429599196,74.68054000000001,14457.490152502942
21196.132742527665,14959.4176920106,128.31654,14589.542802498017
10981.41424196627,14698.711693963076,115.16054,14704.643426012668
17840.534272369958,14481.711367205658,75.18654000000001,14776.848780024598
12293.457153747453,14447.580110707346,98.96854,14871.534947931426
14463.765303412913,14585.518887479182,53.428540000000005,14921.569041926905
19018.76639842639,14806.208302377028,21.55054,14941.750469131408
13479.149759427146,14728.703605311186,-70.03546,14870.284895093208
14770.041077971258,14989.536900063813,-136.82745999999997,14736.018229742913
11928.173432668144,14664.543870008085,-108.99746,14627.396000745564
18954.956390422063,15492.639077293916,-25.50746,14610.796046111049
12965.605949878096,14669.586398028958,-140.87545999999998,14471.91724423023
16864.776202481542,15257.922594080484,-74.58946,14405.933732328733
11945.124891602181,14668.381656003705,-64.46946,14344.733446165481
15253.679120973076,14964.40385272627,-91.28746,14260.55556483109
13067.906095708124,14824.817931955791,-19.43546,14246.957083102336
11549.171901145222,14077.858482227675,-78.63746,14167.415011693589
18111.585890204435,14541.102095305405,41.79054,14212.524517129707
10947.664505457271,14158.864438054006,-79.64946,14133.134950938947
15407.267670921576,14506.773861879348,-16.399459999999998,14120.635874648351
12135.001075308122,13824.778330367955,-50.80746,14067.377913805547
19822.98434056863,14510.516169437009,-12.857459999999998,14059.080410961862
10918.29605671219,13915.868154860076,-28.03746,14029.891203000845
12199.031558265016,13941.258821526359,-56.87946,13972.6942137861
13580.769860005856,13773.967895429636,11.936540000000003,13982.524125202537
14342.50784973966,13901.42807083279,3.8405400000000016,13985.51529925884
14083.819036138873,14154.892784332154,-43.723459999999996,13943.922848709573
15278.628044961137,13871.596999807825,15.478540000000002,13958.523344820556
10640.044087850663,13840.834958047164,-84.70945999999999,13873.484095552822
20282.978517524138,14328.40604270742,19.02054,13896.863649624367
11743.448204136446,14289.250755590252,-34.10946,13867.019155284026
15554.699371742821,13862.422258707671,-56.37346,13811.163460918262
11087.559506901262,13879.348603726577,-79.64946,13732.992346946345
18265.091817540175,14485.954629654094,24.080540000000003,13764.361704373423
10876.063902202246,14215.484033873732,-72.05946,13697.534062268425
16484.449503551623,14429.678199254928,-2.7374599999999982,13702.14541823829
15984.75947106863,14619.772242747902,21.04454,13732.155781083387
11375.380805963268,14229.447518848116,42.29654,13779.002273061033
21612.309164891914,15326.674026552242,53.428540000000005,13847.373245195946
10643.701214433748,14362.7462962432,-34.61546,13818.257670306417
15931.24518277732,14781.525994107287,-67.50546,13761.059948144426
10407.328241217696,14266.788881054777,-37.14546,13729.343232073528
12251.754495376697,14383.20837990232,-52.32546,13684.079678151817
18115.43336672617,14368.242534820922,13.454540000000001,13704.241301318509
9793.885618698874,14260.024706470585,-49.28946,13661.002569970029
14133.69604893028,14024.949361008452,-76.61346,13588.794712480412
11018.631377403666,13528.336551641954,18.008540000000004,13606.018585472028
10065.09667157977,13397.308138203607,-20.95346,13583.187555599343
10873.2345541581,12323.400677130223,127.81054,13697.122121414654
24516.484399191155,13710.678995605966,202.19254,13897.428304756568
10523.542065061865,13169.90868383442,-3.7494599999999982,13886.441143147347
16804.23054328235,13809.598914040884,130.84654,14015.210795456283
10556.383558638734,13640.06182036709,116.17254,14126.470120305392
20829.383531207608,13911.45683681523,65.06654,14188.735862070489
14734.747091745221,14405.542984119867,-30.567459999999997,14160.642147890983
12022.354580473499,14194.408837274188,-81.16746,14080.624029384815
15487.053999725322,14641.251099506355,-10.327459999999999,14076.00611468603
17957.940208875396,15430.535453235916,-151.50145999999998,13939.56496267153
10784.993248991366,15421.711322719246,-131.76745999999997,13823.936640872007
16623.21291693157,14632.384174493287,-12.351459999999998,13819.793170808221
10877.072545309196,14667.73722251802,-9.821459999999998,13818.54936592532
14203.248721358985,14407.639040325685,189.03654000000003,14011.586437269323
15640.19631186532,14916.020315648342,222.93854000000002,14241.339930653112
13679.795144213089,14201.061476948893,227.99854000000002,14466.65570071607
19049.255357003585,14632.512303474728,219.39654000000002,14685.516841343655
11140.498091589028,14544.32665458628,158.17054000000002,14840.69377407608
16595.91615702086,14655.212870315834,120.22054,14957.85729963848
17740.96889693823,14633.515739122118,47.86254,15001.997798633314
11745.406190468264,14729.557033269806,-184.39146,14816.725845579678
14720.00020793143,14539.235762369794,-279.01346,14537.72761934758
13647.125611329546,14816.241068971827,-177.30746,14364.97836844382
16481.944121105233,15044.110608946454,-334.67346,14040.442965448849
11022.514981610671,14582.342475920988,-264.33946,13784.16589515357
12418.914510387523,14456.25441253843,-264.33946,13529.19071492742
9144.840005763548,13465.812877414424,-126.70746,13403.11655115229
19917.8261330134,14343.545681556865,220.91454000000002,13631.226237056335
10675.202689374264,13751.474334792205,167.27854000000002,13798.034472633692
16631.70653818406,13640.548098916788,244.19054000000003,14038.208243496521
13130.809690527343,13779.088448922697,192.07254000000003,14225.768860150782
15132.953369797911,13820.383765109344,182.96454000000003,14402.849903800368
15430.70865701017,13998.742069677406,166.26654000000002,14563.41270005914
14226.39912369394,13773.187569936277,131.85854,14686.05040335791
15369.049585117122,14207.841030286922,118.70254,14798.783824227201
17557.279469634737,14721.677526211643,85.30654,14882.466235847045
11667.227656207953,14973.916291256082,10.418540000000002,14893.695091001136
16450.518102884107,14627.185488243154,104.02854,14994.018249573557
16427.849409028368,15202.450160208562,39.76654,15035.471443279906
15982.394616216832,15137.51896801184,-135.81545999999997,14902.034613127225
11921.275516537426,15016.565550612848,-116.08145999999999,14788.259277102083
19507.591244016938,15454.029338034752,-195.52346,14601.348752311409
12927.546249057848,15203.713097239519,-130.24946,14478.425430360692
15772.439719554839,15358.317156825611,-203.61945999999998,14285.641082225342
15429.776907763679,15364.389889090267,-223.35345999999998,14075.308644893992
11309.975997158766,14739.65954184267,-160.60945999999998,13922.948788463478
15601.546686643882,15133.091444886264,-9.821459999999998,13925.326969627708
12186.736509768538,14706.713285574704,76.19854000000001,14008.577387387177
15397.716446069366,14603.699989278804,133.88254,14147.072328006094
14957.8560509083,14501.24613274795,145.01454,14294.178460653513
13990.873878679176,14708.205968962127,134.89454,14431.864330336599
15230.893012254586,14280.53614578589,145.01454,14573.915443091091
15032.130483461082,14490.994569226215,144.50854,14716.149688952444
14691.281920649344,14382.878789335664,132.87054,14844.358814556277
15043.40073697934,14344.241172257229,134.89454,14972.903232733286
14863.62808141406,14699.606380682759,116.67854,15085.682018812782
15387.123088873544,14678.164020905726,102.00454,15182.591333433711
15355.3663691986,14995.027006848733,84.29454,15264.167284767862
18108.47309493682,15266.102671735478,75.69254000000001,15339.122253237538
12900.59078824362,15060.37614546901,13.454540000000001,15349.654786759853
19095.295801356897,15570.818337736782,20.03254,15371.698636869623
15389.938310495778,15586.722867560902,-19.43546,15354.607773776537
18263.221440991747,15909.831963313967,-88.75746,15272.290130271911
12185.29389233646,15659.23316048268,-133.28545999999997,15144.206955174019
17733.69132796703,15928.262219581451,-139.86345999999998,15013.582682418093
16983.9602267821,16140.295434118254,-226.89545999999999,14800.223304535095
14056.387243264342,16007.221849557336,-273.44746,14541.580304585319
9824.523156871941,15454.137528324669,-346.31146,14207.857531422711
20210.539262215516,15664.344145052539,-295.71146,13929.66805215901
11088.260306590444,15483.11109688722,-434.86145999999997,13514.689637206293
13416.882744010893,14915.26979115262,-210.19745999999998,13320.599953345756
10234.556827155302,14399.73164281857,156.14654000000002,13485.976344840483
17158.3500350126,14289.244502220658,231.03454000000002,13722.733221014287
13021.682673427107,14372.883380329722,149.56854,13877.30757720744
14618.022343250681,14061.316481858088,147.54454,14025.216760853948
14011.20837434238,13764.041296614116,61.01854,14083.013360811548
14084.823623771834,13766.884934664864,4.852540000000002,14084.65609115008
14709.280753550987,14255.36069433277,-17.91746,14068.624851781906
14368.861783962882,13671.192946507505,-48.78346,14016.354907329162
14201.763738046388,13982.543289653102,-56.37346,13960.2070657524
14405.819633965004,14081.436978648513,-53.84346,13908.11433948136
13883.7789092972,14446.359186862703,-51.31346,13862.696462555175
14273.387631786616,14157.862946540103,-26.01346,13839.894801995024
14857.038607285682,14341.39853992596,19.02054,13863.740173974333
14240.850025641865,14303.68130816508,27.11654,13894.98495991624
14290.189939728827,14331.579464703722,23.068540000000002,13922.188759564115
14593.878662571624,14382.484968583702,15.984540000000003,13942.61641625431
14331.764874189566,14344.73338064756,7.888540000000002,13954.447240498243
14215.640215317651,14329.411223783038,-6.785459999999999,13951.479274931091
14407.077902971183,14349.942640275516,-13.869459999999998,13941.733143184536
14427.616307263717,14352.12230760539,-28.03746,13918.079949428744
14339.47919736827,14397.692336412496,-44.229459999999996,13879.088907898582
14207.542800757981,14391.107853309633,-55.36146,13829.401251952691
14251.950482117238,14330.59904079279,-65.48146,13769.586584441091
14139.444259443431,14320.458464172945,-77.11946,13698.74703783841
14105.050972601559,14301.944567460218,-89.26346,13616.408187734629
14034.618380445372,14246.018539247592,-97.86546,13525.817485849757
13940.644816789005,14206.906533507537,-103.43146,13430.231230926334
13860.73153589029,14171.4156655648,-111.02146,13327.731829872719
14069.920411920171,14137.699916459698,-103.93746,13232.93342533859
13618.976404479063,14056.835926181233,-100.39546,13141.780944947015
13619.408389772347,13984.828845421642,-112.53946,13038.797358551763
13626.945444392364,13926.76910978508,-124.17746,12924.741390664096
13408.932701417742,13842.467331715128,-133.28545999999997,12801.966044674607
13014.13307382991,13729.936213153775,-130.24946,12682.298780959398
13984.324534079622,13717.863569301582,-64.97546,12628.328723442819
11961.89627353382,13510.591358610425,-19.94146,12617.409304394496
12222.413038918041,13338.768180823332,104.53454,12728.112087758785
10411.435381499496,12993.838565384252,203.20454,12931.94184713504
11215.898457545672,12708.436369946803,427.86854,13353.296646963157
19170.5390308805,13263.592632586946,561.95854,13908.738561419394
11774.40772398384,13079.092566008094,470.87854000000004,14366.611856065281
23763.525685494362,14092.750590118294,479.98654000000005,14839.05991800581
11559.783538903821,13907.8356738669,251.78054000000003,15079.010410164421
11602.182657905525,13766.640632274464,366.64254,15428.862826985523
19073.047596579563,14275.51293852446,294.28454,15708.671022700913
19896.96361175807,15069.019672346887,126.79854,15827.805063797374
11969.085227590713,15043.686891214154,32.68254,15852.319596671541
19771.835742591928,15979.726927323398,-3.2434599999999985,15850.382644578061
14386.141502916204,16296.751231860451,-133.79145999999997,15722.392785050884
16209.048766668984,16000.6022054393,-236.00346,15491.531453854768
14407.916434845794,16263.953076525495,-245.61746,15256.094384681475
15002.0769009587,15387.808198071929,-247.64146,15012.24647741538
14610.462070189877,15692.876051200536,-242.58146,14778.897127753233
14734.994554231844,16006.157240833167,-231.44946,14562.034763484033
13974.806650494234,15496.333146224633,-206.14945999999998,14367.289781911439
12041.9392315065,14710.830708199475,-110.00946,14261.81582577432
10140.720039741582,14527.99418941456,79.74054,14343.420744010722
11316.167556238948,13682.42737077926,453.67454000000004,14785.948604878407
12117.638646977206,13455.57708518536,589.78854,15356.535544281476
11192.852321632236,12953.957440681685,763.34654,16088.222837845478
11879.269243563933,12701.0927215535,989.52854,17033.984791282557
24403.598526280482,13641.244884085678,724.89054,17717.699026810587
26486.55811853031,14828.854488919722,572.07854,18255.16833603168
16629.80804586856,15018.335838083392,-143.40545999999998,18080.828605652194
12636.125870073616,14884.467760041332,-32.59146,18016.599451796086
15111.914845615014,15191.465321452186,88.34254,18075.80722509265
21180.768023810142,16295.470119859043,-3.7494599999999982,18054.291888640317
11746.829332041501,16338.536297439297,63.54854,18100.047387328308
22442.438861514227,17371.016318893002,191.56654000000003,18282.407951243957
12809.284286272587,17532.659515357038,80.75254,18354.85548148509
19570.351189775767,18301.767709978223,244.19054000000003,18596.07323837002
17457.24779168129,17607.1326365183,145.01454,18729.748226951502
16413.595641187523,16599.836388784024,230.02254000000002,18936.171423169828
19625.858035945934,16899.44138779176,262.91254000000004,19176.08753741605
21114.89478919571,17747.31827970397,206.74654,19366.478919438927
17874.480526769144,18023.574847819385,-34.10946,19319.28151332273
17359.804735439844,17641.478518982356,-123.16546,19180.569677979325
24826.30286516414,18949.42587229462,-356.93746,18824.890154522476
16305.997565904747,18335.781742733674,-466.23346,18358.427945004587
19490.623849853626,19003.915699091776,-680.27146,17691.41407714546
25241.194697638606,19571.000049878057,-723.78746,16993.660351472783
11826.989035585462,19007.974174268475,-776.41146,16245.156144300741
13106.799179467695,18677.29452809649,-797.15746,15480.291642738699
17476.378396458735,18462.34656414777,-754.14746,14763.506206552789
8849.271247192744,17235.784209947473,-774.38746,14021.585401186736
13961.5117331825,16844.48733058881,-436.88545999999997,13617.297815080758
10917.562507131533,16200.26310775798,-216.77545999999998,13428.519762607528
11165.640164828565,14834.196837724423,-80.66146,13362.721687958698
13571.862052324866,14560.783286366433,-28.54346,13346.444278542775
15910.368599646477,14202.757761345716,57.98254,13412.410127970805
15515.770467284616,13230.215338310318,-5.267459999999998,13405.373394674201
15954.465098248655,13642.962944576637,-9.821459999999998,13398.026044773227
12152.24548906047,13547.507575535914,-74.08346,13326.178234680854
16129.421878138717,13412.811923703912,-92.29946,13235.668106171084
12273.574091518463,13755.242208136484,-166.68146,13075.849201790737
13067.137774367651,13665.804812254999,-255.23146,12829.06961249538
12208.676273747558,13794.916188916599,-219.30545999999998,12621.615672859592
13620.506450359524,14040.402817469696,-275.97746,12362.585858905693
13367.827643465342,14019.999376583743,-276.48346,12105.441368682476
10876.109736576078,13516.5734902767,-280.53146,11841.826544498417
11475.46897885797,13112.543341434037,-136.82745999999997,11719.074527067773
12302.863157937614,12747.383147402934,13.454540000000001,11742.677607871125
13437.822256508696,12875.940824147756,115.66654,11868.520114633891
11407.796172177214,12403.778253551605,141.97854,12014.431450623068
17125.761336981283,12888.996978097888,144.00254,12165.739620497816
11091.541722379588,12691.43737289908,175.37454000000002,12344.617392621829
14383.079756936868,12908.87772121801,189.54254000000003,12537.907110507791
17495.648230336683,13296.391899215727,206.24054,12749.670092994871
17810.772342773613,13740.686369146555,97.95654,12856.557230356388
10344.81560025318,13687.556955514267,-68.51746,12797.034942207967
14716.368872290077,14011.646944857475,8.900540000000001,12817.992596834461
13449.176434069437,14126.278272470658,32.17654,12862.930228190824
14377.746549984699,14220.27070181826,56.97054,12932.9044675271
13360.902477241629,14415.581332324698,-66.49346,12881.902710775075
12790.782110371987,13982.083409663766,-41.69946,12851.622052363962
11701.610510769473,14043.090288502755,10.418540000000002,12873.85108932535
13228.855599860748,13927.667872795142,28.63454,12912.737451760047
14032.926237191054,13581.395673480578,62.53654,12981.335208577253
13945.579521643702,13194.876391367585,-9.315459999999998,12974.248315005156
13023.175207259423,13462.71235206821,-169.71746,12811.112669975786
13285.011277306796,13319.576592569883,-236.50946,12582.052943801727
11891.220817508949,13163.781030913835,-220.82345999999998,12369.25499927285
14611.00530424849,13187.106906340214,0.8045400000000017,12378.23001294352
13148.07143713053,13165.823802329105,56.97054,12442.506785437376
14512.520349194305,13337.997626211338,100.48654,12550.943368445114
12647.488809430748,13432.585456077464,30.658540000000002,12590.111743921438
14740.098800207305,13583.70977611212,36.224540000000005,12635.910018843344
12740.840025275267,13454.501154920543,-28.54346,12615.837904804115
13678.988456197712,13427.842048375946,-102.41946,12522.562680839834
13187.237605092287,13444.248288159233,-148.46545999999998,12384.798731513029
13176.762471701326,13433.423407598686,-181.86146,12215.242132873884
13371.1899026452,13581.42031611231,-210.19745999999998,12020.808429306267
13036.502534457559,13423.970039133219,-238.02746,11799.192860004538
12827.994992377216,13391.962394657885,-263.32746,11554.42636995107
13616.777978507405,13302.388157589196,-253.20746,11321.230602427451
13459.082445647427,13383.547521210863,-178.82546,11164.816566215286
11950.975589111964,13104.635200101331,-195.52346,10990.646527154146
11738.792623631942,13004.430459936997,-193.49946,10819.219901081975
12796.651880598976,12916.196802377126,-237.52146,10605.043424694926
11129.009756784102,12710.374017546308,-287.10946,10341.858365223441
12157.751599483048,12608.47293032448,-61.93946,10303.204445474452
10563.688340655695,12327.72277412553,54.440540000000006,10377.345763360961
10135.693291233329,12037.641849803109,142.48454,10535.008418825382
7590.291690388919,11513.871519604278,387.38854000000003,10928.31170443317
6589.055464087051,10811.099268162241,704.65054,11624.743614670462
10585.487296515512,10523.73975324905,946.01254,12550.285990656246
12666.44597378465,10595.286791716318,1021.9125399999999,13542.429413266847
12702.202494316698,10691.627778784794,1030.00854,14533.629851522028
13467.450284153316,10758.707619140227,1097.8125400000001,15582.71504379821
24496.28301308899,12095.434944770715,769.41854,16309.566597407937
18471.785935557593,12726.83837837817,268.47854,16539.533069817637
17768.70531383166,13447.340075695765,-191.98146,16318.549494476418
19800.843972360664,14413.855143808498,-441.94545999999997,15861.976545569738
11434.450995726242,14798.27107434223,-566.42146,15290.582245457465
11951.551880834892,15334.520716017014,-439.92145999999997,14855.49938476306
12172.026705841072,15493.174656949568,-326.07146,14539.065392084925
9225.151755713772,15149.04523514248,-111.52746,14434.753005115503
11929.032378196223,15071.72822353043,311.99454000000003,14749.997351899652
11700.2961809233,14895.012813207428,412.68854000000005,15160.009161112728
11792.836429082055,13624.668154806737,544.2485399999999,15683.46180564967
22081.036295355636,13985.593190786542,717.30054,16376.610654101038
14156.175955984934,13624.34025500187,445.57854000000003,16790.210704710044
23915.686507027345,14035.824508468539,409.65254000000004,17168.222857347628
18492.510328929544,14741.63044178887,287.70654,17428.78640779204
18054.23196105562,15351.898449810944,-188.43946,17221.462462812226
14294.99914651954,15564.195693878792,-226.38945999999999,16980.764229722892
15620.808012660795,16203.761319573494,-254.72546,16720.815995221397
12910.209942445941,16301.879075998466,-181.86146,16536.583780629167
17303.189131651397,16862.168371071275,-107.98546,16432.934021133588
18593.026541824413,17542.187382345513,-106.46746,16338.623769345708
13730.991591684162,16707.182911978365,-173.25946,16170.782495372036
15497.830291015038,16841.348345481376,-59.409459999999996,16118.672788473128
15115.53991229998,15961.333686008638,-152.00745999999998,15966.612012048481
14629.269877423887,15575.009640858072,-83.19145999999999,15880.336442936577
15965.39571697198,15366.126016449707,-51.81946,15823.893073271709
14628.632480676113,15399.489349865364,-45.24146,15774.859990637646
15355.487657240865,15372.957314323368,-29.55546,15741.581058474503
14759.483423729922,15557.884662451766,-2.7374599999999982,15737.034009114275
15209.946050026636,15348.56035428929,10.924540000000002,15743.964567166026
15426.818046832605,15031.939504790109,21.55054,15758.179351142267
14804.132592680577,15139.25360488975,40.27254,15791.859908279743
15197.243548585191,15109.194930646763,60.00654,15844.439733103414
15362.62890909754,15133.90383032652,72.15054,15908.763408675646
15224.551946015132,15193.432037185645,89.86054,15990.572029560746
15531.213496548007,15150.013815143247,102.51054,16083.65188201657
15381.397223247013,15225.290289400338,121.23254,16195.088480690409
15640.173139987823,15253.758837675035,136.41254,16320.723598860253
15869.05694653433,15364.716189955478,156.65254000000002,16466.24953937121
15779.003279515156,15421.621912904331,170.31454000000002,16624.41465770654
15912.64114269663,15470.204222490735,192.57854000000003,16803.52530795438
16221.403037775768,15611.931267000255,211.80654,17001.29784214484
16192.910533016773,15711.497965443414,207.75854,17194.080797977822
16271.350617417942,15802.370136275455,211.80654,17389.8521659608
16799.37369616271,15959.852311290213,221.42054000000002,17594.758502014094
18711.132532583746,16277.844214893787,211.80654,17791.277833742894
17511.468487715712,16490.851341340658,-3.2434599999999985,17775.06254341887
16790.693823779442,16605.90340971982,-124.17746,17640.435266681878
19504.73995794062,16969.471710860445,-452.57146,17185.67988572366
20905.129989779864,17482.084381886918,-495.58146,16698.018285285292
14138.205707247134,17304.64083834197,-719.23346,15992.04338541586
18036.4224720639,17486.14278177078,-671.1634600000001,15342.53255397941
16578.52598325402,17524.704326794505,-643.83946,14726.953206307562
13883.98161143671,17285.967426196377,-634.7314600000001,14124.15920310645
16439.72801814823,17250.002858394928,-654.9714600000001,13506.995894259333
9311.433143699354,16310.03291950649,-630.17746,12911.150579111805
9228.845279007928,15481.770598635712,-274.45946,12665.141913907044
11467.71244906263,14949.47246116403,-124.17746,12565.049533979613
10522.290024891014,14051.227467859067,40.27254,12619.781127918408
11079.81844495439,13068.69631337652,266.45454,12888.060274372989
20047.53311350961,13659.629054002766,342.86054,13235.207896769287
12632.240053145471,13119.210812110925,81.76454,13314.994820522703
18537.44444425351,13315.102658210875,19.02054,13333.826233499583
14049.634734039933,13331.667970471197,-104.94946,13229.9046854693
20509.835499482866,13738.678718604662,-191.47546,13045.431720400655
12754.083891870892,14082.943793421815,-374.14146,12685.406795730865
11723.557823787549,14332.41504789978,-445.48746,12260.844292852555
12224.8903591426,14408.132838907773,-394.38146,11891.879532913106
12252.020440860853,14581.10588050476,-368.06946,11554.383030989022
11499.161508598367,14623.040186869159,-380.71945999999997,11208.157337147823
7204.457846698322,13338.732660188029,-93.31146,11137.084744978223
11474.93327985744,13223.001982859225,190.55454000000003,11346.592911957032
12979.732151624938,12667.230753596368,191.06054000000003,11548.949224973427
12579.626897361763,12520.229969928552,170.82054000000002,11727.77436702298
12627.545545906116,11732.000974570876,159.18254000000002,11885.407347698458
15019.152722517101,11958.507857635497,152.09854,12036.71590739783
14370.139669664015,12223.166042223143,8.900540000000001,12047.391943346083
12523.227079113678,12252.99971422025,5.358540000000001,12054.752975654825
14101.730660512765,12437.970736185442,-14.375459999999999,12044.353447860132
13086.443483965917,12596.698933722195,-36.63946,12013.603837318753
13605.74839213128,13236.82798826549,-34.61546,11991.56677342822
13307.38220330703,13420.072880610449,-43.217459999999996,11963.066549100042
13001.931410710251,13422.292806518977,-76.61346,11901.811486274231
13405.68286084545,13504.898402867344,-95.33546,11823.460250040162
12915.693063909961,13533.71315466773,-127.21346,11714.621453686437
12855.641368743529,13317.362019290373,-156.56145999999998,11575.653013942476
12986.883777993893,13179.03643012336,-183.88546,11409.640242704285
12522.843632437225,13178.998085455716,-215.76345999999998,11213.727995731799
12419.046777839576,13010.729697188395,-249.15946,10985.030147346364
12230.883395962699,12925.173688388073,-264.33946,10742.735517356783
11912.453980925617,12755.844247267507,-270.41146,10495.15925925589
12572.834055086161,12682.389432445421,-249.66546,10269.862755587785
10914.659125990092,12473.662203973405,-234.48546,10059.760144671642
10749.756613579695,12208.069579246829,-3.7494599999999982,10077.531273617395
9165.67269448185,11833.067542304016,131.85854,10225.62659090426
10798.927823920709,11627.396187821734,273.03254000000004,10509.946501473434
10014.449202726672,11330.15273029501,389.41254000000004,10903.666978361649
1549.0118621513766,10232.769553266426,656.07454,11546.471798710696
9694.696571694603,9960.334532651928,824.0665399999999,12346.436300650108
11170.21181804165,9854.267374859823,985.48054,13297.140345992206
12594.325726753568,9922.454549442618,997.1185399999999,14250.54084262671
12535.765344991636,9918.747678433167,1036.58654,15233.443585584773
33956.770670115875,12222.958832845747,867.58254,16062.245452657382
14015.28993047731,12549.512164535507,102.51054,16128.603554376163
25920.230680573022,14224.967963144625,-53.33746,16056.763113063847
11945.151423259867,14339.590323078542,-527.45946,15517.406519763994
11272.894703723303,14465.434873178205,-416.13946,15094.908737898135
12317.142830705783,15542.247970033646,-323.54146,14779.07608481949
11779.16131587077,15750.694444451263,-273.44746,14518.079283015808
11798.075345840884,15813.480797231186,-166.68146,14366.018652757963
12156.706789785418,15769.71890353437,-71.04746,14309.718669865726
8758.972965322077,15392.039665567416,184.48254000000003,14503.179594422743
18375.453654715617,13833.907964027389,571.0665399999999,15061.84275271879
13092.355766738969,13741.614547653555,512.37054,15555.88730526814
13613.47195946467,12510.938675542719,680.36254,16198.996733570886
16784.238868793436,12994.847420096074,642.4125399999999,16802.943655036142
21108.13614773818,13978.37156449756,561.45254,17330.535948730754
16891.11132712667,14435.76841413965,156.65254000000002,17456.674287984843
22632.392321255287,15521.0915146781,-41.19346,17396.536934851778
13019.245459092457,15643.208526003258,-301.27745999999996,17080.738965363293
21097.956362698755,16537.33348329459,-203.11345999999998,16874.222585142605
14511.785987380561,17112.614785500442,-415.12746,16465.630321746183
11945.070259718934,16469.57644600077,-260.79746,16207.480297588729
18367.10416311024,16997.0512856379,-210.19745999999998,16007.28052206922
12369.168909733884,16872.620980664822,-176.29546,15841.401421255177
16465.371261484936,16840.734219933973,-107.47946,15744.990083841965
12545.672614770061,15984.487866637162,-79.14346,15669.033036269919
14617.583855486542,15757.135119473149,26.61054,15696.258491701952
11624.67629271219,14656.363516618838,139.95454,15824.414536551121
11832.975044047067,14537.7364751143,336.28254000000004,16144.467470536752
16895.923120038107,14117.533150848238,521.47854,16640.461881939864
14035.448149578833,14069.899367068061,390.42454000000004,17001.276551391147
29412.883824077704,15816.68072350394,331.72854,17317.841847712276
12857.650663248487,15265.735373517766,-145.93545999999998,17152.844677570327
13324.134447059945,15361.231927250372,74.68054000000001,17208.862284667128
19540.257840559072,15668.720585157786,-26.51946,17167.206602272032
12941.644701345842,15708.317793815364,-84.70945999999999,17068.75534878747
17293.416570682537,15975.901065334965,77.21054000000001,17134.265240552944
17323.67008500965,16545.800444564713,57.47654,17185.282367193064
16252.593118059958,16987.762251966004,184.98854000000003,17366.44582064079
16783.86160149371,16976.556100111564,91.37854,17453.011678035502
14866.5550927728,17059.66679443096,150.07454,17597.652023799455
18695.060339281987,15987.884445951388,208.26454,17787.736242620977
15308.52704289715,16232.972083916253,198.14454,17968.35169563393
18355.606726268248,16736.119311837083,225.46854000000002,18179.24322639596
16459.317553815694,16428.025283162748,214.84254,18374.42516156363
21315.708186847805,17265.43163171294,210.28854,18571.520880865126
20899.76403265238,17626.066377909923,-126.70746,18436.625950435573
15922.609691042706,17485.96033851323,-281.03746,18148.89220891635
21694.253671920236,18030.126393899256,-454.59546,17697.655045366177
14342.663279094615,17786.00656165935,-605.38346,17099.208935129107
19297.9748898115,18229.14854136322,-641.3094600000001,16475.611965791446
18426.28794780805,18202.271302215828,-659.5254600000001,15839.94835375569
12520.834055012843,17923.5020034274,-759.2074600000001,15109.168504852407
15563.139217432843,17644.25525254386,-585.14346,14555.227346929323
12206.87389305542,17219.01088646783,-558.32546,14029.12297692471
16042.0237276957,16691.64244055262,-512.78546,13548.090566160989
11912.537995460136,15792.919836833395,-411.07946,13163.570193467713
11431.749771202569,15343.83384484938,-105.96146,13080.470984581529
10164.235796699233,14190.83205732728,30.152540000000002,13121.425609908985
12475.895302865516,14004.155259704368,165.25454000000002,13293.854901006938
14987.854610328672,13573.143231756087,142.48454,13437.70747891443
13634.814571918556,13093.995894167136,168.29054000000002,13600.877997666958
16046.139698804467,13446.526458546297,77.21054000000001,13675.772916875752
20075.89674331133,13897.802211134145,60.51254,13737.900624418337
13146.995122215947,13991.814334050196,-119.11746,13622.513476114656
13816.462851734692,13769.258246454096,-420.18746,13207.995338418052
10531.225261711923,13631.126973079276,-370.59945999999997,12845.333189364665
15135.583879689637,14001.510383927982,-383.24946,12477.477995910298
10605.566694874926,14045.643473745551,-412.59746,12084.68816528865
12503.540117525969,14048.407955211596,-429.29546,11679.32285778788
9252.998142299763,13474.922308408704,-367.56345999999996,11333.391026894089
10418.608406565061,13153.301691873354,86.82454,11437.54642814388
11762.037279061198,12724.891449899025,227.49254000000002,11675.63749296143
12063.48906866831,11923.650682434723,194.09654,11870.273199456164
14476.348995926435,12056.586069805771,197.63854,12067.79848275966
13330.995810309896,12008.039365663291,178.41054000000003,12243.827326188697
14934.372450327943,12448.354084524894,223.44454000000002,12467.08268837206
14142.189406073465,12349.014637163276,196.12054,12660.061342459972
13908.054970981106,12679.263464773894,159.18254000000002,12817.844078283111
14619.334195444404,12890.84287256574,141.97854,12959.132820825938
13898.512449648897,13355.394303300654,120.72654,13082.614710250686
14380.761629582727,13751.609625602421,98.46254,13186.782574004203
14546.163242551207,14030.022221951422,72.65654,13267.144945083674
14947.926674835386,14318.46598256813,86.82454,13363.614450058518
15185.418933276762,14389.372976303162,58.99454,13432.276629920963
18228.082026395754,14879.081597911747,-20.44746,13426.501694200871
13518.186510856023,14737.463003964556,-80.66146,13359.756461898509
14504.06739635198,14773.650802992406,-152.00745999999998,13223.408019909448
15942.632688991525,14977.108574793447,-84.20345999999999,13157.583600058288
10302.079590860749,14545.38311433508,-178.82546,12994.424389801055
10645.883585855838,14220.120227955773,-86.73346,12920.815222782603
13254.555253604482,14107.49959035795,-40.68746,12892.401481058358
14470.886903088298,14099.971956411659,-86.22746,12819.112000411891
12722.44556838724,13877.423845766845,-212.22145999999998,12619.59587346544
14571.7429402611,13816.05624646528,-260.29146,12373.871931795438
12467.972321796196,13240.045276005325,-283.06146,12102.302819837536
13710.712510760302,13259.297875995751,-184.39146,11931.325224999118
14327.960594283355,13241.687195788889,-14.881459999999999,11929.696199307014
11774.415876231154,12824.865514512852,-34.61546,11904.378587059073
14434.772925818119,13238.134848008587,-47.77146,11870.42240426857
12455.457460775995,13419.092235500604,-107.98546,11779.00349718089
13689.32752699925,13462.569462840082,-148.97145999999998,11648.35741143748
12907.45834184851,13306.226606716102,-204.63145999999998,11462.350957990267
12380.639324553134,13272.045982332691,-260.79746,11222.258422833693
12672.064614750892,13082.078149781668,-301.27745999999996,10942.591934703172
11921.6150464746,13027.442422249509,-366.55145999999996,10600.554494178634
9550.193863322695,12611.390557505747,-350.35946,10273.806989411905
12275.11289803802,12406.105787881213,-186.41546,10110.578671996598
9500.539104497031,12178.718110707801,-76.10746,10055.913680983711
12424.852966162682,11977.726114742258,165.25454000000002,10238.733799921296
9413.47701380345,11673.528070045004,335.77654,10585.500517222534
9367.611864455934,11241.356503790672,469.36054,11056.726011688215
10526.847986051112,11003.295468210932,757.27454,11805.893500853443
9770.270119145507,10742.25854767017,784.09254,12571.50876592161
10895.51408135565,10564.603494330646,954.10854,13496.0071678057
10732.5044674457,10445.692436427755,992.56454,14448.14291509192
13243.06498922788,10814.979549018273,1072.00654,15473.097756031182
26042.017171667165,12191.669976381188,674.29054,16107.831112834681
17808.37306002443,13022.453371933927,331.22254000000004,16404.887650025674
18515.243739167687,13631.492449234425,-226.89545999999999,16152.527192617761
18183.746186169967,14508.519366471079,-401.46546,15738.636308956295
15066.919251052788,15078.450105130763,-606.3954600000001,15131.70294151804
12885.549464700855,15314.320252995738,-540.10946,14598.820749232818
9923.818081076406,15329.675049188827,-484.95546,14126.02338683238
10159.212638416793,15256.044904894941,-119.11746,14019.397316613005
10642.88864268922,15247.083322419294,110.60654000000001,14141.174651271069
12222.95789658868,15145.072613155373,386.37654000000003,14533.726405489911
11649.587067058155,13705.829602694474,608.00454,15127.371932061957
12621.879138117714,13187.180210503802,871.12454,15970.383309446377
12273.492804157688,12563.005117002802,1038.10454,16964.03302212194
31770.084995194906,13921.638997905295,744.1185399999999,17670.286436479775
17084.38597321776,14123.385670121792,163.23054000000002,17796.415663416195
21511.77764109245,14986.008487760952,-127.71946,17641.869326259646
16319.026687960359,15625.529348449349,-304.81946,17319.934661081545
16823.95772789644,16292.00385739731,-347.82946,16965.304187644702
14089.100131222516,16636.62500625064,-272.43546,16692.306290430763
17203.037621146912,17134.632978706464,-178.82546,16519.69235191352
14750.155957081231,17444.68986770877,-168.70546,16361.923921671474
15814.851389062804,17763.98709280328,-121.64746,16255.513567982793
13908.796867698913,17927.517499157402,-194.51146,16079.667261894538
16152.09362852582,16365.718362490496,-122.15346,15961.595847500499
14949.966820108612,16152.276447179582,-84.70945999999999,15879.64028809729
15550.331927021196,15556.131875772457,-106.46746,15771.002418574042
14636.623206153516,15387.891527591773,-72.56546,15695.33150426422
15468.23303269567,15252.319058071696,-44.229459999999996,15647.114214402296
14508.577380620085,15294.266783011455,-49.79546,15594.288234688389
16093.616247412456,15183.32464563801,-3.7494599999999982,15586.466633397888
14823.572693553751,15190.666319285261,-17.411459999999998,15565.271284856763
15255.481861558292,15134.729366534812,24.080540000000003,15584.805600273545
15216.731646257405,15265.522844390658,20.03254,15601.444987314717
15101.73796173721,15160.487277711796,58.48854,15654.939064818687
15461.631653182414,15211.653761019177,61.01854,15710.914566380692
15130.559782495082,15169.676546566563,88.84854,15793.462240782552
15642.573321205095,15270.271558071723,95.93254,15883.203548555442
15592.870943874908,15282.735349189647,115.16054,15991.207801161785
15870.424624210635,15418.920073548701,130.84654,16115.022998485654
15768.066415093526,15386.365090316807,146.53254,16252.803634003965
15987.19709950558,15502.72753091199,163.73654000000002,16407.402047573047
15953.534147746372,15572.532759530795,179.42254000000003,16576.681669292622
16304.028145514065,15681.262409456464,202.19254,16767.89809129426
16225.513653938646,15793.639978676609,218.38454000000002,16974.356204768083
16588.319315420384,15906.308744900405,239.13054000000002,17200.414964769407
16743.942870165032,16067.647053667402,255.82854000000003,17442.357540258385
16974.65600000663,16200.855321547555,261.39454,17688.72311267128
18518.137172822902,16493.381944442353,245.70854000000003,17920.02115558899
16980.985772884327,16604.438059309723,127.30454,18032.8968192262
17888.92170510408,16816.52358831078,105.54654000000001,18125.224161517046
24171.921303364845,17634.99600869671,-90.27546,18030.949174588844
16559.635719094742,17695.60616583155,-431.82545999999996,17600.08853910127
23303.4175117336,18395.5451024535,-542.6394600000001,17070.830039334796
13423.470481449809,18115.340785204615,-705.06546,16383.260341393496
19078.54201932645,18364.36305559522,-889.7554600000001,15522.213463135513
11163.431989917472,17806.311967570462,-720.7514600000001,14831.510502779862
19351.198466643295,18043.96621423413,-754.65346,14116.528134494405
11872.161577368372,17379.368654688675,-732.3894600000001,13424.090974296349
10355.267430533948,16716.796820453637,-541.62746,12920.80684735792
10824.718704955243,16010.376520438751,-209.69145999999998,12744.107998688729
9612.76728991349,14554.461119093616,-72.56546,12690.37172449278
11289.11000416654,14027.408547600795,122.24454,12824.764187323859
18444.686712483985,13541.535467675834,173.35054000000002,13003.54893472738
11551.97930977214,13354.38635050807,104.53454,13110.546503485188
20480.00892613044,13494.533041188468,193.08454,13305.54006346222
11317.43720865665,13509.933563062386,-49.28946,13258.787433058222
20783.592242956147,13653.172940693674,-46.75946,13216.439422734577
13113.450060953573,13777.301789052193,-162.63345999999999,13061.040920997753
15086.412064114638,14250.416252410263,-296.21745999999996,12779.679388911878
11818.944948505692,14349.838876765309,-302.79546,12495.613478390413
12873.717980450292,14675.933945818988,-344.28746,12176.572097664699
11268.737865216617,14673.896731923995,-318.98746,11885.747758607291
11199.318624014397,13949.359923077034,-364.02146,11546.00263485199
8298.248608241272,13623.986852923947,-195.01746,11373.71519163271
12377.673553708604,12813.753315681763,128.31654,11515.1489474732
11021.552921717583,12784.164886987857,118.19654,11644.853681468348
13880.673076274712,12093.872970319713,201.68654,11849.013548956862
13456.060016627234,12128.133965887078,170.82054000000002,12020.917087726166
13445.378781541724,11964.030637629787,141.97854,12160.906977825201
12930.137006801433,12075.149843459361,83.78854,12243.000061081544
13722.81839212231,12160.059884626562,48.87454,12290.556453916995
14338.095262001725,12466.995624305073,67.09054,12358.740480220877
13067.49690986143,12653.813452889775,46.34454,12407.572304547564
14214.120182639286,13245.400610329578,14.466540000000002,12430.272462205385
13429.271426316629,13350.560397590383,-15.387459999999999,12424.241756159234
13643.163341931175,13612.721439611743,-23.483459999999997,12412.87792759376
13680.26982287397,13592.681114271667,-35.62746,12389.40477406054
13337.252488613054,13580.80036147025,-72.05946,12329.979864534636
13631.020818291081,13599.364565145186,-83.69745999999999,12259.813226140743
13303.282250522318,13636.679089517274,-100.39546,12174.190379374508
13210.83400545754,13585.480650850799,-126.70746,12062.862896689272
13235.81168486943,13475.252293137568,-140.87545999999998,11937.520085253756
12895.137378656762,13458.016340017104,-161.11545999999998,11793.220742401389
12966.889627614411,13333.293284514617,-186.92146,11623.56922242252
12736.287197074369,13263.994861590389,-203.11345999999998,11438.891153414199
12398.057952671476,13139.484322664419,-218.79945999999998,11239.285619706701
12958.85420764363,13067.342761141383,-197.54745999999997,11061.994205721048
12393.520172910272,12972.969529571106,-225.88345999999999,10857.47933355955
11411.962361502634,12751.06368389226,-223.85945999999998,10654.794311662878
9880.827823023163,12408.818241142344,-131.26145999999997,10542.385705557674
11025.445142181108,12190.2793548147,37.742540000000005,10596.229756650242
9568.82190433662,11823.580376761418,337.80054,10942.925797451355
9036.809930228064,11437.747631918548,384.85854,11328.883970396026
11683.072377190358,11309.365906876144,618.63054,11941.133024360826
11095.241808835448,11145.261368052252,701.10854,12627.27176239774
11048.448548928589,11010.300427677963,803.3205399999999,13406.389383650543
11399.141282928105,10854.32913520641,834.1865399999999,14206.713455766101
16391.937618394637,11254.170879754845,932.35054,15100.215064605989
17647.206597614484,11877.69530336603,489.09454,15552.19346159359
19199.65842066686,12809.578363130398,481.50454,16001.456805208958
17561.856219042664,13463.219470816557,-167.18746,15810.558846465034
12316.96894527452,13738.034174910345,-168.19946,15623.316134349487
14305.784725358486,14264.931654423384,-232.46146,15379.595444150225
19790.022609116713,15075.626677616023,-345.29946,15034.709291084884
11531.890116969915,15119.29150842947,-440.42746,14599.53192785833
11110.138182490522,15125.46047178566,-303.30145999999996,14304.522767897603
9840.225710730145,14969.568914565863,17.502540000000003,14328.500743964285
12129.267801538252,14543.301932880224,318.06654000000003,14645.534630453445
11609.19277376557,13939.500550495333,577.1385399999999,15209.841444253863
11030.794401970054,13122.614148625653,793.2005399999999,15974.237705897582
25104.348059535332,13876.86333267492,918.18254,16862.264676765353
17472.488653694913,14392.415303516962,537.16454,17369.35907763287
19622.818237399537,14924.118654721067,168.29054000000002,17511.514308003752
20358.600245084413,14980.976418317838,-67.50546,17419.37852370689
14213.851212192694,15249.172527840117,-287.10946,17113.438098348222
15255.17740815142,15663.676450406207,-262.82146,16838.747236468804
16669.06139111407,16346.5600184446,-211.20945999999998,16624.727998888564
15049.004277648557,16638.533666055628,-214.75145999999998,16412.262110160234
14659.298681792134,16943.544256858288,-175.78946,16243.543366227215
14546.946497225596,17295.15946638384,-83.19145999999999,16171.699981828782
14584.567828679264,16243.18144329823,-75.60146,16097.569351043478
17613.774015044874,16257.309979433227,-100.39546,15999.775251927374
14312.890984807678,15726.31725417404,-86.22746,15911.675486549842
16305.47235483078,15321.004465148677,-103.43146,15803.371630935831
10795.700238632886,14979.189367792695,-61.43346,15734.3106829044
6834.410286769439,14137.112655654497,238.62454000000002,15954.576997231903
-4167.428279476503,12053.46368859544,387.89454,16299.581458745537
2742.90818758696,10822.85407958928,782.06854,17019.06203955397
-4152.714134385735,8941.652797971492,1078.07854,18005.585701738146
5934.213213300292,8080.379469578962,1380.16054,19272.692574016553
7230.475111597438,7344.970197870779,1633.16054,20770.244284855096
23129.82687595398,7896.575483961688,1749.5405400000002,22373.552731446165
33685.130914916605,9833.799476972581,1257.70854,23493.28665350143
34807.04493202709,11683.956734692214,572.58454,23942.052048913338
35492.09527960707,14153.596238789632,-532.5194600000001,23316.9732254121
28860.21713179539,16356.176923292227,-1511.6294599999999,21750.8520969909
24265.1946324612,19199.439214485996,-2644.56346,19107.22014276585
24775.952270270765,21402.743622754377,-2974.47546,16185.444672165735
15288.761034095363,23346.891139602485,-3222.41546,13066.867831440102
7487.614594153067,23502.231277687762,-3146.0094599999998,10056.672100502581
3929.4183047139886,23172.125596999416,-2995.2214599999998,7222.55739006755
1058.0490856552747,20964.94781796955,-2595.48146,4790.45464894657
-2974.2817945842876,17299.00654701946,-1861.2754599999998,3072.877462527299
-7551.794672469901,13063.12258656976,-857.3714600000001,2323.9821683677233
-10798.86058603938,8434.027000005115,-7.797459999999998,2377.363131284097
1983.6278102140066,5746.368067846977,736.52854,3140.216435249726
5590.912051438037,3878.93980974466,1340.69254,4474.889283594675
8059.793338727631,2207.3239165903465,1522.34654,5959.336704524632
12096.122953479373,1888.0601085287476,1369.02854,7273.962193164673
20476.44035205474,3186.9426843189144,915.14654,8139.087072676215
20265.825244236832,4820.583378271199,386.37654000000003,8488.414810332164
21426.164604353115,6857.394930140983,-410.57346,8065.636886130253
19318.282200846807,9086.651329684091,-996.0154600000001,7089.79172516579
11355.098054297749,10977.340602360857,-1495.94346,5647.683188537741
10293.163024266605,13086.542963391455,-1724.65546,4014.662880886279
3478.361376158305,13236.016319985885,-2058.61546,2068.8471098772748
1107.353486628582,12787.66046350494,-1679.6214599999998,513.2099980135516
-2822.8368081578283,11699.397448816397,-786.0254600000001,-153.0933328784199
-5664.916632659847,9923.293490202475,294.79054,239.51316995238915
6518.604044042097,8527.50985940121,674.29054,989.9407714468774
10701.476333339073,7571.074968311435,410.15854,1461.809068015523
7683.491045042362,6196.80761238036,223.95054000000002,1730.8700880591716
8269.6311633893,5091.942508634609,132.87054,1896.0226468649262
6038.039065251944,4560.236609730028,-0.20745999999999828,1922.459401093577
8150.540856993322,4345.9743930027,-80.15546,1867.3406456126684
7737.687742210311,4771.907029607901,-181.35546,1716.8444040526208
4955.448189432791,5156.716499888322,-315.44545999999997,1438.952119610978
4253.599003824142,5864.360081086519,-232.96746,1252.5684138257334
-1439.1270560664655,6286.939038745857,-8.303459999999998,1294.6916946749345
4016.7270399467257,6036.75133833632,379.79854,1718.1128457115485
-1382.9807844164493,4828.305626560768,683.3985399999999,2425.7793281200406
8327.832257247699,4892.739747781302,996.61254,3437.0953469166534
-1720.496750404975,3893.7269564018743,1158.5325400000002,4588.608877611506
6113.676167998536,3901.290666676534,1371.0525400000001,5939.077710102155
6145.518918396656,3700.7884728168674,1501.09454,7402.778412329301
9103.739340712926,3837.393632667129,1424.68854,8777.56621913268
11829.1165616522,4524.76046988907,1421.1465400000002,10141.973236240243
12332.858571814862,5332.686426688141,1199.51854,11281.403722744722
13048.208005459906,6781.419932840779,1097.30654,12322.737359445682
21703.099846922203,8550.057213538328,699.5905399999999,12977.605192586607
18943.486778756826,10582.703969855655,292.26054,13242.994114959298
16297.914375231701,11379.712181654055,38.248540000000006,13262.227350226245
15005.516754894026,13052.313532183955,-267.88146,12994.925566645823
12528.104075850228,13693.756322969124,-395.39346,12610.474348809055
12585.166655485977,14337.721096678059,-504.18345999999997,12128.605190887745
2314.5963773889316,13658.806800345657,-40.18146,12104.127561582325
12547.819734987042,13730.677117679143,409.14654,12525.448131743293
12022.641212892106,13699.655381786866,777.0085399999999,13306.42865884373
12587.409667705248,13653.575548011402,972.8305399999999,14273.002362335406
13276.562696665362,12810.921832985716,1027.47854,15275.58531164191
13633.268183518763,12279.89997346191,1149.93054,16384.059692860108
13027.781855980036,11952.886721536743,1228.3605400000001,17555.82489774688
29198.705349799307,13372.205581027272,1175.23054,18677.466939179685
22786.8862058982,14398.083794032069,510.34654,19139.91618232821
24092.331109488576,15548.80023943233,-65.98746,19038.67743749925
19821.74144001171,17299.514745694607,-533.0254600000001,18493.5906051812
15795.282188809835,17624.260991076888,-765.2794600000001,17727.270643640157
12683.859287977404,17690.382798585415,-803.7354600000001,16931.203659789608
11741.104992196253,17605.752331034517,-684.82546,16259.971941102056
11881.513816378501,17466.247443005832,-527.45946,15749.849830721094
11107.163931248202,17213.63701777878,-388.81546,15379.560397191672
8601.065499213286,16770.965382102102,9.912540000000002,15403.287861640774
5058.438288124797,14356.938675934653,392.95454,15781.849364383714
11003.099448505518,13178.560000195386,933.8685399999999,16680.34632534183
11848.28753097466,11954.155642343994,1168.65254,17790.05043311185
15210.695678064492,11493.051066149274,1421.65254,19134.516454042223
31677.080073836798,13081.23085465197,1088.7045400000002,20151.80109264832
26127.949337264894,14425.63985958072,206.24054,20298.71761491764
21564.73440002517,15408.00280036361,-142.39345999999998,20108.8409413721
20472.92415451981,16267.143834177743,-665.0914600000001,19411.983424900154
11719.275730413825,16328.355014094303,-788.0494600000001,18600.978175392098
17486.600275646553,17216.908491737628,-563.3854600000001,18029.385873155552
12111.358587008532,17922.200521626,-624.10546,17410.449614240257
13457.742067327305,18167.66478350818,-459.65546,16962.962860532934
18147.0035358891,18797.53638399962,-444.98145999999997,16540.776950367603
13885.967528310179,18665.06356902419,-420.69346,16145.533291154168
13348.375256128222,16832.193087253334,-402.98346,15753.44626371516
12405.149960011111,15459.913149527954,-316.45745999999997,15437.218047173286
12094.561290417361,14512.895838567176,-128.73146,15300.530679687225
11909.238361336764,13656.52725924887,242.16654000000003,15523.835520082841
11825.555394451596,13667.155225652648,559.93454,16059.603911738539
11728.766933808787,13091.371891468874,743.61254,16766.098006135842
12007.046113198072,13080.940644087827,950.5665399999999,17670.307307115363
23409.44891886646,14076.111329241743,1023.9365399999999,18648.062521936627
25107.127281311587,14772.123703783993,140.46054,18748.3590683551
14336.850332702672,14817.211984223244,-120.63546,18589.61849211378
19083.364637220275,15390.710922332448,-188.94546,18370.57341101597
13938.776017191305,15544.073528050469,-50.80746,18292.009026786316
16622.411437099698,15996.8585427187,-40.68746,18228.77693654564
16615.31873090693,16467.466579675718,28.63454,18239.51202757694
14837.87607136124,16768.698647366684,51.910540000000005,18276.195328374837
16806.9009138879,17276.512045374595,127.30454,18392.229990144835
15636.85653665007,17639.493087719795,149.56854,18532.775475720584
17154.447402075013,17013.99293604065,204.72254,18720.262964923786
17452.78696175905,16248.5589040854,237.61254000000002,18930.7823389154
18968.29675972032,16711.70354678716,91.88454,18999.55724559412
19486.550077930497,16752.022090858183,-110.51546,18867.67158864676
21533.06111411043,17511.450600550095,-408.04346,18450.146353365795
19845.776987933135,17833.787155633443,-616.5154600000001,17833.63245598847
14309.720216205567,17603.22730416331,-788.0494600000001,17051.15943907022
21926.699306938426,18312.109627721024,-931.75346,16141.33301555673
14860.132714943784,18117.432807826615,-932.7654600000001,15237.656208079428
18002.83241127052,18354.03039528866,-905.44146,14372.43290455152
9926.972764717211,17631.28293155288,-891.7794600000001,13522.159739421535
11429.818876675154,17028.986123044488,-734.4134600000001,12830.158677857766
11006.972804015366,16232.853727473994,-622.5874600000001,12247.824042953927
11037.598704882785,15387.958590169223,-448.52346,11835.18716302608
10509.015018553777,14285.553980613555,-207.16145999999998,11654.600985801955
10071.42579679087,13308.118861499326,33.18854,11703.992819158928
9701.13351756571,12847.260191635341,238.11854000000002,11951.16284748369
10963.737316902801,11750.96399263178,361.58254,12307.127573535172
10553.451744874046,11320.295895624806,461.26454,12753.911151356067
29962.299397573865,12516.242594255142,430.39854,13177.629020385059
11521.685751628589,12675.713892946278,-192.48746,12982.04728371067
17045.52904748211,13237.284910026972,-164.15146,12822.089714573833
11233.229901306731,13259.91061975611,-554.27746,12277.733238225657
14290.257348003006,13585.176484068134,-550.7354600000001,11745.579565284082
11526.860287468931,13686.96101095965,-563.89146,11206.740834340839
10922.968591459447,13772.11529042651,-618.5394600000001,10620.040513501695
9327.314281106825,13734.73336678062,-587.6734600000001,10069.390716634485
8419.674389704145,13480.327074060755,-259.27946,9846.813414808748
8701.742959909378,13295.156195564288,-76.61346,9805.449517216302
7310.303556971719,11029.956611504074,240.64854000000003,10055.936642759181
9938.502922898642,10871.63832863108,361.58254,10422.060374217901
10805.08569167769,10247.59399305064,358.54654,10775.276785006226
10822.953099075723,10206.566312827537,356.01654,11122.04605488444
11103.780699897903,9887.918648017026,367.14854,11473.181835415766
11333.867816826001,9868.619400952733,384.35254000000003,11837.645225671136
25213.8643848482,11297.708980291609,342.86054,12171.677797817341
10654.93049189239,11430.470601370165,-107.47946,12057.86106045287
14149.195858569601,12003.422748256711,-51.31346,12006.516351930908
12356.706521732542,12368.919104439026,-244.60546,11767.980974055989
17471.55790090694,13385.04453883255,-336.69746,11450.821124303755
11267.050392545549,13517.899285797239,-401.46546,11074.04110051869
11079.242036666548,13545.314920296125,-375.15346,10727.351913316466
10691.678157668632,13532.187426155413,-363.00946,10396.020903044855
7637.038214541865,13185.513177619807,-98.87746,10326.027140390604
12044.560723246983,13256.582468261904,186.50654000000003,10539.974168269317
11408.211648864495,11876.017194663535,153.61654000000001,10705.414973133258
11533.83001347582,11963.907146821877,132.87054,10849.541729470144
11914.161744831374,11740.403735448055,100.48654,10957.932024129923
12462.41993267885,11750.975076542685,-49.79546,10916.56494925405
13268.532515985578,11330.672538050549,-96.85346,10824.821099742016
14856.829314263747,11689.650430222368,-132.27345999999997,10702.518667646818
12093.836035829898,11791.109830138703,-288.12146,10428.164333871737
11367.599414435843,11858.701955815424,-315.95146,10129.677764691172
11407.43314764284,12235.74144912552,-336.69746,9817.407916135515
10395.741204792159,12070.859497280038,-360.98546,9482.566826546961
8954.023752985251,11825.440707692112,-210.70345999999998,9297.399139958412
11744.203052876019,11846.478011632133,-60.927459999999996,9262.571743275148
10347.664306339067,11689.828267782901,-12.857459999999998,9274.115423120225
10531.629481908363,11496.749222705852,118.70254,9413.857275716082
8852.4372716633,11055.139698273624,237.61254000000002,9665.506514541657
7540.231128733969,10323.479879720648,303.39254,9972.444862793447
9917.957008412262,10105.891976978884,482.51654,10451.470708535302
10234.190234954924,9992.551059030793,634.3165399999999,11074.854886640258
3687.2946696813547,9220.537211234645,712.24054,11761.429844486203
9903.234677871764,9171.286558542606,958.15654,12684.103386226769
11091.576497902237,9385.041833034305,1048.2245400000002,13688.855065294843
17325.390221089245,9943.160549855627,1120.58254,14760.77483474045
26693.549959492655,11577.749115170986,475.93854000000005,15200.123732144755
11009.116748597553,11625.497841839902,21.55054,15185.712507841707
23026.612085456352,13042.915323219207,-49.79546,15114.987030595481
12148.622594540073,13503.754469799815,-418.66946,14684.391939587525
13629.72922692248,13874.931691650836,-385.27346,14294.876611708158
11994.423237841329,14050.954991939478,-286.09746,14009.20091011047
12240.559596094106,14906.281484580753,-166.17546,13853.658010455172
11972.852613329014,15113.243278126476,-109.50346,13757.845437731887
9720.543880739764,14976.140016410229,71.13854,13840.455538118671
11843.153840105148,14427.916378311818,310.98254000000003,14154.202861120602
11268.766730931426,12885.438055455696,443.04854,14580.133267663954
12769.798434796112,13061.50622407555,696.55454,15254.535991828068
17625.74308179518,12521.419323709433,815.9705399999999,16035.015659746881
21182.625607147773,13424.819624970205,646.96654,16649.410573999114
17714.01500005274,13833.248202283232,168.29054000000002,16787.856584881956
16637.740062106815,14297.57988470978,1.3105400000000018,16764.251252480233
21575.083306620163,15231.032255762384,-272.43546,16479.207957113053
13030.376440372347,15336.784638466717,-311.39745999999997,16159.50023852659
11670.374960882766,15531.767746481017,-213.23345999999998,15942.121788206136
16351.481031587675,15982.60046562927,-143.40545999999998,15800.555169580368
16561.370554538415,16511.86084798997,-152.51345999999998,15656.679900964464
15201.545645540105,16755.03556906437,-145.93545999999998,15523.187352245463
13751.811240434916,16367.642384928346,-179.83746,15353.59281717229
13534.799036850922,15602.85972789866,-115.57545999999999,15241.665780879553
14649.182285348781,15296.376456428261,-118.61146,15124.78754223504
13484.12306703837,14981.014756921417,-89.26346,15034.978988981904
14893.317832987206,14312.838209558122,-66.99946,14961.428115787667
13466.018823220978,14356.402447842984,-49.28946,14906.58129370822
14543.068633129977,14643.671815067704,-34.10946,14870.183833521814
13606.608799328951,14369.184591841831,-17.411459999999998,14847.936495705015
14555.04144945454,14168.551681333445,7.888540000000002,14848.9523021613
13647.20789246631,14013.117906026066,19.52654,14859.92523279995
14488.916073450355,14086.82838932761,38.75454,14890.561258965226
13866.6958100799,14120.018066650508,54.94654,14937.25290164208
14423.988037348767,14097.498641850505,74.68054000000001,15002.789093644164
14010.347829813913,14150.121118128061,92.39054,15085.729048489004
14771.961182010238,14137.985453030366,113.64254,15188.757727134418
14201.284186024199,14211.511989310686,132.36454,15310.026164356183
14569.986256680151,14214.203751665706,151.59254,15449.144554829276
14553.371114587311,14308.879983191544,183.97654000000003,15619.8786837129
14902.980906756744,14343.673928921762,199.15654,15804.281610764989
14987.382935326637,14477.691433207796,224.96254000000002,16013.728623589417
15243.933901302866,14553.193215993047,248.23854000000003,16244.879424113455
15362.85137308798,14702.808772293856,273.53854,16500.261872195257
15543.253222978712,14814.735290856852,300.35654,16780.75958098187
16267.708373807094,15040.471345256166,318.06654000000003,17078.242573224612
17482.882781834858,15311.56350523863,314.01854000000003,17371.454137144752
16268.322098644483,15518.267296500659,318.06654000000003,17667.80814333831
18831.11363976795,15944.380034809437,374.73854,18021.56501685302
16339.719678563524,16123.014891207058,98.46254,18100.057430196557
25583.939045353676,17191.110705066752,-155.54945999999998,17936.973997545258
17162.901907645075,17408.662602298595,-410.57346,17525.22315819279
21050.49116963014,17989.318329131325,-709.61946,16827.340844502178
17899.72340922819,18243.005532745345,-839.66146,16010.23264598461
14781.321475175944,18166.812357965067,-974.25746,15067.283557704415
12890.5825768284,17829.0997782672,-960.59546,14143.912214510043
18946.577599877935,17975.469260071506,-949.96946,13241.758019565656
11264.567859574045,17475.093836164462,-919.60946,12373.678012331644
9724.332484176015,16564.41572060527,-794.62746,11628.90420401438
7917.027798625715,15722.146532611489,-356.43146,11316.96948190035
11469.424499489245,14310.695078025044,-21.45946,11325.661872461598
10277.86386099392,13622.191273359927,49.38054,11397.51390107058
9003.833670059448,12417.52552340286,243.68454000000003,11648.961711893904
10620.121493539424,11689.565331833983,413.19454,12058.430342693304
11218.631859060939,11333.296370222484,492.13054,12538.388237568595
26445.428360811376,12688.78094862078,558.4165399999999,13092.724539279117
11709.06362994822,11965.02955162781,-147.45345999999998,12935.468664002603
18912.72470985611,12729.845236656018,-196.02945999999997,12739.343264329136
12205.785038952272,12977.990492133644,-448.52346,12297.691511207182
15823.343613755374,13768.62207364661,-551.2414600000001,11766.671771431578
9862.267290878011,13607.906352785485,-556.80746,11233.844731845118
11223.084950638098,13702.428461749903,-560.34946,10703.784603744167
10136.873126466633,13815.732407390624,-536.5674600000001,10203.702296380632
7577.392834334013,13511.459541470083,-426.76545999999996,9814.282063431527
9669.417238577298,13356.53807942172,-4.761459999999999,9844.99077819143
8952.882201933915,11607.283463533973,195.10854,10055.771159644853
10536.607573834259,11490.037857922578,323.12654000000003,10390.00910122763
11664.921192088357,10765.257506145803,339.31854000000004,10729.686939876812
11693.772523069096,10714.056254557485,322.62054,11048.92496762362
11727.918819248269,10304.513775106774,311.48854,11349.85451029845
11886.202600266226,10506.907306045596,308.95854,11647.29399285592
18882.737531469716,11272.872564128756,282.14054000000004,11922.86891316865
11970.727225342975,11456.257974016391,-2.2314599999999984,11915.993658377127
12985.395517420513,11997.058242325042,22.562540000000002,11939.141218816605
15023.515970023387,12532.46811546965,-142.89945999999998,11803.604022383135
18548.17827459417,13491.997722735676,-202.10145999999997,11620.40751398666
8053.988222097332,13243.735787561984,-297.73546,11341.882691322413
16107.886495544197,13688.032317907568,112.63054,11476.848422188265
11321.52528142081,13650.80759374274,-4.2554599999999985,11494.375108503807
11230.129484377,13601.028660255612,47.35654,11562.324618621325
12682.784658594148,13680.686866088403,19.02054,11602.338575695996
14120.252526026958,13204.438365544125,26.104540000000004,11644.203068194478
10257.902562091203,13033.15589921895,-87.74546,11571.224591104723
12387.616175232435,12973.377965000142,-40.18146,11545.466479443678
13616.032821911307,12832.629650188932,-106.97346,11452.43438575113
12168.921122936723,12194.703935023186,-147.95945999999998,11313.377215843851
12494.227800038758,12638.727892817327,-201.08945999999997,11127.552157213588
12457.583835398602,12273.697626802768,-225.37745999999999,10915.88992650948
12865.218241946988,12428.066922855385,-129.74346,10802.56567107294
11318.841229952017,12436.938097412885,-127.71946,10692.46712993634
12116.297347404248,12380.289366293897,-137.83945999999997,10572.884286899916
11500.982348458216,12118.36234853702,-204.63145999999998,10385.753922116288
11865.834060690828,12279.155498396982,-239.54546,10167.537932479094
10474.70536523608,12087.864417397346,-275.47146,9914.024451928277
11885.658712287353,11914.827006434953,-240.55746,9695.880592073345
11159.407167694664,11813.875610910745,-300.26545999999996,9419.797736861718
10628.659113016462,11627.318742208516,-340.23946,9105.035881515185
10092.453745988,11390.805733267454,-231.44946,8898.758614632708
9293.903391721366,11033.674248244894,-60.421459999999996,8860.29052556883
302.278250654394,9932.01795031513,130.34054,9000.044934416292
4746.756054633687,9195.063821038075,624.1965399999999,9619.94969788251
10966.260074793729,9141.591593671625,961.69854,10567.2476714404
10838.670780879627,9038.875265690504,984.46854,11526.587801982902
10454.51025354002,9036.855754520899,1144.8705400000001,12635.112316108281
11141.13375775128,8962.40325906729,1175.23054,13761.863460137873
16142.47424362386,9460.70996666021,1233.42054,14939.938259803095
26399.600097194572,11037.80406507802,712.24054,15606.035052455843
15888.86702208356,11617.445392687578,104.02854,15669.137410458161
21630.191926479834,12851.074246163425,-232.46146,15410.819933415214
11696.269847719399,13990.473405869925,-507.21945999999997,14894.46920273976
13852.5306810083,14901.050868507387,-424.74145999999996,14474.040973997437
16717.23600706875,15476.148461734887,-599.31146,13890.74370347481
12216.251863382955,15613.906569985222,-565.4094600000001,13348.219966739915
8112.360091382251,15379.691553769448,-382.74345999999997,12989.618657210209
10743.149909722017,15339.893168966519,-0.7134599999999983,13012.415076927771
2820.558242488219,14007.701568852954,389.91854,13408.387296447025
11007.493131039802,12468.490872237477,818.50054,14209.30386680493
11708.313921544468,12050.435562183568,1072.00654,15249.001658358717
11438.417376761374,11031.258107211721,1235.95054,16430.415257447246
20655.815767963028,11927.212699236083,1321.4645400000002,17693.633126465134
26118.561057877672,13153.815736923021,242.67254000000003,17888.480767169716
25707.30190780126,14052.822326996273,30.658540000000002,17880.476137367983
19459.61068810608,14777.158209468584,-473.82346,17380.35773268899
12217.246973136924,15187.646897644052,-329.10746,17032.61423893854
19677.97535628935,16081.129442300788,-264.33946,16761.403325572162
12219.60127835904,17021.03374588787,-326.07146,16441.188884375322
16940.37961881167,17614.322394665054,-169.71746,16284.89993407822
13351.612212332126,17778.65222374382,-260.79746,16041.647971574876
16492.22463328416,18284.032949396096,-135.81545999999997,15929.614515953088
13516.913106806724,17570.142683280465,-182.36746,15765.476012226361
15356.96785517241,16493.98336300994,-89.76946,15683.889320334198
14075.771413533193,15330.830313583132,-121.64746,15559.927744866687
14760.686248972002,14860.937869669724,-47.77146,15505.644100714719
14479.225317400384,15087.135704096068,-58.903459999999995,15443.144591348531
14600.569460395975,14579.395114506731,0.29854000000000175,15434.802651180113
14325.490437084378,14789.984030379264,-5.267459999999998,15423.139679572105
14729.35706932138,14568.881775430234,44.82654,15458.975375130685
14498.372307020127,14683.557784899032,49.886540000000004,15500.608873828369
14855.87157998274,14519.922479568893,91.37854,15581.266764485774
14727.942452925132,14641.025414180735,99.47454,15670.344145582721
15034.136374818689,14608.742266145364,137.93054,15796.279361388348
15093.094945099549,14710.474619302,151.08654,15934.996988567484
15370.47316441256,14771.453310846056,190.55454000000003,16112.01054639027
15321.156820828053,14855.646461188826,207.75854,16305.127860138256
15731.313858681104,14968.720901017336,239.13054000000002,16528.50302514705
15749.611642773465,15111.133021586245,264.43054,16776.11555971144
16394.670328881788,15277.664347542286,290.74254,17048.96616218975
17611.502161599514,15588.977333000226,285.68254,17317.19198849786
20507.47723608389,16154.137898610341,245.70854000000003,17548.812902198984
15677.729703526546,16249.11662367048,131.85854,17666.3558940137
18332.04398112378,16578.90738430099,132.36454,17786.522303516573
21587.230594095814,17228.320949200614,-41.69946,17739.657824573413
16317.149317510528,17322.988564510408,-376.16546,17363.087326572782
22955.727588064827,18086.445641234084,-490.52146,16884.704664319397
20230.925033712934,18536.406758737267,-616.0094600000001,16291.372319863576
15460.272227023663,18507.47281716229,-742.5094600000001,15578.448959436564
16660.110891601606,18534.016873434266,-752.12346,14863.40241317654
16321.614154970333,18405.028072771347,-826.5054600000001,14080.578264372487
13436.602796146417,17697.9406287776,-757.68946,13366.639322616538
14063.907994398258,17536.558457864776,-696.46346,12718.839688569018
11126.810842466804,16816.035143999077,-612.97346,12152.96791772332
7995.550074323832,15456.867092021881,-408.04346,11782.043884066303
11653.227407231381,14990.474900993966,-120.12946,11695.20002883558
11683.7255522738,13863.274697414865,-43.723459999999996,11673.594550121372
10180.129851550424,12858.195179198612,122.75054,11806.963591012145
10999.928438851253,12412.16080038137,280.11654000000004,12090.330937705838
12105.842988227825,11956.734010043992,213.32454,12300.18626302922
22657.39066564875,12590.311661111835,131.85854,12433.627471610045
11483.80582920529,12395.031964417722,-23.483459999999997,12409.992891138121
15058.473350621045,12494.488500039999,-153.52545999999998,12258.84764182714
14939.74842811186,12875.782258604504,-227.90746,12039.388602594914
12072.30129673099,13283.45738084522,-334.67346,11720.502564977416
12322.696265409742,13350.404266663056,-381.22546,11359.388376594274
15543.695542440859,13736.401265679762,-365.53945999999996,11021.274440085128
9876.083520067994,13705.996632531522,-408.04346,10644.158636609593
10132.887182642198,13619.292506910617,-359.46745999999996,10318.037189912604
7819.52245063784,13190.660453151617,-122.15346,10225.831497144995
15391.921778590257,12464.113564445766,132.87054,10379.756152418002
8931.598004128693,12208.892781938106,201.68654,10597.717193313203
12232.640292072765,11926.309476083277,388.90654,10996.020590740904
13977.279006399516,11830.062533912042,334.76454,11335.777904772616
12310.847742729864,11853.917178511929,274.55054,11612.76433211001
13144.21004582297,11936.068556553251,258.35854,11871.772328954441
15898.117335427361,11971.510735851902,178.91654000000003,12049.897087623416
11630.795589984167,12146.981942843518,-72.05946,11979.529070775618
19323.17533880505,13066.010758459803,-157.06745999999998,11834.897102252458
11323.637417977607,13416.42225519378,-368.06946,11486.32358838187
12097.19563803043,13086.949641137795,-412.59746,11093.85836350943
15423.578649205174,13736.147705645442,-406.01946,10718.32199153079
10159.70682907583,13528.854359345749,-462.18546,10288.863709808937
7843.398705964913,12915.466329302288,-192.99346,10124.066210603869
11538.360122705315,12838.217567299831,64.05454,10214.621718770826
12425.014631772174,12766.298025894752,71.13854,10310.565636442065
12295.009807541295,12405.987273106144,31.164540000000002,10362.372747408705
12145.610802351743,12457.468794342902,-12.351459999999998,10371.095762478046
12113.227394404406,11736.473999902839,-59.915459999999996,10325.433239452293
11901.057158720158,11794.215973977094,-105.96146,10235.219221397541
11614.789746594879,11745.975384833539,-149.47745999999998,10102.344097631902
11682.968518437943,11371.914371756817,-183.88546,9932.99319497315
10952.02074775681,11451.145763624914,-212.22145999999998,9738.075475259668
12204.176553228543,11887.223548351278,-137.83945999999997,9623.105890590585
10657.182368497424,11799.105772930488,-188.94546,9457.809884013983
11615.488261108085,11718.153135864079,-199.06545999999997,9283.338511132484
10038.266987353098,11492.47885384526,-170.72946,9136.40774915961
11408.930363557805,11418.810809965866,9.406540000000001,9168.544254367675
9931.982793646584,11200.686349890084,37.742540000000005,9226.230789922896
10238.434567120097,11034.42409073008,158.17054000000002,9400.901557530968
6897.7309396679175,10562.718210037383,263.92454000000004,9673.805018656032
5830.463655481204,9977.467723741709,589.78854,10260.732300306889
10220.689270682382,9904.334576034267,752.7205399999999,11002.361657664163
10701.284582921615,9754.045379003574,806.35654,11788.171469477558
11368.701423050195,9825.19728445885,811.4165399999999,12571.844102227371
11449.515122339275,9808.59997058197,839.75254,13375.566675510916
11884.026565351965,9993.175928381857,873.1485399999999,14206.159822639625
30788.495093421025,11931.132401368177,898.44854,15072.873603026912
14429.746934918036,12380.908815495322,58.99454,15104.358549751596
24443.500606333,13801.415419416613,-88.25146,15003.960173048246
11159.826414325235,14227.624966882348,-522.9054600000001,14478.520415586587
11680.838318539483,14812.662433188176,-416.13946,14069.883770362603
11358.276521200376,14926.421158239977,-314.43345999999997,13767.160018841378
11382.063671061704,14994.499067053985,-214.75145999999998,13566.829463923505
11093.169308353421,14966.945855584307,-121.64746,13460.399642440112
10785.151174387122,14900.50946078909,113.64254,13587.306855223604
10400.331542431904,14752.139958497084,370.18454,13965.43788085634
10828.716019562073,12756.162051111189,615.08854,14562.282777158889
11352.059239642347,12448.39328158362,779.0325399999999,15312.386096803137
11319.713590538842,11136.014580004205,947.02454,16208.176676235149
37062.905430237246,13726.322481595405,880.23254,17054.78834888875
12709.252530199685,13829.163902761424,19.52654,17041.863379027476
32387.697068988837,15932.10595754027,-236.00346,16797.122379412605
12033.256791932807,15997.225269627379,-584.1314600000001,16210.833262914754
11643.394591887436,16052.247797980779,-358.45545999999996,15854.376502865414
11518.264177265655,16125.559098268635,-83.69745999999999,15774.227843419447
22635.087677037314,17349.034711729175,-265.35146,15527.277966702544
11569.882057342802,17423.15131550725,-360.47945999999996,15189.36203479059
11622.38293390012,17450.183684933025,-174.27146,15039.441505892017
18436.091980590267,18161.82152393817,-172.24746,14900.140320672477
11357.921299296477,15591.323110844096,-223.35345999999998,14685.932223174193
11383.54065310656,15458.751923134783,-71.04746,14623.3234347738
11889.423258919001,13408.9245421278,73.16254,14683.61036044734
12261.200534873515,13431.718916421873,28.63454,14699.439640607085
21942.8612195716,14461.665579190292,-128.73146,14569.617754592915
12414.739067204255,14551.313068184152,-175.28346,14395.904082328827
12301.888504552822,13517.993150935703,-36.63946,14350.851907614895
10615.344658189157,13422.53941102034,114.14854,14454.57583724895
11773.876187829304,13437.68873641326,320.09054000000003,14761.296600840593
12166.332359815442,12810.712774335778,475.93854000000005,15212.969917175544
11774.02854266306,12852.323498672438,643.93054,15826.854687590512
30171.354279079198,14731.104861269701,786.11654,16594.152563927302
18282.47185576282,15370.409720954083,-78.13146,16504.56499009757
13501.290250224161,15494.418692489146,-53.33746,16441.659441721487
15828.947131455921,14883.027283677578,46.85054,16472.45515474105
13080.878456789882,14949.641222636139,-60.927459999999996,16396.908830020002
17479.41832031648,15467.394204212504,74.68054000000001,16461.547418361926
14089.658316215551,15814.825570015144,8.900540000000001,16463.891734478457
15468.10777286049,16184.248728518263,127.81054,16587.627739018855
13986.928916879926,16366.30838422471,71.64454,16656.342640070914
15681.49381822341,16757.054911780746,159.18254000000002,16814.940477388016
15984.361508437747,15338.355634716601,133.37654,16932.217403561302
16120.63754639763,15122.172203780083,199.15654,17111.28192616349
16156.248896709243,15387.668068428591,185.49454000000003,17277.68538218614
18563.75515595407,15661.148870878405,227.99854000000002,17487.23857167306
20082.734966514683,16361.334521850886,97.45054,17572.455565774842
16820.78416605133,16295.471106424371,-128.22546,17432.742515781338
19425.568736286164,16829.062148431432,-224.36545999999998,17204.583906707838
20265.679825465177,17308.8193536919,-527.45946,16683.441395777674
13957.686135300306,17305.89507553394,-568.95146,16126.403987175237
17391.659412795485,17476.911634991142,-652.44146,15493.992018253397
21123.99169446045,17990.87465359341,-664.58546,14861.021239206797
11887.796251191045,17567.59052407275,-718.2214600000001,14177.047686655455
11406.383609935945,17092.603995395424,-573.5054600000001,13638.432844342853
12858.362438956796,16522.064723695694,-476.85946,13195.17829773638
11589.962504217041,15672.787477465932,-459.65546,12764.895484133674
12477.697469554454,15238.478807816244,-354.91346,12438.2669919705
9708.40382340891,14266.762316528519,-134.29745999999997,12323.597459816081
11456.5552014433,13385.84985412633,7.382540000000001,12341.528698359185
10745.501649637183,13064.63140556002,115.16054,12462.768660031194
9977.276562725996,12323.19312055307,443.55454000000003,12900.491899236413
22173.203506689075,12428.114301775931,280.62254,13173.584437861808
10527.28124964094,12292.062801620921,316.04254000000003,13477.6513360994
19152.894775648736,13066.7139181922,358.04054,13828.002096520328
14940.224721677872,13274.900146464308,144.00254,13965.033591619767
17585.6076216585,13874.464658208453,-336.69746,13630.797416885654
17037.465853550013,14330.441496608008,-387.29746,13254.369372282878
14318.415166756826,14791.4426309428,-527.45946,12747.555239469477
18452.61141291376,15491.048252089848,-591.21546,12189.68686419568
9789.151566289278,15395.413243755058,-649.91146,11578.331782591276
10864.171977034255,15484.102785185882,-589.6974600000001,11033.589007217222
8540.044948280167,14120.786929344991,-377.68345999999997,10690.5543610385
9629.876933608572,14031.046497741754,-47.26546,10677.166477005532
7900.69342095027,12905.826362271908,75.69254000000001,10774.388690458196
11436.57658752359,12555.461548856478,310.47654,11099.57119364218
11397.764509459264,11936.677237636555,297.82654,11402.790528682124
11346.081907604475,11367.538843042003,298.83854,11698.288166425724
11753.868433348502,11111.08416970117,308.45254,11997.784141058477
12366.035338709884,10502.426562280783,324.13854000000003,12303.7277198707
19288.681881715907,11452.379593823445,107.57054000000001,12401.709073210228
10666.610251232605,11432.62342124328,11.430540000000002,12403.334451290557
13444.608329990548,11923.079759414319,82.27054,12479.979738971795
12820.341114102257,12242.126177463688,53.428540000000005,12530.495457956715
13812.937072177589,12833.350542586419,43.30854,12576.399463403011
13186.4644016198,13008.339323996039,30.658540000000002,12611.07081660894
12957.809150354064,13164.34378808552,17.502540000000003,12633.931060923705
13592.625933610396,13388.998190686112,15.984540000000003,12657.30642682133
13266.915129284873,13540.302860279748,13.960540000000002,12679.957325755913
13496.730152629669,13653.372341671726,20.03254,12709.523690515072
13412.124172127471,13065.71657071288,20.53854,12733.41877391705
13462.559775267095,13345.31152311633,15.478540000000002,12754.861456009043
13353.285593743227,13336.179249491597,12.442540000000001,12772.992748543867
13290.7199193911,13383.217130020483,1.8165400000000018,12780.893366958633
13261.575324655252,13328.080955268248,-5.773459999999998,12780.64951744173
13239.777437110424,13333.41225881731,-18.92946,12767.436979455488
13127.207157140756,13350.35205949598,-28.54346,12745.008104855893
13164.77966520865,13307.567432655804,-43.723459999999996,12707.347472733893
13146.309682811047,13295.506888008424,-55.86746,12657.920281486638
13009.188395235538,13246.752712269012,-71.55346,12592.970680394463
13015.20048257771,13207.060343314031,-84.70945999999999,12515.249211623657
12971.819640900336,13157.986329877356,-95.33546,12427.294477406194
12878.33201117063,13110.490971620096,-110.00946,12325.217076948335
12726.69602457153,13054.088582138142,-122.65946,12211.07292660023
12675.445559322114,12995.475605604826,-133.28545999999997,12086.964347990277
12697.825876619358,12941.280449555717,-145.93545999999998,11951.031403605932
12476.984283561185,12876.25816219776,-161.11545999999998,11800.779365791848
12268.795449330308,12786.659740609926,-172.75346,11639.612244140028
12145.912737499877,12686.620046078808,-164.65746,11487.071436759416
12331.942565270208,12618.895463082275,-177.30746,11322.855291622644
11833.529259312447,12500.728340755748,-208.67945999999998,11128.041356713975
12040.090300134876,12407.555406679201,-219.30545999999998,10923.724091813629
11378.637892838975,12257.585994846037,-228.91946,10710.432445443952
11223.634688237233,12107.279861212608,-224.36545999999998,10502.279114201638
11520.797122884413,11991.815017568839,-222.84745999999998,10296.555487835309
10338.007163754119,11755.833146282313,-252.70146,10060.973819019779
9254.093216014655,11433.544039527662,-143.40545999999998,9932.728115824857
10054.033676417452,11212.067862236376,60.51254,10005.428927888974
8768.843999392993,10874.360988425688,194.60254,10206.774763094341
4087.3312041862505,10049.899852317292,485.55254,10685.903028586572
9033.891388104159,9769.936065196463,826.59654,11495.07393355267
9637.314724888656,9529.65850767184,990.03454,12455.553973893862
11663.322921599916,9558.127010547934,1075.0425400000001,13490.871818860403
11827.453125935492,9618.508854317759,1124.12454,14565.031483814977
34501.81980475814,11916.611122505132,1143.35254,15670.466294801878
14383.474011334549,12321.157807263176,253.80454000000003,15888.23970452649
12371.663096232165,12632.914795284927,-101.40746,15755.293070034073
28017.262454216198,14429.237673064801,-192.48746,15551.46993066438
11342.7513470201,14686.628407827511,-574.01146,14974.550170036011
11067.857512555354,15384.681038664421,-360.98546,14621.275873322295
18353.730691413988,16316.664968995403,-342.26346,14299.388938879025
11266.84969397039,16479.618465903575,-402.47746,13922.73854874927
11288.949445239641,16442.18111826755,-293.68746,13657.182389044454
11537.417549426982,16413.1775606167,-206.14945999999998,13480.654375360176
11710.241620930596,14134.019742233946,-112.03346,13376.274903628913
11191.24353724186,13814.796694824676,-36.13346,13344.887996140871
5398.668656894267,13117.497250890887,461.77054000000004,13799.76692328837
11164.477697736902,11432.218775242956,787.1285399999999,14555.348696407917
11726.847528983888,11470.628393439336,905.5325399999999,15420.97870797823
12859.940949589787,11649.83673714278,1063.91054,16436.538722869875
36132.3353333318,13427.697201334562,781.56254,17180.197222254523
13390.647243925736,13640.0769563301,51.404540000000004,17195.686514195277
27621.884094793626,15273.3704212855,-133.28545999999997,17044.51074786618
11478.273391183717,15267.456005461174,-507.72546,16524.09199504213
11481.280497094578,15244.55989307757,-281.54346,16232.568648622484
15157.512838760615,15641.186823229447,-89.76946,16137.783064968555
17614.191631255293,16862.739120665552,-224.36545999999998,15922.910820125526
13392.709346040174,17085.56228549588,-177.81346,15758.50200937923
12204.661599702386,17133.343692567727,-205.64345999999998,15568.663400811116
12634.932940574905,17110.842891666238,-59.915459999999996,15524.768890319667
17611.06481003193,15258.715839336252,-180.34346,15343.568334409832
11502.868463637975,15069.937961307474,-136.32145999999997,15205.87378527881
14803.608750379757,13788.11042686609,-69.52946,15122.861986294683
12592.95038342726,13899.578126090442,-116.08145999999999,14995.708502292642
14914.057811641189,14242.855857545102,-17.91746,14970.441690445166
12919.044737711283,14019.00904744017,-87.23946,14874.560298615115
14709.82389627859,13728.5722739425,2.8285400000000016,14865.90067296839
13069.308043403378,13696.232143678819,-49.28946,14805.407422275493
14586.962189941987,13934.46220270278,16.490540000000003,14813.023604679765
13526.207508425754,14023.589659487863,-11.84546,14793.402259827846
14070.814662466115,13669.564644731281,34.200540000000004,14816.02241827688
13883.964106618861,13907.67420902937,15.984540000000003,14822.763630784404
13951.635627318674,13822.476896723261,55.45254,14867.658778043793
13887.021785082527,13951.884036888787,47.86254,14905.884945232243
14378.01073115789,13898.27932884046,74.17454000000001,14969.241683668326
13913.627953114534,13997.737650380785,72.65654,15031.456617935452
14548.872277065535,13981.642488459478,97.45054,15117.434511240692
14158.958018315561,14090.607485950695,97.95654,15204.143215587792
14630.525210763184,14094.963788032814,121.23254,15313.071635912243
14402.615862777919,14182.60462346803,130.34054,15430.8041003878
14819.849645595197,14257.50812178094,146.53254,15564.138355201732
14743.971907903362,14343.50890190939,156.65254000000002,15707.018075268808
14906.296831757232,14438.975022353246,176.89254000000003,15869.461259339652
15080.489474820972,14558.32179132709,188.53054000000003,16042.995099259526
15326.137052620224,14653.134423473326,208.77054,16235.779327101664
15202.975371574319,14782.069165319303,231.54054000000002,16450.467360083843
15613.64645719982,14888.546583332733,248.23854000000003,16680.604306916328
-35465.048886648285,9926.145892836346,282.14054000000004,16892.378857375526
-6381.607572927273,7824.932614467301,1145.88254,17936.128109546444
-17370.02812885954,4647.668215303555,1595.7165400000001,19383.002885204016
5190.29855684954,3684.7131064289897,1964.5905400000001,21170.964622016265
30509.150637110186,5261.230979349673,1872.49854,22865.6408401896
37228.03265058232,7493.404561232182,1020.39454,23722.109072000025
35120.416729556644,9497.39728670575,-64.97546,23515.53624874708
33907.83097045125,11355.56667848885,-1466.59546,21942.007047644496
27764.13048778876,12611.682190110296,-2521.09946,19352.81533366915
26981.213868186947,13748.43893120901,-3125.76946,16202.25980424455
22951.36384069685,19590.080203943522,-3555.36346,12716.32818284154
9402.075028299418,21168.44846406619,-3636.82946,9200.388220253788
8609.519276432082,23766.403204595354,-3730.94546,5652.412364697204
3696.5508770724796,23617.028436617646,-3569.02546,2298.7233200164083
-5788.200448011502,19987.29332810548,-3117.67346,-610.8877053027009
-8716.129175939226,15392.877145453323,-2258.48546,-2686.75066219514
-22766.507142744707,9604.18475822319,-536.5674600000001,-3095.043093390957
-11356.102042196946,5077.791456958371,1392.30454,-1634.9332532874635
-257.5469618195478,2275.62371199754,2244.40854,626.1367709653864
10707.605061190234,648.2628312978683,2267.17854,2870.864786168711
10880.962332588866,-558.7773195129299,2001.52854,4818.081619711894
21136.627358532227,614.677913510351,1590.6565400000002,6350.797557249878
24619.757124989344,2215.7016983660774,951.57854,7251.50935326104
30480.142101469515,4894.060820805781,-186.41546,7043.383562536487
25707.905509886932,8043.671416595625,-1054.71146,6009.222095677079
11319.728507702881,10047.257184959835,-1980.69146,4088.7179011699063
11934.230141269989,13517.330913361304,-2251.90746,1953.6156458918206
10430.649526874447,15696.006070268446,-2594.46946,-477.4852152644129
4412.933596899364,16163.054126140336,-2623.31146,-2908.1581672503653
-9834.213594416844,14108.872260579627,-2208.89746,-4924.796348372065
-24317.07851478279,10589.068175842462,-808.2894600000001,-5569.864268529919
-1777.1960847139944,8297.68583151784,1189.90454,-4253.183272929441
12892.360786001267,7124.946197619033,1040.63454,-3109.173783623956
6956.69165654944,4772.601153127026,588.27054,-2447.968199656446
9424.377705502324,3144.2483726885653,434.44654,-1961.9439593329957
8381.03569709647,2850.379091627924,180.43454000000003,-1735.1905342233865
7546.982079363617,2411.654285437287,-61.43346,-1754.5412114267797
1897.7814922579414,1558.3674819756366,-74.58946,-1795.2556898927553
2081.4929507363313,1325.223417359333,-39.16946,-1802.8286642202345
1094.8301781283028,2418.127794613848,277.08054000000004,-1486.3093650318933
4252.077617680812,5275.0434078602075,504.27454,-919.4640427029723
1084.6367176598906,5561.226688097596,760.8165399999999,-101.44876079496662
1659.2650032725198,4437.917109824722,1012.29854,946.1204525112304
1003.0056866689422,3842.5485128366718,1227.85454,2190.660727714485
8985.837031678006,3798.69444545424,1361.9445400000002,3555.066159491883
5162.753853769405,3476.866261121533,1356.88454,4897.599855108179
8179.713671404198,3540.1394203255913,1359.41454,6229.845645360353
10375.235047649434,4387.884775864741,1350.8125400000001,7548.730451265397
10718.282215118676,5251.563702302975,1205.08454,8718.792478375773
11996.64399769151,6341.745084259296,1112.9925400000002,9796.884619034608
21038.813473667225,8020.418669857938,800.79054,10571.902594142843
12050.331488661484,9116.988146958098,478.97454000000005,11031.538244270994
15156.63670653221,10466.725317284066,317.56054,11340.275049601125
11124.113228744613,11478.836071491633,118.70254,11459.17617442003
12495.110491187123,11829.763417442544,58.99454,11521.286641450255
13317.83011177879,12645.271043243481,-18.42346,11514.287260068188
11008.73655639969,12928.17333174303,-76.61346,11452.578795384936
11292.870875922512,13019.936914570337,135.40054,11602.29891117679
1352.6194393604785,12083.370636994518,267.46654,11871.901503034966
12098.595593256447,12093.565796551009,707.18054,12574.226880570126
12824.7474272923,11272.159191913515,779.0325399999999,13332.44841828356
14010.91277872352,11468.217320919719,895.4125399999999,14200.264521909921
12990.739312005275,11251.627581467026,924.25454,15085.790147105492
12240.990942773076,11363.315352869871,996.61254,16035.211813763137
14134.697075151877,11527.274011266349,1149.42454,17128.06273033817
26787.118082782556,12874.202808366723,690.48254,17769.101845718455
22810.707965864236,14054.399949313176,135.40054,17866.001361354403
17292.84944950096,14654.397806671022,-225.37745999999999,17610.76164040757
20141.346912650304,16533.270554000006,-535.0494600000001,17070.287764143497
15520.137150226717,16875.424709697032,-645.3574600000001,16429.43524819903
12921.330432914488,16885.08301025925,-552.25346,15887.260800419634
12028.500204015638,16686.841752788467,-512.78546,15387.599004543323
10828.451826925202,16470.613004280458,-376.67145999999997,15025.524399140695
1567.649597601845,15403.278869763333,-24.495459999999998,15005.051438446922
12735.571938549803,15263.366356103128,330.21054000000004,15334.543022223485
9962.595713780933,13580.914119202967,601.93254,15912.91994779328
11940.219099054959,12493.86523252204,886.30454,16756.170895240568
23103.378499291302,13074.918137501072,1103.3785400000002,17811.703122263174
26158.0447219849,13676.587918434534,670.24254,18433.89208482489
25627.07972204928,14687.282175616789,120.22054,18515.44432033281
20318.971387190537,15427.046271044394,-352.38346,18135.70071443992
18625.75847197389,16086.772097840218,-681.7894600000001,17440.239862873925
11467.187934425167,16150.645708590213,-662.56146,16771.40807593109
18854.0236247961,17879.28311130964,-525.43546,16262.305720884873
12407.466273910011,17846.47254484566,-591.21546,15692.844083724482
15715.967236830733,18421.80969715064,-455.10146,15269.583294458744
12986.13348889531,18526.401136134675,-482.93146,14824.049327475503
11921.126614087467,17408.17594761429,-346.31146,14507.04224827689
11514.32262572582,15943.80373798838,-120.12946,14402.481697774005
11684.008232697155,14549.49658905317,53.428540000000005,14456.846101286797
11803.906590971175,13697.990109431232,217.87854000000002,14664.957295968241
21616.324612015407,13997.046723435382,303.39254,14958.636804842914
12974.186124388205,14147.746542431687,74.17454000000001,15023.960696818802
19241.22375916854,14186.46655586893,76.70454000000001,15091.523250009303
16633.050744855453,14609.025002963474,-221.83545999999998,14867.081162138844
13406.327759564701,14378.06105523687,-190.46346,14673.632135669823
13233.811849308959,14402.828891278235,-236.00346,14437.280677825907
15299.618447988476,14740.678074668336,-161.11545999999998,14280.810346394332
14251.468344607094,15014.392646556464,-165.16346,14124.634343995955
13213.561129554677,15167.347936242217,-157.57345999999998,13979.063754518416
15093.885039438715,15496.345781088972,-130.75546,13864.788669384121
12593.52236952115,14594.065556839545,-127.21346,13746.140112858675
14666.423330820791,14763.289277482803,-104.44346,13652.912579104915
13239.777437110424,14163.144645276992,-103.43146,13555.617754366636
13857.547029839823,13885.594273775429,-82.68546,13477.058914160723
13715.887260272468,13916.550223846203,-80.15546,13402.099921857578
13769.120772986651,13970.081116213973,-63.96346,13344.455908401142
13504.289911029666,13790.548262518092,-59.409459999999996,13290.10146654231
13936.404183979674,13759.041846455348,-47.77146,13247.49712494144
13220.335517350844,13759.719285234965,-47.77146,13205.325601144375
14017.839801435635,13652.11476143466,-36.13346,13174.021367347279
13436.361293583699,13736.398653840914,-26.51946,13153.390874812216
13782.53906661565,13648.010227420402,-22.471459999999997,13136.090322938298
13529.682120967867,13677.000695806146,-15.387459999999999,13126.265841266977
13537.777456035252,13645.023738425687,-12.857459999999998,13118.724534838564
13668.541457766009,13640.289158175041,-5.267459999999998,13118.72539567193
13485.689976496858,13611.946078526064,-2.2314599999999984,13121.448457100472
13714.64441142796,13632.981528565893,2.8285400000000016,13129.364042415127
13739.16003501069,13613.257113668995,7.888540000000002,13142.012627727665
13703.648911704076,13661.588453104318,12.442540000000001,13159.526500581433
13740.730499293266,13633.877522890083,17.502540000000003,13181.597525404519
13643.163341931175,13654.557727724832,21.55054,13207.662162027724
13625.111314114403,13638.814952474708,27.11654,13238.819064532196
13837.289694703793,13669.5757098483,32.17654,13274.981405585357
13791.989611680014,13694.996925412775,34.200540000000004,13313.04009538363
13797.002283936157,13707.843008029793,43.81454,13360.364519110093
13691.999936795553,13728.474004059663,50.392540000000004,13413.93422855959
13904.602055263691,13747.469768443238,54.440540000000006,13471.165718558426
13995.149841928489,13773.068749135016,58.99454,13532.589343464191
13853.313516293601,13788.035209593969,66.58454,13601.062496725488
14119.284081789934,13825.890567843633,72.65654,13675.240752036669
14021.192204291572,13863.693454079674,82.27054,13758.573113657098
14272.127057444932,13928.395028412726,90.36654,13849.734207404654
14323.41732625923,13977.007791568269,77.21054000000001,13927.445377846288
14737.81530906266,14071.590361306535,78.22254000000001,14006.327142280892
14855.25948554511,14177.416081467429,54.440540000000006,14061.934166272758
17026.492466563974,14510.865334444268,-4.2554599999999985,14062.210572554473
11907.996342929815,14311.204763210879,-130.24946,13935.753549061035
16088.873905815659,14520.577169599597,8.394540000000001,13949.912379866419
12822.694364027968,14417.515254373033,-210.70345999999998,13745.991983211485
21260.198317517374,15131.60667794578,-123.67146,13637.41338475883
13061.60134708511,15035.647592225132,-359.46745999999996,13295.522941433494
12898.930935349277,14898.327980015567,-298.74746,13015.791006419313
13396.368769760338,14805.623124365677,-320.50545999999997,12716.388922198777
17897.08039065103,15121.549632524515,-293.68746,12449.689943902036
12572.24698084944,14893.24838205495,-384.26146,12093.706682883567
12181.814712588395,14408.780606657392,-308.36145999999997,11811.579576721306
11935.538876592826,14411.534860023694,-236.50946,11603.43476415433
12737.94404354518,14076.441873796644,-239.54546,11391.014829850754
11559.40154524587,13950.112591918436,-191.47546,11227.045102071432
10667.299774270496,12890.822737593748,-134.80345999999997,11110.227453026655
11173.500056809624,12702.0126085662,25.598540000000003,11151.487859182052
11927.792116913624,12604.898726722635,129.83454,11294.558162457457
11625.716704889985,12427.8335202356,162.21854000000002,11466.487270635238
11462.975313054614,11784.423012475956,203.20454,11670.839122653646
11501.395656160632,11677.337880007075,255.32254000000003,11923.67342482718
11338.69373784432,11593.025782532668,286.69454,12204.194543004236
16808.82458141352,12080.354353014738,-90.78146,12113.082495704342
11071.428107969472,11913.702759457166,-96.34746,12015.70471294187
12744.377188316115,12032.200323764191,-164.15146,11853.359723650094
11765.779643795306,12142.048310716673,-199.06545999999997,11659.17180412076
20260.9987598806,13050.798181023769,-145.93545999999998,11528.611962489791
11417.030414572315,12999.722010789637,-302.79546,11243.55555757279
10839.338453067605,12921.0841856074,-145.42945999999998,11116.355678453137
11384.246047476949,12913.211259049633,-18.42346,11116.085008859101
11383.178626140565,12901.389556047627,9.912540000000002,11143.751468930986
11420.267835551653,12909.546965818357,43.30854,11204.284878499859
15072.647882628451,12735.929295939852,76.70454000000001,11295.538817274259
12195.94000676494,12848.380485819398,-52.83146,11258.76408855971
11232.073915842968,12697.150158572083,-43.723459999999996,11229.861723859834
11539.229313585285,12674.495125551082,-81.16746,11163.952272476747
14949.303862770563,12143.325635840078,-87.74546,11086.87800071038
11714.222048459818,12173.044799228826,-185.90946,10913.689303295563
11483.362757982744,12237.447229720341,-170.22346,10758.405657159812
12644.19087071013,12363.44171204366,-156.56145999999998,10619.460172308649
12658.467661577439,12490.970615587346,-223.85945999999998,10416.554411341436
11510.355970004306,12499.979429032612,-248.65346,10191.221736118348
11617.170124338923,12154.431653203657,-262.31546,9951.161529889203
11687.303273223437,12103.567979849508,-296.72346,9678.929368988807
11333.79403723818,12113.739991989029,-330.11946,9376.45920981881
10671.409248862292,12026.957985516729,-323.54146,9082.658152175787
11219.308137042604,11653.958412943934,-266.36346,8844.671329383467
10997.731907931735,11582.309398891124,-306.84346,8568.272684678543
9703.916273135646,11404.364750406416,-268.38746,8330.930019935822
10302.720812545534,11170.217744589956,-68.01146,8291.991551782363
-4964.071140418165,9407.963864390396,180.43454000000003,8481.781469508443
9388.45273461168,9195.773540851133,682.38654,9164.48406482187
10237.107811117192,9057.767309528961,837.72854,9992.76815186894
11269.547939799602,9015.991776186576,1080.6085400000002,11052.802842712117
10443.829197255805,8926.995292188338,1117.54654,12137.915841806878
11357.54891841045,8995.609259143155,1186.8685400000002,13281.49263058024
13660.394427775911,9239.717888216484,1285.0325400000002,14513.257097756603
28151.40646966158,10955.08534438947,865.05254,15334.07739482293
20536.16807123376,12038.31052419928,-0.20745999999999828,15300.914340716696
14858.876211669982,12493.926064111725,-458.64346,14818.787432550645
12255.860966563509,14215.919274809896,-566.92746,14251.500565573237
13884.907141921183,14665.564715540848,-494.56946,13766.017441672911
12569.585594847998,14898.812493913929,-423.72945999999996,13357.853226795321
15634.563227739442,15335.314022707913,-343.27546,13037.785129354448
11664.811072652677,15457.4122102476,-430.30746,12635.97701476338
8986.84350151458,15220.341668558012,-311.39745999999997,12353.537175901327
8119.433562628748,14666.245582043299,171.83254000000002,12546.778474562747
10997.687958388156,12950.873730915955,670.7485399999999,13214.860481726279
12348.987233306329,12132.155647123212,846.3305399999999,14041.900667980246
11903.934620294469,11836.66148798566,961.19254,14971.4288907803
11798.327873750322,11790.908178704343,1092.24654,16020.947758259541
31900.86397630367,13592.503862142592,1001.6725399999999,16988.319133898374
18396.399452792946,14175.185247937086,74.17454000000001,17033.620589638762
23051.52140232929,14916.881065396072,-247.64146,16767.288148996337
12881.27586080732,15038.527544211534,-391.34546,16362.568537548488
12945.061219271325,15434.34931598721,-331.13146,16025.466199932876
12829.23680414276,15905.329640138612,-210.19745999999998,15816.169348934933
16990.520715683764,16504.612915868172,-234.48546,15590.913179204264
13506.940872527755,16620.408279790314,-200.07745999999997,15403.131444810126
14105.429333432088,16840.557751104076,-189.95746,15229.447822473066
13991.723563404285,17059.89732006947,-149.47745999999998,15099.76963204903
14218.141050218006,15291.625027460905,-140.87545999999998,14962.22148060315
13698.261934467873,14821.811275628399,-103.93746,14857.919293153402
14295.742977736038,13946.23343316907,-87.23946,14762.435369153558
13945.939833609646,14052.699830449303,-62.44546,14693.517008366514
14153.496156049972,14173.543324127168,-46.75946,14642.025406124123
13851.42623519366,14275.762267232256,-17.91746,14620.624489335205
14142.876613771494,13990.997857041028,-4.2554599999999985,14610.115317612264
13844.156448128908,14024.719414601142,14.466540000000002,14618.583233182153
14016.129049328603,14015.789386190794,37.742540000000005,14649.920409312239
14135.86838525897,14030.203868376262,63.54854,14706.636298502879
14104.293113853864,14018.819074739851,79.74054,14778.70126086525
14256.484617296619,14074.641343022722,101.49854,14872.144216286826
14248.861768677752,14069.953222116892,121.73854,14984.643460945128
14409.536921933775,14116.312930949305,144.50854,15119.023610245169
14553.628796101308,14156.32619495444,165.76054000000002,15273.499570692262
14544.553089231358,14225.638880358212,189.54254000000003,15450.668078388922
14730.755353721594,14284.426754353222,212.81854,15649.696019748566
14918.532037235209,14391.864313263854,239.13054000000002,15873.856937283717
14932.144207582965,14483.46582908929,266.45454,16123.743020801774
15199.346383815773,14589.81362894497,298.83854,16404.253881483204
15945.457262356858,14773.930043795268,325.65654,16710.350617706325
17253.68015723777,15073.649597789385,340.33054000000004,17030.910842107154
15682.57651697619,15217.02107261923,321.60854,17331.164399012276
21067.887003169235,15882.856080742777,212.31254,17526.870730429582
16487.17903662847,16076.211104795493,-186.41546,17327.812828773243
17370.902273865282,16358.846023258884,-380.71945999999997,16941.2108953181
15267.918886026377,16412.56237648936,-597.28746,16344.609824729814
15666.546879675554,16487.363860733396,-860.9134600000001,15493.73303968985
13387.358737891725,16332.885313764273,-930.7414600000001,14580.690517030594
19675.894314984005,16780.540106881097,-845.2274600000001,13765.9138275291
11664.695834156499,16352.46396406106,-841.1794600000001,12959.01166349442
11366.27732197897,15763.72368053518,-709.61946,12284.535518264829
11774.3529472352,15372.90132356108,-608.4194600000001,11713.083910917792
11560.72426671713,14422.185049915866,-516.32746,11229.010736907774
12325.41888703483,14006.009034956503,-361.49145999999996,10898.904174488262
11832.539455895298,13452.172753159506,-52.32546,10872.634654874973
9487.19972082762,12874.10083663963,70.12654,10962.07459129262
10081.251438355748,12315.571292507651,212.31254,11185.79897290477
10490.739925210699,12025.909411239547,282.64654,11474.020151888119
10897.594092827636,11148.07938902391,370.69054,11837.744378859476
13615.896774913692,11343.199483099628,461.77054000000004,12289.951764501877
13251.959731453266,11531.767724047057,215.85454000000001,12496.06591869733
14044.597521571612,11758.7921814807,161.71254000000002,12648.788595925163
14447.736357066151,12047.493390515601,-198.05345999999997,12446.702718471068
13500.394076018338,12164.990909413951,-514.80946,11934.224234980496
15240.994728714084,12505.83643669583,-553.77146,11391.706611597649
14548.83112604766,13011.999577217835,-653.4534600000001,10760.990615853849
11767.037880542832,13180.578221436543,-653.4534600000001,10138.267566509676
10931.47495098597,13224.651724014071,-633.71946,9541.74914268472
7972.8263715375015,12932.174951885056,-387.29746,9192.228915376723
9921.024872379114,12562.687761631598,-102.92546,9124.037298439272
6276.1767420132755,11865.109462687597,78.22254000000001,9228.888334681757
10773.112451365681,11537.960955667004,240.64854000000003,9490.22111549161
11040.89993662625,11197.277313623013,206.24054,9711.469812072924
11446.19370447232,10991.857276468412,182.45854000000003,9904.907641316879
11447.708132062611,10612.528616803265,159.68854000000002,10070.075505671743
11590.129852789125,10316.658489477411,135.40054,10206.587870109799
18095.200093206626,10949.47471074379,84.29454,10297.46833311614
13182.039965178532,11174.531212163047,-154.53745999999998,10153.24687650661
10871.902071762199,11464.438782185516,-200.58345999999997,9967.7811701634
10875.437165649351,11559.88001151254,-211.20945999999998,9774.604793176892
11370.77437191655,12069.339774502867,-234.99146,9564.910597590151
10553.55194652896,12047.383724019193,-263.32746,9329.04114345444
11261.754484380275,12069.469178794596,-135.81545999999997,9221.988118407842
10143.868211132103,11939.236629460573,-139.86345999999998,9110.695778118368
10511.365694143082,11845.602385668619,28.12854,9165.89209879387
9386.376094971449,11625.227009886852,179.42254000000003,9368.1137625048
10989.396960755103,10914.6466966417,295.29654,9675.922666446168
7189.122643167866,10315.354964440634,397.00254,10075.349504026111
6994.290128515678,9927.593770115982,727.9265399999999,10794.519221287012
10071.105714558076,9847.160625006854,882.25654,11658.47960992421
11746.640940769945,9884.747281892192,993.57654,12624.383061243889
11352.845655117626,9964.676652751059,1083.1385400000001,13670.09315175896
21830.66616651515,11021.567820964547,1171.18254,14803.078613051017
19298.402130546474,11937.021212905984,486.56454,15256.116933649566
15517.059206668671,12437.590564158541,-47.77146,15180.637924554656
20863.680619815863,13585.321016642982,-451.05346,14718.14183007554
12125.435579659808,13698.92487853345,-469.77546,14242.871955160117
12048.170245423891,14184.829638759053,-348.33546,13897.439426596105
18363.64043661789,15321.764669569273,-441.43946,13474.657613625839
11488.523253423573,15463.506423455823,-477.36546,13021.95429632414
9706.508054939666,15259.493134872793,-408.54946,12639.865719309626
-2499.563446868295,13874.252224674201,19.52654,12671.540858963273
9134.979565414025,12604.683564564088,534.63454,13200.160480619283
11104.589999654301,11785.302351474871,855.94454,14033.396993927838
12365.693801428406,11470.165810950846,982.9505399999999,14980.885716698067
12267.763935974277,10610.574142566687,1121.0885400000002,16047.060255556753
17278.437522753746,11125.87433687608,1276.43054,17261.51463096995
32371.39408379477,13158.196720713171,517.4305400000001,17732.73768646738
16758.389036637254,12997.671580715109,-19.43546,17666.145920009854
20934.724996494777,13942.291755022228,-369.58745999999996,17263.01579295998
11937.064542825246,14165.347403810785,-323.54146,16911.733063668486
12531.110738714766,15668.414822369092,-81.16746,16818.94409585549
19882.678877740702,16743.18475360176,-156.05545999999998,16663.691597032954
12068.26213936864,16839.551967573192,-180.34346,16486.910175338355
14989.700672777675,17101.952654708122,16.996540000000003,16509.88717473205
15190.877632467473,17394.264024357442,-122.65946,16397.298077828305
13989.89645605578,17065.409917687644,28.12854,16431.826450826902
15824.779485903198,15410.748457898488,-23.483459999999997,16398.36704549762
15885.395609766238,15323.449115211386,117.18454,16503.630560794754
14308.670587997898,14660.8436743617,62.03054,16546.612926530423
15606.01366431409,15027.738586510584,173.35054000000002,16703.041217730224
15048.827968846901,15279.510309523796,148.05054,16835.37594324816
15375.727694415442,14828.815191191268,235.58854000000002,17048.542990327594
15765.323604503044,15198.52133770471,229.01054000000002,17256.763208401364
15895.637554316447,15289.115025858588,269.99654000000004,17504.383301175938
16490.518546421506,15419.07911725399,294.79054,17775.37289393672
16873.67739489956,15707.45721113837,323.12654000000003,18074.58901170874
19254.023900364762,16050.381652584527,271.00854000000004,18322.645392717495
22617.435336217626,16723.585625229665,-106.46746,18201.252009642616
21558.0884226747,17448.527408697344,-382.74345999999997,17814.80873823316
14778.645088460657,17365.790551112,-781.4714600000001,17036.661810961952
19415.03740846218,17802.41149507353,-853.82946,16199.028142403065
17997.971939200568,18064.63591955204,-999.5574600000001,15228.122334774554
12288.577178452384,17716.96127694698,-1007.65346,14255.433798796279
17756.815586437755,17903.079080159114,-950.47546,13350.939546209907
11283.131921161903,17382.34041763315,-875.5874600000001,12524.421969524139
11065.8310835921,16801.555786502406,-739.97946,11834.613642293922
9238.701828435243,15800.023579309453,-645.3574600000001,11235.363856264079
7625.580720183276,14300.838117706016,-241.06346,11027.3657734785
9639.173156581313,13108.94659109668,117.18454,11164.194276254682
9833.291189018426,12614.411201152458,427.86854,11602.28630010366
10245.157769854479,11697.423237291689,584.72854,12182.118924075541
11762.093489073748,11073.835392279007,683.90454,12848.101583357575
12514.04172510973,11096.38184694474,576.63254,13401.450600593445
33246.67122747459,12645.367411048423,205.73454,13597.566963297993
14783.070732048496,12995.361292137084,-268.38746,13325.841321186384
19027.97719567344,13791.57590334522,-413.60946,12921.025301607973
11324.428868289204,14000.148607330615,-667.1154600000001,12271.372229265198
18108.58157155797,15048.448692468086,-661.5494600000001,11644.209028497227
11375.383147395596,15222.069691549512,-780.96546,10906.831829727751
9487.290618467194,15187.46963449439,-719.23346,10237.59708237542
9100.716556604137,15073.025513169356,-396.91146,9893.00902128336
9338.987151601588,14830.71487942214,-178.82546,9765.348874464747
-918.6518397625531,13487.445522934911,217.37254000000001,10017.768655549451
10332.55138348446,11196.033538535901,556.8985399999999,10580.880858979317
11156.27702406332,10833.354167737383,556.3925399999999,11134.234206666897
11994.696487627447,10130.026096932785,576.12654,11694.557400169555
19808.582793743102,10978.441489478175,387.89454,12071.41183566264
13653.301812089425,10532.91351353132,-14.881459999999999,12041.294207041326
12628.307274159444,10658.205926207705,4.346540000000002,12031.76639883299
11361.959534015175,10845.672817762505,-154.53745999999998,11866.913377622286
9713.89766856846,10906.990928958938,0.29854000000000175,11857.609707735654
11047.522343676175,11077.844448166396,262.91254000000004,12110.095469739961
19834.521215965688,13153.16175373922,245.70854000000003,12363.777587179953
12852.143005561764,13405.120915946947,116.17254,12489.201835067623
14355.791720397072,13725.072385580323,8.394540000000001,12509.871135172749
14354.730355395845,13961.075772357162,23.068540000000002,12547.221036144594
11902.592606624623,13170.476753645315,-68.51746,12485.621307919602
13046.965759524892,13109.843148388862,-27.53146,12464.607380924293
10913.893905953399,12938.401811568256,-63.96346,12406.021499830733
11877.110103223113,12989.91686848905,-70.54146,12342.024408117317
10516.746013108092,13070.201702943015,-204.12545999999998,12147.221975665576
12435.97548383615,13209.047016959012,-196.53545999999997,11963.270120678511
15108.649783480014,12736.459873710444,-272.43546,11701.290912808829
11500.161064422118,12601.261679596479,-270.91746,11442.082335076704
12054.624103775175,12371.144917934289,-227.40146,11226.245515505281
11437.793882350947,12079.451270629801,-179.33146,11057.239427656526
14417.3960107778,12330.931611045118,19.02054,11088.806684090412
11812.702613808156,12207.505296473446,-14.881459999999999,11085.261024814241
11679.07669152272,12284.023575030376,5.864540000000002,11103.054544916402
11684.13361609681,12264.725926317748,29.64654,11144.021333330416
12061.182191969423,12419.169544203882,47.35654,11203.655790039153
13464.126115988856,12521.984607419152,-12.857459999999998,11204.110192812952
11148.80910871477,12126.000539942626,-33.60346,11180.061670884248
12215.10134778598,12197.494568279011,-35.12146,11155.465754458195
12609.769133808399,12253.009071282333,-120.12946,11047.513022226436
11771.60096351822,12286.38977939906,-151.50145999999998,10909.915344398161
11973.196875851332,12041.969865906412,-154.03145999999998,10768.744744213245
12311.081545293106,12091.807759054907,-184.39146,10599.427828961661
11522.18243426137,12076.118333328774,-209.18545999999998,10407.101128605333
11653.885432407884,12073.09351495988,-223.85945999999998,10202.140187068879
11660.57867188008,12033.033162950946,-250.17146,9972.7793714277
11658.474265487675,11852.46797790083,-288.62746,9705.83507209243
11167.422415103256,11854.329308539678,-253.71346,9476.143689056902
9276.821125999408,11560.50128636102,158.17054000000002,9653.576099629943
8521.249843868154,11151.649357366998,338.81254,10003.981246807314
8733.450157233494,10847.834276738524,539.69454,10546.717371706625
10791.794887567414,10729.694077910133,709.20454,11250.65963336866
10420.443391621287,10540.630262542953,777.0085399999999,12012.797794260403
11198.64219200035,10508.27623831685,925.26654,12913.766453300968
10279.808789245715,10370.868574000633,998.13054,13876.486709107965
12402.945281307413,10445.105234943367,1103.3785400000002,14934.517648966319
33419.43881149943,12621.201689544543,499.72054,15406.107823972103
12765.043679987917,12780.963816033009,-74.08346,15306.513758492712
13908.476638512768,13244.129367284342,-285.08546,15003.655309180629
22454.320673640428,14637.43645026157,-340.74546,14662.655115191437
12175.061935465066,14981.597628084728,-490.52146,14180.22829492037
13658.389944817498,15268.257133809737,-369.58745999999996,13825.216997909263
14129.269596338534,15639.139754281461,-357.94946,13488.986260072985
11977.408798140836,15717.016414895508,-258.77346,13255.080836221208
11530.979020262035,15842.133437997138,-124.17746,13158.015676838966
9852.405175662743,15587.07942743267,74.68054000000001,13256.240048944903
11198.36187168803,13364.971733451534,323.63254,13577.72358038997
11485.109541721426,13236.978319624885,540.70654,14109.615602382319
11728.77952592333,13019.00860836594,678.33854,14770.264687042156
11341.00084221031,11907.67662522293,825.58454,15558.967501023964
16250.622997689787,12315.2327314454,801.80254,16320.31466792818
24727.99812948328,13422.193549911977,67.59654,16358.254031348019
14827.800068895562,13492.04659716768,-74.58946,16255.748391606216
20507.006975367873,14345.006414890386,-346.81746,15893.291686439057
11911.884366377393,14383.096949501924,-334.16746,15547.363953669685
16407.960245954775,15038.652456531127,-145.42945999999998,15398.3016732983
15087.742929232067,15427.59056228553,-216.26945999999998,15184.487796788173
11795.048951338596,15458.584503247246,-229.42546,14960.097558452762
16240.90258116758,15909.796808771669,-152.51345999999998,14818.606225555952
12688.534689600558,16044.550193510693,-194.51146,14638.299319835498
14134.671886906672,15832.955082432381,-137.83945999999997,14513.784812061469
14075.692876858657,14767.72455716992,-137.33345999999997,14380.364084112554
12968.13509373774,14581.758059654137,-103.43146,14279.980878467972
13197.932545251266,13850.850616642478,-62.95146,14213.367630449717
12974.119504715507,13957.074130476289,23.068540000000002,14233.64255004998
11484.295185833813,13464.707624464194,268.98454000000004,14492.247895394123
11676.170972889404,13123.550428829927,379.29254000000003,14854.060535328481
11846.306496577596,13128.676183353828,509.84054000000003,15341.548826408734
24258.908652731086,13930.476790510176,492.63654,15815.148280649748
15489.213298846322,14210.544651434753,378.78654,16174.100918957598
16586.537239798457,14455.731186723933,-184.89746,15973.868736235261
11283.306022358809,14176.492501273946,-117.09346,15839.972448485649
11512.112261348464,14030.890218035018,121.73854,15942.402780781142
23048.146198625738,15015.911583372465,163.23054000000002,16094.736103407056
11550.133798472945,14873.513012748206,-12.351459999999998,16070.29592710047
11898.406631613467,14914.924157326172,90.36654,16148.205084002726
15131.73471394998,15260.48053143223,218.89054000000002,16356.029473077022
17903.115051566987,15866.161386931166,93.40254,16443.599306815562
13020.395148197938,14742.310036477855,196.62654,16621.24668871219
17455.798728368256,14938.968579430046,210.79454,16813.110502219366
14670.28676727197,14747.343532177396,199.66254,16990.118747118948
15425.918494906002,15161.604779432117,202.19254,17172.00422204208
15699.205675713467,15580.314120868617,221.42054000000002,17375.293655630343
17357.35050702328,15011.23455170837,283.65854,17632.475019191126
15872.174943684984,15443.438666229576,117.69054,17727.09829026151
16278.048059327619,15881.40280900099,57.98254,17766.04405004891
15424.956525614303,15910.724990167422,-23.989459999999998,17723.741294050094
2890.3769644352246,14409.451181454246,64.05454,17754.012387524137
6347.699901342011,13742.181656768653,214.33654,17926.087254816583
33179.53435772301,15314.555219704129,591.81254,18485.866349065458
6568.951886302349,14504.421731607168,498.70854,18939.773357490878
13408.535897792575,14302.683471895823,1413.55654,20292.82343323493
34549.97527829213,16187.760432153693,2353.1985400000003,22581.439357824118
28418.17875439568,17293.843256890934,2934.0865400000002,25433.309071414787
29275.95811183821,18634.221573706258,3536.73254,28866.683411037702
32627.27331098066,20269.144098871562,4110.03054,32849.63825251604
40437.2096984476,22770.369416154892,4425.26854,37129.86141875242
44131.41398811225,26894.473118522594,4552.27454,41534.25933035012
43462.44670359475,30605.94779874787,4479.91654,45860.093589634096
47613.427922816816,32049.337155257253,4412.61854,50090.47837989033
49185.81677119319,36311.02364374634,4236.53054,54146.84906712889
47128.38585696939,39683.008639664025,4280.04654,58239.456737454246
56330.7376936677,41861.084881201576,3978.97654,62014.85979349172
52294.214297808896,44248.6884355429,3802.88854,65602.05773451223
58587.239130105765,47179.816537369654,3393.53454,68777.43451714079
60998.3800350227,50016.92720977386,3042.37054,71601.77627866714
63509.38586756282,52324.144826685384,2522.70854,73906.48141874732
72683.55876597115,55179.35930447127,2607.71654,76300.84957220456
80036.54649490656,58836.76928360244,1941.31454,78048.11016391855
61828.34525114738,60258.2610164355,1419.12254,79275.14298704373
76442.0133545907,62983.88067477526,1189.90454,80290.23585852105
84813.93996833723,66752.43608591204,866.06454,81012.26175539497
86755.35548508102,69794.89786505335,735.51654,81628.24949109154
84390.76337945217,73004.55277321769,557.40454,82093.84301851281
87412.30253520203,75887.0591137273,469.86654000000004,82496.94305406495
89155.36401277836,78702.75751150286,457.72254000000004,82912.14651323934
90140.09240439525,81365.8281651861,504.27454,83395.9151243588
91821.26423057468,83279.59871164647,483.02254000000005,83872.94427483168
88911.49991390752,84167.09405354656,387.38854000000003,84259.40042721883
89016.40512842897,86885.90004127471,361.58254,84643.63213795939
91552.7459866115,88396.97330447679,268.98454000000004,84947.46024422457
94036.63829431978,89319.24313707504,129.32854,85119.21332775308
94127.18654703356,90056.42624327031,-28.54346,85140.32743150825
92087.57023443579,90826.10692876867,-187.42746,85011.63204108085
90387.13119140147,91123.58979438862,-343.27546,84732.90891321393
91674.85329773331,91375.53872288411,-442.45146,84361.30826591064
92631.90190390588,91624.71967283518,-468.25746,83970.3674945799
99331.45310453692,92375.7385602314,19.02054,84073.2515398364
92827.78823295502,92767.36739213616,418.76054000000005,84574.7656329594
93373.82256934965,93203.10913622823,719.32454,85373.18036259209
90006.96288831055,93048.53082639814,725.9025399999999,86168.57738183015
86577.20499523295,92302.58749648946,499.21454,86724.13987757674
87024.82622235196,91592.3514640213,400.03854,87168.86014804119
91082.39824012714,91491.83426459043,501.23854,87708.31604380668
89461.10579128836,91399.2317245791,490.10654,88230.4306752144
94284.12692098945,91660.15908690472,443.04854,88703.34601393131
87188.45083067652,91115.81397958178,-206.14945999999998,88523.38272818782
91403.4142837574,90323.01009750382,115.16054,88655.38793648097
90724.8619562832,90112.71746983664,255.32254000000003,88922.73054641452
88476.19176846638,89622.95438974831,-7.797459999999998,88922.01329944785
88845.67096868582,89506.82519778585,94.41454,89021.33181303123
89882.55555164677,89837.36025342722,25.092540000000003,89054.33371203518
91447.24630863963,90279.602262056,38.75454,89104.95339213539
88160.49967955887,89987.41240599917,19.52654,89133.10925687403
90544.39922303549,90095.74174917387,13.960540000000002,89156.55651639702
92085.02729434178,89875.83178650911,-21.96546,89142.00346369813
91770.7120393385,90334.05790737532,-23.989459999999998,89130.1744427349
91406.18637037209,90334.33511603679,-31.073459999999997,89111.45332406792
91761.84666113631,90438.0335865221,-13.363459999999998,89111.48930129246
90575.97544055677,90648.01195373114,-2.7374599999999982,89124.14444241684
89587.74259590577,90722.21911645313,-0.20745999999999828,89139.9198037572
88200.27585293536,90553.99114658199,-16.399459999999998,89137.82505178545
86186.0353988032,90027.87005559835,-16.905459999999998,89129.98909642358
86487.07932174199,89860.52801981664,-6.785459999999999,89130.57688025752
89042.87084378817,89710.37518189191,-3.7494599999999982,89132.66289787386
89996.98508227116,89501.57096068484,-0.7134599999999983,89135.64565310196
89407.9770417381,89265.2974609248,-4.761459999999999,89132.22832578019
89319.40135287093,89056.6189591747,4.852540000000002,89136.27624671414
89517.72400218692,88832.20669327975,0.29854000000000175,89133.53110577981
89419.56025741334,88716.56517496539,1.3105400000000018,89130.65888107168
89288.35896034585,88686.6268114094,-1.2194599999999982,89125.01129497506
89427.57488527689,88809.35671464355,-0.20745999999999828,89121.64936377175
89461.664711834,89136.91964594663,1.8165400000000018,89123.6004411935
89443.8627790786,89432.59799168029,-2.2314599999999984,89124.48127129837
89215.51871686867,89449.86277898835,-0.20745999999999828,89127.52970097527
89593.01971229108,89409.46624199035,-1.2194599999999982,89129.14180098542
89423.717944441,89411.04033226063,-0.20745999999999828,89131.75540089817
89347.98434492676,89413.89863146622,-0.7134599999999983,89133.87050780385
89480.09818932637,89410.13605018015,2.322540000000002,89138.9324778276
89566.11553750117,89424.79157818895,-2.7374599999999982,89139.08098343121
89291.28194806394,89425.08387696077,0.8045400000000017,89142.73750696651
89475.57379031337,89429.8837674644,0.29854000000000175,89145.9045241715
89409.30605447621,89424.64790172862,-1.2194599999999982,89147.48469254708
89301.89494685421,89410.45111850619,0.29854000000000175,89150.40991140668
89468.59656991494,89435.75890381081,-0.20745999999999828,89153.05801593071
89460.18221851334,89422.47515443304,-0.7134599999999983,89155.04586191574
89377.03896879348,89417.80725686828,-0.7134599999999983,89156.96715046527
89479.48796116713,89430.95761849232,-0.20745999999999828,89159.50166974553
89475.1729641076,89430.46509597044,0.29854000000000175,89162.50685860778
89408.23025027542,89414.67656724787,-0.20745999999999828,89164.82317029418
89526.11378845896,89438.15975128737,-0.20745999999999828,89167.35115070411
89331.40794907285,89423.74316716332,-1.7254599999999982,89168.2068654687
89431.51154615932,89425.96371633164,0.8045400000000017,89171.58092857733
89371.81634973681,89432.9558566199,0.8045400000000017,89174.99117245775
89385.04323417974,89424.60052304636,-1.2194599999999982,89176.28000056365
89422.3991371128,89420.82221490631,-0.7134599999999983,89178.01909730709
89398.52679748395,89422.97099777535,-0.7134599999999983,89179.76229091176
89371.5212542881,89412.17432708746,0.29854000000000175,89182.38196587353
89572.82242967891,89421.93927364459,0.29854000000000175,89185.07309355124
89327.96786548808,89413.91303516584,2.322540000000002,89189.66080756737
89318.04326634003,89393.10598295394,0.8045400000000017,89192.49175392123
89458.56429706627,89405.82161775329,-0.20745999999999828,89194.41966715956
89365.2809164485,89399.19855478221,0.29854000000000175,89196.76301063578
89388.8000373767,89400.8969235462,2.322540000000002,89201.10366436488
89479.09054463496,89410.30165459172,-0.20745999999999828,89202.99025886715
89368.56667924901,89404.91840880536,0.29854000000000175,89205.30509496655
89394.38268318055,89404.50399737501,-1.2194599999999982,89206.08981859064
89473.43930533987,89414.69580248019,-0.20745999999999828,89207.97049302954
89351.62534480568,89392.57609399286,-0.20745999999999828,89209.61116363917
89446.97461857543,89404.4767693016,0.8045400000000017,89212.3563142958
89289.11288490029,89401.58373115762,0.8045400000000017,89215.04508306441
89430.42248091867,89398.76954954286,0.29854000000000175,89217.1778823292
89396.47597300739,89401.88905519876,1.3105400000000018,89220.3224286579
89398.17345637674,89402.82639709876,1.8165400000000018,89223.94584294231
89418.86870927404,89396.80421356267,-0.7134599999999983,89224.96810124852
89443.86416032656,89404.33396167043,-0.7134599999999983,89226.05543445275
89433.54260947357,89408.24995429974,-1.2194599999999982,89226.67011425123
89455.71117781782,89406.47714154753,-0.20745999999999828,89228.26279912419
89349.93107084965,89406.30771415193,0.29854000000000175,89230.33880287447
89350.43134493088,89396.65338678748,-0.7134599999999983,89231.29562331359
89380.9178619556,89405.83388449301,-2.7374599999999982,89230.33092052538
89392.30255929223,89402.02189233035,0.29854000000000175,89232.34338484344
89461.73940910606,89408.54823594022,-0.20745999999999828,89233.90004795439
89388.29754297003,89407.56064459955,1.8165400000000018,89237.43502852085
89327.77055471789,89398.45082914394,0.8045400000000017,89239.84168112707
89358.37297137962,89389.90171024925,1.3105400000000018,89242.6397160183
89414.03852078746,89387.95130138064,0.29854000000000175,89244.38838647192
89482.19254496363,89390.59943809523,1.3105400000000018,89247.14793158816
89704.99144933515,89426.10547594378,-1.2194599999999982,89247.73024163173
89530.60750895516,89444.12309234621,-0.7134599999999983,89248.98784473888
89317.24185854368,89437.75549200502,0.29854000000000175,89251.17107581154
