phase,x,y,theta,alpha,ref_x,ref_y,ref_theta,ref_alpha
0,0.0,0.0,0.0,90.07086495191388,0,0,0.0,11.2
0,0.0,0.0,0.0,90.0704510404449,0,0,0.0,11.2
0,0.0,0.0,0.0,90.07060280933163,0,0,0.0,11.2
0,0.0,0.0,0.0,90.07175753645487,0,0,0.0,11.2
0,0.0,0.0,0.0,90.07184970778009,0,0,0.0,11.2
0,0.0,0.0,0.0,90.0698969811501,0,0,0.0,11.2
0,0.0,0.0,0.0,90.07163056279389,0,0,0.0,11.2
0,0.0,0.0,0.0,90.07186367408963,0,0,0.0,11.2
0,0.0,0.0,0.0,90.0715916606666,0,0,0.0,11.2
0,0.0,0.0,0.0,90.07087661648139,0,0,0.0,11.2
0,0.0,0.0,0.0,90.0702557915335,0,0,0.0,11.2
0,0.0,0.0,0.0,90.07060356025579,0,0,0.0,11.2
0,0.0,0.0,0.0,90.06989883112361,0,0,0.0,11.2
0,0.0,0.0,0.0,90.0698109831289,0,0,0.0,11.2
0,0.0,0.0,0.0,90.07026020524503,0,0,0.0,11.2
0,0.0,0.0,0.0,90.06864686379467,0,0,0.0,11.2
0,0.0,0.0,0.0,90.06750217212087,0,0,0.0,11.2
0,0.0,0.0,0.0,90.06733446203027,0,0,0.0,11.2
0,0.0,0.0,0.0,90.06875377682653,0,0,0.0,11.2
0,0.0,0.0,0.0,90.06702149430218,0,0,0.0,11.2
0,0.0,0.0,0.0,90.0667814264488,0,0,0.0,11.2
0,0.0,0.0,0.0,90.06872224552605,0,0,0.0,11.2
0,0.0,0.0,0.0,90.06802596797537,0,0,0.0,11.2
0,0.0,0.0,0.0,90.07041386007056,0,0,0.0,11.2
0,0.0,0.0,0.0,90.07072337335242,0,0,0.0,11.2
0,0.0,0.0,0.0,90.07352745952927,0,0,0.0,11.2
0,0.0,0.0,0.0,90.07173451997525,0,0,0.0,11.2
0,0.0,0.0,0.0,90.07105201869076,0,0,0.0,11.2
0,0.0,0.0,0.0,90.07346014658485,0,0,0.0,11.2
0,0.0,0.0,0.0,90.07585421038905,0,0,0.0,11.2
0,0.0,0.0,0.0,90.07517396437144,0,0,0.0,11.2
0,0.0,0.0,0.0,90.07702849128803,0,0,0.0,11.2
0,0.0,0.0,0.0,90.07635380118458,0,0,0.0,11.2
0,0.0,0.0,0.0,90.0766413726177,0,0,0.0,11.2
0,0.0,0.0,0.0,90.07638636768588,0,0,0.0,11.2
0,0.0,0.0,0.0,90.07722968934695,0,0,0.0,11.2
0,0.0,0.0,0.0,90.07803152918851,0,0,0.0,11.2
0,0.0,0.0,0.0,90.07670351687042,0,0,0.0,11.2
0,0.0,0.0,0.0,90.07796027559685,0,0,0.0,11.2
0,0.0,0.0,0.0,90.07766271870038,0,0,0.0,11.2
0,0.0,0.0,0.0,90.07734132699717,0,0,0.0,11.2
0,0.0,0.0,0.0,90.07707634039063,0,0,0.0,11.2
0,0.0,0.0,0.0,90.0762475123096,0,0,0.0,11.2
0,0.0,0.0,0.0,90.07441785744213,0,0,0.0,11.2
0,0.0,0.0,0.0,90.07269333434057,0,0,0.0,11.2
0,0.0,0.0,0.0,90.0720116342828,0,0,0.0,11.2
0,0.0,0.0,0.0,90.07129296909977,0,0,0.0,11.2
0,0.0,0.0,0.0,90.06998154978598,0,0,0.0,11.2
0,0.0,0.0,0.0,90.06869629705687,0,0,0.0,11.2
0,0.0,0.0,0.0,90.06840289323192,0,0,0.0,11.2
0,0.0,0.0,0.0,90.06867535449896,0,0,0.0,11.2
0,0.0,0.0,0.0,90.0684254324866,0,0,0.0,11.2
0,0.0,0.0,0.0,90.06867749341451,0,0,0.0,11.2
0,0.0,0.0,0.0,90.0679714739789,0,0,0.0,11.2
0,0.0,0.0,0.0,90.06922356535,0,0,0.0,11.2
0,0.0,0.0,0.0,90.06845162397379,0,0,0.0,11.2
0,0.0,0.0,0.0,90.06872665637829,0,0,0.0,11.2
0,0.0,0.0,0.0,90.06750029900152,0,0,0.0,11.2
0,0.0,0.0,0.0,90.06786826227786,0,0,0.0,11.2
0,0.0,0.0,0.0,90.06727365697773,0,0,0.0,11.2
0,0.0,0.0,0.0,90.06506611086903,0,0,0.0,11.2
0,0.0,0.0,0.0,90.06386287354053,0,0,0.0,11.2
0,0.0,0.0,0.0,90.0642805509721,0,0,0.0,11.2
0,0.0,0.0,0.0,90.06252534680569,0,0,0.0,11.2
0,0.0,0.0,0.0,90.05813615638681,0,0,0.0,11.2
0,0.0,0.0,0.0,90.05479947203949,0,0,0.0,11.2
0,0.0,0.0,0.0,90.05468680338734,0,0,0.0,11.2
0,0.0,0.0,0.0,90.0546554112146,0,0,0.0,11.2
0,0.0,0.0,0.0,90.05405781611563,0,0,0.0,11.2
0,0.0,0.0,0.0,90.05126746162007,0,0,0.0,11.2
0,0.0,0.0,0.0,90.05114571956098,0,0,0.0,11.2
0,0.0,0.0,0.0,90.05207762964511,0,0,0.0,11.2
0,0.0,0.0,0.0,90.05501843231168,0,0,0.0,11.2
0,0.0,0.0,0.0,90.05437354731141,0,0,0.0,11.2
0,0.0,0.0,0.0,90.05531719547182,0,0,0.0,11.2
0,0.0,0.0,0.0,90.05518907744386,0,0,0.0,11.2
0,0.0,0.0,0.0,90.0545388286813,0,0,0.0,11.2
0,0.0,0.0,0.0,90.05586978015543,0,0,0.0,11.2
0,0.0,0.0,0.0,90.05833381267816,0,0,0.0,11.2
0,0.0,0.0,0.0,90.0562076864292,0,0,0.0,11.2
0,0.0,0.0,0.0,90.05449211466079,0,0,0.0,11.2
0,0.0,0.0,0.0,90.05493500768655,0,0,0.0,11.2
0,0.0,0.0,0.0,90.05641601077872,0,0,0.0,11.2
0,0.0,0.0,0.0,90.05577056847486,0,0,0.0,11.2
0,0.0,0.0,0.0,90.05576479119152,0,0,0.0,11.2
0,0.0,0.0,0.0,90.05629876086765,0,0,0.0,11.2
0,0.0,0.0,0.0,90.0567906999031,0,0,0.0,11.2
0,0.0,0.0,0.0,90.0589067168723,0,0,0.0,11.2
0,0.0,0.0,0.0,90.05935620375517,0,0,0.0,11.2
0,0.0,0.0,0.0,90.05817557315767,0,0,0.0,11.2
0,0.0,0.0,0.0,90.05762620495057,0,0,0.0,11.2
0,0.0,0.0,0.0,90.06012306540232,0,0,0.0,11.2
0,0.0,0.0,0.0,90.05848552731369,0,0,0.0,11.2
0,0.0,0.0,0.0,90.05941179685234,0,0,0.0,11.2
0,0.0,0.0,0.0,90.05877324756077,0,0,0.0,11.2
0,0.0,0.0,0.0,90.06023256027183,0,0,0.0,11.2
0,0.0,0.0,0.0,90.060588415892,0,0,0.0,11.2
0,0.0,0.0,0.0,90.05814521431209,0,0,0.0,11.2
0,0.0,0.0,0.0,90.07561067570961,0,0,0.0,11.2
0,0.0,0.0,0.0,90.11983562101514,0,0,0.0,11.2
0,0.0,0.0,0.0,90.08965861475663,0,0,0.0,11.2
0,0.0,0.0,0.0,90.01174459794332,0,0,0.0,11.2
0,0.0,0.0,0.0,89.91777620557689,0,0,0.0,11.2
0,-0.372517681669823,0.0013343384963051541,-0.41045910611128,89.82629734831649,0,0,0.0,11.2
0,-0.4966869378839582,0.0023721494361299555,-0.5472788081483734,89.73722029854694,0,0,0.0,11.2
0,-1.1174765745008879,0.012008635595067485,-1.2313773183338401,89.65998249038718,0,0,0.0,11.2
0,-1.6139978325027697,0.025054006794037242,-1.7786561264822138,89.62666578258151,0,0,0.0,11.2
0,-2.2344370194260366,0.0480289959445499,-2.4627546366676802,89.74677407098969,0,0,0.0,11.2
0,-2.7305632689745902,0.0717415636329366,-3.0100334448160533,90.08191818538546,0,0,0.0,11.2
0,-3.474271390862179,0.11619290855154807,-3.8309516570386135,90.03570098172271,0,0,0.0,11.2
0,-3.9696900019985777,0.15174485782542435,-4.378230465186987,90.0420588338782,0,0,0.0,11.2
0,-4.464746432446521,0.19202726129928882,-4.9255092733353605,90.06270174597381,0,0,0.0,11.2
0,-4.959395514981687,0.23703644374697097,-5.472788081483734,90.05997634974511,0,0,0.0,11.2
0,-5.206553196074072,0.2613123106465842,-5.746427485557921,90.09549246361918,0,0,0.0,11.2
0,-5.330087854750551,0.27389282518313873,-5.883247187595014,90.10922984694338,0,0,0.0,11.2
0,-5.330087854750551,0.27389282518313873,-5.883247187595014,90.06430593286731,0,0,0.0,11.2
0,-5.330087854750551,0.27389282518313873,-5.883247187595014,90.04026582027284,0,0,0.0,11.2
0,-5.330087854750551,0.27389282518313873,-5.883247187595014,90.02999999641156,0,0,0.0,11.2
0,-5.330087854750551,0.27389282518313873,-5.883247187595014,90.01025095432902,0,0,0.0,11.2
0,-5.330087854750551,0.27389282518313873,-5.883247187595014,89.9694975857438,0,0,0.0,11.2
0,-5.330087854750551,0.27389282518313873,-5.883247187595014,89.93818386494156,0,0,0.0,11.2
0,-5.330087854750551,0.27389282518313873,-5.883247187595014,89.92034511861206,0,0,0.0,11.2
0,-5.330087854750551,0.27389282518313873,-5.883247187595014,89.91070291765314,0,0,0.0,11.2
0,-5.330087854750551,0.27389282518313873,-5.883247187595014,89.89900814779296,0,0,0.0,11.2
0,-5.330087854750551,0.27389282518313873,-5.883247187595014,89.86940963055243,0,0,0.0,11.2
0,-5.330087854750551,0.27389282518313873,-5.883247187595014,89.84410693656974,0,0,0.0,11.2
0,-5.330087854750551,0.27389282518313873,-5.883247187595014,89.80520901886278,0,0,0.0,11.2
0,-5.330087854750551,0.27389282518313873,-5.883247187595014,89.63849115218105,0,0,0.0,11.2
0,-5.330087854750551,0.27389282518313873,-5.883247187595014,89.23584615281554,0,0,0.0,11.2
0,-5.330087854750551,0.27389282518313873,-5.883247187595014,88.60483443091577,0,0,0.0,11.2
0,-5.330087854750551,0.27389282518313873,-5.883247187595014,87.70971379873195,0,0,0.0,11.2
0,-5.330087854750551,0.27389282518313873,-5.883247187595014,86.6248355941115,0,0,0.0,11.2
0,-5.330087854750551,0.27389282518313873,-5.883247187595014,85.41510891025432,0,0,0.0,11.2
0,-5.330087854750551,0.27389282518313873,-5.883247187595014,84.13380528760163,0,0,0.0,11.2
0,-5.330087854750551,0.27389282518313873,-5.883247187595014,82.78625793259023,0,0,0.0,11.2
0,-5.330087854750551,0.27389282518313873,-5.883247187595014,81.31827648056766,0,0,0.0,11.2
0,-5.330087854750551,0.27389282518313873,-5.883247187595014,79.68254057687338,0,0,0.0,11.2
0,-5.330087854750551,0.27389282518313873,-5.883247187595014,77.79932507250791,0,0,0.0,11.2
0,-5.330087854750551,0.27389282518313873,-5.883247187595014,75.6833090083477,0,0,0.0,11.2
0,-5.330087854750551,0.27389282518313873,-5.883247187595014,73.41468623441897,0,0,0.0,11.2
0,-5.330087854750551,0.27389282518313873,-5.883247187595014,71.03541709020296,0,0,0.0,11.2
0,-5.330087854750551,0.27389282518313873,-5.883247187595014,68.39712759585075,0,0,0.0,11.2
0,-5.330087854750551,0.27389282518313873,-5.883247187595014,65.51207535216305,0,0,0.0,11.2
0,-5.330087854750551,0.27389282518313873,-5.883247187595014,62.69826205104313,0,0,0.0,11.2
0,-5.330087854750551,0.27389282518313873,-5.883247187595014,59.99939144776088,0,0,0.0,11.2
0,-5.330087854750551,0.27389282518313873,-5.883247187595014,57.28628940537349,0,0,0.0,11.2
0,-5.330087854750551,0.27389282518313873,-5.883247187595014,54.5049709985702,0,0,0.0,11.2
0,-5.330087854750551,0.27389282518313873,-5.883247187595014,51.705007684856234,0,0,0.0,11.2
0,-5.330087854750551,0.27389282518313873,-5.883247187595014,48.79753435453874,0,0,0.0,11.2
0,-5.330087854750551,0.27389282518313873,-5.883247187595014,45.74096004880013,0,0,0.0,11.2
0,-5.330087854750551,0.27389282518313873,-5.883247187595014,42.71252987144035,0,0,0.0,11.2
0,-5.330087854750551,0.27389282518313873,-5.883247187595014,39.96332865886343,0,0,0.0,11.2
0,-5.330087854750551,0.27389282518313873,-5.883247187595014,37.33102375719034,0,0,0.0,11.2
0,-5.330087854750551,0.27389282518313873,-5.883247187595014,34.61531768762321,0,0,0.0,11.2
0,-5.330087854750551,0.27389282518313873,-5.883247187595014,32.32751881669866,0,0,0.0,11.2
1,0.0,0.0,0.0,29.981439742036777,0,0,0.0,11.2
1,0.0,0.0,0.0,27.944737628349383,0,0,0.0,11.2
1,0.0,0.0,0.0,25.905326791205752,0,0,0.0,11.2
1,-0.12417350465849462,-0.00014826039653970113,0.13681970203709334,24.079695345745805,0,0,0.0,11.2
1,-0.3725200419234637,-0.0007413017008960779,0.13681970203709334,22.55092468112583,0,0,0.0,11.2
1,-1.2417296179909538,-0.003854764110279227,0.2736394040741867,21.240182401200684,0,0,0.0,11.2
1,-2.607614802723796,-0.012009039421525697,0.41045910611127995,20.142590766653775,0,0,0.0,11.2
1,-3.9734999874566386,-0.02016331473277216,0.27363940407418663,19.786275425556873,0,0,0.0,11.2
1,-6.829474308821249,-0.030393262649316834,0.1368197020370938,19.682331086787084,0,0,0.0,11.2
1,-9.437117906649636,-0.03350673097665055,-2.4848083448933725e-17,20.09488120471777,0,0,0.0,11.2
1,-12.168927220284846,-0.040030179124760784,0.27363940407418663,20.960117003610016,0,0,0.0,11.2
1,-13.286469644157172,-0.046701858924871505,0.4104591061112804,22.227916914090354,0,0,0.0,11.2
1,-18.873767547164753,-0.12008824431891821,1.0945576162967465,23.72221823461588,0,0,0.0,11.2
1,-21.10857837599581,-0.1574481066254744,0.8209182122225589,24.73687651647542,0,0,0.0,11.2
1,-22.846923180792583,-0.17405296330398592,0.2736394040741855,25.464472942216368,0,0,0.0,11.2
1,-23.591956419916105,-0.17227385460859326,-0.5472788081483755,25.092255972242775,0,0,0.0,11.2
1,-23.343627112332847,-0.1752389906784896,-0.820918212222563,24.160816521011228,0,0,0.0,11.2
1,-22.971166783299175,-0.1819103407675308,-1.2313773183338437,23.35541232248273,0,0,0.0,11.2
1,-22.474614373488063,-0.19377003964858275,-1.505016722408031,22.63065246280443,0,0,0.0,11.2
1,-22.226369320391736,-0.2008855614070265,-1.7786561264822187,21.95079625696296,0,0,0.0,11.2
1,-21.35767682444278,-0.23097635829462101,-2.1891152325934975,21.345955073439068,0,0,0.0,11.2
1,-20.36510721266221,-0.2712920916607957,-2.4627546366676834,20.83156613884384,0,0,0.0,11.2
1,-19.620832901386603,-0.3050838496123777,-2.736394040741869,20.227750018857957,0,0,0.0,11.2
1,-18.75265903585791,-0.3476176007821067,-2.8732137427789617,19.591874158933752,0,0,0.0,11.2
1,-17.63643549446388,-0.4023038522860439,-2.736394040741869,18.948998170153654,0,0,0.0,11.2
1,-16.023928571012465,-0.4774447295438529,-2.599574338704775,18.251383473934183,0,0,0.0,11.2
1,-14.783340433802838,-0.5308020133209174,-2.3259349346305873,17.47054619443696,0,0,0.0,11.2
1,-14.379776160120354,-0.5308020133209174,-2.3259349346305864,16.73684950600107,0,0,0.0,11.2
1,-11.77392166875818,-0.6272973345847779,-1.9154758285193072,15.925648630777982,0,0,0.0,11.2
1,-9.912151027655998,-0.6828866350574294,-1.5050167224080266,15.167744993609475,0,0,0.0,11.2
1,-8.17421759331711,-0.7243955811411114,-1.2313773183338401,14.434155194436478,0,0,0.0,11.2
1,-6.560293401968664,-0.7571588867447321,-1.0945576162967467,13.802960032591345,0,0,0.0,11.2
1,-4.573794887452172,-0.7903676532394488,-0.82091821222256,13.146573517244802,0,0,0.0,11.2
1,-3.208003167429294,-0.8083066497407387,-0.6840985101854667,12.660232635733797,0,0,0.0,11.2
1,-2.214684993059252,-0.8201672052924431,-0.6840985101854667,12.18859947217922,0,0,0.0,11.2
1,-0.10385578599742296,-0.8428506147968693,-0.5472788081483733,11.791816017030422,0,0,0.0,11.2
1,1.2619748773955244,-0.8575281150644392,-0.6840985101854665,11.405594548478948,0,0,0.0,11.2
1,2.270885561601733,-0.8575281150644392,-0.6840985101854666,11.045053011326146,0,0,0.0,11.2
1,3.6366772816246105,-0.8754671115657291,-0.82091821222256,10.69192642678923,0,0,0.0,11.2
1,5.250739540722384,-0.9005221184505188,-0.9577379142596534,10.381575709513642,0,0,0.0,11.2
1,6.492248009314681,-0.9242423277861902,-1.2313773183338401,9.991393667597777,0,0,0.0,11.2
1,7.609580141786682,-0.9469246162810047,-1.0945576162967472,9.616874538869402,0,0,0.0,11.2
1,7.8578924561012435,-0.9510757120928442,-0.8209182122225606,9.31323729865606,0,0,0.0,11.2
1,8.851255002808022,-0.9558199568581333,0.27363940407418624,9.569752012491877,0,0,0.0,11.2
1,9.34793627609681,-0.9522617394673479,0.5472788081483728,9.93407908484879,0,0,0.0,11.2
1,9.968782557167486,-0.9470726847682239,0.410459106111279,10.297670381325506,0,0,0.0,11.2
1,10.589628838238163,-0.9418836300690999,0.5472788081483728,10.110111587493487,0,0,0.0,11.2
1,11.831332021460131,-0.9329880865921366,0.2736394040741862,9.828681968192289,0,0,0.0,11.2
1,13.073063527657954,-0.9300228828884501,-4.969616689786745e-16,9.352790348736916,0,0,0.0,11.2
1,14.438961693780639,-0.9349154573749023,-0.41045910611128095,8.817874345227068,0,0,0.0,11.2
1,15.308125009307886,-0.9442556670642517,-0.8209182122225606,8.197325714575866,0,0,0.0,11.2
1,17.294623523824377,-0.9774644335589684,-1.0945576162967472,7.67384796308098,0,0,0.0,11.2
1,17.915391918821122,-0.988583371508632,-0.9577379142596543,7.2863003790904415,0,0,0.0,11.2
1,18.163713437774778,-0.9921414975942925,-0.6840985101854665,7.578270060430496,0,0,0.0,11.2
1,18.412049117933726,-0.99451362674026,-0.41045910611127895,8.030284664349955,0,0,0.0,11.2
1,18.536220498363985,-0.9952549244958279,-0.27363940407418613,8.37266117974719,0,0,0.0,11.2
1,18.660393294945056,-0.9956997048400255,-0.1368197020370933,8.747015985043051,0,0,0.0,11.2
1,18.908740304262047,-0.9956997048400255,0.13681970203709432,9.074877000238864,0,0,0.0,11.2
1,18.908740304262047,-0.9956997048400255,0.13681970203709432,9.288898986719419,0,0,0.0,11.2
1,19.653779916056955,-0.9939205809269563,0.13681970203709432,9.190570708097978,0,0,0.0,11.2
1,20.64716795332491,-0.9939205809269563,-0.13681970203709135,8.97772043780636,0,0,0.0,11.2
1,21.516365964184324,-0.9991096553526669,-0.5472788081483699,8.583885627689844,0,0,0.0,11.2
1,22.38553093179802,-1.008449882795666,-0.6840985101854626,8.089521542570289,0,0,0.0,11.2
1,22.758037992387226,-1.0115633096972014,-0.2736394040741822,7.541611519793252,0,0,0.0,11.2
1,23.254726818456657,-1.0139354681512007,-0.2736394040741822,7.4252582213557154,0,0,0.0,11.2
1,23.254726818456657,-1.0139354681512007,-0.2736394040741822,7.451592916119733,0,0,0.0,11.2
1,23.254726818456657,-1.0139354681512007,-0.2736394040741822,7.700481195288411,0,0,0.0,11.2
1,23.254726818456657,-1.0139354681512007,-0.2736394040741822,7.994451394927261,0,0,0.0,11.2
1,23.254726818456657,-1.0139354681512007,-0.2736394040741822,8.18006771260442,0,0,0.0,11.2
1,23.254726818456657,-1.0139354681512007,-0.2736394040741822,8.263795625192417,0,0,0.0,11.2
1,23.254726818456657,-1.0139354681512007,-0.2736394040741822,8.24203171484336,0,0,0.0,11.2
1,23.254726818456657,-1.0139354681512007,-0.2736394040741822,8.13450311212828,0,0,0.0,11.2
1,23.254726818456657,-1.0139354681512007,-0.2736394040741822,7.938218936769513,0,0,0.0,11.2
1,23.130554021875586,-1.0134906878070031,-0.13681970203708935,7.660031587666671,0,0,0.0,11.2
1,23.006380517217092,-1.0133424274104634,3.4787316828507214e-15,7.361611748559146,0,0,0.0,11.2
1,23.006380517217092,-1.0133424274104634,3.4787316828507214e-15,7.380699479537079,0,0,0.0,11.2
1,22.758034215977528,-1.0139354681512007,0.27363940407419113,7.268610113516809,0,0,0.0,11.2
1,22.509693579333135,-1.0157145768465934,0.5472788081483787,7.336653179073307,0,0,0.0,11.2
1,22.137205636434665,-1.0206070211383966,0.9577379142596593,7.3249633177610844,0,0,0.0,11.2
1,21.516500963375304,-1.0346904737954652,1.6418364244451253,7.394842111809356,0,0,0.0,11.2
1,20.895956767271468,-1.054702127438165,2.052295530556406,7.398809143776565,0,0,0.0,11.2
1,20.275571854068225,-1.0791587230613786,2.4627546366676865,7.764383612463441,0,0,0.0,11.2
1,18.66306799562856,-1.1542994574933367,2.873213742778967,8.14275151812925,0,0,0.0,11.2
1,17.423046103156302,-1.2195039980318627,3.1468531468531533,8.61086608829105,0,0,0.0,11.2
1,16.059286713188346,-1.2961144173803039,3.2836728488902476,9.201026530923189,0,0,0.0,11.2
1,14.695527323220386,-1.372724836728745,3.1468531468531533,9.829127290728719,0,0,0.0,11.2
1,12.835611263663843,-1.4727524852829073,3.010033444816061,10.478582802219552,0,0,0.0,11.2
1,11.471340639579957,-1.5395911100756583,2.5995743387047803,11.14889948424517,0,0,0.0,11.2
1,10.230752502370331,-1.592948393852723,2.3259349346305935,11.840908147996593,0,0,0.0,11.2
1,9.858520846920015,-1.607622379118587,2.189115232593501,12.448411703674454,0,0,0.0,11.2
1,8.12083024769656,-1.6574303213675827,1.0945576162967539,12.470651109802782,0,0,0.0,11.2
1,7.748355049743554,-1.663212235043176,0.6840985101854733,12.331327201564006,0,0,0.0,11.2
1,7.375847989154347,-1.6663256619447113,0.27363940407419335,12.254239375998381,0,0,0.0,11.2
1,6.879159163084919,-1.6686978203987108,0.27363940407419335,12.014076204176305,0,0,0.0,11.2
1,6.50664077334171,-1.6700321614313036,0.13681970203709998,11.935575545908149,0,0,0.0,11.2
1,6.134120259366226,-1.6704769426209227,6.6592863643142385e-15,11.858021224310264,0,0,0.0,11.2
1,5.6374276568870965,-1.6716630241023973,0.27363940407419335,11.773364698557526,0,0,0.0,11.2
1,5.14074638359831,-1.6752212414931826,0.54727880814838,11.668754885629104,0,0,0.0,11.2
1,4.147463139802673,-1.6894537052566545,1.0945576162967532,11.799131764089337,0,0,0.0,11.2
1,3.4025941681249368,-1.7054645878677543,1.36819702037094,11.883866122367419,0,0,0.0,11.2
1,2.2854553216396942,-1.7361505816851686,1.77865612648222,12.000925435911318,0,0,0.0,11.2
1,1.4166917957709269,-1.7641669500377744,1.9154758285193134,12.207695008827603,0,0,0.0,11.2
1,0.5479976486304454,-1.7942578041212591,2.0522955305564072,12.52045111482705,0,0,0.0,11.2
1,-0.19656618555563954,-1.8209389818973654,2.0522955305564072,12.860431179632295,0,0,0.0,11.2
1,-1.065260332696121,-1.8510298359808501,1.9154758285193134,13.165297636551294,0,0,0.0,11.2
1,-1.3134688075916336,-1.8593308756466365,1.9154758285193134,13.387332542431915,0,0,0.0,11.2
1,-2.0582018435204192,-1.8806773800594734,1.36819702037094,13.542371578279454,0,0,0.0,11.2
1,-2.43064517974568,-1.8882381285197727,0.9577379142596602,13.636871527604658,0,0,0.0,11.2
1,-2.43064517974568,-1.8882381285197727,0.9577379142596602,13.756970865338214,0,0,0.0,11.2
1,-2.554803815060893,-1.8901654367416796,0.8209182122225669,13.91224245134486,0,0,0.0,11.2
1,-2.554803815060893,-1.8901654367416796,0.8209182122225669,13.628044823930011,0,0,0.0,11.2
1,-2.554803815060893,-1.8901654367416796,0.8209182122225669,13.39107220216637,0,0,0.0,11.2
1,-2.554803815060893,-1.8901654367416796,0.8209182122225669,13.2321396851926,0,0,0.0,11.2
1,-2.554803815060893,-1.8901654367416796,0.8209182122225669,13.09000582094186,0,0,0.0,11.2
1,-2.554803815060893,-1.8901654367416796,0.8209182122225669,13.012337538477626,0,0,0.0,11.2
1,-2.554803815060893,-1.8901654367416796,0.8209182122225669,13.000455998657374,0,0,0.0,11.2
1,-2.554803815060893,-1.8901654367416796,0.8209182122225669,13.023892285625196,0,0,0.0,11.2
1,-2.554803815060893,-1.8901654367416796,0.8209182122225669,13.08498586411905,0,0,0.0,11.2
1,-2.554803815060893,-1.8901654367416796,0.8209182122225669,13.181443685900538,0,0,0.0,11.2
1,-2.554803815060893,-1.8901654367416796,0.8209182122225669,13.302426864159223,0,0,0.0,11.2
1,-2.554803815060893,-1.8901654367416796,0.8209182122225669,13.44788956170765,0,0,0.0,11.2
1,-2.4306409314224497,-1.888534618877926,0.6840985101854735,13.600054087910086,0,0,0.0,11.2
1,-1.6856140649351836,-1.884976411632193,-0.13681970203708657,13.643347225248213,0,0,0.0,11.2
1,-1.3130956751919738,-1.8863107526647858,-0.27363940407417986,13.432561699781813,0,0,0.0,11.2
1,-0.5680737652587932,-1.8916480787509637,-0.5472788081483666,13.360693969017579,0,0,0.0,11.2
1,-0.07141515009227956,-1.8975783508907564,-0.8209182122225533,12.990547916846836,0,0,0.0,11.2
1,1.1700897787589049,-1.921298492596272,-1.3681970203709266,12.554493829677206,0,0,0.0,11.2
1,2.0390317155501867,-1.9430904925277988,-1.5050167224080198,12.039883911879707,0,0,0.0,11.2
1,3.1561726854682903,-1.9737765446724733,-1.641836424445113,11.530796587829277,0,0,0.0,11.2
1,3.280299459903635,-1.9771861060218816,-1.5050167224080198,11.009547615841498,0,0,0.0,11.2
1,4.273498683340531,-1.996162129212976,-0.6840985101854598,10.734048738623443,0,0,0.0,11.2
1,4.646005743929738,-1.9992755561145115,-0.2736394040741797,10.902608613294067,0,0,0.0,11.2
1,4.894352045169303,-1.9998685968552488,6.957463365701443e-15,11.061882736173354,0,0,0.0,11.2
1,5.266869726839126,-1.9985342583589436,0.41045910611128694,11.19811729854579,0,0,0.0,11.2
1,5.763551472167954,-1.994976037586471,0.41045910611128694,11.075993756369522,0,0,0.0,11.2
1,6.260233217496783,-1.9914178168139982,0.41045910611128694,10.740681645478357,0,0,0.0,11.2
1,6.75692157151944,-1.9890456606144673,0.13681970203710025,10.386600596125872,0,0,0.0,11.2
1,7.874480989213618,-1.99038000164706,-0.27363940407418025,9.90994990313664,0,0,0.0,11.2
1,8.246995130504393,-1.9926038949137637,-0.41045910611127356,9.442281990038774,0,0,0.0,11.2
1,8.371166510934652,-1.9933451926693315,-0.27363940407417975,9.15325615980917,0,0,0.0,11.2
1,8.495339307515723,-1.9937899730135291,-0.13681970203708596,9.472672733200456,0,0,0.0,11.2
1,8.371165802857227,-1.9936417126169894,7.851994369863057e-15,9.91448983278855,0,0,0.0,11.2
1,8.371165802857227,-1.9936417126169894,7.851994369863057e-15,10.324520523222525,0,0,0.0,11.2
1,8.371165802857227,-1.9936417126169894,7.851994369863057e-15,10.368278783112585,0,0,0.0,11.2
1,8.495339307515723,-1.9934934522204497,0.13681970203710167,10.305383907639964,0,0,0.0,11.2
1,8.495339307515723,-1.9934934522204497,0.13681970203710167,10.250644855237807,0,0,0.0,11.2
1,8.495339307515723,-1.9934934522204497,0.13681970203710167,10.205245084771846,0,0,0.0,11.2
1,8.495339307515723,-1.9934934522204497,0.13681970203710167,10.250324271195083,0,0,0.0,11.2
1,8.495339307515723,-1.9934934522204497,0.13681970203710167,10.36414173888921,0,0,0.0,11.2
1,8.495339307515723,-1.9934934522204497,0.13681970203710167,10.517224490385498,0,0,0.0,11.2
1,8.495339307515723,-1.9934934522204497,0.13681970203710167,10.663137540552912,0,0,0.0,11.2
1,8.495339307515723,-1.9934934522204497,0.13681970203710167,10.801646094425365,0,0,0.0,11.2
1,8.495339307515723,-1.9934934522204497,0.13681970203710167,10.927878260614685,0,0,0.0,11.2
1,8.619512812174218,-1.99334519182391,7.851994369863057e-15,11.053884988805752,0,0,0.0,11.2
1,8.867859113413783,-1.9939382325646473,-0.2736394040741788,11.189477818049962,0,0,0.0,11.2
1,9.240373254704558,-1.9961621258313509,-0.4104591061112717,10.933588943503056,0,0,0.0,11.2
1,9.612881023346963,-1.9992755586508253,-0.5472788081483645,10.596751959851098,0,0,0.0,11.2
1,10.606198253679992,-2.011136102930411,-0.8209182122225511,10.300020978010368,0,0,0.0,11.2
1,10.978696817477385,-2.015139049940132,-0.4104591061112707,9.96955265516897,0,0,0.0,11.2
1,11.351214499147208,-2.016473388436437,9.839841045777755e-15,9.648846204604027,0,0,0.0,11.2
1,11.475388003805703,-2.0163251280398975,0.13681970203710367,9.409222613492974,0,0,0.0,11.2
1,11.599560800386774,-2.0158803476957,0.27363940407419746,9.37814375359906,0,0,0.0,11.2
1,11.599560800386774,-2.0158803476957,0.27363940407419746,9.287420216889972,0,0,0.0,11.2
1,11.599560800386774,-2.0158803476957,0.27363940407419746,9.182479534236363,0,0,0.0,11.2
1,11.599560800386774,-2.0158803476957,0.27363940407419746,9.395786502580007,0,0,0.0,11.2
1,11.599560800386774,-2.0158803476957,0.27363940407419746,9.407353997874516,0,0,0.0,11.2
1,11.599560800386774,-2.0158803476957,0.27363940407419746,9.356588898674904,0,0,0.0,11.2
1,11.599560800386774,-2.0158803476957,0.27363940407419746,9.245120541266424,0,0,0.0,11.2
1,11.599560800386774,-2.0158803476957,0.27363940407419746,9.071374486373637,0,0,0.0,11.2
1,11.599560800386774,-2.0158803476957,0.27363940407419746,8.845934109693266,0,0,0.0,11.2
1,11.599560800386774,-2.0158803476957,0.27363940407419746,8.608385210245334,0,0,0.0,11.2
1,11.475388003805703,-2.0163251280398975,0.13681970203710367,8.428026937262578,0,0,0.0,11.2
1,11.351215207224632,-2.016769908384095,0.27363940407419746,8.471945447720017,0,0,0.0,11.2
1,10.978708146635425,-2.0198833352856305,0.6840985101854778,8.717235137271658,0,0,0.0,11.2
1,10.357916150047084,-2.029519858078286,1.0945576162967574,8.946902525166426,0,0,0.0,11.2
1,9.613089658957065,-2.0473093556789896,1.6418364244451311,9.240881904242478,0,0,0.0,11.2
1,9.364862305171975,-2.0550176544241117,1.9154758285193174,9.499054326466563,0,0,0.0,11.2
1,8.124037025674081,-2.102449281460177,2.4627546366676905,9.736394158460689,0,0,0.0,11.2
1,7.379762714398476,-2.136241039411759,2.7363940407418768,9.984470123205517,0,0,0.0,11.2
1,6.511588848869784,-2.1787747905814876,2.8732137427789697,10.228436465384421,0,0,0.0,11.2
1,5.906242438346059,-2.1787747905814876,2.8732137427789692,10.488147998868142,0,0,0.0,11.2
1,5.2861182486827065,-2.209156041417008,2.736394040741876,10.807576718804528,0,0,0.0,11.2
1,4.541843937407101,-2.24294779936859,2.462754636667689,11.049391632542322,0,0,0.0,11.2
1,3.6733050589225607,-2.2771870332410895,2.052295530556409,11.238781162547696,0,0,0.0,11.2
1,3.4251171141938657,-2.2860807591664583,2.052295530556409,11.404293108664817,0,0,0.0,11.2
1,2.4322841581885815,-2.3192848862727957,1.7786561264822225,11.517902306210274,0,0,0.0,11.2
1,1.8116514656967801,-2.3363326606158035,1.3681970203709426,11.700692033939443,0,0,0.0,11.2
1,1.315072151244956,-2.3470065823565367,1.0945576162967559,11.8218769081444,0,0,0.0,11.2
1,0.6943037562482144,-2.3581255203062,0.9577379142596625,11.863161519566406,0,0,0.0,11.2
1,0.32184271925016966,-2.3647968830759982,1.0945576162967559,12.074358737231655,0,0,0.0,11.2
1,-0.1747611401527691,-2.374284975827629,1.0945576162967559,12.200418239962012,0,0,0.0,11.2
1,-0.5472051843101026,-2.381845738659234,1.2313773183338492,12.265813766241605,0,0,0.0,11.2
1,-0.5472051843101026,-2.381845738659234,1.2313773183338492,12.272326990512868,0,0,0.0,11.2
1,-0.5472051843101026,-2.381845738659234,1.2313773183338492,12.259014819210567,0,0,0.0,11.2
1,-0.9196492284674365,-2.3894065014908388,1.0945576162967559,12.203698282434813,0,0,0.0,11.2
1,-1.0438029074667847,-2.3916302890807715,0.9577379142596625,11.994411195765688,0,0,0.0,11.2
1,-1.0438029074667847,-2.3916302890807715,0.9577379142596625,11.799767953134056,0,0,0.0,11.2
1,-1.0438029074667847,-2.3916302890807715,0.9577379142596625,11.612583889729057,0,0,0.0,11.2
1,-1.29211545777445,-2.395781388837766,0.9577379142596625,11.410359828252275,0,0,0.0,11.2
1,-1.4162740930896633,-2.397708697059673,0.8209182122225692,11.167662741670332,0,0,0.0,11.2
1,-1.4162740930896633,-2.397708697059673,0.8209182122225692,10.918500104551878,0,0,0.0,11.2
1,-1.6646034006729202,-2.400673833129569,0.5472788081483825,10.890670392776652,0,0,0.0,11.2
1,-1.9129440373173139,-2.402452941824962,0.2736394040741958,10.83160555051551,0,0,0.0,11.2
1,-2.3165083109997973,-2.402452941824962,0.27363940407419574,10.989458138101266,0,0,0.0,11.2
1,-2.813197137069225,-2.4048251002789613,0.27363940407419574,11.284908382395319,0,0,0.0,11.2
1,-3.806559683646799,-2.411941535060532,0.5472788081483826,11.664387541630012,0,0,0.0,11.2
1,-4.55154760639657,-2.420836943270221,0.8209182122225691,12.06036129137114,0,0,0.0,11.2
1,-5.544796863654816,-2.4374413265175794,1.0945576162967556,12.491695765351603,0,0,0.0,11.2
1,-6.537955492558464,-2.458789169999046,1.3681970203709422,12.937298284285648,0,0,0.0,11.2
1,-7.282739503060762,-2.4783572825893536,1.641836424445129,13.367705286244531,0,0,0.0,11.2
1,-7.90333089636567,-2.496887084634531,1.778656126482223,13.743418813076854,0,0,0.0,11.2
2,-8.151575949461996,-2.504002606392975,1.505016722408036,14.05728206133432,0,0,0.0,11.2
3,-8.275710511860751,-2.5071157492403358,1.3681970203709428,14.298783702846665,0,0,0.0,11.2
3,-8.275710511860751,-2.5071157492403358,1.3681970203709428,14.278383385099236,0,0,0.11693016227159657,11.2
3,-8.275710511860751,-2.5071157492403358,1.3681970203709428,14.070428022145881,0,0,0.4677206490863863,11.2
3,-8.15156886935395,-2.5042990426471707,1.2313773183338492,13.96886111894677,0,0,1.0523714604443695,11.2
3,-8.15156886935395,-2.5042990426471707,1.2313773183338492,14.00662134185106,0,0,1.870882596345545,11.2
3,-8.15156886935395,-2.5042990426471707,1.2313773183338492,14.078116457812552,0,0,2.9232540567899137,11.2
3,-8.15156886935395,-2.5042990426471707,1.2313773183338492,14.09682019246982,0,0,4.209485841777478,11.2
3,-7.9032926644483945,-2.4983691932066447,1.5050167224080357,14.097738112079933,0,0,5.729577951308233,11.2
3,-7.77916589001305,-2.4949596318572365,1.6418364244451291,13.995381849321403,0,0,7.483530385382182,11.2
3,-7.531003664344021,-2.485473414638051,2.7363940407418763,13.719310801467003,0,0,9.471343143999325,11.2
3,-7.2830679307579524,-2.4712484163156,3.8309516570386233,13.320068554250863,0,0,11.69301622715966,11.2
3,-6.787737982277469,-2.4345137070984073,4.6518698692611835,13.073633275938194,0,0,14.14854963486319,11.2
3,-6.1699491226615635,-2.3730895571652955,6.704165399817584,12.757195521150273,0,0,16.83794336710991,11.2
3,-5.555401807322951,-2.2851803006551132,9.577379142596545,12.550284872335517,0,0,19.76119742389983,11.2
3,-5.067556928311857,-2.192041640664896,12.040133779264224,12.241525116480549,0,0,22.91831180523294,11.2
3,-4.584733195890237,-2.0757234349038396,15.050167224080278,11.911835848275043,0,0,26.192356348837645,11.2
3,-3.9921308122281687,-1.8910610638947314,19.56521739130436,11.786511333511768,0,0,29.46640089244235,11.2
3,-3.6453823065946342,-1.7550860485505644,23.25934934630588,11.573383651229461,0,0,32.740445436047054,11.2
3,-3.420666426013043,-1.6494633565653616,27.090301003344493,11.386446925509762,0,0,36.01448997965175,11.2
3,-3.3115797903497413,-1.5901677958001175,29.963514746123458,11.2921265941761,0,0,39.28853452325646,11.2
3,-3.1039974225916867,-1.4540854005807553,36.53086044390394,11.259486314119595,0,0,42.56257906686116,11.2
3,-3.201137401662317,-1.5313948564378839,40.498631802979645,11.348211417489408,0,0,45.836623610465864,11.2
3,-3.201137401662317,-1.5313948564378839,44.055944055944074,11.439946879337315,0,0,49.11066815407057,11.2
3,-3.201137401662317,-1.5313948564378839,47.33961690483432,11.590104793609507,0,0,52.384712697675276,11.2
3,-3.039982703674792,-1.3425152339050952,51.7178473700213,11.750412301802001,0,0,55.65875724127998,11.2
3,-2.965767591125266,-1.2429796623034528,54.86470051687445,11.962338525648878,0,0,58.9328017848847,11.2
3,-2.689721892204011,-0.8301149149636787,57.60109455761633,12.162799976291867,0,0,62.20684632848939,11.2
3,-2.6245729142324907,-0.7244086583686634,59.10611128002436,11.890779095380656,0,0,65.48089087209411,11.2
3,-2.025700239319038,0.36306596377021794,63.210702341137164,11.669760691185987,0,0,68.7549354156988,11.2
3,-1.7571931320665626,0.9228232437337557,65.53663727576775,11.206332642378674,0,0,72.02897995930351,11.2
3,-1.4153100676720394,1.7218987787693125,68.13621161447251,10.692801376340169,0,0,75.30302450290822,11.2
3,-1.0764564001165957,2.655511264090927,71.96716327151114,10.04334434393494,0,0,78.57706904651292,11.2
3,-0.7916099691885885,3.607087125881773,74.703557312253,9.74366449140956,0,0,81.85111359011762,11.2
3,-0.6732175145380473,4.0894064270328245,77.71359075706904,9.49762210178531,0,0,85.12515813372234,11.2
3,-0.5578193051938718,4.699376571302409,80.86044390392219,9.397117164421479,0,0,88.39920267732703,11.2
3,-0.5578193051938718,4.699376571302409,81.95500152021893,9.419865161038935,0,0,91.67324722093176,11.2
3,-0.5291340614828347,5.070542056614648,89.20644572818486,9.494148200735726,0,0,94.94729176453644,11.2
3,-0.5291340614828347,5.070542056614648,93.03739738522346,9.720705144703238,0,0,98.22133630814113,11.2
3,-0.5291340614828347,5.070542056614648,96.86834904226207,9.911871754714552,0,0,101.49538085174582,11.2
3,-0.5291340614828347,5.070542056614648,101.52021891152326,10.105515897029806,0,0,104.76942539535052,11.2
3,-0.500718849888571,4.949682280626855,104.9407114624506,10.295846754796717,0,0,108.04346993895521,11.2
3,-0.46542669422124777,4.8306458295156185,108.08756460930374,10.152188701997614,0,0,111.3175144825599,11.2
3,-0.5072001797800825,4.947565412345315,111.23441775615689,10.168362292725448,0,0,114.59155902616459,11.2
3,-0.6048167219683405,5.175873079187597,115.06536941319551,10.220812263600976,0,0,117.86560356976928,11.2
3,-0.6602207482202984,5.286986766381729,117.93858315597447,10.327468259634298,0,0,121.139648113374,11.2
3,-0.7211248135579663,5.395183589034468,120.81179689875344,10.442142491324962,0,0,124.41369265697868,11.2
3,-0.7873757930612543,5.500191518838164,123.68501064153239,10.53942058717713,0,0,127.68773720058337,11.2
3,-0.8597669996040647,5.6010500371400145,127.65278200060807,10.648246196760422,0,0,130.96178174418807,11.2
3,-0.8597669996040647,5.6010500371400145,130.66281544542414,10.414390469091831,0,0,134.23582628779275,11.2
3,-1.0264644691534297,5.785099280662214,133.6728488902402,10.31769358674051,0,0,137.50987083139745,11.2
3,-1.2009284947928802,5.961827642363929,135.5883247187595,10.353003673953378,0,0,140.78198231339766,11.2
3,-1.293350489325177,6.044696426384549,140.650653694132,10.350687929295255,0,0,143.90902789315237,11.2
3,-1.293350489325177,6.044696426384549,143.93432654302222,10.375522972917958,0,0,146.8022131483639,11.2
3,-1.1910191016788132,5.974386398314777,147.08117968987534,10.426603216659391,0,0,149.46153807903227,11.2
3,-1.0849823252154995,5.9097999060577,150.2280328367285,10.539111159594478,0,0,151.88700268515743,11.2
3,-0.9751506059952182,5.851921404419475,154.19580419580421,10.624632821866378,0,0,154.0786069667394,11.2
3,-0.8620505688432574,5.8006940757459216,157.0690179385832,10.746247252830596,0,0,156.03635092377814,11.2
3,-0.6313201835921574,5.7088771475005755,159.53177257525084,10.883624598029176,0,0,157.7602345562737,11.2
3,-0.6313201835921574,5.7088771475005755,160.89996959562183,11.055899482435816,0,0,159.2502578642261,11.2
3,-0.39461859485084394,5.633813652494057,163.91000304043786,11.20078361726866,0,0,160.5064208476353,11.2
3,-0.27487091310886225,5.6009701640757665,165.4150197628459,11.219019608871902,0,0,161.5287235065013,11.2
3,-0.515655003056543,5.661783988234486,166.23593797506848,11.035501855435701,0,0,162.31716584082412,11.2
3,-0.515655003056543,5.661783988234486,166.50957737914268,10.968309638469679,0,0,162.87174785060373,11.2
3,-0.515655003056543,5.661783988234486,166.50957737914268,11.12481658305016,0,0,163.19246953584016,11.2
3,-0.515655003056543,5.661783988234486,166.50957737914268,11.23446499354664,0,0,163.28126395813786,11.2
3,-0.6364370143097066,5.69060736412908,166.64639708117977,11.279416292659311,0,0,163.28126395813786,11.2
3,-0.7572875100323305,5.719142236196703,166.7832167832169,11.166881823858946,0,0,163.28126395813786,11.2
3,-0.8782058010958632,5.747388441722314,166.92003648525397,10.88447343592505,0,0,163.28126395813786,11.2
3,-0.8782058010958632,5.747388441722314,166.92003648525397,10.647852228162805,0,0,163.28126395813786,11.2
3,-0.8782058010958632,5.747388441722314,166.92003648525397,10.545948630301567,0,0,163.28126395813786,11.2
3,-0.8782058010958632,5.747388441722314,166.92003648525397,10.479403707995127,0,0,163.28126395813786,11.2
3,-0.8782058010958632,5.747388441722314,166.92003648525397,10.398490837601388,0,0,163.28126395813786,11.2
3,-0.7572204042065673,5.719431063807711,167.0568561872911,10.274403081482468,0,0,163.28126395813786,11.2
3,-0.7572204042065673,5.719431063807711,167.0568561872911,10.177903569840732,0,0,163.28126395813786,11.2
3,-0.7572204042065673,5.719431063807711,167.0568561872911,10.006330567927762,0,0,163.28126395813786,11.2
3,-0.7572204042065673,5.719431063807711,167.0568561872911,9.766969107059177,0,0,163.28126395813786,11.2
3,-0.7572204042065673,5.719431063807711,167.0568561872911,9.492559622919176,0,0,163.28126395813786,11.2
3,-0.6361685913893161,5.691762672926114,167.19367588932818,9.290845593624514,0,0,163.28126395813786,11.2
3,-0.39399900994848963,5.636714983653397,167.19367588932818,9.102278333225486,0,0,163.28126395813786,11.2
3,-0.030451980564310477,5.5554453027027595,167.60413499543947,9.156935453855766,0,0,163.28126395813786,11.2
3,0.8191611206166503,5.371897796925588,168.01459410155076,9.195877191565387,0,0,163.28126395813786,11.2
3,1.9126375033363932,5.141127389593831,168.15141380358784,9.385577200791325,0,0,163.28126395813786,11.2
3,2.277312281236612,5.065074529514102,168.28823350562496,9.916854432180934,0,0,163.28126395813786,11.2
3,4.591388192029825,4.605494237472808,169.2459714198846,10.595528425001623,0,0,163.28126395813786,11.2
3,6.177652671649119,4.306178801332066,169.38279112192168,11.186564044500946,0,0,163.28126395813786,11.2
3,7.52047742442088,4.056117781935126,169.51961082395877,11.884031080001131,0,0,163.28126395813786,11.2
3,8.985702168214445,3.785073129014867,169.51961082395877,12.531402751795666,0,0,163.28126395813786,11.2
3,10.450274100879282,3.5105306234326963,169.2459714198846,13.184546552155739,0,0,163.28126395813786,11.2
3,11.181555807468825,3.368017348044581,168.69869261173622,13.569242061073911,0,0,163.28126395813786,11.2
3,11.789944382797932,3.2441670068715136,168.28823350562496,13.44672229762067,0,0,163.28126395813786,11.2
3,12.033000017955754,3.1931748971414087,168.01459410155076,13.341076228220695,0,0,163.28126395813786,11.2
3,12.760666947846058,3.0332419994291264,167.19367588932818,13.2292385567808,0,0,163.28126395813786,11.2
3,13.123822386297812,2.9502368267843337,167.0568561872911,13.109142948603566,0,0,163.28126395813786,11.2
3,13.36572607425064,2.8940332433441207,166.7832167832169,12.961381206055446,0,0,163.28126395813786,11.2
3,13.970317529568304,2.752802215716066,166.92003648525397,12.82226968957302,0,0,163.28126395813786,11.2
3,14.575244514014782,2.6130153261430555,167.0568561872911,12.86784913397763,0,0,163.28126395813786,11.2
3,15.180503578101039,2.4746733717350677,167.19367588932818,12.932035109022427,0,0,163.28126395813786,11.2
3,15.907403913913456,2.311265798085321,167.4673152934024,13.084174819644703,0,0,163.28126395813786,11.2
3,16.9991969689776,2.0726683180972096,167.87777439951367,13.362457036797322,0,0,163.28126395813786,11.2
3,17.728361795478445,1.9196924250671148,168.42505320766205,13.691230860056853,0,0,163.28126395813786,11.2
3,18.458605882337068,1.7719436283264556,168.69869261173625,14.037054171221914,-0.0018614741985053009,0.0005591325905113871,163.28126395813786,11.771428571428572
3,18.823639027534533,1.697633423622615,168.28823350562496,14.400029097310357,-0.014891793588042407,0.004473060724091097,163.28126395813786,12.342857142857143
3,19.188130462290484,1.6207101007261784,167.8777743995137,14.36999963999331,-0.050259803359643127,0.015096579943807453,163.28126395813786,12.914285714285713
3,19.309503993162892,1.5944889786318641,167.74095469747658,14.127173078072397,-0.11913434870433925,0.035784485792728776,163.28126395813786,13.485714285714284
3,19.309503993162892,1.5944889786318641,167.74095469747658,13.964376966630413,-0.2326842748131626,0.06989157381392339,163.28126395813786,14.057142857142857
3,19.43081456319848,1.5679780971308652,167.6041349954395,13.873890062463767,-0.402078426877145,0.12077263955045962,163.28126395813786,14.628571428571428
3,19.673244054114004,1.514087662254716,167.3304955913653,13.908008650662088,-0.6384856500873184,0.19178247854540584,163.28126395813786,15.200000000000001
3,20.15758275668587,1.403992388342533,167.0568561872911,14.022845607039857,-0.9530747896347146,0.2862758863418304,163.28126395813786,15.77142857142857
3,20.762509741132348,1.2642054987695226,166.92003648525397,14.326345999787282,-1.3570146907103648,0.40760765848280134,163.28126395813786,16.34285714285714
3,21.7301254125533,1.039390951347799,166.92003648525397,14.758466852993246,-1.861474198505302,0.5591325905113874,163.28126395813786,16.914285714285715
3,22.57702319077837,0.8436893059455846,167.0568561872911,15.459002211214123,-2.4773894739357436,0.7441355863968427,163.28126395813786,17.2
3,23.6670789650425,0.5972765596510563,167.46731529340235,16.305692712496658,-3.210344939597207,0.9642940439107017,163.28126395813786,17.2
3,25.122423889936368,0.27740833224071626,167.74095469747652,17.347455605229225,-4.060573279764504,1.219677854626778,163.28126395813786,17.2
3,25.97203860604321,0.093860477580476,167.87777439951364,18.541173623727722,-5.028074494437634,1.5102870185450714,163.28126395813786,17.2
3,27.307832401622754,-0.191382867249138,168.0145941015507,19.904897448526032,-6.110987109418094,1.8355624030750712,163.28126395813786,16.628571428571426
3,28.036260393034368,-0.34783987303107866,167.74095469747652,20.588420622138198,-7.300003753713356,2.19270834526422,163.28126395813786,16.057142857142853
3,28.036260393034368,-0.34783987303107866,167.46731529340232,20.873695575022953,-8.583955582132388,2.57837004956945,163.28126395813786,15.485714285714282
3,27.794091732212372,-0.2927923930246906,166.92003648525397,20.967917639443908,-9.951673749484156,2.989192720447691,163.28126395813786,14.914285714285711
3,27.552322945426216,-0.23601131543145704,166.64639708117977,21.140655102379373,-11.391989410577633,3.4218215623558765,163.28126395813786,14.342857142857143
3,26.94875990243723,-0.09045301529867797,166.23593797506848,21.62757208330909,-12.893733720221787,3.872901779750939,163.28126395813786,13.771428571428572
3,26.707686285479866,-0.030789389497084735,165.96229857099428,21.97796442514649,-14.44573783322558,4.339078577089808,163.28126395813786,13.2
3,26.466755600760163,0.02944979567324714,165.96229857099428,22.313961688586026,-16.03683290439799,4.816997158829417,163.28126395813786,12.628571428571428
3,25.14364621126902,0.36866815581217893,165.27820006080879,22.619822748392625,-17.655850088547975,5.3033027294266954,163.28126395813786,12.057142857142857
3,24.063798436933187,0.656538989355504,164.86774095469752,22.75828465839247,-19.291620540484512,5.794640493338578,163.28126395813786,11.485714285714282
3,22.50601902552957,1.079797816813235,164.7309212526604,22.71370320038891,-20.933208099291377,6.287725546595809,163.28126395813786,11.2
3,20.70975258535174,1.572464189689339,164.59410155062332,22.352323188553388,-22.575028342373052,6.780880491426853,163.28126395813786,11.2
3,17.597245171378074,2.4301363120663546,164.59410155062332,21.80503134041341,-24.216848585454727,7.274035436257895,163.28126395813786,11.2
3,14.842969963105384,3.185558083809718,164.7309212526604,20.97807461059642,-25.858668828536405,7.76719038108894,163.28126395813786,11.2
3,11.726404860009831,4.0283546294652925,165.0045606567346,20.02565275991738,-27.500489071618084,8.260345325919983,163.28126395813786,11.2
3,10.5269541912315,4.349644140505539,165.0045606567346,18.95499502843218,-29.14230931469976,8.753500270751028,163.28126395813786,11.2
3,3.565716864374499,6.196503698521542,165.27820006080884,17.791583568738314,-30.784129557781437,9.246655215582072,163.28126395813786,11.2
3,-0.15845902081750785,7.170285526295021,165.41501976284593,16.747495255598277,-32.425949800863116,9.739810160413116,163.28126395813786,11.2
3,-4.003967964021726,8.170889174462348,165.41501976284593,15.672409611584571,-34.06777004394479,10.232965105244158,163.28126395813786,11.2
3,-7.849476907225943,9.171492822629673,165.41501976284593,14.662640040473141,-35.709590287026465,10.726120050075203,163.28126395813786,11.2
3,-12.771900996928498,10.471153590690776,165.00456065673467,13.709410919715896,-37.35141053010813,11.219274994906243,163.28126395813786,11.2
3,-16.370253003263464,11.435022123811509,165.00456065673467,12.872469815992158,-38.9932307731898,11.712429939737286,163.28126395813786,11.2
3,-19.966289660681163,12.407479676490958,164.7309212526605,12.100666754933771,-40.635051016271476,12.205584884568328,163.28126395813786,11.2
3,-19.966289660681163,12.407479676490958,164.7309212526605,11.400756951500421,-42.27687125935314,12.69873982939937,163.28126395813786,11.2
3,-26.313097749308522,14.148234193986328,164.5941015506234,10.744777911698243,-43.91869150243481,13.191894774230411,163.28126395813786,11.2
3,-29.067372957581146,14.90365596572969,164.7309212526605,10.124703523038553,-45.56051174551648,13.685049719061453,163.28126395813786,11.2
3,-31.583785852925466,15.587381763930766,164.8677409546976,9.623752223461299,-47.202331988598154,14.178204663892494,163.28126395813786,11.2
3,-34.70035391796772,16.43017911057024,164.8677409546976,9.78039870157118,-48.84415223167982,14.671359608723536,163.28126395813786,11.2
3,-36.50010020852742,16.90996383314241,165.27820006080887,10.325904013401393,-50.485972474761496,15.164514553554579,163.28126395813786,11.2
3,-38.30212079813621,17.381148588516613,165.41501976284596,11.201809550347946,-52.127792717843164,15.65766949838562,163.28126395813786,11.2
3,-40.3444107996931,17.915157977940776,165.27820006080884,12.137031975915884,-53.769612960924825,16.15082444321666,163.28126395813786,11.2
3,-42.508839218537126,18.472828429183853,165.82547886895722,12.584249364997408,-55.4114332040065,16.643979388047704,163.28126395813786,11.2
3,-44.795615661270176,19.053295334973186,165.68865916692013,12.856433822490207,-57.05325344708817,17.137134332878745,163.28126395813786,11.2
3,-47.44265831499606,19.728576058794076,165.68865916692013,12.655240844184318,-58.69507369016984,17.63028927770979,163.28126395813786,11.2
3,-51.412009117963436,20.746236942235154,165.55183946488305,12.067671090058326,-60.33689393325151,18.12344422254083,163.28126395813786,11.2
3,-55.01717032591446,21.68430197086604,165.27820006080887,11.195198442151364,-61.97871417633318,18.61659916737187,163.28126395813786,11.2
3,-58.85785298900778,22.703258968392053,165.0045606567347,10.177865841162406,-63.62053441941485,19.109754112202914,163.28126395813786,11.2
3,-62.69362542358671,23.740547024583467,164.73092125266052,8.95113379409745,-65.26235466249652,19.602909057033955,163.28126395813786,11.2
3,-66.40346040583671,24.767584096030077,164.32046214654923,7.683341295720848,-66.90417490557819,20.096064001864995,163.28126395813786,11.2
3,-71.06129619855895,26.09306481604017,163.91000304043797,6.346157951789335,-68.54599514865986,20.589218946696036,163.28126395813786,11.2
3,-74.28153854186314,27.026097224148803,163.77318333840088,5.386489329316826,-70.18781539174152,21.082373891527077,163.28126395813786,11.2
3,-76.78789248777778,27.745804716798425,164.18364244451217,5.229226849440109,-71.8296356348232,21.57552883635812,163.28126395813786,11.2
3,-78.34463898163746,28.172777370444116,165.14138035877184,5.817743516602982,-73.47145587790487,22.06868378118916,163.28126395813786,11.2
3,-78.94568242705873,28.328403240763308,165.8254788689573,7.1732037162051006,-75.11327612098653,22.561838726020202,163.28126395813786,11.2
3,-79.30697022440822,28.419193431033136,165.96229857099442,9.031885132843538,-76.75509636406821,23.054993670851246,163.28126395813786,11.2
3,-79.90947617420359,28.569072086848966,166.0991182730315,10.638931094546905,-78.39691660714988,23.548148615682287,163.28126395813786,11.2
3,-80.03004860120188,28.59875998148739,166.2359379750686,11.741949953381416,-80.03873673541668,24.04130352602629,163.28126395813786,11.177422509470382
3,-82.0785649367314,29.1083464426505,165.82547886895733,11.965435657943171,-81.67846614258929,24.533830444694463,163.28126395813786,10.605993938041815
3,-84.72397744865185,29.789943660836478,165.27820006080896,11.951331047268194,-83.30658541670194,25.02287001780651,163.28126395813786,10.034565366613243
3,-87.36275888847673,30.496777898051857,164.73092125266058,11.338931903300601,-84.91192571256362,25.505067449819375,163.28126395813786,9.463136795184676
3,-90.59390548592027,31.39129405705374,164.32046214654932,10.427347572140025,-86.48331818498325,25.97706794518997,163.28126395813786,8.891708223756108
3,-94.05742440871383,32.376907925779214,163.91000304043803,9.25148290563834,-88.00959398876985,26.43551670837524,163.28126395813786,8.320279652327537
3,-98.82649660764825,33.76487232590985,163.63636363636382,7.984194323944243,-89.47958427873239,26.87705894383212,163.28126395813786,7.748851080898967
3,-102.28044983564938,34.78352556518597,163.49954393432674,6.68807167981619,-90.88212020967977,27.298339856017527,163.28126395813786,7.177422509470398
3,-103.59057002558086,35.16991127663554,163.63636363636382,5.253457691840987,-92.20603293642102,27.696004649388406,163.28126395813786,6.605993938041828
3,-108.95391190100864,36.73777716341483,163.77318333840088,4.111204698367771,-93.4401536137651,28.066698528401687,163.28126395813786,6.034565366613259
3,-111.81733569736201,37.56372043977325,164.04682274247511,3.51585016976583,-94.573313396521,28.4070666975143,163.28126395813786,5.463136795184685
3,-113.49217931143541,38.029540714400476,164.86774095469767,3.786712054815179,-95.594635758459,28.71384216527858,163.28126395813786,5.2
3,-114.45354192840696,38.27968782261443,165.96229857099442,4.411823840806544,-96.4988670132555,28.985446877458692,163.28126395813786,5.2
3,-115.53994508066867,38.541690272795904,166.9200364852541,5.196369021969688,-97.2858253935462,29.22182623643659,163.28126395813786,5.2
3,-116.87078444645083,38.849221429856506,167.05685618729117,5.9682163446150325,-97.95551101414596,29.42298027669932,163.28126395813786,5.222577490529594
3,-118.20162381223297,39.15675258691711,166.9200364852541,6.018613796050769,-98.51001448133404,29.589536955435655,163.28126395813786,5.7940060619581635
3,-118.20162381223297,39.15675258691711,166.9200364852541,5.746172485771006,-98.95885520707625,29.72435562652589,163.28126395813786,6.365434633386733
3,-122.5484980496999,40.19957630078501,166.09911827303154,5.0621026479564115,-99.31320203656361,29.830791085513102,163.28126395813786,6.936863204815301
3,-125.19551806203506,40.87485124861484,165.27820006080898,4.199183085327815,-99.58422381498714,29.912198127940353,163.28126395813786,7.508291776243872
3,-128.0723255151873,41.65281137581537,164.45728184858643,3.0208797958554414,-99.78308938753791,29.97193154935072,163.28126395813786,8.07972034767244
3,-131.65155423528094,42.6852257532034,163.36272423228968,1.4754539159370743,-99.92096759940694,30.013346145287265,163.28126395813786,8.651148919101011
3,-134.02762780270055,43.40762656725813,162.81544542414133,-0.265247759597185,-100.00902729578522,30.039796711293057,163.28126395813786,9.22257749052958
3,-135.57151644401355,43.879031580679374,163.22590453025262,-1.7380213756991667,-100.05843732186382,30.05463804291116,163.28126395813786,9.79400606195815
3,-136.52465803897184,44.158899204480655,164.04682274247517,-1.7448782713961823,-100.08036652283376,30.06122493568465,163.28126395813786,10.365434633386718
3,-136.4051455339248,44.12519781339105,164.45728184858646,-1.1252761175138,-100.08598374388606,30.062912185156584,163.28126395813786,10.936863204815289
3,-135.92598633708008,43.99439259393629,165.00456065673484,-0.4188165768206668,-100.08616551125043,30.062966782774637,163.28126395813786,11.2
3,-135.2058583377501,43.80333815690016,165.278200060809,0.2742713004533727,-100.08616551125043,30.062966782774637,163.28126395813786,11.2
3,-134.72487424467366,43.67941138995725,165.8254788689574,0.8454650109625846,-100.08616551125043,30.062966782774637,163.28126395813786,11.2
3,-133.76058252620345,43.440757567193415,166.37275767710577,1.2326769622705833,-100.08616551125043,30.062966782774637,163.28126395813786,11.2
3,-133.1566736178344,43.296640961654134,166.78321678321706,1.6650899180676195,-100.08616551125043,30.062966782774637,163.28126395813786,11.2
3,-132.30977744937093,43.1009396882366,167.19367588932835,2.1228447721991364,-100.08616551125043,30.062966782774637,163.28126395813786,11.2
3,-131.34057700162109,42.88306292337028,167.46731529340252,2.5920696127005,-100.08616551125043,30.062966782774637,163.28126395813786,11.2
3,-129.8852320767272,42.563194695959936,167.74095469747675,3.098247803419122,-100.08616551125043,30.062966782774637,163.28126395813786,11.2
3,-128.55081580633578,42.27157499944903,167.60413499543964,3.707523747394156,-100.08616551125043,30.062966782774637,163.28126395813786,11.2
3,-126.97460587952851,41.923168632906226,167.46731529340258,4.496361558985451,-100.08616551125043,30.062966782774637,163.28126395813786,11.2
3,-124.79390487209137,41.432945911957006,167.19367588932835,5.322486288597303,-100.08616551125043,30.062966782774637,163.28126395813786,11.2
3,-122.85760719443915,40.98793976158745,166.92003648525417,6.219120201102004,-100.08616551125043,30.062966782774637,163.28126395813786,11.2
3,-120.92345690015006,40.53369114084162,166.64639708118003,7.157423517165343,-100.08616551125043,30.062966782774637,163.28126395813786,11.2
3,-118.62991733679192,39.980569600337056,166.23593797506874,8.16806591500509,-100.08616551125043,30.062966782774637,163.28126395813786,11.2
3,-118.62991733679192,39.980569600337056,166.23593797506874,9.257739434719264,-100.08616551125043,30.062966782774637,163.28126395813786,11.2
3,-115.2569005734435,39.137224213980964,165.68865916692036,10.235396656827053,-100.08616551125043,30.062966782774637,163.28126395813786,11.2
3,-113.21208349312664,38.61297466796588,165.55183946488324,11.087123894433704,-100.08616551125043,30.062966782774637,163.28126395813786,11.2
3,-111.168524125672,38.08384369160829,165.41501976284616,11.874748993092588,-100.08616551125043,30.062966782774637,163.28126395813786,11.2
3,-111.168524125672,38.08384369160829,165.41501976284616,12.584532306514001,-100.08616551125043,30.062966782774637,163.28126395813786,11.2
3,-109.9675538340782,37.7682865896021,165.14138035877195,12.847695369698947,-100.08616551125043,30.062966782774637,163.28126395813786,11.2
3,-109.60760389178265,37.67232946269482,165.00456065673487,12.43102733458862,-100.08616551125043,30.062966782774637,163.28126395813786,11.2
3,-109.60760389178265,37.67232946269482,165.00456065673487,11.581027629095399,-100.08616551125043,30.062966782774637,163.28126395813786,11.2
3,-109.60760389178265,37.67232946269482,165.00456065673487,10.733669994978246,-100.08616551125043,30.062966782774637,163.28126395813786,11.2
3,-109.00768732129002,37.512400917849355,165.14138035877195,9.882379145281998,-100.08616551125043,30.062966782774637,163.28126395813786,11.2
3,-108.64773737899446,37.416443790942076,165.00456065673487,9.477188406846741,-100.08616551125043,30.062966782774637,163.28126395813786,11.2
3,-107.68756671322112,37.16170454156057,165.27820006080904,9.469081021034528,-100.08616551125043,30.062966782774637,163.28126395813786,11.2
3,-106.48584631057076,36.8490161986836,165.55183946488324,9.895991230420783,-100.08616551125043,30.062966782774637,163.28126395813786,11.2
3,-104.19907421448372,36.26855039623087,165.9622985709945,10.45867054226895,-100.08616551125043,30.062966782774637,163.28126395813786,11.2
3,-102.26935648849339,35.7958494762842,166.50957737914285,11.477298579265014,-100.08616551125043,30.062966782774637,163.28126395813786,11.2
3,-100.09466392571139,35.27962524462428,166.78321678321703,12.447918540124006,-100.08616551125043,30.062966782774637,163.28126395813786,11.2
3,-99.24823588826675,35.081901805945066,166.92003648525414,13.542596536853047,-100.08616551125043,30.062966782774637,163.28126395813786,11.2
3,-95.01374699714161,34.10339357893403,167.05685618729123,14.679612640715323,-100.08616551125043,30.062966782774637,163.28126395813786,11.2
3,-93.44181220121474,33.73619360506677,166.64639708117997,15.765008286029131,-100.08616551125043,30.062966782774637,163.28126395813786,11.2
3,-92.23433795472067,33.44651814878706,166.3727576771058,16.347488723317355,-100.08616551125043,30.062966782774637,163.28126395813786,11.2
3,-91.63183544060489,33.29664034762675,165.6886591669203,16.4968860157582,-100.08616551125043,30.062966782774637,163.28126395813786,11.2
3,-91.27120800240913,33.20326447046223,165.27820006080904,16.05818679205935,-100.08616551125043,30.062966782774637,163.28126395813786,11.2
3,-91.27120800240913,33.20326447046223,165.27820006080904,15.481250735971425,-100.08616551125043,30.062966782774637,163.28126395813786,11.2
3,-91.27120800240913,33.20326447046223,165.27820006080904,15.007124044843962,-100.08616551125043,30.062966782774637,163.28126395813786,11.2
3,-91.27120800240913,33.20326447046223,165.27820006080904,14.65694366246089,-100.08616551125043,30.062966782774637,163.28126395813786,11.2
3,-91.27120800240913,33.20326447046223,165.27820006080904,14.430775508621394,-100.08616551125043,30.062966782774637,163.28126395813786,11.2
3,-91.27120800240913,33.20326447046223,165.27820006080904,14.299654255458796,-100.08616551125043,30.062966782774637,163.28126395813786,11.2
3,-91.27120800240913,33.20326447046223,165.27820006080904,14.259181642025265,-100.08616551125043,30.062966782774637,163.28126395813786,11.2
3,-91.27120800240913,33.20326447046223,165.27820006080904,13.993357034165117,-100.08616551125043,30.062966782774637,163.28126395813786,11.2
3,-91.27120800240913,33.20326447046223,165.27820006080904,13.685631028103549,-100.08616551125043,30.062966782774637,163.28126395813786,11.2
3,-91.27120800240913,33.20326447046223,165.27820006080904,13.455517023166646,-100.08616551125043,30.062966782774637,163.28126395813786,11.2
3,-91.27120800240913,33.20326447046223,165.27820006080904,13.296780895673177,-100.08616551125043,30.062966782774637,163.28126395813786,11.2
3,-91.27120800240913,33.20326447046223,165.27820006080904,13.201590226666294,-100.08616551125043,30.062966782774637,163.28126395813786,11.2
3,-91.27120800240913,33.20326447046223,165.27820006080904,13.160586227746794,-100.08616551125043,30.062966782774637,163.28126395813786,11.2
3,-91.27120800240913,33.20326447046223,165.27820006080904,13.168392261121426,-100.08616551125043,30.062966782774637,163.28126395813786,11.2
3,-91.27120800240913,33.20326447046223,165.27820006080904,13.228465905707111,-100.08616551125043,30.062966782774637,163.28126395813786,11.2
3,-91.27120800240913,33.20326447046223,165.27820006080904,13.286379375637276,-100.08616551125043,30.062966782774637,163.28126395813786,11.2
3,-91.27120800240913,33.20326447046223,165.27820006080904,13.20367424120326,-100.08616551125043,30.062966782774637,163.28126395813786,11.2
3,-91.27120800240913,33.20326447046223,165.27820006080904,13.169016993023233,-100.08616551125043,30.062966782774637,163.28126395813786,11.2
3,-91.27120800240913,33.20326447046223,165.27820006080904,13.205625208919491,-100.08616551125043,30.062966782774637,163.28126395813786,11.2
3,-91.27120800240913,33.20326447046223,165.27820006080904,13.303955573435235,-100.08616551125043,30.062966782774637,163.28126395813786,11.2
3,-91.27120800240913,33.20326447046223,165.27820006080904,13.462262435089073,-100.08616551125043,30.062966782774637,163.28126395813786,11.2
3,-91.27120800240913,33.20326447046223,165.27820006080904,13.623728210620882,-100.08616551125043,30.062966782774637,163.28126395813786,11.2
3,-91.39126735475395,33.23496357383852,165.14138035877193,13.496108380230902,-100.08616551125043,30.062966782774637,163.28126395813786,11.2
3,-91.87104716628816,33.363479256114815,164.86774095469775,13.462915962311085,-100.08616551125043,30.062966782774637,163.28126395813786,11.2
3,-92.35020772929701,33.49428484851744,164.59410155062358,13.267869746065248,-100.08616551125043,30.062966782774637,163.28126395813786,11.2
3,-92.94856934765552,33.65993630393936,164.4572818485865,13.119024274116397,-100.08616551125043,30.062966782774637,163.28126395813786,11.2
3,-93.54653369226206,33.82701614589312,164.32046214654937,12.739347719096553,-100.08616551125043,30.062966782774637,163.28126395813786,11.2
3,-94.62141887519799,34.1328963120493,163.9100030404381,12.389717310708916,-100.08616551125043,30.062966782774637,163.28126395813786,11.2
3,-95.3367797050381,34.341090972068876,163.63636363636394,12.084517594275306,-100.08616551125043,30.062966782774637,163.28126395813786,11.2
3,-95.69458372974371,34.444761042582726,164.0468227424752,11.83071921287718,-100.08616551125043,30.062966782774637,163.28126395813786,11.2
3,-96.17279356855644,34.57899550693593,164.59410155062358,11.72357189958351,-100.08616551125043,30.062966782774637,163.28126395813786,11.2
3,-96.41237385006089,34.64439830313725,164.86774095469778,11.832894076072954,-100.08616551125043,30.062966782774637,163.28126395813786,11.2
3,-96.77232310817283,34.740355247651685,165.27820006080904,11.969121876624515,-100.08616551125043,30.062966782774637,163.28126395813786,11.2
3,-97.372619869897,34.89885076453313,165.14138035877195,12.064889875736101,-100.08616551125043,30.062966782774637,163.28126395813786,11.2
3,-97.61281392821576,34.96196218493437,165.41501976284616,11.808030297757771,-100.08616551125043,30.062966782774637,163.28126395813786,11.2
3,-97.61281392821576,34.96196218493437,165.41501976284616,11.605880679393351,-100.08616551125043,30.062966782774637,163.28126395813786,11.2
3,-98.4537568700332,35.181848404109004,165.27820006080904,11.248177594615063,-100.08616551125043,30.062966782774637,163.28126395813786,11.2
3,-99.65397020224987,35.500272465835884,165.00456065673487,10.736166474738091,-100.08616551125043,30.062966782774637,163.28126395813786,11.2
3,-100.49277290632028,35.728180632033414,164.5941015506236,10.246619282112782,-100.08616551125043,30.062966782774637,163.28126395813786,11.2
3,-101.329921397536,35.96209196615514,164.18364244451232,9.914584461899967,-100.08616551125043,30.062966782774637,163.28126395813786,11.2
3,-101.92748505860467,36.130599241897464,164.3204621465494,9.695736198838082,-100.08616551125043,30.062966782774637,163.28126395813786,11.2
3,-102.04707792752596,36.16401521028821,164.4572818485865,9.760374748299341,-100.08616551125043,30.062966782774637,163.28126395813786,11.2
3,-102.04707792752596,36.16401521028821,164.4572818485865,10.111891026447037,-100.08616551125043,30.062966782774637,163.28126395813786,11.2
3,-102.45064220120842,36.365797347129444,164.45728184858646,10.416882693453816,-100.08616551125043,30.062966782774637,163.28126395813786,11.2
3,-102.69006562089197,36.43177206307224,164.73092125266066,10.695718126118667,-100.08616551125043,30.062966782774637,163.28126395813786,11.2
3,-102.80989480638453,36.46433043441514,164.86774095469775,10.960010876568886,-100.08616551125043,30.062966782774637,163.28126395813786,11.2
3,-103.16961458139036,36.56114683092232,165.00456065673484,10.994366762562874,-100.08616551125043,30.062966782774637,163.28126395813786,11.2
3,-103.16961458139036,36.56114683092232,165.00456065673484,10.967520285501926,-100.08616551125043,30.062966782774637,163.28126395813786,11.2
3,-103.16961458139036,36.56114683092232,165.00456065673484,10.759841380270153,-100.08616551125043,30.062966782774637,163.28126395813786,11.2
3,-104.00841728546078,36.78905499711985,164.59410155062355,10.310572790384642,-100.08616551125043,30.062966782774637,163.28126395813786,11.2
3,-104.36743425647583,36.888445870373005,164.45728184858646,9.826581893839244,-100.08616551125043,30.062966782774637,163.28126395813786,11.2
3,-105.92109682208695,37.32656395453786,164.04682274247517,9.283160866196205,-100.08616551125043,30.062966782774637,163.28126395813786,11.2
3,-106.04052873609294,37.36055070426745,164.18364244451226,8.738154949690548,-100.08616551125043,30.062966782774637,163.28126395813786,11.2
3,-106.16004146830667,37.39425215941592,164.32046214654932,8.833825171092812,-100.08616551125043,30.062966782774637,163.28126395813786,11.2
3,-106.16004146830667,37.39425215941592,164.32046214654932,9.417935050875023,-100.08616551125043,30.062966782774637,163.28126395813786,11.2
3,-105.92077627571369,37.32770589994079,164.5941015506235,9.931405700966883,-100.08616551125043,30.062966782774637,163.28126395813786,11.2
3,-106.04052737172553,37.36055032479919,164.73092125266058,10.374608937122046,-100.08616551125043,30.062966782774637,163.28126395813786,11.2
3,-106.04052737172553,37.36055032479919,164.73092125266058,10.62665148632751,-100.08616551125043,30.062966782774637,163.28126395813786,11.2
3,-106.1603565572181,37.39310869614209,164.86774095469767,10.727866509982219,-100.08616551125043,30.062966782774637,163.28126395813786,11.2
3,-106.1603565572181,37.39310869614209,164.86774095469767,10.84951180497729,-100.08616551125043,30.062966782774637,163.28126395813786,11.2
3,-106.1603565572181,37.39310869614209,164.86774095469767,10.843159720223266,-100.08616551125043,30.062966782774637,163.28126395813786,11.2
3,-106.63951712022694,37.52391428854472,164.59410155062346,10.536274934208013,-100.08616551125043,30.062966782774637,163.28126395813786,11.2
3,-107.59657789059891,37.790099326445265,164.32046214654923,10.184203275512164,-100.08616551125043,30.062966782774637,163.28126395813786,11.2
3,-108.19414155166767,37.95860660218761,164.18364244451215,9.796485590926205,-100.08616551125043,30.062966782774637,163.28126395813786,11.2
3,-108.5526797483089,38.05971096763301,164.32046214654923,9.415161140695847,-100.08616551125043,30.062966782774637,163.28126395813786,11.2
3,-108.79194494090191,38.12625722710815,164.59410155062346,9.453684938109507,-100.08616551125043,30.062966782774637,163.28126395813786,11.2
3,-109.03152522240636,38.19166002330947,164.86774095469767,9.5872292515947,-100.08616551125043,30.062966782774637,163.28126395813786,11.2
3,-109.03152522240636,38.19166002330947,164.86774095469767,9.665331067425551,-100.08616551125043,30.062966782774637,163.28126395813786,11.2
3,-109.03152522240636,38.19166002330947,164.86774095469767,9.707561036599234,-100.08616551125043,30.062966782774637,163.28126395813786,11.2
3,-109.03152522240636,38.19166002330947,164.86774095469767,9.713872168934811,-100.08616551125043,30.062966782774637,163.28126395813786,11.2
3,-109.03152522240636,38.19166002330947,164.86774095469767,9.709328088032622,-100.08616551125043,30.062966782774637,163.28126395813786,11.2
3,-109.03152522240636,38.19166002330947,164.86774095469767,9.877363483237646,-100.08616551125043,30.062966782774637,163.28126395813786,11.2
3,-109.03152522240636,38.19166002330947,164.86774095469767,10.01503179382032,-100.08616551125043,30.062966782774637,163.16433379586627,11.2
3,-109.03152522240636,38.19166002330947,164.86774095469767,10.131152150849923,-100.08616551125043,30.062966782774637,162.81354330905145,11.2
3,-109.03152522240636,38.19166002330947,164.86774095469767,10.225564599528063,-100.08616551125043,30.062966782774637,162.2288924976935,11.2
3,-109.15135440789895,38.224218394652375,164.73092125266055,10.311135684008047,-100.08616551125043,30.062966782774637,161.4103813617923,11.2
3,-109.2711055039108,38.257062819510786,164.59410155062346,10.378012784986874,-100.08616551125043,30.062966782774637,160.35800990134794,11.2
3,-109.74931534272353,38.391297283864,164.04682274247506,10.253516059641333,-100.08616551125043,30.062966782774637,159.07177811636038,11.2
3,-110.10711936742915,38.49496735437785,163.6363636363638,9.872727447096858,-100.08616551125043,30.062966782774637,157.5516860068296,11.2
3,-110.82045353309138,38.709983774042925,162.81544542414125,9.270946722848988,-100.08616551125043,30.062966782774637,155.79773357275565,11.2
3,-111.76663461428198,39.01252801651858,161.7208878078445,8.671339624358087,-100.08616551125043,30.062966782774637,153.80992081413854,11.2
3,-112.11993650015926,39.1306338209968,161.3104287017332,8.132577073571513,-100.08616551125043,30.062966782774637,151.5882477309782,11.2
3,-113.28830763593619,39.55090775824537,159.12131346913972,7.559000445407967,-100.08616551125043,30.062966782774637,149.13271432327466,11.2
3,-114.20857446142648,39.92477767379156,156.65855883247207,7.166273288138868,-100.08616551125043,30.062966782774637,146.44332059102794,11.2
3,-114.54751886136393,40.079275033747216,154.33262389784147,6.798574977586416,-100.08616551125043,30.062966782774637,143.520066534238,11.2
3,-114.76870681055986,40.192148959003276,151.59622985709962,6.7441928872113035,-100.08616551125043,30.062966782774637,140.36295215290494,11.2
3,-114.66115811613764,40.13011274963424,148.4493767102465,6.914406851984817,-100.08616551125043,30.062966782774637,137.0889076093002,11.2
3,-114.35170861752687,39.92289062892929,143.93432654302242,7.156303975490879,-100.08616551125043,30.062966782774637,133.8148630656955,11.2
3,-113.76456622082513,39.464475722512425,140.1033748859838,7.653428841573406,-100.08616551125043,30.062966782774637,130.5408185220908,11.2
3,-113.5759534011653,39.30292502532106,138.73517786561285,8.148314009108956,-100.08616551125043,30.062966782774637,127.26677397848611,11.2
3,-112.43031379821265,38.167091977058995,131.75737306172113,8.79072646011321,-100.08616551125043,30.062966782774637,123.99272943488138,11.2
3,-111.65114318787364,37.20090878664074,126.01094557616321,9.383705895758593,-100.08616551125043,30.062966782774637,120.7186848912767,11.2
3,-110.96014581552161,36.16955950356926,121.6327151109762,10.01142378740187,-100.08616551125043,30.062966782774637,117.44464034767198,11.2
3,-110.40975348084427,35.19721994830005,117.3913043478263,10.644851133829253,-100.08616551125043,30.062966782774637,114.17059580406729,11.2
3,-109.83570533803227,33.95828288663044,112.32897537245385,11.262489602921224,-100.08616551125043,30.062966782774637,110.89655126046256,11.2
3,-109.529658676458,33.1448663781148,108.90848282152653,11.900999180339435,-100.08616551125043,30.062966782774637,107.62250671685787,11.2
3,-109.27070070065236,32.31523621891008,105.76162967467337,12.513924682543593,-100.08616551125043,30.062966782774637,104.34846217325315,11.2
3,-109.20552770605946,32.07559699144109,104.6670720583766,12.651293023321667,-100.08616551125043,30.062966782774637,101.07441762964847,11.2
3,-108.97851392943448,30.981835619374028,98.78382487078159,12.90515774324027,-100.08616551125043,30.062966782774637,97.80037308604373,11.2
3,-108.96293044898766,30.858659452515468,95.63697172392844,13.035602017981988,-100.08616551125043,30.062966782774637,94.52632854243905,11.2
3,-108.96293044898766,30.858659452515468,92.90057768318658,13.176145290344088,-100.08616551125043,30.062966782774637,91.25228399883434,11.2
3,-108.95569691847982,30.61043669967657,90.4378230465189,12.926489408975591,-100.08616551125043,30.062966782774637,87.97823945522964,11.2
3,-108.95047924826108,30.85869513457777,87.15415019762867,12.725077924106051,-100.08616551125043,30.062966782774637,84.70419491162492,11.2
3,-108.95047924826108,30.858695134577772,84.69139556096098,12.282817352157208,-100.08616551125043,30.062966782774637,81.43015036802024,11.2
3,-108.93619024564447,30.98203315826108,82.0918212222562,11.919361839653348,-100.08616551125043,30.062966782774637,78.15610582441552,11.2
3,-108.93619024564447,30.982033158261075,80.99726360595945,11.511975798622833,-100.08616551125043,30.062966782774637,74.88206128081083,11.2
3,-108.91108062941872,31.103595712160786,75.66129522651282,11.460026119697813,-100.08616551125043,30.062966782774637,71.6080167372061,11.2
3,-108.94512014418798,30.984195023808173,72.51444207965966,11.488144707277126,-100.08616551125043,30.062966782774637,68.33397219360141,11.2
3,-109.10673220785647,30.514588568935764,69.5044086348436,11.677594578787847,-100.08616551125043,30.062966782774637,65.05992764999672,11.2
3,-109.34543743175136,29.94159552367573,65.26299787169371,12.040148994580903,-100.08616551125043,30.062966782774637,61.78588310639202,11.2
3,-109.62191468004696,29.385787037127482,61.84250532076638,12.480016024711185,-100.08616551125043,30.062966782774637,58.51183856278733,11.2
3,-109.99212280493974,28.739349711857404,58.55883247187612,12.977642820001897,-100.08616551125043,30.062966782774637,55.237794019182644,11.2
3,-110.33159626434812,28.219618518930268,55.13833992094879,13.57720060103485,-100.08616551125043,30.062966782774637,51.96374947557795,11.2
3,-110.78039148941538,27.625143975841137,50.7601094557618,14.264262604372382,-100.08616551125043,30.062966782774637,48.68970493197326,11.2
3,-111.10543340644979,27.249663416425573,47.47643660687156,14.883479129452056,-100.08616551125043,30.062966782774637,45.41566038836856,11.2
3,-111.36462881031963,26.98216639005707,44.32958346001841,15.355105230683861,-100.08616551125043,30.062966782774637,42.14161584476387,11.2
3,-111.36462881031963,26.982166390057067,40.224992398905606,15.486627466008855,-100.08616551125043,30.062966782774637,38.86757130115918,11.2
3,-111.1712551040642,27.13795869282346,37.48859835816374,15.431569507600871,-100.08616551125043,30.062966782774637,35.593526757554486,11.2
3,-110.5684475401738,27.57566016012031,34.47856491334769,15.13098837769225,-100.08616551125043,30.062966782774637,32.31948221394979,11.2
3,-109.84100530429377,28.051300290754842,31.87899057464292,14.580860187751009,-100.08616551125043,30.062966782774637,29.045437670345102,11.2
3,-108.7727986291644,28.68423470597675,29.41623593797523,14.007510770321776,-100.08616551125043,30.062966782774637,25.771393126740406,11.2
3,-107.23297104474814,29.490523542983464,25.858923685010815,13.324054389162113,-100.08616551125043,30.062966782774637,22.497348583135718,11.2
3,-105.87708167146248,30.108172921523348,23.12252964426894,12.570606573488712,-100.08616551125043,30.062966782774637,19.223304039531023,11.2
3,-104.49325119193333,30.6603866041914,20.386135603527066,11.770081883673607,-100.08616551125043,30.062966782774637,15.949305402627207,11.2
3,-102.8446810933929,31.211051885954006,16.555183946488462,10.979806531129123,-100.08616551125043,30.062966782774637,12.796824757575282,11.2
3,-101.64642512834062,31.536318605773264,13.81878990574659,10.482865500698242,-100.08616551125043,30.062966782774637,9.878204437066552,11.2
3,-100.4340069363939,31.80400858437155,11.082395865004715,10.108479667456956,-100.08616551125043,30.062966782774637,7.193444441101017,11.2
3,-99.20835799607478,32.00179426709068,7.2514442079661,9.768395789667144,-100.08616551125043,30.062966782774637,4.74254476967868,11.2
3,-99.08505228398234,32.01643772673581,6.293706293706444,9.707067449727687,-100.08616551125043,30.062966782774637,2.5255054227995126,11.2
3,-98.09431649650537,32.08515673399517,1.6418364244452683,9.659845998712091,-100.08616551125043,30.062966782774637,0.5423264004635415,11.2
3,-97.72183421735419,32.087380437046285,-0.957737914259509,9.764946948207136,-100.08616551125043,30.062966782774637,-1.2069922973292337,11.2
3,-97.47377649587342,32.07611804849503,-4.241410763149745,9.953165132240471,-100.08616551125043,30.062966782774637,-2.7224506705788127,11.2
3,-97.35013388840227,32.06471867710208,-6.293706293706144,10.387606478296403,-100.08616551125043,30.062966782774637,-4.004048719285196,11.2
3,-97.47336615051374,32.07995060373511,-7.798723016114179,11.300746422196067,-100.08616551125043,30.062966782774637,-5.0517864434484085,11.2
3,-97.96479295963567,32.15204502474517,-8.89328063241093,12.01546388750995,-100.08616551125043,30.062966782774637,-5.865663843068425,11.2
3,-97.8422783030253,32.13182403415009,-9.851018546670584,12.74200212985065,-100.08616551125043,30.062966782774637,-6.445680918145221,11.2
3,-97.59769509449636,32.0887509434509,-10.124657950744776,12.88733345762411,-100.08616551125043,30.062966782774637,-6.791837668678847,11.2
3,-96.62062441884252,31.909454930647176,-10.671936758893137,12.616203371969089,-100.08616551125043,30.062966782774637,-6.9041800013701495,11.2
3,-95.64486047416732,31.723163447055015,-10.945576162967336,12.465042342804571,-100.08616551125043,30.062966782774637,-6.9041800013701495,11.2
3,-94.30411021416104,31.462208335260637,-11.082395865004422,12.109969751455841,-100.08616551125043,30.062966782774637,-6.9041800013701495,11.2
3,-93.08668863911431,31.21770507946424,-11.629674673152792,11.70558719779409,-100.08616551125043,30.062966782774637,-6.9041800013701495,11.2
3,-91.74981730029116,30.9375680399004,-12.040133779264071,11.16397697409648,-100.08616551125043,30.062966782774637,-6.9041800013701495,11.2
3,-90.05050146700634,30.570878370635658,-12.31377318333825,10.582824842123712,-100.08616551125043,30.062966782774637,-6.9041800013701495,11.2
3,-88.53713544069703,30.570878370635658,-12.313773183338244,10.002599351064806,-100.08616551125043,30.062966782774637,-6.9041800013701495,11.2
3,-87.80812053083477,30.417206792830356,-11.492854971115683,9.434302835342315,-100.08616551125043,30.062966782774637,-6.9041800013701495,11.2
3,-87.07731935122095,30.272249544203707,-10.945576162967313,9.547602251035876,-100.08616551125043,30.062966782774637,-6.9041800013701495,11.2
3,-86.58921773401254,30.18026936897004,-10.398297354818942,9.851978882081141,-100.08616551125043,30.062966782774637,-6.9041800013701495,11.2
3,-85.85609361365063,30.047547262771353,-10.124657950744758,10.14704719107854,-100.08616551125043,30.062966782774637,-6.9041800013701495,11.2
3,-85.24450818404104,29.940594806563332,-9.714198844633483,9.999769561871215,-100.08616551125043,30.062966782774637,-6.9041800013701495,11.2
3,-84.50985168550619,29.81663528699842,-9.440559440559293,9.946476415743863,-100.08616551125043,30.062966782774637,-6.9041800013701495,11.2
3,-83.16271009586995,29.5909843008475,-9.57737914259637,9.641846877035738,-100.08616551125043,30.062966782774637,-6.9041800013701495,11.2
3,-82.55037300967166,29.48841567077891,-9.440559440559277,9.22542310888386,-100.08616551125043,30.062966782774637,-6.9041800013701495,11.2
3,-80.83617451309037,29.199176791794113,-9.714198844633467,8.639015615716822,-100.08616551125043,30.062966782774637,-6.9041800013701495,11.2
3,-79.73532073979311,29.006662370619686,-10.124657950744735,7.994172199790673,-100.08616551125043,30.062966782774637,-6.9041800013701495,11.2
3,-78.75782191264389,28.829699562354747,-10.398297354818926,7.309730999745493,-100.08616551125043,30.062966782774637,-6.9041800013701495,11.2
3,-78.39133908608105,28.762900842326772,-10.261477652781831,6.775266699425161,-100.08616551125043,30.062966782774637,-6.9041800013701495,11.2
3,-78.14685943137195,28.719243821470844,-9.987838248707641,6.994894640036143,-100.08616551125043,30.062966782774637,-6.9041800013701495,11.2
3,-78.14685943137195,28.719243821470844,-9.987838248707641,7.436509370801612,-100.08616551125043,30.062966782774637,-6.9041800013701495,11.2
3,-78.14685943137195,28.719243821470844,-9.987838248707641,7.793790800691572,-100.08616551125043,30.062966782774637,-6.9041800013701495,11.2
3,-78.14685943137195,28.719243821470844,-9.987838248707641,8.090732242564885,-100.08616551125043,30.062966782774637,-6.9041800013701495,11.2
3,-78.14685943137195,28.719243821470844,-9.987838248707641,8.105281420876818,-100.08616551125043,30.062966782774637,-6.9041800013701495,11.2
3,-78.14685943137195,28.719243821470844,-9.987838248707641,8.097500523540129,-100.08616551125043,30.062966782774637,-6.9041800013701495,11.2
3,-78.14685943137195,28.719243821470844,-9.987838248707641,8.057903189200431,-100.08616551125043,30.062966782774637,-6.9041800013701495,11.2
3,-78.14685943137195,28.719243821470844,-9.987838248707641,7.942416070132416,-100.08616551125043,30.062966782774637,-6.9041800013701495,11.2
3,-78.26917674979148,28.74063435337102,-9.851018546670547,7.7899649172242675,-100.08616551125043,30.062966782774637,-6.9041800013701495,11.2
3,-78.26917674979148,28.74063435337102,-9.851018546670547,7.6721950646815245,-100.08616551125043,30.062966782774637,-6.9041800013701495,11.2
3,-78.3915447990283,28.76173273639663,-9.714198844633453,7.740935592336502,-100.08616551125043,30.062966782774637,-6.9041800013701495,11.2
3,-78.51396288130024,28.78253885023789,-9.577379142596358,7.798100004705248,-100.08616551125043,30.062966782774637,-6.9041800013701495,11.2
3,-78.75894635239851,28.823273797461894,-9.303739738522168,7.776929777041107,-100.08616551125043,30.062966782774637,-6.9041800013701495,11.2
3,-79.00412157519474,28.862838265909065,-9.030100334447978,7.873644349491075,-100.08616551125043,30.062966782774637,-6.9041800013701495,11.2
3,-79.49484433965276,28.939624440377315,-8.756460930373787,7.9662550729116095,-100.08616551125043,30.062966782774637,-6.9041800013701495,11.2
3,-79.98592822995353,29.014066100983687,-8.482821526299597,8.010343229976408,-100.08616551125043,30.062966782774637,-6.9041800013701495,11.2
3,-80.3545674506841,29.0676975148662,-8.072362420188313,8.100417559704454,-100.08616551125043,30.062966782774637,-6.9041800013701495,11.2
3,-80.96959072755753,29.152679480621064,-7.661903314077029,8.18007778794183,-100.08616551125043,30.062966782774637,-6.9041800013701495,11.2
3,-81.8314535322935,29.265482913139873,-7.251444207965744,8.285727283448722,-100.08423639394009,30.062733036608048,-6.903649005934995,11.771428571428572
3,-81.95465258251585,29.281009511757418,-7.114624505928649,8.558899666871715,-100.07073151405228,30.061097193315238,-6.899932908334066,12.342857142857143
3,-83.43369802801945,29.462031895610934,-6.840985101854474,8.860283541627211,-100.0340694608138,30.056660807144393,-6.889854966058384,12.914285714285713
3,-84.66659378414137,29.60994035133215,-6.840985101854474,9.230413568758793,-99.96265690294362,30.048038117270742,-6.8702674260784455,13.485714285714284
3,-85.89913165539437,29.760792337876747,-7.114624505928649,9.73130171867879,-99.84488166139859,30.033871399393714,-6.8380864231876055,14.057142857142857
3,-87.13093501745381,29.917529069807692,-7.388263910002823,10.257306466668155,-99.6691053059864,30.01285242964934,-6.7903403318198965,14.628571428571428
3,-89.10060022760362,30.177717713437325,-7.661903314077013,10.853027393323607,-99.4236555579856,29.983749622212226,-6.724229949807918,15.200000000000001
3,-90.70018685417394,30.39485212736368,-7.798723016114115,11.484507760399191,-99.09681888657813,29.94544012286977,-6.637197936211364,15.77142857142857
3,-92.46578055153479,30.39485212736368,-7.798723016114122,12.248532533189719,-98.67783670800466,29.89706064876046,-6.527264853088704,16.34285714285714
3,-93.08080499743087,30.47983425465039,-7.935542718151209,13.242971537670709,-98.15446548946302,29.83776113698132,-6.392458155206599,16.914285714285715
3,-96.6455453070233,30.98976028059918,-8.346001824262485,14.306720608057311,-97.51527806027576,29.767011717875736,-6.2314921812308715,17.2
3,-98.41113900438415,30.98976028059918,-8.346001824262494,15.471938919276026,-96.75438011826058,29.685128283849505,-6.0449424921477135,17.2
3,-100.25433861154347,31.257917859718717,-8.209182122225407,16.836667251239085,-95.87142007903503,29.5932014289454,-5.835067875743496,17.2
3,-102.83570719060603,31.627175339005063,-8.072362420188313,17.867611374886604,-94.86625322442855,29.49246059874714,-5.604348081421538,17.2
3,-104.31102618340691,31.836418315428713,-8.072362420188313,19.08763558741401,-93.74065216660566,29.384407455901123,-5.355778395566013,16.628571428571426
3,-105.66362965347132,32.02660948990389,-7.935542718151218,19.979242813946346,-92.50406050147457,29.271261299622914,-5.093909347867443,16.057142857142853
3,-106.77103367462935,32.17693302919816,-7.525083612039934,20.587879898770463,-91.16793243544977,29.15527049876892,-4.823306656417326,15.485714285714282
3,-107.14040415017753,32.225277449312344,-7.38826391000284,20.732682532416096,-89.74379274008247,29.03847624049327,-4.548042579813556,14.914285714285711
3,-107.26356577236707,32.24109819708099,-7.251444207965745,20.770612246981266,-88.24436672066362,28.922772964970832,-4.271878865842385,14.342857142857143
3,-107.26356577236707,32.24109819708099,-7.251444207965745,21.00914452934897,-86.68043029435168,28.809648608490246,-3.997685721419048,13.771428571428572
3,-107.26356577236707,32.24109819708099,-7.251444207965745,21.3632061995504,-85.0636164888154,28.700413755875253,-3.7280130966360168,13.2
3,-107.26356577236707,32.24109819708099,-7.251444207965745,21.725717160421723,-83.40557696040685,28.596137021122924,-3.464965650032964,12.628571428571428
3,-107.26356577236707,32.24109819708099,-7.251444207965745,22.235300787392234,-81.71797839265788,28.49765654270723,-3.210249951380133,12.057142857142857
3,-106.77084395926673,32.17840344472431,-7.251444207965745,22.613580399533326,-80.0124990216839,28.405595440849456,-2.965224463736388,11.485714285714282
3,-106.52448305271655,32.14705606854597,-7.251444207965745,22.993850433648305,-78.30058278031697,28.320368295810898,-2.730916874427702,11.2
3,-105.53874374888966,32.024020230360726,-6.977804803891557,23.190737475146253,-76.58809653227769,28.241971345360543,-2.5073981745732556,11.2
3,-104.30584916449627,31.876111915209822,-6.7041653998173665,23.255314894825876,-74.87532337838185,28.170105653790394,-2.2939838747908112,11.2
3,-102.20846712756317,31.637184877219948,-6.293706293706091,22.973797892158544,-73.16229943333354,28.104479960517796,-2.0900200269908487,11.2
3,-99.86248142039693,31.38694853087703,-5.883247187594813,22.398539898648483,-71.44905696666551,28.04482148242243,-1.8949100846168094,11.2
3,-97.14375467993173,31.11991475633988,-5.335968379446442,21.66567099727465,-69.7356248507852,27.990874327742475,-1.7081086815738817,11.2
3,-92.93922549059118,30.737335614739706,-5.06232897537226,20.682583655302732,-68.02202894957291,27.942398077630003,-1.5291162089188535,11.2
3,-89.35112951865923,30.432433461617162,-4.651869869260976,19.517701379227216,-66.30829245642435,27.899166514487277,-1.3574740692890235,11.2
3,-87.98958818815078,30.32328202829722,-4.5150501672238965,18.17522692929772,-64.59443618915107,27.860966479176113,-1.1927605140996678,11.2
3,-80.18743586772477,29.75402402953155,-3.8309516570384226,16.72317863712022,-62.88047884794366,27.82759684168677,-1.0345869798649845,11.2
3,-76.0979169202687,29.494890056614917,-3.420492550927154,15.364015374689862,-61.16643724160913,27.798867571962347,-0.8825948570223144,11.2
3,-71.88294936174557,29.25306163768569,-3.1468531468529806,14.066133661987534,-59.452326486477766,27.774598899357,-0.7364526301188435,11.2
3,-67.66741233972286,29.02129882824859,-3.1468531468529806,12.765242103657604,-57.73816018169613,27.754620550728298,-0.595853343787812,11.2
3,-62.58430915893321,28.735750901585984,-3.283672848890075,11.573798846733126,-56.02395056406071,27.738771058451416,-0.46051234760644544,11.2
3,-58.989436047090024,28.525192993031936,-3.4204925509271695,10.52265159502399,-54.30970864507895,27.72689713075518,-0.3301652890863103,11.2
3,-55.51876845870887,28.317751609068832,-3.4204925509271695,9.603574652732632,-52.59544433255029,27.718853077722954,-0.20456631955478308,11.2
3,-54.52714914774282,28.25848264222223,-3.4204925509271695,8.756437064618025,-50.881166538632684,27.714500287121126,-0.08348648964195367,11.2
3,-48.94814406595998,27.945076976965822,-3.0100334448158854,8.743952909529833,-49.16688327608124,27.713706744918866,0.03328769022488648,11.2
3,-47.33582423749721,27.866085874938047,-2.5995743387046164,9.20629808350093,-47.4526017441115,27.716346595972514,0.14595554324734109,11.2
3,-45.970982616982575,27.812281569107498,-1.9154758285191582,10.151752078469144,-45.73832840514228,27.722299740874046,0.2547033905421216,11.2
3,-44.10909161760459,27.761138440502346,-1.2313773183336998,11.29503410612302,-44.02406905350413,27.73145146542366,0.3597056014226435,11.2
3,-42.370979761575384,27.727930147432406,-0.9577379142595102,12.50834562067383,-42.30982887705472,27.743692099580546,0.461125543345624,11.2
3,-40.63267956468126,27.707174254121707,-0.41045910611114655,13.29798263574985,-40.59561251252103,27.758916703102376,0.5591164399941501,11.2
3,-38.52176609736687,27.694572192277054,-0.27363940407405174,13.590125870667803,-38.88142409528223,27.77702477538015,0.6538221513088164,11.2
3,-36.65917414865083,27.68790048711409,-0.13681970203695693,13.297722261580887,-37.16628929017742,27.797932686949245,0.7454292436733077,11.2
3,-31.31971344833556,27.681525290062883,1.378571669746843e-13,12.787542427666368,-35.451213492569536,27.82153800681081,0.8340089409556221,11.2
3,-27.34615752284648,27.681525290062893,1.378571669746843e-13,11.966391928234142,-33.73619886214584,27.847751777007936,0.9196813618577919,11.2
3,-21.63419259433649,27.667885353025937,-0.27363940407405174,10.791659222190379,-32.021247245970045,27.87648853783113,1.0025597029436066,11.2
3,-16.91572049809302,27.634082287813477,-0.5472788081482414,9.471693884613458,-30.30636020645534,27.907666128080965,1.0827507305531745,11.2
3,-12.197463654011148,27.577744702485447,-0.8209182122224309,7.972622863945845,-28.591539046680285,27.94120549936327,1.160355230472644,11.2
3,-7.355276876717836,27.50257968183108,-0.9577379142595257,6.390340207607697,-26.876784833335698,27.977030543234317,1.2354684205056816,11.2
3,-1.644337921193264,27.39346671888699,-1.2313773183337153,4.740046207757228,-25.16209841753561,28.015067930132155,1.3081803284915035,11.2
3,2.45233628153117,27.300515401312534,-1.3681970203707945,3.4907457434920097,-23.44748045371943,28.055246959128755,1.3785761390356666,11.2
3,6.05244391422841,27.21883091011075,-1.2313773183336998,2.8847869462955673,-21.732931416835953,28.097499417630363,1.4467365133783499,11.2
3,8.78387158392505,27.173168986370378,-0.6840985101853204,2.862570529229034,-20.018451617978307,28.141759450234865,1.5127378831408178,11.2
3,10.770602341777126,27.173168986370378,0.6840985101856119,3.7632189370004805,-18.304041218626097,28.18796343602709,1.5766527212177417,11.2
3,11.515501759354791,27.187401003763703,1.505016722408165,5.047826429744586,-16.589700243629306,28.236049873659162,1.6385497915952656,11.2
3,12.26018169750127,27.210525834066246,2.052295530556544,6.505004312135954,-14.875428593052595,28.285959273619167,1.6984943808415975,11.2
3,13.12872057598582,27.244765067938744,2.4627546366678286,7.741767445534138,-13.161226052996577,28.33763405714787,1.756548511476633,11.2
3,13.748982790886933,27.272184327117863,2.5995743387049233,8.725090060095262,-11.447092305481565,28.39101846130694,1.8127711390530665,11.2
3,15.485429615197145,27.35517855065718,2.873213742779113,9.412980612198215,-9.733026937491722,28.44605844974578,1.867218336365619,11.2
3,17.221876439507355,27.438172774196495,2.5995743387049237,9.871379826785732,-8.01902944925305,28.502701628753723,1.919943462659907,11.2
3,20.19957678492036,27.559119629455008,2.0522955305565445,9.75195008963434,-6.305099261812586,28.560897168218446,1.970997321868956,11.2
3,22.93006989145742,27.64391067389766,1.5050167224081654,9.301466566163864,-4.591235723990228,28.620595727141218,2.020428309101712,11.2
3,26.033605054996315,27.714328204878722,1.0945576162968809,8.610614420339072,-2.8774381187506153,28.681749383391708,2.0682825466945514,11.2
3,30.379281201779992,27.771406504629688,0.41045910611142256,7.62531821448714,-1.1637056690536933,28.744311567406882,2.1146040117201226,11.2
3,33.73194033680839,27.783415551096432,1.2250105140324328e-13,6.656003646543492,0.5499624567733727,28.808236999564745,2.1594346539960037,11.2
3,34.97367656352371,27.783415551096436,1.2250105140324328e-13,5.541072782357345,2.2635671401021127,28.873481630984777,2.2028145063986013,11.2
3,40.93401045175732,27.78341555109645,1.2250105140324328e-13,4.306741881917528,3.977109307460801,28.940002587524543,2.24478178780183,11.2
3,43.04494398121965,27.79097680257551,0.41045910611142256,3.6958997384215917,5.6905899263631285,29.007758116761405,2.2853729996221595,11.2
3,44.65910442434169,27.808322906284303,0.8209182122227228,3.6536016375128018,7.404010001466335,29.076707537764268,2.3246230151320546,11.2
3,45.652195086501365,27.832041965908402,1.9154758285194808,4.447515044356305,9.11737057103153,29.146811193474008,2.3625651638009537,11.2
3,46.148476119095385,27.852199679329487,2.736394040742018,5.315570675106689,10.830672703666892,29.218030405525308,2.39923131029516,11.2
3,46.27250095702804,27.858275929496592,2.873213742779097,6.60320217962138,12.543916086306655,29.29032737146252,2.4346518992042263,11.2
3,46.27250095702804,27.858275929496592,2.873213742779097,7.996585150792868,14.257103316907562,29.363665304933313,2.468856113321794,11.2
3,46.27250095702804,27.858275929496592,2.873213742779097,9.254778038271239,15.97023553513493,29.438008214826013,2.501871846213789,11.2
3,47.14067482255673,27.900809680666317,2.736394040741987,10.232174464196262,17.683313900446457,29.513320929481335,2.5337257945275886,11.2
3,47.88494913383234,27.934601438617918,2.462754636667797,10.744819960591409,19.396339589905168,29.589569061611037,2.564443515917601,11.2
3,49.62194595444836,28.00515397200868,2.1891152325936076,10.910081778544267,21.109313796164443,29.666718974882077,2.594049482151731,11.2
3,51.23509703914681,28.06488928442969,2.0522955305565285,10.740386879298994,22.822237725602303,29.74473775206347,2.6225671300467615,11.2
3,53.22076295115737,28.131297538642364,1.7786561264823386,10.33155005775373,24.535112596599028,29.823593164645683,2.650018908677509,11.2
3,56.32371991768189,28.22394654886824,1.6418364244452284,9.789731180662674,26.247939637944896,29.903253643844103,2.676426324331493,11.2
3,58.55792751891144,28.287986305556824,1.6418364244452284,8.9493360954233,27.960720087364503,29.98368825290685,2.7018099823759782,11.2
3,59.30266338598794,28.309332891119684,1.6418364244452284,8.198623566876691,29.67345519015287,30.064866660650903,2.726189627299174,11.2
3,63.522833299421556,28.4302968759759,1.6418364244452284,7.405000807316296,31.386146197912936,30.14675911615677,2.7495841797852205,11.2
3,65.63250705523822,28.50337424775174,2.325934934630687,6.572286150604153,33.09879436738657,30.229336424554738,2.772011772262257,11.2
3,66.62486997421071,28.548429796559525,2.873213742779066,6.329748999461414,34.81140095936863,30.31256992384185,2.7934897821106697,11.2
3,67.4927119099982,28.597181603599637,3.5573122529645556,7.0002239153703005,36.52396723770301,30.396431462671607,2.8140348632182652,11.2
3,67.61663696214133,28.60503416315942,3.6941319550016343,7.8777004365722,38.23649446835182,30.480893379061623,2.833662975357655,11.2
3,67.7405429094187,28.61318262740797,3.830951657038714,9.11151576533567,39.948983918528,30.565928479969283,2.852389412703414,11.2
3,67.7405429094187,28.61318262740797,3.830951657038714,10.001775326561292,41.661436855893605,30.651510021687017,2.8702288299507424,11.2
3,67.86444885669609,28.62133109165652,3.6941319550016343,10.805353396058086,43.37385454781304,30.737611691012525,2.887195267787846,11.2
3,68.48407411741175,28.66059388945544,3.5573122529645556,11.485104000915754,45.08623826065794,30.82420758715209,2.9033021761438516,11.2
3,69.35167826984919,28.713490160107693,3.420492550927445,11.942931441858677,46.798589259164906,30.91127220431733,2.918562437033337,11.2
3,70.34343534244285,28.770390964561624,3.146853146853255,11.99974557527641,48.510908805829175,30.998780414977254,2.932988385418068,11.2
3,71.58329917244951,28.83855649674901,3.146853146853255,11.986539737605769,50.223198160348836,31.086707453731883,2.9465918297458034,11.2
3,73.69146473220322,28.94688706030626,2.736394040741955,11.678242337042457,51.93545857909856,31.17502890177301,2.9593840704012226,11.2
3,75.42791320681206,29.0298813627223,2.736394040741955,11.301209856361263,53.647691314642266,31.263720671901464,2.9713759184307458,11.2
3,77.412644703547,29.119992717259898,2.462754636667765,10.778489910006371,55.35989761527578,31.352758994071845,2.98257771177827,11.2
3,78.15699829329698,29.152007117952227,2.462754636667765,10.19966119038583,57.07207872459704,31.442120401435247,2.992999332208217,11.2
3,82.12688410529698,29.32275058831132,2.462754636667765,9.68742648898467,58.784235881108145,31.531781716856205,3.002650220026256,11.2
3,83.73973150329914,29.390189452265982,2.325934934630686,9.222109596615,60.496370317832074,31.62172003987587,3.0115393889285773,11.2
3,85.22858733595974,29.45066310978864,2.325934934630686,8.896209495037864,62.20848326196252,31.711912734100544,3.0196754395075467,11.2
3,86.34505720062046,29.500017682499003,2.736394040741986,8.646200270663483,63.92057593452526,31.802337414991587,3.0270665727443804,11.2
3,87.08906821480221,29.539140295276912,3.2836728488903653,9.154913573256758,65.6326495500606,31.892971938036364,3.0337206012620483,11.2
3,87.58487739907399,29.568774750535976,3.5573122529645542,9.791060263682834,67.34470531632356,31.98379438727905,3.039644962325958,11.2
3,87.95659453435444,29.593220096816456,3.967771359075823,10.592702260283621,69.05674443399573,32.07478306419379,3.044846727969926,11.2
3,87.95659453435444,29.593220096816456,3.967771359075823,11.470678416010252,70.76876809641338,32.16591647688082,3.049332615828584,11.2
3,88.57570332121523,29.639877838170097,4.651869869261281,12.290652351606127,72.48077748930456,32.257173329568474,3.053108998813238,11.2
3,89.07066355894244,29.681342416013997,4.925509273335471,12.971005896647469,74.19277379053983,32.348532512405285,3.056181914981056,11.2
3,89.81295398104618,29.745312078186306,4.925509273335471,13.42445274270457,75.90475816988966,32.43997309152619,3.0585570755410565,11.2
3,91.29812327239003,29.8661592886079,4.378230465187091,13.489473492440293,77.61673178878851,32.53147429937702,3.060239874174046,11.2
3,92.78412441602659,29.976364254157346,4.1045910611129015,13.287129431060531,79.32869580011071,32.623015525284856,3.0612353942459722,11.2
3,94.89051350837666,30.114887356475645,3.420492550927443,12.930106921376215,81.04065134794578,32.71457630625936,3.061548416674776,11.2
3,96.99813765038351,30.233285052239207,3.0100334448161434,12.231993394105672,82.75259956738321,32.806136318012136,3.0611834267000892,11.2
3,100.22295827244912,30.387416742213755,2.4627546366677637,11.579029012509467,84.46454158429657,32.897675366182085,3.0601446208053202,11.2
3,102.7046088314449,30.48227999628589,1.9154758285194162,10.663304390035254,86.17647851513651,32.989173377755016,3.058435912674453,11.2
3,105.062681258803,30.558324424671415,1.7786561264823055,9.75306227733098,87.88841146671973,33.080610392665214,3.056060939466366,11.2
3,107.9171899866575,30.65037820640128,1.9154758285193847,8.89329471074093,89.60034153601974,33.17196655556883,3.053023066925652,11.2
3,109.53047911706126,30.706261221127836,2.052295530556464,8.64458662120659,91.31226980996017,33.263222107778304,3.0493253946631675,11.2
3,110.6471719608271,30.7502830932496,2.4627546366677637,8.89402942679391,93.02419736520675,33.35435737934754,3.044970761441478,11.2
3,111.39136133514991,30.785851944782188,3.0100334448161434,9.355392183574338,94.73612526795534,33.4453527812979,3.0399617489208106,11.2
3,111.76329500726875,30.806745655799286,3.420492550927412,10.016072302442923,96.44805457372095,33.53618879797639,3.034300686446877,11.2
3,112.25895559289742,30.838747612172945,3.9677713590757904,10.673521534212847,98.15998632712105,33.626845979535716,3.0279896549798138,11.2
3,112.63048806817388,30.865855238974675,4.378230465187059,11.531652924862886,99.87192156165595,33.71730493452838,3.02103049040761,11.2
3,113.62079331451116,30.94405569718232,4.651869869261248,12.422978322657665,101.58386129948649,33.80754632260592,3.0134247872130757,11.2
3,114.36323367110201,31.006252563948177,4.925509273335438,12.953840033114382,103.2958065512028,33.89755084731541,3.005173901057925,11.2
3,115.47678281347959,31.100877549950415,4.788689571298359,13.451662183792353,105.00775831559415,33.9872992489839,2.9962789523554596,11.2
3,117.33342655328731,31.249720130651838,4.37823046518709,13.352561724742465,106.71971757940109,34.076772297684876,2.9867408282581014,11.2
3,119.19108892966966,31.38525826466049,3.967771359075822,13.180991400958902,108.4316853170717,34.16595078627763,2.976560185206351,11.2
3,120.6778414284936,31.484814984984656,3.6941319550016325,12.62606153036139,110.1436624905032,34.254815523513265,2.965737450664074,11.2
3,124.5206149110768,31.70989284513905,3.010033444816174,11.990680627955246,111.85565004877589,34.34334732719818,2.9542728255766715,11.2
3,127.24930928359385,31.840311967425205,2.4627546366677944,11.234563028463807,113.5676489278805,34.43152701741102,2.9421662853662145,11.2
3,129.85492591904745,31.943029669042666,2.052295530556526,10.495126295011316,115.2796600504326,34.51933540976304,2.9294175815266397,11.2
3,132.4610083604689,32.03330223129325,1.9154758285194466,9.599666547169644,116.99168432537705,34.60675330869666,2.9160262427666876,11.2
3,135.5634874573992,32.140769567305824,2.0522955305565573,8.729640749412544,118.70372264768179,34.69376150081539,2.9019915759777253,11.2
3,137.1763256584351,32.208208046702744,2.7363940407420158,8.354967612926181,120.41577589802219,34.78034074823851,2.887312666684301,11.2
3,138.54043278533456,32.27830429371038,3.1468531468532843,8.818584540612639,122.1278449424418,34.86647178197227,2.87198837988237,11.2
3,139.16023731616227,32.314607312388155,3.5573122529645844,9.254141851824365,123.83993063201511,34.95213529529519,2.8560173599771344,11.2
3,140.02728675371185,32.37578754244773,4.515050167224232,9.665829847889501,125.55203380248206,35.03731193714569,2.839398031010789,11.2
3,140.52224558022752,32.41725200206944,5.062328975372612,10.464068878509647,127.26415527387687,35.12198230551032,2.8221285963838283,11.2
3,141.0168960730911,32.462261312845925,5.335968379446801,11.32738436335716,128.97629585013576,35.206126940803486,2.8042070386779345,11.2
3,142.2537839530375,32.57183095246351,4.788689571298422,12.238548385167729,130.68845631868774,35.28972631923353,2.7856311186206666,11.2
3,143.24370536930076,32.65476018696622,4.788689571298422,12.674176163331113,132.40063745003252,35.37276084614824,2.7663983748658243,11.2
3,144.48134997414525,32.755466482780804,4.515050167224232,12.861942491690332,134.11283999729312,35.455210849354266,2.7465061226048397,11.2
3,146.46301500189574,32.8976736041136,3.694131955001663,12.716899263150173,135.82506469575443,35.53705657240308,2.7259514523209694,11.2
3,147.0826402626114,32.93693640191249,3.5573122529645835,12.216157148191414,137.53731226237693,35.61827816783787,2.7047312286695386,11.2
3,150.80265290766997,33.132547234907506,2.4627546366678255,11.572909130860102,139.2495833952951,35.69885569039508,2.682842088374199,11.2
3,153.28430346666576,33.22741048897967,1.9154758285194777,10.830834944786773,140.96187877328404,35.7787690901531,2.660280438770967,11.2
3,156.5114799556905,33.31991200810193,1.3681970203710985,9.95793484269937,142.67419905521172,35.857998205623154,2.6370424553279608,11.2
3,158.62188787830613,33.36779602018574,1.2313773183340193,9.118343913805372,144.38654487946152,35.93652275677427,2.6131240800086806,11.2
3,160.73240412853102,33.410640342898176,1.0945576162969402,8.276716003171684,146.09891686332966,36.01432233798714,2.588521017526792,11.2
3,162.47043172911242,33.44799906899074,1.3681970203711298,8.165709938613672,147.8113156023967,36.09137641092837,2.5632287339244186,11.2
3,163.58748986720593,33.48135252247904,2.052295530556588,8.519873620926564,149.52374166986672,36.167664297339996,2.537242452573045,11.2
3,163.83565563066617,33.49083887493338,2.3259349346307774,9.124131220123015,151.23619561588472,36.243165171736116,2.5105571517130656,11.2
3,164.4557727480529,33.521219779282475,3.283672848890425,9.713290972558704,152.9486779668147,36.317858054000034,2.4831675600682175,11.2
3,164.82760239233193,33.54388956647179,3.6941319550016942,10.297656058422314,154.6611892244892,36.39172180187436,2.455068153897538,11.2
3,165.19926009347296,33.56922248573597,4.104591061112963,10.922443801383633,156.37372986542258,36.464735103336274,2.426253152652035,11.2
3,165.57085694748406,33.59544288336642,3.9677713590758525,11.593860051552888,158.0863003399952,36.536876468851425,2.396716514899018,11.2
3,166.06636092613203,33.62981182606149,3.9677713590758525,12.051670848432751,159.79890107159048,36.60812422349777,2.36645193340084,11.2
3,166.809737175544,33.67959018622359,3.694131955001663,12.409115015781115,161.5115324556964,36.67845649895067,2.3354528309432045,11.2
3,167.80121118550935,33.74122686483545,3.4204925509274737,12.737458412257281,163.22419485897285,36.74785122532292,2.303712354723892,11.2
3,169.16496798327847,33.8178371385648,3.010033444816205,12.833018239984169,164.93688861826448,36.81628612284941,2.2712233712538183,11.2
3,170.40528360714984,33.87711855778578,2.462754636667826,12.784256941434395,166.6496140395775,36.88373869340797,2.2379784605598467,11.2
3,171.89413802482068,33.93759215783504,2.189115232593636,12.624212029936784,168.3623713970053,36.95018621186838,2.2039699102151586,11.2
3,173.50742408872588,33.99347506634057,1.7786561264823362,12.294463546946695,170.0751609316055,37.01560571725867,2.169189709234299,11.2
3,175.74162956659285,34.05751476216657,1.5050167224081465,11.85521912999411,171.78798285022657,37.07997400374046,2.1336295411814765,11.2
3,177.47946057604412,34.10317373493766,1.5050167224081465,11.367481995880038,173.50083732427316,37.14326761138169,2.0972807774780957,11.2
3,179.2172915854954,34.148832707708756,1.5050167224081465,10.840989884993826,175.21372448842862,37.20546281671928,2.0601344691979797,11.2
3,180.3342668922294,34.1848535473301,2.189115232593605,10.373658105968131,176.92664443930357,37.266535623095834,2.0221813407658944,11.2
3,181.4506051076833,34.23687356138752,3.146853146853284,10.269141367851692,178.6395972340304,37.32646175076564,1.9834117807348863,11.2
3,181.94641287832306,34.266507932153964,3.694131955001663,10.75874706493763,180.3525828887836,37.38521662675276,1.9438158335684654,11.2
3,182.07031882560045,34.27465639640252,3.8309516570387423,11.311701880782843,182.0656013772418,37.44277537445225,1.9033831910520884,11.2
3,182.07031882560045,34.27465639640252,3.8309516570387423,12.21028306689672,183.77865262897168,37.49911280296174,1.8621031822847007,11.2
3,182.07031882560045,34.27465639640252,3.8309516570387423,12.813570770251813,185.49173652773294,37.554203396128095,1.8199647645084716,11.2
3,182.31814982502098,34.290657420210856,3.557312252964553,13.52133036248989,187.20485290970436,37.608021301298464,1.7769565123854874,11.2
3,182.81402694748806,34.31910774132113,3.010033444816174,13.993205995006484,188.91800156163268,37.66054031775954,1.7330666075086028,11.2
3,183.31009657240142,34.344005038063514,2.736394040741984,14.355336524351888,190.63118221888323,37.711733884850524,1.6882828267189507,11.2
3,184.30265863758945,34.384320464905684,1.915475828519415,14.319528090000695,192.3443945634027,37.76157506973468,1.6425925305501408,11.2
3,185.91629750371703,34.42864450969682,1.2313773183339565,14.104315478459775,194.05763822158244,37.81003655481282,1.5959826507990635,11.2
3,187.40610766602776,34.45710876089962,0.957737914259767,13.768693202515651,195.77091276201892,37.857090624761874,1.5484396772192952,11.2
3,189.02022208525446,34.47830935283079,0.5472788081484669,13.310265959515217,197.48421769316718,37.9027091531811,1.4999496443412048,11.2
3,190.8827609284665,34.49387651692816,0.41045910611135644,12.848286749967723,199.1975524608778,37.94686358882662,1.4504981168763906,11.2
3,192.86944636973809,34.5128535500959,0.684098510185546,12.321899694331966,200.91091644581124,37.98952494141513,1.4000701744683026,11.2
3,193.98682310906014,34.532867524278636,1.3681970203710043,12.011111098849995,202.62430896073081,38.030663766976616,1.34865039674806,11.2
3,194.60745580155194,34.54991529862164,1.7786561264823044,12.310524778088654,204.33772924765668,38.07025015273421,1.2962228462398298,11.2
3,195.35194743145544,34.57837413960798,2.5995743387048726,12.700503939925929,206.0511764748852,38.10825370148845,1.242771051190154,11.2
3,195.8480156419942,34.60327136536416,3.146853146853252,13.178372849405278,207.76464973384853,38.14464351548267,1.1882779880061063,11.2
3,196.4679062737978,34.63809428324981,3.2836728488903315,13.550847271103699,209.47814803582622,38.179388179724846,1.1327260614670764,11.2
3,197.2116200502055,34.682545966138406,3.5573122529645214,13.93819720521661,211.19167030848703,38.212455744738435,1.0760970855497767,11.2
3,198.07909541520743,34.737513883056884,3.694131955001631,14.324096391568801,212.90521539225728,38.243813708716544,1.0183722620161002,11.2
3,198.94657078020936,34.79248179997536,3.5573122529645205,14.663485817149416,214.61878203650056,38.27342899904828,0.9595321593161855,11.2
3,200.18609374088888,34.866567938123026,3.2836728488903306,14.83776878418399,216.33236889550238,38.30126795318897,0.8995566884936338,11.2
3,200.93001133188235,34.907467218565266,3.010033444816141,14.805658696135035,218.04597452425148,38.32729629883989,0.8384250797370906,11.2
3,203.41115223525162,35.014180264822315,1.9154758285194147,14.586225825180545,219.75959737399236,38.35147913340424,0.7761158574476216,11.2
3,205.2730432346296,35.065323393427484,1.231377318333925,14.363475448649414,221.47323578755604,38.37378090268505,0.712606812550829,11.2
3,207.8803597084207,35.10579663529502,0.5472788081484665,13.85467862714498,223.18688951306592,38.39416539598792,0.6478749177044095,11.2
3,209.86710745995657,35.11528523303954,8.736586140645097e-14,13.408202344230375,224.90055520356628,38.41259566869232,0.5818964661428578,11.2
3,212.10222417111268,35.109947866372906,-0.27363940407410225,12.855740540345801,226.61423084810784,38.42903407550804,0.5146468769314569,11.2
3,214.95811163562996,35.0860782601278,-0.6840985101853709,12.34215203599855,228.32791430609367,38.443442225926304,0.44610071489980846,11.2
3,216.94474798437008,35.06235714902439,-0.6840985101853709,11.85640041467633,230.0416033012261,38.455780958504235,0.3762316574999102,11.2
3,217.56558010409415,35.05568555799368,-0.5472788081482918,11.314210954250013,231.7552954151157,38.46601031412717,0.305012457913769,11.2
3,220.17319396277247,35.0463452240274,0.13681970203716656,11.110899307917443,233.4689880805464,38.47408950819556,0.23241490838383416,11.2
3,221.53904799255164,35.05776107926827,0.8209182122226563,11.596277873030276,235.1826785743609,38.47997690168129,0.1584097985152671,11.2
3,222.15978452649085,35.07036227879784,1.5050167224081143,12.19024353874789,236.89636400995724,38.4836299709901,0.08296687493611488,11.2
3,222.90451968577983,35.09170884407319,1.778656126482304,12.912818220654483,238.6100413293608,38.48500527657174,0.006054795812232179,11.2
3,224.14565763426705,35.130250374428165,1.778656126482304,13.661028274291583,240.32370729484626,38.48405843020551,-0.07235891566011231,11.2
3,224.89034040335937,35.15337529264115,1.778656126482304,14.076416194466802,242.03735848008617,38.48074406089295,-0.15230792026835419,11.2
3,226.25564146863016,35.1941408571406,1.6418364244451937,14.499904866453116,243.75099126079007,38.47501577928008,-0.23382711531906059,11.2
3,226.6280217919362,35.204369541188825,1.5050167224080833,14.484590324704017,245.46460180479542,38.46682614052841,-0.31695269009556154,11.2
3,229.8559192681061,35.26604161655988,0.6840985101855459,14.348960124963416,247.17818606159173,38.45612660554802,-0.4017221829886872,11.2
3,231.84263869678725,35.280274445542815,0.13681970203716667,14.06617082772799,248.89173975121435,38.44286750050199,-0.48817454415440753,11.2
3,234.07774903526467,35.27493709409387,-0.41045910611121256,13.547586040903278,250.60525835248905,38.42699797448259,-0.5763502002437638,11.2
3,237.18190373357626,35.241579202346195,-0.8209182122224812,12.939623838010913,252.31873709055915,38.40846595525585,-0.6662911229218741,11.2
3,239.78912603681195,35.19487975172291,-1.23137731833375,12.307638782180746,254.0321709236812,38.387218102962834,-0.7580409027056996,11.2
3,242.27188808586752,35.13558125731765,-1.5050167224079396,11.521341906223945,255.74555452918705,38.36319976165768,-0.8516448256534456,11.2
3,245.49928853199134,35.050786022171344,-1.5050167224079396,10.783066596220122,257.45888228860775,38.33635490855596,-0.9471499562594403,11.2
3,247.60957609277017,34.9978625937662,-1.3681970203708604,10.066877674233073,259.17214827185046,38.30662610085584,-1.0446052232366758,11.2
3,249.22349721641297,34.96509935043824,-0.9577379142595603,9.893606835300831,260.8853462204006,38.27395441998848,-1.1440615133849374,11.2
3,250.46514021419446,34.95027371235917,-0.41045910611118114,10.234259115163097,262.59846952945367,38.23827941313782,-1.2455717689994643,11.2
3,251.08600419710385,34.9495324146036,0.27363940407427717,10.629530859615313,264.3115112288993,38.199539031866024,-1.3491910924493034,11.2
3,251.8310091134453,34.95664878175153,0.8209182122226564,11.46908171579363,266.0244639630902,38.157669567662346,-1.4549768575650788,11.2
3,252.4517763285014,34.96776769856661,1.2313773183339565,12.475346834032049,267.73731996927637,38.11260558422284,-1.5629888270687904,11.2
3,253.07251640209697,34.98036896995262,1.0945576162968773,13.327479074889549,269.45007105463327,38.0642798462549,-1.673289279801433,11.2
3,253.5691202614999,34.98985706270425,1.0945576162968773,13.851787405692624,271.1627085717464,38.01262324458203,-1.785943143920462,11.2
3,255.30730646170184,35.01891473338717,0.8209182122226878,14.224729410200188,272.87522339246425,37.95756471730933,-1.9010181406207871,11.2
3,256.7972823072014,35.03670554980655,0.547278808148498,14.531019734851064,274.5876058799576,37.89903116679237,-2.018584937151798,11.2
3,259.1565519888627,35.04515632815699,-0.13681970203696023,14.45405001992806,276.29984585886285,37.83694737212881,-2.138717310183463,11.2
3,261.3915561172345,35.02380732816281,-0.9577379142594975,14.039241986477267,278.01193258336247,37.77123589687374,-2.2614923205405537,11.2
3,263.87444561035454,34.97043787162453,-1.5050167224078452,13.374478558527047,279.7238547030032,37.701816991652684,-2.3869905000391882,11.2
3,266.4807213260672,34.8863892458414,-2.189115232593304,12.559690560991495,281.4356002260999,37.628608491322765,-2.5152960520958825,11.2
3,270.32632512947924,34.716390808321215,-2.8732137427787623,11.65487814485537,283.14715648051043,37.551525706300744,-2.6464970667523118,11.2
3,272.18623765375514,34.61636334989703,-3.283672848890031,10.642138497726767,284.859521231908,37.470432230507626,-2.7807659432213625,11.2
3,275.7805908817858,34.39722207373364,-3.6941319550012994,9.651528470262704,286.5716889330414,37.38528118627137,-2.918124390585093,11.2
3,278.75456570126016,34.205209605547445,-3.6941319550012994,8.652714611038247,288.2836450753159,37.29597925197516,-3.0586739493212676,11.2
3,280.4893843459535,34.093202332438835,-3.6941319550012994,8.401402175597768,289.9953742991366,37.2024300593339,-3.2025211019678794,11.2
3,281.2330960019131,34.04875077628917,-3.14685314685292,8.724706388044595,291.70686033849455,37.10453404718738,-3.3497775831774153,11.2
3,281.9772818398938,34.01318209377757,-2.325934934630352,9.70996155988408,293.41808596125077,37.00218830627707,-3.5005607149394056,11.2
3,281.8532046214104,34.01807342219952,-2.189115232593273,10.908690224860543,295.1290329047184,36.89528641431697,-3.654993767653597,11.2
3,281.8532046214104,34.01807342219952,-2.189115232593273,12.331310575647914,296.83968180611,36.783718260605696,-3.813206350998127,11.2
3,281.8532046214104,34.01807342219952,-2.189115232593273,13.491468273542788,298.5500121273641,36.66736985935597,-3.9753348360387943,11.2
3,281.9772818398938,34.01318209377757,-2.325934934630352,14.439638854845626,300.2600020738158,36.54612315084261,-4.1415228135145385,11.2
3,282.5976077622023,33.987244069179624,-2.462754636667431,15.235877778116919,301.96962850611186,36.419855789381444,-4.3119215883122655,11.2
3,283.7139565872759,33.93522356072673,-2.873213742778731,15.394441940954763,303.6788668447096,36.28844091706064,-4.486690720208512,11.2
3,285.94570299716884,33.81252606923139,-3.4204925509271105,15.144395082028904,305.38769096621706,36.151746922033944,-4.665998607309757,11.2
3,288.30027451237083,33.66332772118848,-3.830951657038379,14.593459604302714,307.0960730907485,36.00963718007388,-4.850023124059273,11.2
3,290.90144754619644,33.479785286648685,-4.24141076314968,13.79465785172291,308.80398365937356,35.86196977794599,-5.0389523148927,11.2
3,293.6252927410329,33.2712378435904,-4.515050167223869,12.741356931803749,310.51139120062174,35.70859721702052,-5.232985151984349,11.2
3,295.72949297909145,33.10254926482325,-4.651869869260979,11.726901157989898,312.2182621848833,35.54936609537347,-5.432332363005802,11.2
3,300.1832185806064,32.718732750891114,-5.199148677409358,10.689968657281586,313.92456086540284,35.38411676644165,-5.6372173364125615,11.2
3,303.520995788394,32.40296257487593,-5.609607783520627,9.653553665168864,315.63024910439424,35.21268297209315,-5.847877114028131,11.2
3,305.62158970650586,32.194109349754775,-5.746427485557737,8.65417871029717,317.3352861826207,35.03489144773649,-6.064563481420753,11.2
3,307.35169347415257,32.024178281457466,-5.4727880814835155,8.498116778614632,319.0396285905675,34.85056149683269,-6.287544163700133,11.2
3,308.2172361462604,31.944378586371705,-5.062328975372184,9.07729525293527,320.7432297990856,34.65950453187658,-6.517104146089813,11.2
3,308.2172361462604,31.944378586371705,-5.062328975372184,9.98677189170885,322.44604000709796,34.4615235785771,-6.753547127251257,11.2
3,308.2172361462604,31.944378586371705,-5.062328975372184,11.456988369695598,324.148005863633,34.256412739587795,-6.997197126753563,11.2
3,308.2172361462604,31.944378586371705,-5.062328975372184,12.914665380087081,325.8490701610636,34.04395661370713,-7.248400263652455,11.2
3,308.3409122045048,31.93327390909307,-5.199148677409294,13.628448089185435,327.54917149598634,33.82392966597706,-7.507526729238232,11.2
3,308.8354538069657,31.887083525005394,-5.472788081483452,14.168331924418068,329.2482438936606,33.596095543551044,-7.774972978985797,11.2
3,309.82408453133525,31.78998005740693,-5.746427485557673,14.436970718272605,330.94621639132083,33.360206331562686,-8.05116417315091,11.2
3,311.42880396742595,31.614934850279635,-6.704165399817322,14.505982707807892,332.6430125749721,33.11600174249797,-8.336556897202307,11.2
3,312.90784519593217,31.433912982550154,-7.2514442079657,14.252865987110061,334.33855006344515,32.86320823173916,-8.631642208380564,11.2
3,314.8775047902484,31.173725080760352,-7.79872301611408,13.851152698068248,336.03273993251565,32.60153803098167,-8.936949043551254,11.2
3,316.8445893026586,30.894735506124576,-8.346001824262459,13.320707510685954,337.72548607073645,32.330688090127516,-9.253048051366271,11.2
3,318.31837006242233,30.674929215333744,-8.619641228336617,12.698019957796527,339.4166844572649,32.050338916974574,-9.580555903768175,11.2
3,321.87542513406396,30.11398478683689,-9.303739738522044,12.036779593836252,341.10622235034685,31.760153302550442,-9.920140162374611,11.2
3,323.95736726982847,29.765252107467088,-9.714198844633312,11.480112627467832,342.7939773731774,31.459774918228856,-10.272524787824064,11.2
3,326.5260260741888,29.316051791393424,-10.12465795074458,11.027019883291654,344.4798164815418,31.148826768777944,-10.638496385642155,11.2
3,328.23738528360656,29.01045235496408,-10.12465795074458,10.664184865619234,346.1635947948556,30.82690948318322,-11.018911317176988,11.2
3,329.2157181177223,28.8381599921673,-9.85101854667036,10.659279561202514,347.84515426885633,30.493599422389078,-11.414703810555679,11.2
3,330.4396487752661,28.628637507832952,-9.577379142596202,11.336393125522667,349.5243221841362,30.148446579955014,-11.826895246637301,11.2
3,330.68463224636434,28.587902560608953,-9.303739738522044,12.087287556398278,351.20090941975144,29.790972247931524,-12.25660481836913,11.2
3,330.8071962382158,28.567973959510024,-9.166920036484933,12.959760866037314,352.8747084751035,29.4206664159343,-12.70506180913755,11.2
3,331.6648069850984,28.426425680089846,-9.577379142596264,13.939546844467978,354.54549119587256,29.03698486630908,-13.173619788091623,11.2
3,332.52138170159776,28.278737279633418,-9.987838248707595,14.548496830414763,356.21300615064916,28.639345922291177,-13.663773069037026,11.2
3,333.49887774173993,28.101774975918033,-10.535117056855974,14.97164036276387,357.8769755936011,28.227126799016418,-14.177175880836646,11.2
3,334.8402396784213,27.844023725218246,-11.219215567041463,15.10143797976167,359.5370919344376,27.799659498918565,-14.715664762555845,11.2
3,337.1493415795833,27.360158934450755,-12.45059288537527,14.979011444368657,361.1930136193315,27.356226183258308,-15.281284848183228,11.2
3,339.2078824691759,26.892747911771213,-13.134691395560758,14.638293937366662,362.84436030433847,26.896053939977616,-15.87632083236674,11.2
3,341.5022034534947,26.34291514867377,-13.818789905746247,14.077828063900933,364.4907071748736,26.418308854513278,-16.503333610281327,11.2
3,342.345509369613,26.132279823015498,-14.229249011857577,13.42012330337307,366.1315782292664,25.922089274323824,-17.16520383108531,11.2
3,347.62155907063055,24.713614108714225,-15.871085436302652,12.603803893997533,367.7664382989612,25.40641813940577,-17.86518389526023,11.2
3,350.12548341598205,23.985534339344326,-16.555183946488082,11.889610391026146,369.394683519518,24.8702342298038,-18.60696033800749,11.2
3,352.73839170504425,23.188401054492147,-17.37610215871062,11.266992919741984,371.01562989101666,24.312382156994172,-19.394729025325198,11.2
3,355.2223296354333,22.394808189236883,-18.060200668896044,10.683737262359193,372.62849946821814,23.731600899363738,-20.233286248238365,11.2
3,358.16790795380217,21.4148162299499,-18.744299179081537,10.131327798778587,374.2324035923385,23.126510653756156,-21.12813961390379,11.2
3,360.16280203115093,20.72455448364936,-19.428397689267026,9.62609227022822,375.8263224073272,22.49559774736777,-22.085643703020494,11.2
3,361.79945628767484,20.138481769533065,-19.975676497415407,9.200973687349903,377.4090796802904,21.837197331404273,-23.1131668080541,11.2
3,363.8945694341558,19.35989321510755,-20.796594709638004,9.360930630860047,378.9793116495221,21.14947356781202,-24.219296792064466,11.2
3,364.9359543354938,18.954387875548836,-21.754332623897653,9.579617077354653,380.5354282295737,20.430397037483612,-25.414096231471696,11.2
3,365.74053545094955,18.625500392726558,-22.7120705381573,10.325872421676682,382.0755643781535,19.677719168134985,-26.709419614302092,11.2
3,366.7667227434868,18.182964809386352,-23.94344785649117,11.172760113484054,383.59751873271847,18.888943647263385,-28.119308335293255,11.2
3,367.5581538331683,17.823583983533503,-24.901185770750818,12.068400956722398,385.0986757055822,18.06129512785838,-29.660482305079913,11.2
3,368.45514277543293,17.39673214212578,-25.995743387047575,12.816734580582837,386.57590603336223,17.19168618567826,-31.352949371118,11.2
3,369.34487753765217,16.954943912551418,-26.816661599270113,13.061811316560059,388.0254392748791,16.2766846757841,-33.2207535033673,11.2
3,370.55868330187815,16.32857194504554,-27.774399513529822,13.274063439077157,389.44269997278025,15.312485749323868,-35.292875864342484,11.2
3,372.4132971147185,15.3204707659537,-29.279416235937852,13.256763130540271,390.82209735120335,14.29489646898649,-37.6042809624927,11.2
3,373.9172463729987,14.448650145313717,-30.921252660382926,12.867170887331298,392.1567571624641,13.219347222177657,-40.19704657432675,11.2
3,376.11975104421794,13.053169447540538,-33.79446640316186,12.36077911953711,393.43818522861443,12.08095448290022,-43.121399844888266,11.2
3,377.84972159909773,11.843745392113991,-36.12040133779243,11.868320400712635,394.6558589308482,10.87467581257842,-46.43624881160116,11.2
3,379.6263428921667,10.487783608269405,-38.583155974460105,11.51131819157475,395.79676264132127,9.595621700125188,-50.20836819028346,11.2
3,381.6231281673124,8.811107798948697,-41.45636971723905,11.081246384007455,396.84492887878395,8.239617643820974,-54.508692874194296,11.2
3,384.0570007307357,6.506267567692484,-45.42414107631475,10.351460510269453,397.7811373490462,6.804129742105344,-59.40325522241154,11.2
3,385.25317310946235,5.244940736480362,-47.61325630890827,9.465895644868569,398.58307146049657,5.289637130837393,-64.93575873216626,11.2
3,387.71926538293775,2.2908764210004096,-52.67558528428073,8.571569102859897,399.2264008097645,3.7013747169033677,-71.10034441489097,11.2
3,389.43982584422537,-0.1416673130536128,-56.78017634539354,7.737193734034453,399.6872845560671,2.0509980136119306,-77.80956169720388,11.2
3,391.29781640611,-3.3680994063728695,-63.347522043174024,7.101136094942688,399.94635735114434,0.357226747868224,-84.87412874088045,11.2
3,392.30422901779235,-5.63747843872247,-68.82031012465775,6.451972659634376,399.99320198180845,-1.3556033481090086,-92.01788975244025,11.2
3,393.03151733184177,-7.880579457601288,-75.25083612040113,5.998706010996541,399.8292528777857,-3.0614226463618492,-98.93662246729318,11.2
3,393.4168929855839,-9.828322490267507,-82.36546062633,5.742763143847203,399.4675464379163,-4.73643972641787,-105.37068826224787,11.2
3,393.52227788915354,-12.306148068256752,-92.76375798114908,5.629001195265403,398.92924979217537,-6.363446330532514,-111.15829622595935,11.2
3,393.48649260170777,-12.801504445717752,-95.50015202189098,5.685470841408339,398.23917671906077,-7.932236385976829,-116.23799493381202,11.2
3,392.9112912218207,-15.20929230730194,-111.37123745819379,5.891424750944198,397.42202148177284,-9.438854346537024,-120.6237078876461,11.2
3,392.5368100109173,-15.992850966449488,-119.71723928245653,6.25739648168084,396.5001343451285,-10.883858444779559,-124.37207657940903,11.2
3,392.40015321612265,-16.200012399364226,-127.10550319245955,6.623579332744539,395.4926460970207,-12.270614147441727,-127.55682637178438,11.2
3,392.31962477638695,-16.29444054521026,-133.80966859227706,7.668122260606606,394.415427883344,-13.603987746092496,-130.25322280924763,11.2
3,392.8662257366335,-15.788816715688338,-140.65065369413176,8.690710007169402,393.28144401893866,-14.88947803519039,-132.5304269207561,11.2
3,393.75106206900494,-15.106438557510225,-144.0711462450591,10.042777263561225,392.1012273066527,-16.13269301063793,-134.4486768207591,11.2
3,394.6629809585229,-14.460449361913735,-145.30252356339295,11.391248924775176,390.8833440753807,-17.33906075333426,-136.05897684797634,11.2
3,394.86750120141875,-14.319567470662498,-145.57616296746716,11.8817715799304,389.63479745179814,-18.51368622099167,-137.40389735773417,11.2
3,395.1724990890934,-14.10569193611209,-144.34478564913334,12.250035589467242,388.3613575511774,-19.661293710767502,-138.51874778481726,11.2
3,395.2727854127753,-14.032470471858941,-143.38704773487368,12.603949871554985,387.067824122145,-20.78621704593054,-139.43277405027195,11.2
3,395.37183383651757,-13.957582960889631,-142.42930982061404,12.920889782047817,385.75823257357473,-21.892414707269296,-140.17023689202233,11.2
3,395.2736856585029,-14.033648444365333,-142.01885071450275,13.272332577892245,384.43601472078075,-22.983496699070646,-140.75132791648136,11.2
3,395.2736856585029,-14.033648444365333,-142.01885071450275,13.633823566296646,383.1041241623282,-24.062755726825827,-141.1929248404956,11.2
3,395.2736856585029,-14.033648444365333,-142.01885071450275,14.26153095011134,381.7651343352632,-25.13319867179889,-141.50920467727408,11.2
3,395.07757085026435,-14.18601385719325,-142.29249011857686,15.053654731601794,380.42131554771936,-26.197576314424005,-141.71213812757208,11.2
3,395.07757085026435,-14.18601385719325,-142.29249011857686,15.82426823516466,379.07469582695234,-27.258410371434326,-141.81188742090075,11.2
3,394.6831693918766,-14.487926147402057,-142.83976892672527,16.801280258881658,377.7271092648619,-28.318017525942935,-141.81712690732445,11.2
3,394.48489173773265,-14.637466138387206,-143.11340833079942,17.58016386788904,376.38023465313665,-29.378530456200053,-141.73530232701805,11.2
3,393.6861099470261,-15.228018792879103,-143.934326543022,18.04018709427728,375.03562652449926,-30.44191603127171,-141.572841587101,11.2
3,392.7803874403878,-15.88270006915919,-144.34478564913329,18.3792315325655,373.6947402066015,-31.50999091260949,-141.3353272064274,11.2
3,391.46538071383065,-16.81895437892938,-144.75524475524458,18.399704678375205,372.3589521108084,-32.58443482127477,-141.02763844046947,11.2
3,389.13094142431794,-18.46427719822846,-144.89206445728166,18.11000540332236,371.02957618800343,-33.666801725536104,-140.65406937219097,11.2
3,387.6175753980086,-19.473187882434665,-144.89206445728166,17.4698083291972,369.7078772638311,-34.75852918643037,-140.21842788770059,11.2
3,386.6017481553835,-20.187333434740363,-144.89206445728166,16.693294009981656,368.39508179870944,-35.86094607736373,-139.72411940848275,11.2
3,381.43411937932007,-23.848001499150275,-144.48160535117032,15.636664865766676,367.0923864903577,-36.975278872147534,-139.174218379134,11.2
3,378.5106510592414,-25.950554948713272,-144.071146245059,14.536144971243582,365.8009650388488,-38.10265667618109,-138.57152990794089,11.2
3,375.5046626662657,-28.15080674854293,-143.5238674369106,13.450647213297197,364.5219733192511,-39.24411515884155,-137.91864336766665,11.2
3,371.6348108705172,-31.06218695677637,-142.56612952265095,12.310120719033439,363.25585311515795,-40.4012472923325,-137.21757672635687,11.2
3,368.79381640501396,-33.27485548014996,-141.6083916083913,11.22861912752101,362.0044890169022,-41.57424492594501,-136.47099978783828,11.2
3,366.0894964153242,-35.459998768890266,-140.51383399209456,10.19617118467075,360.76899733735314,-42.76388187847649,-135.68112029869394,11.2
3,363.6175604401692,-37.536659408573975,-139.41927637579784,9.367006323569822,359.55048461963594,-43.97084586483123,-134.85008743015416,11.2
3,361.01521347894527,-39.84213763825627,-137.50380054727853,9.303159338021908,358.35004697526426,-45.19573899134468,-133.98002101229503,11.2
3,359.65855677064576,-41.118295163403644,-135.99878382487051,9.447861389393436,357.1687685000962,-46.439077914451524,-133.07303734426608,11.2
3,358.4255327089093,-42.343687439058186,-134.35694740042544,10.21119230247802,356.00771882893866,-47.701293784211586,-132.13127170921385,11.2
3,357.312250908509,-43.51256714769993,-132.8519306780174,11.046442387010686,354.86794989093096,-48.98273209443689,-131.15689765982444,11.2
3,355.72638660070345,-45.259310151957536,-131.62055335968358,12.11968554141385,353.7504919333121,-50.283652560884484,-130.15214301932997,11.2
3,354.5842138270895,-46.56984088603273,-130.52599574338686,12.843151782083925,352.6563488901395,-51.604229147401945,-129.1193025441843,11.2
3,353.14816098847854,-48.282553649041844,-129.43143812709013,13.445178276958709,351.58649318411375,-52.94455035628888,-128.060747141434,11.2
3,351.6561820166268,-50.11019308689926,-129.02097902097887,13.33381821697834,350.54186006288666,-54.30461989292422,-126.97892952184614,11.2
3,349.1691934421261,-53.20921139552247,-128.4737002128305,12.92504763511614,349.52334158531835,-55.68435780501698,-125.87638624932558,11.2
3,346.93215847337973,-56.03111179626517,-128.33688051079338,12.220060283036657,348.5317803863003,-57.08360218413049,-124.75573611978622,11.2
3,344.39424223478363,-59.24830943342977,-128.20006080875632,11.10581784041703,347.567963360787,-58.50211150008394,-123.61967494608803,11.2
3,340.88338862687027,-63.753911533963,-127.65278200060796,9.839239951934076,346.6326154162647,-59.939567619024295,-122.4709668476521,11.2
3,338.1780728723666,-67.31257190030769,-126.83186378838542,8.490613268834673,345.726393447881,-61.39557953269603,-121.31243229398765,11.2
3,335.45472133777514,-71.01278772727625,-125.87412587412577,7.055409723815767,344.84988069041447,-62.869687801167764,-120.14693321653517,11.2
3,332.2400672776536,-75.58311138673675,-124.36910915171774,6.119370799501354,344.0035815956166,-64.36136968505652,-118.97735562135101,11.2
3,330.9292191965211,-77.5446806651171,-123.13773183338394,5.497593536560905,343.187917372348,-65.8700449166412,-117.80659022574983,11.2
3,328.76777633544,-81.02558168753205,-120.53815749467915,5.367182309639613,342.4032223097083,-67.39508203482902,-116.63751169699015,11.2
3,327.61055730067716,-83.08139556433028,-118.21222256004859,5.503259386435835,341.64974098145666,-68.93580518660457,-115.47295715830212,11.2
3,326.38293306863494,-85.5214901040415,-115.20218911523253,5.842340848386762,340.9276264036948,-70.49150127968883,-114.31570459852455,11.2
3,325.71833955348325,-86.99252109154595,-113.42353298875035,6.047549751477707,340.23693918859647,-72.06142735821584,-113.16845186295821,11.2
3,324.95477249428586,-88.82663720623991,-111.78169656430522,6.539395579726916,339.57764770650033,-73.64481806566572,-112.03379682518535,11.2
3,324.1134483107418,-91.03072830894968,-110.00304043782297,7.19944293446221,338.9496292381937,-75.24089305806281,-110.91421929615848,11.2
3,323.49096479922497,-92.78621354828255,-109.04530252356331,7.840036261794587,338.35267207061565,-76.84886423466206,-109.81206513171968,11.2
3,323.09418923932134,-93.9628407766695,-108.22438431134071,8.216715062536935,337.7864784636626,-78.4679426629301,-108.7295328798961,11.2
3,322.2584597965678,-96.56366132014884,-107.40346609911816,8.559519299019598,337.2506683943965,-80.0973450888631,-107.66866323189419,11.2
3,321.31491850247454,-99.65119356903072,-106.58254788689557,8.690988457985581,336.74478396871035,-81.73629994092171,-106.63133136709496,11.2
3,320.5477829067648,-102.27307936056685,-106.03526907874726,8.735966280093553,336.2682943795301,-83.38405275573261,-105.61924221798976,11.2
3,319.83645850252236,-104.78182537583176,-105.624809972636,8.341715833715337,335.8208551851,-85.03889898513131,-104.63449753147701,11.2
3,318.75637380896654,-108.73462249008905,-104.94071146245051,7.751320399019052,335.4015211190071,-86.70109022829942,-103.67785923701044,11.2
3,318.0086826800383,-111.61944502496853,-104.11979325022796,6.987947958508042,335.0095764232127,-88.3699530488759,-102.75051681577551,11.2
3,317.27657504292574,-114.63618571208586,-103.1620553359683,6.103882187155033,334.64425549851575,-90.04484629402211,-101.85349723581282,11.2
3,316.83804800796173,-116.57394554941685,-102.34113712374577,5.7202114387369685,334.30474873486787,-91.72516320667992,-100.98767197067065,11.2
3,316.148446364665,-120.10801950308903,-99.74156278504104,5.579090458310889,333.99020819971486,-93.41033293524028,-100.15376543505421,11.2
3,315.9000436280459,-121.7029843262184,-97.96290665855885,5.639403173990552,333.6997531090946,-95.09982148473061,-99.35236450520466,11.2
3,315.70126576164415,-123.30489071125116,-96.18425053207669,6.168700536313608,333.4323267997303,-96.79411361456287,-98.58349350223281,11.2
3,315.5338185353363,-125.15985309301166,-94.13195500152027,6.915267564136997,333.18717301961647,-98.49176095402352,-97.84797432433957,11.2
3,315.4652776067732,-126.27529033597912,-92.9005776831864,7.653324391423976,332.9633404442603,-100.19233813941382,-97.14604508002176,11.2
3,315.4180564348079,-127.39184183683504,-91.94283976892675,8.165104880212251,332.75986349900523,-101.8954561556575,-96.47784885449809,11.2
3,315.372961735933,-129.00545935017507,-91.25874125874125,8.667863883689837,332.5757661304633,-103.60076130698626,-95.84344449114892,11.2
3,315.3583738521126,-129.75035754924383,-90.98510185466704,8.968875701032657,332.41006518576563,-105.30793394726928,-95.2428169850805,11.2
3,315.32460156662256,-131.8610384609842,-90.84828215262992,9.083951938745582,332.26177340608865,-107.01668701778246,-94.67588738368914,11.2
3,315.2948024911902,-133.72340397134332,-90.98510185466704,9.169333323569695,332.1299020472942,-108.72676443556672,-94.14252211069851,11.2
3,315.24783588928125,-136.4548199054173,-90.98510185466704,9.189284554612593,332.01346314542695,-110.43793937097095,-93.64254162184852,11.2
3,315.2135896593421,-138.3171089471095,-91.12192155670414,8.805864086328238,331.9114714484907,-112.15001244793028,-93.1757283821888,11.2
3,315.1697373782908,-140.42760449458146,-91.25874125874125,8.463947029222485,331.82294603843417,-113.86280989588049,-92.74183412027638,11.2
3,315.1113858430091,-143.40719729085652,-90.98510185466709,8.002217288233352,331.74691166884355,-115.57618167758557,-92.34058637593076,11.2
3,315.0897997558173,-145.1454873766791,-90.43782304651873,7.400332713808769,331.68239984459467,-117.28999961303546,-91.97169433376426,11.2
3,315.08727934019066,-145.76634904654185,-90.02736394040745,7.04919222256906,331.6284496698477,-119.00415551554859,-91.63485397978629,11.2
3,315.12277013202294,-148.12528617468993,-88.24870781392521,7.345300327105413,331.5841084903717,-120.71855935294393,-91.32975259211288,11.2
3,315.1689244221145,-149.2418737813708,-87.01733049559135,7.57981801895322,331.54843235543666,-122.4331374434354,-91.05607260871011,11.2
3,315.2049312868042,-149.86169322321794,-86.33323198540586,7.710081504704834,331.520486323481,-124.14783069341107,-90.81349490816828,11.2
3,315.2390634476636,-150.35721167590418,-85.78595317725748,8.251666475053222,331.4993446345571,-125.86259288188006,-90.60170152651038,11.2
3,315.257904041824,-150.6048429926805,-85.51231377318331,9.143092353981054,331.4840907712545,-127.57738899466263,-90.42037786945664,11.2
3,315.2674721720403,-150.72864740344394,-85.64913347522042,10.220367088834099,331.4738174284487,-129.29219360969566,-90.26921443264422,11.2
3,315.28631278410654,-150.9762789555662,-85.64913347522042,11.246398133563735,331.46762641088037,-131.00698933376856,-90.1479080815583,11.2
3,315.3051533961728,-151.22391050768843,-85.64913347522042,12.176198531435357,331.46462847626015,-132.72176528994157,-90.05616291490547,11.2
3,315.38752442989266,-152.46289274200714,-86.74369109151718,12.77138533630386,331.46394314021126,-134.4365143883668,-89.99369078557608,11.2
3,315.47729426544487,-154.07465144176302,-86.8805107935543,12.773118440096662,331.4646984576008,-136.1512358529851,-89.9602112718876,11.2
3,315.56775149945474,-155.81072549076362,-87.15415019762851,12.549619686906718,331.4660308005986,-137.86592975335122,-89.95545168236298,11.2
3,315.67507541409884,-157.91894655502557,-87.01733049559141,11.837437520323093,331.46708463340974,-139.58059709874306,-89.97914646108406,11.2
3,315.84306757977487,-161.1430871387804,-87.01733049559141,10.992328063635059,331.46701230754917,-141.2952385521142,-90.03103639641634,11.2
3,315.9686441002583,-163.49904105710274,-86.88051079355435,9.92723946488432,331.4649738853818,-143.0098531831914,-90.11086757114467,11.2
3,316.11365691153486,-166.10265126440075,-86.74369109151723,8.865188170987546,331.46013700253815,-144.72443725906822,-90.21839006599564,11.2
3,316.1640668095536,-166.9704034311842,-86.60687138948013,7.7709419506208315,331.4516767790842,-146.43898307115478,-90.3533564385418,11.2
3,316.4056609193722,-170.81218856673667,-86.19641228336886,6.716019553178663,331.4387757886158,-148.15347779781754,-90.51551999032365,11.2
3,316.4643570017516,-171.67941964937205,-86.05959258133176,6.79985850712232,331.42062409376285,-149.86790240262417,-90.70463284857486,11.2
3,316.4643570017516,-171.67941964937205,-86.05959258133176,8.195510712020905,331.3964193558934,-151.58223056887098,-90.92044386384156,11.2
3,316.4472908564441,-171.4316594811572,-86.05959258133176,9.52283669517216,331.3653670260989,-153.29642767167994,-91.16269635955273,11.2
3,316.43860988198173,-171.30778970307267,-85.92277287929464,10.793402961568011,331.3266806237896,-155.0104497897613,-91.43112573903905,11.2
3,316.43860988198173,-171.30778970307267,-85.92277287929464,11.555931616195197,331.279582108413,-156.7242427597864,-91.72545697382121,11.2
3,316.4556760110697,-171.55554963581935,-86.1964122833688,12.273258218365632,331.22330234892144,-158.437741277082,-92.04540200292278,11.2
3,316.4874413314071,-172.05122686201665,-86.47005168744296,12.767971636971959,331.15708169462806,-160.1508680471137,-92.39065705683147,11.2
3,316.53153781834027,-172.7949617833229,-86.74369109151719,13.172182833428112,331.0801706499905,-161.8635329931488,-92.76089994241556,11.2
3,316.5778027642632,-173.66294315602283,-87.15415019762851,13.318685578935154,330.99183065464985,-163.57563252612633,-93.15578731263749,11.2
3,316.6591713737737,-175.52375826305376,-87.83824870781395,13.398242603524395,330.89133496869937,-165.28704888343805,-93.57495196068018,11.2
3,316.71043092026514,-177.1371917045436,-88.52234721799944,13.040538636074716,330.77796966167716,-166.99764954399336,-94.01800016299137,11.2
3,316.7426904895906,-179.12367753344338,-89.6169048342962,12.611883525081435,330.65103470216764,-168.7072867273257,-94.48450913121948,11.2
3,316.73628574357474,-181.3587595773705,-90.71146245059288,11.980310249046067,330.5098451431516,-170.41579698483912,-94.97402458564694,11.2
3,316.6925224248523,-183.59343718400063,-91.5323806628155,11.277613904565094,330.35373239641615,-172.12300089143127,-95.48605852439232,11.2
3,316.5854758572015,-186.4473686709731,-92.76375798114937,10.55278668754686,330.1820455873917,-173.8287028456974,-96.02008720470447,11.2
3,316.41335495478177,-189.422515609945,-93.85831559744611,9.819101097687966,329.99415297982296,-175.53269098655565,-96.57554940926002,11.2
3,316.2769301523268,-191.2801059809481,-94.54241410763154,9.01670182032077,329.78944345767576,-177.23473723365137,-97.15184501970917,11.2
3,316.14332286139785,-192.8888209697713,-94.9528732137428,8.269160583219517,329.5673280497351,-178.9345974580768,-97.74833396027961,11.2
3,316.03020931843656,-194.12538979514375,-95.50015202189118,8.490326256328796,329.32724148048857,-180.63201178877853,-98.3643355436378,11.2
3,315.95702760531117,-194.86682797206362,-95.77379142596541,9.285018054496744,329.0686437291684,-182.32670505875691,-98.99912826257604,11.2
3,315.9443880931882,-194.99035660831294,-95.91061112800251,10.477107414847742,328.7910215773287,-184.01838739347,-99.65195005802708,11.2
3,315.9443880931882,-194.99035660831294,-95.91061112800251,11.692351189706557,328.4938901241253,-185.70675494194197,-100.32199909237843,11.2
3,315.90558472356446,-195.36085091281532,-96.04743083003957,12.883166189947502,328.1767942475732,-187.3914907490216,-101.00843504991283,11.2
3,315.8253243746743,-196.1015562589053,-96.32107023411379,14.0107983311733,327.8393099895928,-189.0722657649365,-101.71038096764349,11.2
3,315.7415274135659,-196.8418698428947,-96.59470963818802,14.27418232183325,327.4810458426329,-190.7487399858552,-102.42692560440305,11.2
3,315.486581428669,-198.93735694689514,-97.27880814837351,14.300255861009711,327.10164391611136,-192.42056371680783,-103.15712633464695,11.2
3,315.22075171758695,-200.90625351915924,-98.09972636059605,13.844989265154144,326.70078096190684,-194.08737894578348,-103.9000125414935,11.2
3,314.83178423860915,-203.4846956902471,-99.0574642748557,13.145586007629952,326.2781692396323,-195.74882081554998,-104.65458948444343,11.2
3,314.35862873604106,-206.30118850928582,-100.01520218911536,12.148796344775743,325.83355720439357,-197.4045191776385,-105.41984258497968,11.2
3,313.9741576221269,-208.376807646091,-100.97294010337501,11.075340728296032,325.3667300022819,-199.05410021084572,-106.19474209004358,11.2
3,312.9039186285591,-213.3538064430059,-103.29887503800556,9.932633997857183,324.87750976164136,-200.697188085365,-106.97824803461744,11.2
3,312.1700415225919,-216.24205716683838,-105.21435086652487,8.751587158458822,324.3657556714912,-202.33340665216417,-107.7693154447761,11.2
3,311.10235680635776,-219.94024638839758,-106.99300699300704,8.342256059209422,323.8313638419099,-203.9623811367294,-108.56689969051881,11.2
3,310.4287532786733,-222.0714176746503,-108.08756460930374,7.926427063402226,323.27426694490214,-205.58373981588124,-109.36996192110428,11.2
3,309.839914101429,-223.83848364300306,-108.77166311948918,7.467498983602351,322.6944336379048,-207.1971156568152,-110.17747448889816,11.2
3,309.27263910228936,-225.48174791176223,-109.31894192763754,7.235331293544361,322.0918677758312,-208.80214789795434,-110.98842628159213,11.2
3,308.8562497864656,-226.65158425550953,-109.86622073578592,7.639938614750171,321.4666074209322,-210.39848355270334,-111.80182789019301,11.2
3,308.7718551501892,-226.88515201791967,-109.86622073578592,8.681954533587147,320.8187236630269,-211.98577881857418,-112.61671652923647,11.2
3,308.72951843493644,-227.00188540552548,-110.00304043782305,9.860606098270683,320.1483192654537,-213.56370037628224,-113.43216065020655,11.2
3,308.6440093483802,-227.23504722305358,-110.27667984189719,11.029503869788867,319.4555271545696,-215.1319265655139,-114.24726418679278,11.2
3,308.3359790055964,-228.0478418192645,-111.23441775615684,12.199961033912926,318.7405087724507,-216.69014842678962,-115.06117038251097,11.2
3,308.06282385596916,-228.74100069880546,-111.78169656430522,12.801611137969164,318.0034523139776,-218.23807060117463,-115.8730651659431,11.2
3,307.59380668213913,-229.89074213502968,-112.60261477652783,13.109395606829157,317.2445708702457,-219.77541208251273,-116.6821800479568,11.2
3,306.663705199851,-232.05891831752496,-113.83399209486164,13.087310147021716,316.4641005006595,-221.30190681931037,-117.48779452087498,11.2
3,305.7361937858225,-234.09245461683074,-115.20218911523256,12.529602778830588,315.6622982558818,-222.81730416600354,-118.2892379633999,11.2
3,305.308908726367,-234.9892498238853,-115.74946792338092,11.745913552998493,314.8394401732057,-224.32136918563668,-119.08589105240206,11.2
3,302.75620643184794,-239.95924204212196,-118.62268166615986,10.596879333433256,313.99581926489276,-225.8138828081256,-119.87718669390215,11.2
3,301.23348902597525,-242.66436827959086,-120.12769838856791,9.407596440366996,313.13174351864797,-227.29464185012756,-120.6626105088116,11.2
3,299.64024818867813,-245.3285679517549,-121.63271511097592,8.109601381482445,312.24753392776836,-228.7634589040788,-121.44170088739331,11.2
3,298.12210595084474,-247.74760744606115,-122.59045302523558,6.753658986624813,311.3435225666756,-230.22016210519402,-122.21404866648083,11.2
3,296.2860320327964,-250.55276617320058,-123.82183034356939,6.054665464978068,310.4200507255099,-231.66459478620936,-122.97929644967192,11.2
3,295.38272090484134,-251.8906166243223,-124.23228944968066,5.979755009333259,309.4774671154707,-233.09661503020664,-123.7371376329297,11.2
3,295.03161627259783,-252.4026723857554,-124.64274855579194,6.672753110345797,308.5161261544711,-234.51609513225958,-124.48731516423942,11.2
3,294.96115085950424,-252.50491575619023,-124.50592885375484,8.122707303475565,307.5363863407134,-235.92292098063018,-125.22962009029445,11.2
3,294.96115085950424,-252.50491575619023,-124.50592885375484,9.462061403164899,306.53860871973455,-237.3169913682514,-125.96388993216222,11.2
3,294.8199760819632,-252.70923393752244,-124.779568257829,10.658141126275005,305.5231554487924,-238.6982172446503,-126.69000693506909,11.2
3,294.53470719560437,-253.11583595895507,-125.32684706597738,11.596855979061825,304.49038846067765,-240.0665209180814,-127.40789622590005,11.2
3,294.17268097749866,-253.62022633574725,-126.01094557616285,11.994044380688733,303.440668227506,-241.42183521698138,-128.11752392727695,11.2
3,293.58098839330677,-254.4181558707756,-127.1055031924596,12.197398922550846,302.3743526238314,-242.76410261888032,-128.81889525344036,11.2
3,292.8224545863608,-255.40125730393163,-128.20006080875632,12.084802956527556,301.2917958870739,-244.09327435429554,-129.5120526310784,11.2
3,291.56794548533645,-256.9417526658399,-130.11553663727554,11.833217063069458,300.19334767238854,-245.4093094920259,-130.19707386317296,11.2
3,290.3492428205788,-258.350248057411,-131.6205533596836,11.423807403189738,299.0793521982356,-246.71217401138344,-130.87407037404307,11.2
3,289.00853797608704,-259.81637461948804,-133.26238978412874,10.896631384300326,297.9501474782017,-248.00183986597492,-131.54318554672435,11.2
3,287.4497964588487,-261.41813749153783,-135.1778656126481,10.23521745262459,296.80606463421515,-249.27828404255496,-132.20459319258876,11.2
3,286.20510044169583,-262.63171949314483,-136.27242322894486,9.50450919100261,295.64742728576834,-250.54148761768496,-132.85849614730466,11.2
3,284.9402849950632,-263.82433491557396,-137.09334144116747,9.010311858906107,294.47455100959445,-251.7914348138752,-133.50512503450847,11.2
3,284.11718821568627,-264.580273423999,-137.77743995135302,8.825718315178902,293.2877428640629,-253.02811205600668,-134.14473719767872,11.2
3,283.65790911243437,-264.9980529547615,-137.640620249316,9.150347577396744,292.0873009724306,-254.25150702798254,-134.77761581711587,11.2
3,283.65790911243437,-264.9980529547615,-137.640620249316,9.751187017731386,290.87351415912843,-255.46160772864832,-135.40406923271323,11.2
3,283.6579091124343,-264.99805295476153,-137.3669808452418,10.341346140252668,289.6466616333193,-256.6584015251649,-136.02443047752064,11.2
3,283.5666542267687,-265.082264753712,-137.23016114320473,10.742257509329116,288.40701271401497,-257.84187420121964,-136.63905703803397,11.2
3,283.5666542267687,-265.082264753712,-137.23016114320473,11.093007045200858,287.1548265912096,-259.01200899658716,-137.24833086196566,11.2
3,283.5666542267687,-265.082264753712,-137.23016114320473,11.524576380709597,285.8903521176888,-260.16878563364753,-137.8526586238476,11.2
3,283.29228759062477,-265.3342452144365,-137.640620249316,12.004448879958334,284.61382642219127,-261.3121803928659,-138.4524728204639,11.2
3,283.016122856806,-265.5842537011139,-138.05107935542728,12.146435155731286,283.3254781051881,-262.44216207125663,-139.04823103146208,11.2
3,282.73817419828305,-265.83227738313064,-138.46153846153854,12.208505402153861,282.0255239515927,-263.55869380267563,-139.64041857299415,11.2
3,282.55189106378424,-265.99651754520437,-138.73517786561277,12.337301884705381,280.714169777424,-264.6617310614914,-140.22954953320433,11.2
3,281.7989785974065,-266.64452562773977,-139.82973548190952,12.439871983051638,279.3916102999371,-265.7512205256682,-140.81616866546477,11.2
3,281.41791457563244,-266.96310646939037,-140.37701429005784,12.57407908884057,278.05802900985356,-266.8270988795936,-141.400853700902,11.2
3,280.84065649035557,-267.43411686801136,-141.1979325022804,12.669101993253774,276.7135980414347,-267.8892915443024,-141.9842181315542,11.2
3,280.25670937801056,-267.896808409549,-142.01885071450292,12.692740939191658,275.35847803653996,-268.93771132074363,-142.56691452171967,11.2
3,279.76506355252,-268.27596143548215,-142.70294922468838,12.766808041518395,273.9920149138784,-269.97285889318584,-143.14997992715513,11.2
3,279.26892587777076,-268.64921743676126,-143.38704773487387,12.906327128074528,272.6150824974065,-270.9940387652771,-143.73384025955838,11.2
3,278.66773105603,-269.08926570563494,-144.2079659470964,13.08543899243441,271.227802737301,-272.00111631831254,-144.31929414832004,11.2
3,278.46593932413776,-269.2340287326019,-144.4816053511706,13.245974599680457,269.8302851989554,-272.9939375710398,-144.90719978317313,11.2
3,277.6519279489735,-269.80339429018454,-145.57616296746738,13.470479659202889,268.4226268174178,-273.9723270718066,-145.49848225166417,11.2
3,277.0343629324955,-270.22015698411144,-146.3970811796899,13.751295731030554,267.00491162251836,-274.9360855550766,-146.09414207687485,11.2
3,276.6193630067015,-270.49306466621005,-146.94435998783823,14.06557292814353,265.57721043189184,-275.88498732152453,-146.695265173965,11.2
3,276.2017752878478,-270.7619959556131,-147.49163879598657,14.428889897476395,264.13958050962236,-276.81877729359957,-147.30303447362982,11.2
3,275.57062500339106,-271.1578835798915,-148.31255700820907,14.887758958144902,262.6920651889852,-277.7371676895569,-147.91874351183853,11.2
3,275.1473531977727,-271.4177795720025,-148.58619641228324,15.32491448300045,261.23469345887116,-278.63983424812926,-148.54381236335448,11.2
3,274.50967083446864,-271.80306410528317,-149.13347522043162,15.748447012567924,259.7674795150499,-279.52641192275627,-149.17980637771814,11.2
3,274.4030086058379,-271.86664279844234,-149.27029492246868,16.105487489494724,258.29042227972155,-280.3964899480132,-149.828458262143,11.2
3,272.7940572699934,-272.80498694986557,-150.22803283672832,16.27910995865252,256.80350489609054,-281.2496061608092,-150.4916942190097,11.2
3,271.8207136773454,-273.35410769013293,-150.91213134691387,16.402427324309183,255.30669420938662,-282.08524043408045,-151.17166498622169,11.2
3,270.405403049323,-274.1304393444089,-151.5962298570993,16.449592669500515,253.79994025248646,-282.9028070498208,-151.870782838248,11.2
3,268.43179901868444,-275.1795276933513,-152.41714806932183,16.334445794128417,252.28317576389162,-283.7016457997835,-152.59176588521572,11.2
3,266.55498289274567,-276.1457703583497,-153.10124657950732,16.07007336172842,250.75631577954996,-284.48101155397063,-153.33769132462953,11.2
3,264.55688267783086,-277.14744008617737,-153.6485253876557,15.695233930911417,249.2192573596635,-285.2400619764886,-154.11205974936186,11.2
3,262.32365193749774,-278.2338149655377,-154.46944359987828,15.070036719285447,247.67187953983694,-285.97784299210696,-154.9188731328969,11.2
3,260.75318610467275,-278.97931659714374,-154.7430830039525,14.515416813274642,246.11404363651337,-286.6932715106936,-155.76272985394266,11.2
3,256.8072632587737,-280.80075465177015,-155.7008209182122,13.801159024563706,244.5455940952997,-287.3851147952434,-156.64894096860044,11.2
3,254.19733059945847,-281.96043239413365,-156.38491942839764,13.152465429260745,242.9663601558575,-288.0519657060195,-157.58367311472415,11.2
3,250.8859532735186,-283.3753287693497,-157.34265734265736,12.593879447968604,241.37615873104363,-288.69221286064766,-158.57412481479972,11.2
3,248.4736123111068,-284.36545419518217,-158.02675585284283,12.089267133517657,239.77479907956177,-289.3040045094556,-159.628744743749,11.2
3,245.9329996652516,-285.3694455221316,-158.84767406506535,11.676622157079413,238.16209011853152,-289.88520462890733,-160.7575026119917,11.2
3,243.72564725308794,-286.20236610313657,-159.80541197932504,11.323588530298077,236.53785161705687,-290.43333937915145,-161.97222573948935,11.2
3,240.5668695331215,-287.32584562356766,-161.03678929765894,11.162342473252437,234.9019310968313,-290.9455316598607,-163.2870168365926,11.2
3,239.86168766303106,-287.5662716276227,-161.3104287017331,11.096554583988253,233.25422913398802,-291.4184210605564,-164.71877036649343,11.2
3,236.19397912322407,-288.73420739447,-163.36272423228942,11.106307097647985,231.5947370428086,-291.84806611669393,-166.2878046694749,11.2
3,234.16369447300423,-289.3119656667139,-164.86774095469747,11.178787579919778,229.92359281524153,-292.2298256331587,-168.01862169815533,11.2
3,231.39560190580318,-290.0146080839593,-166.6463970811797,11.248894169504652,228.24116393464257,-292.55821630699586,-169.94078965235354,11.2
3,229.33555689324933,-290.47512402105224,-168.15141380358776,11.362073284351142,226.54816954123115,-292.82674573888454,-172.08990405574121,11.2
3,227.01937850816878,-290.9236345107246,-169.93006993007,11.43292079255131,224.84585953885906,-293.0277246271438,-174.5084982309706,11.2
3,223.95268359045033,-291.4042479308161,-172.25600486470063,11.484486906301736,223.1362741960416,-293.1520721036408,-177.24660790666277,11.2
3,221.363079380644,-291.7092743211319,-174.30830039525708,11.394067805293774,221.42261265472544,-293.18914807549186,-180.36139319072282,11.2
3,220.4976552216853,-291.7903137516071,-174.9923989054425,11.147811815265072,219.70973688626293,-293.12668194263523,-183.91473168280982,11.2
3,215.91010960030476,-292.02165687586586,-179.2338096685924,10.77413785045871,218.00481616085284,-292.9509229418255,-187.96704834707637,11.2
3,212.18663570438625,-291.9380628724909,-183.33840072970517,10.126349412941236,216.31805273004056,-292.647207460732,-192.5651736015957,11.2
3,209.09479810498175,-291.66491671653745,-186.75889328063252,9.43506982104031,214.6632946409278,-292.20118317712803,-197.72273629269372,11.2
3,205.78043294391398,-291.16331350022784,-190.45302523563404,8.803638759745,213.05814196908824,-291.6008472778066,-203.39529177181362,11.2
3,202.26656513154091,-290.37956237235244,-194.69443599878397,8.003904411360695,211.5230097130962,-290.8392067402533,-209.4599394694202,11.2
3,197.89351936917214,-288.97781397137754,-200.85132259045318,7.1553426073925435,210.07880505942126,-289.9167585590934,-215.71610287366116,11.2
3,194.82046473051523,-287.64038031060903,-206.18729096989983,6.4281929871876615,208.74294496666056,-288.841950562233,-221.92230547625263,11.2
3,193.82665922634675,-287.1293389581057,-208.23958650045614,5.695671615161797,207.5290308845705,-287.63230130615,-227.83975818155318,11.2
3,189.58057899083084,-284.33271909471483,-218.5010641532381,5.142834957112501,206.44124754398118,-286.30798876049283,-233.3017908483706,11.2
3,187.23329338695936,-282.1215414400076,-228.07844329583457,4.907459045053838,205.47780710268975,-284.8905538499428,-238.2203551201612,11.2
3,186.0833175094458,-280.6580298075652,-235.60352690787477,5.0002455100223075,204.63211506332382,-283.3997844306379,-242.57901565675135,11.2
3,185.51427148679062,-279.69712475592013,-243.128610519915,5.089549659696046,203.89491085483021,-281.8524207661523,-246.40876689478148,11.2
3,185.12136932814838,-278.78543279989356,-250.24323502584386,5.603850888224159,203.2559845109847,-280.26190044827655,-249.76453218710722,11.2
3,185.08803995678025,-278.66592967493654,-258.5892368501065,6.59106473560086,202.7052827189924,-278.63867800754514,-252.70863071358676,11.2
3,185.1711341502895,-279.155543331644,-262.1465491030709,8.363211269920207,202.23349735475105,-276.9907538167911,-255.30138685853015,11.2
3,185.3668778784059,-281.25671035489466,-267.2088780784435,10.714604582407077,201.83230608666008,-275.3242096517592,-257.5968170690496,11.2
3,185.4222865041972,-283.8634398753564,-270.35573122529655,13.5888744762525,201.49441181232856,-273.64366769091174,-259.641293302104,11.2
3,185.39073915826845,-285.6015430128642,-271.7239282456675,15.770628627857551,201.21348058193615,-271.9526540071113,-261.4737120795453,11.2
3,185.3781987193682,-285.9738519450806,-272.13438735177874,17.21565030512086,200.98403721323362,-270.2538749304233,-263.1263036821193,11.2
3,185.40206276896092,-285.35344277514105,-272.2712070538159,17.73920431876537,200.8013505005713,-268.5494228765889,-264.6256278544291,11.2
3,185.44501805822776,-284.23670626924996,-272.1343873517787,17.971044792859985,200.66132358142258,-266.84092826072066,-265.9935428453457,11.2
3,185.49695795277307,-282.7475297247545,-271.86074794770457,17.689896702744385,200.56039597983727,-265.12967138547566,-267.2480623440845,11.2
3,185.54534166308602,-281.25823198075636,-271.86074794770457,17.059432453173425,200.49545916039554,-263.41666503359875,-268.4040776958297,11.2
3,185.6751913994493,-277.53529061951787,-272.13438735177874,16.253724833269718,200.4637851802768,-261.70271573655356,-269.4739508919704,11.2
3,185.7878632482267,-274.9300953615184,-272.81848586196423,15.332472275504749,200.46296708181356,-259.9884695262356,-270.46799454138034,11.2
3,185.96282587764438,-271.95511418648033,-273.913043478261,14.284468418654809,200.49086938315716,-258.27444636189534,-271.39485749790754,11.2
3,186.28797174738767,-268.2443498713274,-276.10215871085444,13.304560087059318,200.5455870540504,-256.5610662503791,-272.26183367490484,11.2
3,186.61077172531475,-265.5317340824403,-277.4703557312254,12.64759104218676,200.62541152601878,-254.84866923504543,-273.0751092518868,11.2
3,187.01115064088364,-262.8295422789794,-279.38583155974476,12.09754664422084,200.7288024904576,-253.13753082688336,-273.8399607825801,11.2
3,187.45120859932746,-260.3854550478597,-281.0276679841899,11.642769951061274,200.85436444082166,-251.42787402183413,-274.56091435368074,11.2
3,187.773216426032,-258.803659785303,-281.98540589844964,11.281487150825535,201.00082709804408,-249.7198787410739,-275.2418738413692,11.2
3,188.5839372359991,-255.29527000497785,-284.037701429006,11.275810073329165,201.16702901540663,-248.01368931034818,-275.88622465199234,11.2
3,189.0508121846667,-253.4921499507573,-284.9954393432656,11.542622836070993,201.35190379031184,-246.30942043516265,-276.49691796107487,11.2
3,189.47778727306502,-251.93539457976564,-285.6795378534511,11.986416049897834,201.5544684182191,-244.607162012944,-277.0765394018583,11.2
3,189.74397231096555,-250.97833380939375,-285.4058984493769,12.673335024612513,201.77381341171366,-242.9069830387593,-277.62736531261726,11.2
3,189.96987594796758,-250.1389924539309,-284.7217999391914,13.35365434469994,202.009094378617,-241.20893479899414,-278.1514090037117,11.2
3,190.39959636931383,-248.45452517335406,-283.9008817269688,14.010781882592275,202.25952481026525,-239.5130535013556,-278.65045896898016,11.2
3,190.75412307008668,-247.00723275239693,-283.62724232289463,14.412804337896706,202.52436987715842,-237.8193624552399,-279.12611059344306,11.2
3,190.92792834385452,-246.28274820450048,-283.3536029188205,14.334324223087691,202.80294106631428,-236.127873890752,-279.5797925705317,11.2
3,191.690574443425,-243.01796055142165,-282.94314381270914,13.91207482642684,203.0945915245962,-234.43859048520576,-280.0127890076626,11.2
3,192.4454236471193,-239.75135483541055,-283.0799635147463,13.41662806320586,203.39871199646512,-232.7515066511438,-280.4262580063668,11.2
3,193.1017244571926,-236.97179871710927,-283.49042262085766,12.794221365392842,203.7147272641748,-231.06660962858942,-280.8212473332493,11.2
3,193.83672028072178,-233.95573003762155,-283.9008817269689,12.079781793248662,204.04209301431067,-229.38388041552517,-281.1987077053405,11.2
3,194.828123109554,-230.1079011765735,-284.9954393432656,11.248369966818892,204.38029306748513,-227.70329456383126,-281.5595040852153,11.2
3,195.5901111142172,-227.35546912290607,-285.95317725752517,10.370526014274331,204.72883691853863,-226.02482286264146,-281.90442532608415,11.2
3,196.46825044346707,-224.3779571944578,-286.91091517178484,9.588348057412102,205.087257543212,-224.3484319269376,-282.23419244703007,11.2
3,197.05524279730824,-222.47988010480833,-287.45819397993324,8.82942881377261,205.45510943433115,-222.67408470593665,-282.54946573560875,11.2
3,198.2067164818868,-218.93715995905822,-288.55275159623,8.151168471783024,205.8319668363549,-221.0017409232185,-282.85085090080185,11.2
3,198.88553661736225,-216.93833511380404,-288.96321070234137,7.579100458994667,206.21742215195366,-219.33135745847738,-283.13890437837625,11.2
3,199.5786585186373,-214.94442449185902,-289.3736698084527,7.8546230326876145,206.6110844982458,-217.66288867910103,-283.414137961521,11.2
3,199.86602194812608,-214.12408478163636,-289.23685010641555,8.487993045567277,207.01257839363882,-215.996286728437,-283.67702282236877,11.2
3,200.0285493704028,-213.65473439529927,-288.96321070234137,9.28774947682351,207.4215425589589,-214.33150177650387,-283.92799303151895,11.2
3,200.18770983533983,-213.18423307993604,-288.41593189419297,10.40645138737592,207.83762881885556,-212.66848223800912,-284.16744864138826,11.2
3,200.26560295880614,-212.9484176895279,-288.1422924901188,11.342366496532978,208.26050109139481,-211.00717496179448,-284.3957583899402,11.2
3,200.34236896546903,-212.71223297948572,-287.8686530860446,12.300981770649702,208.6898344553653,-209.34752539521654,-284.6132620825484,11.2
3,200.60610993192773,-211.88399822340088,-287.45819397993336,12.974587395499151,209.1253142861864,-207.68947772646845,-284.8202726877949,11.2
3,201.01122561515305,-210.57955082288711,-287.04773487382204,13.331477195239719,209.56663545245772,-206.0329750074154,-285.0170781848771,11.2
3,201.44466733939822,-209.15390261768212,-286.77409546974786,13.342957660658483,210.01350156615516,-204.3779592591675,-285.2039431997022,11.2
3,201.9843417544834,-207.37119546147983,-286.910915171785,13.00032914271893,210.46562428031405,-202.72437156230762,-285.3811104384549,11.2
3,202.85803149035095,-204.52197725665198,-287.18455457585924,12.468359252574022,210.9227226287249,-201.0721521334423,-285.5488019645412,11.2
3,203.56315514793656,-202.27051821976664,-287.5950136819705,11.810746527219681,211.38452240277726,-199.42124038951997,-285.70722030924605,11.2
3,204.32517087566953,-199.90685145716571,-288.1422924901188,11.246411310162287,211.8507555610766,-197.77157500118335,-285.8565494619748,11.2
3,204.5987817418463,-199.0818246682156,-288.5527515962301,10.68273835807002,212.3214256654842,-196.12216604518724,-285.99703229815253,11.2
3,206.21065170579323,-194.51537905061042,-290.3314077227123,10.109441241519146,212.79600084684,-194.47392410405834,-286.1287283895323,11.2
3,207.00223305975427,-192.4251402619308,-291.1523259349348,9.631467402887143,213.27422775848203,-192.8267850526757,-286.2517717565962,11.2
3,207.68470564704273,-190.69208374791629,-291.8364244451203,9.15753696817723,213.75585715232157,-191.18068420301222,-286.36628061390724,11.2
3,208.29407262936613,-189.19727041773817,-292.52052295530575,8.847273844786214,214.24064339664827,-189.5355563152213,-286.47235784227956,11.2
3,208.91769215060475,-187.7083400915697,-292.93098206141707,9.176431847600258,214.72834400787087,-187.89133560286817,-286.57009138132497,11.2
3,209.1575458126196,-187.135674581505,-292.5205229553057,9.914874334301961,215.2187191937331,-186.24795573277913,-286.65955454248814,11.2
3,209.29899283974208,-186.79105313392213,-292.11006384919443,10.73758575285194,215.7115314056438,-184.60534981997648,-286.74080624704254,11.2
3,209.48374163845105,-186.3299984487349,-291.562785041046,11.387583164560898,216.2065448978414,-182.96345041818503,-286.8138911935552,11.2
3,209.70847094377064,-185.75123306092473,-290.8786865308606,12.028255759524917,216.7035252912294,-181.32218950619628,-286.87883995784114,11.2
3,210.05806714152467,-184.82139615912644,-290.33140772271224,12.437068650196924,217.20223913973265,-179.6814984704616,-286.9356690213941,11.2
3,210.35715370771342,-184.0052593234788,-289.920948616601,12.656774024654748,217.70245349706107,-178.04130808421107,-286.9843807355367,11.2
3,210.73667848284532,-182.9541139836105,-289.7841289145638,12.657481592548192,218.20393513488722,-176.40154961625208,-287.02496319253476,11.2
3,211.19747289313088,-181.66827676936933,-289.64730921252675,12.553869980068647,218.70645120386655,-174.76215120808112,-287.0573901396589,11.2
3,211.8654858837899,-179.79716872396997,-289.64730921252675,12.240115913829348,219.20976762467922,-173.12304165724416,-287.08162062920945,11.2
3,212.24249949220544,-178.74512009413596,-289.7841289145639,12.00567351194939,219.71364904612028,-171.48414903537466,-287.0975987478943,11.2
3,212.95937962301002,-176.75962334105174,-289.9209486166009,11.687978656939793,220.21785838152877,-169.8454006543125,-287.1052532231454,11.2
3,213.6452317428776,-174.89498838176527,-290.4682274247494,11.364900031041328,220.72215633229462,-168.2067230303001,-287.104496955986,11.2
3,214.16962753464574,-173.5002290523838,-290.74186682882356,11.146556825189025,221.2263008958488,-166.56804184673695,-287.0952264688064,11.2
3,214.65490053406714,-172.22342877586811,-290.8786865308606,10.936275694797216,221.73004685550995,-164.92928191559554,-287.07732126183583,11.2
3,214.91876299155658,-171.52667721551256,-290.6050471267865,10.696427910612071,222.23314524926118,-163.29036713801568,-287.0506430810486,11.2
3,215.1792948306982,-170.82867342317064,-290.3314077227123,11.06573619552021,222.73534281440854,-161.6512204643534,-287.0150350788577,11.2
3,215.26502659011675,-170.59559338871105,-290.0577683186381,11.763800027652776,223.23638140478357,-160.01176385415476,-286.9703208673548,11.2
3,215.26502659011675,-170.59559338871105,-290.0577683186381,12.51319686528087,223.73599737689273,-158.37191823651705,-286.9163034523061,11.2
3,215.34964420709534,-170.36210656695542,-289.784128914564,13.319305540855822,224.23392094106188,-156.73160347149903,-286.85276403387536,11.2
3,215.3915346080304,-170.24521227475162,-289.64730921252686,13.93246754347253,224.72987547330646,-155.0907383131533,-286.779460669035,11.2
3,215.5163680386457,-169.89423030119218,-289.5104895104897,14.563241544344255,225.2235767831913,-153.44924037505876,-286.69612677158136,11.2
3,215.85037421653965,-168.95867716763127,-289.78412891456395,15.200142993738242,225.7147323324868,-151.80702609927704,-286.6024694434146,11.2
3,216.2734623014326,-167.79124305885304,-290.05776831863807,15.712809380876523,226.20304039890064,-150.1640107298168,-286.4981676129271,11.2
3,216.57613550669444,-167.0345600456984,-290.05776831863807,15.696542238221394,226.6881891785098,-148.52010829200873,-286.3828699577791,11.2
3,217.1279620744479,-165.51755240935123,-289.9209486166009,15.522844768829229,227.16985581985685,-146.87523157931508,-286.2561925971232,11.2
3,217.55105056143884,-164.35011719105725,-289.9209486166009,15.063597001449477,227.64770538185033,-145.22929214952978,-286.11771651546456,11.2
3,218.77396372575285,-160.96309331814788,-289.7841289145638,14.429328262249285,228.12138970672754,-143.58220033259366,-285.9669846965042,11.2
3,219.5698813435191,-158.7421017662762,-289.6473092125267,13.652499092151345,228.59054619829786,-141.93386525278,-285.80349892874466,11.2
3,220.73890407717235,-155.46766268682737,-289.6473092125267,12.774338475535986,229.05479690047855,-140.28419341731623,-285.6267160742735,11.2
3,221.5683320011727,-153.12679254464592,-289.37366980845246,11.992138108781702,229.5137459085853,-138.63309282396332,-285.43604451936454,11.2
3,222.34831845264225,-150.90015618832726,-289.2368501064153,11.215683946392735,229.966978866834,-136.98046927182807,-285.2308393502034,11.2
3,223.279627095605,-148.20028078756653,-288.8263910003041,10.529870390267384,230.41406090663864,-135.3262276598161,-285.01039749965736,11.2
3,223.75373652535055,-146.7876406632448,-288.27911219215565,10.089997644635071,230.8545347577413,-133.6702721446765,-284.7739521861344,11.2
3,223.87015387307085,-146.43377807365297,-288.14229249011856,10.477067158703763,231.28791867517626,-132.0125063459994,-284.5206666863387,11.2
3,224.24550880414083,-145.25015201789265,-287.0477348738217,10.97106600769616,231.71370415996046,-130.35283360820847,-284.24962735300875,11.2
3,224.4588212030028,-144.5363064371692,-286.2268166615992,11.577973837073317,232.13135344862388,-128.6911573315996,-283.9598357790506,11.2
3,224.5616365590956,-144.1782558734671,-285.8163575554879,12.336494972246582,232.54029674350653,-127.02738138708212,-283.65019998625644,11.2
3,224.6618842737192,-143.81947794866036,-285.4058984493766,13.191760886732151,232.94017112979165,-125.3603887507329,-283.31931512293033,11.2
3,224.86366641056046,-143.01234940129544,-285.4058984493766,14.15926255922991,233.3300934346738,-123.69104066944215,-282.96603823442746,11.2
3,225.15669119567156,-141.93388878177635,-284.9954393432653,15.093861069787602,233.70937592323932,-122.01924358901617,-282.588926016884,11.2
3,225.3584733325128,-141.12676023441142,-284.9954393432652,15.269970258259937,234.0772841313989,-120.34490721495877,-282.1863929479619,11.2
3,225.8725365501772,-139.2076391643661,-284.9954393432652,15.403160506031572,234.43303218927332,-118.66794570981112,-281.75669519511786,11.2
3,226.38659976784157,-137.28851809432078,-284.9954393432652,15.188952675096935,234.77577761894275,-116.98827916374499,-281.29791245586557,11.2
3,227.06431454339196,-134.7704796692798,-285.13225904530236,14.736304852815342,235.1046155432919,-115.30583539871402,-280.80792749580536,11.2
3,228.0002063762949,-131.29318851088988,-284.9954393432652,14.045835271623442,235.41857223644777,-113.62055218023337,-280.28440308441935,11.2
3,228.7644241244394,-128.41267651356995,-284.7217999391911,13.157777667549322,235.71659794029208,-111.93237992785319,-279.72475605265146,11.2
3,229.56994810956826,-125.28627990857292,-284.1745211310427,12.16725414433948,235.99755886633167,-110.24128503636118,-279.12612816659055,11.2
3,230.34557303355075,-122.15233182354471,-283.6272423228943,11.19842938731691,236.26022829864857,-108.54725394554434,-278.48535353720683,11.2
3,231.02694078413225,-119.25112844037875,-282.8063241106717,10.190041053672406,236.5032767130181,-106.85029812803057,-277.798922322513,11.2
3,231.69735928706905,-116.09310220915312,-281.16448768622666,9.752600682372188,236.72526083147378,-105.15046020343686,-277.0629405680545,11.2
3,232.0540737405012,-114.13867866887732,-279.52265126178156,9.702296616951635,236.9246115434063,-103.44782143402458,-276.2730861751256,11.2
3,232.28302074859437,-112.66632459678904,-278.15445424141063,9.684407483954653,237.0996206477467,-101.74251091350006,-275.42456125760106,11.2
3,232.50079490410897,-110.94166975864823,-276.2389784128913,10.291562162259181,237.24842641166842,-100.03471682742102,-274.5120415344306,11.2
3,232.61029988918347,-109.82950665903964,-275.00760109455746,11.039033205790956,237.36899800768808,-98.3247002411344,-273.52962403634604,11.2
3,232.70120108875946,-108.7156537474502,-274.323502584372,11.79750058097547,237.45911899432394,-96.61281195804938,-272.47077532547775,11.2
3,232.78298038652133,-107.47663231478211,-273.2289449680752,12.264865999847514,237.51637016091297,-94.89951308361324,-271.328283790056,11.2
3,232.8288307872165,-106.60862894535802,-272.81848586196395,12.917244760628547,237.53811228507175,-93.18540002019878,-270.09422151415737,11.2
3,232.91500446661462,-104.49946158938907,-271.8607479477043,13.342860919915468,237.52146967736252,-91.47123468943722,-268.7599239383936,11.2
3,232.9831649983591,-102.1411525958151,-271.450288841593,13.288626218051006,237.46331584288237,-89.75798080367925,-267.31599922564163,11.2
3,233.02399314248984,-100.03060841933032,-270.76619033140753,13.038721174550398,237.36026320707845,-88.04684694179149,-265.7523840740089,11.2
3,233.0470917048262,-97.67142770906722,-270.35573122529627,12.363230388884535,237.2086596620071,-86.33933695578934,-264.0584687348206,11.2
3,233.04777369891684,-94.81545143339949,-269.6716327151108,11.482031992455196,237.0045956995191,-84.63730774052539,-262.2233208771654,11.2
3,232.9751621169155,-90.96686471959458,-268.1666159927028,10.500596722779875,236.74392707403106,-82.94303349863785,-260.23604477223756,11.2
3,232.85423505122037,-88.48645393668147,-266.2511401641835,9.33094642620225,236.42231915594954,-81.25927415755068,-258.08631699183627,11.2
3,232.73906543385016,-87.00086341256504,-264.88294314381255,8.752380821004515,236.03532012521134,-79.58934337816422,-255.7651387010513,11.2
3,232.3700851283151,-83.91899350977371,-261.4624505928852,8.468265674777781,235.57847042487512,-77.93716855189831,-253.2658319784418,11.2
3,232.07105496396875,-82.20664193297957,-258.7260565521434,8.127887911405184,235.04745470445894,-76.30733145831013,-250.5852759635028,11.2
3,231.71966815884673,-80.63123522503902,-256.12648221343863,7.895183637689468,234.43829889650365,-74.70507443554408,-247.72532120467457,11.2
3,231.2236333989467,-78.83613845061375,-252.97962906658552,7.682815037384862,233.74760823370883,-73.13625424596633,-244.69423617410726,11.2
3,230.91253508808137,-77.8927999192131,-250.51687442991783,7.606897048402978,232.97283173202797,-71.60722625151818,-241.50794047596872,11.2
3,230.51602642328643,-76.84804501160328,-247.9173000912131,7.819301051369504,232.11252621095545,-70.12464729410824,-238.19069771852554,11.2
3,230.2163074555307,-76.16605981263892,-244.6336272423229,8.194123127556942,231.16712756138753,-68.6959718493766,-234.7768351603675,11.2
3,230.1621756044159,-76.05430797936592,-243.67588932806328,8.655736186741184,230.13722291017845,-67.32631703887073,-231.3027048654468,11.2
3,229.98322918302588,-75.72770544814519,-238.88719975676497,9.39648031452935,229.02559053005837,-66.02141354721805,-227.81192734978575,11.2
3,229.91470020574772,-75.62419750503231,-234.0985101854667,10.342366459572581,227.83642029197782,-64.7860158873465,-224.34949723778686,11.2
3,230.06601266555325,-75.82108329448835,-230.81483733657643,11.140660272444707,226.57595104369372,-63.62439550789728,-220.96056946872898,11.2
3,230.2287985782679,-76.00858607067856,-227.25752508361208,11.991657660979778,225.24998956986977,-62.538115276104215,-217.68136645226525,11.2
3,230.2287985782679,-76.00858607067856,-223.7002128306476,12.703042288854734,223.86523800377506,-61.52782629822002,-214.5420731792465,11.2
3,230.042488030573,-75.84447982086832,-219.04834296138634,13.380019165553994,222.42851126543727,-60.59290162896005,-211.5645507065513,11.2
3,229.74688526036653,-75.61786137777622,-215.9014898145331,13.942467931664028,220.94644299520607,-59.73162893691673,-208.76242776965628,11.2
3,229.5443386916348,-75.47416250491648,-214.80693219823632,14.018202233281764,219.42526782791964,-58.941444250728146,-206.1419827303808,11.2
3,227.64553206957999,-74.29699480201027,-208.78686530860426,13.944372937928934,217.8706830040857,-58.21917126347924,-203.70346923131194,11.2
3,226.21362329614192,-73.55200067667168,-206.18729096989946,13.61391113220864,216.2877797256476,-57.56124069746098,-201.44257646487873,11.2
3,224.64109938414703,-72.81103614328507,-204.27181514138016,13.121805040136474,214.68102852580998,-56.963875447980136,-199.3518062167617,11.2
3,223.0446873226084,-72.12304746364956,-202.35633931286085,12.552458200297968,213.05430193722006,-56.423236587808766,-197.42164650607648,11.2
3,220.95993060876637,-71.31756312343947,-199.89358467619311,12.166307831404866,211.4109198348584,-55.93553165802716,-195.6414991129799,11.2
3,219.5516935896087,-70.83066958074855,-198.251748251748,12.120291144594717,209.75370617283903,-55.49709013449837,-194.00036809659704,11.2
3,218.130084462279,-70.38432407205264,-196.60991182730297,12.23330824684056,208.08504923581492,-55.104412267703054,-192.48734192316678,11.2
3,217.29510090777666,-70.14282829276054,-195.6521739130432,12.495607241083421,206.40696039547475,-54.7541974567798,-191.09191060548616,11.2
3,215.4929514072132,-69.67252925069955,-193.5998783824869,12.919333445639957,204.7211285224702,-54.443357589000165,-189.8041581918301,11.2
3,214.2826602712583,-69.39498474290772,-192.23168136211592,13.460888730637848,203.0289686973755,-54.169019790781235,-188.61486533697268,11.2
3,212.2139932918324,-68.97489271692118,-190.7266646397079,14.161641031007916,201.3316648225096,-53.92852204710693,-187.51554967179575,11.2
3,210.99234089321263,-68.75252388712467,-189.90574642748535,14.219825250759976,199.63020630453107,-53.7194042739858,-186.4984649616359,11.2
3,209.15491160316165,-68.44745381044014,-188.94800851322566,14.199491705576337,197.9254192806248,-53.539396714970586,-185.55657434802563,11.2
3,206.94457320989113,-68.11563545520089,-188.1270903010031,13.928391914913316,196.2179929942233,-53.38640697698121,-184.68350844982166,11.2
3,203.74532295133002,-67.68213419264038,-187.3061720887806,13.479459584381164,194.50850195696964,-53.25850660282263,-183.873515697413,11.2
3,202.75970161874838,-67.55815685056886,-187.03253268470638,12.889887782491737,192.79742450711376,-53.15391777207593,-183.1214097885537,11.2
3,198.19535347612864,-67.03378410139787,-186.0747947704467,12.05780692165753,191.08515831935782,-53.07100050338926,-182.42251739231304,11.2
3,194.1181423484989,-66.62447078318556,-185.3906962602612,11.286600408584684,189.3720333547769,-53.00824057800101,-181.7726280030874,11.2
3,191.14986397219,-66.3586682820554,-184.84341745211287,10.48287276422855,187.658322671808,-52.96423829919837,-181.1679470143176,11.2
3,188.1791821452947,-66.1212299274785,-184.29613864396455,9.768937954916247,185.94425145577233,-52.93769813192721,-180.60505253434022,11.2
3,185.33047165911844,-65.91748613238485,-183.88567953785326,9.081479293068654,184.2300045674157,-52.92741922085009,-180.08085610628743,11.2
3,181.98421399209633,-65.71026244512728,-183.2015810276678,8.411324947745573,182.51573286132415,-52.932286756400146,-179.59256727407606,11.2
3,179.75201507918908,-65.59609272188501,-182.65430221951945,7.729397138522041,180.8015584826879,-52.951264141470745,-179.13766180776037,11.2
3,179.13177933761386,-65.56808101217939,-182.51748251748242,7.9312609332287,179.08757931516587,-52.98338590247832,-178.71385332496595,11.2
3,176.27722303727177,-65.4801196933107,-181.01246579507438,8.590507024420651,177.3738727227429,-53.02775128496368,-178.31906801585654,11.2
3,175.2838819023729,-65.47205453515768,-179.91790817877762,9.327129237526494,175.66049870371862,-53.083518473775,-177.95142217821024,11.2
3,174.53885735838415,-65.47668021442462,-179.3706293706292,10.209378923022312,173.94750255446857,-53.14989937989203,-177.6092022623436,11.2
3,173.54559552598943,-65.49233581207797,-178.82335056248084,11.151867664206915,172.23491712374,-53.22615493923841,-177.29084716601574,11.2
3,172.05590499161949,-65.5264919993628,-178.54971115840664,12.101371701545462,170.52276472433417,-53.31159087276981,-176.9949325103752,11.2
3,170.93881125782133,-65.55877856703125,-178.13925205229535,12.47874359493565,168.81105875759502,-53.40555386134933,-176.72015668300207,11.2
3,169.20129722315673,-65.61522622906303,-178.13925205229535,12.799585473356776,167.09884743322095,-53.50748721736761,-176.4651911817644,11.2
3,168.45664835115767,-65.6394180842195,-178.13925205229535,12.686706720031953,165.3871398446358,-53.61675490117107,-176.22910868482464,11.2
3,163.86482945914457,-65.79408379130703,-178.0024323502583,12.315583099698255,163.67592820508312,-53.732805708442555,-176.0109033554576,11.2
3,161.13466986619372,-65.88930702180578,-178.0024323502583,11.719084748861002,161.96520033238275,-53.85511763157229,-175.8096505127051,11.2
3,158.15631394661105,-65.9931869096226,-178.0024323502583,10.973990395339278,160.2549403899637,-53.98319553224863,-175.62449875667878,11.2
3,153.93697639386886,-66.14035008402975,-178.0024323502583,10.005317721195551,158.54512952349845,-54.1165690338972,-175.4546629251755,11.2
3,150.58646870267552,-66.26121544485231,-177.86561264822126,9.076247153967469,156.83574640902324,-54.254790611794604,-175.29941778523212,11.2
3,147.48414676638538,-66.37312781598435,-178.00243235025843,8.099039035995771,155.12676772583785,-54.39743386112128,-175.15809237574217,11.2
3,144.38182483009524,-66.48504018711638,-177.86561264822126,7.06477242220589,153.4181685653899,-54.544091925403,-175.0300649215099,11.2
3,141.031615312422,-66.61390605491707,-177.7287929461842,5.970383929859796,151.70992278558077,-54.6943760697234,-174.91475825209605,11.2
3,138.79846594552555,-66.70781614544332,-177.45515354210997,5.792143135774058,150.00200331847603,-54.84791438482007,-174.81163566901725,11.2
3,137.55809072643987,-66.76591297664244,-177.18151413803574,6.112037907119037,148.29438243818217,-55.00435060970646,-174.7201972118718,11.2
3,137.06205728285317,-66.79152100253765,-176.90787473396153,7.223499033396545,146.58703320453313,-55.163342948309605,-174.6399763222635,11.2
3,136.9380725606077,-66.79836716131655,-176.77105503192448,8.552015813436839,144.87992586925466,-55.32456345091844,-174.57053659149548,11.2
3,136.81410454016134,-66.80550937014297,-176.63423532988742,9.683242179683013,143.17303204011665,-55.48769676388623,-174.51146916924802,11.2
3,136.69015392841976,-66.81294758828973,-176.49741562785036,10.693141602100134,141.4663234406178,-55.65243945468623,-174.46239013185152,11.2
3,135.94661541768028,-66.86024046700881,-176.22377622377627,11.668799465482598,139.75977204911985,-55.81849928428335,-174.42293815128693,11.2
3,135.07935640123844,-66.91852236107438,-176.0869565217392,12.063594595379783,138.05335022176035,-55.9855945475517,-174.3927723586794,11.2
3,133.9644912120354,-66.99611869068501,-175.95013681970204,12.248401512277441,136.3470308013989,-56.15345347616949,-174.37157038172452,11.2
3,132.10702493764606,-67.13431829236004,-175.53967771359075,11.984354970641785,134.6407872143907,-56.32181369902243,-174.35902654152827,11.2
3,130.25023634378752,-67.28138765282934,-175.40285801155372,11.658248689108607,132.93459355673792,-56.4904217556431,-174.35485018203306,11.2
3,128.27023787125245,-67.44535478095959,-175.12921860747963,11.260166058654683,131.22842467092332,-56.659032658682285,-174.35876413669277,11.2
3,126.2906347082566,-67.61404974325622,-175.12921860747963,10.691867497013552,129.52225621456773,-56.82740950178841,-174.37050329733742,11.2
3,123.69214366524268,-67.83235944610328,-175.26603830951666,10.09467487788353,127.81606472180044,-56.9953231096421,-174.38981329309544,11.2
3,123.07333296348298,-67.88286040050683,-175.40285801155372,9.417772082217867,126.10982765818468,-57.16255172718382,-174.416449256666,11.2
3,120.1021944928524,-68.1146239041551,-175.67649741562795,9.251969137400195,124.40352346973226,-57.32888074536735,-174.4501746795309,11.2
3,118.61583746175243,-68.21986005914498,-176.22377622377638,9.425560757486842,122.69713162670128,-57.49410246097607,-174.49076033995644,11.2
3,117.6243078568834,-68.28054949890407,-176.77105503192473,9.825054414066601,120.99063266244659,-57.65801586828109,-174.53798330477647,11.2
3,116.63236609972672,-68.33413441278915,-177.04469443599893,10.282187538553995,119.28400820773986,-57.82042648047606,-174.59162599338674,11.2
3,115.51609295402619,-68.38775434127432,-177.45515354211022,10.75907509586789,117.57724102088827,-57.981146178973894,-174.6514753057861,11.2
3,114.64768958278228,-68.42531183836485,-177.59197324414728,11.15734538355398,115.87031501370384,-58.13999308880323,-174.7173218027026,11.2
3,113.65517780978006,-68.46704969604363,-177.59197324414728,11.302784098323597,114.16321527360587,-58.29679147842815,-174.78895894265622,11.2
3,113.03488968746291,-68.49387647967973,-177.45515354211022,11.462634695129202,112.45592808188287,-58.45137168241617,-174.8661823675505,11.2
3,111.29836438074288,-68.5752120433585,-177.181514138036,11.446780139899088,110.74844092818117,-58.603570045454845,-174.94878923647877,11.2
3,110.30629749356936,-68.6264280951489,-176.90787473396176,11.417031182932895,109.04074252125409,-58.75322888626354,-175.0365776067183,11.2
3,109.31448652280176,-68.6823815655702,-176.63423532988756,11.414256334250663,107.33282279593826,-58.90019648000667,-175.12934586003436,11.2
3,107.951231655512,-68.76745743943167,-176.22377622377616,11.457099484808918,105.6246729163456,-59.04432705782894,-175.2268921732008,11.2
3,106.95999943656928,-68.83288187249376,-176.22377622377616,11.535530737717803,103.91628527520709,-59.18548082216126,-175.32901403150478,11.2
3,106.09274042012746,-68.8911637665593,-176.0869565217391,11.63183976120011,102.20765348931924,-59.323523976454894,-175.43550778790055,11.2
3,105.22548140368563,-68.94944566062485,-176.22377622377616,11.741144745251368,100.49877239101077,-59.45832876799654,-175.54616826495865,11.2
3,104.72978906319268,-68.98097424643757,-176.49741562785036,11.815046098426055,98.78963801556718,-59.58977354245321,-175.660788399737,11.2
3,103.61407899989219,-69.04525400369384,-176.90787473396165,11.96761584819503,97.08024758455075,-59.71774280878081,-175.7791589351711,11.2
3,102.74596861672924,-69.0890315232691,-177.3183338400729,12.20783970501873,95.3705994849408,-59.84212731311149,-175.90106815606407,11.2
3,101.75356028471268,-69.13313929051296,-177.59197324414717,12.466421479684056,93.66069324406372,-59.96282412021227,-176.0263016693767,11.2
3,101.0091045338405,-69.16266501359567,-177.86561264822126,12.839886149179664,91.95052950027531,-60.07973670108219,-176.15464223429262,11.2
3,100.26445849265845,-69.18685677678569,-178.41289145636972,13.268771215649956,90.2401099693782,-60.192775025231605,-176.28586963527525,11.2
3,99.14722330179174,-69.2138078589892,-178.82335056248098,13.674760620126456,88.52943740680877,-60.30185565615952,-176.41976060854466,11.2
3,98.2781347283544,-69.22854421186685,-179.23380966859227,13.710964608514104,86.81851556562255,-60.406901848523766,-176.55608881273213,11.2
3,97.78148464768579,-69.23518608282869,-179.23380966859227,13.76048706981505,85.10734915035758,-60.50784364547768,-176.69462485244492,11.2
3,95.42230393742268,-69.25828464516506,-179.64426877470353,13.589586601954588,83.39594376689719,-60.604617974633314,-176.83513634861592,11.2
3,93.93224918493335,-69.26753603886853,-179.64426877470353,13.466924279612435,81.68430586846846,-60.69716874110145,-176.9773880613755,11.2
3,92.44219443244403,-69.276787432572,-179.64426877470353,13.152944362569007,79.9724426979776,-60.78544691605916,-177.1211420616023,11.2
3,90.9521396799547,-69.28603882627546,-179.64426877470353,12.902994008753346,78.26036222690061,-60.86941061929871,-177.2661579519318,11.2
3,88.84124643520316,-69.30166533306254,-179.50744907266647,12.703463982068637,76.5480730910148,-60.949025194233805,-177.41219313668813,11.2
3,87.35121802298475,-69.31447487963398,-179.50744907266647,12.5861774257852,74.83558452326884,-61.0242632738656,-177.55900314057433,11.2
3,85.98534592343962,-69.3245861487315,-179.64426877470353,12.460693315123859,73.12290628415622,-61.0951048362483,-177.7063419724469,11.2
3,85.4886610059431,-69.32766994663265,-179.64426877470353,12.359331986229765,71.4100485899971,-61.16153724804846,-177.8539625346404,11.2
3,83.00523641846073,-69.34308893613843,-179.64426877470353,12.34276047571658,69.69702203950806,-61.22355529485994,-178.0016170739733,11.2
3,81.88768813173006,-69.34869315697068,-179.7810884767407,12.403462946490148,67.98383753918816,-61.281161197006696,-178.14905767323822,11.2
3,80.7701296486996,-69.35162871014391,-179.9179081787779,12.565188252415114,66.27050622798244,-61.3343646096661,-178.29603677956294,11.2
3,79.40422016279294,-69.35195488309067,-180.05472788081494,12.703558656439984,64.55703940173349,-61.383182606240425,-178.44230776384842,11.2
3,78.41083767684943,-69.34863385797254,-180.32836728488917,12.91358532319291,62.843448437954116,-61.427639644034684,-178.58762551363336,11.2
3,77.41746500955973,-69.34294068720584,-180.32836728488917,13.20949503158346,61.12974472150691,-61.46776751140668,-178.73174704634928,11.2
3,76.17574917544745,-69.33582422374745,-180.32836728488917,13.537969276033845,59.41593957171344,-61.50360525571673,-178.87443214546153,11.2
3,74.68569017451279,-69.32728446759738,-180.32836728488917,13.838704768246478,57.70204417145468,-61.53519909153907,-179.01544401514647,11.2
3,73.69233487858061,-69.31921919446779,-180.6020066889634,13.980875032885193,55.98806949881101,-61.56260228875568,-179.15454993886897,11.2
3,72.32651885793821,-69.30323708462171,-180.73882639100043,14.044140819635546,54.27402626178207,-61.585875040323124,-179.29152194892603,11.2
3,70.33997480180696,-69.27287455181981,-181.01246579507455,13.951514946685315,52.55992483658791,-61.60508430966245,-179.4261374924894,11.2
3,68.60189545862947,-69.2380060614917,-181.28610519914878,13.934963496953756,50.84577521002931,-61.62030365780022,-179.55818009403393,11.2
3,66.98808981831368,-69.19984738097178,-181.42292490118595,13.653770275160436,49.1315869263484,-61.63161305055185,-179.68744000454072,11.2
3,64.3813276430872,-69.13198141903675,-181.55974460322298,13.427065746270184,47.41736903899555,-61.639098646216915,-179.81371483473768,11.2
3,63.01596957142398,-69.09317206162574,-181.69656430526004,13.129199259032669,45.70313006763399,-61.64285256441434,-179.93681016637356,11.2
3,60.65779061010108,-69.02050629162794,-181.8333840072972,12.856855650264825,43.988877960690125,-61.64297263684777,-180.05654013534854,11.2
3,58.67202970108012,-68.95694305184533,-181.8333840072972,12.557258803922856,42.27462006366415,-61.63956214094548,-180.17272798267192,11.2
3,56.18982856480387,-68.87748900211707,-181.8333840072972,12.312005309414358,40.56036309342624,-61.632729517457676,-180.2852065697833,11.2
3,54.20406765578291,-68.81392576233446,-181.8333840072972,12.125059190948045,38.84611311847089,-61.622588073227504,-180.3938188500939,11.2
3,52.466526860389486,-68.75830792752468,-181.8333840072972,11.942322429768248,37.13187554534687,-61.609255670467874,-180.49841829924327,11.2
3,50.108528144987304,-68.68001114651182,-181.97020370933438,11.833545419880615,35.41765511109658,-61.592854403981256,-180.59886929487675,11.2
3,48.61932554899017,-68.62878242627713,-181.97020370933438,11.772919037802158,33.70345588167171,-61.57351026784097,-180.69504744402886,11.2
3,47.50247053790065,-68.58902736785663,-182.10702341137159,11.755680475688033,31.989281256155618,-61.55135281313514,-180.78683986177165,11.2
3,45.02115098721652,-68.4858681640499,-182.65430221951988,11.7932829157278,30.27513397657411,-61.52651479841327,-180.8741453904795,11.2
3,43.53266618361198,-68.41686277918878,-182.65430221951988,11.914411283349363,28.56101614303238,-61.499131834527134,-180.95687476797812,11.2
3,41.92023176894453,-68.34018169931824,-182.79112192155708,12.22833045530922,26.846929233835855,-61.46934202556377,-181.0349507325488,11.2
3,40.679968620489156,-68.27971535065305,-182.79112192155708,12.493340961181875,25.132874130243543,-61.43728560758148,-181.108308077485,11.2
3,38.6955475829606,-68.18296919278875,-182.79112192155708,12.84313667313941,23.4188511454317,-61.40310458683956,-181.17689364679467,11.2
3,37.08311316829315,-68.10628811291821,-182.65430221951988,13.19447372941609,21.70486005723542,-61.36694237918318,-181.24066627682313,11.2
3,35.470678753625705,-68.02960703304767,-182.79112192155708,13.214081109316925,19.990900144196345,-61.32894345220401,-181.29959668383586,11.2
3,34.23041560517033,-67.96914068438248,-182.79112192155708,13.27002492649398,18.276970224424584,-61.28925297173284,-181.35366730053283,11.2
3,31.12994116936741,-67.8142728435244,-182.92794162359425,13.022869509339994,16.563068696786388,-61.24801645415805,-181.40287206447474,11.2
3,29.021618553021472,-67.70896271174092,-182.7911219215572,12.857607424755374,14.849193583912413,-61.20537942597074,-181.44721615939622,11.2
3,26.789144885801935,-67.60012328414359,-182.7911219215572,12.486009751658761,13.135342576525913,-61.16148709185932,-181.48671571283435,11.2
3,23.688670449999016,-67.44525544328552,-182.92794162359436,12.067134848811564,11.421513078605122,-61.116484012568186,-181.52139745721635,11.2
3,21.456463051252577,-67.3310852860201,-182.92794162359436,11.69438810705627,9.707702252871492,-61.070513793629225,-181.55129835041754,11.2
3,18.976232608200824,-67.20422955572519,-182.92794162359436,11.179586703888532,7.993907066208631,-61.02371878597141,-181.57646516693546,11.2
3,15.999956076538904,-67.05200267937131,-182.92794162359436,10.720930774329375,6.280124334517538,-60.97623979929533,-181.59695406057696,11.2
3,15.255886943623423,-67.01394596028284,-182.92794162359436,10.284156642471428,4.566350766645179,-60.92821582897982,-181.61283010028424,11.2
3,11.783564323351106,-66.83634793786997,-182.92794162359436,9.854881652393154,2.852583006997211,-60.87978379718207,-181.62416678826253,11.2
3,10.171317616733552,-66.75581666062378,-182.7911219215572,9.672482055764453,1.1388176764983762,-60.83107830866557,-181.63104555795718,11.2
3,7.938843949514014,-66.64697723302645,-182.7911219215572,9.925419240025722,-0.5749485883789158,-60.782231421784175,-181.63355526187655,11.2
3,7.070610033923943,-66.60568742078847,-182.65430221952016,10.652584357112467,-2.288719098809082,-60.73337243493737,-181.6317916488682,11.2
3,6.202376118333872,-66.5643976085505,-182.7911219215572,11.522384158037614,-4.002497079221768,-60.68462768870504,-181.62585683522056,11.2
3,4.714060340187514,-66.49183799015226,-182.7911219215572,12.429360148673508,-5.716285635531673,-60.636120383767945,-181.61585877392844,11.2
3,3.7217380808758302,-66.44583444396606,-182.517482517483,12.97501778193808,-7.430087726107828,-60.58797041462453,-181.60191072602268,11.2
3,3.3495966359307143,-66.4290274181427,-182.65430221952016,13.300080028883864,-9.143906135607828,-60.54029421902199,-181.58413073288366,11.2
3,0.3726270287216247,-66.29101664842042,-182.65430221952016,13.284213917183553,-10.857743451756637,-60.4932046429404,-181.56264109855937,11.2
3,-1.4878742189715801,-66.20253847933904,-182.7911219215572,13.22837287382454,-12.571602045067864,-60.44681082088489,-181.53756787839734,11.2
3,-3.596196835317518,-66.09722834755556,-182.92794162359425,12.861327126346744,-14.285484051542149,-60.401218071174654,-181.50904038118284,11.2
3,-6.8204964112847515,-65.93231589817218,-182.92794162359425,12.41381397776796,-15.999391358312664,-60.35652780585761,-181.47719068427992,11.2
3,-9.300726854336505,-65.80546016787727,-182.92794162359425,11.796630854343647,-17.713325592169948,-60.31283745481358,-181.44215316338295,11.2
3,-11.905125380410965,-65.67537118155649,-182.7911219215572,11.150050289166964,-19.42728811090983,-60.2702404035722,-181.40406404041593,11.2
3,-14.633704307012696,-65.54234521449307,-182.7911219215572,10.476522168888765,-21.141279997385226,-60.2288259443219,-181.36306094911905,11.2
3,-17.734539719834636,-65.39488159935743,-182.65430221952002,9.761764239853022,-22.85530205615838,-60.188679239554254,-181.31928251961907,11.2
3,-20.215347725842364,-65.27987262458888,-182.65430221952002,9.083891588516348,-24.56935481260883,-60.149881297757844,-181.27286798399984,11.2
3,-22.324149247198026,-65.18463281158978,-182.517482517483,8.777839740530993,-26.28343851435962,-60.11250896055841,-181.22395680262068,11.2
3,-24.80522481593432,-65.07554821520135,-182.517482517483,8.51921056141433,-27.997553134872,-60.07663490067778,-181.1726883109104,11.2
3,-25.92176637077704,-65.02779324922727,-182.38066281544582,8.74887351622677,-29.71169837901615,-60.042327630080194,-181.11920138947818,11.2
3,-26.666236137961477,-64.99862307475797,-182.1070234113717,9.555033366371184,-31.425873690481893,-60.009651517666576,-181.0636341544678,11.2
3,-27.162674477976257,-64.98273232522197,-181.55974460322338,10.461959729183793,-33.140078260829,-59.978666815876004,-181.00612367049862,11.2
3,-27.286806010129855,-64.97950061274888,-181.42292490118632,11.45145243361613,-34.85431104002923,-59.94942969555537,-180.94680568427526,11.2
3,-28.279943794901854,-64.95720413218994,-181.1492854971121,12.466425298355805,-36.56857074830258,-59.92199228847157,-180.88581438091194,11.2
3,-29.149004282590624,-64.94080750102151,-181.01246579507506,13.19332452261272,-38.28285588908717,-59.89640273684284,-180.82328215857163,11.2
3,-30.638958206812756,-64.92159355003649,-180.4651869869266,13.761069986744493,-39.99716476297575,-59.872705249287485,-180.75933942641092,11.2
3,-32.00480849780452,-64.90887298887347,-180.60200668896366,13.756187313401739,-41.711495482457714,-59.85094016260084,-180.69411441975774,11.2
3,-34.11561507516094,-64.88417336456588,-180.7388263910007,13.548944797812768,-43.425845987312236,-59.831144008789074,-180.62773303409645,11.2
3,-37.21964680690873,-64.84043798412506,-180.8756460930379,13.008039059132837,-45.14021406049317,-59.81334958681545,-180.56031867933316,11.2
3,-39.95103740277403,-64.7921669342231,-181.14928549711198,12.283349261039472,-46.85459734437766,-59.79758603852846,-180.491992149026,11.2
3,-41.813220664535486,-64.75258437888093,-181.28610519914903,11.391394765496132,-48.56899335723506,-59.78387892827506,-180.42287150897656,11.2
3,-46.530052087113894,-64.62414786346733,-181.83338400729747,10.419289381171817,-50.28339950980516,-59.772250325715746,-180.35307199608906,11.2
3,-49.38423169029232,-64.52255179617094,-182.24384311340876,9.476611496236949,-51.997813121852424,-59.76271889139826,-180.28270593853472,11.2
3,-51.865558315639326,-64.41939229823981,-182.517482517483,8.51139523865908,-53.71223143860983,-59.755299964655116,-180.211882685391,11.2
3,-54.09852632750185,-64.32121616149024,-182.517482517483,7.484657349055517,-55.42665164699915,-59.75000565343635,-180.1407085505558,11.2
3,-56.207549264426994,-64.23101233687244,-182.38066281544593,7.427238852349805,-57.14107089154591,-59.74684492569713,-180.06928676799325,11.2
3,-56.70386244254992,-64.21156555389291,-182.1070234113717,8.320068271690868,-58.855486289917,-59.74582370199965,-179.99771745920881,11.2
3,-56.70386244254992,-64.21156555389291,-182.1070234113717,9.707750116487395,-60.5698949479991,-59.74694494900697,-179.92609760960676,11.2
3,-56.70386244254992,-64.21156555389291,-182.1070234113717,11.039983800551164,-62.284293974460866,-59.75020877357687,-179.85452105505126,11.2
3,-56.952062639329604,-64.20302744196832,-181.83338400729747,12.344469368075272,-63.99868049474699,-59.75561251718403,-179.78307847669657,11.2
3,-57.07617732150445,-64.19920292775791,-181.69656430526044,13.179936088964816,-65.71305166446118,-59.7631508504303,-179.71185740283946,11.2
3,-57.69679462680594,-64.18156231075291,-181.55974460322338,13.963225590968076,-67.42740468208157,-59.77281586741915,-179.64094221938248,11.2
3,-59.062319880743615,-64.1492742578392,-181.14928549711198,14.114737849184264,-69.14173680100141,-59.78459717979702,-179.57041418383204,11.2
3,-60.552223674873595,-64.12650242316411,-180.60200668896354,14.029575419577604,-70.85604534085184,-59.79848201028708,-179.50035144725695,11.2
3,-62.414779370234704,-64.11360389321317,-180.19154758285222,13.551632825399091,-72.57032769809626,-59.81445528556101,-179.4308290790018,11.2
3,-65.51911321028241,-64.11434519395594,-179.78108847674096,12.989284613281496,-74.28458135586553,-59.83249972831217,-179.36191909679943,11.2
3,-66.26414950827584,-64.11719178799648,-179.78108847674096,12.244442214426916,-75.9988038930523,-59.852595948416145,-179.29369049938654,11.2
3,-70.36182655962168,-64.13774059771474,-179.64426877470393,11.490885579709165,-77.71299299265006,-59.874722533081425,-179.22620930207225,11.2
3,-73.46608133131518,-64.16072075475441,-179.50744907266673,10.683981532674034,-79.42714644928489,-59.89885613590988,-179.15953857533538,11.2
3,-75.70116133585559,-64.17459783212094,-179.78108847674096,9.939103400340967,-81.14126217607098,-59.924971564802945,-179.09373848456568,11.2
3,-77.81210513713536,-64.18014276589261,-179.91790817877802,9.31524516922171,-82.85533821062802,-59.95304186866194,-179.02886633027526,11.2
3,-79.6747089815536,-64.18058754718363,-180.05472788081505,9.135717225569627,-84.56937272042512,-59.98303842285328,-178.96497659137515,11.2
3,-80.91644464180627,-64.17940146362804,-180.05472788081505,9.056459554070482,-86.28336400735272,-60.0149310134086,-178.9021209667565,11.2
3,-81.41313588477796,-64.17774095106898,-180.32836728488928,10.296677649133354,-87.99731051160327,-60.04868791995619,-178.84034841726447,11.2
3,-81.41313588477796,-64.17774095106898,-180.32836728488928,11.607128992227027,-89.71121081484074,-60.084275997381276,-178.77970520866353,11.2
3,-81.7856550958917,-64.17694034687553,-179.91790817877802,12.9406540451438,-91.42506364270801,-60.12166075622834,-178.72023495266106,11.2
3,-82.0340020863265,-64.17729617187457,-179.91790817877802,13.906852563212992,-93.138867866648,-60.160806441862555,-178.66197864730978,11.2
3,-82.7790430576311,-64.1783636468717,-179.91790817877802,14.613086971969382,-94.85262250511799,-60.20167611242334,-178.6049747162911,11.2
3,-84.14493281182664,-64.18521323709163,-179.50744907266662,14.794819862118924,-96.56632672416026,-60.24423171560221,-178.5492590480972,11.2
3,-86.00744743909647,-64.20344897886129,-179.37062937062956,14.714587726968093,-98.27997983740529,-60.28843416428952,-178.4948650301928,11.2
3,-87.99404587373095,-64.23001643745926,-179.09698996655547,14.258171705974913,-99.99358130548829,-60.33424341113734,-178.44182358571976,11.2
3,-90.60131654987597,-64.27422558012371,-178.9601702645184,13.539726442620255,-101.70713073492672,-60.3816185220923,-178.3901632051465,11.2
3,-92.46357203065037,-64.31025061860647,-178.82335056248138,12.597340174893386,-103.42062787648314,-60.43051774895509,-178.3399099774712,11.2
3,-97.18138815614333,-64.39588108214295,-179.09698996655547,11.682813964595185,-105.13407262302515,-60.48089860102508,-178.2910876186858,11.2
3,-100.0370778070599,-64.43748148810708,-179.2338096685925,10.728149674428643,-106.84746500692466,-60.53271791589597,-178.24371749854592,11.2
3,-103.51372617865098,-64.47567258006617,-179.50744907266662,9.810444736967616,-108.5608051970129,-60.58593192946313,-178.19781866456063,11.2
3,-105.87299029953417,-64.48750369044605,-179.9179081787779,8.909443510213348,-110.27409349510167,-60.640496345209115,-178.15340786400273,11.2
3,-108.10811321344796,-64.49070611543743,-179.9179081787779,8.21278727996878,-111.98733033214204,-60.69636640283284,-178.11049956503885,11.2
3,-109.72236435560316,-64.49494635890989,-179.7810884767407,8.298945937767623,-113.70051626399855,-60.75349694628267,-178.06910597331665,11.2
3,-110.59155403954082,-64.50138079065057,-179.37062937062944,9.006697269908251,-115.41365196686853,-60.811842491259014,-178.02923704880232,11.2
3,-110.59155403954082,-64.50138079065057,-179.37062937062944,9.938683806930953,-117.12673823242437,-60.871357292244056,-177.99090051897204,11.2
3,-110.59155403954082,-64.50138079065057,-179.37062937062944,11.416113953359481,-118.83977596262642,-60.93199540911362,-177.9541018918494,11.2
3,-110.96404719371353,-64.50591744771646,-179.23380966859227,12.907092531436714,-120.55276616429722,-60.99371077338381,-177.91884446574082,11.2
3,-111.21237223404772,-64.50923838319738,-179.23380966859227,13.9226426130517,-122.26570994345256,-61.056457254138685,-177.88512933926435,11.2
3,-111.709004566224,-64.51706620434244,-178.960170264518,14.633382031281847,-123.97860849940005,-61.120188723676264,-177.85295541937256,11.2
3,-113.32287709104818,-64.5521417951654,-178.54971115840675,14.923947135536741,-125.69146311868376,-61.18485912290841,-177.8223194268591,11.2
3,-115.06063924630763,-64.60029059105973,-178.27607175433252,14.77484147625221,-127.40427516882666,-61.25042252653624,-177.79321590555665,11.2
3,-117.29458373919037,-64.67286608755425,-178.0024323502583,14.262690791459868,-129.1170460919732,-61.31683320802009,-177.76563722565484,11.2
3,-118.28736904571785,-64.70749271682652,-178.0024323502583,13.372023597328866,-130.829777398392,-61.38404570434199,-177.73957359256437,11.2
3,-123.00268856306842,-64.88322950733918,-177.7287929461842,12.36314080894595,-132.54247065989614,-61.452014880561315,-177.7150130516951,11.2
3,-126.84922541669327,-65.0311866148139,-177.86561264822137,11.316732879116936,-134.2551275032061,-61.52069599413903,-177.69194149703532,11.2
3,-129.7035938970187,-65.12732997971568,-178.27607175433266,10.317636339853507,-135.96774960328267,-61.590044759002225,-177.67034268013234,11.2
3,-132.43436299814067,-65.20299237326388,-178.54971115840675,9.468914467068066,-137.68033867662086,-61.66001740929602,-177.65019822087828,11.2
3,-135.66202582260868,-65.27699744571444,-178.82335056248098,8.840029360179333,-139.3928964745928,-61.73057076276495,-177.63148762140506,11.2
3,-137.6483848442295,-65.31779585834242,-178.82335056248098,8.315076349045,-141.1054247767777,-61.80166228367827,-177.61418828165574,11.2
3,-139.014038863464,-65.34421421989637,-178.960170264518,8.593232892857728,-142.81792538442565,-61.87325014520609,-177.59827551997435,11.2
3,-140.00726425488492,-65.36224170303716,-178.960170264518,9.152875074818748,-144.5304001139057,-61.94529329111934,-177.5837225985039,11.2
3,-140.62798445674028,-65.37573231489213,-178.54971115840675,10.106187033174264,-146.24285079038083,-62.0177514966863,-177.57050075106315,11.2
3,-140.87623619320595,-65.38261071430561,-178.27607175433252,11.290579204699325,-147.95527924153114,-62.09058542859379,-177.55857921995684,11.2
3,-141.24854512542228,-65.39515115320584,-177.86561264822126,12.487085195642305,-149.66768729145755,-62.163756703718256,-177.54792529750574,11.2
3,-141.86889436112358,-65.42049659390827,-177.45515354210997,13.384615695234823,-151.3800767547778,-62.23722794653482,-177.53850437436955,11.2
3,-142.48904610873493,-65.45028544306669,-177.0446944359987,13.949187198790675,-153.09244943092298,-62.3109628449391,-177.5302799986617,11.2
3,-143.60505256212792,-65.50923607029806,-176.90787473396153,14.072651348088522,-154.8048070986482,-62.38492620421662,-177.5232139416678,11.2
3,-144.59699526201425,-65.56282103510962,-176.90787473396153,13.969196872767274,-156.51715151080097,-62.45908399888788,-177.51726627400564,11.2
3,-147.57282336167344,-65.72357592954431,-176.90787473396153,13.547874660484332,-158.22948438934893,-62.53340342211294,-177.5123954533676,11.2
3,-149.92883698550318,-65.84802725369944,-177.0446944359987,12.961311917505503,-159.94180742071683,-62.60785293232568,-177.50855842313962,11.2
3,-153.2776564226048,-66.00888703915493,-177.45515354210997,12.265746576111438,-161.65412225139508,-62.68240229673262,-177.5057107247679,11.2
3,-155.75893349693408,-66.11323158418409,-177.7287929461842,11.452989359487107,-163.36643048390397,-62.75702263129318,-177.5038066210578,11.2
3,-158.36487897009408,-66.20723779725013,-178.13925205229546,10.672000342202516,-165.0787336730792,-62.83168643676537,-177.50279923693284,11.2
3,-160.84738925669254,-66.2760215952706,-178.6865308604438,9.930490459623856,-166.79103332274326,-62.906367630379,-177.50264071260372,11.2
3,-163.82705410357934,-66.33010383909603,-179.23380966859213,9.168511454256507,-168.5033308827048,-62.98104157267698,-177.50328237450063,11.2
3,-164.44787602720055,-66.33766493420585,-179.3706293706292,8.481664590365913,-170.2156277461861,-63.05568508903715,-177.5046749212077,11.2
3,-166.9311986527412,-66.36494431153125,-179.3706293706292,8.88771018041594,-171.9279252476451,-63.13027648537609,-177.50676862760682,11.2
3,-167.3036918069139,-66.36948096859713,-179.23380966859202,9.676161249404114,-173.64022466096378,-63.20479555750658,-177.50951356628613,11.2
3,-167.55200797300208,-66.37339487916967,-178.96017026451776,10.925533227730014,-175.35252719811402,-63.279223593616464,-177.512859847686,11.2
3,-167.8003026147284,-66.37849467590138,-178.68653086044355,12.136344995866926,-177.06483400821392,-63.35354336931732,-177.51675787756403,11.2
3,-168.6692107850512,-66.40153160542249,-178.27607175433226,13.228248112484232,-178.7771461770419,-63.427739134709086,-177.5211586349762,11.2
3,-169.165680463634,-66.41647400569514,-178.27607175433226,13.622476708405395,-180.48946472695982,-63.50179659289273,-177.52601396707,11.2
3,-170.40676073745766,-66.45679372596986,-178.00243235025806,14.07935758471635,-182.20179061733518,-63.57570286937957,-177.5312769036685,11.2
3,-170.9031533907215,-66.474107040606,-178.00243235025806,13.89931561326138,-183.91412474535343,-63.64944647183195,-177.53690199071627,11.2
3,-174.37759935087453,-66.60359730729962,-177.72879294618394,13.674284242060962,-185.6264679473405,-63.72301723960053,-177.5428456402755,11.2
3,-176.48699052866877,-66.68473507591487,-177.865612648221,13.271128741906479,-187.33882100051525,-63.796406282522945,-177.54906649897933,11.2
3,-178.84454537443887,-66.77541846436712,-177.72879294618383,12.668292287160142,-189.05118462521392,-63.869605908482995,-177.55552583195214,11.2
3,-181.32606690241957,-66.87383763484586,-177.72879294618383,12.016134632634962,-190.76355948754292,-63.94260953925027,-177.56218792333453,11.2
3,-184.55233815113309,-66.99407859677558,-178.00243235025806,11.359056293349843,-192.47594620256717,-64.01541161416824,-177.56902048907543,11.2
3,-186.91029920378847,-67.07350152744208,-178.1392520522952,10.725686293413972,-194.18834533790087,-64.08800748128095,-177.57599510384753,11.2
3,-189.14441063413767,-67.1407422647642,-178.41289145636947,10.162287573602962,-195.90075741779208,-64.1603932755562,-177.5830876382976,11.2
3,-190.5098403543043,-67.17694322282148,-178.5497111584065,9.63457299341561,-197.61318292764537,-64.23256578390718,-177.5902787042432,11.2
3,-193.2409396673157,-67.23956289951045,-178.8233505624806,9.148731090457597,-199.32562231902838,-64.30452229678029,-177.59755410768526,11.2
3,-194.35823815438775,-67.26384604700624,-178.68653086044344,9.602744523720121,-201.03807601518778,-64.37626044614136,-177.60490530606717,11.2
3,-195.10304051623044,-67.28270274671117,-178.41289145636932,10.578630286400777,-202.75054441693302,-64.4477780297645,-177.6123298647917,11.2
3,-195.72360354401332,-67.30212165884681,-178.00243235025806,11.564322090856068,-204.46302790902493,-64.51907282180667,-177.6198319198846,11.2
3,-196.09584833842231,-67.31644006138634,-177.59197324414677,12.567392874737106,-206.17552686701615,-64.59014236973054,-177.62742262760193,11.2
3,-196.8401545874347,-67.34952088681922,-177.31833384007265,13.37488717701283,-207.88804166451166,-64.66098377772195,-177.6351206154356,11.2
3,-197.8324557057736,-67.39599839595016,-177.31833384007265,13.753548344648824,-209.60057268084745,-64.73159347683259,-177.64295241983513,11.2
3,-198.32860626494318,-67.41923715051563,-177.31833384007265,13.933579338287359,-211.3131203091696,-64.80196698216758,-177.6509529137467,11.2
3,-200.80935906079074,-67.535430923343,-177.31833384007265,13.789021343873557,-213.02568496488084,-64.8720986375202,-177.6591657173736,11.2
3,-202.6700259389015,-67.62035469959909,-177.4551535421097,13.49883428103222,-214.7382670944274,-64.94198134794325,-177.66764359251104,11.2
3,-205.6478404521361,-67.73845725519956,-178.00243235025806,12.891502151330323,-216.450867184367,-65.01160630082421,-177.67644881734583,11.2
3,-208.1300009997835,-67.81909669574902,-178.27607175433226,12.3226522461403,-218.16348577065364,-65.0809626761099,-177.68565353543278,11.2
3,-210.61251836443984,-67.88788068988379,-178.5497111584065,11.618819155272561,-219.87612344811973,-65.1500373463963,-177.69534008253075,11.2
3,-213.96440745445915,-67.96072999390074,-178.96017026451776,10.952008652737211,-221.58878087995538,-65.218814567661,-177.70560128476546,11.2
3,-216.3234509429377,-67.99509548133248,-179.37062937062905,10.228995060483118,-223.3014588072402,-65.28727566147182,-177.71654072811748,11.2
3,-217.19262443566353,-68.00360549415836,-179.5074490726661,9.507997289327008,-225.01415805825374,-65.35539868954784,-177.72827299956973,11.2
3,-220.91775777656412,-68.026733956436,-179.78108847674034,8.777228727776897,-226.7268795575025,-65.42315812158219,-177.7409238941586,11.2
3,-222.78033825444865,-68.03607432448985,-179.64426877470328,8.82717104705672,-228.43962433429374,-65.49052449726085,-177.75463059341118,11.2
3,-223.40117528346516,-68.04215289352572,-179.23380966859202,9.359822661204527,-230.15239353057265,-65.55746408340934,-177.76954181085506,11.2
3,-223.7736418149383,-68.04846847333043,-178.82335056248073,10.179679430353323,-231.86518840796205,-65.62393852721502,-177.7858179067517,11.2
3,-224.1460535452272,-68.05745216739827,-178.41289145636947,11.139354121640983,-233.5780103535716,-65.68990450642585,-177.8036309718926,11.2
3,-224.51839136189696,-68.06910351467965,-178.00243235025818,12.137148707914239,-235.29086088440695,-65.75531337741755,-177.82316488324835,11.2
3,-224.89063615630596,-68.08342191721918,-177.59197324414689,13.208614255599393,-237.0037416499863,-65.82011082196004,-177.84461533223518,11.2
3,-225.01469378076933,-68.0887872739464,-177.45515354210983,14.1751104307947,-238.71665443290402,-65.88423649346355,-177.86818982732797,11.2
3,-225.88280086376767,-68.13256462709926,-176.77105503192436,14.739743583915761,-240.42960114680048,-65.9476236633968,-177.89410767532286,11.2
3,-227.12256575548403,-68.20250653159778,-176.77105503192436,15.071389799091246,-242.14258383145486,-66.01019886850351,-177.9225999422941,11.2
3,-228.48639770018448,-68.27781427816572,-176.90787473396142,14.947236153779492,-243.85560464441687,-66.07188155932839,-177.953909400938,11.2
3,-230.47028309995736,-68.38498420778886,-176.90787473396142,14.539579208326295,-245.56866584868393,-66.13258375046686,-177.98829046248667,11.2
3,-233.5710300503271,-68.53392788736211,-177.5919732441468,13.941546309050723,-247.28176979591169,-66.1922096728381,-178.0260091040091,11.2
3,-236.17674361119006,-68.63415670513875,-178.00243235025806,13.112259421074512,-248.9949189044836,-66.25065542815204,-178.06734278994273,11.2
3,-239.03152785602973,-68.7166665088474,-178.68653086044355,12.352161267707645,-250.708115631806,-66.30780864561886,-178.11258039534906,11.2
3,-239.90053779041904,-68.7355534013441,-178.8233505624806,11.406422350667917,-252.42136244013577,-66.3635481408175,-178.16202213413987,11.2
3,-245.3637644907966,-68.79556711886956,-179.91790817877722,10.483437360988134,-254.13466175516444,-66.41774357650738,-178.21597949689772,11.2
3,-247.72305282785038,-68.79049662564437,-180.3283672848885,9.563750353555267,-255.84801591652274,-66.47025512503284,-178.27477520440794,11.2
3,-249.7097634197147,-68.77436607938517,-180.6020066889626,8.641212183973092,-257.5614271194061,-66.52093313184619,-178.33874317878497,11.2
3,-251.4480981792097,-68.75610072592931,-180.6020066889626,8.567839880933208,-259.2748973462835,-66.5696177795435,-178.4082285388736,11.2
3,-252.56564264238398,-68.75103026547279,-179.9179081787771,9.02334392561349,-260.9884282877649,-66.61613875169294,-178.48358762469738,11.2
3,-252.93815802989184,-68.75289833553278,-179.50744907266585,10.009456266106927,-262.70202125151695,-66.66031489562492,-178.56518805074347,11.2
3,-252.8139903880739,-68.7516826194148,-179.3706293706288,11.181690026715586,-264.41567705807876,-66.70195388324866,-178.65340879779671,11.2
3,-252.8139903880739,-68.7516826194148,-179.3706293706288,12.609154412838636,-266.1293959223596,-66.74085186888152,-178.74864034315863,11.2
3,-252.8139903880739,-68.7516826194148,-179.3706293706288,14.021889580747244,-267.8431773194383,-66.77679314299087,-178.8512848311921,11.2
3,-253.31063999673248,-68.75832448406429,-179.09698996655456,15.069039571468686,-269.55701983331346,-66.80954978070461,-178.96175629037617,11.2
3,-254.1797629339679,-68.7709854771838,-179.23380966859162,15.627975912524814,-271.27092098695414,-66.83888128389715,-179.0804808973165,11.2
3,-255.54552754962367,-68.79088132351447,-179.09698996655456,15.604219882919944,-272.9848770521178,-66.86453421564694,-179.2078972879291,11.2
3,-257.40786374687013,-68.8224592825606,-178.96017026451753,15.224130922613831,-274.6988828370235,-66.8862418258614,-179.34445691795517,11.2
3,-259.8909272254228,-68.86752799041257,-178.96017026451753,14.675262597861261,-276.4129314499752,-66.90372366689817,-179.49062447506756,11.2
3,-262.37399070397544,-68.91259669826454,-178.96017026451753,13.86458438238115,-278.127014036941,-66.91668519807345,-179.64687833779993,11.2
3,-266.22281884495135,-68.97785781362647,-179.0969899665547,12.964078172589435,-279.84111949060053,-66.92481737803286,-179.8137110850917,11.2
3,-269.2027164969031,-69.01770900152347,-179.37062937062893,12.039563263383043,-281.55523412855183,-66.92779624409178,-179.9916300489095,11.2
3,-273.0519850971982,-69.04620434208945,-179.7810884767402,11.080213354898463,-283.26934133808885,-66.92528247782408,-180.18115791254115,11.2
3,-275.6596255228382,-69.04682703471337,-180.19154758285148,10.182235295439039,-284.98342118442025,-66.9169209563775,-180.382833346338,11.2
3,-278.3913447980567,-69.02464759684433,-180.73882639099995,9.329487317794388,-286.69744997945645,-66.90234028927274,-180.59721167606187,11.2
3,-280.50190823298885,-68.98482743393237,-181.4229249011854,8.616182013630542,-288.4113998076737,-66.88115234075549,-180.82486557821917,11.2
3,-282.98428258767035,-68.91130126745382,-181.97020370933373,8.602150022387985,-290.1252380055094,-66.85295173816374,-181.06638579239754,11.2
3,-283.7287502322513,-68.88213117615341,-182.5174825174822,9.393218953611742,-291.83892659037036,-66.81731536723234,-181.32238184198954,11.2
3,-284.3489161360179,-68.8526385091853,-182.92794162359345,10.53051457516806,-293.552421635136,-66.77380185580648,-181.5934827474699,11.2
3,-284.47293511345,-68.84644379555098,-182.79112192155642,11.844680908875567,-295.2656725836877,-66.72195104808371,-181.8803377179517,11.2
3,-285.0931021960144,-68.81695107252385,-182.65430221951937,12.831900610904839,-296.9786215028593,-66.66128347225289,-182.18361680833243,11.2
3,-285.7132692785788,-68.78745834949672,-182.79112192155642,13.735184138615105,-298.6912022657881,-66.5912998052846,-182.5040115110666,11.2
3,-286.8295700271947,-68.7343714480479,-182.65430221951925,14.171841397579467,-300.4033396616053,-66.51148033964131,-182.84223526655947,11.2
3,-288.5663212747221,-68.65801230314686,-182.38066281544502,14.298016830933811,-302.11494842606095,-66.42128445785859,-183.19902385633264,11.2
3,-290.42740862133815,-68.58286466620707,-182.24384311340796,14.081146730019212,-303.8259321876964,-66.32015012229489,-183.57513565084028,11.2
3,-291.17187909605786,-68.5536944640148,-182.24384311340796,13.637229599808244,-305.53618232406154,-66.20749338889775,-183.9713516667619,11.2
3,-295.266271258613,-68.38836966274725,-182.38066281544502,12.948619449211709,-307.24557672263654,-66.08270795559092,-184.38847539423182,11.2
3,-298.73938926375536,-68.22735771016798,-182.92794162359345,12.245027442117227,-308.9539784412404,-65.9451647578763,-184.82733233636216,11.2
3,-301.34313184775067,-68.08483215643294,-183.33840072970474,11.463842316811634,-310.66123426316244,-65.7942116264863,-185.28876920726506,11.2
3,-304.19321798033735,-67.90150188307425,-184.02249923989024,10.708037581954429,-312.3671731431544,-65.62917302438572,-185.77365271740007,11.2
3,-307.7823913071878,-67.61031603806752,-185.253876558224,9.98474499628926,-314.07160454082856,-65.44934988322298,-186.2828678743516,11.2
3,-310.1298631157498,-67.37465213808917,-186.21161447248375,9.618285915300357,-315.7743166399364,-65.25401956229297,-186.81731571140708,11.2
3,-312.3500574978686,-67.1169000493535,-187.03253268470624,9.277453712048047,-317.4750744532553,-65.04243595636672,-187.3779103561788,11.2
3,-313.0892734973048,-67.02391704279987,-187.30617208878036,9.003026542091071,-319.1736178155451,-64.81382978216466,-187.96557533346459,11.2
3,-316.6533896133785,-66.51060578955729,-189.0848282152626,8.804401248616848,-320.8696592694732,-64.56740907690684,-188.5812389976401,11.2
3,-317.87760176030116,-66.30284009585336,-190.17938583155936,9.193834766315513,-322.5628818532685,-64.30235994603358,-189.22582897525132,11.2
3,-318.73219763122034,-66.14411939270208,-190.86348434174485,9.961077046401568,-324.25293680331237,-64.01784760080733,-189.90026550447791,11.2
3,-319.3415148316172,-66.02492159532271,-191.2739434478561,11.126601930887473,-325.939441190012,-63.713017729945555,-190.6054535454112,11.2
3,-319.82839120964945,-65.92665491398617,-191.54758285193034,11.969530121647892,-327.62197551165417,-63.386998252406876,-191.34227354685652,11.2
3,-320.8011942386229,-65.72547325625537,-191.82122225600457,12.733513968646253,-329.30008127833463,-63.03890150072715,-192.11157076290937,11.2
3,-321.7735150059145,-65.52196897176714,-191.82122225600457,13.029243532286443,-330.9732586262461,-62.66782688557233,-192.9141430264624,11.2
3,-323.5961591256559,-65.13822206058224,-191.95804195804163,13.0958639414601,-332.64096401222656,-62.27286409193531,-193.7507269173854,11.2
3,-325.2968651896753,-64.77802733128593,-191.95804195804163,12.935586027739667,-334.3026080483496,-61.85309685537882,-194.6219822935545,11.2
3,-327.360423947272,-64.33325458900202,-192.3685010641529,12.633835015823024,-335.957553547668,-61.4076073621207,-195.52847521204185,11.2
3,-330.1464118774492,-63.70486601081207,-193.0525995743384,12.108836776165079,-337.6051138629093,-60.93548130937479,-196.47065932638225,11.2
3,-332.3200977698355,-63.1844922269988,-193.8735177865609,11.546126121667482,-339.244551611226,-60.435813651270806,-197.44885592540038,11.2
3,-334.60431464598446,-62.59421264204713,-195.10489510489472,10.852353184610568,-340.8750778878216,-59.90771504073153,-198.46323288045792,11.2
3,-336.7550581043431,-61.98605979935491,-196.4730921252657,10.156333235874966,-342.49585207957733,-59.350318958210394,-199.5137828741325,11.2
3,-338.65337743218436,-61.399985713816285,-197.8412891456367,9.847227077270938,-344.10598239507215,-58.76278949418447,-200.60030140183304,11.2
3,-340.76741469772406,-60.67471098653725,-200.03040437823017,9.868213769657904,-345.7045272283464,-58.144329723845885,-201.72236517242405,11.2
3,-342.15986081106615,-60.144342581107026,-201.67224080267525,9.969194574942103,-347.2904974700503,-57.4941905797437,-202.87931165607958,11.2
3,-343.9935893876597,-59.37990909675549,-203.58771663119455,10.064346007527481,-348.8628598682377,-56.811680092714724,-204.07022063641583,11.2
3,-345.12553618791424,-58.86948571467934,-204.95591365156554,10.138122555195023,-350.42054152314125,-56.09617283408348,-205.29389872653954,11.2
3,-346.3576267724181,-58.27991748549368,-206.18729096989946,10.412706619025808,-351.96243557268974,-55.34711935569108,-206.54886784683174,11.2
3,-347.79666822248083,-57.54859276597576,-207.6923076923075,10.846626508380774,-353.48740809016533,-54.564055390724455,-207.83335867439376,11.2
3,-348.67180751052945,-57.07856842238071,-208.78686530860426,11.144309818426569,-354.9943061713921,-53.746610551010676,-209.14531000183752,11.2
3,-349.43108580740085,-56.65545752426884,-209.47096381878976,11.367060019154229,-356.48196713777537,-52.89451623869104,-210.4823748093542,11.2
3,-351.04270714781904,-55.721734841006125,-210.70234113712357,11.55447208387783,-357.94922872657463,-52.007612484522916,-211.84193363101397,11.2
3,-352.31843368349985,-54.951778623636386,-211.5232593493461,11.810900172786827,-359.39494008282617,-51.085853434835236,-213.22111550941102,11.2
3,-353.3722372259424,-54.29498293740361,-212.34417756156859,12.006492003024318,-360.817973313687,-50.129311235284014,-214.6168264802671,11.2
3,-354.31281772703534,-53.691460230536336,-213.02827607175408,11.9528504088494,-362.2172353192512,-49.13817810281401,-216.02578512924785,11.2
3,-355.8633992220829,-52.65954045587033,-214.2596533900879,11.927298436399285,-363.5916808072467,-48.11276549587526,-217.44456565075706,11.2
3,-356.8829486890498,-51.9507521598604,-215.35421100638465,11.811821338491985,-364.94032038524244,-47.05350460517754,-218.86964122076208,11.2
3,-358.08993727560915,-51.07699030426327,-216.4487686226814,11.750570698438285,-366.26223420339625,-45.960940287914845,-220.29743717421954,11.2
3,-358.78477554792806,-50.55476667110779,-217.40650653694112,11.97813042407925,-367.5565806814797,-44.835725773188564,-221.72438195756985,11.2
3,-360.5305148710978,-49.15927041752201,-219.86926117360886,12.162983042128195,-368.8226047976166,-43.67861496441637,-223.14695873699424,11.2
3,-361.66032619035883,-48.18781624623559,-221.51109759805394,12.309582422144107,-370.05964481112306,-42.49045319409478,-224.56175490409734,11.2
3,-362.764244563079,-47.187012832731845,-222.87929461842492,12.327152860356714,-371.2664080572073,-41.27292065439688,-225.96465344318733,11.2
3,-364.1939557550158,-45.80761716130077,-225.0684098510183,12.442906199615033,-372.4431493703555,-40.02634764083303,-227.35339674790467,11.2
3,-365.4039430467294,-44.55947241010145,-226.71024627546348,12.501358608878451,-373.58951676489477,-38.75178576662653,-228.72514736034788,11.2
3,-366.6631565223082,-43.187074189436046,-228.21526299787152,12.458494115152467,-374.7052603673025,-37.45033099345315,-230.0773189445523,11.2
3,-368.2867186905657,-41.30795021986591,-230.13073882639094,12.246094624669125,-375.7902301953631,-36.123111629100116,-231.40759520580121,11.2
3,-368.68300845336023,-40.83000671953986,-230.5411979325023,12.026554062347962,-376.8443724828603,-34.771276751893446,-232.71394137460544,11.2
3,-370.6866916515801,-38.29874427097359,-232.73031316509574,11.735286659554216,-377.8677247652506,-33.395985306669715,-233.9946086130177,11.2
3,-372.16208153227046,-36.30113617625928,-234.37214958954095,11.455879840810342,-378.8604099631683,-31.998396064878087,-235.24813200745095,11.2
3,-373.30392068276996,-34.675291785605936,-235.4667072058377,11.22179500902686,-379.8226297078378,-30.57965858722073,-236.47332298019094,11.2
3,-374.414493835726,-33.02793211019632,-236.56126482213446,10.884082498601757,-380.75465714724174,-29.140905274619993,-237.66925707534955,11.2
3,-375.42783461280305,-31.465128662178,-237.51900273639404,10.615731847003959,-381.656829456564,-27.683244545191442,-238.83525810729589,11.2
3,-376.67334159783366,-29.461434804340684,-238.75038005472797,10.422347715995619,-382.52954025367967,-26.207755133214278,-239.97087965467756,11.2
3,-377.4371963040124,-28.18204559133506,-239.57129826695052,10.281880974134411,-383.37323209296494,-24.715481471973433,-241.0758848046043,11.2
3,-377.68773139368056,-27.753166684192685,-239.8449376710247,10.218851189323573,-384.188389180876,-23.20743009610793,-242.15022496872967,11.2
3,-378.9624562148309,-25.47844722281127,-241.6235937975071,10.17437576656576,-384.9755304266725,-21.68456698049671,-243.1940184615473,11.2
3,-379.4261991732279,-24.59996323001731,-242.71815141380375,10.649782564921846,-385.73520291291965,-20.147815721024628,-244.20752941575273,11.2
3,-379.87307629682914,-23.71278089618742,-243.81270903010042,11.375242591204813,-386.4679758441511,-18.598056456830196,-245.19114749382223,11.2
3,-380.30292450330586,-22.81722398764014,-244.9072666463971,11.961008143603873,-387.1744350089871,-17.036125432759665,-246.1453687103779,11.2
3,-380.66683724051575,-22.02786102683101,-245.59136515658253,12.542407669396482,-387.85517777147,-15.462815103622168,-247.07077761749758,11.2
3,-381.0708525896639,-21.120349933485862,-246.41228336880522,13.025529017146644,-388.5108085913904,-13.878874687447837,-247.96803097577146,11.2
3,-381.5119232949012,-20.093515979176686,-247.09638187899066,13.120412373781646,-389.1419350608521,-12.285011082375442,-248.8378429984755,11.2
3,-381.8473354837043,-19.291623983844705,-247.5068409851018,13.145352184634202,-389.7491644348555,-10.681890070277014,-249.6809721520862,11.2
3,-382.82476849897535,-16.874128496774283,-248.46457889936153,12.903621361295274,-390.33310062704413,-9.070137739174013,-250.49820950606428,11.2
3,-383.4981270989052,-15.137510545390365,-249.14867740954702,12.632058434656372,-390.89434163733847,-7.450342065425606,-251.29036853976243,11.2
3,-384.4460591583274,-12.575472934967316,-250.24323502584366,12.249469021566696,-391.43347737578824,-5.823054605253383,-252.0582763286093,11.2
3,-385.10422748119134,-10.700897354643812,-251.06415323806604,11.803657999724466,-391.951087846016,-4.188792253194532,-252.80276599343,11.2
3,-385.77253112083605,-8.698552957757105,-252.02189115232565,11.269087993257333,-392.44774165190586,-2.5480390323673925,-253.52467031339611,11.2
3,-386.4072724065023,-6.68531766629794,-252.97962906658523,10.795329343231966,-392.923994792313,-0.9012478879905836,-254.22481637204018,11.2
3,-387.11148761864666,-4.303820491913998,-254.07418668288213,10.375228035416024,-393.3803897103226,0.751157538677983,-254.90402113666406,11.2
3,-387.60757895436143,-2.508518975662778,-255.0319245971417,10.052239769081286,-393.8174545657354,2.4087811738247455,-255.56308785455732,11.2
3,-388.01145753059154,-0.9456218617208032,-255.98966251140143,9.803830718148337,-394.2357027018648,4.071252825590815,-256.2028031642847,11.2
3,-388.30631956217303,0.26059267799263597,-256.5369413195499,9.607144954299082,-394.6356322802294,5.738226559620698,-256.8239348412945,11.2
3,-388.5896467771591,1.4695686176757718,-257.08422012769836,9.970321654253992,-395.01772605923173,7.409379142694957,-257.4272300667666,11.2
3,-388.6724785006271,1.832763657220701,-257.2210398297354,10.840024524383702,-395.38245129538495,9.08440855901084,-258.0134141664882,11.2
3,-388.6724785006271,1.832763657220701,-257.2210398297354,11.761704305191643,-395.7302597479848,10.763032601719368,-258.58318973705144,11.2
3,-388.75444269560285,2.196155459418691,-257.35785953177236,12.752782919888222,-396.06158777032135,12.444987540693056,-259.1372361028066,11.2
3,-388.80821734222917,2.438610660263852,-257.6314989358465,13.78277308632844,-396.3768564725668,14.130026866281566,-259.67620904868755,11.2
3,-388.96432599454045,3.16711121395457,-258.1787777439948,14.268102395176403,-396.67647194334313,15.817920107806794,-260.2007407793958,11.2
3,-389.1413762620448,4.018103683693501,-258.315597446032,14.58951769769619,-396.9608255186551,17.508451724834924,-260.7114400683537,11.2
3,-389.45885187751986,5.6008242038114755,-258.99969595621747,14.512298303133434,-397.2302940884122,19.20142006871632,-261.20889255907207,11.2
3,-389.7611965325987,7.186510973951946,-259.4101550623286,14.211816195410485,-397.4852404321028,20.896636411494146,-261.6936611873887,11.2
3,-390.1367445933439,9.26377535585361,-260.09425357251394,13.843837079308075,-397.72601357640417,22.593924039054766,-262.1662866989603,11.2
3,-390.60451871092687,12.081166933931822,-261.05199148677355,13.205720560175232,-397.95294916857966,24.29311740521643,-262.6272882431561,11.2
3,-390.9363370661662,14.291505327202398,-261.87290969899607,12.629382954858317,-398.1663698604396,25.994061343409204,-263.07716402151306,11.2
3,-391.1738749471398,16.0136244104053,-262.42018850714436,11.887094610389227,-398.36658569847015,27.696610332584925,-263.5163919758969,11.2
3,-391.6211224031475,19.711798284262805,-263.78838552751535,11.15882365356603,-398.55389451644857,29.400627814042206,-263.9454305033168,11.2
3,-391.85234923496995,21.934922406918673,-264.3356643356635,10.595640363747984,-398.72858232747865,31.10598555594093,-264.3647191864702,11.2
3,-392.03899966295535,23.91290579397048,-264.882943143812,10.088338658817648,-398.89101336196074,32.81354252423184,-264.77491214844923,11.2
3,-392.19848033390315,25.76866601716502,-265.29340224992325,9.66097552052017,-399.0413458383162,34.52218413727605,-265.176165585593,11.2
3,-392.3121829666068,27.129834831601563,-265.1565825478861,9.390563368596847,-399.17983354043025,36.23180382319327,-265.5688681245765,11.2
3,-392.36262850081715,27.93696337896654,-265.15658254788616,10.053807237115949,-399.30671990029623,37.94230123878541,-265.95339243936576,11.2
3,-392.36262850081715,27.93696337896654,-265.15658254788616,10.78276002438502,-399.422238359992,39.653581824711296,-266.33009596649697,11.2
3,-392.36262850081715,27.93696337896654,-265.15658254788616,12.106443187259272,-399.5266127235988,41.3655563921128,-266.6993215993788,11.2
3,-392.37326056575614,28.06068096233865,-265.01976284584913,13.571355700963673,-399.6200574984606,43.07814073835666,-267.0613983640447,11.2
3,-392.3984833328613,28.464245236021092,-265.0197628458491,15.092763301810523,-399.7027782253649,44.79125528978655,-267.41664207248493,11.2
3,-392.4613893365975,29.206625844620373,-265.29340224992325,15.934313642196777,-399.7749717973764,46.50482476947377,-267.76535595401043,11.2
3,-392.57184123930654,30.56806229457529,-265.4302219519603,16.308308430242377,-399.8368267671782,48.21877788807287,-268.10783126772907,11.2
3,-392.706208857717,32.30129077285515,-265.70386135603434,16.162844216179295,-399.88852364287226,49.933047056099625,-268.4443478858416,11.2
3,-392.8804193118631,34.77863597520442,-266.2511401641827,15.683595277496458,-399.9302351722872,51.64756811597711,-268.77517485658296,11.2
3,-393.11180989885463,38.74541489348579,-267.0720583764052,14.84422043727302,-399.9621266159012,53.36228009237182,-269.1005709444567,11.2
3,-393.16756232156354,39.861585690374476,-267.20887807844224,13.75177324665468,-399.98435600854305,55.07712495942765,-269.4207851482065,11.2
3,-393.375166151851,45.69388445661748,-268.7138948008503,12.540827552791544,-399.9970744100907,56.792047423617575,-269.73605719371966,11.2
3,-393.43600963606497,50.412018074140924,-269.8084524171472,11.220155053884824,-400.0004261454028,58.50699472101797,-270.0466180085552,11.2
3,-393.417951797106,54.012965930164334,-270.7661903314068,9.880085355954384,-399.99454903376096,60.2219164278982,-270.3526901711493,11.2
3,-393.35485584597643,57.48924158486556,-271.3134691395552,8.596105191455006,-399.9795746081157,61.93676428362025,-270.6544883447595,11.2
3,-393.2353176662699,61.460965041233365,-272.1343873517778,7.743128811397985,-399.95562832443625,63.65149202487731,-270.95221968694756,11.2
3,-393.1592172539001,63.570543957910544,-271.99756764974063,7.53083199858432,-399.92282976148357,65.36605523043926,-271.2460842419975,11.2
3,-393.11083358957046,65.05984028649898,-271.7239282456663,7.710350255930308,-399.88129281132547,67.08041117554835,-271.5362753168396,11.2
3,-393.09707679074353,65.55634375943032,-271.45028884159217,8.109787449996764,-399.8311258609125,68.79451869526292,-271.8229798362805,11.2
3,-393.0771813225861,66.92208241511644,-270.2189115232583,8.965900600962287,-399.7724319650452,70.50833805598015,-272.1063786835373,11.2
3,-393.0776557542048,67.41877479101127,-269.67163271511004,9.934537252000815,-399.70530901103473,72.22183083465237,-272.38664702580684,11.2
3,-393.08195527236086,68.03962786956649,-269.53481301307284,10.944520036857986,-399.62984987538715,73.93495980489486,-272.6639546225827,11.2
3,-393.0877373456168,68.6604689109263,-269.3979933110357,11.5731426138502,-399.5461426449823,75.64768742187702,-272.9384658965508,11.2
3,-393.09583224817516,69.52964636883021,-269.53481301307284,12.199987159709558,-399.45427055033093,77.35998003752141,-273.21034090668815,11.2
3,-393.10357138085607,70.6471819102294,-269.67163271510987,12.565616148296161,-399.3543122990842,79.0718033901325,-273.4797349054191,11.2
3,-393.10650692956546,72.0130856843131,-270.08209182122124,12.830180505662979,-399.2463421410989,80.78312401897495,-273.74679884016996,11.2
3,-393.10090271938554,73.13063184683668,-270.49255092733256,12.627824172636792,-399.13042998963795,82.49390917790798,-274.0116795942839,11.2
3,-393.0334514550813,76.2341502672321,-271.9975676497404,12.397970870469297,-399.0066415363032,84.20412675325318,-274.27452022645315,11.2
3,-392.94224143094556,78.34310583101315,-272.955305564,11.910075572096243,-398.87503835995653,85.91374518554778,-274.53546018835436,11.2
3,-392.7373102975756,81.56503255311462,-274.32350258437083,11.368226522442784,-398.7356780298756,87.62273339484469,-274.79463554262816,11.2
3,-392.54540776513744,83.91649981091454,-275.0076010945562,10.71888207848273,-398.58861420337655,89.33106070926532,-275.0521791654438,11.2
3,-392.3109150376347,86.38885558604537,-275.82851930677873,10.069490199234119,-398.43389671813094,91.03869679650498,-275.30822094132253,11.2
3,-391.97723557940844,89.47519223149898,-276.5126178169641,9.29296457841128,-398.2715716793927,92.74561159803132,-275.5628879517485,11.2
3,-391.7637658826162,91.32552300398883,-276.6494375190011,8.576612012705827,-398.10168154234253,94.45177526572704,-275.81630465341084,11.2
3,-391.6926093170188,91.94229992815207,-276.5126178169639,8.643037468297397,-397.92426518974617,96.15715810072938,-276.0685930524644,11.2
3,-391.47072081383476,94.04153272388017,-275.55487990270416,8.920538717018728,-397.73935800511805,97.861730494258,-276.31987286730845,11.2
3,-391.41431180808013,94.65982930228431,-274.87078139251867,9.439847638560005,-397.5469919415742,99.5654628702137,-276.5702616893102,11.2
3,-391.3840112930326,95.03111501760841,-274.4603222864074,9.994274542776719,-397.347195586538,101.26832562936852,-276.81987513372195,11.2
3,-391.3745022917599,95.15492398390366,-274.3235025843704,11.162935330923663,-397.1399942224818,102.97028909492913,-277.0688269892045,11.2
3,-391.3649932904871,95.27873295019904,-274.4603222864076,12.29598924853483,-396.9254098838445,104.67132345933672,-277.3172293571598,11.2
3,-391.34508847557515,95.52628099680813,-274.73396169048164,13.083100862054165,-396.7034614102909,106.37139873210641,-277.5651927886039,11.2
3,-391.2800555932976,96.26847618156533,-275.2812404986299,13.8027366607397,-396.4741644964537,108.07048468857312,-277.81282641543737,11.2
3,-391.1494602827489,97.62812562254818,-275.69169960474136,14.377172856877111,-396.23753173829897,109.76855081936627,-278.06023807945627,11.2
3,-391.0174629453926,98.86281553602811,-276.5126178169637,14.593032705255611,-395.99357267624333,111.46556628050305,-278.3075344518004,11.2
3,-390.8209748475881,100.4650507623688,-277.47035573122344,14.551544226972995,-395.7422938351634,113.16149984391706,-278.5548211548167,11.2
3,-390.5485643452954,102.43304762867916,-278.29127394344584,14.145952684275604,-395.4836987614114,114.85631984834713,-278.80220287634234,11.2
3,-390.0601242883258,105.62437209859648,-279.1121921556684,13.459851020316238,-395.2177880569601,116.54999415040179,-279.04978347935196,11.2
3,-389.6146153841487,108.31960936873864,-279.6594709638169,12.67000971053023,-394.9445594107938,118.24249007572551,-279.29766611357644,11.2
3,-389.14980844165996,111.01159361602804,-279.93311036789095,11.630637208178584,-394.6640076276569,119.93377437008527,-279.54595331689063,11.2
3,-388.6287266998956,113.94584853877802,-280.2067497719652,10.589548851773632,-394.37612465426264,121.62381315037666,-279.7947471198918,11.2
3,-388.09904859068735,116.72665861212145,-280.2067497719653,9.639158419206856,-394.0808996030809,123.31257185528386,-280.04414914458744,11.2
3,-387.6837519924403,119.0491178826448,-280.0699300699281,8.774038520108913,-393.77831877379293,125.00001519560719,-280.29426069973835,11.2
3,-387.3879665996455,120.76219388301318,-279.52265126177963,7.999171484065846,-393.46836567252956,126.6861071040935,-280.5451828775061,11.2
3,-387.14847303417525,122.2328993954513,-278.97537245363134,8.16287742432405,-393.15102102897765,128.37081068468257,-280.79701664289496,11.2
3,-387.11031432912523,122.47829733811913,-278.70173304955716,9.311907625138621,-392.82626281146514,130.05408816106262,-281.0498629246124,11.2
3,-387.11031432912523,122.47829733811913,-278.70173304955716,10.556212780018013,-392.49406624011675,131.73590082442254,-281.3038227004408,11.2
3,-387.0913814764368,122.60101908977472,-278.8385527515943,11.732156529970988,-392.15440379817926,133.41620898032406,-281.55899708514477,11.2
3,-387.0721556240752,122.7236952807871,-278.9753724536315,12.887168508298048,-391.80724524161167,135.09497189457727,-281.8154874117105,11.2
3,-386.97309820665185,123.33660897263374,-279.3858315597429,13.776975504765964,-391.45255760704396,136.7721477380195,-282.0733953128507,11.2
3,-386.83032104039944,124.19401766256676,-279.5226512617801,14.603442108039028,-391.0903052181987,138.44769353011546,-282.33282280090225,11.2
3,-386.6834508916969,125.0507330575465,-279.9331103678912,14.88501172600892,-390.7204496908745,140.12156508127106,-282.5938723445092,11.2
3,-386.3993011277388,126.63978111695056,-280.34356947400227,14.94436098190188,-390.342949936605,141.79371693376754,-282.8566469447072,11.2
3,-385.9673783697698,128.9592012812172,-280.7540285801134,14.763623242691521,-389.9577621650832,143.46410230122245,-283.1212502078141,11.2
3,-385.51885082927674,131.2754677194055,-281.16448768622456,14.35369905010429,-389.56483988547683,145.13267300648275,-283.38778641940763,11.2
3,-384.97710678583195,133.95302173705977,-281.711766494373,13.75661866102429,-389.16413390673307,146.7993794178519,-283.65636061087525,11.2
3,-384.40981233838295,136.62527904801578,-282.2590453025215,13.061357134734276,-388.75559233699755,148.464170383567,-283.92707863021815,11.2
3,-383.51584924638377,140.62428116878004,-282.9431438127069,12.269125151716485,-388.3391605822673,150.12699316443187,-284.200047206172,11.2
3,-382.802481512565,143.64552633365136,-283.6272423228923,11.43102586460729,-387.9147813444088,151.78779336449432,-284.475374014255,11.2
3,-382.0865200442736,146.53840148906212,-284.17452113104076,10.572240074348642,-387.4823946186658,153.4465148597151,-284.75316773483945,11.2
3,-381.03314252525905,150.626766280212,-284.7217999391892,9.739298368215424,-387.0419376908053,155.10309972452012,-285.0335381172098,11.2
3,-380.33260958945993,153.26723561108875,-284.99543934326334,8.934798385486308,-386.5933451340647,156.75748815608992,-285.316596031718,11.2
3,-379.68430455434043,155.66459338270053,-285.2690787473374,8.128566905875527,-386.13654880600757,158.40961839647213,-285.6024535270967,11.2
3,-378.8926079630271,158.5376744189029,-285.5427181514116,7.703274474589865,-385.67147784552657,160.0594266522062,-285.89122388202884,11.2
3,-378.7917168946065,158.92862730903275,-285.5427181514115,8.184105887928144,-385.19805867011183,161.70684701154582,-286.18302165069196,11.2
3,-378.27307680980624,160.8464989444675,-284.7217999391888,8.991170786173843,-384.71621497359837,163.3518113591498,-286.4779627109569,11.2
3,-378.14915004286337,161.32748303754389,-284.1745211310406,10.18613456385854,-384.2258677245992,164.99424928812948,-286.77616430586824,11.2
3,-377.939320323561,162.17098976393834,-283.7640620249292,11.511826519743607,-383.72693516579943,166.63408800949875,-287.07774507682507,11.2
3,-377.7006658203547,163.13528423176768,-284.0377014290033,12.924755680164582,-383.2193328144014,168.27125225878913,-287.3828251046783,11.2
3,-377.4574086742148,164.09842791442296,-284.3113408330774,13.834982979678257,-382.70297346389725,169.90566419994013,-287.69152593223,11.2
3,-376.92340232988124,166.14070627019584,-284.9954393432628,14.194875190893054,-382.17776718747444,171.5372433263048,-288.00397059144126,11.2
3,-376.33477884233497,168.2969226559971,-285.54271815141095,13.98492691052322,-381.64362134329946,173.16590635878723,-288.3202836208365,11.2
3,-376.06630914817816,169.25334506053719,-285.816357555485,13.430004956882534,-381.1004405819906,174.79156714105156,-288.6405910791036,11.2
3,-374.58508154056256,174.25373949890744,-287.184554575856,12.420961305988126,-380.54812685658595,176.4141365317742,-288.9650205507523,11.2
3,-373.1046780126324,178.8645893575361,-288.41593189418984,11.27755900767031,-379.9865794353293,178.03352229398004,-289.2937011453167,11.2
3,-371.9025571322556,182.39047190019514,-289.23685010641236,10.077450941111817,-379.4156949176437,179.64962898140203,-289.6267634898616,11.2
3,-370.6126190382417,186.01726494573666,-289.92094861659774,8.690789001766836,-378.8353672536572,181.26235782192134,-289.9643397098971,11.2
3,-369.32664631349013,189.51345549439893,-290.46822742474626,7.292777477239599,-378.2454877676846,182.87160659813287,-290.3065634081966,11.2
3,-367.78260466544987,193.57597866284303,-291.15232593493187,6.076362479483982,-377.64594518607385,184.4772695250902,-290.65356962467797,11.2
3,-367.0138252658178,195.54195825913445,-291.5627850410431,5.275435128321519,-377.03662566990965,186.07923712524186,-291.00549479204847,11.2
3,-365.96101864661415,198.1968202515338,-291.69960474308016,4.742485427364763,-376.41741285296723,187.6773961008509,-291.3624766811755,11.2
3,-365.46053684666305,199.46773319324953,-291.28914563696884,5.236918827285659,-375.7881878855047,189.27162920380195,-291.7246543264057,11.2
3,-365.32652837685885,199.81531474287007,-290.87868653085764,6.3781110238773495,-375.1488294843641,190.8618151031248,-292.09216794433587,11.2
3,-365.32652837685885,199.81531474287007,-290.87868653085764,7.932585893057894,-374.4992139899626,192.44782825035773,-292.46515883740307,11.2
3,-365.32652837685885,199.81531474287007,-290.87868653085764,9.459784915607699,-373.839215430733,194.02953874304364,-292.84376927875377,11.2
3,-365.28241264963873,199.93138749528055,-290.7418668288206,10.86005576330094,-373.1687055956519,195.60681218657768,-293.2281423831493,11.2
3,-365.1950133510107,200.1638473835108,-290.4682274247464,11.946118663049683,-372.4875541154693,197.17950955477377,-293.61842195753917,11.2
3,-365.0643307309557,200.51269374507746,-290.6050471267834,12.467665212890246,-371.7956285533088,198.74748704951895,-294.0147523366899,11.2
3,-364.39844286405366,202.25218995429464,-291.28914563696884,12.636475998971745,-371.09279450533035,200.3105959599264,-294.41727819232875,11.2
3,-363.85080862884803,203.63798525542956,-291.8364244451172,12.43871460335378,-370.3789157121612,201.86868252149202,-294.82614432750375,11.2
3,-363.0539441135022,205.59274114873938,-292.52052295530257,12.096335741003198,-369.653854181829,203.42158777578797,-295.24149544136714,11.2
3,-362.1373097896857,207.76667913379384,-293.20462146548795,11.480371283173955,-368.9174703249443,204.96914743132874,-295.6634758721862,11.2
3,-360.78328714775904,210.8337144453176,-294.4359987838218,10.829332083962639,-368.16962310290194,206.51119172627727,-296.09222931700396,11.2
3,-359.7397707263616,213.08729013660206,-295.2569169960443,10.090256450282805,-367.41017018987367,208.04754529377396,-296.52789851901673,11.2
3,-358.6130931409534,215.43895654499178,-295.9410155062298,9.409548004912791,-366.6389681493612,209.57802703074768,-296.97062492967416,11.2
3,-357.89829434996824,216.88631886992286,-296.6251140164153,8.73283685073122,-365.8558726261249,211.10244997108535,-297.4205483402447,11.2
3,-356.19713169958595,220.20035014833968,-297.71967163271205,8.059758110704216,-365.06073855421266,212.6206211642682,-297.87780648081326,11.2
3,-355.3209260439775,221.84397947463202,-298.40377014289754,7.37170073304263,-364.2534203818803,214.13234156054082,-298.34253458902026,11.2
3,-354.42905756084207,223.4791708087537,-298.81422924900875,7.596481593686655,-363.4337723141256,215.63740590383324,-298.81486494334933,11.2
3,-354.0699688360175,224.13196670038388,-298.81422924900875,8.14300658448899,-362.60164785757195,217.13560391015858,-299.29492677577764,11.2
3,-353.89081435574286,224.4585787077572,-298.6774095469718,9.160752776134641,-361.7569022123345,218.626716363371,-299.7828445198075,11.2
3,-353.89081435574286,224.4585787077572,-298.6774095469718,10.413150178551485,-360.899390495203,220.11051884122693,-300.278738433822,11.2
3,-353.5922235552852,225.00293205337925,-298.81422924900875,11.717443367250377,-360.02896873928114,221.58678039223742,-300.7827236033559,11.2
3,-353.5322455875263,225.1116598079953,-298.95104895104595,12.563265826494279,-359.14549423390685,223.0552634892498,-301.29490929717207,11.2
3,-352.9285756426002,226.19678124060542,-299.2246883551201,13.09039027717233,-358.2488258853994,224.5157240002081,-301.815398290094,11.2
3,-352.1320461824287,227.60082391456612,-299.9087868653056,13.248277757970854,-357.33882459880414,225.96791117805162,-302.3442861462843,11.2
3,-351.3221390247114,228.99719965888838,-300.31924597141676,13.0866942090085,-356.4153536806861,227.41156767175653,-302.88166047525897,11.2
3,-350.3110029591866,230.70742201832448,-300.8665247795652,12.6808752880485,-355.47827926288716,228.84642956054103,-303.4276001510924,11.2
3,-348.70248291282144,233.36250754055413,-301.5506232897506,12.034318994700113,-354.5274707469091,230.27222641343533,-303.9821745032665,11.2
3,-347.32479407868766,235.57648828891504,-302.2347217999361,11.233132145340587,-353.5628012684383,231.68868137636247,-304.5454424805215,11.2
3,-345.98513372868734,237.66762196821713,-303.0556400121586,10.366396435833265,-352.58414818126175,233.09551128895595,-305.11745179281576,11.2
3,-345.02995684134225,239.1201217084962,-303.6029188203069,9.47312017182581,-351.5913935596274,234.4924268332683,-305.6982380325911,11.2
3,-342.85771684910287,242.29789853383045,-305.1079355427148,8.61207759959542,-350.58442471767853,235.87913271671798,-306.2878237793839,11.2
3,-341.62520660139546,244.01162650783,-306.3393128610487,7.96711231058682,-349.56313474458574,237.25532789116417,-306.88621770320924,11.2
3,-340.28363094295383,245.79930867100504,-307.43387047734547,7.6831763673554265,-348.5274230533565,238.62070581038424,-307.4934136553119,11.2
3,-339.9798384778007,246.19226373137928,-307.9811492854939,7.723702971260429,-347.4771959412326,239.97495472775583,-308.10938977440236,11.2
3,-339.6723064933295,246.58229913988058,-308.5284280936424,8.850075359233772,-346.4123671591238,241.31775803594678,-308.73410759966544,11.2
3,-339.6723064933295,246.58229913988058,-308.5284280936424,10.016038060613216,-345.3328584872311,242.64879465014357,-309.3675112079543,11.2
3,-339.5948424779221,246.67934762032874,-308.66524779567953,10.797334058996332,-344.2386003136308,243.9677394361596,-310.0095263824188,11.2
3,-339.5948424779221,246.67934762032874,-308.66524779567953,11.678078810867028,-343.12953221229054,245.27426368437776,-310.6600598223347,11.2
3,-339.1265921472563,247.2588513700021,-309.2125266038279,12.614387278905728,-342.0056044473637,246.56803457119966,-311.3189978645878,11.2
3,-338.654201035325,247.83498743960598,-309.48616600790206,13.071073454805388,-340.8667757415581,247.8487189571146,-311.9862074483283,11.2
3,-338.01886109387016,248.59863482172815,-310.0334448160504,13.374756441077006,-339.7130166253467,249.11598071798244,-312.66153388027203,11.2
3,-337.2969472587056,249.4517357812522,-310.44390392216167,13.37887221033391,-338.5443090390882,250.36948251490267,-313.344800870407,11.2
3,-335.91040882567677,251.04341924642557,-311.67528124049556,13.264246776542127,-337.3606468440168,251.60888649839475,-314.0358101293749,11.2
3,-334.66037827251495,252.42422979236846,-312.6330191547551,12.940020729329252,-336.16203630519686,252.83385505540443,-314.73434106784845,11.2
3,-333.3008539416868,253.8729741528816,-313.7275767710519,12.472531444757719,-334.9484965412048,254.04405159671916,-315.44015062399933,11.2
3,-332.69778119730955,254.4989417028109,-314.138035877163,11.896820357267348,-333.72005993529245,255.2391413817173,-316.1529732256464,11.2
3,-329.9617827446973,257.20634299493054,-316.46397081179344,11.224091361590151,-332.47677250271556,256.4187923768274,-316.87252089317553,11.2
3,-327.7722225716387,259.22788041598307,-318.10580723623855,10.622902047606534,-331.2186942091662,257.5826761433165,-317.5984834948007,11.2
3,-326.18916626779037,260.62428493379014,-319.0635451504981,10.04608236949092,-329.94589923534187,258.7304687494973,-318.33052916246197,11.2
3,-324.675938519693,261.9116498434488,-320.15810276679485,9.441564834728059,-328.6584761830303,259.86185170178896,-319.0683048710233,11.2
3,-323.1413937885206,263.1735498456668,-320.97902097901726,8.839872198887646,-327.35652821853125,260.97651288847476,-319.8114371820094,11.2
3,-322.27230281545354,263.87613539988666,-321.11584068105424,8.976283280752082,-326.04017314958264,262.07414752959255,-320.55953316506213,11.2
3,-321.69123522586915,264.3424470871355,-321.38948008512847,9.505521354744994,-324.70954343267033,263.15445912584227,-321.3121814742421,11.2
3,-321.69123522586915,264.3424470871355,-321.38948008512847,10.324945458303608,-323.3647861081777,264.21716039911047,-322.0689536010855,11.2
3,-321.69123522586915,264.3424470871355,-321.38948008512847,11.299107020605371,-322.006062661596,265.26197421691364,-322.82940527843397,11.2
3,-321.5941127974935,264.41981836828523,-321.5262997871656,12.33569619674204,-320.63354880979335,266.28863449293186,-323.5930780343239,11.2
3,-321.30164084094827,264.65053758779345,-321.93675889327693,13.12559919484044,-319.2474342121292,267.29688705581395,-324.3595008875777,11.2
3,-320.9091214492723,264.95489275616734,-322.4840377014254,13.656709811309007,-317.84792210723367,268.28649047839764,-325.1281921631978,11.2
3,-320.41441350157294,265.3300416349868,-323.1681362116108,13.995986183734935,-316.43522887695843,269.25721685987327,-325.89866141956253,11.2
3,-319.4152316124184,266.06727838929555,-323.9890544238332,14.256470043790006,-315.0095835400913,270.20885255362083,-326.67041146684033,11.2
3,-318.3036803830401,266.8610794597238,-324.94679233809273,14.269185884572222,-313.5712271791143,271.1411988340501,-327.44294045347436,11.2
3,-316.55707580275225,268.0464617553874,-326.72544846457487,14.070654677753733,-312.1204123043072,272.0540724962322,-328.215744006257,11.2
3,-314.9889822825852,269.0515707575065,-327.95682578290865,13.752696108626575,-310.65740216006844,272.9473063829528,-328.98831739890807,11.2
3,-313.0804034383566,270.21470191911754,-329.3250228032798,13.191920954113286,-309.1824699792531,273.8207498344506,-329.7601577228381,11.2
3,-310.2804212521669,271.8217770272595,-330.96685922772485,12.610112353026459,-307.69589819166936,274.67426905716064,-330.5307660451826,11.2
3,-308.20812046683034,272.9494874603229,-331.9245971419846,11.93244139807824,-306.1979775936553,275.5077474085278,-331.29964952819125,11.2
3,-306.1172596207644,274.04240204442135,-332.8823350562443,11.196360012522272,-304.6890064857788,276.32108559611544,-332.06632348636424,11.2
3,-304.1206061091748,275.04692879284397,-333.7032532684669,10.47630097153387,-303.16928978622985,277.11420179006,-332.8303133632712,11.2
3,-302.89389506733465,275.6476631412292,-334.11371237457826,9.895025868060566,-301.6391381274012,277.8870316490632,-333.5911566113261,11.2
3,-299.9760361391303,277.0293599794597,-335.2082699908751,9.666488449636557,-300.0988669433069,278.6395282610013,-334.3484044513205,11.2
3,-298.84627120272125,277.5446543826363,-335.75554879902364,9.77897650066371,-298.54879555532057,279.3716620002161,-335.1016235069134,11.2
3,-298.11481095667176,277.8473275878981,-335.7555487990237,10.404201521420452,-296.9892462635839,280.08342030437115,-335.8503972893138,11.2
3,-297.7756965784493,278.0015113811407,-335.34508969291244,11.278920332006281,-295.42054345099984,280.7748073746386,-336.5943275319455,11.2
3,-297.4369507067168,278.15650481824986,-335.48190939494947,12.343688155982134,-293.8430127063547,281.4458438036548,-337.33303536273957,11.2
3,-296.758353443782,278.4640627608684,-335.75554879902364,13.439040997821765,-292.2569799727263,282.09656613626555,-338.06616231313575,11.2
3,-295.8506451865323,278.86764656276165,-336.302827607172,14.006148536654084,-290.662770726542,282.72702636868775,-338.7933711539529,11.2
3,-295.6230004976289,278.9669145467783,-336.57646701124605,14.368795145334973,-289.0607091922603,283.33729139202865,-339.51434656810557,11.2
3,-293.33261714840876,279.92685541158227,-337.9446640316169,14.303210064157225,-287.45111759685693,283.9274423864481,-340.2287956529928,11.2
3,-290.78870091074924,280.92233239255245,-339.31286105198785,14.072730640206151,-285.8343154676808,284.497574172417,-340.9364482660787,11.2
3,-288.4551006959982,281.7718336509501,-340.6810580723587,13.50096580244338,-284.21061897659865,285.04779452558887,-341.637057210238,11.2
3,-285.63123828869493,282.7240805144575,-342.0492550927297,12.720614055042562,-282.580340332459,285.5782234618621,-342.3303982744476,11.2
3,-281.8340799559407,283.89440307695094,-343.69109151717475,11.77978551400678,-280.9437872236971,286.08899249894205,-343.0162701366287,11.2
3,-278.7270047576377,284.7713697751603,-344.7856491334717,10.749794711348109,-279.30126231175046,286.58024390070227,-343.6944941365414,11.2
3,-275.722945467908,285.5537937087988,-346.0170264518056,9.659776357807829,-277.6530627757799,287.0521299102544,-344.36491393295637,11.2
3,-274.6381775626224,285.822539261557,-346.1538461538426,8.465947125327677,-275.9994799084275,287.50481197736934,-345.0273950543392,11.2
3,-269.44053540666613,287.044551303576,-347.38522347217656,7.495745419898849,-274.34079876192465,287.938459985523,-345.68182435855994,11.2
3,-267.6214519422993,287.4448205130639,-347.7956825782878,7.248979634715171,-272.677297843514,288.3532514833858,-346.3281094073724,11.2
3,-266.82693477848693,287.64660264990516,-347.79568257828794,7.329633431080766,-271.00924885851276,288.74937092523476,-346.96617777590427,11.2
3,-266.5843264796168,287.6996823103792,-347.5220431742137,8.776615626032674,-269.33691649939067,289.1270089241976,-347.59597629993306,11.2
3,-266.7055348736201,287.67270812895566,-347.38522347217656,10.197755175317285,-267.66055827864596,289.4863615218848,-348.21747028033155,11.2
3,-266.7055348736201,287.67270812895566,-347.38522347217656,11.570959733825791,-265.98042440325423,289.82762947743845,-348.8306426489075,11.2
3,-266.50690558266695,287.723153663166,-347.3852234721767,12.664314879242017,-264.29675768818373,290.1510175786274,-349.43549311213536,11.2
3,-265.77946301624905,287.8841302014988,-347.65886287625085,13.416006130728599,-262.60979350643845,290.4567339771434,-350.03203727226986,11.2
3,-264.8080296473557,288.09181114725556,-348.20614168439914,13.728042405206248,-260.9197597730039,290.74498954986217,-350.62030574763077,11.2
3,-263.4693202223668,288.3630022751718,-348.8902401945845,13.801563143138546,-259.22687695998667,291.01599728743855,-351.2003432876587,11.2
3,-260.9053396065936,288.83793356960877,-350.12161751291836,13.455964456073067,-257.53135814034806,291.26997171122423,-351.7722078969073,11.2
3,-258.69982346519754,289.2003301947292,-351.2161751292151,12.988689385848287,-255.83340905756197,291.5071283191837,-352.33596997342806,11.2
3,-256.1195530342354,289.57697888044345,-352.17391304347484,12.325698540709169,-254.13322821866436,291.727683061153,-352.89171146159583,11.2
3,-252.5460288048045,290.0204114858058,-353.67892976588297,11.615028115055757,-252.43100700819755,291.93185184352575,-353.4395250324315,11.2
3,-250.69356784567137,290.21442722757916,-354.36302827606846,10.890068653930056,-250.72692982071243,292.1198500631924,-353.9795132895397,11.2
3,-247.1064216809843,290.5296045739708,-355.59440559440225,10.058364989642065,-249.0211742095371,292.2918921703492,-354.51178800262875,11.2
3,-244.38126369758191,290.71993367413114,-356.41532380662494,9.265394537341711,-247.31391104969788,292.4481912596008,-355.03646937868547,11.2
3,-241.28191172116485,290.89552751283753,-357.0994223168103,8.539171423274817,-245.6053047130005,292.58895868862106,-355.55368536498236,11.2
3,-239.29744659088627,290.99132582731596,-357.37306172088444,8.107048020100773,-243.89551325339656,292.71440372349684,-356.0635709891745,11.2
3,-237.68479906355017,291.06338609508447,-357.5098814229216,8.297739214415618,-242.1846886009571,292.8247332097697,-356.5662677378902,11.2
3,-236.69245494653728,291.1089157120045,-357.23624201884735,8.78323808856215,-240.47297676281008,292.92015126810804,-357.0619229736125,11.2
3,-236.19639726891967,291.13404992421545,-356.9626026147733,9.535206710912815,-238.7605180296934,293.00085901345085,-357.5506893869758,11.2
3,-235.94843127790944,291.14780144555004,-356.68896321069906,10.56447517959914,-237.04744718674053,293.06705429644177,-358.03272449525923,11.2
3,-235.32855734790883,291.1829204135508,-356.8257829127361,11.64708122931191,-235.333893727387,293.1189314659049,-358.5081901703331,11.2
3,-234.70860132285856,291.2165590522229,-356.9626026147731,12.485256445037928,-233.6199820693306,293.1566811511168,-358.9772522099998,11.2
3,-233.84044952023584,291.25950734879086,-357.37306172088427,13.060474424840184,-231.9058317716236,293.1804900626036,-359.44007994623166,11.2
3,-232.599887007461,291.3134571200112,-357.64670112495844,13.425032856391166,-230.19155775212164,293.19054081019857,-359.89684588722054,11.2
3,-230.36606577575023,291.389232699176,-358.467619337181,13.600460122300252,-228.47727050456342,293.1870117371051,-360.3477253975884,11.2
3,-228.5037979727448,291.4234785385503,-359.4253572514406,13.2398198249344,-226.7630763146923,293.17007676872475,-360.7928964111731,11.2
3,-226.02036356655194,291.42466460420553,-360.51991486773744,12.742630640887329,-225.0490774749464,293.139905275037,-361.2325391787735,11.2
3,-224.28210619288546,291.4005879656699,-361.0671936758858,11.999078331669256,-223.33537249727416,293.0966619453389,-361.6668360467649,11.2
3,-219.81443565362406,291.2533080655598,-362.7090301003309,11.083223923895487,-221.62205632378775,293.0405066741927,-362.0959712674155,11.2
3,-216.96289509052917,291.0944863216735,-363.66676801459045,10.213642881199235,-219.9092205349833,292.9715944574579,-362.52013084099696,11.2
3,-213.3713238917991,290.83416369146215,-364.62450592885,9.300554221721248,-218.19695355533054,292.8900752973202,-362.9395023828699,11.2
3,-211.02040725584263,290.6355229654229,-365.0349650349611,8.35803274848189,-216.48534085617385,292.79609411527525,-363.3542750233854,11.2
3,-208.91828273513065,290.4427276393534,-365.44542414107235,7.512925469452458,-214.77446515584063,292.68979067205095,-363.76463933060415,11.2
3,-207.06429705458262,290.26375731948343,-365.5822438431093,7.41750857452892,-213.06440661700105,292.5712994935035,-364.1707872616814,11.2
3,-206.322618365059,290.1930547393576,-365.30860443903515,7.744568730917221,-211.35524304128649,292.44074980154454,-364.57291213907433,11.2
3,-206.322618365059,290.1930547393576,-365.30860443903515,9.167660409964656,-209.64705006134756,292.29826544920905,-364.97120864973414,11.2
3,-206.44629947760026,290.20410032782223,-364.89814533292395,10.708224139126767,-207.93990133039534,292.14396485899124,-365.3658728695155,11.2
3,-206.44629947760026,290.20410032782223,-364.89814533292395,12.249374059695866,-206.2338687095157,291.9779609636273,-365.7571023104125,11.2
3,-206.32256678788838,290.19364553289535,-364.761325630887,13.405580302122882,-204.5290224529309,291.80036114851606,-366.1450959899827,11.2
3,-205.58024660460802,290.13003044958253,-365.0349650349612,14.357214169970092,-202.82543139146046,291.61126719500936,-366.5300545221929,11.2
3,-204.09656001635705,289.9921682718071,-365.5822438431095,14.67432898765586,-201.1231631145685,291.41077522383404,-366.9121802335176,11.2
3,-202.3672075771302,289.8148027662284,-366.12952265125773,14.523492298135862,-199.4222841511896,291.1989756379083,-367.2916772945289,11.2
3,-200.14603404732856,289.5655341099605,-366.67680145940597,13.998190612908969,-197.7228601498409,290.97595306386995,-367.668751880676,11.2
3,-199.1596619805748,289.44767852666104,-366.9504408634801,13.23729124518724,-196.02495605834957,290.74178629162554,-368.0436123471702,11.2
3,-193.50033038061514,288.6753283934376,-368.5922772879253,12.358501014103943,-194.32863630365452,290.49654821126,-368.4164694317507,11.2
3,-190.4348504698327,288.1859012975214,-369.550015202185,11.54782112393102,-192.63396497211994,290.2403057466498,-368.7875364752237,11.2
3,-187.37667989879506,287.6526015428324,-370.2341137123704,10.703017715534138,-190.9410059909175,289.9731197851467,-369.15702966596035,11.2
3,-183.47153453244465,286.9186286155784,-371.055031924593,9.785371802005,-189.2498233109587,289.6950451026895,-369.52516830718906,11.2
3,-180.54804489101426,286.3401941337814,-371.32867132866716,8.938715974144516,-187.56048109199932,289.4061302837253,-369.8921751081558,11.2
3,-177.87074227729545,285.79716982860293,-371.6023107327412,8.07554624454134,-185.87304389051138,289.1064176353074,-370.2582764965567,11.2
3,-175.43921622683794,285.2918929049113,-371.87595013681533,7.513022026968446,-184.18757685098728,288.795943094752,-370.6237029621114,11.2
3,-174.44606977207252,285.0396652338598,-371.8759501368152,7.556394156675682,-182.5041459013746,288.47473613021776,-370.98868941763135,11.2
3,-172.50084893170637,284.63544369490654,-371.6023107327411,7.938482871181458,-180.82281795340492,288.1428196335826,-371.35347559573677,11.2
3,-171.77032600647493,284.48909061579394,-371.0550319245928,9.098091675609638,-179.14365959081155,287.80020949024976,-371.7183067993339,11.2
3,-171.40446510199857,284.4189692767336,-370.64457281848155,10.28990611862569,-177.46674169467238,287.44691534855565,-372.0834333963189,11.2
3,-170.4286122975001,284.2331438303077,-370.91821222255567,11.515147003990368,-175.79213538276133,287.0829396372366,-372.44911223026196,11.2
3,-169.69705689228726,284.09202729148524,-370.91821222255567,12.303062571838332,-174.11991362360578,286.70827768990057,-372.81560683799006,11.2
3,-168.59997756212204,283.87904249440044,-371.05503192459264,12.896900211599043,-172.45015147466881,286.32291758956006,-373.18318800353717,11.2
3,-166.1649011446842,283.39119889735844,-371.602310732741,13.224255820360627,-170.78292633124838,285.92684000144897,-373.5521343460755,11.2
3,-165.556868809724,283.26560546341096,-371.739130434778,13.249651861655854,-169.11831818740032,285.5200179934161,-373.92273295388685,11.2
3,-161.7987187403826,282.433019016353,-373.2441471571859,12.817804350315594,-167.45640991019923,285.1024168431577,-374.2952800567101,11.2
3,-159.02428518486877,281.7555041638623,-374.2018850714455,12.174859154277465,-165.79728752884566,284.67399383154674,-374.67008174379606,11.2
3,-154.94417044662717,280.67093829902734,-375.5700820918164,11.32536599566741,-164.1410405401704,284.23469802129466,-375.0474547333514,11.2
3,-151.72218829541572,279.7440699936118,-376.5278200060761,10.394144595724077,-162.4877622323327,283.78447002018976,-375.42772719094603,11.2
3,-148.39375930488708,278.7390655252009,-377.0750988142246,9.357516280403594,-160.8375500285247,283.3232417281181,-375.81123960416465,11.2
3,-144.13010348453554,277.3959214599044,-377.89601702644717,8.19511740209192,-159.190505852735,282.8509360670938,-376.19834571640604,11.2
3,-141.17940623322866,276.4314138802961,-378.30647613255854,6.979767225539263,-157.54673651985436,282.3674666935394,-376.58941351994787,11.2
3,-140.11882361910907,276.0791212475427,-378.4432958345956,6.166053244860043,-155.90635415245433,281.8727376920362,-376.98482631862635,11.2
3,-135.53031764140368,274.53059087856593,-378.85375494070666,5.3806309433064,-154.2694766269446,281.3666432498351,-377.3849838598956,11.2
3,-133.1781846944714,273.73366283688097,-378.5801155366325,5.41172490923286,-152.6362280519325,280.8490673114203,-377.7903035381909,11.2
3,-132.1184463621453,273.3788385881828,-378.4432958345954,5.99052129937475,-151.00577153967524,280.31956508179974,-378.20146776508767,11.2
3,-131.64689003720102,273.2228271124771,-378.1696564305214,7.13775824053701,-149.37918498699437,279.77829195182926,-378.6187030289839,11.2
3,-131.64689003720102,273.2228271124771,-378.1696564305214,8.62575584441043,-147.75661426124748,279.2250976157412,-379.0424891682252,11.2
3,-131.411111874729,273.14482137462426,-378.4432958345954,10.085059105996448,-146.13821379789357,278.6598198579023,-379.47332944515097,11.2
3,-130.94030602142053,272.98655957684235,-378.7169352386697,11.547489376422233,-144.52414729870725,278.08228409558234,-379.9117521901775,11.2
3,-130.74482957635556,272.91089127552686,-378.7169352386698,12.579226955217518,-142.91458848638544,277.4923028997775,-380.3583125420091,11.2
3,-129.1010242066077,272.3451861509106,-379.2642140468181,13.350786755326451,-141.30972192076868,276.88967549458624,-380.8135942845711,11.2
3,-127.580369516255,271.8035180570264,-379.94831255700353,13.569621882880462,-139.70974388231537,276.2741872360445,-381.27821177818697,11.2
3,-125.48302392756972,271.03093266102707,-380.4955913651517,13.24670508136986,-138.1148633288941,275.64560907181766,-381.75281198773945,11.2
3,-121.88874324642151,269.65305549746216,-381.45332927941143,12.62080426431024,-136.5253029323943,275.00369698378785,-382.23807659613635,11.2
3,-118.88959916983094,268.45791557669764,-382.0006080875599,11.709687993865193,-134.94130020208524,274.34819141632477,-382.7347242057193,11.2
3,-115.55892457167081,267.08900865666067,-382.6847065977455,10.460641331972141,-133.36310870205662,273.67881669396866,-383.24351260463715,11.2
3,-112.1323035512604,265.6277726393975,-383.50562480996814,9.128933142041697,-131.7909993704599,272.99528043340075,-383.76524108885684,11.2
3,-107.70301708357681,263.66982052348305,-384.18972332015346,7.799332254703647,-130.22526194855303,272.29727295594756,-384.30075281561733,11.2
3,-104.5417607691242,262.2224722054343,-385.0106415323763,6.467940137594329,-128.66620652776783,271.5844667085331,-384.85093715503393,11.2
3,-101.62586509386999,260.8365869386899,-385.83155974459885,5.22303899678557,-127.11416522307601,270.8565157030012,-385.41673199932137,11.2
3,-98.3979140718296,259.24050306036276,-386.7892976588586,4.481847011437874,-125.56949398077506,270.11305498610955,-385.99912598017636,11.2
3,-96.63303784761558,258.3281552421284,-387.8838552751552,4.677176407105836,-124.03257452837717,269.3537001553403,-386.59916051933374,11.2
3,-95.75947480245964,257.8552078209536,-388.9784128914519,5.236548906149064,-122.50381647348689,268.5780469390406,-387.21793163269626,11.2
3,-95.11031868213456,257.4895932369021,-389.79933110367443,6.228131815839426,-120.98365955722808,267.78567086334306,-387.8565913745588,11.2
3,-94.89510562038073,257.36565948408554,-390.07297050774855,7.165604079571978,-119.4725760658113,266.9761270329255,-388.5163487900049,11.2
3,-94.78757307657281,257.3035641278781,-389.9361508057114,8.42925177879097,-117.97107340103898,266.1489500580051,-389.19847020567806,11.2
3,-94.5720646805717,257.18014464688065,-389.6625114016373,9.691295026460802,-116.47969680664858,265.303654166068,-389.9042786613965,11.2
3,-94.24858104640629,256.9954013937156,-389.79933110367415,10.926069035526986,-114.99903224219727,264.4397335437546,-390.6351522265909,11.2
3,-93.71017845667613,256.6862094106699,-389.9361508057114,11.443103959363993,-113.5297093892791,263.55666296205374,-391.39252091392655,11.2
3,-92.4224698483081,255.93645050798702,-390.4834296138595,11.737170768461409,-112.07240476596161,262.6538987464337,-392.17786183303724,11.2
3,-91.14198143399342,255.17442603789223,-391.03070842200776,11.536264840420053,-110.62784491391852,261.7308801626092,-392.99269217607207,11.2
3,-89.34495799310709,254.06688288637258,-392.26208574034155,11.187982952369087,-109.19680960843728,260.7870312980613,-393.8385595495467,11.2
3,-88.19430391448272,253.33089189202568,-392.9461842505269,10.553238805158646,-107.78013502378903,259.82176352875916,-394.71702911669934,11.2
3,-84.9126301926552,251.09107865366093,-395.6825782912689,9.802526790697955,-106.37871676492432,258.834478669133,-395.6296669395529,11.2
3,-82.81848836351644,249.53742425287038,-397.46123441775114,9.005107266998966,-104.99351265077068,257.82457291032483,-396.57801886082234,11.2
3,-80.87280877003963,247.9942483307093,-399.3767102462706,8.22542310731648,-103.62554510440462,256.7914416558673,-397.56358423664835,11.2
3,-78.51380840777452,245.97664473516215,-401.702645180901,7.473415034476488,-102.27590297115323,255.73448536355525,-398.5877838279338,11.2
3,-77.04638655705608,244.6373269176784,-403.070842201272,6.716475950535739,-100.94574254798194,254.65311649539092,-399.6519212101202,11.2
3,-75.79074035840196,243.43509966151817,-404.4390392216429,6.545116252005774,-99.63628756761553,253.54676766164707,-400.75713718514385,11.2
3,-75.0012746358775,242.64412433014178,-405.67041653997677,6.949153594572664,-98.34882784109654,252.41490101750642,-401.90435688667264,11.2
3,-74.914610142973,242.55519544332796,-405.80723624201386,8.006474546402524,-97.08471622638713,251.2570189285912,-403.09422961832456,11.2
3,-74.82815825507723,242.46605985941451,-405.9440559440511,9.247997521547315,-95.84536356320935,250.07267586221943,-404.32706193293495,11.2
3,-74.74191946516675,242.3767180866813,-406.08087564608826,10.370258822317966,-94.63223120204788,248.8614913825689,-405.60274510699867,11.2
3,-74.5700831451296,242.1974180137512,-406.3545150501624,11.373002666554349,-93.4468207661488,247.6231640295698,-406.92067895366387,11.2
3,-74.31393915435697,241.9269342626552,-406.76497415627364,11.841879718375178,-92.29066082832665,246.3574857452145,-408.2796948660801,11.2
3,-73.72385340550072,241.2887206959692,-407.72271207053336,12.228721189621648,-91.1652902684605,245.06435638234078,-409.67798200307647,11.2
3,-72.73737809176781,240.17200082087265,-409.36454849497846,12.228107805986102,-90.07223821009121,243.74379769916587,-411.1130215077978,11.2
3,-71.70528456404243,238.93087244048345,-411.1432046214607,12.112146528874902,-89.01300061938683,242.395966121991,-412.58153452797916,11.2
3,-71.31866233097857,238.44507836508,-411.8273031316461,11.798678022913057,-87.98901388459028,241.0211634666612,-414.07945028044736,11.2
3,-69.05374443785831,235.33362764281392,-416.06871389479585,11.451893918007265,-87.0016259681174,239.6198447672898,-415.6019003882983,11.2
3,-67.91128440009395,233.55872208794418,-418.39464882942656,10.962754309135976,-86.05206601591988,238.1926223887517,-417.14324496801663,11.2
3,-66.78119839420823,231.63053091548903,-420.8574034660942,10.487419893721306,-85.14141358880649,236.74026571327187,-418.69713439654794,11.2
3,-65.7350104389467,229.65556095609764,-423.3201581027618,10.056778314571023,-84.27056891002988,235.26369589742444,-420.2566082912103,11.2
3,-64.67332355679416,227.41072596183034,-426.0565521435038,9.623920843966802,-83.44022566242295,233.7639754868692,-421.81423026793607,11.2
3,-64.04120516059903,225.92545055310245,-427.835208269986,9.32606850383653,-82.6508478820652,232.24229302942086,-423.36225368034354,11.2
3,-63.498886148594316,224.53761521947735,-429.477044694431,9.500885077989516,-81.90265236290566,230.69994320512816,-424.89281040070153,11.2
3,-63.24269493388408,223.83801265077713,-430.29796290665354,9.912248201170128,-81.19559770760257,229.13830334835623,-426.39811213983586,11.2
3,-62.956510423043454,223.0172714166112,-431.25570082091326,10.871722813927075,-80.52938075723816,227.55880752338618,-427.87065235836593,11.2
3,-62.799148772449065,222.54616542823942,-431.8029796290618,11.678588878480827,-79.90377530047328,225.96380494747854,-429.3026177675943,11.2
3,-62.49796050234523,221.59955184128333,-432.89753724535836,12.633161901250881,-79.31755738034752,224.35378089612635,-430.6885414648085,11.2
3,-62.35416136220437,221.12413060842522,-433.4448160535069,13.174306897361948,-78.76970360616353,222.73018151751018,-432.02279912254363,11.2
3,-62.08021866921122,220.16927613887833,-434.53937366980347,13.752612345238918,-78.25898572350624,221.09441020239012,-433.3006418802643,11.2
3,-61.793900204990685,219.08903549951435,-435.77075098813737,13.964248536065215,-77.78399821287364,219.44780818761424,-434.5182610344536,11.2
3,-61.36849747305199,217.27576317385459,-437.8230465186937,14.216434669006565,-77.34318910638953,217.79164024234902,-435.6728153165009,11.2
3,-61.26604926768749,216.78975092444603,-438.3703253268422,14.276648984240985,-76.93489099717404,216.12707943272702,-436.7624287673812,11.2
3,-60.749242422861535,213.85515128821558,-441.6539981757323,14.346449153171404,-76.557354521287,214.45520408217985,-437.78615533282516,11.2
3,-60.4173992771133,211.14382309281802,-444.390392216474,14.295859218884935,-76.20877931983898,212.77699250226632,-438.7439267308962,11.2
3,-60.21599587352317,208.6686468008679,-446.3058680449934,14.026260494997093,-75.88734382667546,211.093322601555,-439.6364844425095,11.2
3,-60.08558232886599,205.94006912631048,-448.2213438735126,13.530390678100636,-75.59123280434254,209.40497417427778,-440.46530308983165,11.2
3,-60.03577083607072,202.96042047062204,-449.8631802979577,12.726136586915878,-75.31866227344446,207.7126332769272,-441.23251031687346,11.2
3,-60.0700179461152,198.86291290100775,-451.0945576162914,11.818598933774854,-75.06790167879076,206.01689811957894,-441.9408072430173,11.2
3,-60.14710576905131,195.63533143961777,-451.64183642443993,10.869139208890266,-74.83729329265007,204.3182859503614,-442.5933924340815,11.2
3,-60.2471667000949,192.28413791577103,-451.77865612647713,10.074090832832702,-74.62526896968608,202.61724048471117,-443.19389131255826,11.2
3,-60.33240557180965,189.18097445331193,-451.3681970203655,9.39540508257175,-74.43036444250299,200.9141395125344,-443.7462920391323,11.2
3,-60.378660551513704,185.9528407270654,-450.27363940406866,9.23390669420231,-74.25123138730083,199.20930239967925,-444.25488818400777,11.2
3,-60.36917206198294,183.96611563365178,-449.17908178777196,9.435322682984612,-74.08664750272538,197.5029972785312,-444.72422798912436,11.2
3,-60.32692194493702,182.10401223286132,-448.2213438735126,9.723799829942134,-73.93552483866137,195.79544779323496,-445.1590696362281,11.2
3,-60.24524692481334,179.74613260100006,-447.8108847674012,10.05485117107834,-73.79691659168435,194.08683932599317,-445.5643417220476,11.2
3,-60.170546940507606,178.00931416087062,-447.26360595925286,10.489220629815716,-73.67002255542764,192.37732468237218,-445.9451080022061,11.2
3,-60.11586068900355,176.89309061947662,-447.1267862572158,10.873553327267452,-73.55419338120764,190.66702925525954,-446.3065354392085,11.2
3,-59.97713280595092,173.66758598670842,-447.94770446943846,11.045097538341889,-73.4489337698253,188.95605572041896,-446.65386458048584,11.2
3,-59.91842930505467,171.4332658075847,-449.04226208573533,11.192447201000801,-73.35390468140251,187.24448834203932,-446.9923813511707,11.2
3,-59.89663552387065,168.8257411652372,-449.99999999999505,11.111687402668673,-73.26892461750573,185.53239698531854,-447.3273893902956,11.2
3,-59.92732425928002,165.9699676970681,-451.2313773183289,11.109449490172246,-73.19396999909694,183.81984094525313,-447.6641821374732,11.2
3,-60.07851242714204,161.75091699054406,-452.8732137427742,10.939664931532693,-73.12917463511701,182.10687270744754,-448.00801391293544,11.2
3,-60.28253702155676,158.40450743971834,-454.104591061108,10.352049084215418,-73.07482824941923,180.39354175741653,-448.3640693096923,11.2
3,-60.56451063003228,154.93915194812934,-455.1991486774047,9.602081028257567,-73.03137400814784,178.67989855022557,-448.7374302463085,11.2
3,-60.81630723864811,152.3437067559322,-455.8832471875903,8.54806777223314,-72.99940496518087,176.9659987414023,-449.13304008394266,11.2
3,-61.46970401459587,146.4193464544916,-456.70416539981284,7.339036070427513,-72.97965932008726,175.25190776332119,-449.55566425915663,11.2
3,-61.93278226217141,142.59792796415638,-457.11462450592416,6.268751092124217,-72.97301436159745,173.5377058073012,-450.00984696709867,11.2
3,-62.538319608255314,137.79316500548464,-457.2514442079613,5.644304295708227,-72.98047895098613,171.8234932407904,-450.4998635393938,11.2
3,-62.89543137645862,134.95958685037075,-457.11462450592416,5.059871074700461,-73.00318438579018,170.10939645041938,-451.0296683338749,11.2
3,-63.22730574685651,132.2480035336141,-456.84098510185004,4.70384060606007,-73.04237347751727,168.39557405520077,-451.60283819963746,11.2
3,-63.53326249736694,129.53339459903685,-456.02006688962723,4.623391681451244,-73.09938768081116,166.68222338062745,-452.22251191611616,11.2
3,-63.66840204889115,128.1741945203036,-455.33596837944185,5.174487044847398,-73.17565212999581,164.96958702457613,-452.89132645122845,11.2
3,-63.725401939439145,127.55594857936634,-455.1991486774047,6.171675711024902,-73.27265847635546,163.25795928278427,-453.6113514371992,11.2
3,-63.9101634757897,125.57778216952265,-455.47278808147877,7.244548593304641,-73.39194548017733,161.5476921382293,-454.3840238786166,11.2
3,-63.98299107648848,124.83630912624548,-455.7464274855531,8.357322803296675,-73.53507739867838,159.8392004613098,-455.2100858300212,11.2
3,-64.10682785104866,123.72565051301025,-456.97780480388695,9.478694097407208,-73.70362032575146,158.13296602268687,-456.0895284286206,11.2
3,-64.28408870318599,122.37130754860102,-457.9355427181467,9.944289263446745,-73.89911678012876,156.42953989649266,-457.02154627576624,11.2
3,-64.70639339718744,119.67245546592818,-459.85101854666584,10.18362997899377,-74.12305899898148,154.72954283740498,-458.00450651302515,11.2
3,-65.16045608352094,117.23090484650943,-461.2192155670368,10.096846286109438,-74.376861563174,153.03366325817777,-459.03593699508906,11.2
3,-65.8043676423603,114.19417071867028,-462.7242322894447,9.719523194320628,-74.66183444602319,151.34265081681107,-460.1125386530348,11.2
3,-66.29141336926986,112.1402156219186,-463.95560960777857,8.963884219417878,-74.97915607937085,149.65731336679437,-461.23022008344975,11.2
3,-67.72261278081952,106.86779416723597,-466.4183642444462,8.019334548069843,-75.32984979306244,147.9785025594104,-462.38416518996416,11.2
3,-68.79388869036781,103.42994890353064,-468.1970203709284,7.034957085588721,-75.71476255798314,146.30710205754042,-463.5689251823476,11.2
3,-69.96323766142311,100.02416986229484,-469.7020370933366,5.901983371260024,-76.13454793116263,144.64401232913303,-464.7785363730871,11.2
3,-71.44331292467695,96.07035854390512,-471.3438735177819,5.151952502059984,-76.58935259466278,142.9911843499026,-466.0058715449246,11.2
3,-72.46184138811786,93.53555841851798,-472.4384311340785,4.471067152079492,-77.07963824385278,141.34853256049175,-467.24506931744946,11.2
3,-73.48297707090647,91.13621720688673,-473.6698084524124,4.153654393384072,-77.60542194504116,139.71689701144555,-468.4895139739776,11.2
3,-74.41435033895655,89.10450284423601,-475.58528428093183,4.546917675196603,-78.16651307717716,138.09706405037488,-469.7326823915925,11.2
3,-74.63098617912355,88.65754372517404,-476.13256308908024,5.170742111724138,-78.76252315944751,136.48975140323833,-470.9682883463312,11.2
3,-75.42262058853277,87.10990847894436,-478.0480389175997,5.878801678038698,-79.39288013737678,134.89559558682356,-472.1904090271857,11.2
3,-76.08064519196233,85.9129932501237,-479.5530556400076,6.609791269750445,-80.05684623563,133.31514210291027,-473.39358849295286,11.2
3,-76.5788378732831,85.05357733839276,-480.6476132563041,7.289059270222601,-80.75353836321585,131.7488386546299,-474.57291493876386,11.2
3,-77.09335661859855,84.2038349552101,-481.74217087260075,7.787969596885492,-81.48195002395885,130.1970314162563,-475.72407079179004,11.2
3,-77.62401366059902,83.3640762036432,-482.8367284888974,8.1966604220053,-82.24097373382415,128.65996420097306,-476.8433566296096,11.2
3,-78.30973386374023,82.32888376231628,-484.20492550926826,8.41434071023476,-83.0294230601145,127.13778022275986,-477.92769148192724,11.2
3,-78.94567206852774,81.40991711828784,-485.16266342352776,8.625884571973485,-83.8460535540337,125.63052604661391,-478.9745931738878,11.2
3,-79.16129574018768,81.10614477616998,-485.573122529639,8.759866300575016,-84.68958202541735,124.13815726683248,-479.98214291020895,11.2
3,-80.27174836944776,79.61087925810503,-487.62541806019544,8.825296317963373,-85.55870378681512,122.66054544129913,-480.9489384378497,11.2
3,-81.19822280713886,78.44389942094195,-489.26725448464055,8.930470181632597,-86.45210765837759,121.19748583225964,-481.87403984978914,11.2
3,-81.91481387161365,77.5863474702113,-490.49863180297433,9.06759415947395,-87.368488665335,119.74870555085322,-482.7569116255288,11.2
3,-82.56712629783135,76.83716114114497,-491.59318941927097,9.309076729752148,-88.30655847130345,118.3138717639601,-483.59736385414294,11.2
3,-83.48717974232775,75.82765427986482,-493.0982061416789,9.543682760532219,-89.26505367251761,116.89259968905634,-484.39549493187724,11.2
3,-84.17108671372065,75.10718495964898,-493.9191243539014,9.752742320797894,-90.24274213244288,115.48446016915422,-485.151637376801,11.2
3,-84.77921600423161,74.48614026421406,-494.8768622681611,9.996818764428083,-91.23842756702507,114.08898668092185,-485.866307829889,11.2
3,-84.95486578795247,74.31057434919794,-495.1505016722351,10.24411949432194,-92.25095260269127,112.70568168200018,-486.5401618393486,11.2
3,-86.20760897063431,73.10537958826623,-497.06597750075457,10.498853579618043,-93.27920052687463,111.33402224715599,-487.17395363552555,11.2
3,-86.75669961027671,72.6018151315343,-497.8868957129771,10.642964780795372,-94.32209593851574,109.97346497713896,-487.76850082728174,11.2
3,-87.12595273343747,72.26961477153634,-498.1605351170512,10.714565269635578,-95.3786044873679,108.62345018960029,-488.3246537451376,11.2
3,-87.4037834345166,72.02145790038274,-498.2973548190881,11.278046909163967,-96.44773186876087,107.28340541927976,-488.84326902516096,11.2
3,-87.49639366820966,71.93873894333153,-498.160535117051,11.954230654950273,-97.52852221695694,105.95274826605421,-489.32518694863455,11.2
3,-87.7742243692888,71.69058207217793,-498.2973548190879,12.692639335901916,-98.62005601679212,104.63088863570607,-489.7712120195845,11.2
3,-88.23924465629464,71.27920426738913,-498.7078139251992,13.419660272778348,-99.72144763088122,103.31723042048073,-490.1820962400907,11.2
3,-88.51943299622967,71.03371246441537,-498.84463362723613,13.773067149378168,-100.83244405449541,102.0104697592513,-490.55871852933427,11.2
3,-89.64602456653454,70.0584569563892,-499.39191243538426,13.95251551431106,-101.95156866428121,100.71077748533,-490.9014371791365,11.2
3,-90.68827803887105,69.1756233073834,-500.07601094556964,13.825086662261143,-103.07801582047362,99.4175445673354,-491.21077102085064,11.2
3,-91.83556761603627,68.2248033989121,-500.6232897537178,13.591458057093412,-104.21100152018073,98.13015809902858,-491.4871361980824,11.2
3,-93.864988375546,66.58739352040952,-501.58102766797754,13.172581999608548,-105.34975975536398,96.8480008365335,-491.73083551043044,11.2
3,-95.43039562300952,65.3639887234779,-502.40194588020006,12.590593815965995,-106.49353869234407,95.5704503826678,-491.9420476178832,11.2
3,-97.10752339507137,64.0820604982985,-502.8124049863113,11.933980744012167,-107.64159606009372,94.29687869224927,-492.12081556343736,11.2
3,-98.89458501089972,62.73961590215236,-503.35968379445956,11.24114607744975,-108.79319696398278,93.02664830996025,-492.2670346383799,11.2
3,-100.99251067431578,61.19090776697695,-503.7701429005708,10.520672503106406,-109.94760698950074,91.75911321000272,-492.38043796748764,11.2
3,-102.3923611971206,60.160105104679495,-503.49650349649676,9.799792255702526,-111.10408829295923,90.49361560242973,-492.46058057917867,11.2
3,-103.38516848813241,59.41430609527292,-502.67558528427423,9.68936669507455,-112.2618943682145,89.22948341731224,-492.5068205547482,11.2
3,-104.17078460903706,58.80634877977551,-501.85466707205165,10.214544284244127,-113.42026431888137,87.96602740481056,-492.5182966976432,11.2
3,-104.5599371706039,58.497700395390495,-501.30738826390325,10.764075527363978,-114.57841651833446,86.7025378148917,-492.49390183280326,11.2
3,-104.84985717732076,58.26378247533907,-500.896929157792,11.374641208709704,-115.73554151068693,85.43828060955839,-492.43225064987513,11.2
3,-105.33025188682637,57.870467730282556,-500.48647005168067,12.058692109867748,-116.89079396975175,84.1724931479945,-492.3316407304955,11.2
3,-105.71268283625383,57.55352685714253,-500.2128306476066,12.771782326255003,-118.04328512379708,82.90437746530131,-492.19000482299117,11.2
3,-106.47450866238974,56.91599944344263,-499.9391912435326,13.15193604452786,-119.19206795102568,81.63309919749321,-492.00485308641163,11.2
3,-107.23328103912402,56.27484090385081,-499.66555183945854,13.438359500373366,-120.33679831866965,80.35702717255894,-491.77305077389514,11.2
3,-108.46752778991974,55.23443243521774,-500.0760109455698,13.341259750841068,-121.47580950167385,79.07584890534757,-491.49108997446257,11.2
3,-109.7067316968613,54.19992849291837,-500.21283064760695,13.134527136557864,-122.6079057996358,77.788557887842,-491.1546824331938,11.2
3,-111.23645549457096,52.93216500035841,-500.486470051681,12.642774698213541,-123.7317689769861,76.49407471183531,-490.75870002491007,11.2
3,-113.34812694008176,51.19905554401945,-500.760109455755,12.043445261319155,-124.84593196847263,75.19123564140638,-490.29699717365946,11.2
3,-115.07924095468182,49.78518533629753,-500.760109455755,11.419778729272126,-125.9487464414757,73.87877948692532,-489.7621848264839,11.2
3,-116.2333169644152,48.84260519781625,-500.760109455755,10.609560323209408,-127.03834238089979,72.55533257768147,-489.14534058349744,11.2
3,-118.42571297284955,47.01236378145052,-499.52873213742123,9.839748498354277,-128.11257722998909,71.2193916760308,-488.4356341011326,11.2
3,-119.36062848715156,46.19519270469008,-498.16053511705024,9.945997950972096,-129.16897124273268,69.86930479778485,-487.6198392671997,11.2
3,-120.00192837171153,45.608472398897476,-496.9291577987164,10.454131100435767,-130.2046244802314,68.50325016932979,-486.68169423562597,11.2
3,-120.719440485228,44.92148539537721,-495.56096077834553,10.941835752817095,-131.21610917658649,67.11921408665395,-485.6010563210918,11.2
3,-121.68202258855236,43.952445593273566,-494.05594405593763,11.33372114375078,-132.19932882952025,65.71496947464155,-484.3527804393044,11.2
3,-122.45044141537824,43.14100822140398,-492.8245667376038,11.376776061276015,-133.14933212799133,64.28805889961797,-482.90522760706915,11.2
3,-123.28356517743605,42.22028003965269,-491.4563697172328,11.26083969074667,-134.06006554449363,62.835789442248426,-481.21828798270553,11.2
3,-123.85355747772164,41.56405864003183,-490.49863180297314,11.127266389407454,-134.92404319065002,61.355253611309166,-479.2407944326349,11.2
3,-125.26814538556883,39.83375328281727,-488.0358771663055,10.857879738765353,-135.7319073588981,59.843402903308395,-476.9072453936476,11.2
3,-126.095531697578,38.746999246983364,-486.53086044389767,10.658903489393587,-136.4718515925906,58.29722296148421,-474.1339458385716,11.2
3,-126.9652370194178,37.537119303681656,-484.88902401945256,10.5624347858265,-137.1288901791363,56.714097855357124,-470.815237740689,11.2
3,-128.19944540661916,35.67390572531478,-482.15262997871054,10.380765268671416,-137.68400867554803,55.09251167658399,-466.82190074906697,11.2
3,-129.0926857754137,34.18266539119951,-479.68987534204297,9.877340863497418,-138.1133737088719,53.433310785074404,-462.0068515653485,11.2
3,-130.09629811927218,32.32575546141888,-477.0903010033381,9.461535945932889,-138.38810720876168,51.74177497135821,-456.228478809116,11.2
3,-131.24030876950206,29.8458401639405,-472.438431134077,8.783175509638133,-138.47569334437313,50.03050521287853,-449.4064141651734,11.2
3,-131.51643529264416,29.15387560217094,-471.07023411370625,8.188978733244898,-138.34456124948198,48.32222448093443,-441.6145388552586,11.2
3,-132.4321987889725,26.190189003191485,-463.2715110975919,7.5519881174382695,-137.97241861229185,46.649701035014324,-433.167617426153,11.2
3,-132.77211065707843,23.983401251628106,-454.2414107631437,7.198362860995076,-137.35577578598702,45.05143079302971,-424.6069855115287,11.2
3,-132.7734438215862,22.86682721639049,-445.8954089388809,6.894671890817698,-136.51293503017826,43.559912411798685,-416.51079602061003,11.2
3,-132.69674693937833,22.376675098213287,-436.3180297962845,6.867435235598112,-135.47806750186896,42.19439201025634,-409.2837177021832,11.2
3,-132.61593640393832,22.142222743801568,-425.6460930373913,7.072650737522617,-134.29034002374422,40.959256488829205,-403.077969104942,11.2
3,-133.00828281761855,22.773069116842574,-410.595925813311,7.777957746532243,-132.98552817444966,39.848263359755386,-397.8567263357963,11.2
3,-133.432727292418,23.22558465463181,-403.07084220127103,8.693910825940904,-131.59252025521826,38.84985009654297,-393.49334696993543,11.2
3,-135.13847291773658,24.45978548070596,-388.7047734873762,9.86649329314746,-130.13320179065056,37.9509425625699,-389.8405795756476,11.2
3,-137.77930018240954,25.530451148212016,-375.4332623897781,11.66436234327287,-128.62369084327324,37.138984583526444,-386.7632963697547,11.2
3,-140.2069450615141,26.047028531993053,-368.59227728792354,14.401953246515335,-127.07576587883591,36.402768447484455,-384.14881319956226,11.2
3,-142.67311467753098,26.335724617540702,-364.7613256308849,18.03259776491842,-125.49806418798586,35.73263267333951,-381.9070664883582,11.2
3,-144.159624826212,26.4381179860193,-363.1194892064398,20.729716842182597,-123.8969788219535,35.120379030779034,-379.96731033629334,11.2
3,-144.28362240086062,26.444727276571054,-362.9826695044027,21.26442197881384,-122.27729892230532,34.55908991778153,-378.27422058135477,11.2
3,-143.29213320148867,26.38356499581944,-364.0772271206993,21.293868000152532,-120.64265905566518,34.042928659601195,-376.7844306673879,11.184969563856225
3,-142.67311467753117,26.335724617540723,-364.7613256308847,21.09019141132609,-118.99787808557663,33.56751621174105,-375.4652701668385,10.613540992427584
3,-137.74077544549718,25.758332446445408,-368.59227728792325,20.588747304963178,-117.35472524744523,33.13096477870358,-374.2955080711391,10.042112420998945
3,-134.55848647291822,25.21512637380674,-370.78139252051676,19.730327266623913,-115.72641563636196,32.73173164705728,-373.2579822992142,9.470683849570305
3,-130.9113637792586,24.457245562852187,-372.6968683490362,18.460971613430235,-114.12593424283824,32.368159418395756,-372.3378353468499,8.899255278141663
3,-126.8041710070329,23.48021591941319,-374.06506536940714,16.72093563002105,-112.56606462316405,32.038550982552636,-371.5223200148303,8.327826706713022
3,-121.27014146217043,22.065627519518046,-374.6123441775556,14.538129161513066,-111.05941612366466,31.7412250107256,-370.8005764479726,7.756398135284383
3,-116.81751099043652,20.933124378841768,-373.9282456673702,12.288615193012287,-109.61844839253013,31.474558236229953,-370.1634128816815,7.184969563855742
3,-112.34663237690457,19.875218809111935,-372.6968683490364,10.215724261726471,-108.25549273847581,31.23701909874147,-369.60310640623686,6.613540992427103
3,-110.76976873572777,19.529826179834757,-372.012769838851,8.608480196149337,-106.98219952597742,31.027104516030303,-369.1130180452163,6.0421124209984605
3,-104.03328885801275,18.421277780598352,-366.6768014594043,7.849086125255636,-105.81162900568361,30.843704686212803,-368.6882406361786,5.470683849569821
3,-101.56021126408984,18.197437985295597,-363.66676801458823,7.508058952175143,-104.75537092995913,30.68564946586972,-368.32436877625946,5.2
3,-99.20312757962591,18.10000763277186,-361.06719367588346,7.0433044746248274,-103.81926269967016,30.551177769623273,-368.0161580467305,5.2
3,-96.09895376260467,18.097783844844095,-359.01489814532687,6.6547169904471675,-100.0861655112506,30.062966782775035,-366.9041800023094,5.2
3,-93.86483008394904,18.162889084404497,-357.6467011249559,6.298760373605579,-100.0861655112506,30.062966782775035,-366.9041800023094,5.21503043614477
3,-91.7562263771546,18.262156732404907,-356.9626026147705,6.208527769205672,-100.0861655112506,30.062966782775035,-366.9041800023094,5.786459007573411
3,-89.77223951566137,18.36743164237269,-356.9626026147705,6.078812858949581,-100.0861655112506,30.062966782775035,-366.9041800023094,6.35788757900205
3,-87.29139808532409,18.481254819258886,-357.7835208269931,6.04026353244879,-100.0861655112506,30.062966782775035,-366.9041800023094,6.929316150430691
3,-85.18131095150919,18.54022402547588,-359.0148981453269,5.782676001311123,-100.0861655112506,30.062966782775035,-366.9041800023094,7.5007447218593315
3,-82.69793177429742,18.55327057657031,-360.38309516569785,5.380524332345022,-100.0861655112506,30.062966782775035,-366.9041800023094,8.072173293287971
3,-79.098178350018,18.464713437993264,-362.4353906962542,4.646524122006945,-100.0861655112506,30.062966782775035,-366.9041800023094,8.643601864716612
3,-76.12249806722384,18.302541186882284,-363.8035877166252,3.703023120289848,-100.0861655112506,30.062966782775035,-366.9041800023094,9.215030436145254
3,-73.02686072185139,18.070732232001216,-364.7613256308849,2.5388209159973045,-100.0861655112506,30.062966782775035,-366.9041800023094,9.786459007573892
3,-70.18220594753768,17.816684663092744,-365.44542414107053,1.1314464224993785,-100.0861655112506,30.062966782775035,-366.9041800023094,10.357887579002533
3,-67.46466502811542,17.53796876448768,-366.26634235329334,-0.08146290834285336,-100.0861655112506,30.062966782775035,-366.9041800023094,10.929316150431175
3,-64.99668740284429,17.261002801182062,-366.5399817573674,-0.9361863516232579,-100.0861655112506,30.062966782775035,-366.9041800023094,11.2
3,-63.762374937029385,17.12546730686999,-365.992702949219,-1.335226663186631,-100.0861655112506,30.062966782775035,-366.9041800023094,11.2
3,-63.26792952614166,17.078332925398716,-364.8981453329223,-1.0440814066798276,-100.0861655112506,30.062966782775035,-366.9041800023094,11.2
3,-63.63927103724659,17.107923982443666,-364.2140468227367,-0.2823164235422618,-100.0861655112506,30.062966782775035,-366.9041800023094,11.2
3,-64.38266532343387,17.157346931472713,-363.39312861051417,0.7418280477926621,-100.0861655112506,30.062966782775035,-366.9041800023094,11.2
3,-65.37481409751712,17.206666979557756,-362.29857099421747,1.5719752110171827,-100.0861655112506,30.062966782775035,-366.9041800023094,11.2
3,-65.99531657289909,17.227863980317725,-361.6144724840321,2.1933254190924063,-100.0861655112506,30.062966782775035,-366.9041800023094,11.2
3,-66.36772397018575,17.23702553379142,-361.20401337792083,2.7599440053397837,-100.0861655112506,30.062966782775035,-366.9041800023094,11.2
3,-67.23685959630939,17.248026038687982,-360.2462754636611,3.180128107611515,-100.0861655112506,30.062966782775035,-366.9041800023094,11.2
3,-67.98189841505898,17.24767021493334,-359.6989966555129,3.4790486687221756,-100.0861655112506,30.062966782775035,-366.9041800023094,11.2
3,-68.47857793233104,17.243874787522643,-359.42535725143875,3.801340216702908,-100.0861655112506,30.062966782775035,-366.9041800023094,11.2
3,-69.09940679496053,17.236906693520254,-359.2885375494016,4.07722332811641,-100.0861655112506,30.062966782775035,-366.9041800023094,11.2
3,-69.72023565759002,17.229938599517865,-359.42535725143875,4.32170510754147,-100.0861655112506,30.062966782775035,-366.9041800023094,11.2
3,-70.58943109106588,17.22433440467724,-359.8358163575501,4.698072661556688,-100.0861655112506,30.062966782775035,-366.9041800023094,11.2
3,-71.33447203404751,17.223978579908092,-360.1094557616244,5.008899888640951,-100.0861655112506,30.062966782775035,-366.9041800023094,11.2
3,-71.83116561839336,17.22492744631966,-360.1094557616244,5.458725805713376,-100.0861655112506,30.062966782775035,-366.9041800023094,11.2
3,-73.5695098947212,17.240702008591647,-360.93037397384694,6.037446368490078,-100.0861655112506,30.062966782775035,-366.9041800023094,11.2
3,-75.43174441818914,17.2776163689558,-361.34083307995826,6.54705947346153,-100.0861655112506,30.062966782775035,-366.9041800023094,11.2
3,-76.9213309604163,17.316041185633114,-361.61447248403266,7.201643793658861,-100.0861655112506,30.062966782775035,-366.9041800023094,11.2
3,-78.41071700174723,17.361579666169213,-361.888111888107,7.861526758043543,-100.0861655112506,30.062966782775035,-366.9041800023094,11.2
3,-80.02403263737692,17.41669218241417,-362.02493159014415,8.534357592264659,-100.0861655112506,30.062966782775035,-366.9041800023094,11.2
3,-82.25776211324857,17.495668916016463,-362.02493159014415,9.234470607177212,-100.0861655112506,30.062966782775035,-366.9041800023094,11.2
3,-83.87094154301079,17.55463379544589,-362.16175129218135,9.940868627999935,-100.0861655112506,30.062966782775035,-366.9041800023094,11.2
3,-84.61545304784354,17.5827373111874,-362.16175129218135,10.601838899893544,-100.0861655112506,30.062966782775035,-366.9041800023094,11.2
3,-87.84194811323543,17.696814706861787,-361.888111888107,11.286258774643542,-100.0861655112506,30.062966782775035,-366.9041800023094,11.2
3,-89.08310314767793,17.734763440641878,-361.6144724840329,11.94250147646053,-100.0861655112506,30.062966782775035,-366.9041800023094,11.2
3,-90.44851542287607,17.77161651129514,-361.4776527819957,12.554031910586893,-100.0861655112506,30.062966782775035,-366.9041800023094,11.2
3,-91.56573973832732,17.79910122395844,-361.34083307995877,12.857464902434131,-100.0861655112506,30.062966782775035,-366.9041800023094,11.2
3,-92.68296405377858,17.826585936621743,-361.4776527819957,12.99314450783337,-100.0861655112506,30.062966782775035,-366.9041800023094,11.2
3,-93.05532344932145,17.83752596252806,-361.888111888107,12.787695708095974,-100.0861655112506,30.062966782775035,-366.9041800023094,11.2
3,-93.30351537742843,17.846301146810696,-362.161751292181,12.20996430658781,-100.0861655112506,30.062966782775035,-366.9041800023094,11.2
3,-93.30351537742843,17.846301146810696,-362.161751292181,11.689093214503051,-100.0861655112506,30.062966782775035,-366.9041800023094,11.2
3,-93.92385243763101,17.871942857734023,-362.5722103982924,11.213226091236933,-100.0861655112506,30.062966782775035,-366.9041800023094,11.2
3,-94.42004648589254,17.8942337425893,-362.5722103982924,10.780934646673206,-100.0861655112506,30.062966782775035,-366.9041800023094,11.2
3,-95.16433755828506,17.927670069872228,-362.5722103982924,10.641342694566124,-100.0861655112506,30.062966782775035,-366.9041800023094,11.2
3,-96.03280944256831,17.963568465164872,-362.161751292181,10.826686540632892,-100.0861655112506,30.062966782775035,-366.9041800023094,11.2
3,-97.52196101121065,18.01621957086074,-361.88811188810666,11.188518567947128,-100.0861655112506,30.062966782775035,-366.9041800023094,11.2
3,-98.88727879486798,18.056332999183876,-361.4776527819954,11.697175137068186,-100.0861655112506,30.062966782775035,-366.9041800023094,11.2
3,-100.37686675278063,18.09475785237968,-361.4776527819954,12.277270481596162,-100.0861655112506,30.062966782775035,-366.9041800023094,11.2
3,-100.99754692803127,18.110027137192624,-361.34083307995826,12.953588931076434,-100.0861655112506,30.062966782775035,-366.9041800023094,11.2
3,-104.10112126758493,18.178962571212864,-361.20401337792106,13.68864467772945,-100.0861655112506,30.062966782775035,-366.9041800023094,11.2
3,-105.59087575018644,18.2102728773467,-361.20401337792106,14.39021975028864,-100.0861655112506,30.062966782775035,-366.9041800023094,11.2
3,-106.7081625124257,18.23508963359398,-361.34083307995803,14.98835605401434,-100.0861655112506,30.062966782775035,-366.9041800023094,11.2
3,-107.82538682787695,18.26257434625728,-361.47765278199495,15.508499900058208,-100.0861655112506,30.062966782775035,-366.9041800023094,11.2
3,-108.07363525096972,18.269571307641197,-361.75129218606907,15.720380085836181,-100.0861655112506,30.062966782775035,-366.9041800023094,11.2
3,-108.19774622341981,18.27351437216359,-361.8881118881062,15.14912943588213,-100.0861655112506,30.062966782775035,-366.9041800023094,11.2
3,-108.19774622341981,18.27351437216359,-361.8881118881062,14.667161444555127,-100.0861655112506,30.062966782775035,-366.9041800023094,11.2
3,-108.19774622341981,18.27351437216359,-361.8881118881062,14.473365668280767,-100.0861655112506,30.062966782775035,-366.9041800023094,11.2
3,-108.19774622341981,18.27351437216359,-361.8881118881062,14.372305625555967,-100.0861655112506,30.062966782775035,-366.9041800023094,11.2
3,-108.19774622341981,18.27351437216359,-361.8881118881062,14.24318646411746,-100.0861655112506,30.062966782775035,-366.9041800023094,11.2
3,-108.19774622341981,18.27351437216359,-361.8881118881062,14.058652198045028,-100.0861655112506,30.062966782775035,-366.9041800023094,11.2
3,-108.19774622341981,18.27351437216359,-361.8881118881062,13.923351032213972,-100.0861655112506,30.062966782775035,-366.9041800023094,11.2
3,-108.19774622341981,18.27351437216359,-361.8881118881062,13.868498404327978,-100.0861655112506,30.062966782775035,-366.9041800023094,11.2
3,-108.19774622341981,18.27351437216359,-361.8881118881062,13.799360942824967,-100.0861655112506,30.062966782775035,-366.9041800023094,11.2
3,-108.19774622341981,18.27351437216359,-361.8881118881062,13.756380040239037,-100.0861655112506,30.062966782775035,-366.9041800023094,11.2
3,-108.19774622341981,18.27351437216359,-361.8881118881062,13.751060173268325,-100.0861655112506,30.062966782775035,-366.9041800023094,11.2
3,-108.19774622341981,18.27351437216359,-361.8881118881062,13.779753900347051,-100.0861655112506,30.062966782775035,-366.9041800023094,11.2
3,-108.19774622341981,18.27351437216359,-361.8881118881062,13.828824023505994,-100.0861655112506,30.062966782775035,-366.9041800023094,11.2
3,-108.073645020679,18.269274947837058,-362.0249315901434,13.886001062662299,-100.0861655112506,30.062966782775035,-366.9041800023094,11.2
3,-107.9495542953126,18.264739187880945,-362.16175129218055,13.826757596926525,-100.0861655112506,30.062966782775035,-366.9041800023094,11.2
3,-107.57731567415308,18.250242978716987,-362.29857099421747,13.845070150813942,-100.0861655112506,30.062966782775035,-366.9041800023094,11.2
3,-107.45324802628792,18.245114626784485,-362.4353906962547,13.767229592968754,-100.0861655112506,30.062966782775035,-366.9041800023094,11.2
3,-107.20512509473993,18.234561659922402,-362.4353906962547,13.741533994051371,-100.0861655112506,30.062966782775035,-366.9041800023094,11.2
3,-106.58491757125302,18.205957579617476,-362.84584980236593,13.710026301863879,-100.0861655112506,30.062966782775035,-366.9041800023094,11.2
3,-106.2129255543816,18.186129745650547,-363.2563089084772,13.605498637518558,-100.0861655112506,30.062966782775035,-366.9041800023094,11.2
3,-105.59319150645507,18.14864274202993,-363.6667680145885,13.340647225917467,-100.0861655112506,30.062966782775035,-366.9041800023094,11.2
3,-104.47800308345107,18.075839159263882,-363.80358771662543,13.113249801937233,-100.0861655112506,30.062966782775035,-366.9041800023094,11.2
3,-103.6109162849992,18.01507245353141,-364.2140468227367,12.738786074213202,-100.0861655112506,30.062966782775035,-366.9041800023094,11.2
3,-102.49647413088327,17.931620278034433,-364.35086652477355,12.248686071684697,-100.0861655112506,30.062966782775035,-366.9041800023094,11.2
3,-101.6298432555391,17.86464336652069,-364.4876862268108,11.731129398978998,-100.0861655112506,30.062966782775035,-366.9041800023094,11.2
3,-100.76337478875014,17.795597173025865,-364.62450592884795,11.22050459545094,-100.0861655112506,30.062966782775035,-366.9041800023094,11.2
3,-99.648938989536,17.712145473399598,-363.94040741866235,10.791944064285403,-100.0861655112506,30.062966782775035,-366.9041800023094,11.2
3,-99.15326317659446,17.68038024363029,-363.3931286105138,10.617534392762048,-100.0861655112506,30.062966782775035,-366.9041800023094,11.2
3,-98.53327883871887,17.647333979312897,-362.70903010032845,10.767261033303171,-100.0861655112506,30.062966782775035,-366.9041800023094,11.2
3,-98.16115361730077,17.63017149850794,-362.5722103982916,10.866044114247316,-100.0861655112506,30.062966782775035,-366.9041800023094,11.2
3,-97.78898847369118,17.613897683807437,-362.4353906962547,10.916739061995342,-100.0861655112506,30.062966782775035,-366.9041800023094,11.2
3,-97.04469810866345,17.58046138830197,-362.709030100329,10.831332890385081,-100.0861655112506,30.062966782775035,-366.9041800023094,11.2
3,-96.30048900271,17.54524782498709,-362.709030100329,10.458208141714394,-100.0861655112506,30.062966782775035,-366.9041800023094,11.2
3,-96.05244827318049,17.53291763718965,-362.98266950440313,10.162354762617063,-100.0861655112506,30.062966782775035,-366.9041800023094,11.2
3,-94.68865504257806,17.456958689949808,-363.3931286105144,9.906002574937915,-100.0861655112506,30.062966782775035,-366.9041800023094,11.2
3,-93.9450275420749,17.411086325440735,-363.66676801458874,9.6166893414092,-100.0861655112506,30.062966782775035,-366.9041800023094,11.2
3,-93.57324117711366,17.387706205856716,-363.52994831255177,9.345443907539813,-100.0861655112506,30.062966782775035,-366.9041800023094,11.2
3,-93.32532953667832,17.373007376879034,-363.25630890847776,9.181142138786967,-100.0861655112506,30.062966782775035,-366.9041800023094,11.2
3,-93.20134809823548,17.36610200491349,-363.1194892064405,9.471859100654754,-100.0861655112506,30.062966782775035,-366.9041800023094,11.2
3,-93.20134809823548,17.36610200491349,-363.1194892064405,9.793352441987834,-100.0861655112506,30.062966782775035,-366.9041800023094,11.2
3,-93.07735052358687,17.359492714361735,-362.98266950440336,10.091337268322158,-100.0861655112506,30.062966782775035,-366.9041800023094,11.2
3,-93.07735052358687,17.359492714361735,-362.98266950440336,10.319809467897853,-100.0861655112506,30.062966782775035,-366.9041800023094,11.2
3,-92.70535779964125,17.339664842706487,-363.1194892064403,10.48002383132077,-100.0861655112506,30.062966782775035,-366.9041800023094,11.2
3,-92.08545060742752,17.305137982878787,-363.2563089084774,10.482944955539109,-100.0861655112506,30.062966782775035,-366.9041800023094,11.2
3,-91.7135568216632,17.283533740870787,-363.3931286105144,10.289938201649948,-100.0861655112506,30.062966782775035,-366.9041800023094,11.2
3,-90.84592750539866,17.231051836045676,-363.52994831255154,10.012134963868112,-100.0861655112506,30.062966782775035,-366.9041800023094,11.2
3,-89.85473041370807,17.165154257532368,-364.0772271207,9.562847195424622,-100.0861655112506,30.062966782775035,-366.9041800023094,11.2
3,-89.23548693790156,17.120270533545458,-364.21404682273715,9.00374675002999,-100.0861655112506,30.062966782775035,-366.9041800023094,11.2
3,-88.98781110133923,17.10202130746012,-364.21404682273715,8.416046078597908,-100.0861655112506,30.062966782775035,-366.9041800023094,11.2
3,-88.74009262809349,17.084363588200382,-363.94040741866314,8.321281007245586,-100.0861655112506,30.062966782775035,-366.9041800023094,11.2
3,-88.86398278275577,17.092748742826004,-363.8035877166259,8.434801841986665,-100.0861655112506,30.062966782775035,-366.9041800023094,11.2
3,-88.98789260753406,17.100838029800016,-363.66676801458874,8.810919755299139,-100.0861655112506,30.062966782775035,-366.9041800023094,11.2
3,-88.98789260753406,17.100838029800016,-363.66676801458874,9.078216451665439,-100.0861655112506,30.062966782775035,-366.9041800023094,11.2
3,-88.98789260753406,17.100838029800016,-363.66676801458874,9.06103476825158,-100.0861655112506,30.062966782775035,-366.9041800023094,11.2
3,-88.98789260753406,17.100838029800016,-363.66676801458874,8.844839000519562,-100.0861655112506,30.062966782775035,-366.9041800023094,11.2
3,-88.98789260753406,17.100838029800016,-363.66676801458874,8.562648680829872,-100.0861655112506,30.062966782775035,-366.9041800023094,11.2
3,-88.98789260753406,17.100838029800016,-363.66676801458874,8.226719914002294,-100.0861655112506,30.062966782775035,-366.9041800023094,11.2
3,-88.98789260753406,17.100838029800016,-363.66676801458874,8.026647121835945,-100.0861655112506,30.062966782775035,-366.9041800023094,11.2
3,-88.98789260753406,17.100838029800016,-363.66676801458874,7.818029161116407,-100.0861655112506,30.062966782775035,-366.9041800023094,11.2
3,-88.98789260753406,17.100838029800016,-363.66676801458874,7.6802648365105,-100.0861655112506,30.062966782775035,-366.9041800023094,11.2
3,-89.48364427453625,17.131419606139396,-363.3931286105146,7.6473662427037485,-100.0861655112506,30.062966782775035,-366.9041800023094,11.2
3,-89.9795363419314,17.159633178075826,-363.1194892064405,7.7371857955908485,-100.0861655112506,30.062966782775035,-366.9041800023094,11.2
3,-90.4756163865823,17.184293483360005,-362.57221039829204,7.967890241538401,-100.0861655112506,30.062966782775035,-366.9041800023094,11.2
3,-91.71634879030182,17.234095449635248,-362.02493159014364,8.300038070373818,-100.0861655112506,30.062966782775035,-366.9041800023094,11.2
3,-92.46098531587411,17.258642916182026,-361.7512921860693,8.695222241140534,-100.0861655112506,30.062966782775035,-366.9041800023094,11.2
3,-94.07474456930764,17.29834283031294,-361.0671936758839,9.21378546652781,-100.0861655112506,30.062966782775035,-366.9041800023094,11.2
3,-95.44044656521454,17.322152249756403,-360.9303739738467,9.739643997207212,-100.0861655112506,30.062966782775035,-366.9041800023094,11.2
3,-96.68201908779285,17.342314787178886,-360.9303739738467,10.287804209817752,-100.0861655112506,30.062966782775035,-366.9041800023094,11.2
3,-98.42022061940284,17.370542339570363,-360.9303739738467,10.874340300662585,-100.0861655112506,30.062966782775035,-366.9041800023094,11.2
3,-99.78592261530974,17.394351759013826,-361.0671936758839,11.411385323180463,-100.0861655112506,30.062966782775035,-366.9041800023094,11.2
3,-101.0273835042746,17.420443655994593,-361.34083307995803,11.93304185412721,-100.0861655112506,30.062966782775035,-366.9041800023094,11.2
3,-102.26870562279728,17.452464336559025,-361.6144724840321,12.368770895678583,-100.0861655112506,30.062966782775035,-366.9041800023094,11.2
3,-103.63392372477125,17.495837963861682,-362.0249315901434,12.80486303449185,-100.0861655112506,30.062966782775035,-366.9041800023094,11.2
3,-104.62660478778245,17.533309282571395,-362.29857099421747,13.198947723483984,-100.0861655112506,30.062966782775035,-366.9041800023094,11.2
3,-105.37097287498732,17.564968153069394,-362.5722103982918,13.555790391625672,-100.0861655112506,30.062966782775035,-366.9041800023094,11.2
3,-105.99118157735077,17.593572287744323,-362.709030100329,13.843483812443289,-100.0861655112506,30.062966782775035,-366.9041800023094,11.2
3,-106.2392512793354,17.605310142182624,-362.709030100329,13.711436361073527,-100.0861655112506,30.062966782775035,-366.9041800023094,11.2
3,-106.2392512793354,17.605310142182624,-362.709030100329,13.226880125315068,-100.0861655112506,30.062966782775035,-366.9041800023094,11.2
3,-106.2392512793354,17.605310142182624,-362.709030100329,12.797273923227204,-100.0861655112506,30.062966782775035,-366.9041800023094,11.2
3,-106.36329301980818,17.611030969117614,-362.5722103982918,12.466229406096025,-100.0861655112506,30.062966782775035,-366.9041800023094,11.2
3,-106.48734806767813,17.616455574017788,-362.4353906962547,12.33645877043414,-100.0861655112506,30.062966782775035,-366.9041800023094,11.2
3,-106.61141571554329,17.62158392595029,-362.29857099421747,12.113595523624605,-100.0861655112506,30.062966782775035,-366.9041800023094,11.2
3,-106.61141571554329,17.62158392595029,-362.29857099421747,11.906969545429146,-100.0861655112506,30.062966782775035,-366.9041800023094,11.2
3,-106.73548336340845,17.62671227788279,-362.4353906962547,11.72249446121138,-100.0861655112506,30.062966782775035,-366.9041800023094,11.2
3,-106.98358015175094,17.637857709717938,-362.7090301003288,11.679461814486178,-100.0861655112506,30.062966782775035,-366.9041800023094,11.2
3,-107.23162088128045,17.650187897515377,-362.98266950440285,11.650009829947798,-100.0861655112506,30.062966782775035,-366.9041800023094,11.2
3,-107.47959989437167,17.663702560032657,-363.25630890847697,11.606902456731108,-100.0861655112506,30.062966782775035,-366.9041800023094,11.2
3,-107.60356448962652,17.670903974035333,-363.39312861051417,11.59968406150226,-100.0861655112506,30.062966782775035,-366.9041800023094,11.2
3,-108.0993161566287,17.701485550374713,-363.66676801458823,11.66055584885875,-100.0861655112506,30.062966782775035,-366.9041800023094,11.2
3,-108.59499385391163,17.733250900901453,-363.66676801458823,11.880982759645038,-100.0861655112506,30.062966782775035,-366.9041800023094,11.2
3,-109.21463779551364,17.772217766874828,-363.5299483125511,12.123876332740183,-100.0861655112506,30.062966782775035,-366.9041800023094,11.2
3,-109.95837271681988,17.816314253807867,-363.2563089084767,12.469637995869,-100.0861655112506,30.062966782775035,-366.9041800023094,11.2
3,-110.95041220206159,17.868003954437313,-362.7090301003282,12.819029667344202,-100.0861655112506,30.062966782775035,-366.9041800023094,11.2
3,-111.57068626240783,17.895126927383405,-362.29857099421696,13.173330890472505,-100.0861655112506,30.062966782775035,-366.9041800023094,11.2
3,-112.3151970596663,17.923230416415667,-362.0249315901426,13.542368536556914,-100.0861655112506,30.062966782775035,-366.9041800023094,11.2
3,-112.68750066788851,17.93594868939526,-361.8881118881057,13.857653966435647,-100.0861655112506,30.062966782775035,-366.9041800023094,11.2
3,-113.30805553013856,17.95566401200721,-361.7512921860685,14.10526920552568,-100.0861655112506,30.062966782775035,-366.9041800023094,11.2
3,-113.55628677294303,17.963253765976432,-361.7512921860685,14.277946701641886,-100.0861655112506,30.062966782775035,-366.9041800023094,11.2
3,-113.55628677294303,17.963253765976432,-361.7512921860685,14.369252739242327,-100.0861655112506,30.062966782775035,-366.9041800023094,11.2
3,-113.55628677294303,17.963253765976432,-361.7512921860685,14.322519417377384,-100.0861655112506,30.062966782775035,-366.9041800023094,11.2
3,-113.55628677294303,17.963253765976432,-361.7512921860685,14.320360495838983,-100.0861655112506,30.062966782775035,-366.9041800023094,11.2
3,-113.55628677294303,17.963253765976432,-361.7512921860685,14.434851762674167,-100.0861655112506,30.062966782775035,-366.9041800023094,11.2
3,-113.43217580049293,17.95931070145404,-361.8881118881057,14.541486918765068,-100.0861655112506,30.062966782775035,-366.9041800023094,11.2
3,-113.18398387238595,17.950535517171403,-362.16175129217976,14.623681348633093,-100.0861655112506,30.062966782775035,-366.9041800023094,11.2
3,-112.68773989579171,17.929429663682438,-362.7090301003282,14.526139936489406,-100.0861655112506,30.062966782775035,-366.9041800023094,11.2
3,-112.31570159161357,17.910490185333252,-363.1194892064395,14.458992579469324,-100.0861655112506,30.062966782775035,-366.9041800023094,11.2
3,-111.5719687908157,17.86639382412641,-363.6667680145877,14.384171232548896,-100.0861655112506,30.062966782775035,-366.9041800023094,11.2
3,-110.82869111178636,17.815195582837383,-364.21404682273595,14.161762796577143,-100.0861655112506,30.062966782775035,-366.9041800023094,11.2
3,-110.08579716145738,17.758673800356313,-364.4876862268103,13.865245818007732,-100.0861655112506,30.062966782775035,-366.9041800023094,11.2
3,-109.34318162539758,17.698604682393363,-364.7613256308846,13.52392826647454,-100.0861655112506,30.062966782775035,-366.9041800023094,11.2
3,-108.10573048838677,17.59553412283614,-364.7613256308846,13.158094709120176,-100.0861655112506,30.062966782775035,-366.9041800023094,11.2
3,-107.85824026098443,17.57492001092468,-364.7613256308846,12.757598136140155,-100.0861655112506,30.062966782775035,-366.9041800023094,11.2
3,-106.12580866916895,17.430621227544535,-364.7613256308846,12.26140896435025,-100.0861655112506,30.062966782775035,-366.9041800023094,11.2
3,-104.64057759704934,17.31048299161863,-364.4876862268103,11.754212809718277,-100.0861655112506,30.062966782775035,-366.9041800023094,11.2
3,-103.40264831901366,17.213323538559145,-364.4876862268103,11.305711859351868,-100.0861655112506,30.062966782775035,-366.9041800023094,11.2
3,-102.41212305190845,17.137961161917723,-364.2140468227362,10.786478015739526,-100.0861655112506,30.062966782775035,-366.9041800023094,11.2
3,-101.91660459922214,17.103829001058365,-363.6667680145877,10.366671870502357,-100.0861655112506,30.062966782775035,-366.9041800023094,11.2
3,-101.04885738063608,17.053419390492866,-362.98266950440234,10.124557688361179,-100.0861655112506,30.062966782775035,-366.9041800023094,11.2
3,-100.80081665110657,17.041089202695428,-362.7090301003282,10.266003419676242,-100.0861655112506,30.062966782775035,-366.9041800023094,11.2
3,-100.6767749106338,17.035368375760445,-362.5722103982911,10.359997320179158,-100.0861655112506,30.062966782775035,-366.9041800023094,11.2
3,-100.3046097670242,17.01909456105994,-362.4353906962541,10.41423151661555,-100.0861655112506,30.062966782775035,-366.9041800023094,11.2
3,-99.93244462341461,17.002820746359436,-362.5722103982911,10.710850388623257,-100.0861655112506,30.062966782775035,-366.9041800023094,11.2
3,-99.43630569097016,16.97934505979388,-362.84584980236514,10.791062157961203,-100.0861655112506,30.062966782775035,-366.9041800023094,11.2
3,-98.69237077278088,16.938801187839488,-363.3931286105134,10.799527931453053,-100.0861655112506,30.062966782775035,-366.9041800023094,11.2
3,-97.94874327227771,16.89292882333043,-363.6667680145877,10.723158297755756,-100.0861655112506,30.062966782775035,-366.9041800023094,11.2
3,-97.20534333395645,16.843505498531577,-363.94040741866206,10.584124024332237,-100.0861655112506,30.062966782775035,-366.9041800023094,11.2
3,-96.462187914219,16.790532340752364,-364.21404682273646,10.215822072637605,-100.0861655112506,30.062966782775035,-366.9041800023094,11.2
3,-95.34795033526622,16.704419332487817,-364.62450592884767,9.884044009449044,-100.0861655112506,30.062966782775035,-366.9041800023094,11.2
3,-94.60519347435208,16.646123716055595,-364.3508665247733,9.489374504141406,-100.0861655112506,30.062966782775035,-366.9041800023094,11.2
3,-94.23364809509339,16.61919353285175,-363.94040741866206,9.047137739240426,-100.0861655112506,30.062966782775035,-366.9041800023094,11.2
3,-93.61410014882517,16.578747174861256,-363.5299483125508,9.058344228925128,-100.0861655112506,30.062966782775035,-366.9041800023094,11.2
3,-93.36618850838984,16.564048345883577,-363.2563089084767,9.054760607136698,-100.0861655112506,30.062966782775035,-366.9041800023094,11.2
3,-93.242207069947,16.557142973918033,-363.1194892064395,9.054227119316947,-100.0861655112506,30.062966782775035,-366.9041800023094,11.2
3,-93.242207069947,16.557142973918033,-363.1194892064395,9.060761366192787,-100.0861655112506,30.062966782775035,-366.9041800023094,11.2
3,-93.242207069947,16.557142973918033,-363.1194892064395,9.449032945930943,-100.0861655112506,30.062966782775035,-366.9041800023094,11.2
3,-93.242207069947,16.557142973918033,-363.1194892064395,9.755098750977444,-100.0861655112506,30.062966782775035,-366.9041800023094,11.2
3,-93.242207069947,16.557142973918033,-363.1194892064395,10.010014665707198,-100.0861655112506,30.062966782775035,-366.9041800023094,11.2
3,-93.11822563150416,16.55023760195249,-363.2563089084767,10.217327459581513,-100.0861655112506,30.062966782775035,-366.9041800023094,11.2
3,-92.99426103624931,16.543036187949813,-363.3931286105138,10.213614257718922,-100.0861655112506,30.062966782775035,-366.9041800023094,11.2
3,-92.49850936924713,16.512454611610444,-363.66676801458794,10.223500166573645,-100.0861655112506,30.062966782775035,-366.9041800023094,11.2
3,-91.75510943092587,16.463031286811574,-363.94040741866235,9.941725230894807,-100.0861655112506,30.062966782775035,-366.9041800023094,11.2
3,-91.38350009667239,16.43698836342452,-364.0772271206992,9.633252369100331,-100.0861655112506,30.062966782775035,-366.9041800023094,11.2
3,-91.38350009667239,16.43698836342452,-364.0772271206992,9.328374775157615,-100.0861655112506,30.062966782775035,-366.9041800023094,11.2
3,-91.01183033914748,16.411832947362544,-363.66676801458794,9.105251004335848,-100.0861655112506,30.062966782775035,-366.9041800023094,11.2
3,-90.88790155082698,16.404039574167868,-363.5299483125508,9.2305087645157,-100.0861655112506,30.062966782775035,-366.9041800023094,11.2
3,-90.88790155082698,16.404039574167868,-363.5299483125508,9.29785345712064,-100.0861655112506,30.062966782775035,-366.9041800023094,11.2
3,-90.88790155082698,16.404039574167868,-363.5299483125508,9.311975164070693,-100.0861655112506,30.062966782775035,-366.9041800023094,11.2
3,-90.88790155082698,16.404039574167868,-363.5299483125508,9.305176452698953,-100.0861655112506,30.062966782775035,-366.9041800023094,11.2
3,-90.88790155082698,16.404039574167868,-363.5299483125508,9.26850033542818,-100.0861655112506,30.062966782775035,-366.9041800023094,11.2
3,-90.88790155082698,16.404039574167868,-363.5299483125508,9.276627572606634,-100.0861655112506,30.062966782775035,-366.9041800023094,11.2
3,-90.88790155082698,16.404039574167868,-363.5299483125508,9.220228601213694,-100.0861655112506,30.062966782775035,-366.9041800023094,11.2
3,-90.88790155082698,16.404039574167868,-363.5299483125508,9.099985313854086,-100.0861655112506,30.062966782775035,-366.9041800023094,11.2
3,-91.13581319126232,16.418738403145547,-363.2563089084767,8.937705858017141,-100.0861655112506,30.062966782775035,-366.9041800023094,11.2
3,-91.38379220435354,16.432253065662827,-362.98266950440257,8.722412538106328,-100.0861655112506,30.062966782775035,-366.9041800023094,11.2
3,-91.38379220435354,16.432253065662827,-362.98266950440257,8.67091163222948,-100.0861655112506,30.062966782775035,-366.9041800023094,11.2
3,-91.50778977900215,16.438862356214575,-363.1194892064398,8.618468889758335,-100.0861655112506,30.062966782775035,-366.9041800023094,11.2
3,-91.50778977900215,16.438862356214575,-363.1194892064398,8.522971339256541,-100.0861655112506,30.062966782775035,-366.9041800023094,11.2
3,-91.63177121744499,16.44576772818012,-363.25630890847697,8.378135905189222,-100.0861655112506,30.062966782775035,-366.9041800023094,11.2
3,-91.87971748678767,16.459874527555257,-363.25630890847697,8.222767946135201,-100.0861655112506,30.062966782775035,-366.9041800023094,11.2
3,-92.25166180211593,16.480590643451865,-363.11948920644005,8.176447040435104,-100.0861655112506,30.062966782775035,-366.9041800023094,11.2
3,-92.74762029965105,16.507619994174778,-363.11948920644005,8.377159348929737,-100.0861655112506,30.062966782775035,-366.9041800023094,11.2
3,-93.61570967606654,16.55181211032288,-362.7090301003288,8.556707404815745,-100.0861655112506,30.062966782775035,-366.9041800023094,11.2
3,-94.85619361777948,16.60753926949866,-362.4353906962547,8.954189625495491,-100.0861655112506,30.062966782775035,-366.9041800023094,11.2
3,-96.0969295590375,16.657341377767747,-362.16175129218055,9.470094735383299,-100.0861655112506,30.062966782775035,-366.9041800023094,11.2
3,-97.33788919957284,16.701217299180954,-361.88811188810644,10.043292046272288,-100.0861655112506,30.062966782775035,-366.9041800023094,11.2
