phase,x,y,theta,alpha,ref_x,ref_y,ref_theta,ref_alpha
0,0.0,0.0,0.0,89.87082755150333,0,0,0.0,11.2
0,0.0,0.0,0.0,89.8687011252233,0,0,0.0,11.2
0,0.0,0.0,0.0,89.86937465291813,0,0,0.0,11.2
0,0.0,0.0,0.0,89.86909096011016,0,0,0.0,11.2
0,0.0,0.0,0.0,89.87049465825736,0,0,0.0,11.2
0,0.0,0.0,0.0,89.87197440940794,0,0,0.0,11.2
0,0.0,0.0,0.0,89.87032265859092,0,0,0.0,11.2
0,0.0,0.0,0.0,89.87234700714671,0,0,0.0,11.2
0,0.0,0.0,0.0,89.87437629489281,0,0,0.0,11.2
0,0.0,0.0,0.0,89.87589954576356,0,0,0.0,11.2
0,0.0,0.0,0.0,89.87599271610003,0,0,0.0,11.2
0,0.0,0.0,0.0,89.87500898990753,0,0,0.0,11.2
0,0.0,0.0,0.0,89.87667295650208,0,0,0.0,11.2
0,0.0,0.0,0.0,89.87935967836289,0,0,0.0,11.2
0,0.0,0.0,0.0,89.87983809434161,0,0,0.0,11.2
0,0.0,0.0,0.0,89.88030512242932,0,0,0.0,11.2
0,0.0,0.0,0.0,89.88132388691118,0,0,0.0,11.2
0,0.0,0.0,0.0,89.88185647285748,0,0,0.0,11.2
0,0.0,0.0,0.0,89.88292676679039,0,0,0.0,11.2
0,0.0,0.0,0.0,89.88451602351374,0,0,0.0,11.2
0,0.0,0.0,0.0,89.88396118766019,0,0,0.0,11.2
0,0.0,0.0,0.0,89.88396818590275,0,0,0.0,11.2
0,0.0,0.0,0.0,89.88600666624284,0,0,0.0,11.2
0,0.0,0.0,0.0,89.883875034358,0,0,0.0,11.2
0,0.0,0.0,0.0,89.88442906176573,0,0,0.0,11.2
0,0.0,0.0,0.0,89.88387148803304,0,0,0.0,11.2
0,0.0,0.0,0.0,89.88385569687087,0,0,0.0,11.2
0,0.0,0.0,0.0,89.88540884157057,0,0,0.0,11.2
0,0.0,0.0,0.0,89.88427857845836,0,0,0.0,11.2
0,0.0,0.0,0.0,89.88529130103485,0,0,0.0,11.2
0,0.0,0.0,0.0,89.88739325779788,0,0,0.0,11.2
0,0.0,0.0,0.0,89.89006090477592,0,0,0.0,11.2
0,0.0,0.0,0.0,89.89118027188428,0,0,0.0,11.2
0,0.0,0.0,0.0,89.89235209779655,0,0,0.0,11.2
0,0.0,0.0,0.0,89.89091446901884,0,0,0.0,11.2
0,0.0,0.0,0.0,89.89317837090518,0,0,0.0,11.2
0,0.0,0.0,0.0,89.89485018300486,0,0,0.0,11.2
0,0.0,0.0,0.0,89.89644540828223,0,0,0.0,11.2
0,0.0,0.0,0.0,89.897039204789,0,0,0.0,11.2
0,0.0,0.0,0.0,89.89712424318841,0,0,0.0,11.2
0,0.0,0.0,0.0,89.89614595989576,0,0,0.0,11.2
0,0.0,0.0,0.0,89.89771175130016,0,0,0.0,11.2
0,0.0,0.0,0.0,89.89823964713293,0,0,0.0,11.2
0,0.0,0.0,0.0,89.89814931055972,0,0,0.0,11.2
0,0.0,0.0,0.0,89.89803637272091,0,0,0.0,11.2
0,0.0,0.0,0.0,89.89689204005816,0,0,0.0,11.2
0,0.0,0.0,0.0,89.89565941472779,0,0,0.0,11.2
0,0.0,0.0,0.0,89.89806250049125,0,0,0.0,11.2
0,0.0,0.0,0.0,89.89845382934126,0,0,0.0,11.2
0,0.0,0.0,0.0,89.89813840269885,0,0,0.0,11.2
0,0.0,0.0,0.0,89.8978662414191,0,0,0.0,11.2
0,0.0,0.0,0.0,89.89704376859113,0,0,0.0,11.2
0,0.0,0.0,0.0,89.89764794169274,0,0,0.0,11.2
0,0.0,0.0,0.0,89.8979136465182,0,0,0.0,11.2
0,0.0,0.0,0.0,89.89807699988128,0,0,0.0,11.2
0,0.0,0.0,0.0,89.89566757774224,0,0,0.0,11.2
0,0.0,0.0,0.0,89.89602290482223,0,0,0.0,11.2
0,0.0,0.0,0.0,89.89514190664582,0,0,0.0,11.2
0,0.0,0.0,0.0,89.89635776880117,0,0,0.0,11.2
0,0.0,0.0,0.0,89.8971054940514,0,0,0.0,11.2
0,0.0,0.0,0.0,89.89676318081841,0,0,0.0,11.2
0,0.0,0.0,0.0,89.89600157850411,0,0,0.0,11.2
0,0.0,0.0,0.0,89.89623305388447,0,0,0.0,11.2
0,0.0,0.0,0.0,89.8964253687677,0,0,0.0,11.2
0,0.0,0.0,0.0,89.89812113702267,0,0,0.0,11.2
0,0.0,0.0,0.0,89.89829160203067,0,0,0.0,11.2
0,0.0,0.0,0.0,89.89844031495481,0,0,0.0,11.2
0,0.0,0.0,0.0,89.89562717213886,0,0,0.0,11.2
0,0.0,0.0,0.0,89.89497011981108,0,0,0.0,11.2
0,0.0,0.0,0.0,89.89641065328716,0,0,0.0,11.2
0,0.0,0.0,0.0,89.89415791412492,0,0,0.0,11.2
0,0.0,0.0,0.0,89.9661996393846,0,0,0.0,11.2
0,0.0,0.0,0.0,89.84365189417433,0,0,0.0,11.2
0,0.0,0.0,0.0,89.79424478696619,0,0,0.0,11.2
0,0.0,0.0,0.0,89.73802969319881,0,0,0.0,11.2
0,0.0,0.0,0.0,89.4877728810717,0,0,0.0,11.2
0,0.0,0.0,0.0,88.92524445500293,0,0,0.0,11.2
0,0.0,0.0,0.0,88.20090090310946,0,0,0.0,11.2
0,0.0,0.0,0.0,87.32040678349209,0,0,0.0,11.2
0,0.0,0.0,0.0,86.19954154080354,0,0,0.0,11.2
0,-0.12417350465849462,0.00014826039653970113,-0.13681970203709334,84.89733762751604,0,0,0.0,11.2
0,-0.12417350465849462,0.00014826039653970113,-0.13681970203709334,83.42134284521946,0,0,0.0,11.2
0,-0.12417350465849462,0.00014826039653970113,-0.13681970203709334,81.7404470648843,0,0,0.0,11.2
0,-0.12417350465849462,0.00014826039653970113,-0.13681970203709334,79.82636041542017,0,0,0.0,11.2
0,-0.12417350465849462,0.00014826039653970113,-0.13681970203709334,77.59962449946636,0,0,0.0,11.2
0,-0.12417350465849462,0.00014826039653970113,-0.13681970203709334,75.13925173468337,0,0,0.0,11.2
0,-0.12417350465849462,0.00014826039653970113,-0.13681970203709334,72.52320779455158,0,0,0.0,11.2
0,-0.12417350465849462,0.00014826039653970113,-0.13681970203709334,69.76126752718167,0,0,0.0,11.2
0,-0.12417350465849462,0.00014826039653970113,-0.13681970203709334,66.8908590024642,0,0,0.0,11.2
0,-0.12417350465849462,0.00014826039653970113,-0.13681970203709334,63.948421943435015,0,0,0.0,11.2
0,-0.12417350465849462,0.00014826039653970113,-0.13681970203709334,60.97054419458383,0,0,0.0,11.2
0,-0.12417350465849462,0.00014826039653970113,-0.13681970203709334,57.97397724806075,0,0,0.0,11.2
0,-0.12417350465849462,0.00014826039653970113,-0.13681970203709334,54.98618717123097,0,0,0.0,11.2
0,-0.12417350465849462,0.00014826039653970113,-0.13681970203709334,51.996042891192005,0,0,0.0,11.2
0,-0.12417350465849462,0.00014826039653970113,-0.13681970203709334,48.954302321363144,0,0,0.0,11.2
0,-0.12417350465849462,0.00014826039653970113,-0.13681970203709334,45.83831684411374,0,0,0.0,11.2
0,-0.12417350465849462,0.00014826039653970113,-0.13681970203709334,42.5917583824795,0,0,0.0,11.2
0,-0.12417350465849462,0.00014826039653970113,-0.13681970203709334,39.407663080244845,0,0,0.0,11.2
0,-0.12417350465849462,0.00014826039653970113,-0.13681970203709334,36.35478237140978,0,0,0.0,11.2
0,-0.12417350465849462,0.00014826039653970113,-0.13681970203709334,33.42628890260608,0,0,0.0,11.2
0,-0.12417350465849462,0.00014826039653970113,-0.13681970203709334,30.69922462077909,0,0,0.0,11.2
1,0.0,0.0,0.0,28.11665779452026,0,0,0.0,11.2
1,0.0,0.0,0.0,25.696719538068816,0,0,0.0,11.2
1,0.0,0.0,0.0,23.3897458053123,0,0,0.0,11.2
1,0.0,0.0,0.0,21.186796268439526,0,0,0.0,11.2
1,-0.12417350465849462,0.00014826039653970113,-0.13681970203709334,19.14640160383184,0,0,0.0,11.2
1,-1.1175615419264517,0.00014826039653970113,0.1368197020370934,17.355404110517362,0,0,0.0,11.2
1,-2.855970781005751,-0.008154286301818475,0.41045910611127995,15.925000235686934,0,0,0.0,11.2
1,-5.711793103452423,-0.03884354670968061,0.8209182122225599,15.684402882005092,0,0,0.0,11.2
1,-9.063936064755477,-0.09888569751105133,1.2313773183338395,16.19617655571737,0,0,0.0,11.2
1,-13.28463154814992,-0.19969313799999316,1.505016722408026,17.446225259420967,0,0,0.0,11.2
1,-15.022462557601203,-0.24535211077108143,1.505016722408026,19.34923575524331,0,0,0.0,11.2
1,-25.11156939966329,-0.24535211077108143,1.505016722408027,21.59923413148436,0,0,0.0,11.2
1,-29.82853928245963,-0.36928360829260676,1.505016722408027,24.234194593345887,0,0,0.0,11.2
1,-34.54578717566518,-0.4819507476625994,1.2313773183338375,26.241636849144424,0,0,0.0,11.2
1,-38.76691596887899,-0.5625994594038825,0.9577379142596518,27.893732648781203,0,0,0.0,11.2
1,-42.74025664153997,-0.6005532371713144,0.13681970203709085,28.785241381626715,0,0,0.0,11.2
1,-44.35449379215035,-0.5947711256683796,-0.5472788081483754,28.900030205560284,0,0,0.0,11.2
1,-44.97528342876728,-0.5851346395094421,-1.2313773183338417,28.251658636238485,0,0,0.0,11.2
1,-44.72700722386172,-0.5910644889499681,-1.5050167224080273,27.311075550313614,0,0,0.0,11.2
1,-44.72700722386172,-0.5910644889499681,-1.5050167224080273,26.80773566078935,0,0,0.0,11.2
1,-44.72700722386172,-0.5910644889499681,-1.5050167224080273,26.571390566923228,0,0,0.0,11.2
1,-44.72700722386172,-0.5910644889499681,-1.5050167224080273,26.359067632344047,0,0,0.0,11.2
1,-44.47874565108296,-0.5975871993458379,-1.5050167224080273,26.36513808530703,0,0,0.0,11.2
1,-44.1063419638867,-0.6069266278879211,-1.3681970203709362,26.325687423412468,0,0,0.0,11.2
1,-43.485633751352694,-0.621010160853746,-1.2313773183338417,26.053434011818098,0,0,0.0,11.2
1,-42.36835896879148,-0.6463605201922317,-1.3681970203709326,25.570345429045066,0,0,0.0,11.2
1,-40.258071408012654,-0.6992839485973676,-1.5050167224080273,24.807282957747514,0,0,0.0,11.2
1,-37.8996626937411,-0.7640656142361263,-1.6418364244451182,23.878629032301742,0,0,0.0,11.2
1,-34.92071922543503,-0.8494519564875644,-1.6418364244451182,22.557620747386316,0,0,0.0,11.2
1,-30.576579472300676,-0.9791605708038068,-1.7786561264822114,20.903567397330757,0,0,0.0,11.2
1,-26.72891283381025,-1.094045343483907,-1.6418364244451182,19.07687357560359,0,0,0.0,11.2
1,-22.50874292037665,-1.2150093283401109,-1.6418364244451182,17.140564572018206,0,0,0.0,11.2
1,-17.916052266268885,-1.341163098268218,-1.5050167224080255,15.168356980668943,0,0,0.0,11.2
1,-13.695605529030054,-1.4520491749980036,-1.5050167224080255,13.301978464883506,0,0,0.0,11.2
1,-8.730081430918945,-1.5706461638085234,-1.2313773183338388,11.5525031104197,0,0,0.0,11.2
1,-3.515745862831297,-1.6702710430183434,-0.9577379142596522,9.921615636696355,0,0,0.0,11.2
1,-0.4117799799509658,-1.7184537485660158,-0.8209182122225589,8.42336398920144,0,0,0.0,11.2
1,2.6922921110101186,-1.7592241951598566,-0.6840985101854655,7.369975635556421,0,0,0.0,11.2
1,5.2997870138512,-1.7872448774888536,-0.5472788081483718,7.041866185152838,0,0,0.0,11.2
1,7.907341394348039,-1.8090389072251745,-0.4104591061112779,6.9772368698649405,0,0,0.0,11.2
1,9.397406456416011,-1.8161553758237672,-0.1368197020370913,7.379709340625904,0,0,0.0,11.2
1,10.266620989025474,-1.817193198599545,1.5654292572828246e-15,7.880820380361732,0,0,0.0,11.2
1,12.129223558902893,-1.8149692926514496,0.1368197020370944,8.453156015564598,0,0,0.0,11.2
1,14.115999633438808,-1.8149692926514496,-0.13681970203709226,9.078283997499307,0,0,0.0,11.2
1,15.854408872518107,-1.8232718393498077,-0.41045910611127895,9.301100963360996,0,0,0.0,11.2
1,17.716947715730136,-1.8388390034471798,-0.5472788081483718,9.108080305665531,0,0,0.0,11.2
1,21.069441162240096,-1.8748655950130326,-0.6840985101854665,8.677249336633386,0,0,0.0,11.2
1,23.925187485924294,-1.9123744058793664,-0.8209182122225595,7.84198199209617,0,0,0.0,11.2
1,27.029153368804625,-1.960557111427039,-0.9577379142596522,6.847041410517557,0,0,0.0,11.2
1,28.27071612034295,-1.9813126102120107,-0.9577379142596522,5.624658473580334,0,0,0.0,11.2
1,34.72684242834225,-2.0892412038938626,-0.9577379142596522,4.258057530180989,0,0,0.0,11.2
1,37.33417376996173,-2.129714676553907,-0.8209182122225573,2.8658249810131844,0,0,0.0,11.2
1,40.065796153377555,-2.1623311733227664,-0.5472788081483678,1.8289768445627217,0,0,0.0,11.2
1,42.3008618831771,-2.1783431515813003,-0.2736394040741821,1.4219460648923647,0,0,0.0,11.2
1,44.1634609126674,-2.1805670533022883,0.1368197020370984,1.4943068230510286,0,0,0.0,11.2
1,44.90849344370138,-2.177008819002992,0.410459106111288,1.9786908929797307,0,0,0.0,11.2
1,45.40516480401928,-2.172264560711057,0.6840985101854737,2.574964062093714,0,0,0.0,11.2
1,45.65349434761179,-2.1692994218231307,0.6840985101854737,3.3289545708301116,0,0,0.0,11.2
1,45.90181586656544,-2.16574129573747,0.9577379142596594,4.003278907261987,0,0,0.0,11.2
1,46.02596954556479,-2.1635175081475375,1.094557616296754,4.581621716200073,0,0,0.0,11.2
1,46.27427147526626,-2.1587734617717222,1.094557616296754,5.121561151268121,0,0,0.0,11.2
1,46.895039870263,-2.147654523822059,0.9577379142596594,5.643847365883802,0,0,0.0,11.2
1,47.639977521186,-2.135201224551076,0.9577379142596594,5.757332474298614,0,0,0.0,11.2
1,48.63322772241666,-2.1185968255230985,0.9577379142596594,5.7757117486365015,0,0,0.0,11.2
1,49.75065544025358,-2.101251051525936,0.8209182122225684,5.478697362536728,0,0,0.0,11.2
1,51.24066527293653,-2.087018317230069,0.27363940407419707,4.929239422744937,0,0,0.0,11.2
1,52.482396779134355,-2.0840531135263825,1.1380422219611646e-14,4.295619096598398,0,0,0.0,11.2
1,53.72412828533218,-2.087018317230069,-0.2736394040741743,3.608593888674715,0,0,0.0,11.2
1,54.71750593747104,-2.0917626341380675,-0.2736394040741743,2.872201113721754,0,0,0.0,11.2
1,55.46254484118973,-2.0935417563602794,1.5306419404543174e-14,2.4956005295939496,0,0,0.0,11.2
1,55.46254484118973,-2.0935417563602794,1.5306419404543174e-14,2.6975757934661635,0,0,0.0,11.2
1,55.46254484118973,-2.0935417563602794,1.5306419404543174e-14,2.835027775383814,0,0,0.0,11.2
1,55.46254484118973,-2.0935417563602794,1.5306419404543174e-14,2.836349102516274,0,0,0.0,11.2
1,55.46254484118973,-2.0935417563602794,1.5306419404543174e-14,2.7088053481020196,0,0,0.0,11.2
1,55.46254484118973,-2.0935417563602794,1.5306419404543174e-14,2.636114377587299,0,0,0.0,11.2
1,55.46254484118973,-2.0935417563602794,1.5306419404543174e-14,2.4084651454443358,0,0,0.0,11.2
1,55.46254484118973,-2.0935417563602794,1.5306419404543174e-14,2.1277479178096868,0,0,0.0,11.2
1,55.46254484118973,-2.0935417563602794,1.5306419404543174e-14,1.7938819685206087,0,0,0.0,11.2
1,55.33837133653124,-2.093690016756819,0.1368197020371101,1.4413505800552124,0,0,0.0,11.2
1,54.84168298250858,-2.09606217295635,0.41045910611129577,1.2368623826281382,0,0,0.0,11.2
1,54.46917521386617,-2.0991756057758244,0.5472788081483867,1.1727771431199046,0,0,0.0,11.2
1,53.103438013308924,-2.120375875325487,1.2313773183338528,1.3875032866121906,0,0,0.0,11.2
1,50.99315446371049,-2.173299203135114,1.6418364244451331,1.7812240431036057,0,0,0.0,11.2
1,48.88330419695745,-2.2413388255202933,2.052295530556414,2.4418899419911475,0,0,0.0,11.2
1,46.277687561503825,-2.3440565271377913,2.4627546366676945,3.550482564076282,0,0,0.0,11.2
1,42.308224568033935,-2.5242792362128927,2.736394040741884,4.781740813968614,0,0,0.0,11.2
1,38.95955394385184,-2.688337990724702,2.8732137427789786,6.2399852297984655,0,0,0.0,11.2
1,35.23902822106102,-2.875067893758365,2.8732137427789786,7.919637541043662,0,0,0.0,11.2
1,33.99885298013075,-2.937311194769586,2.8732137427789786,9.570782197998316,0,0,0.0,11.2
1,27.05306568288986,-3.269288088926861,2.5995743387047927,11.195071161598039,0,0,0.0,11.2
1,23.82753652614483,-3.4080170267472285,2.3259349346306046,12.743777783465537,0,0,0.0,11.2
1,20.849547364621923,-3.5218532561993015,2.052295530556419,14.205516289428157,0,0,0.0,11.2
1,18.226379585685784,-3.5218532561993015,2.0522955305564197,15.17637285631696,0,0,0.0,11.2
1,16.240713673675216,-3.588261510411977,1.778656126482234,15.704888144456756,0,0,0.0,11.2
1,14.999488408193585,-3.6238391192041957,1.5050167224080475,15.687930691354607,0,0,0.0,11.2
1,14.130546471402303,-3.6456311191357225,1.3681970203709546,15.28829132489596,0,0,0.0,11.2
1,13.758121543881899,-3.6540812389152175,1.2313773183338617,14.585114088229956,0,0,0.0,11.2
1,13.509831650684415,-3.6594182048577695,1.2313773183338617,13.710988590095447,0,0,0.0,11.2
1,13.509831650684415,-3.6594182048577695,1.2313773183338617,12.847186105835947,0,0,0.0,11.2
1,13.385683635965304,-3.661938459134971,1.0945576162967678,12.081555184701074,0,0,0.0,11.2
1,12.889079776562365,-3.671426551886602,1.0945576162967678,11.36088955371295,0,0,0.0,11.2
1,11.895921147658717,-3.6927743953680685,1.3681970203709546,11.243242282450193,0,0,0.0,11.2
1,10.778710086069925,-3.7207926809943173,1.5050167224080486,11.427439567562839,0,0,0.0,11.2
1,9.289239767491965,-3.76348581154498,1.7786561264822347,11.955694857925927,0,0,0.0,11.2
1,6.93157085718355,-3.850790770316928,2.4627546366677016,12.60193494430316,0,0,0.0,11.2
1,4.822679326519787,-3.944016251525936,2.599574338704795,13.461035568637614,0,0,0.0,11.2
1,2.8381686701652473,-4.038866792713728,2.873213742778982,14.412793495753206,0,0,0.0,11.2
1,0.35753034972207454,-4.157429969198469,2.5995743387047954,15.49407086405244,0,0,0.0,11.2
1,0.35753034972207454,-4.157429969198469,2.5995743387047954,16.332148935056843,0,0,0.0,11.2
1,0.35753034972207454,-4.157429969198469,2.5995743387047954,16.967156029798716,0,0,0.0,11.2
1,-0.5109242907704413,-4.193743134612326,2.1891152325935153,16.87469643712626,0,0,0.0,11.2
1,-0.6350128357472449,-4.198338158644711,2.052295530556422,16.542383365175848,0,0,0.0,11.2
1,-0.6350128357472449,-4.198338158644711,2.052295530556422,15.983763914521196,0,0,0.0,11.2
1,-0.6350128357472449,-4.198338158644711,2.052295530556422,15.593853252693028,0,0,0.0,11.2
1,-0.6350128357472449,-4.198338158644711,2.052295530556422,15.427213350139214,0,0,0.0,11.2
1,-0.6350128357472449,-4.198338158644711,2.052295530556422,15.415681880023188,0,0,0.0,11.2
1,-0.6350128357472449,-4.198338158644711,2.052295530556422,15.410188339639676,0,0,0.0,11.2
1,-0.6350128357472449,-4.198338158644711,2.052295530556422,15.328464341501938,0,0,0.0,11.2
1,-0.6350128357472449,-4.198338158644711,2.052295530556422,15.196896934866892,0,0,0.0,11.2
1,-0.5109136718700332,-4.194039465204214,1.915475828519328,15.243831609399441,0,0,0.0,11.2
1,-0.5109136718700332,-4.194039465204214,1.915475828519328,15.304178734847724,0,0,0.0,11.2
1,-0.38680459674592377,-4.190037126868128,1.778656126482235,15.361357137808046,0,0,0.0,11.2
1,-0.38680459674592377,-4.190037126868128,1.778656126482235,15.517959689457786,0,0,0.0,11.2
1,-0.38680459674592377,-4.190037126868128,1.778656126482235,15.736017098693411,0,0,0.0,11.2
1,-0.26268631808494236,-4.186331166459093,1.6418364244451416,15.966245043155967,0,0,0.0,11.2
1,-0.014424981250842989,-4.179808462262324,1.368197020370955,16.12679888638487,0,0,0.0,11.2
1,0.6063139124579242,-4.167207214828492,0.957737914259675,16.106637062727263,0,0,0.0,11.2
1,1.1029569503652374,-4.160090962657171,0.6840985101854884,15.844559567554185,0,0,0.0,11.2
1,2.965517035851552,-4.148971559730353,2.1667528767470207e-14,15.420294018875612,0,0,0.0,11.2
1,4.703941144528504,-4.153122844915514,-0.273639404074165,14.84904469605939,0,0,0.0,11.2
1,6.566476447474539,-4.168689979423191,-0.684098510185445,14.045978571042845,0,0,0.0,11.2
1,9.298013155964762,-4.2078293663654565,-0.9577379142596321,13.104562336089154,0,0,0.0,11.2
1,11.408625698953681,-4.245633755394312,-1.0945576162967259,12.092336074781414,0,0,0.0,11.2
1,13.891644995968376,-4.293074219152465,-1.0945576162967259,11.102142765413795,0,0,0.0,11.2
1,16.0022575389573,-4.330878608181321,-0.9577379142596318,10.00248353809667,0,0,0.0,11.2
1,17.49213284080329,-4.355785206723286,-0.9577379142596318,9.016215303975443,0,0,0.0,11.2
1,20.47207603547892,-4.391366738113054,-0.4104591061112596,8.09281931520225,0,0,0.0,11.2
1,21.96214109754689,-4.398483206711647,-0.13681970203707194,7.656830701674333,0,0,0.0,11.2
1,23.452214656531844,-4.39492497241235,0.41045910611130143,7.329462357631025,0,0,0.0,11.2
1,24.197237274525087,-4.389587641253641,0.41045910611130143,7.241678908589095,0,0,0.0,11.2
1,24.693908634842984,-4.384843382961706,0.6840985101854891,7.341889046864808,0,0,0.0,11.2
1,24.94223015379664,-4.381285256876046,0.9577379142596767,7.8333414935393115,0,0,0.0,11.2
1,25.1905318475151,-4.376541215008912,1.2313773183338643,8.334399152173768,0,0,0.0,11.2
1,25.1905318475151,-4.376541215008912,1.2313773183338643,8.824868589611556,0,0,0.0,11.2
1,26.05960594859367,-4.360974731467816,0.8209182122225857,9.156641298733618,0,0,0.0,11.2
1,26.556249458504688,-4.353858472533291,0.8209182122225857,9.120699632661045,0,0,0.0,11.2
1,27.425412774031937,-4.344518262843942,0.4104591061113072,8.922272772282387,0,0,0.0,11.2
1,28.41878948207725,-4.33977395044488,0.13681970203712154,8.633165157046719,0,0,0.0,11.2
1,29.288004014686713,-4.338736127669102,2.869953638351846e-14,8.181273563883405,0,0,0.0,11.2
1,30.405565556613166,-4.34007047123796,-0.13681970203706414,7.703893828665357,0,0,0.0,11.2
1,31.64729824293801,-4.343035677759741,-0.13681970203706414,7.13316985164249,0,0,0.0,11.2
1,32.019818756913494,-4.34348045894936,3.066253497598422e-14,6.5653236530768,0,0,0.0,11.2
1,33.13738029883994,-4.342146115380502,0.13681970203712351,6.311020576542503,0,0,0.0,11.2
1,33.50990081281543,-4.341701334190883,2.869953638351846e-14,6.129484394083371,0,0,0.0,11.2
1,33.634074317473925,-4.341553073794344,0.13681970203712154,6.150698238498221,0,0,0.0,11.2
1,33.634074317473925,-4.341553073794344,0.13681970203712154,6.444890267796926,0,0,0.0,11.2
1,33.634074317473925,-4.341553073794344,0.13681970203712154,6.512089065688132,0,0,0.0,11.2
1,33.634074317473925,-4.341553073794344,0.13681970203712154,6.467607225139137,0,0,0.0,11.2
1,33.634074317473925,-4.341553073794344,0.13681970203712154,6.478844910048585,0,0,0.0,11.2
1,33.634074317473925,-4.341553073794344,0.13681970203712154,6.493531123326868,0,0,0.0,11.2
1,33.634074317473925,-4.341553073794344,0.13681970203712154,6.409726900392246,0,0,0.0,11.2
1,33.634074317473925,-4.341553073794344,0.13681970203712154,6.326310394623258,0,0,0.0,11.2
1,33.634074317473925,-4.341553073794344,0.13681970203712154,6.225080025822716,0,0,0.0,11.2
1,33.634074317473925,-4.341553073794344,0.13681970203712154,6.056312061330401,0,0,0.0,11.2
1,33.634074317473925,-4.341553073794344,0.13681970203712154,5.879782606724487,0,0,0.0,11.2
1,33.634074317473925,-4.341553073794344,0.13681970203712154,5.647123558700095,0,0,0.0,11.2
1,33.634074317473925,-4.341553073794344,0.13681970203712154,5.401634158962511,0,0,0.0,11.2
1,33.634074317473925,-4.341553073794344,0.13681970203712154,5.152123444042281,0,0,0.0,11.2
1,33.26155592773071,-4.3428874148269365,0.27363940407421633,4.818038834611647,0,0,0.0,11.2
1,32.889048867141504,-4.346000841728472,0.6840985101854968,4.7616970051685605,0,0,0.0,11.2
1,32.14411404813333,-4.358454093657664,1.23137731833387,4.777626282921365,0,0,0.0,11.2
1,30.778727315256152,-4.395959054634788,1.9154758285193363,5.021118043458087,0,0,0.0,11.2
1,29.41388569474152,-4.449763360465338,2.599574338704802,5.425739050112276,0,0,0.0,11.2
1,27.677868244471412,-4.541049023161218,3.420492550927363,6.063336809403064,0,0,0.0,11.2
1,26.190657229523378,-4.633504041078997,3.6941319550015512,6.8627264625784425,0,0,0.0,11.2
1,22.722142564756027,-4.874085725358676,4.241410763149924,7.871003050738181,0,0,0.0,11.2
1,20.24591966035924,-5.063674309957117,4.515050167224112,8.904200137279608,0,0,0.0,11.2
1,18.228098291946825,-5.063674309957117,4.5150501672241115,10.002289441256984,0,0,0.0,11.2
1,15.132542589735067,-5.296963903587243,4.104591061112831,11.210202202341533,0,0,0.0,11.2
1,13.026482283269221,-5.440517112750947,3.6941319550015517,12.297969552239513,0,0,0.0,11.2
1,10.919447632354691,-5.568979240157068,3.283672848890272,12.975200052081274,0,0,0.0,11.2
1,9.183421932597234,-5.660265336638859,2.736394040741898,13.605688956980025,0,0,0.0,11.2
1,7.818847653567469,-5.72058759217373,2.325934934630618,14.040026689075125,0,0,0.0,11.2
1,6.453876253330138,-5.771132760454799,1.9154758285193378,14.29486152183533,0,0,0.0,11.2
1,5.585049954149121,-5.797074434008703,1.505016722408058,14.1800671555322,0,0,0.0,11.2
1,5.0884975443380105,-5.808934132889755,1.2313773183338712,13.919948575066892,0,0,0.0,11.2
1,4.716053500180677,-5.81649489572136,1.0945576162967778,13.433915515882031,0,0,0.0,11.2
1,4.343609456023343,-5.824055658552965,1.2313773183338712,12.920424734369519,0,0,0.0,11.2
1,3.847057046212232,-5.835915357434017,1.505016722408058,12.499787988800307,0,0,0.0,11.2
1,3.4746767229061977,-5.846144041482241,1.6418364244451513,12.395201240563788,0,0,0.0,11.2
1,2.7299946615509256,-5.8692689377176075,1.9154758285193378,12.291839221750358,0,0,0.0,11.2
1,1.8613764977635339,-5.901434044805561,2.325934934630618,12.22390089820176,0,0,0.0,11.2
1,0.9929202065316084,-5.937747279242684,2.462754636667711,12.479424903973266,0,0,0.0,11.2
1,-0.3715061352250332,-6.00132790068511,2.873213742778991,12.873033965853441,0,0,0.0,11.2
1,-1.4875959059411676,-6.05867948452196,3.010033444816084,13.320964405278925,0,0,0.0,11.2
1,-2.6035455416750986,-6.118696073654457,3.146853146853178,13.865378952574508,0,0,0.0,11.2
1,-4.2178026364050325,-6.118696073654457,3.1468531468531777,14.469377306309712,0,0,0.0,11.2
1,-4.823149046928758,-6.118696073654457,3.146853146853178,15.150509576546561,0,0,0.0,11.2
1,-5.691109874721814,-6.165375642979733,3.0100334448160853,15.485557388056762,0,0,0.0,11.2
1,-6.063139798293858,-6.184492837592016,2.8732137427789928,15.583917645939517,0,0,0.0,11.2
1,-6.311203630338175,-6.19634915524049,2.599574338704806,15.485716069270433,0,0,0.0,11.2
1,-6.311203630338175,-6.19634915524049,2.599574338704806,15.297881880978062,0,0,0.0,11.2
1,-6.311203630338175,-6.19634915524049,2.599574338704806,15.175485762233972,0,0,0.0,11.2
1,-6.311203630338175,-6.19634915524049,2.599574338704806,15.238188082151797,0,0,0.0,11.2
1,-6.311203630338175,-6.19634915524049,2.599574338704806,15.455607696618767,0,0,0.0,11.2
1,-6.311203630338175,-6.19634915524049,2.599574338704806,15.457710057923656,0,0,0.0,11.2
1,-6.311203630338175,-6.19634915524049,2.599574338704806,15.55884852117066,0,0,0.0,11.2
1,-6.187151187357953,-6.190865303404666,2.462754636667712,15.824644921255642,0,0,0.0,11.2
1,-6.063086002896249,-6.185677698485078,2.3259349346306184,15.894118163354817,0,0,0.0,11.2
1,-5.814920239436007,-6.1761913460307385,2.0522955305564317,15.990295218078574,0,0,0.0,11.2
1,-5.442593721773704,-6.164184353845119,1.6418364244451513,16.15289979093823,0,0,0.0,11.2
2,-4.946071048105505,-6.151138945451581,1.3681970203709641,16.211683728823978,0,0,0.0,11.2
3,-4.3253321543967385,-6.138537698017749,0.9577379142596842,16.152408575847204,0,0,0.0,11.2
3,-3.704518916232622,-6.1303836241980765,0.5472788081484042,15.97843223059777,0,0,0.0,11.2
3,-1.7177711646967893,-6.120895026453557,3.091101581047355e-14,15.55291105626303,0,0,0.0,11.2
3,-0.10352787746088987,-6.126677159937546,-0.4104591061112491,15.07109215407685,0,0,0.0,11.2
3,1.6348218836517503,-6.143282063959318,-0.6840985101854358,14.318766140701003,0,0,0.0,11.2
3,4.366446863169368,-6.1758985917265035,-0.6840985101854358,13.497914650551733,0,0,0.0,11.2
3,6.477276070231195,-6.198582001230929,-0.5472788081483424,12.52441227313627,0,0,0.0,11.2
3,8.836491938299764,-6.2183004090876,-0.4104591061112491,11.563174668304763,0,0,0.0,11.2
3,11.071589531401719,-6.2289751119854895,-0.13681970203706245,10.562023002618922,0,0,0.0,11.2
3,12.43749808264516,-6.230605976347427,3.0389206058045946e-14,9.631491308961802,0,0,0.0,11.2
3,15.6659999987595,-6.222896446717842,0.27363940407421705,8.7224953852505,0,0,0.0,11.2
3,17.15604381862586,-6.212221794545486,0.5472788081484037,7.933758373473527,0,0,0.0,11.2
3,18.52187448201881,-6.1975442942779155,0.6840985101854965,7.548672804331619,0,0,0.0,11.2
3,19.887666202041686,-6.179605297776625,0.8209182122225892,7.5394891171640674,0,0,0.0,11.2
3,20.508459378617754,-6.169968756667091,0.9577379142596821,7.737094157335028,0,0,0.0,11.2
3,21.005084479233087,-6.161666557153102,0.9577379142596821,8.023256502136528,0,0,0.0,11.2
3,21.253386172951547,-6.1569225152859675,1.2313773183338699,8.350711044471177,0,0,0.0,11.2
3,21.501676066149027,-6.151585549343415,1.2313773183338699,8.768246975984109,0,0,0.0,11.2
3,22.246581147304408,-6.137353423742012,0.9577379142596842,9.202430599884908,0,0,0.0,11.2
3,23.1156915945109,-6.123862266188664,0.8209182122225914,9.213045996445683,0,0,0.0,11.2
3,23.736506012703117,-6.115708176869895,0.6840985101854986,9.033944491391592,0,0,0.0,11.2
3,24.729848733338912,-6.106219660286025,0.41045910611131287,8.677102902930573,0,0,0.0,11.2
3,25.72321222399657,-6.09910321874108,0.41045910611131287,8.212546979008362,0,0,0.0,11.2
3,27.21325745998306,-6.088428556423661,0.41045910611131287,7.635856837258987,0,0,0.0,11.2
3,28.330780765910276,-6.079088257965238,0.5472788081484057,7.053091769298071,0,0,0.0,11.2
3,28.579116682084535,-6.076716126564827,0.5472788081484057,6.570524800641271,0,0,0.0,11.2
3,29.820796262955827,-6.064855469562772,0.5472788081484057,6.288172249385736,0,0,0.0,11.2
3,30.193304031598235,-6.061742036743298,0.4104591061113109,6.099756247878551,0,0,0.0,11.2
3,30.31747328781237,-6.060704225803473,0.5472788081484038,6.225401584543474,0,0,0.0,11.2
3,30.31747328781237,-6.060704225803473,0.5472788081484038,6.49376372103131,0,0,0.0,11.2
3,30.31747328781237,-6.060704225803473,0.5472788081484038,6.563929807051137,0,0,0.0,11.2
3,30.31747328781237,-6.060704225803473,0.5472788081484038,6.488991890602088,0,0,0.0,11.2
3,30.31747328781237,-6.060704225803473,0.5472788081484038,6.474340525900524,0,0,0.0,11.2
3,30.31747328781237,-6.060704225803473,0.5472788081484038,6.479099694938921,0,0,0.0,11.2
3,30.31747328781237,-6.060704225803473,0.5472788081484038,6.322050783232399,0,0,0.0,11.2
3,30.31747328781237,-6.060704225803473,0.5472788081484038,6.198204457771897,0,0,0.0,11.2
3,30.31747328781237,-6.060704225803473,0.5472788081484038,6.0572074200127854,0,0,0.0,11.2
3,30.31747328781237,-6.060704225803473,0.5472788081484038,5.830866812204565,0.0019436345966958209,0.0,0.0,11.771428571428572
3,30.193306863867555,-6.062038544009615,0.6840985101854965,5.611937032628892,0.015549076773566567,0.0,0.0,12.342857142857143
3,30.193306863867555,-6.062038544009615,0.6840985101854965,5.344930171324671,0.05247813411078717,0.0,0.0,12.914285714285713
3,30.06914398022911,-6.0636693618733695,0.8209182122225894,5.023023333240783,0.12439261418853254,0.0,0.0,13.485714285714284
3,29.9449853449139,-6.065596670095276,0.9577379142596821,4.760132524432052,0.2429543245869776,0.0,0.0,14.057142857142857
3,29.32424645120513,-6.078197917529108,1.3681970203709628,4.631154550142091,0.41982507288629733,0.0,0.0,14.628571428571428
3,28.579513415276345,-6.099544421941945,1.9154758285193363,4.766916306790162,0.6666666666666667,0.0,0.0,15.200000000000001
3,26.71855687208271,-6.177357608296354,2.87321374277899,5.263038679347461,0.9951409135082608,0.0,0.0,15.77142857142857
3,24.610940742313055,-6.295754853965207,3.5573122529644556,6.0228812099849645,1.416909620991254,0.0,0.0,16.34285714285714
3,22.00892079534985,-6.466872277928556,3.9677713590757366,7.247419424059231,1.943634596695822,0.0,0.0,16.914285714285715
3,19.036926981735135,-6.687281580603177,4.515050167224109,8.903695683532696,2.586734693877552,0.0,0.0,17.2
3,15.571522088170612,-6.969259208883996,4.788689571298296,10.90936344522857,3.352040816326532,0.0,0.0,17.2
3,10.870353882781838,-7.374400017600876,5.062328975372482,13.00065761027287,4.239795918367349,0.0,0.0,17.2
3,5.798562737306303,-7.817581855734407,4.92550927333539,15.313151646096939,5.2500000000000036,0.0,0.0,17.2
3,2.0856395089467346,-8.11969988178839,4.378230465187016,17.727098972958206,6.3826530612244925,0.0,0.0,17.2
3,-1.381696492871924,-8.376844801403772,4.10459106111283,19.82942252142273,7.637755102040822,0.0,0.0,17.2
3,-4.478844002380525,-8.587952461938631,3.69413195500155,21.688248351240325,9.015306122448985,0.0,0.0,17.2
3,-7.578261813333667,-8.762065065657403,2.736394040741897,22.91798793692271,10.515306122448983,0.0,0.0,17.2
3,-9.315080253463206,-8.836765049962985,2.189115232593524,23.75707781639988,12.13775510204082,0.0,0.0,17.2
3,-9.935574893426747,-8.858258476311267,1.7786561264822445,24.27906811719335,13.882653061224495,0.0,0.0,17.2
3,-10.92861740943051,-8.884349218709207,1.231377318333871,24.43679090137525,15.750000000000009,0.0,0.0,17.2
3,-10.92861740943051,-8.884349218709207,1.231377318333871,24.395484072096636,17.739795918367356,0.0,0.0,17.2
3,-10.92861740943051,-8.884349218709207,1.231377318333871,24.58904745831213,19.85204081632654,0.0,0.0,17.2
3,-10.92861740943051,-8.884349218709207,1.231377318333871,24.8836221969873,22.08673469387756,0.0,0.0,17.2
3,-10.92861740943051,-8.884349218709207,1.231377318333871,25.27051239445779,24.44387755102042,0.0,0.0,17.2
3,-10.92861740943051,-8.884349218709207,1.231377318333871,25.84152792232222,26.923469387755112,0.0,0.0,17.2
3,-10.92861740943051,-8.884349218709207,1.231377318333871,26.453409421756376,29.52551020408165,0.0,0.0,17.2
3,-10.92861740943051,-8.884349218709207,1.231377318333871,27.332014050835756,32.25000000000002,0.0,0.0,17.2
3,-10.92861740943051,-8.884349218709207,1.231377318333871,28.229443448059875,35.09693877551022,0.0,0.0,17.2
3,-10.92861740943051,-8.884349218709207,1.231377318333871,29.334532630820352,38.06632653061227,0.0,0.0,17.2
3,-10.804469394711399,-8.881828964432007,1.0945576162967772,30.45722246717982,41.158163265306136,0.0,0.0,17.2
3,-10.183729321115841,-8.869227693046,1.231377318333871,31.656410390570546,44.372448979591866,0.0,0.0,17.2
3,-9.438859641523392,-8.853216795218344,1.231377318333871,32.64886363572711,47.709183673469404,0.0,0.0,17.2
3,-7.949120282338495,-8.821194999563032,1.231377318333871,33.34762839902706,51.1683673469388,0.0,0.0,17.2
3,-5.5904290747092755,-8.767677574292897,1.368197020370964,33.6428033910882,54.75000000000003,0.0,0.0,17.2
3,-3.728304437107262,-8.725426975395422,1.2313773183338708,33.58272764788258,58.45408163265308,0.0,0.0,17.2
3,2.479237905854224,-8.606825928717065,0.957737914259684,33.13884733383973,62.28061224489796,0.0,0.0,17.2
3,7.321424683147541,-8.531660908062696,0.8209182122225906,32.454224253138115,66.22959183673468,0.0,0.0,17.2
3,12.870433446281687,-8.531660908062696,0.8209182122225898,31.360443860426688,70.30102040816323,0.0,0.0,17.2
3,20.816729604857954,-8.417800765110313,0.8209182122225898,29.922010356734603,74.49489795918362,0.0,0.0,17.2
3,27.397137276564262,-8.315653429349247,0.9577379142596826,28.331796073080458,78.81122448979585,0.0,0.0,17.2
3,34.35013980726665,-8.216025898950752,0.684098510185495,26.5723868639058,83.24999999999991,0.0,0.0,17.2
3,41.67595882001064,-8.137301124788332,0.5472788081484021,24.889119955931672,87.8112244897958,0.0,0.0,17.2
3,51.1129030124976,-8.06969499436341,0.2736394040742165,23.30568104120908,92.49489795918356,0.0,0.0,17.2
3,58.190671697022324,-8.02744102229604,0.4104591061113073,21.86947112768832,97.30102040816311,0.0,0.0,17.2
3,65.26844038154705,-7.985187050228672,0.2736394040742165,20.521928068598992,102.22959183673453,0.0,0.0,17.2
3,72.22197820759007,-7.935372006757678,0.54727880814841,19.54865029565167,107.28054025843123,0.0,0.0,17.009523809523827
3,80.66539935751487,-7.854719539143704,0.54727880814841,18.756084160655153,112.44947449879402,0.0,0.0,16.43809523809526
3,86.62546134569709,-7.79778838553384,0.54727880814841,18.399244666448247,117.72530864197508,0.0,0.0,15.866666666666688
3,92.70961611899294,-7.732406793432844,0.684098510185497,18.47583622743831,123.09638088039424,0.0,0.0,15.295238095238119
3,96.55866551178468,-7.681851439656482,0.8209182122225918,18.632948084154293,128.55102940647132,0.0,0.0,14.72380952380955
3,105.00128419847978,-7.540714182053938,1.0945576162967814,19.029896765656332,134.07759241262613,0.0,0.0,14.152380952380982
3,110.4639266519121,-7.4363451617859955,1.0945576162967814,19.51707693702838,139.66440809127852,0.0,0.0,13.58095238095241
3,116.1748710350459,-7.3272320951422385,1.0945576162967814,19.835087517759156,145.2998146348483,0.0,0.0,13.009523809523843
3,124.12053278549291,-7.175422611116142,1.0945576162967814,19.96811561213673,150.97215023575532,0.0,0.0,12.438095238095272
3,130.70067777245836,-7.05756186884971,0.9577379142596868,19.900893495994218,156.66975308641935,0.0,0.0,11.866666666666704
3,137.9020018221144,-6.954376212365553,0.684098510185505,19.43199443034497,162.38096137926027,0.0,0.0,11.295238095238133
3,145.47615368274802,-6.872982801790848,0.5472788081484102,18.866621550890592,168.09523809523765,0.0,0.0,11.2
3,150.69130705228028,-6.835621519187603,0.2736394040742206,17.90026473541387,173.80952380952334,0.0,0.0,11.2
3,163.9778467959777,-6.819757686911222,-0.13681970203706378,16.849008658612043,179.52380952380904,0.0,0.0,11.2
3,172.6698929913742,-6.861270420403013,-0.4104591061112534,15.571616203132093,185.23809523809473,0.0,0.0,11.2
3,184.46597233171707,-6.959862459686368,-0.5472788081483482,14.238634865904755,190.95238095238042,0.0,0.0,11.2
3,193.4060653139904,-7.045259190101155,-0.5472788081483482,12.654414443151078,196.66666666666612,0.0,0.0,11.2
3,202.71854710985144,-7.145333055561857,-0.684098510185443,10.954775657978608,202.38095238095178,0.0,0.0,11.2
3,212.1553029558915,-7.235473963108627,-0.41045910611126907,9.309675574458755,208.09523809523748,0.0,0.0,11.2
3,224.32423702093527,-7.264532876552882,0.13681970203709445,7.757435790833057,213.80952380952317,0.0,0.0,11.2
3,227.3043671450712,-7.250299939355696,0.41045910611128406,6.2216748293619455,219.52380952380886,0.0,0.0,11.2
3,241.45858610886143,-7.04748829447921,1.2313773183338372,4.692180244099597,225.23809523809456,0.0,0.0,11.2
3,249.27904867502033,-6.851360667890592,1.6418364244451216,4.175339236312134,230.95238095238025,0.0,0.0,11.2
3,256.6014701890456,-6.615223154906738,2.0522955305564063,4.1052244088850465,236.66666666666595,0.0,0.0,11.2
3,265.1627819912503,-6.277722135306378,2.462754636667675,4.426540901065412,242.379008746355,0.0,0.0,10.628571428571492
3,271.2419760298738,-6.023529494246495,2.3259349346305958,4.954737900221418,248.07968901846385,0.0,0.0,10.057142857142923
3,277.19795435291957,-5.795857035342354,2.052295530556406,5.600715564496302,253.75704567541234,0.0,0.0,9.485714285714353
3,283.27928747473715,-5.5997428296439065,1.6418364244451058,6.173619905757651,259.3994169096203,0.0,0.0,8.914285714285784
3,291.47237887672736,-5.404058356036167,1.0945576162967268,6.668558763990379,264.99514091350756,0.0,0.0,8.342857142857214
3,297.6801867345914,-5.300280960740178,0.8209182122225371,7.049928602903533,270.5325558794939,0.0,0.0,7.771428571428646
3,304.38487411839014,-5.204211465124111,0.8209182122225371,7.0081181210965315,275.99999999999926,0.0,0.0,7.2000000000000774
3,311.4623468305406,-5.1281554719394125,0.4104591061112369,6.635050598126406,281.3858114674434,0.0,0.0,6.628571428571507
3,321.1478249639428,-5.105026948993986,-0.13681970203714225,5.759152243228957,286.6783284742461,0.0,0.0,6.057142857142938
3,328.8465676191569,-5.12341122942904,-0.13681970203714225,4.680976154729727,291.8658892128272,0.0,0.0,5.485714285714368
3,336.79358128351936,-5.161365728621535,-0.41045910611133185,3.2563681079757933,296.9370748299312,0.0,0.0,5.2
3,342.381293402881,-5.1947241276220915,-0.2736394040742527,1.655089929900761,301.88605442176794,0.0,0.0,5.2
3,354.92279353478233,-5.209698399210076,0.13681970203704732,-0.16761136814073213,306.7125850340128,0.0,0.0,5.2
3,362.24889105488313,-5.1659619147648,0.5472788081483161,-2.1672790114311975,311.4166666666659,0.0,0.0,5.2
3,369.5744872652197,-5.069743843692667,0.9577379142595845,-3.3767514429667873,315.99829931972715,0.0,0.0,5.2
3,376.02999994733193,-4.930983256693084,1.505016722407964,-4.156621862544553,320.4574829931965,0.0,0.0,5.2
3,383.3529644690005,-4.7123320081674285,1.9154758285192326,-4.502746204368386,324.7942176870741,0.0,0.0,5.2
3,388.06853093722674,-4.543351376182663,2.189115232593422,-4.3649274243654625,329.0085034013598,0.0,0.0,5.2
3,392.28735292556587,-4.382083231191754,2.189115232593422,-3.948880543456207,333.10034013605366,0.0,0.0,5.2
3,395.0171789180206,-4.277733255021167,2.189115232593422,-3.280902929487015,337.0697278911557,0.0,0.0,5.2
3,400.2291208039549,-4.090965188090637,1.9154758285192328,-2.4912123507012103,340.91666666666595,0.0,0.0,5.2
3,403.5803079579388,-3.990904447239921,1.5050167224079327,-1.6243895538494988,344.6411564625843,0.0,0.0,5.2
3,406.9321259345608,-3.914853513780377,1.0945576162966328,-0.9958172634029507,348.2431972789109,0.0,0.0,5.2
3,411.6500599065375,-3.8359826933554255,0.8209182122224432,-0.6330053650275538,351.7227891156456,0.0,0.0,5.2
3,415.37499952028634,-3.7915056523069812,0.5472788081482536,-0.5642057340618917,355.0799319727884,0.0,0.0,5.2
3,419.596790343241,-3.7612608044853064,0.273639404074064,-0.827464746564835,358.3146258503395,0.0,0.0,5.2
3,423.94278865830006,-3.7353153830404286,0.4104591061111431,-1.3774353921209743,361.42687074829865,0.0,0.0,5.2
3,429.40617362179694,-3.683128541829138,0.6840985101853014,-2.123577541982218,364.41666666666606,0.0,0.0,5.2
3,433.6277758628696,-3.632721180734406,0.6840985101853014,-2.986266697427993,367.28401360544154,0.0,0.0,5.2
3,437.72515102293823,-3.578904191230543,0.8209182122224117,-3.6039076487624615,370.0289115646253,0.0,0.0,5.2
3,441.44983573765666,-3.51663775405295,1.0945576162966013,-4.162116760304545,372.6513605442171,0.0,0.0,5.2
3,445.5467202233873,-3.4334693629053077,1.2313773183337118,-4.390355258684955,375.15136054421714,0.0,0.0,5.2
3,448.15369471603015,-3.374318524448836,1.3681970203707912,-4.380575527532977,377.52891156462533,0.0,0.0,5.2
3,450.263982276809,-3.321395096043792,1.5050167224078703,-4.131444266508765,379.78401360544166,0.0,0.0,5.2
3,452.00181328626024,-3.2757361232727087,1.5050167224078703,-3.8663661905841846,381.9166666666662,0.0,0.0,5.2
3,453.86371490279043,-3.224592703031504,1.6418364244449806,-3.433112228065308,383.9268707482988,0.0,0.0,5.2
3,455.10494134791793,-3.1890150604267418,1.6418364244449806,-2.9607344123336174,385.81462585033967,0.0,0.0,5.2
3,455.97382876896535,-3.1651481309808465,1.5050167224078703,-2.489934448298411,387.5799319727887,0.0,0.0,5.2
3,457.09103983055417,-3.137129845354647,1.3681970203707912,-2.0983026685672224,389.2227891156458,0.0,0.0,5.2
3,457.83586915314714,-3.1193402801260937,1.3681970203707912,-1.8134231401630723,390.7431972789111,0.0,0.0,5.2
3,458.45657736568114,-3.1052567471602672,1.2313773183337118,-1.5911651923478387,392.1411564625846,0.0,0.0,5.2
3,459.07731743927667,-3.092655475774258,1.0945576162966326,-1.433901871425147,393.4166666666663,0.0,0.0,5.2
3,459.44977847627473,-3.0859841130044607,0.9577379142595221,-1.304095415196087,394.5697278911561,0.0,0.0,5.2
3,460.0705716528508,-3.0763475718949254,0.820918212222443,-1.285451061196309,395.6003401360541,0.0,0.0,5.2
3,460.194730288166,-3.0744202636730185,0.9577379142595221,-1.100829109983194,396.50850340136026,0.0,0.0,5.2
3,460.31888396716533,-3.0721964760830858,1.0945576162966013,-1.0623149948007444,397.2942176870746,0.0,0.0,5.2
3,460.31888396716533,-3.0721964760830858,1.0945576162966013,-1.1287376281704644,397.9575549796636,0.0,0.0,5.39047619047604
3,460.31888396716533,-3.0721964760830858,1.0945576162966013,-1.3230501430344697,398.5029064535865,0.0,0.0,5.961904761904608
3,460.31888396716533,-3.0721964760830858,1.0945576162966013,-1.554908112228179,398.9413580246912,0.0,0.0,6.533333333333179
3,460.31888396716533,-3.0721964760830858,1.0945576162966013,-1.9813737472581967,399.2845715005577,0.0,0.0,7.104761904761747
3,460.31888396716533,-3.0721964760830858,1.0945576162966013,-2.488984648419174,399.5442086887664,0.0,0.0,7.676190476190317
3,460.19473595244625,-3.0747167303602874,1.2313773183336807,-3.0745548737754693,399.73193139689727,0.0,0.0,8.247619047618885
3,459.9464597475407,-3.0806465798008076,1.5050167224078703,-3.7229546742258792,399.8594014325306,0.0,0.0,8.819047619047454
3,459.44996964134805,-3.0948776233177058,1.77865612648206,-4.306917521570235,399.93828060324654,0.0,0.0,9.390476190476024
3,458.5812771453991,-3.1249684202052874,2.1891152325933283,-4.7470642588532215,399.9802307166252,0.0,0.0,9.961904761904593
3,456.96843281305587,-3.1924071559738776,2.5995743387046284,-4.939601594296423,399.9969135802469,0.0,0.0,10.533333333333163
3,454.1162196633182,-3.338971478907106,3.2836728488900864,-4.721823961770677,399.9999910016916,0.0,0.0,11.104761904761732
3,450.7697528648069,-3.5429995636108838,3.694131955001387,-3.9950851117846735,399.99999999999994,0.0,0.0,11.2
3,449.40678744475554,-3.6326326703449676,3.8309516570384976,-2.668913771020845,399.99999999999994,0.0,0.0,11.2
3,440.24154313873214,-4.290343731911566,4.378230465186876,-0.8055407401296073,399.99999999999994,0.0,0.0,11.2
3,434.4229512700776,-4.74282480984807,4.515050167223987,1.3863847147828896,399.99999999999994,0.0,0.0,11.2
3,427.86279758671867,-5.268736261298687,4.651869869261065,4.1012812217661985,399.99999999999994,0.0,0.0,11.2
3,420.8062208611229,-5.817488865951939,4.241410763149766,7.038831894935753,399.99999999999994,0.0,0.0,11.2
3,411.26858640376236,-6.490477792597892,3.830951657038497,10.239310369198098,399.99999999999994,0.0,0.0,11.2
3,403.8325525304159,-6.952751564165846,3.283672848890117,13.425451876422699,399.99999999999994,0.0,0.0,11.2
3,396.88932168114343,-7.334478181626774,3.010033444815928,16.72508742253916,399.99999999999994,0.0,0.0,11.2
3,394.4092755391944,-7.464887386643078,3.010033444815928,20.134628382316382,399.99999999999994,0.0,0.0,11.2
3,382.1294851457913,-8.037110804280976,2.3259349346304377,22.666918810052774,399.99999999999994,0.0,0.0,11.2
3,377.66211912363724,-8.197197262359236,1.7786561264820586,23.86172222042917,399.99999999999994,0.0,0.0,11.2
3,374.55895566117823,-8.282436134074278,1.36819702037079,24.184848928094354,399.99999999999994,0.0,0.0,11.2
3,372.324348746145,-8.330468781907577,1.0945576162966004,23.554539471364876,399.99999999999994,0.0,0.0,11.2
3,371.0828390976377,-8.35418901378665,1.0945576162966004,22.385595523509963,399.99999999999994,0.0,0.0,11.2
3,370.5862597831859,-8.364862935527382,1.36819702037079,20.866728164634402,399.99999999999994,0.0,0.0,11.2
3,370.46212522078713,-8.367976078374737,1.5050167224078692,19.395101494933876,399.99999999999994,0.0,0.0,11.2
3,369.8415833837127,-8.38798765594215,2.1891152325933274,18.173232749969706,399.99999999999994,0.0,0.0,11.2
3,369.0972326236572,-8.420001934930255,2.7363940407417067,17.13185999163733,399.99999999999994,0.0,0.0,11.2
3,368.10509337383047,-8.469796528415024,3.0100334448158965,16.505405112557195,399.99999999999994,0.0,0.0,11.2
3,366.7411549301557,-8.543150137354734,3.146853146853007,16.136692231983066,399.99999999999994,0.0,0.0,11.2
3,364.13797590067935,-8.69562281580142,3.557312252964276,16.360943428039903,399.99999999999994,0.0,0.0,11.2
3,361.7837673772364,-8.850443342244418,3.9677713590755452,17.02084890862051,399.99999999999994,0.0,0.0,11.2
3,359.0589572471126,-9.045979620756226,4.2414107631497036,18.016241528013992,399.99999999999994,0.0,0.0,11.2
3,357.07797892359514,-9.197650488434977,4.515050167223892,19.268306206882674,399.99999999999994,0.0,0.0,11.2
3,352.49824899370304,-9.564796218693086,4.651869869261003,20.689467545132022,399.99999999999994,0.0,0.0,11.2
3,350.02248587785976,-9.76029736421221,4.378230465186814,22.381378864166088,399.99999999999994,0.0,0.0,11.2
3,347.79348416240487,-9.925604812536383,4.1045910611126235,23.066778860428293,399.99999999999994,0.0,0.0,11.2
3,346.0589445259103,-10.041753988420265,3.5573122529642447,23.544220631254127,399.99999999999994,0.0,0.0,11.2
3,345.4391399950826,-10.078057007098034,3.1468531468529446,23.238548975053874,399.99999999999994,0.0,0.0,11.2
3,345.4391399950826,-10.078057007098034,3.1468531468529446,22.610151051228268,399.99999999999994,0.0,0.0,11.2
3,345.563134399053,-10.071388497194423,3.0100334448158654,22.1948567540973,399.99999999999994,0.0,0.0,11.2
3,345.563134399053,-10.071388497194423,3.0100334448158654,21.926175155664193,399.99999999999994,0.0,0.0,11.2
3,345.563134399053,-10.071388497194423,3.0100334448158654,21.656731229366617,399.99999999999994,0.0,0.0,11.2
3,345.563134399053,-10.071388497194423,3.0100334448158654,21.629080810999042,399.99999999999994,0.0,0.0,11.2
3,345.563134399053,-10.071388497194423,3.0100334448158654,21.486819657777005,399.99999999999994,0.0,0.0,11.2
3,345.68714437357704,-10.065016098990329,2.8732137427787867,21.570472014960377,399.99999999999994,0.0,0.0,11.2
3,345.68714437357704,-10.065016098990329,2.8732137427787867,21.640418000892502,399.99999999999994,0.0,0.0,11.2
3,345.81115434810107,-10.058643700786234,3.0100334448158654,21.729978583252844,399.99999999999994,0.0,0.0,11.2
3,346.0591268784322,-10.045010607305493,3.2836728488900553,21.850744499064177,399.99999999999994,0.0,0.0,11.2
3,346.18310500479294,-10.038046023728361,3.146853146852976,21.88588915181642,399.99999999999994,0.0,0.0,11.2
3,347.29890814203947,-9.975364771534176,3.2836728488900553,21.62530874123808,399.99999999999994,0.0,0.0,11.2
3,349.15858003745035,-9.870896017877223,3.146853146852944,21.198725416821517,399.99999999999994,0.0,0.0,11.2
3,351.0184960970069,-9.770868369323074,3.0100334448158335,20.55005291813355,399.99999999999994,0.0,0.0,11.2
3,353.2508094091171,-9.658830533982286,2.7363940407416445,19.563797348743638,399.99999999999994,0.0,0.0,11.2
3,355.8559057599921,-9.543669864324803,2.3259349346303755,18.215872865027723,399.99999999999994,0.0,0.0,11.2
3,359.82655797535597,-9.391888225055467,2.0522955305561865,16.923873268505076,399.99999999999994,0.0,0.0,11.2
3,363.0532650823731,-9.283974811959872,1.7786561264819967,15.476067591672104,399.99999999999994,0.0,0.0,11.2
3,364.29440303086034,-9.245433281604901,1.7786561264819967,13.924276625225804,399.99999999999994,0.0,0.0,11.2
3,370.8726717998924,-9.049017379926001,1.6418364244449175,12.507927067786003,399.99999999999994,0.0,0.0,11.2
3,373.7275876119053,-8.970597468889602,1.5050167224078383,11.200930270487516,399.99999999999994,0.0,0.0,11.2
3,376.33424987504753,-8.89899668055202,1.6418364244449175,9.955252608209024,399.99999999999994,0.0,0.0,11.2
3,378.6924971696062,-8.828583432780356,1.778656126482028,8.785646167637054,399.99999999999994,0.0,0.0,11.2
3,381.29898102148684,-8.750758264190601,1.6418364244449486,8.266058273299487,399.99999999999994,0.0,0.0,11.2
3,382.6642820867576,-8.709992699691153,1.7786561264820593,8.264484352643457,399.99999999999994,0.0,0.0,11.2
3,383.40896485584994,-8.68686778147817,1.7786561264820593,8.525913021646579,399.99999999999994,0.0,0.0,11.2
3,384.40187521463974,-8.656034557194193,1.7786561264820593,9.022251242783895,399.99999999999994,0.0,0.0,11.2
3,385.0224205902603,-8.636022865513787,1.9154758285191382,9.660175101814128,399.99999999999994,0.0,0.0,11.2
3,385.6429164096464,-8.614529398311296,2.052295530556217,10.350596503028749,399.99999999999994,0.0,0.0,11.2
3,386.6355794634873,-8.576583988493963,2.325934934630407,11.053964394423918,399.99999999999994,0.0,0.0,11.2
3,387.5041199928714,-8.542344689540325,2.1891152325932963,11.241273770954589,399.99999999999994,0.0,0.0,11.2
3,388.9931159887558,-8.485426520720008,2.1891152325932963,11.06988394616717,399.99999999999994,0.0,0.0,11.2
3,390.73027798395424,-8.419021990429638,2.1891152325932963,10.62852122455092,399.99999999999994,0.0,0.0,11.2
3,391.2266099825824,-8.400049267489532,2.1891152325932963,9.92641612280555,399.99999999999994,0.0,0.0,11.2
3,395.3215319668169,-8.248413474420857,2.0522955305561856,9.208445734604064,399.99999999999994,0.0,0.0,11.2
3,397.3071978788275,-8.182005220208184,1.7786561264819958,8.352919208389185,399.99999999999994,0.0,0.0,11.2
3,399.41720861606416,-8.119003893254574,1.6418364244449168,7.475140415417247,399.99999999999994,0.0,0.0,11.2
3,401.7756173303357,-8.054222227615824,1.5050167224078062,6.551839772509515,399.99999999999994,0.0,0.0,11.2
3,403.26518676700823,-8.01508596524061,1.5050167224078062,5.575680782380617,399.99999999999994,0.0,0.0,11.2
3,404.5064120324899,-7.979508356448392,1.7786561264819958,5.430394291090868,399.99999999999994,0.0,0.0,11.2
3,405.1270034257948,-7.960978554403213,1.6418364244449168,5.574725038707328,399.99999999999994,0.0,0.0,11.2
3,405.2511217044557,-7.957272593994178,1.7786561264819958,6.240457757129544,399.99999999999994,0.0,0.0,11.2
3,405.37523077957985,-7.953270255658097,1.915475828519075,6.88768383596919,399.99999999999994,0.0,0.0,11.2
3,405.37523077957985,-7.953270255658097,1.915475828519075,7.392461337586624,399.99999999999994,0.0,0.0,11.2
3,405.37523077957985,-7.953270255658097,1.915475828519075,7.769473465522324,399.99999999999994,0.0,0.0,11.2
3,405.49932994345704,-7.948971562217594,2.052295530556154,8.04764732160616,399.99999999999994,0.0,0.0,11.2
3,405.62341848843386,-7.944376538185215,2.1891152325932333,8.276925247701007,399.99999999999994,0.0,0.0,11.2
3,405.7474957069173,-7.93948520976326,2.3259349346303124,8.475215410444662,399.99999999999994,0.0,0.0,11.2
3,405.871560891379,-7.934297604843671,2.462754636667392,8.672031686010994,399.99999999999994,0.0,0.0,11.2
3,405.9956133343592,-7.928813753007847,2.5995743387044707,8.872842963144198,399.99999999999994,0.0,0.0,11.2
3,406.1196523284708,-7.923033685526477,2.7363940407415503,9.049565920265863,399.99999999999994,0.0,0.0,11.2
3,406.1196523284708,-7.923033685526477,2.7363940407415503,9.198360966132707,399.99999999999994,0.0,0.0,11.2
3,406.1196523284708,-7.923033685526477,2.7363940407415503,9.308326257520934,399.99999999999994,0.0,0.0,11.2
3,406.1196523284708,-7.923033685526477,2.7363940407415503,9.395276354891804,399.99999999999994,0.0,0.0,11.2
3,406.2436771664035,-7.916957435359379,2.8732137427786295,9.4597805061865,399.99999999999994,0.0,0.0,11.2
3,406.2436771664035,-7.916957435359379,2.8732137427786295,9.506201419387274,399.99999999999994,0.0,0.0,11.2
3,406.2436771664035,-7.916957435359379,2.8732137427786295,9.53842630444749,399.99999999999994,0.0,0.0,11.2
3,406.2436771664035,-7.916957435359379,2.8732137427786295,9.539825802200419,399.99999999999994,0.0,0.0,11.2
3,406.2436771664035,-7.916957435359379,2.8732137427786295,9.525384781536163,399.99999999999994,0.0,0.0,11.2
3,406.2436771664035,-7.916957435359379,2.8732137427786295,9.462325992851914,399.99999999999994,0.0,0.0,11.2
3,406.2436771664035,-7.916957435359379,2.8732137427786295,9.354569190156676,399.99999999999994,0.0,0.0,11.2
3,406.2436771664035,-7.916957435359379,2.8732137427786295,9.202418475701098,399.99999999999994,0.0,0.0,11.2
3,406.2436771664035,-7.916957435359379,2.8732137427786295,9.004701447989147,399.99999999999994,0.0,0.0,11.2
3,406.2436771664035,-7.916957435359379,2.8732137427786295,8.759629293701144,399.99999999999994,0.0,0.0,11.2
3,406.2436771664035,-7.916957435359379,2.8732137427786295,8.468303173080244,399.99999999999994,0.0,0.0,11.2
3,406.2436771664035,-7.916957435359379,2.8732137427786295,8.153519857781896,399.99999999999994,0.0,0.0,11.2
3,406.2436771664035,-7.916957435359379,2.8732137427786295,7.810642560757882,399.99999999999994,0.0,0.0,11.2
3,406.2436771664035,-7.916957435359379,2.8732137427786295,7.403745325999176,399.99999999999994,0.0,0.0,11.2
3,406.2436771664035,-7.916957435359379,2.8732137427786295,6.9361593634678975,399.99999999999994,0.0,0.0,11.2
3,406.1196523284708,-7.923033685526477,2.7363940407415503,6.435636872008321,399.99999999999994,0.0,0.0,11.2
3,406.1196523284708,-7.923033685526477,2.7363940407415503,6.057612004671693,399.99999999999994,0.0,0.0,11.2
3,405.6235241928683,-7.946746343359628,2.7363940407415503,5.676553415378295,399.99999999999994,0.0,0.0,11.2
3,405.37546012506704,-7.958602672276202,2.7363940407415503,5.345217118354087,399.99999999999994,0.0,0.0,11.2
3,404.1352860627836,-8.020845914132165,3.0100334448157398,5.5001217946854135,399.99999999999994,0.0,0.0,11.2
3,402.2756177021893,-8.125314469217638,3.4204925509270083,5.775879219211416,399.99999999999994,0.0,0.0,11.2
3,400.41674545334564,-8.2431026387252,3.8309516570382773,6.402407752111721,399.99999999999994,0.0,0.0,11.2
3,398.3106811437268,-8.38665612075161,3.9677713590753565,7.392341678233268,399.99999999999994,0.0,0.0,11.2
3,395.7095031656489,-8.570198904164881,4.104591061112436,8.54718091642863,399.99999999999994,0.0,0.11693016227159657,11.2
3,391.8703269570512,-8.850311580213631,4.241410763149514,9.81421636435543,399.99999999999994,0.0,0.4677206490863863,11.2
3,389.02241029776957,-9.064938414310474,4.3782304651865935,11.231262371827821,399.99999999999994,0.0,1.0523714604443695,11.2
3,388.0319201946616,-9.14077392022295,4.3782304651865935,12.628114561930694,399.99999999999994,0.0,1.870882596345545,11.2
3,383.08039396297505,-9.5317762112612,4.651869869260783,14.021566733219162,399.99999999999994,0.0,2.9232540567899137,11.2
3,379.8631524177481,-9.801295967246569,4.925509273334973,15.472607813615992,399.99999999999994,0.0,4.209485841777478,11.2
3,377.63674788600565,-9.998521880881087,5.199148677409163,16.533958605116844,399.99999999999994,0.0,5.729577951308233,11.2
3,375.7824272150126,-10.173949756445078,5.609607783520431,17.059877276855115,399.99999999999994,0.0,7.483530385382182,11.2
3,374.30057389308746,-10.330223563610117,6.430525995742999,17.17646288558143,399.99999999999994,0.0,9.471343143999325,11.2
3,373.0684278681548,-10.484014853412276,7.798723016113947,16.86425199079714,399.99999999999994,0.0,11.69301622715966,11.2
3,372.20858567662225,-10.611206302915992,9.030100334447784,16.67250385830955,399.99999999999994,0.0,14.14854963486319,11.2
3,371.71842698272775,-10.69150571858717,9.577379142596165,16.912898559006152,399.99999999999994,0.0,16.83794336710991,11.2
3,370.1310938436704,-10.984746596075887,11.35603526907838,17.16932526067877,399.99999999999994,0.0,19.76119742389983,11.2
3,368.6753585250649,-11.302514820982129,13.271511097597678,17.479658370732434,399.99999999999994,0.0,22.91831180523294,11.2
3,367.3510080478221,-11.636664045037513,15.050167224079862,17.93073192029551,399.99999999999994,0.0,26.192356348837645,11.2
3,366.2764563770761,-11.943559115078155,16.82882335056208,18.422084359050157,399.99999999999994,0.0,29.46640089244235,11.2
3,364.8621723996308,-12.412215668825931,19.83885679537813,18.848797388830906,399.99999999999994,0.0,32.740445436047054,11.2
3,364.1669973507642,-12.680046552683711,22.30161143204581,19.2317620079904,399.99999999999994,0.0,36.01448997965175,11.2
3,363.48469764438755,-12.979126470980283,25.038005472787674,19.46692570862854,399.99999999999994,0.0,39.28853452325646,11.2
3,363.48469764438755,-12.979126470980283,26.13256308908443,19.459109241038398,399.99999999999994,0.0,42.56257906686116,11.2
3,363.59302776305725,-12.918555501208683,32.28944968075362,19.32634885463941,399.99999999999994,0.0,45.836623610465864,11.2
3,364.2111099628278,-12.502731421139005,35.57312252964386,18.7987992949319,399.99999999999994,0.0,49.11066815407057,11.2
3,365.1980392439842,-11.749482321949335,39.1304347826083,17.95876921490938,399.99999999999994,0.0,52.384712697675276,11.2
3,366.42163822405905,-10.696877684095343,42.27728792946143,16.716442122301856,399.99999999999994,0.0,55.65875724127998,11.2
3,368.3799844231796,-8.7929503876449,46.10823958650001,15.210839764419651,399.99999999999994,0.0,58.9328017848847,11.2
3,369.9723747533462,-7.052428157839189,48.981453329278956,13.664532699136652,399.99999999999994,0.0,62.20684632848939,11.2
3,370.93134820418305,-5.912028279206533,50.89692915779826,12.187917675355843,399.99999999999994,0.0,65.48089087209411,11.2
3,372.66000258917063,-3.6392267815050174,54.59106111279977,10.74869988735394,399.99999999999994,0.0,68.72439481255417,11.2
3,374.0352074534734,-1.5717486009830295,58.14837336576417,9.464745195107453,399.99999999999994,0.0,71.76199153524928,11.2
3,374.79411646625323,-0.2895379966045384,60.61112800243185,8.5679404608021,399.99999999999994,0.0,74.56572793340123,11.2
3,375.26285749427285,0.5862197281684757,63.073882639099516,7.78626043710002,399.99999999999994,0.0,77.13560400700996,11.2
3,375.6870856124862,1.4843188858514256,66.35755548798976,7.144958331498696,399.99999999999994,0.0,79.47161975607551,11.2
3,375.7812102735386,1.7141126630822079,69.09394952873161,7.1375035748593385,399.99999999999994,0.0,81.57377518059788,11.2
3,375.69816350703735,1.4800873088021642,71.83034356947347,7.296600367508962,399.99999999999994,0.0,83.44207028057703,11.2
3,375.6246793009771,1.242872887799151,73.7458193979928,7.728667723907864,399.99999999999994,0.0,85.07650505601299,11.2
3,375.32009776831586,0.039344897050372474,77.85041045910562,8.300539090419708,399.99999999999994,0.0,86.47707950690577,11.2
3,375.15241472209607,-0.813495626424609,79.90270598966204,8.950690115127454,399.99999999999994,0.0,87.64379363325534,11.2
3,375.0112798016483,-1.6711510542739,81.40772271207005,9.793528932007312,399.99999999999994,0.0,88.57664743506173,11.2
3,374.89271943948927,-2.5322174507927047,82.9127394344781,10.291229247164217,399.99999999999994,0.0,89.27564091232492,11.2
3,374.8078630734678,-3.272399660955082,84.00729705077482,10.617839158402996,399.99999999999994,0.0,89.74077406504493,11.2
3,374.78311516071875,-3.5195098107950686,84.55457585892317,10.671607321625855,399.99999999999994,0.0,89.97204689322173,11.2
3,374.78311516071875,-3.5195098107950686,84.55457585892317,10.615231719668259,399.99999999999994,0.0,90.0,11.2
3,374.78311516071875,-3.5195098107950686,84.55457585892317,10.529057414865443,399.99999999999994,0.0,90.0,11.2
3,374.78311516071875,-3.5195098107950686,84.55457585892317,10.383513820412421,399.99999999999994,0.0,90.0,11.2
3,374.78311516071875,-3.5195098107950686,84.55457585892317,10.190497700992987,399.99999999999994,0.0,90.0,11.2
3,374.78311516071875,-3.5195098107950686,84.55457585892317,9.942649539155386,399.99999999999994,0.0,90.0,11.2
3,374.78311516071875,-3.5195098107950686,84.55457585892317,9.737099284191787,399.99999999999994,0.0,90.0,11.2
3,374.78311516071875,-3.5195098107950686,84.55457585892317,9.632447349201188,399.99999999999994,0.0,90.0,11.2
3,374.78311516071875,-3.5195098107950686,84.55457585892317,9.463282893061887,399.99999999999994,0.0,90.0,11.2
3,374.78311516071875,-3.5195098107950686,84.55457585892317,9.283371369218415,399.99999999999994,0.0,90.0,11.2
3,374.78311516071875,-3.5195098107950686,84.55457585892317,9.081551536120884,399.99999999999994,0.0,90.0,11.2
3,374.78311516071875,-3.5195098107950686,84.55457585892317,8.834686022378976,399.99999999999994,0.0,90.0,11.2
3,374.77147898866815,-3.6431369952664556,84.69139556096025,8.60484760918711,399.99999999999994,0.0,90.0,11.2
3,374.7598428166175,-3.7667641797378426,84.55457585892317,8.396958545645234,399.99999999999994,0.0,90.0,11.2
3,374.7368657214768,-4.014045982820055,84.82821526299736,8.25005105300594,399.99999999999994,0.0,90.0,11.2
3,374.70372889309726,-4.385090025714974,84.96503496503448,8.222332570829597,399.99999999999994,0.0,90.0,11.2
3,374.66131883755537,-4.879970147901832,85.23867436910867,8.31540805764745,399.99999999999994,0.0,90.0,11.2
3,374.6012497195923,-5.622585683961631,85.51231377318285,8.574166356658914,399.99999999999994,0.0,90.0,11.2
3,374.50704674879034,-6.860742267843262,85.78595317725704,8.991414363915293,399.99999999999994,0.0,90.0,11.2
3,374.4289181271342,-7.975568151567288,86.19641228336835,9.51129287041699,399.99999999999994,0.0,90.0,11.2
3,374.327604468178,-9.586639337444167,86.60687138947965,10.105113529422333,399.99999999999994,0.0,90.0,11.2
3,374.2195832581377,-11.446108266265844,86.74369109151677,10.852601215459984,399.99999999999994,0.0,90.0,11.2
3,374.1298134225855,-13.057866966021674,86.88051079355384,11.627912083054595,399.99999999999994,0.0,90.0,11.2
3,374.0487253704166,-14.545742458627528,86.88051079355384,12.452473649418073,399.99999999999994,0.0,90.0,11.2
3,373.9676373182477,-16.03361795123338,86.88051079355384,13.255273420900807,399.99999999999994,0.0,90.0,11.2
3,373.9192997144888,-16.901488020332714,86.74369109151672,14.067033440660447,399.99999999999994,0.0,90.0,11.2
3,373.81798644068147,-18.51255308164295,86.05959258133126,14.595606465351334,399.99999999999994,0.0,90.0,11.2
3,373.76501328290215,-19.25570850138039,85.78595317725708,14.88365786938376,399.99999999999994,0.0,90.0,11.2
3,373.73719589106975,-19.627189219419037,85.64913347521997,15.234406205937328,399.99999999999994,0.0,90.0,11.2
3,373.71776401892566,-19.87477483972375,85.37549407114578,15.163918442308637,399.99999999999994,0.0,90.0,11.2
3,373.7076047215325,-19.998532142202396,85.23867436910871,14.957896092390882,399.99999999999994,0.0,90.0,11.2
3,373.7076047215325,-19.998532142202396,85.23867436910871,14.827128650973732,399.99999999999994,0.0,90.0,11.2
3,373.7076047215325,-19.998532142202396,85.23867436910871,14.796540033457571,399.99999999999994,0.0,90.0,11.2
3,373.7076047215325,-19.998532142202396,85.23867436910871,14.864224063964405,399.99999999999994,0.0,90.0,11.2
3,373.7076047215325,-19.998532142202396,85.23867436910871,15.03186223894598,399.99999999999994,0.0,90.0,11.2
3,373.7076047215325,-19.998532142202396,85.23867436910871,15.302183911327147,399.99999999999994,0.0,90.0,11.2
3,373.7076047215325,-19.998532142202396,85.23867436910871,15.40769311942896,399.99999999999994,0.0,90.0,11.2
3,373.7076047215325,-19.998532142202396,85.23867436910871,15.605529011505327,399.99999999999994,0.0,90.0,11.2
3,373.7180595164594,-19.87479945249046,85.10185466707162,15.919285185086762,399.9999999763893,0.0019436345892429447,90.01039202576216,11.771428571428572
3,373.7180595164594,-19.87479945249046,85.10185466707162,16.36124980897697,399.99999848891383,0.015549076636980706,90.0201362056003,12.342857142857143
3,373.7180595164594,-19.87479945249046,85.10185466707162,16.74497480710789,399.999982787785,0.05247813105231919,90.04658469036171,12.914285714285713
3,373.7180595164594,-19.87479945249046,85.10185466707162,17.110076105574436,399.9999032905102,0.12439257576648505,90.09808960172658,13.485714285714284
3,373.7604696123073,-19.379918859975323,85.10185466707162,17.341309134759914,399.9996310828591,0.2429540348869375,90.18300291055361,14.057142857142857
3,373.82585713921895,-18.63775270293593,84.82821526299743,17.36719271959005,399.9988984217771,0.4198235426958818,90.30967602409855,14.628571428571428
3,373.93058248861496,-17.525110157579686,84.41775615688614,17.185676334143626,399.9972222463135,0.6666603961188929,90.4864587237968,15.200000000000001
3,374.1038183717817,-15.795334176829167,84.14411675281195,16.794242695072956,399.9938107159613,0.9951196284012851,90.72169683671441,15.77142857142857
3,374.2742660904559,-14.190104474059943,83.73365764670065,16.296342571473783,399.98745282717016,1.4168471029828855,91.02372774450836,16.34285714285714
3,374.47978053023326,-12.338873236716863,83.59683794466353,15.721085818076066,399.97639122280464,1.9434708250539552,91.40087245748208,16.914285714285715
3,374.75674675676436,-9.870893265908714,83.59683794466353,15.025311575011411,399.9581862810992,2.586343748200211,91.86124867296773,17.2
3,374.82525157002345,-9.253816186794392,83.7336576467006,14.382335841489011,399.92979193948423,3.3511805577121287,92.4089263301644,17.2
3,375.1268129184471,-6.413794404971956,84.14411675281187,13.96536187094725,399.88769795651973,4.238037522243155,93.04390967635608,17.2
3,375.2717594485016,-4.930783152269334,84.69139556096025,13.987858716241924,399.8278579656064,5.246467491736364,93.76582470621764,17.2
3,375.38350959567896,-3.5694787006884368,85.92277287929412,14.005587278773755,399.74566955888145,6.376135125646636,94.5743547106986,17.2
3,375.4380625858789,-2.701987075964934,86.88051079355377,14.357863226989071,399.6359996658118,7.626446577374242,95.46896983286568,17.2
3,375.4781079177172,-1.833704795192635,87.83824870781343,14.84871046344553,399.493194148404,8.996608597793994,96.44896403065137,17.2
3,375.50363440222964,-0.9648744629104239,88.79598662207307,15.49378296809881,399.31109589387523,10.48558899871108,97.51342167581511,17.2
3,375.5151093398812,0.15260771936050188,90.02736394040693,15.99516002901094,399.08306817395,12.09207482896036,98.66118320439318,17.2
3,375.5135970905052,0.5251247212781274,90.43782304651819,16.25678669062188,398.80202402314376,13.81442902935304,99.89081089317145,17.2
3,375.47126005948843,2.2629588529884126,92.35329887503748,16.418912485702986,398.460462311734,15.650646503446497,101.20055603749124,17.2
3,375.41337654819336,3.3789998921116386,93.58467619337131,16.786805625499486,398.05051105826436,17.59831071256542,102.58832901333693,17.2
3,375.3100813875498,4.7409589786812125,95.08969291577937,17.22509609169938,397.5641751389356,19.653765223360807,104.05111425636865,17.2
3,375.19898303863675,5.852964041059927,96.3210702341132,17.631477584932703,396.99291762898997,21.81419186096414,105.5864582559239,17.2
3,375.0475458747337,7.085401614718479,97.68926725448414,18.010342802746795,396.32812400727755,24.075679893998398,107.19110646100542,17.2
3,374.7902926138674,8.804632642192214,99.33110367892928,18.233734061491404,395.56106231320354,26.433769369785885,108.86140849178959,17.2
3,374.5511489890316,10.149405028286687,100.83612040133731,18.546923583094195,394.68296177767263,28.88343239248723,110.59332796377191,17.2
3,374.43078785013194,10.758491090382368,101.52021891152276,18.769416973054547,393.68509585685655,31.41906330440351,112.3824639486365,17.2
3,373.81516061147653,13.419717446942663,104.5302523563388,18.83385867879194,392.5588664146652,34.034482224037795,114.22408681571756,17.2
3,373.10389569677557,15.928253650553193,107.12982669504359,18.861874079044522,391.29636362160244,36.72197802791295,116.11250400562218,17.2
3,372.5235301280285,17.698027595993022,109.18212222560001,19.030479824810886,389.88926858030277,39.474934867856035,118.04294742499474,17.2
3,371.79437538550263,19.67892979853197,111.2344177561564,19.038484809769873,388.32993042364586,42.285541308878955,120.01000206592622,17.2
3,370.85637669740674,21.978325255677134,113.14989358467572,18.85262377049037,386.6111546387635,45.145525047636404,122.0081653076979,17.2
3,369.4212154211291,25.144871714078942,115.61264822134342,18.671072329347012,384.72627051712914,48.04620024785293,124.03191947481555,17.2
3,368.65479087428486,26.705205929474864,116.70720583764017,18.420121268361648,382.66918734390583,50.97852515171992,126.07580749915721,17.2
3,366.97911221396413,29.89239404907964,118.75950136819658,18.069798126396794,380.4344396174446,53.933164736420544,128.1345062986227,17.2
3,365.05906569683276,33.2284292199553,121.08543630282715,17.866679111248537,378.01722054830515,56.900556411430934,130.2028950633191,17.2
3,363.55251961324564,35.65465010096932,122.59045302523516,17.747203758007355,375.41429175378835,59.86999955721871,132.27543333239888,17.2
3,361.97709505356,38.03668290591654,124.36910915171737,17.725768258693574,372.6216633371041,62.83244690403211,134.34811209277845,17.2
3,360.32849501144136,40.36866933988909,126.14776527819957,17.792573236321612,369.6366188715734,65.77807464715714,136.41675735380915,17.2
3,358.13912763072403,43.2273228006486,128.74733961690433,17.938138453342564,366.45710850150743,68.69709599368392,138.47758565573565,17.2
3,356.3120918088371,45.422263777580554,130.79963514746072,18.202371249310215,363.08173438308813,71.57980683167541,140.52721721007333,17.2
3,355.1605698113008,46.72456744448765,132.16783216783168,18.53821933767954,359.50972377272393,74.41663161487388,142.56268307140002,17.2
3,352.5948505363914,49.42486868205475,134.90422620857353,18.90107383029656,355.7408968224295,77.19816251469686,144.58142283402404,17.2
3,349.989921074961,51.910643963187965,137.77743995135248,19.334501883662416,351.77563061247224,79.91519171098929,146.58127418047675,17.2
3,347.7452706415061,53.87071005408749,139.96655518394599,19.830402573992565,347.61587571919506,82.55809190217975,148.55996813905392,17.2
3,345.42738782151605,55.74360457378108,142.1556704165395,20.26690486527864,343.2623410242707,85.11864784170191,150.51645284643675,17.009523809523827
3,342.0328588065584,58.253236295305264,144.89206445728138,20.7140131473568,338.7207492078318,87.5863848465255,152.44804092223592,16.43809523809526
3,339.16028390442636,60.21182040017804,146.5339008817265,20.994272682196712,334.0035134880796,89.94872107021045,154.35020606805855,15.866666666666688
3,336.0189131861484,62.21373879925603,148.44937671024584,21.19443248082841,329.1245193046319,92.19442800029744,156.2190304526241,15.295238095238119
3,334.7453921777644,62.98735117856633,148.99665551839422,21.256780926113247,324.09846044558583,94.31392184223763,158.05133866478906,14.72380952380955
3,328.7099662496594,66.43995183820446,151.45941015506187,21.387149059299563,318.94067559125966,96.29923464823891,159.84460400734446,14.152380952380982
3,323.64742720992126,69.08465431660647,153.37488598358124,21.37812971844272,313.66699658603585,98.14396963019249,161.59685761263472,13.58095238095241
3,319.2901890119072,71.19784161288652,154.87990270598925,21.167976597179774,308.29361003086683,99.84324431083256,163.3066027686718,13.009523809523843
3,314.542175054732,73.35523430484514,156.2480997263602,20.819184901078824,302.8369329267549,101.39362474043384,164.97273600029663,12.438095238095272
3,309.3986907518978,75.53844943510113,157.7531164487682,20.30866055158375,297.31350244578516,102.79305352779247,166.5944757528108,11.866666666666704
3,302.3380885480142,78.28001667778017,159.80541197932465,19.60684888547214,291.73987943863284,104.04077395021365,168.17129897916226,11.295238095238133
3,296.60069400520246,80.30520972928994,161.31042870173266,18.786747934785726,286.1314566370367,105.13745340776575,169.7031831737641,11.2
3,294.480041634367,81.01131187102243,161.85770750988104,17.865959341852292,280.49607635167683,106.08593532892647,171.19215200196993,11.2
3,282.3459584559493,84.63723666578791,164.86774095469713,16.919029409386603,274.83824766923067,106.88966393818889,172.6408742591776,11.2
3,275.8450351706618,86.27914749813031,166.78321678321646,16.127089169271777,269.1621389853455,107.55197494919733,174.05182699643183,11.2
3,269.29958821546404,87.73415605151348,168.15141380358736,15.186315892593102,263.4716141857675,108.0760930724037,175.42730899651812,11.2
3,262.47449985937055,89.06423950317863,169.7932502280325,14.180444871832428,257.7702699871,108.46513146943057,176.76945264620483,11.2
3,253.5264191991295,90.51040357634392,171.84554575858888,13.238192311976086,252.06145668341014,108.72209402347781,178.0802383452341,11.2
3,246.75397674269553,91.39022416421163,173.35056248099693,12.398838734204245,246.3483006513807,108.8498776822459,179.36150684441586,11.2
3,242.18622455440055,91.88406694631635,174.3083003952566,11.594698884680001,240.63372461058293,108.85127533173717,180.61497064045724,11.2
3,233.77161492128585,92.58089545149838,176.2237762237759,10.831385224222753,234.92046587236035,108.72897904171266,181.84222446580912,11.2
3,225.46287426636923,92.99989292430956,178.00243235025812,10.265775862684066,229.21109278861763,108.48558355794398,183.04475491936313,11.2
3,219.50424804322034,93.13651455715392,179.37062937062902,9.792223618530082,223.50801959067476,108.12358994389812,184.22394929440924,11.2
3,213.4198578035861,93.13796748175429,180.60200668896286,9.496984618495508,217.81351978876114,107.64540929645383,185.38110365759863,11.2
3,207.70944579379213,93.00976564278285,181.97020370933376,9.617222766671844,212.1297382847159,107.0533664777552,186.51743023809445,11.2
3,200.39168286505287,92.66176143342848,183.47522043174177,9.847319923451659,206.45870233409326,106.34970381923678,187.6340641805775,11.2
3,194.9425629288011,92.2654927167445,184.8434174521127,10.254195684893567,200.80233147906813,105.53658476490624,188.73206971599154,11.2
3,191.35628692858054,91.9400332188114,185.52751596229817,10.766407582919154,195.16244656026663,104.61609742972256,189.81244579985895,11.2
3,182.34876339379943,90.92699609980843,187.30617208878036,11.464530658615162,189.54077790378386,103.59025805581625,190.8761312652154,11.2
3,176.81251636149076,90.17009708019856,188.26391000304002,11.85598485114127,183.9389727690379,102.46101435472595,191.92400953328274,11.2
3,171.29178013962226,89.30758672331734,189.4952873213739,11.797442943285045,178.3586021336965,101.23024872807582,192.95691292198055,11.2
3,165.17570985583836,88.23952948151086,190.31620553359642,11.580140391096215,172.80116688356782,99.89978136243197,193.97562658909013,11.2
3,156.88724550352518,86.62836957325773,191.68440255396732,11.008490733237789,167.26810346788756,98.47137319662403,194.98089214373695,11.2
3,150.2145953717988,85.17348543636777,192.91577987230113,10.416629921084049,161.76078907390078,96.94672876178542,195.97341095622446,11.2
3,143.44817036852356,83.57069810401494,193.73669808452377,9.56686510635001,156.28054636877857,95.32749889584179,196.95384719464187,11.2
3,138.75089263682415,82.3926756032546,194.42079659470923,8.705352393462821,150.82864785176258,93.61528333528369,197.9228306129019,11.2
3,127.73646965596525,79.3632371550798,196.33627242322856,7.7719722607742,145.40631985487653,91.81163318787267,198.8809591137561,11.2
3,121.32493682222815,77.40054195316063,197.70446944359944,6.867172961487496,140.0147462264512,89.91805329048684,199.82880110690422,11.2
3,115.07742362083702,75.33193578177803,198.9358467619333,6.091765670099733,134.65507172816967,87.93600445671353,200.76689768124436,11.2
3,109.10983065470809,73.21265762477253,200.16722408026718,5.515984229752204,129.3284051731344,85.86690561903245,201.69576460856905,11.2
3,102.03474830206454,70.50815408481448,201.67224080267516,5.535254066320723,124.03582232963501,83.71213587056175,202.61589419353413,11.2
3,97.09429102956378,68.48314066490651,202.90361812100906,5.837248407341901,118.77836861279476,81.47303641138623,203.5277569844067,11.2
3,92.53767776204955,66.50651046257525,203.99817573730576,6.471032805685143,113.55706158406484,79.15091240447306,204.43180335684528,11.2
3,89.59774882044101,65.17236527563448,204.81909394952837,7.156027736299494,108.37289327652147,76.7470347460961,205.328464982507,11.2
3,82.88119967531274,61.94856500544363,206.4609303739735,7.964670537262266,103.22683236220973,74.26264175560564,206.21815619265197,11.2
3,78.7853962506601,59.86706673407421,207.41866828823316,8.81461588941326,98.1198261761709,71.69894078923282,207.10127524619847,11.2
3,74.50005084969675,57.61141385841741,208.10276679841866,9.705427342438268,93.05280261042243,69.05710978248315,207.97820551130266,11.2
3,68.6080411238695,54.41055233477808,208.92368501064124,10.597037227365066,88.02667188990995,66.33829872551331,208.849316567308,11.2
3,64.27800744053184,51.97725663276064,209.74460322286384,10.736742603118607,83.04232824134078,63.54363107572305,209.71496523519914,11.2
3,59.33221028504387,49.11969931202416,210.29188203101222,10.79593042163121,78.1006514648166,60.674205111628176,210.57549654256488,11.2
3,54.096885212947925,46.019350422731875,210.9759805411977,10.366051206839279,73.20250841731712,57.73109523192819,211.4312446288124,11.2
3,47.100694033065096,41.751129507367786,211.79689875342024,9.767835701576018,68.34875441627113,54.715353203510354,212.28253359680176,11.2
3,41.738314648595605,38.38223350700785,212.48099726360564,8.953088936584637,63.54023457077243,51.62800936199374,213.12967831482592,11.2
3,36.10785319519768,34.74091548676323,213.30191547582828,7.990866190331886,58.777785047352424,48.47007376826444,213.97298517472964,11.2
3,30.637812695369973,31.08169860030229,214.25965339008792,6.967292740605472,54.06223427666639,45.242537324320644,214.8127528092009,11.2
3,24.13455874739229,26.514428813519633,215.90148981453302,5.828516420553337,49.394404106943405,41.94637285161853,215.6492727730388,11.2
3,19.34871854109568,22.962017596113405,217.26968683490395,5.617890528346909,44.77511090960376,38.58253613499336,216.48283019157628,11.2
3,15.228838635796016,19.76435679271768,218.3642444512007,5.607520742411498,40.20516664204454,35.151966935122914,217.3137043796056,11.2
3,11.45701147195823,16.72705412685005,219.32198236546034,5.821400421566882,35.68537987223371,31.655589972401092,218.14216943412342,11.2
3,7.181294600541845,13.129818477915514,220.8269990878684,6.594526640354575,31.21655676945062,28.094315885016474,218.9684948035856,11.2
3,4.289685620316012,10.588953153222722,221.78473700212805,7.480559240938766,26.79950206519787,24.469042163933143,219.7929458366497,11.2
3,1.5298477219116209,8.086906572881633,222.6056552143506,8.6187575582127,22.435019988088463,20.780654067429687,220.6157843127811,11.2
3,-2.007013635845765,4.778961686104676,223.56339312861024,9.772895122685481,18.123915176274195,17.030025517788168,221.43726895731646,11.2
3,-4.780420309317714,2.1095453631762053,224.2474916387957,11.021019965040693,13.866993570787912,13.218019982684792,222.25765594325273,11.2
3,-7.783499797133128,-0.8578904075010083,225.06840985101826,12.038001100773753,9.665063293005597,9.345491343808293,223.07719938206225,11.2
3,-10.925505543762544,-4.0376367398528865,225.61568865916655,12.369355073471452,5.51893550927997,5.413284755209609,223.8961518055749,11.2
3,-13.178228558215556,-6.350324154821421,225.88932806324073,12.461525039197602,1.429425285675362,1.422237493886562,224.7147646411794,11.2
3,-18.918886349483113,-12.37191240470031,226.84706597750028,12.212571435688355,-2.6026475643800318,-2.626820194889715,225.5332886822649,11.2
3,-22.805627729793777,-16.55757660373826,227.39434478564866,11.875899671967156,-6.57645763680119,-6.733064254981558,226.351974555981,11.2
3,-26.730670622697517,-20.87665061323169,228.0784432958341,11.303315449537982,-10.491173095252464,-10.895675976954381,227.17107319027522,11.2
3,-31.997693957496445,-26.82761453109907,228.8993615080567,10.681235960608376,-14.345954828667395,-15.113841153206048,227.99083628221857,11.2
3,-35.72169717334168,-31.158669057999475,229.72027972027917,9.941093797641894,-18.13995560532902,-19.38674922797822,228.81151676959922,11.2
3,-39.45750309552705,-35.64238712191442,230.6780176345388,9.121965783880004,-21.872319220995458,-23.713592439501003,229.633369307798,11.2
3,-43.03463555752001,-40.09546723694064,231.77257525083556,8.338227752741492,-25.542179638567053,-28.093564951420774,230.45665075403355,11.2
3,-45.166423608645445,-42.8420721128745,232.5934934630581,7.8312431944451255,-29.148660116792836,-32.525861970543815,231.28162066109266,11.2
3,-49.98469095080464,-49.317116771323256,234.09851018546613,7.879806213499539,-32.690872325515954,-37.009678847807,232.10854178259288,11.2
3,-52.49517716453668,-52.86466739813864,235.32988750380002,8.518827478111561,-36.167915444927225,-41.544210159221024,232.93768059235325,11.2
3,-54.65833919294634,-56.048710289117764,236.28762541805966,9.300934929762724,-39.57887524626674,-46.12864876335777,233.769307819818,11.2
3,-57.23962469525617,-59.99857761827454,237.38218303435633,10.1273678196301,-42.922823151370174,-50.76218483175189,234.60369900440855,11.2
3,-59.287373332196545,-63.258044539821206,238.339920948616,11.062097460237936,-46.198815268400345,-55.44400484835605,235.44113507117635,11.2
3,-61.28822404735387,-66.54653423833479,239.02401945880152,12.052399352053449,-49.405891401038396,-60.17329057393044,236.2819029307505,11.2
3,-63.376214115652786,-70.07236540933813,239.70811796898698,13.107119251794805,-52.5430740283272,-64.94921797094784,237.1262961062298,11.2
3,-66.0755155582226,-74.82249263896237,241.07631498935797,13.753289857855544,-55.609367252285224,-69.77095608428728,237.97461539077545,11.2
3,-68.2831591949125,-78.85175454973725,241.4867740954692,14.16964444740239,-58.60375571028761,-74.63766587258753,238.82716953853708,11.2
3,-70.56945355382808,-83.12083093759998,242.17087260565472,14.116915298604868,-61.52520344912015,-79.54849898474261,239.6842759933209,11.2
3,-73.04517500504129,-87.85164229800709,242.58133171176593,13.868884890030667,-64.37265275749485,-84.50259647556523,240.54626165866839,11.2
3,-76.44437318242659,-94.48140462830962,243.12861051991436,13.346327265790475,-67.14502295366088,-89.49908745408088,241.4134637135013,11.2
3,-79.12567414801383,-99.8045745171141,243.4022499239885,12.781955413927673,-69.84120912464388,-94.53708765739532,242.28623047841225,11.2
3,-81.87889341232811,-105.36939365341316,243.9495287321369,12.065475779218241,-72.46008081347338,-99.61569794238476,243.16492233738126,11.2
3,-83.66526147650454,-109.0572392001806,244.35998783824826,11.303112904962626,-75.00048065061242,-104.73400268673994,244.04991272056478,11.2
3,-87.70967114032578,-117.7208993868633,245.59136515658213,10.496063027664222,-77.46122292565448,-109.89106809009974,244.94158915442472,11.2
3,-89.97615390550261,-122.82834328805181,246.5491030708417,9.812917429457867,-79.84109209517776,-115.08594036507331,245.84035438566292,11.2
3,-92.21169610716217,-128.08463326589808,247.37002128306418,9.532812797323922,-82.13884122249972,-120.31764380696063,246.74662758622176,11.2
3,-94.71764087372667,-134.30397137864395,248.73821830343513,9.374256862087341,-84.35319034489767,-125.58517872979968,247.66084564775346,11.2
3,-96.38663829371856,-138.71746595487664,249.83277591973183,9.541719739652889,-86.48282476372431,-130.88751925512364,248.58346457383766,11.2
3,-97.9241538193893,-143.0468961459898,251.06415323806564,9.864822872528437,-88.52639325269568,-136.22361093834624,249.51496098017915,11.2
3,-99.35784238102882,-147.41176219954494,252.56916996047374,10.571525686746815,-90.48250617951376,-141.59236821609514,250.4558337130103,11.2
3,-100.15747110407555,-150.02390788961435,253.3900881726963,11.315867898202804,-92.34973353588762,-146.9926716559841,251.40660559800898,11.2
3,-101.99211010447985,-156.60204257132457,255.4423837032527,12.164839877907744,-94.12660287096803,-152.42336498829025,252.36782533215313,11.2
3,-103.00441124980728,-160.70068451513367,256.8105807236236,12.872200421203136,-95.81159712320132,-157.8832518966817,253.3400695333548,11.2
3,-103.98275966694737,-165.06249210260327,257.9051383399203,13.458151035033653,-97.40315234568746,-163.37109254258536,254.32394496346686,11.2
3,-105.17589112078163,-170.90209285847402,258.99969595621707,13.7023618389261,-98.89965532027712,-168.88559979483233,255.32009094212975,11.2
3,-106.11749117310443,-175.90534872892277,259.68379446640245,13.784078179067748,-100.29944105593943,-174.42543513297966,256.32918197103953,11.2
3,-107.07023568996095,-181.28525638518042,260.23107327455085,13.699947104062767,-101.60079016735352,-179.98920418895003,257.35193058956617,11.2
3,-108.0259715057381,-186.91671254170393,260.5047126786251,13.441385997368416,-102.80192613032193,-185.57545188747957,258.38909048563073,11.2
3,-108.65645685466136,-190.7141097156565,260.64153238066217,12.957261246189159,-103.90101241149037,-191.18265714114682,259.44145988743713,11.2
3,-110.17743299076174,-200.1537080509158,261.05199148677355,12.431801057562271,-104.89614947106136,-196.80922705041777,260.50988526460947,11.2
3,-111.06452057261642,-205.92204373796696,261.4624505928848,12.002152702788294,-105.78537163879153,-202.45349055308873,261.5952653706722,11.2
3,-111.89646727459194,-211.69856749327928,262.14654910307024,11.503286828484642,-106.56664386569383,-208.113691460799,262.6985556603368,11.2
3,-112.85074954437141,-219.21265862667443,263.3779264214041,11.051465993473634,-107.2378583566028,-213.78798081253686,263.8207731197152,11.2
3,-113.43544307876991,-224.7696889503285,264.609303739738,10.539716852203508,-107.79683109232812,-219.47440846651128,264.9630015505647,11.2
3,-113.91388054456864,-230.33691670927203,265.56704165399753,10.379946449156055,-108.24129825466684,-225.17091384197116,266.1263973522307,11.2
3,-114.27110267889894,-235.7887356096228,266.9352386743685,10.21755180888772,-108.56891257336572,-230.8753157117112,267.31219584973866,11.2
3,-114.52091080564527,-242.3649303672502,268.7138948008507,10.27151444389529,-108.77723962149769,-236.58530093370547,268.52171821855023,11.2
3,-114.56832245453363,-247.4556817578793,270.21891152325867,10.5078926936362,-108.86375409506381,-242.2984119967297,269.7563790593277,11.2
3,-114.47818812275554,-252.4216388058894,271.8607479477037,10.808304559199327,-108.82583612441414,-248.0120332395702,271.0176946793991,11.2
3,-114.1467467707616,-258.9941372449779,273.91304347826,11.143944926460577,-108.66076767991987,-253.72337558673019,272.30729213674397,11.2
3,-113.76856391366202,-263.6974428496774,275.281240498631,11.462880106898963,-108.36572915296377,-259.42945962502966,273.6269191031737,11.2
3,-113.24551641178192,-268.76152337319854,276.51261781696485,11.758851030009758,-107.93779621667501,-265.12709682563866,274.9784545980107,11.2
3,-112.60453088391331,-273.9371955614972,277.6071754332616,12.30186662221434,-107.37393710006207,-270.81286869462633,276.3639206387881,11.2
3,-112.1195897704659,-277.3800418775435,278.4280936454841,12.559957669932885,-106.67101044569036,-276.4831036127324,277.7854948409668,11.2
3,-110.78312021711712,-285.4654078866665,280.3435694740035,12.56538182532866,-105.82576300509973,-282.13385701170546,279.24552553037586,11.2
3,-109.76804893786696,-290.7073948868655,281.57494679233736,12.577483085689492,-104.83483157695441,-287.7608669268766,280.7465422087902,11.2
3,-108.60115765347784,-296.17194354700644,282.5326847065969,12.433795140587586,-103.69474275423364,-293.35953477061486,282.29127403406267,11.2
3,-106.90064635568461,-303.2977977653787,284.3113408330791,12.064184863715827,-102.40191585043583,-298.9248889685363,283.882665747848,11.2
3,-105.35849334437877,-309.05502418332327,285.67953785345003,11.785528969517973,-100.95266846108626,-304.4515444526004,285.5238940057591,11.2
3,-103.72097565524572,-314.65663033340195,286.9109151717839,11.505165999272398,-99.34322487055978,-309.9336594733914,287.21838429690877,11.2
3,-101.93284404572395,-320.3423215843515,288.0054727880806,11.058109212573985,-97.5697283283692,-315.36488797204265,288.9698275835621,11.2
3,-100.75601273509315,-323.8767254070613,288.8263910003032,10.640530029882875,-95.62825821162774,-320.7383272603677,290.7821959422618,11.2
3,-97.61697403240996,-332.3795214889222,291.6996047430821,10.308380797509317,-93.51485331901527,-326.0464608496685,292.6597561956034,11.2
3,-95.51237381727867,-337.42127051176766,293.6150805716015,10.499839551797729,-91.22554281036838,-331.2810964183192,294.6070801328692,11.2
3,-92.57572215568337,-343.7237421226729,296.3514746123434,10.888029222799005,-88.75638661574081,-336.4332991381437,296.62904942294324,11.2
3,-90.22392852406472,-348.23871667876114,298.67740954697405,11.284559951469022,-86.1035274848586,-341.4933209187086,298.7308526879761,11.2
3,-87.63443619115684,-352.76535926137024,300.8665247795676,11.581531409671223,-83.26325722120343,-346.4505266132878,300.91797141825225,11.2
3,-84.81358834241169,-357.29853299149124,302.9188203101241,11.962480305709121,-80.23210002127196,-351.2933189043389,303.1961504629201,11.2
3,-80.95990718086239,-362.9360954759075,305.7920340529031,11.995600479541217,-77.00691617731128,-356.0090644997226,305.5713477291796,11.2
3,-79.86157895403589,-364.44039890916974,306.4761325630885,12.002243142869315,-73.58502963302112,-360.58402547497843,308.0496565228844,11.2
3,-74.3435182324915,-371.47329908845256,309.75980541197873,11.97863145016702,-69.96438290146143,-365.0033011364256,310.63719277261055,11.2
3,-69.51864946864634,-376.9853986649254,312.63301915475773,11.908188501557955,-66.14372251186718,-369.25078767431626,313.3399384117104,11.2
3,-65.7422460826608,-380.93337304472834,314.82213438735124,11.76159636956015,-62.12281724170876,-373.3091650946367,316.16353178331707,11.2
3,-61.545406220075904,-384.9883236573279,317.1480693219819,11.65481370945292,-57.902709654940324,-377.15992334054687,319.1129966240075,11.2
3,-57.090042754726575,-388.94683943602263,319.6108239586495,11.449892295401156,-53.48599861700723,-380.7834418759645,322.19240364972615,11.2
3,-51.269177620094965,-393.5953251137524,323.16813621161407,11.22990489187715,-48.877146223821875,-384.15913883862964,325.40446389954104,11.2
3,-46.81955585769499,-396.7649541137663,325.904530252356,10.852892065218889,-44.08279681887506,-387.26570646728345,328.75006159621273,11.2
3,-45.163757967468854,-397.86290674250546,326.9990878686527,10.714997636985808,-39.11208861425809,-390.08144791350395,332.2277468732247,11.2
3,-37.13950294120653,-402.5838490466871,332.0614168440251,10.757854435145243,-33.97693049247305,-392.5847256749475,335.833224957139,11.2
3,-30.863845479385986,-405.573934910887,336.9869261173605,11.06886580932546,-28.692210448506028,-394.7545222860633,339.5588954490451,11.2
3,-26.23070487080618,-407.36149193661583,340.8178777743991,11.553725936598205,-23.27589321179191,-396.57110216849134,343.3935141265357,11.2
3,-21.3681949246919,-408.8665262051191,344.78564913347486,12.171145491585145,-17.74895962739652,-398.0167455431685,347.32206148667103,11.2
3,-16.413198428468366,-410.03149008775324,348.7534204925506,12.727473739244811,-12.135188126437649,-399.07649581648,351.32586745880536,11.2
3,-9.660341387066657,-411.03369682179317,354.3630282760714,13.093553994139244,-6.4607206172367455,-399.73887044543335,355.3830689981814,11.2
3,-4.332789444923391,-411.3738339250147,358.33079963514706,13.37410584402134,-0.7534459554554862,-399.99645194900273,359.46938575978663,11.2
3,-2.470477033188319,-411.40363215083414,359.83581635755513,13.435300740512067,4.957767939869036,-399.8462921268083,363.5591642936938,11.2
3,7.195420303369126,-410.8768482960149,366.4031620553356,13.476552726137342,10.643931431268836,-399.29007800656046,367.62658398463464,11.2
3,12.844112273350147,-410.0371345475048,370.5077531164485,13.50676281412421,16.276801969791386,-398.3340374512273,371.64688322762123,11.2
3,20.34413854371244,-408.30968287310634,375.43326238978386,13.552395084184973,21.829684233118854,-396.9885969744546,375.5974598614961,11.2
3,26.036635374442923,-406.54626305934545,378.9905746427482,13.489902063075576,27.278093950321335,-395.2678359608569,379.4587271599813,11.2
3,31.840920716939642,-404.34498798595496,382.5478868957126,13.286879460663835,32.600242569125946,-393.18880247222535,383.21465753015383,11.2
3,37.73017479168077,-401.69952181519255,385.8315597446029,12.98850074854707,37.777326246678086,-390.77076365706193,386.8530017532,11.2
3,43.23791893265305,-398.8356213121372,389.1152325934931,12.603176103396827,42.793609855383494,-388.03446948694983,390.36520727301985,11.2
3,50.34990661608741,-394.5223491034553,393.3566433566431,12.233950725029443,47.6363830713638,-385.0014611796245,393.74613733293756,11.2
3,55.73570125863606,-390.7417970511018,396.7771359075704,11.938204288632452,52.29577397210027,-381.6934818060848,396.99363232877806,11.2
3,60.896222844965905,-386.6588630424532,399.92398905442366,11.613441069951245,56.76448747415951,-378.1319959675888,400.10800623269324,11.2
3,67.07315979948451,-381.08839306089766,404.1653998175734,11.174050753033358,61.037499895687986,-374.3378226632646,403.091533655043,11.2
3,71.58471374355895,-376.4700050091098,407.1754332623895,10.780562531824364,65.11173930717682,-370.3308731677672,405.94796896718344,11.2
3,75.84752794320175,-371.6210832437568,410.1854667072056,10.402649662426978,68.98577336108195,-366.1299797564838,408.6821219147852,11.2
3,79.70760329869947,-366.75896300974233,412.9218607479475,10.066123293546116,72.65951881270895,-361.7527987176274,411.2995004778515,11.2
3,82.12700265843333,-363.45191814268816,414.70051687442964,9.76084002588999,76.13398075092813,-357.215771186187,413.8060220669055,11.2
3,87.16373143958617,-355.7688075943953,418.8051079355425,9.732955572879685,79.41102489515532,-352.5341269142574,416.2077881459364,11.2
3,90.71551727161977,-349.5045889258848,422.08878078443274,9.846413352414508,82.4931830986037,-347.7219183708078,418.51091427741204,11.2
3,93.2302582629022,-344.515055445161,424.4147157190633,10.195001929480373,85.38349017904785,-342.79207501002526,420.72140649068416,11.2
3,95.56476929953877,-339.4385206872992,426.1933718455455,10.586962620076394,88.08534908581426,-337.7564698455987,422.8450750530801,11.2
3,97.63210794626717,-334.5158224868229,428.24566737610206,10.814899077925087,90.60242093488404,-332.6259924631588,424.8874775801714,11.2
3,100.2249831361399,-327.6641725347853,430.29796290665837,11.085068261622748,92.93853638176601,-327.4106242433619,426.85388458582474,11.2
3,102.08627068903269,-322.26409386141745,431.66615992702924,11.199032395086908,95.09762498803902,-322.1195128633222,428.7492617828886,11.2
3,102.70220150030868,-320.37520903236066,432.21343873517765,11.19724577694492,97.08365955536836,-316.7610441339955,430.5782645837323,11.2
3,106.00105673276181,-309.17990975270595,434.9498327759196,11.012045370529897,98.90061277286911,-311.34290996695074,432.34524124211976,11.2
3,107.47987720775659,-303.4060910908068,436.3180297962906,10.946341453204743,100.55242390201057,-305.8721717964492,434.05424190744867,11.2
3,108.85542454225617,-297.4792305196698,437.54940711462456,10.652693958794899,102.04297358005763,-300.3553191581915,435.7090315383779,11.2
3,110.13601250451367,-291.4041466869349,438.64396473092125,10.249328709890206,103.37606514451365,-294.79832338275224,437.313105153916,11.2
3,111.27115735304477,-285.3003339503291,440.28580115536636,9.716176731115796,104.55541116178449,-289.20668653085244,438.8697043172152,11.2
3,112.48092829320512,-277.44621662333634,442.20127698388563,9.180100924730098,105.58462408323972,-283.5854858032102,440.381834060498,11.2
3,113.20499374305017,-271.530231632738,443.8431134083307,8.632580767533772,106.46721015364456,-277.93941371837707,441.8522797048214,11.2
3,113.40864106674388,-269.5539258797553,444.39039221647914,8.177756379105036,107.20656521536316,-272.2728198909341,443.2836218296171,11.2
3,114.21275145380686,-258.53292707797243,447.2636059592581,7.892723588433646,107.80597526467615,-266.589728181877,444.6782558478873,11.2
3,114.37046581129582,-253.8171274049747,448.9054423837032,7.705075111377161,108.26861424970377,-260.89387930658654,446.03840331701247,11.2
3,114.39418658423493,-248.85040907942238,450.54727880814823,8.245750578548346,108.59754565392019,-255.18875557705462,447.3661262866543,11.2
3,114.29560466426157,-244.5055754724493,452.0522955305563,8.89774575296725,108.79572466458114,-249.47760335632648,448.66334051844666,11.2
3,114.00885819125068,-238.92534936697896,453.8309516570385,9.670889663315167,108.86600077801927,-243.76345451785016,449.9318273943793,11.2
3,113.70552078025973,-234.9634492006417,454.92550927333525,10.46045682798081,108.81112085903955,-238.04914576837643,451.17324489676,11.2
3,113.28981048417602,-230.51260861887644,455.7464274855579,11.357186739203229,108.63373251168183,-232.33733605774302,452.38913770280516,11.2
3,113.13707455593092,-229.03037507805234,456.0200668896321,12.332937003410233,108.3363876496931,-226.6305222770997,453.5809464457384,11.2
3,112.24383879839588,-221.5088553130185,457.52508361204013,13.06054468048389,107.92154617989564,-220.9310534266938,454.750016196524,11.2
3,111.43121304797198,-215.72961548803613,458.48282152629986,13.414755493557065,107.39157973146393,-215.24114341543,455.8976042241071,11.2
3,110.63815820583116,-210.70070423583584,459.4405594405595,13.534720838979622,106.74877537991645,-209.5628826372033,457.02488708995963,11.2
3,109.73093290904494,-205.43890812325017,460.1246579507451,13.292468324613216,105.99533932716585,-203.89824845322414,458.1329671312834,11.2
3,108.67071807811517,-199.69989195992665,460.80875646093045,12.742539899442534,105.13340050893936,-198.24911469567076,459.22287838503104,11.2
3,107.1548151806856,-192.15196427693797,461.9033140772272,12.169057562854903,104.1650141087319,-192.6172602951903,460.2955920010425,11.2
3,106.31666975491812,-188.26782487519884,462.4505928853756,11.488527734991814,103.09216496364868,-187.0043771235205,461.35202118953157,11.2
3,104.51080311431697,-180.52880482460517,463.8187899057464,10.886081781899343,101.91677085238098,-181.41207713258746,462.39302574535765,11.2
3,102.58285646112824,-173.07553831327672,465.1869869261174,10.161162846138335,100.640685659331,-175.84189886233926,463.4194161870222,11.2
3,101.03392555239382,-167.57766488790122,466.28154454241405,9.461943546019025,99.26570241185975,-170.29531338173308,464.43195754547304,11.2
3,99.49420012130503,-162.46508466598095,467.23928245667366,9.005311601545884,97.79355618991161,-164.77372972030088,465.4313728357545,11.2
3,97.90109875557022,-157.49915342540163,468.3338400729704,8.817158306174436,96.22592690897234,-159.27849984138177,466.41834624000313,11.2
3,95.8303607496248,-151.5146076991738,469.8388567953784,9.073729341462526,94.5644419786426,-153.81092320270534,467.3935260285207,11.2
3,94.35970326409603,-147.5571980835452,470.933414411675,9.543950276545887,92.8106788400661,-148.37225094509074,468.3575272433868,11.2
3,93.36542622858515,-145.01276801425158,471.7543326238977,10.334199860897419,90.96616738613014,-142.96368974565974,469.3109341663277,11.2
3,91.48058780538919,-140.41742520387317,472.84889024019424,11.008555313920134,89.03239226885505,-137.5864053681829,470.2543025905049,11.2
3,89.4645770422032,-135.7425364385796,473.8066281544538,11.770675503048247,87.01079509869678,-132.24152593975035,471.18816191467033,11.2
3,87.83465806692583,-132.1186930749254,474.6275463666764,12.58348244468485,84.9027765406786,-126.93014497995819,472.1130170752507,11.2
3,86.05701313682017,-128.28929242135763,475.1748251748248,13.436201912562481,82.70969831235648,-121.6533242061226,473.0293503319395,11.2
3,83.59028932851888,-123.13744741979075,475.99574338704747,14.155790665366855,80.43288508863093,-116.41209613565351,473.93762291939294,11.2
3,81.61179945963809,-119.12888599595165,476.5430221951959,14.32182827825627,78.07362631839806,-111.20746650466245,474.8382765776137,11.2
3,79.33129716286793,-114.57709680494222,476.67984189723285,14.33267960257906,75.63317795788845,-106.04041651987288,475.7317349716446,11.2
3,77.70290418710738,-111.36528511319135,477.09030100334417,14.028325537468515,73.11276412550917,-100.91190495942585,476.61840501124715,11.2
3,73.52682451171401,-103.31993208315052,477.7743995135298,13.520493366585042,70.51357868279125,-95.82287013651572,477.49867807841684,11.2
3,70.94627217658757,-98.5041668844358,478.5953177257523,12.958070335229431,67.8367867459343,-90.77423173856222,478.37293117218684,11.2
3,68.17656610442322,-93.50867276068533,479.416235937975,12.2978624322156,65.08352613227689,-85.76689255343344,479.24152797741016,11.2
3,65.26777788948652,-88.44913476937062,480.37397385223454,11.56170580366745,62.2549087458189,-80.80174009311102,480.1048198647734,11.2
3,61.55227069670402,-82.27966514334527,481.74217087260547,10.90473908190989,59.35202190584934,-75.87964812441493,480.9631468281019,11.2
3,58.82752770656483,-77.9791691399037,482.97354819093925,10.296126250650726,56.37592962244322,-71.00147811533058,481.8168383645638,11.2
3,56.08462343251719,-73.83836395614252,484.06810580723584,10.084535762690258,53.32767382257031,-66.16808060497232,482.6662143034111,11.2
3,55.035715811016914,-72.29918466445632,484.4785649133471,10.357922640402995,50.20827553031752,-61.38029650438228,483.5115855874675,11.2
3,50.20418171427342,-65.52680202181527,486.53086044390363,10.786867185628376,47.01873600461045,-56.63895833481203,484.3532550122661,11.2
3,47.96536247422204,-62.54944904878007,487.35177865612616,11.702636718384797,43.76003783770442,-51.94489140962612,485.1915179266753,11.2
3,45.69114393700123,-59.59902463078206,487.89905746427456,12.748930693779306,40.433146017591575,-47.29891496548224,486.0266628987763,11.2
3,43.315715391687554,-56.56999508854247,488.30951657038594,13.8615040627812,37.039008957329216,-42.70184324797414,486.8589723506644,11.2
3,40.208844870269694,-52.6947563558397,489.13043478260863,14.688589336290194,33.57855949422036,-38.1544865565861,487.6887231649909,11.2
3,37.446027325767346,-49.33990936665849,489.81453329279424,15.49755575562859,30.05271586168634,-33.65765225346514,488.5161872669016,11.2
3,34.6512807941665,-46.011592293648484,490.2249923989055,15.642890364077907,26.462382636552206,-29.212145740166157,489.3416321835754,11.2
3,32.399625091628565,-43.36233031029999,490.49863180297956,15.668679998813856,22.808451664466386,-24.818771406349452,490.1653215844907,11.2
3,26.885383085959695,-36.967765543623194,491.0459106111279,15.355953074346775,19.091802966043055,-20.47833355407428,490.98751580470497,11.2
3,23.114012717701165,-32.677857748582795,491.59318941927626,14.99837296767022,15.313305626328082,-16.19163730119959,491.8084723536236,11.2
3,19.14669117135344,-28.229726423967097,491.86682882335055,14.412979164429629,11.473818670082002,-11.959489467133592,492.6284464115504,11.2
3,13.724148316871934,-22.251356723796043,492.55092733353604,13.806628083666148,7.574191925458179,-7.782699444139779,493.4476913162024,11.2
3,9.593508817871339,-17.783819298156928,492.9613864396474,12.94292991900255,3.615266878525139,-3.6620800571316128,494.26645904131567,11.2
3,5.159309078418801,-13.09016667820123,493.78230465187005,12.201041584653144,-0.4021224788377854,0.4015515851383011,495.08500066943907,11.2
3,0.8314324638850703,-8.638588756010687,494.6032228640927,11.402606626270783,-4.477148805164929,4.407373244730417,495.90356686091957,11.2
3,-4.544933553668259,-3.3031498184275074,495.8346001824266,10.84020496648328,-8.608990567205144,8.354556712318956,496.72240832108383,11.2
3,-8.765184303266691,0.7279117260573882,496.79233809668614,10.497322812064986,-12.796831196717202,12.242266965517956,497.54177626762294,11.2
3,-12.869797032571423,4.519360218528433,497.7500760109458,10.277975986979897,-17.039858243607252,16.06966132514748,498.3619229001234,11.2
3,-17.87600443473251,8.980142921290696,498.8446336272426,10.2299122961444,-21.337262522748528,19.835888606949965,499.18310187382275,11.2
3,-21.450891981958,12.059909475583304,499.6655518394652,10.349714058496954,-25.68823725162213,23.54008826618477,500.0055687795832,11.2
3,-24.977816724198153,15.004233270562809,500.62328975372486,10.90114846284759,-30.091977175935426,27.18138953265243,500.82958163205313,11.2
3,-28.553462824286854,17.889193532685777,501.5810276679846,11.478756903518955,-34.54767768016852,30.75891053362175,501.6554013685103,11.2
3,-30.89719598999439,19.729911418955105,502.128306476133,12.09642592796432,-39.05453387990194,34.27175740215894,502.483292360063,11.2
3,-36.832510419597746,24.233035198565137,503.49650349650386,12.769933238432241,-43.61173969258303,37.71902336830654,503.3135229380601,11.2
3,-40.541831238098474,26.944016671554017,504.18060200668924,13.476682554353738,-48.21848688322739,41.09978783054371,504.1463659377495,11.2
3,-44.38111064812249,29.68717693287257,504.7278808148375,13.691041817173721,-52.87396408131436,44.41311540489266,504.98209926190503,11.2
3,-48.55504696609074,32.60221305224817,505.411979325023,13.793440218410337,-57.577355764906294,47.65805494898602,505.8210064671946,11.2
3,-54.20964831298306,36.431983343187184,506.3697172392826,13.612207354492822,-62.32784120774867,50.8336385583391,506.6633773758212,11.2
3,-58.77321325579955,39.436147705692875,506.9169960474309,13.410767848393723,-67.12459338478092,53.93888053197553,507.50950871595427,11.2
3,-63.56660368536498,42.54261476364636,507.19063545150493,13.035464878594937,-71.96677783116886,56.97277630448121,508.3597047939459,11.2
3,-65.23901130586903,43.61515004102747,507.46427485557905,12.517537659196142,-76.85355144956429,59.93430134144548,509.21427820186796,11.2
3,-74.70342840847756,49.55798520186141,508.28519306780163,11.92473665808128,-81.78406125983928,62.82240999512205,510.07355056444607,11.2
3,-79.37162799955635,52.39678025986217,509.10611128002427,11.32174966072761,-86.75744308512401,65.63603431706112,510.93785332900563,11.2
3,-84.18365413487003,55.237147822621495,509.79020979020976,10.945571664475235,-91.7728201673637,68.37408282428798,511.8075286037348,11.2
3,-90.32977308910289,58.7472296011751,510.7479477044694,10.79302448380987,-96.82930170499792,71.03543921546462,512.682930048068,11.2
3,-94.6862447763052,61.132799944941304,511.84250532076607,10.7313971540049,-101.92598130474937,73.61896103335964,513.5644238214902,11.2
3,-99.08749183445488,63.43471561663328,512.9370629370626,10.69941008714034,-107.06193533868232,76.12347826975956,514.452389595977,11.2
3,-103.52662984818495,65.66275811338951,513.7579811492852,10.911197350706848,-112.2362211968321,78.54779190879722,515.3472216386047,11.2
3,-109.01252230355429,68.29425781266158,514.9893584676192,11.207442476195729,-117.44787542484252,80.89067240455499,516.2493299711945,11.2
3,-113.08139973365581,70.14541083557462,516.083916083916,11.520949808734336,-122.6959117348035,83.15085808855697,517.1591416148536,11.2
3,-117.29671851866996,71.9727937423063,517.0416539981758,11.990331013012149,-127.97931887645211,85.32705350269158,518.0771019273107,11.2
3,-121.65458632315206,73.78215031382715,517.8625722103982,12.471302409138229,-133.29705835445023,87.41792765290928,519.003676042968,11.2
3,-127.30946031174263,76.02776154703633,518.8203101246578,12.99983386603636,-138.64806197592944,89.42211217890687,519.9393504249468,11.2
3,-131.59944899293936,77.67234024306794,519.2307692307692,13.450594195047382,-144.03122921090088,91.33819943494366,520.8846345411383,11.2
3,-136.14166027529032,79.3516866351007,520.1885071450289,13.514265785272784,-149.445424346036,93.1647404767863,521.8400626760442,11.2
3,-141.05664113272184,81.09582785809327,520.7357859531772,13.392801913555454,-154.889473410334,94.9002429498122,522.8061958921439,11.2
3,-147.64251949610252,83.32719456453344,521.8303435694742,13.139926000522468,-160.36216084868832,96.54316887329588,523.7836241559105,11.2
3,-152.84575475686384,84.99368417585676,522.6512617816967,12.757168198358531,-165.8622259166384,98.09193231601535,524.77296864472,11.2
3,-158.07233214610966,86.5854547616204,523.4721799939192,12.430437630288306,-171.38835876654028,99.5448969585344,525.774884253691,11.2
3,-163.55976268750922,88.1711215992396,524.2930982061418,12.07950355672186,-176.93919619190657,100.90037353785996,526.7900623214709,11.2
3,-170.39342920491322,90.01386207477135,525.5244755244756,11.692781775301965,-182.51331699274039,102.15661717069193,527.8192335985035,11.2
3,-175.57430510186833,91.30527830088175,526.4822134387351,11.406763189013796,-188.1092369203016,103.3118245522316,528.8631714814289,11.2
3,-180.65645558158056,92.47583011486897,527.5767710550319,11.120661642616582,-193.72540315470414,104.36413102852535,529.9226955411915,11.2
3,-185.76003916063647,93.54908670080674,528.6713286713288,11.091935857063346,-199.36018826319167,105.31160754171324,530.9986753745112,11.2
3,-192.10580388461972,94.74177457108735,530.0395256916996,11.116390727749689,-205.0118835805205,106.15225744936008,532.0920348113099,11.2
3,-196.88421525342972,95.52810517252121,531.2709030100335,11.219978049084133,-210.67869194566296,106.88401322143054,533.2037565140338,11.2
3,-201.5547133731172,96.19962142427659,532.3654606263303,11.47078793548276,-216.35871972112946,107.50473302158905,534.3348870079398,11.2
3,-207.59520816293545,96.92867953577753,533.8704773487383,11.839715432544526,-222.04996801192004,108.01219718345358,535.4865421849556,11.2
3,-212.04419118146126,97.36351416675656,534.9650349650351,12.347668327752542,-227.75032299090606,108.4041045975336,536.6599133261217,11.2
3,-216.624043702445,97.72846845587655,535.9227728792947,12.716753902736816,-233.45754522611594,108.67806903107503,537.8562736935163,11.2
3,-221.0863514464909,97.99304134265364,537.2909698996657,12.958092829858574,-239.16925789226497,108.83161541122017,539.0769857418958,11.2
3,-224.18802495629313,98.12124940987931,537.975068409851,13.25086870764337,-244.88293373474698,108.86217611229587,540.3235090063545,11.2
3,-231.76053043601314,98.28944707320396,539.4800851322592,13.286383606252985,-250.5958806383806,108.76708730111461,541.5974087217032,11.2
3,-236.7273992483984,98.28707494189375,540.5746427485558,13.394667267728606,-256.3052256355232,108.54358541062672,542.9003652299322,11.2
3,-241.56952196385882,98.20959778757131,541.2587412587413,13.323747048074926,-262.00789716929233,108.18880383291084,544.234184231296,11.2
3,-248.27088375529848,97.98227450684968,542.6269382791122,13.208639075718036,-267.7006054068082,107.69976994834217,545.6008079275024,11.2
3,-253.60244476564614,97.69298551353616,543.5846761933718,12.901674944138977,-273.37982037551814,107.0734026401061,547.0023270988524,11.2
3,-258.928425500014,97.31462041755826,544.5424141076314,12.65688043487838,-279.04174911762004,106.30651026929212,548.4409945114935,11.2
3,-264.3704392366371,96.82992039030528,545.6369717239282,12.258481693718991,-284.68231047800884,105.39578927693327,549.9192394444525,11.2
3,-267.9518637576279,96.45482328954371,546.3210702341139,11.86583903774767,-290.29709153792675,104.33782679482763,551.4396790243333,11.2
3,-276.20274611923617,95.39094893547608,548.3733657646703,11.476823295997306,-295.88133038157434,103.12910028312474,553.0051380864714,11.2
3,-280.9821792827862,94.61148181341169,550.1520218911526,11.026474323381201,-301.4298734780589,101.76598221595839,554.6186641821987,11.2
3,-287.3179069582643,93.36734065143904,552.0674977196718,11.130388104964675,-306.937134799357,100.24474672958996,556.2835444285234,11.2
3,-291.67538618556335,92.37027184738422,553.709334144117,11.301187130159217,-312.3970506592997,98.56157966661392,558.003322374239,11.2
3,-295.9997650760541,91.23844815314739,555.6248099726362,11.52684294817654,-317.803029990012,96.7125929236536,559.7818142925604,11.2
3,-300.16639725392963,90.00311704190108,557.4034660991183,11.891502302552322,-323.1478998400183,94.69384421785246,561.623124060213,11.2
3,-305.5829423439433,88.19097415212767,559.5925813317118,12.26429178876648,-328.42384599379074,92.50136363397579,563.5316554458019,11.2
3,-306.984343590892,87.68460825944999,560.13986013986,12.703233643937587,-333.62234879531496,90.13118860135837,565.5121202001304,11.2
3,-313.7965060626322,84.99071836045772,563.0130738826389,13.14599744342421,-338.73411453355567,87.57940927735632,567.5695397795988,11.2
3,-317.654101171277,83.27556055763185,564.928549711158,13.636859752792496,-343.74900314767933,84.84222667487894,569.7092378369731,11.2
3,-322.8951542067368,80.70895728047712,567.2544846457888,13.913297988707045,-348.6559535743196,81.91602625007485,571.9368197508671,11.2
3,-326.946200450175,78.54191749268918,569.0331407722709,14.061677918972036,-353.442908835137,78.7974700316189,574.2581344467336,11.2
3,-331.1432675893288,76.12630622664143,570.8117968987532,13.933533493265978,-358.0967440015434,75.48361067299162,576.6792126081866,11.2
3,-335.5769604573171,73.38056286752328,572.7272727272725,13.67051331704165,-362.6032015247094,71.97203096022716,579.2061741609963,11.2
3,-339.91639904820494,70.4881569904539,574.6427485557917,13.204084407414237,-366.94684011880156,68.26101218532975,581.8450967892779,11.2
3,-345.25342330180683,66.63816424785273,576.9686834904223,12.8018565014883,-371.1110054349783,64.34973422493123,584.6018364771668,11.2
3,-349.35933331593145,63.42297116363669,579.1577987230158,12.174179390919114,-375.0778330971358,60.238508914818844,587.4817910803524,11.2
3,-354.53397077291567,58.967171982029825,582.304651869869,11.637073085309561,-378.828297108789,55.92904610748256,590.4895993278318,11.2
3,-358.2202273331623,55.45625267203718,584.9042262085736,11.024690776295438,-382.3423188353087,51.42474835291816,593.6287712187856,11.2
3,-361.82485268534464,51.68786061095194,587.6406202493155,10.958415214407172,-385.5989531445299,46.73102522312587,596.9012523843851,11.2
3,-364.9967349501876,48.02907907635337,590.5138339920943,10.87616714817331,-388.57666802495805,41.85561186616426,600.3069353744959,11.2
3,-368.61892153131146,43.29725557503235,594.6184250532073,11.085077168002428,-391.25373105862195,36.808868751217894,603.8431451783672,11.2
3,-370.2305436365831,40.939608447815814,596.6707205837638,11.212015588928018,-393.60870943113883,31.604031652301618,607.5041436643573,11.2
3,-373.1836843350633,36.05188112655228,601.0489510489508,11.458327830040528,-395.62107774574486,26.25737791407237,611.2807127685484,11.2
3,-375.61979897277655,31.163290176772744,605.9744603222862,11.66393397756688,-397.27191985108846,20.788251518801687,615.1599039987484,11.2
3,-377.260127979031,27.13946588770798,609.6685922772876,11.920583994516301,-398.54467330382954,15.21893965594279,619.125011127004,11.2
3,-378.68223323749606,22.90221004954671,613.225904530252,12.188418345702678,-399.42587048396547,9.574354693220066,623.1558437584898,11.2
3,-379.8761251023971,18.466323892684663,616.6463970811794,12.31804072318059,-399.90580410717854,3.8815153356452607,627.2293313627698,11.2
3,-381.0019154765565,12.61514426704905,621.5719063545149,12.286871938513613,-399.9790415819906,-1.8311445488164995,631.3204304673839,11.2
3,-381.52579970345283,7.926734238503243,625.6764974156278,12.026908657911324,-399.644726275907,-7.534593195637888,635.4032579280313,11.2
3,-381.6361472368059,6.191850618910131,627.0446944359985,11.839035014361052,-398.90662639191066,-13.200073616254409,639.45232459051,11.2
3,-381.60876252619056,-1.9994430149618214,633.3384007297047,11.321805211482134,-397.7729248788222,-18.799950836955837,643.4437217158312,11.2
3,-380.9463365520276,-8.295256135910716,638.6743691091514,10.690566564346769,-396.2557780915882,-24.30845754121883,647.3561229182575,11.2
3,-380.06828059254696,-12.930411042812977,642.7789601702642,10.02685356777845,-394.37069872098186,-29.70228005940839,651.171503546672,11.2
3,-378.77122731535826,-17.85248214363665,646.74673152934,9.408895900617681,-392.1358313460756,-34.960958886261814,654.8755386786116,11.2
3,-377.261613290069,-22.32215055324952,650.5776831863784,8.806137944662025,-389.5712047200568,-40.06707273471621,658.4576725083721,11.2
3,-374.98452970569315,-27.693913244974027,655.3663727576767,8.588770938712878,-386.69800607365534,-45.006271813858916,661.9109451810237,11.2
3,-373.17190828705907,-31.229232038773844,658.9236850106412,8.635041278336962,-383.537934720879,-49.76715785397085,665.2316261476795,11.2
3,-371.8647611326392,-33.48539041094564,661.2496199452718,8.952477759855181,-380.11266039123433,-54.34106031458909,668.4187387817989,11.2
3,-368.7478875621185,-38.120710518993924,666.5855883247184,9.528343909519874,-376.44339456279397,-58.721750810407904,671.4735462715656,11.2
3,-366.83591753569965,-40.56596748347202,669.4588020674975,10.140267675200548,-372.55057229599913,-62.905128046751834,674.3990491305783,11.2
3,-364.80935026228553,-42.91720170989484,672.0583764062022,10.979395499523333,-368.4536331730646,-66.88889933853383,677.199527757975,11.2
3,-362.5957666141147,-45.26704140697001,674.52113104287,11.917696287079327,-364.1708857160968,-70.67227689716779,679.8801478094516,11.2
3,-359.9090939386364,-47.84680335641626,677.8048038917601,12.593397850755098,-359.71943852251627,-74.25570011203845,682.44663426941,11.2
3,-357.4763754609797,-49.96904668620145,679.9939191243535,13.302182291584886,-355.11518223641303,-77.64058954625209,684.905012187036,11.2
3,-355.7439710071538,-51.38121440373882,681.6357555487987,13.816131386322715,-350.3728084519262,-80.82913438189712,687.2614074636755,11.2
3,-351.77736323433487,-54.36983875709901,684.3721495895404,14.33165894464985,-345.5058540507214,-83.82411241072577,689.5218989884048,11.2
3,-347.7784383007272,-57.1005914400625,686.9717239282451,14.49175166244784,-340.5267618829113,-86.62874009321403,691.6924129887669,11.2
3,-344.3139577558426,-59.28869485339354,688.476740650653,14.499297029089256,-335.4469508736047,-89.24654941483908,693.7786510058996,11.2
3,-340.36644480861696,-61.639154401809385,689.981757373061,14.419293139534403,-330.2768904736152,-91.68128800315027,695.7860439357825,11.2
3,-336.3585600487144,-63.88512374901655,691.4867740954688,14.074016849041783,-325.02617585343796,-93.9368390368204,697.7197257900284,11.2
3,-330.74089025679854,-66.80788745485026,693.539069626025,13.757624105786086,-319.7036013908336,-96.01715773549074,699.5845220148309,11.2
3,-326.37761452287754,-68.9085802294288,695.044086348433,13.35664693153801,-314.3172308707985,-97.92622156925245,701.384948288285,11.2
3,-323.32627719760177,-70.29767862971822,696.0018242626927,12.977800593612962,-308.87446345445454,-99.66799170604548,703.125216629366,11.2
3,-316.3389456522451,-73.2203118286576,698.6013986013974,12.59701384767685,-303.3820949295987,-101.24638358629781,704.8092464185386,11.2
3,-311.9215621400088,-74.87873375332809,700.2432350258424,12.147263567305592,-297.84637407302006,-102.66524485606776,706.4406785290068,11.2
3,-307.57417429474873,-76.36441744483727,702.0218911523247,11.75674105592752,-292.2730541683773,-103.92833919327991,708.0228912515668,11.2
3,-303.29991656757863,-77.67285106756488,703.937366980844,11.432647608787097,-286.66743986118263,-105.03933482375413,709.5590170593753,11.2
3,-297.78553375184293,-79.16125117830617,705.8528428093631,11.47923676901807,-281.0344296156751,-106.00179674599374,711.0519595420675,11.2
3,-294.04097185652284,-80.05296208865326,707.357859531771,11.679590973493879,-275.37855549912155,-106.81918168313136,712.5044096874562,11.2
3,-290.2724413490428,-80.837010547569,709.1365156582533,12.357935448017235,-269.7040188435231,-107.49483555837051,713.9188617140879,11.2
3,-287.83020553024903,-81.28758143375133,709.9574338704758,13.096233136633264,-264.0147093785266,-108.03199394314132,715.2976312733006,11.2
3,-282.1880776112956,-82.17595923135414,712.1465491030693,13.961781113964742,-258.31424858055357,-108.433780515957,716.6428659228233,11.2
3,-278.49208191857684,-82.6408636598033,713.5147461234403,14.957422149789195,-252.6060092312992,-108.70320948820637,717.956560006662,11.2
3,-274.5408729157386,-83.06136812608108,714.3356643356627,15.538079358100312,-246.8931381499636,-108.8431878866617,719.2405670845393,11.2
3,-269.3443815134709,-83.50169550502893,715.9775007601079,15.89099030334011,-241.17857665713242,-108.85651838413462,720.4966114155997,11.2
3,-264.88304935810015,-83.78331996066683,716.7984189723305,15.859168561143807,-235.46507900598718,-108.74590251536685,721.7262985320967,11.2
3,-259.92203919847617,-84.02518328654011,717.6193371845532,15.578337145432977,-229.75522899421662,-108.51394415033806,722.9311249503942,11.2
3,-254.5859845735388,-84.21512303811326,718.3034356947385,15.041028416848691,-224.0514549486957,-108.16315312526339,724.1124870723344,11.2
3,-250.986176983518,-84.30884252169318,718.7138948008497,14.380240881474831,-218.35604325538452,-107.69594895399459,725.2716893335954,11.2
3,-241.54972678569413,-84.40799494172683,720.0820918212206,13.707409307703605,-212.67115058859497,-107.1146645604269,726.4099516561981,11.2
3,-236.08633600555626,-84.36102700604052,720.9030100334431,13.104657062221408,-206.9988149773487,-106.42154998675252,727.5284162597355,11.2
3,-230.50059332416447,-84.2129349925585,722.1343873517768,12.509125920316151,-201.34096583154522,-105.61877604369867,728.6281538851807,11.2
3,-223.5554472199615,-83.8710145081373,723.5025843721477,12.1017398515199,-195.69943303729553,-104.70843787784337,729.710169482479,11.2
3,-218.3532569408414,-83.50269216630063,724.5971419884445,11.864976755179798,-190.0759552187238,-103.6925584381609,730.7754074072996,11.2
3,-213.40639487036856,-83.05733042325404,725.6916996047412,11.676982737234582,-184.4721872528717,-102.5730918295123,731.8247561723631,11.2
3,-208.59303049995333,-82.5253017943805,726.923076923075,11.575518681512694,-178.88970711478444,-101.35192654514353,732.8590527924425,11.2
3,-205.63726690176915,-82.14490117177928,727.7439951352975,11.703905929053551,-173.33002212141423,-100.03088857364682,733.8790867613017,11.2
3,-198.52115265563123,-81.03836498134285,729.9331103678909,11.949416104829373,-167.79457463546393,-98.61174437845928,734.8856036930355,11.2
3,-194.4927549691268,-80.2881961823658,731.1644876862248,12.560509899487977,-162.28474728363935,-97.09620374998373,735.8793086594159,11.2
3,-189.02552893817074,-79.13437704362924,732.6695044086327,13.324656681191248,-156.80186773789438,-95.48592253194109,736.8608692517646,11.2
3,-184.79343701686997,-78.14577112503011,733.6272423228922,14.191046220236814,-151.34721310302285,-93.78250522469845,737.8309183912887,11.2
3,-180.70013471954607,-77.1119429921498,734.7217999391889,14.720815444194509,-145.92201394932985,-91.98750746915067,738.7900569128789,11.2
3,-176.02380431053808,-75.8533370145671,735.4058984493744,15.043799124642954,-140.52745802503213,-90.10243841532666,739.7388559418179,11.2
3,-171.35969128805016,-74.5501167244603,735.8163575554855,15.098056602259142,-135.1646936793803,-88.1287629802871,740.6778590830874,11.2
3,-164.79997577229136,-72.64950599033313,736.500456065671,14.951675462741015,-129.834833024313,-86.06790400014498,741.6075844402146,11.2
3,-159.4480135751171,-71.04326147171366,736.9109151717822,14.550597749808325,-124.53895485957023,-83.92124428117145,742.5285264795441,11.2
3,-153.63300059069869,-69.25253611275008,737.3213742778935,13.947104723250135,-119.27810738367337,-81.69012855500654,743.441157753466,11.2
3,-146.1789161231137,-66.87887643824118,738.0054727880788,13.273393956256049,-114.05331071093137,-79.37586534297942,744.3459304960504,11.2
3,-140.4037505551235,-64.9636076560207,738.6895712982641,12.571229950352503,-108.86555921262861,-76.97972873447723,745.2432781018481,11.2
3,-134.77158874121582,-63.01329341722026,739.5104895104867,11.836239617559988,-103.71582369876515,-74.50296008419643,746.1336164993844,11.2
3,-129.05370209216858,-60.93335545992423,740.4682274247461,11.216834291157491,-98.60505345516157,-71.94676963299396,747.0173454277924,11.2
3,-125.34109307744136,-59.51723014977828,741.2891456369687,10.57110329681654,-93.53417814930133,-69.31233805689747,747.8948496262717,11.2
3,-117.51849050778266,-56.33919995129632,742.9309820614139,10.39181524279576,-88.50410961704787,-66.60081794868611,748.7664999433804,11.2
3,-112.85137395697936,-54.30535793699249,744.1623593797476,10.358952613333376,-83.51574354124787,-63.81333523629018,749.6326543739524,11.2
3,-108.56488632106449,-52.332920229604724,745.2569169960445,10.624835314502604,-78.5699610322339,-60.950990542094615,750.4936590300708,11.2
3,-103.21151130541199,-49.71289635062402,746.8987534204894,10.93997458745905,-73.66763011933769,-58.01486048706385,751.3498490518529,11.2
3,-99.35707424761978,-47.70516841918613,748.1301307388233,11.57240312875371,-68.80960716175044,-55.00599894346024,752.2015494636652,11.2
3,-95.43522478240739,-45.56002790452448,749.2246883551201,12.37549944405675,-63.9967381863276,-51.92543823976109,753.0490759810374,11.2
3,-91.33389364413897,-43.22681854861205,750.0456065673427,13.28890549274775,-59.22986015931902,-48.774190321244575,753.8927357724202,11.2
3,-88.76134574910839,-41.72238349961758,750.592885375491,14.142403936771073,-54.509802198429114,-45.553247869575245,754.7328281803843,11.2
3,-82.38459484137918,-37.86958210708514,751.6874429917879,14.44214559837846,-49.837386731104715,-42.26358538459206,755.5696454061477,11.2
3,-77.95991689642001,-35.10891361593079,752.2347217999363,14.444375813610245,-45.21343060448363,-38.90616023137663,756.4034731609368,11.2
3,-71.78634221031186,-31.16427354817913,752.9188203101218,14.282073706058041,-40.63874615207749,-35.481913655604515,757.2345912876102,11.2
3,-66.89863020425061,-27.975089903076018,753.329279416233,13.85299419428828,-36.114142221792086,-31.991771770006107,758.0632743557372,11.2
3,-61.619869879821024,-24.47658060878736,753.7397385223443,13.132426247312482,-31.640425169731028,-28.436646514796614,758.8897922330563,11.2
3,-56.267614303422796,-20.864620097606842,754.2870173304925,12.223750389243657,-27.218399823782626,-24.817436594742908,759.7144106359739,11.2
3,-49.2175093650751,-15.995797968085455,754.971115840678,11.2260340401869,-22.84887042082937,-21.13502839553752,760.537391661815,11.2
3,-47.48915514964114,-14.783813568663547,755.1079355427148,10.300699246967092,-18.532641521171243,-17.390296882080488,761.3589943052908,11.2
3,-39.04331765139363,-8.663562484666162,756.7497719671602,9.5236092338353,-14.270518903545684,-13.584106481218306,762.1794749614432,11.2
3,-34.3964599142301,-5.132742928886753,757.7075098814197,9.395279749826956,-10.06331044396989,-9.717311951471777,762.9990879173836,11.2
3,-29.048787262712224,-0.8851014298016553,759.2125266038275,9.354471220196938,-5.91182698146945,-5.790759242256863,763.8180858349726,11.2
3,-25.322340063296,2.2077094127674317,760.1702645180873,9.5036768617403,-1.8168831736364621,-1.8052863451042118,764.6367202265583,11.2
3,-21.655681036211718,5.371116216108603,761.4016418364212,9.859736407537419,2.220701655167722,2.2382758606274047,765.4552419257783,11.2
3,-18.153891560693708,8.533643109868253,762.7698388567919,10.381593957365258,6.200102670211026,6.339102764999001,766.2739015554945,11.2
3,-14.90153062083776,11.600348079755124,763.8643964730886,10.910269876208194,10.120488684754408,10.49637518516397,767.0929499948096,11.2
3,-10.821348716119646,15.597586474684032,764.9589540893853,11.568289236930442,13.981021317763357,14.709278520840963,767.9126388471926,11.2
3,-7.506406210764615,18.955553000788473,765.7798723016078,12.2524748641313,17.780854148427945,18.97700190493361,768.7332209116548,11.2
3,-4.149775013020954,22.44628101989189,766.4639708117934,12.702048754661813,21.519131864961473,23.298737346543465,769.5549506590711,11.2
3,0.1737896583579488,27.073472833395726,767.4217087260531,13.106025762679224,25.194989405181616,27.673678863545142,770.3780847155919,11.2
3,3.684046365773673,30.930565427916,767.9689875342016,13.124428315589173,28.80755108637208,32.10102160176854,771.2028823553777,11.2
3,7.244756890532454,34.90939859740461,768.3794466403128,13.069095593788749,32.355929721918855,36.57996093770495,772.0296060047347,11.2
3,12.419716932722356,40.77607477360083,768.7899057464241,12.821883204321155,35.83922572219752,41.109691561503745,772.8585217599017,11.2
3,14.867264910690897,43.58439495278172,769.063545150498,12.330648072690716,39.256526177156694,45.68940653685096,773.6898999210126,11.2
3,20.295909146016367,49.88882310491006,769.4740042566093,11.762731067484427,42.606903917995844,50.31829633411732,774.5240155443903,11.2
3,24.147196240299387,54.43776778174254,770.0212830647578,11.097202352447512,45.889416555281535,54.995547832934164,775.3611490160969,11.2
3,28.10207381378927,59.22378965451635,770.8422012769803,10.474470636882346,49.10310549078881,59.72034329011158,776.2015866494828,11.2
3,32.80742700187154,65.15934195145903,772.3472179993886,9.900928089838624,52.246994900271304,64.4918592685151,777.0456213093365,11.2
3,36.18374765824435,69.61168809186428,773.3049559136481,9.625077385227707,55.32009068426702,69.30926552217662,777.8935530663686,11.2
3,39.39596235333718,74.0311466252266,774.6731529340188,9.51843051221489,58.32137938397647,74.1717238325922,778.7456898848421,11.2
3,43.194370773186904,79.55664019257686,776.314989358464,9.545562467171365,61.249827059107744,79.07838679069877,779.6023483475501,11.2
3,44.15509301915795,81.00548400089193,776.5886287625382,9.6719329177397,64.10437812449165,84.02839651860437,780.4638544216368,11.2
3,48.36072382176402,87.60140073254982,778.3672848890203,9.936779010670929,66.88395414212549,89.02088332460696,781.3305442697539,11.2
3,50.6595810920237,91.43512535306758,779.7354819093913,10.557907397109368,69.58745256517858,94.05496428448136,782.2027651113644,11.2
3,53.54657305120711,96.50708090003698,780.9668592277252,11.252460218300786,72.21374543033542,99.12974174135002,783.0808761388319,11.2
3,55.75228371239957,100.53738138021879,781.6509577379105,12.00811653268096,74.76167799471743,104.24430171576444,783.9652494942349,11.2
3,57.96304501053901,104.70599235833802,782.4718759501329,12.704606694828975,77.2300673134488,109.39771221678795,784.8562713127562,11.2
3,60.17560568334316,109.01374471544676,783.1559744603182,13.08933150668892,79.61770075377817,114.58902144398124,785.7543428391851,11.2
3,63.17488785049665,115.01091295505717,783.7032532684667,13.203506391943503,81.92333444151532,119.81725586920268,786.6598816251255,11.2
3,63.99407105284017,116.68370073938465,784.113712374578,13.038547666026187,84.14569163536227,125.0814181859673,787.5733228141918,11.2
3,68.11698399727396,125.31041963598392,784.7978108847633,12.714193547787735,86.28346102458259,130.38048511287477,788.4951205248469,11.2
3,70.57051856750778,130.60575060989717,785.481909394949,12.24607881643358,88.33529494529834,135.71340503616923,789.425749339548,11.2
3,73.83383308213904,137.85191407521478,786.0291882030973,11.599247750447955,90.29980751058669,141.0790954749105,790.3657059117193,11.2
3,76.17300473083145,143.19874846656927,786.713286713283,10.905932126851912,92.17557264945061,146.4764403504378,791.3155107013895,11.2
3,78.53158668177812,148.80744357490053,787.6710246275427,10.169102452077587,93.96112204967754,151.9042870397859,792.2757098529958,11.2
3,80.7300196121416,154.34736998131172,789.0392216479136,9.322315079257208,95.65494299959354,157.36144319044357,793.2468772292608,11.2
3,82.72228954324588,159.70056152310255,790.1337792642101,8.750919316439639,97.25547612378294,162.84667327128804,794.22961661693,11.2
3,84.91028371053407,166.03867379812004,791.7756156886554,8.506910274268185,98.76111300799374,168.3586948316459,795.2245641217065,11.2
3,86.37526429614825,170.65444707115864,793.0069930069892,8.37032123730847,100.17019370871971,173.89617443718151,796.2323907713579,11.2
3,87.66014903083357,175.06540952575125,794.512009729397,8.804747148217588,101.48100414337257,179.45772324766236,797.2538053486546,11.2
3,89.00589005860027,180.2322834699478,796.2906658558793,9.271316546175907,102.69177335756545,185.04189219749247,798.2895574763699,11.2
3,89.82166467015195,183.73962807087528,797.5220431742131,10.210376797309308,103.80067066689472,190.647166735257,799.3404409814033,11.2
3,90.6219269944487,187.50486103910694,798.4797810884728,11.153859121615818,104.8058026717777,196.2719610732512,800.4072975649676,11.2
3,91.33972802909136,191.16022750368086,799.3006993006953,12.189275267285375,105.70521014546826,201.91461189201178,801.4910208112889,11.2
3,92.00508409242056,194.82550288551192,800.1216175129179,12.892730964000531,106.49686479743359,207.5733714381496,802.5925605671101,11.2
3,92.80051792638511,199.85389143738152,801.9002736394,13.549625822509897,107.17866591696783,213.24639994623982,803.7129277313703,11.2
3,93.3554097953997,204.03910580695847,802.9948312556966,14.030141105194422,107.74843690537949,218.9317573069569,804.8531994939478,11.2
3,94.01873578269985,209.83737901537893,803.952569169956,14.076785153262849,108.2039217095454,224.62739389404868,806.0145250682992,11.2
3,94.50016836697907,214.65613173447645,804.6366676801413,13.94996602521163,108.54278117530191,230.33114045195333,807.1981319654486,11.2
3,94.94576985457907,219.7276817221986,805.3207661903269,13.533620121459153,108.76258934636034,236.0406969337688,808.4053328589163,11.2
3,95.35245382538298,225.17611754832058,806.1416844025496,13.03278272755641,108.86082974356637,241.75362016574917,809.6375330961871,11.2
3,95.77064808703842,232.11719441846242,806.9626026147721,12.417104073556837,108.83489167085388,247.4673101994975,810.8962389094129,11.2
3,95.85861782977686,233.85339629012338,807.236242018846,11.839044046416413,108.68206660876021,253.17899519636998,812.1830663849508,11.2
3,96.18517885862933,242.2907569625665,808.330799635143,11.224573047314017,108.39954477460417,258.8857146703917,813.4997512454669,11.2
3,96.27421736402704,247.1326164368677,809.5621769534769,10.693618476237049,107.98441195129462,264.5843008961097,814.8481594990049,11.2
3,96.22627235047497,253.21669072384944,811.3408330799591,10.764765430970648,107.43364671534457,270.2713582666229,816.2302990004134,11.2
3,96.08587260442528,257.18767099679076,812.70903010033,10.976385380067827,106.7441182304022,275.9432403646229,817.6483319595613,11.2
3,95.84428767883205,261.0293100864844,814.4876862268122,11.441339004284819,105.91258410881635,281.5960289088806,819.104589568705,11.2
3,95.48358074374542,264.8615998300602,816.2663423532945,12.137215706987147,104.9356912894173,287.22549550445683,820.601583924582,11.2
3,94.86791374628196,269.5394936129305,818.7290969899622,12.932644303710015,103.80997695458632,292.8270739179308,822.142024152598,11.2
3,94.67360556877678,270.76592806516953,819.2763757981106,13.811435205188065,102.5318704383424,298.39582989865454,823.7288337604731,11.2
3,93.60069063830022,276.6285309127428,821.465491030704,14.63474604967823,101.09769872572811,303.9264195990435,825.3651665624227,11.2
3,92.78606219945202,280.3906144634013,822.970507753112,15.227540484055341,99.50369453650583,309.41304679498114,827.0544235952817,11.2
3,91.49469997613906,285.57127371309446,825.0228032836683,15.561209298850143,97.74600819193681,314.8494156930282,828.8002698122805,11.2
3,90.24566999756885,289.99252270742693,826.5278200060762,15.724035403428402,95.82072426155841,320.2286790665682,830.6066498580311,11.2
3,88.84943823526756,294.4996995123176,827.896017026447,15.54534804734808,93.72388421175297,325.54338155053455,832.477801944984,11.2
3,87.18772726164498,299.4430482158777,829.264214046818,15.123376468615135,91.45151654288061,330.78539806730987,834.4182684724285,11.2
3,84.76507266110521,306.0931973142196,830.7692307692257,14.616286052470038,88.99967620753306,335.9458675778339,836.4329015439349,11.2
3,84.05169020607862,307.9474740288929,831.3165095773742,13.990556567796748,86.36449544638363,341.01512267899153,838.526860917134,11.2
3,80.60598480615889,316.3311875453283,833.3688051079307,13.225854953466785,83.54224854965658,345.9826160374268,840.7056011519568,11.2
3,77.62370765507369,322.8863021361608,835.5579203405241,12.443021386912037,80.52943342970278,350.8368453038714,842.974843783233,11.2
3,75.29548868567312,327.55279283821056,837.4733961690432,11.800746708388111,77.32287323410891,355.5652790403082,845.3405292677876,11.2
3,72.81259259723993,332.1388549895379,839.3888719975623,11.524194043883016,73.91984147387936,360.1542873666992,847.8087422495266,11.2
3,70.29306858415138,336.4189880995501,841.5779872301559,11.22240021956684,70.318214186952,364.5890825399078,850.3856024959717,11.2
3,66.95407545445525,341.5043949341879,844.9984797810832,11.233563700099804,66.51665235721097,368.8536765384413,853.0771128536715,11.2
3,64.45093309249934,344.90371206073723,847.734873821825,11.311976992099952,62.51481696335674,372.93086491838847,855.8889550915545,11.2
3,63.53057852285386,346.0755730749532,848.5557920340475,11.531445968785563,58.31361738744849,376.80224861776605,858.8262250533144,11.2
3,59.05578114449472,351.2322955166483,853.3444816053459,11.78175207726236,53.91549118145137,380.4483077701995,861.8931008119589,11.2
3,55.52013934594071,354.7193042096663,857.4490726664587,12.160829134436977,49.32470909776312,383.848543500615,865.0924423489417,11.2
3,52.52369306985164,357.3282935418974,860.4591061112749,12.663927223216636,44.54769367267102,386.98170442850414,868.4253295323844,11.2
3,49.29957322054837,359.85671600088943,863.3323198540537,13.152993418330533,39.593332608867705,389.82611326551614,871.890557372169,11.2
3,45.94720204343736,362.21229966269505,866.4791730009068,13.268314917604764,34.47326029491193,392.36010437916,875.4841234675939,11.2
3,41.185643225555225,365.1344111952777,870.4469443599826,13.25083080897423,29.202073243295736,394.5625745171083,879.198760523882,11.2
3,37.13382435612308,367.2993760709804,873.3201581027618,13.157825198153322,23.797445301937437,396.4136339728769,883.0235794070069,11.2
3,31.948088547248734,369.6916097898764,877.1511097598003,12.812782338422453,18.28007450327884,397.8953391465465,886.9439210961842,11.2
3,27.44004949173528,371.45940595853114,880.0243235025791,12.562777253864764,12.673488429242491,398.99243796369666,890.9414488692399,11.2
3,22.609879506719853,373.0664003194643,883.1711766494324,12.053855905677377,7.003627454549015,399.69308874946023,894.994575519764,11.2
3,17.695704000218527,374.3940561106877,886.5916692003598,11.556228489562496,1.2982449969429104,399.9894655944972,899.0792097283918,11.2
3,11.363610555160156,375.65005140660116,890.9698996655468,11.122929071225936,-4.413848254926067,399.87818298638405,903.1697785112175,11.2
3,6.806034118948178,376.22443619176136,894.6640316205485,10.503655918968573,-10.103636362248716,399.3604859539444,907.2404234952597,11.2
3,1.972514404730802,376.507543764774,898.6318029796241,10.029365541019729,-15.742769387107044,398.4421805048034,911.266231644595,11.2
3,-2.8690097158602104,376.45551574001263,902.5995743387,9.820934769732817,-21.304373291233595,397.13331360189983,915.2243534398956,11.2
3,-7.322572356126027,376.08242497290826,906.977804803887,9.616534381405465,-26.763729090003874,395.4476442011853,919.0948860384319,11.2
3,-12.703399681375666,375.14805968313794,912.7242322894447,9.674088863001815,-32.09877584872003,393.4019690630312,922.8614482110265,11.2
3,-16.660815820308386,374.089023591777,917.2392824566688,9.861720029619217,-37.29041838929457,391.0153761974841,926.5114296595129,11.2
3,-20.52929643827327,372.7401219072245,921.2070538157445,10.030437779330617,-42.322628439747554,388.3085053418391,930.0359344294299,11.2
3,-25.415423174071133,370.5913738363021,926.269382791117,10.18198418548364,-47.182413992599884,385.30284925097374,933.429517537046,11.2
3,-28.80995803316482,368.7776084691664,929.9635147461186,10.16684500229126,-51.85964279890975,382.02015426947355,936.6897566521673,11.2
3,-31.977456544157246,366.8180994271442,933.520826999083,10.408021174614356,-56.34678681108183,378.48192913003504,939.8167522416271,11.2
3,-34.225563334294876,365.2663433511279,935.7099422316767,10.708293632134302,-60.63861952615623,374.7090672526537,942.8126134518468,11.2
3,-39.01200105551401,361.51271842446516,940.4986318029752,11.015890717729274,-64.73189663081082,370.72157515665907,945.6809728739593,11.2
3,-41.69632224077984,359.1127915691645,943.0982061416798,11.437460070901537,-68.62504239525958,366.5383932225542,948.4265561208657,11.2
3,-44.36712938189779,356.51620133307034,945.2873213742735,11.836435878922453,-72.31785669395977,362.1772923466915,951.0548181070805,11.2
3,-47.02580347422768,353.7327480894843,947.3396169048301,12.08968916247708,-75.81125119686895,357.6548299362673,953.5716478700166,11.2
3,-50.553797593536686,349.7254719744758,949.9391912435349,12.337254841078783,-79.10701846686902,352.98635016795305,955.9831374600637,11.2
3,-53.14199786241378,346.54879786736706,951.7178473700171,12.517966345587421,-82.20763435385135,348.18601567218514,958.2954070879658,11.2
3,-55.8608207392886,343.0005907735598,953.3596837944623,12.527630702850798,-85.1160919555438,343.2668602518105,960.514477471151,11.2
3,-57.692554532585746,340.49430721495753,954.3174217087219,12.419341695524308,-87.83576422851613,338.2408545649012,962.6461804016575,11.2
3,-61.969704259092865,334.2436610757718,956.916996047427,12.07707378041255,-90.37029180577132,333.11897872880587,964.6960993774945,11.2
3,-64.41743640931575,330.3557767630515,958.6956521739093,11.642062883486897,-92.72349248356917,327.9112974768857,966.6695332763214,11.2
3,-66.80130166693614,326.28388817548733,960.6111280024286,11.091476683085219,-94.89928900845553,322.62703482602745,968.5714772725261,11.2
3,-69.0477314612334,322.1345938480965,962.5266038309478,10.563666677836144,-96.90165210466508,317.27464622997786,970.4066163423992,11.2
3,-71.67015224705864,316.78279628274805,965.2629978716898,10.409153247221122,-98.73455605144225,311.86188695134706,972.1793277114949,11.2
3,-73.3178482321113,313.0311712807325,967.3152934022462,10.329742454364087,-100.40194449906377,306.39587593474545,973.8936894435997,11.2
3,-74.73848164440041,309.45374754341265,969.3675889328024,10.512841229453912,-101.90770457185205,300.88315485247006,975.5534930587303,11.2
3,-75.21214614827262,308.1726037223735,970.0516874429879,10.76499429910829,-103.25564763176457,295.3297422603688,977.1622586159647,11.2
3,-77.31813892998089,301.6773054161243,974.0194588020635,11.43519175172334,-104.44949536077365,289.74118297802823,978.7232511165064,11.2
3,-78.09057252787052,298.79912644545,975.9349346305828,12.318659997984337,-105.49287006404138,284.122592918135,980.2394974148064,11.2
3,-78.8377128434421,295.65833197257155,977.3031316509539,13.322007276043733,-106.38928830115798,278.47869965417675,981.7138030662455,11.2
3,-79.75762957407218,291.28391491139996,978.9449680753991,14.520023050013844,-107.14215645714216,272.81388458959566,983.1487673426201,11.2
3,-80.35722563039481,287.98537677496813,980.4499847978071,15.220190457108815,-107.75477118226706,267.1322003446632,984.5468029174801,11.2
3,-80.96962606985667,284.0593912784934,981.8181818181783,15.918919252056543,-108.23031701622752,261.43741373632275,985.9101472330183,11.2
3,-81.50692690638672,280.1223639225643,982.6391000304009,15.840801932084206,-108.57186788279425,255.73303077889543,987.2408769434364,11.2
3,-81.8862623161374,277.04130557893905,983.3231985405866,15.714545462232195,-108.78238919108074,250.0223193713262,988.540921230127,11.2
3,-82.73848633034532,269.0152943676441,984.5545758589203,15.159928392967386,-108.86474038874552,244.3083309727245,989.8120737997999,11.2
3,-83.21344482874032,263.697026746101,985.2386743691059,14.757278489186518,-108.8216779847942,238.59392011897933,991.0560039515342,11.2
3,-83.64400823324985,258.1258600304823,985.9227728792911,14.213274839708552,-108.65585889590821,232.88176200593358,992.2742667539526,11.2
3,-84.08743476870022,250.93756333503538,987.0173304955881,13.547097598909549,-108.36984400196937,227.17436834267497,993.4683123826345,11.2
3,-84.31959650933086,245.4789418467663,988.1118881118848,12.894959771503997,-107.9661018218322,221.47410165796154,994.6394946746043,11.2
3,-84.45091086111658,240.14115321572027,989.0696260261444,12.24049276016964,-107.44701224065405,215.78318822373333,995.789078954442,11.2
3,-84.48744141249126,234.67771902605332,990.1641836424412,11.674005863253608,-106.81487023623232,210.10372974224657,996.9182491899722,11.2
3,-84.47415745442889,232.93934567199844,990.7114624505899,11.466195533183024,-106.07188956462359,204.43771392755085,998.0281145314588,11.2
3,-84.12990793719564,223.13651356650473,993.3110367892948,11.521659499809877,-105.22020637549731,198.78702409783443,999.1197152870158,11.2
3,-83.83576743704377,218.92496981645905,994.6792338096654,12.013970538531971,-104.26188273571648,193.15344788234557,1000.194028382108,11.2
3,-83.4411506155801,214.72165006219385,996.047430830036,12.670789325488823,-103.19891004598077,187.5386851352168,1001.251972349904,11.2
3,-82.78778503262578,209.29740575800233,997.6892672544814,13.38416002714501,-102.03321234034945,181.9443551383788,1002.2944118939087,11.2
3,-82.18296339971617,205.1191148277323,998.7838248707782,13.933393017399018,-100.76664946234528,176.37200316668202,1003.3221620623178,11.2
3,-81.44764517217288,200.70986360794126,1000.1520218911489,14.318790399464929,-99.40102011436701,170.8231064803676,1004.3359920686204,11.2
3,-80.8370110974492,197.41327323947698,1000.8361204013341,14.455758849308467,-97.93806477945914,165.299079802884,1005.3366287924094,11.2
3,-79.24990150234844,189.62644662009785,1002.2043174217052,14.46417350697479,-96.37946851626975,159.80128033578404,1006.3247599885237,11.2
3,-78.14396637041165,184.6569308038774,1002.8884159318907,14.386646373711232,-94.72686362935845,154.33101235682568,1007.301037231965,11.2
3,-76.87808755928958,179.2144064218365,1003.2988750380019,14.057023166807982,-92.98183221801,148.88953144247756,1008.2660786233383,11.2
3,-75.51525937777721,173.5396094806194,1003.7093341441131,13.580004039861224,-91.14590860744121,143.47804835169643,1009.2204712763828,11.2
3,-73.65498667034757,166.06900634130423,1004.2566129522617,13.016842277880295,-89.22058166672834,138.097732603784,1010.164773607617,11.2
3,-72.22190519665361,160.5397368747029,1004.8038917604101,12.467638294871929,-87.20729701821715,132.7497157800153,1011.099517446552,11.2
3,-70.69705069244,154.90633818904277,1005.4879902705958,11.963291523220336,-85.10745914327484,127.43509457536048,1012.0252099828991,11.2
3,-70.1260679596893,152.87407928397405,1005.8984493767066,11.44657271462752,-82.92243338939507,122.15493362409909,1012.9423355652361,11.2
3,-66.95762749759277,142.41677149765948,1007.8139252052262,11.188068396267816,-80.65354788368407,116.91026812070078,1013.8513573650466,11.2
3,-65.3930315379616,137.70276779490763,1008.9084828215227,11.081115160350269,-78.30209535769234,111.70210625515634,1014.7527189181716,11.2
3,-63.691589542847,132.9044779563104,1010.1398601398564,11.125352355677274,-75.86933488850217,106.53143148011954,1015.6468455547179,11.2
3,-61.92589333221903,128.2620985779099,1011.5080571602275,11.127612084077557,-73.35649356084623,101.39920462548038,1016.534145727566,11.2
3,-59.512994081568685,122.4072078080485,1013.2867132867098,11.197128068759177,-70.76476805490417,96.30636587451123,1017.4150122486926,11.2
3,-57.55083819367941,117.9798524692552,1014.5180906050434,11.618823722833714,-68.09532616427938,91.25383661440031,1018.289823441195,11.2
3,-55.504451346500915,113.59075364265709,1015.4758285193028,12.077493776883765,-65.34930824848331,86.2425211727606,1019.1589442153261,11.2
3,-54.8048965060537,112.13595542686853,1015.8862876254145,12.573853083743943,-62.52782862410871,81.27330845067699,1020.0227270744691,11.2
3,-50.58376881425923,103.6956648780792,1017.2544846457855,13.053895422017657,-59.63197689869757,76.34707346187565,1020.8815130583545,11.2
3,-48.39294155822107,99.51654308774476,1018.0754028580079,13.265485788960028,-56.662819251157394,71.46467878677099,1021.7356326285004,11.2
3,-45.85194693669886,94.82049129896022,1018.7595013681934,13.401590515274675,-53.62139966241893,66.62697594937775,1022.5854065015595,11.2
3,-43.188981332813704,90.04980382271502,1019.5804195804159,13.473879639994196,-50.50874109987902,61.83480672439862,1023.4311464351052,11.2
3,-39.394944102800245,83.49401446259807,1020.5381574946757,13.546491229268883,-47.32584665903746,57.0890043812044,1024.2731559706763,11.2
3,-36.480877808077565,78.58128131063879,1020.8117968987497,13.190017464179649,-44.07370066559688,52.390394870870104,1025.1117311379562,11.2
3,-33.23057382931796,73.14615901655013,1020.948616600787,12.67331037956819,-40.75326974117016,47.73979796194805,1025.9471611237232,11.2
3,-29.055001573716478,66.23891883507257,1021.3590757068985,11.991742865512595,-37.36550383563606,43.13802833024019,1026.779728909447,11.2
3,-25.740042995922355,60.843001167751,1021.7695348130101,11.121940749952842,-33.91133722907506,38.58589660743875,1027.6097118805203,11.2
3,-22.37370840303862,55.4790134409768,1022.4536333231957,10.297172575567714,-30.39168950611819,34.084210393152944,1028.4373824102945,11.2
3,-18.93088784797755,50.1638368519816,1023.4113712374551,9.677694032942972,-26.807466505469485,29.63377523454686,1029.2630084216828,11.2
3,-14.615266813750143,43.78860547772065,1024.7795682578258,9.205623446544415,-23.15956124729273,25.235395577543223,1030.0868539291994,11.2
3,-11.45602012786239,39.33107162998458,1025.8741258741227,8.956270673033936,-19.44885484108075,20.8898756932914,1030.9091795636448,11.2
3,-8.497582512170636,35.341458080368035,1027.2423228944938,8.754820830138158,-15.676217376591534,16.598020583404068,1031.730243082266,11.2
3,-6.29442416696231,32.493082253114025,1028.2000608087535,9.062249179518108,-11.842508800392935,12.360636867273467,1032.5502998663135,11.2
3,-1.720349669334408,26.930738241711147,1030.662815445421,9.427755909004809,-7.948579780526796,8.178533654608737,1033.3696034084335,11.2
3,1.1467879188458698,23.664673556252865,1031.8941927637545,9.981206471674572,-3.9952725617997857,4.052523406206328,1034.1884057919488,11.2
3,3.9958398674846345,20.549095391678925,1032.9887503800512,10.645994526387366,0.016578185795504862,-0.016577214159592818,1035.0069581641117,11.2
3,6.896589673139536,17.481553700319438,1033.809668592274,11.293334862298167,4.086144523027221,-4.027946493955663,1035.8255112053614,11.2
3,10.6340341903658,13.6683783971284,1035.0410459106076,11.740765832259749,8.212604399179968,-7.98075682949822,1036.6443155965972,11.2
3,13.812279566920507,10.524854391116875,1035.5883247187562,12.233653832252797,12.39514080905455,-11.874173884337146,1037.4636224864532,11.2
3,17.020405867316278,7.411831344194276,1036.1356035269046,12.412802190948504,16.632940946588054,-15.7073557458453,1038.2836839605527,11.2
3,19.353439505595563,5.180186636394343,1036.409242930979,12.598561859697766,20.925195352371443,-19.47945207745527,1039.1047535147509,11.2
3,25.316169231386855,-0.4421699292919046,1036.9565217391269,12.69818794221433,25.271097052304075,-23.189603264055084,1039.9270865344242,11.2
3,28.95427303864485,-3.823692589614728,1037.2301611432013,12.76186446544714,29.66984068448033,-26.83693954802704,1040.7509407818345,11.2
3,32.60044485220087,-7.19652119685628,1037.2301611432013,12.506736837240226,34.12062161131153,-30.420580153439992,1041.5765768937301,11.2
3,36.524404935821984,-10.81762855172617,1037.3669808452382,12.174643229634004,38.62263501372743,-33.939632395876124,1042.404258891367,11.2
3,41.48996166825715,-15.323684414642726,1038.1878990574608,11.642199986901467,43.17507496414627,-37.3931907753552,1043.2342547053547,11.2
3,45.31274235904244,-18.68600982353931,1039.1456369717203,10.98942075855957,47.7771334747311,-40.78033604979334,1044.0668367175242,11.2
3,49.281761914027044,-22.069157870972983,1039.9665551839428,10.736414272372715,52.42799951718865,-44.10013428634764,1044.9022823225912,11.2
3,54.08278631758306,-26.005660680049065,1041.3347522043134,10.467367530656949,57.12685801020858,-47.35163588800042,1045.7408745121543,11.2
3,57.498779803522595,-28.692467743581748,1042.2924901185731,10.422708578873289,61.87288877024668,-50.53387459257655,1046.5829024838706,11.2
3,60.767352935478165,-31.163736816073545,1043.5238674369073,10.4927906540582,66.66526542125963,-53.64586644145282,1047.4286622789975,11.2
3,63.98487599747618,-33.49530535644281,1044.618425053204,10.796259500242414,71.50315425835714,-56.68660871491864,1048.278457451395,11.2
3,67.87696394057086,-36.16265266776949,1046.5339008817234,11.50702946439117,76.38571306024036,-59.6550788312446,1049.1325997715862,11.2
3,70.69346812590192,-37.9812749735258,1047.765278200057,12.282360516695533,81.31208984469302,-62.55023320628301,1049.9914099696255,11.2
3,73.64762587010418,-39.81466272896468,1048.5861964122796,13.10760015551465,86.28142156097034,-65.37100607034427,1050.855218521005,11.2
3,75.7732337477844,-41.09894450656712,1049.1334752204282,14.088882119950208,91.29283271237335,-68.1163082389496,1051.7243664798739,11.2
3,80.60005105617292,-43.91395555781067,1050.3648525387623,14.858634886365707,96.34543390169867,-70.78502583392422,1052.5992063643196,11.2
3,83.85105674998914,-45.7327200545062,1051.1857707509848,15.45888843169083,101.4383202915885,-73.37601895115232,1053.480103099361,11.2
3,87.56468394448049,-47.74098660144905,1052.0066889632074,15.99160737120717,106.57056997101103,-75.88812027114015,1054.3674350230444,11.2
3,91.29735241267576,-49.71370518506371,1052.2803283672815,15.976463796507925,111.74124221831339,-78.32013360840548,1055.2615949621725,11.2
3,96.92086271382506,-52.625870155853946,1052.964426877467,15.778107160672644,116.94937565028172,-80.67083239551795,1056.162991384114,11.2
3,101.24228546773519,-54.81165120460525,1053.3748859835787,15.409572303295642,122.19398624562213,-82.93895809747573,1057.0720496328888,11.2
3,106.02407330758318,-57.18742010886044,1053.7853450896896,14.885414436568656,127.47406523006882,-85.12321855193632,1057.9892132575983,11.2
3,109.3700439902152,-58.82498950409907,1054.0589844937635,14.285034710626421,132.7885768089808,-87.22228623066671,1058.914945441839,11.2
3,116.76519881960115,-62.357139820440665,1054.879902705986,13.681879612539024,138.13645573182126,-89.23479641745757,1059.8497305448902,11.2
3,121.5029271991421,-64.5372170531086,1055.7008209182086,13.051471305355786,143.51660467118433,-91.15934529761387,1060.7940757653098,11.2
3,127.41908617224685,-67.1237779538067,1057.0690179385797,12.553432711700124,148.92789139718695,-92.99448795407186,1061.7485129392837,11.2
3,131.89471868794894,-68.9732646994581,1058.0267558528392,12.527316205884999,154.3691457258824,-94.73873626514256,1062.7136004871152,11.2
3,136.05596845274437,-70.60621645943682,1059.1213134691357,12.66676768729939,159.83915621795978,-96.39055669890561,1063.689925522762,11.2
3,140.1294253550563,-72.1211067385124,1060.0790513833952,13.016713623882778,165.33666660132053,-97.94836799938487,1064.678106143071,11.2
3,145.05340291553833,-73.83936886889887,1061.4472484037663,13.530919970519001,170.86037188804778,-99.41053875982806,1065.6787939142819,11.2
3,146.46717519365444,-74.31010497219842,1061.7208878078404,13.97058076944257,176.40891415287132,-100.77538487875037,1066.6926765761712,11.2
3,152.5058676338662,-76.2171804953794,1063.2259045302485,14.52138226078306,181.98087793636046,-102.04116689490559,1067.7204809863906,11.2
3,156.43620579150135,-77.37633101984783,1063.9100030404338,15.050108812642321,187.57478523171352,-103.20608719806468,1068.7629763280167,11.2
3,161.46398292289123,-78.76176845326864,1065.278200060805,15.302176777273012,193.189090009063,-104.26828711347139,1069.8209776086155,11.2
3,165.798067708293,-79.85641000573064,1066.3727576771014,15.498721982817155,198.82217222568647,-105.2258438591899,1070.8953494795583,11.2
3,170.03015962959387,-80.84501592433033,1067.3304955913611,15.437367079936225,204.472331264181,-106.07676737732645,1071.9870104078739,11.2
3,176.22634913134453,-82.15267761489919,1068.835512313769,15.497479249452816,210.1377787336237,-106.818997042444,1073.0969372366446,11.2
3,180.8599420621959,-83.04419943666535,1069.3827911219175,15.310691613247332,215.81663056070016,-107.45039825349937,1074.2261701724851,11.2
3,182.69187229538946,-83.38081748595886,1069.7932502280291,15.078215856187427,221.5068982888071,-107.96875891952314,1075.37581824216,11.2
3,191.01912744882338,-84.77770659363672,1071.1614472484002,14.810994387228662,227.20647949298103,-108.37178585423217,1076.547065263737,11.2
3,196.17805337303574,-85.54209539993529,1071.9823654606228,14.616876999743793,232.91314720717634,-108.65710110110116,1077.7411763816149,11.2
3,202.95056019484696,-86.42192434962921,1073.2137427789564,14.585838808100549,238.6245382476434,-108.82223821844417,1078.9595052174093,11.2
3,207.8867419047729,-86.97349465239301,1074.0346609911787,14.333191778603739,244.33814030199295,-108.86463856421366,1080.2035016899576,11.2
3,213.20168466113273,-87.48399874182529,1074.9923989054387,14.077750560168159,250.05127763777523,-108.78164763302391,1081.474720563038,11.2
3,218.52441792578603,-87.90559276699929,1075.9501368196982,13.725443620198863,255.7610952670763,-108.57051151400232,1082.7748307753031,11.2
3,223.7298889842017,-88.22420869199681,1077.0446944359949,13.394945709951662,261.464541384594,-108.22837355827836,1084.1056256079842,11.2
3,230.18169166156895,-88.48009245542184,1078.4128914563657,13.051451915754729,267.1583478762385,-107.75227137022942,1085.4690337421903,11.2
3,235.27212372595963,-88.55424758651046,1079.917908178774,12.7302111482737,272.83900867342163,-107.13913426824924,1086.867131244536,11.2
3,241.85240832942077,-88.46153228093041,1081.6965643052563,12.616398529092983,278.5027557056236,-106.38578140028795,1088.30215451064,11.2
3,246.56731630604054,-88.27679047629732,1082.7911219215528,12.77919082245824,284.1455397000288,-105.48891945365403,1089.7765161642476,11.2
3,251.27712506897984,-87.99077071974146,1084.1593189419236,12.919071937837941,289.7629783562416,-104.44514623453745,1091.2928141507568,11.2
3,255.97876168063615,-87.59237511668708,1085.5275159622943,13.131527331309218,295.3493412100547,-103.25117843385708,1092.8535674107911,10.737382665827466
3,262.0249076149412,-86.91239129708279,1087.3061720887765,13.369530745764113,300.8913909912411,-101.9055817774603,1094.4593703825283,10.165954094398895
3,263.5019652417644,-86.71583942285685,1087.8534508969249,13.607891230185427,306.37263147728817,-100.40865720560572,1096.1097921680043,9.594525522970327
3,271.35188234639577,-85.47983553054061,1090.0425661295187,13.808497614619002,311.776544606706,-98.76197688300319,1097.804161732846,9.023096951541756
3,275.9879184176717,-84.60161264856353,1091.4107631498894,13.954125725669192,317.08669260605706,-96.96845905975556,1099.541510324973,8.451668380113189
3,282.4143406539682,-83.18433132769836,1093.463058680446,13.876338685722464,322.2868202749353,-95.0324429472262,1101.3205021025399,7.8802398086846175
3,287.4713389940094,-81.90967547074258,1094.831255700817,13.619726788281959,327.3609712034293,-92.95975898530186,1103.1393566620466,7.308811237256049
3,292.97504324165993,-80.38177475815934,1096.1994527211884,13.156574550658114,332.2936181919501,-90.75779199773041,1104.9957640387643,6.737382665827479
3,298.67412395762034,-78.63717503971047,1097.8412891456335,12.486109679495595,337.0698076009523,-88.43553420546588,1106.8867934153752,6.165954094398909
3,306.1969446584634,-76.07634052401289,1099.7567649741527,11.535256955464462,341.6753166075342,-86.00362455501566,1108.8087975838914,5.594525522970341
3,308.2968613798419,-75.31077114390285,1100.304043782301,10.41682691744471,346.09687091174123,-83.47434089678781,1110.757338628436,5.2
3,319.1218922355267,-70.94906433058412,1103.5877166311914,9.055393942881437,350.3257461055632,-80.85938693865026,1112.728744043018,5.2
3,324.6532373945921,-68.4149975808035,1105.6400121617476,7.640514742985764,354.359800735838,-78.16770821779593,1114.7214688192573,5.2
3,330.1978740328241,-65.62214296927094,1107.8291273943412,6.306704577131857,358.1973037510948,-75.40865649403176,1116.7335240879158,5.2
3,335.6390149249974,-62.63247457853344,1109.7446032228606,5.127863706431204,361.8384825098043,-72.59079480985343,1118.7632959559296,5.2
3,342.00775836077776,-58.76788399155941,1112.7546366676763,4.056746605591971,365.283224417868,-69.72347640319573,1120.8083482430393,5.2
3,346.33882908239326,-55.86309656091316,1114.9437519002697,3.3355074391962436,368.53199838609294,-66.816248099193,1122.8658322713786,5.2
3,350.2511359836273,-53.00949044722961,1117.2696868349003,2.9307343477081664,371.5858912570861,-63.87881295895501,1124.9324814638967,5.2
3,351.43043069183625,-52.09868049905307,1118.0906050471233,2.7382476374494304,374.44663948087,-60.92098550152346,1127.0046153385704,5.2
3,357.5801655322389,-46.87443839110839,1122.605655214347,2.6422780597924396,377.1166531259484,-57.95264120649779,1129.0781531281016,5.2
3,360.09366030828085,-44.472472748168336,1124.7947704469404,2.855622861345659,379.5990550815882,-54.983631262947476,1131.148658563381,5.2
3,362.5135704937527,-41.976249674542046,1126.9838856795336,3.0902101028656648,381.89720332661034,-52.024357495758764,1133.2109325389847,5.2
3,364.9225358139021,-39.2998802738949,1129.0361812100898,3.1873630583831383,384.016267084414,-49.08366859986369,1135.2604808578635,5.2
3,367.7797149259607,-35.86235357079158,1131.4989358467576,3.1319083558626186,385.96138303289763,-46.17103999014744,1137.2920064438638,5.2
3,369.97736516114804,-33.00985544189794,1133.27759197324,3.0147315808814192,387.73833806460533,-43.29568609228548,1139.300047823899,5.2
3,372.0161040716128,-30.193602271606665,1134.9194283976854,2.5968444281508165,389.3535298014763,-40.46649306193733,1141.2790528276114,5.2
3,372.79443880343314,-29.071157351952497,1135.603526907871,2.1179297030420425,390.8139150872989,-37.69195565331116,1143.2234558742591,5.2
3,376.5421210353002,-23.215082835391264,1139.1608391608352,1.3214879386226714,392.1269474974849,-34.98012035832556,1145.127755755448,5.2
3,378.150513333807,-20.415903077625135,1141.0763149893546,0.8273178869499354,393.30018163218455,-32.339298650145444,1146.9860539987774,5.2
3,379.60949770382325,-17.675917481441473,1142.8549711158369,0.4970352650493684,394.3423221521427,-29.77548168033144,1148.7939160809228,5.2
3,381.1213263506075,-14.545319776574818,1145.5913651565784,0.26909702306464117,395.2618144684086,-27.295139576812883,1150.546445520098,5.2
3,381.96368478101255,-12.609811827358145,1147.3700212830609,0.20466750231410585,396.06728323099685,-24.904161054959573,1152.239066428389,5.2
3,382.745562248174,-10.649090946380804,1149.1486774095433,0.24620733410370862,396.76744179941863,-22.607854503351703,1153.8675576394717,5.2
3,383.29664224636485,-9.13188049882448,1150.9273335360256,0.5174924427068813,397.3710076671195,-20.41094875964481,1155.4280824054629,5.2
3,383.83713704354307,-7.479692474489464,1152.842809364545,0.6931852678487044,397.88662011043783,-18.317606832902563,1156.9172037487451,5.2
3,384.1892416378563,-6.288954072387966,1154.2110063849157,0.8486103647513764,398.3227629793975,-16.331448444419973,1158.3318882010124,5.2
3,384.4817463227027,-5.210372081424547,1155.4423837032498,0.9982294210164042,398.6876140600538,-14.456017585897127,1159.6691868722564,5.2
3,384.72223911373226,-4.246549029966923,1156.5369413195465,1.0980384555695633,398.98926697940925,-12.693342003663055,1160.9272725638561,5.2
3,384.97072956082843,-3.1569846217791255,1157.7683186378806,1.0983515224097857,399.2353273903192,-11.045643821893155,1162.10422626974,5.2
3,385.12335646869434,-2.4277502838452087,1158.5892368501031,1.0942270622228556,399.43301146584514,-9.514750014381967,1163.1984589609615,5.2
3,385.26551979883146,-1.6964040729498837,1159.4101550623257,1.0107839247708157,399.5891050421824,-8.10213618030678,1164.2086797765403,5.2
3,385.3105772300253,-1.4521786342033463,1159.6837944664,0.9561004600608949,399.70992991828433,-6.808970617574891,1165.1338619161115,5.2
3,385.4791279989778,-0.47320861661149527,1160.7783520826968,0.8062672355756805,399.8013167254896,-5.6361575921923235,1165.9732076721339,5.2
3,385.5177553232342,-0.22788471814206931,1161.3256308908456,0.703666430441774,399.8685836562765,-4.584378880355436,1166.7261138121537,5.2
3,385.55462430969004,0.017710303946008504,1161.5992702949197,0.5193773393481221,399.9165138634413,-3.6542730534110675,1167.3920379147853,5.2
3,385.536629773218,-0.10515253786339773,1161.736089996957,0.40272812092505417,399.9493676629063,-2.845993113933716,1167.9708097519128,5.2
3,385.5189286786217,-0.2280579994605885,1161.8729096989941,0.1537180883454292,400.0,-9.797174393178826e-14,1170.0090000000387,5.2816649532200834
3,385.4675870470907,-0.5970230933211682,1162.2833688051053,0.03648042159028863,400.0,-9.797174393178826e-14,1170.0090000000387,5.853093524648654
3,385.38789559020523,-1.2127518538122577,1162.9674673152906,-0.10432683660377358,400.0,-9.797174393178826e-14,1170.0090000000387,6.424522096077223
3,385.3294390743154,-1.7059925426322593,1163.5147461234392,-0.20534394194420677,400.0,-9.797174393178826e-14,1170.0090000000387,6.9959506675057925
3,385.1619946636379,-3.4362590720622253,1165.4302219519586,-0.23848327582352435,400.0,-9.797174393178826e-14,1170.0090000000387,7.567379238934362
3,385.0710623110281,-4.799099396880404,1166.9352386743665,-0.25736177192844617,400.0,-9.797174393178826e-14,1170.0090000000387,8.138807810362932
3,384.9888890601137,-7.032609408649865,1168.8507145028857,-0.03784870758924971,400.0,-9.797174393178826e-14,1170.0090000000387,8.710236381791502
3,384.97074260948665,-9.267607844908149,1170.2189115232568,0.3473833757964821,400.0,-9.797174393178826e-14,1170.0090000000387,9.28166495322007
3,385.0123422247248,-12.123243215887799,1171.4502888415905,1.0114460808187464,400.0,-9.797174393178826e-14,1170.0090000000387,9.853093524648639
3,385.11720395161865,-15.474270826770441,1172.1343873517762,2.0398600137467304,400.0,-9.797174393178826e-14,1170.0090000000387,10.42452209607721
3,385.33718232304096,-20.56060442572189,1172.818485861962,3.2576157461235535,400.0,-9.797174393178826e-14,1170.0090000000387,10.995950667505777
3,385.41045273914403,-22.048885380322055,1172.818485861962,4.790036856095883,400.0,-9.797174393178826e-14,1170.0090000000387,11.2
3,385.77845507009636,-30.111759859735763,1172.4080267558502,6.674779213297938,400.0,-9.797174393178826e-14,1170.0090000000387,11.2
3,385.9581996527163,-35.44813717152022,1171.4502888415905,8.629051457859774,400.0,-9.797174393178826e-14,1170.0090000000387,11.2
3,386.0756152960188,-42.89751595610527,1170.3557312252938,10.926764899117329,400.0,-9.797174393178826e-14,1170.0090000000387,11.2
3,386.06307261619264,-48.73359479776739,1169.3979933110343,13.225891484049855,400.0,-9.797174393178826e-14,1170.0090000000387,11.2
3,385.95775476260764,-54.6929471516578,1168.5770750988113,15.6090870029757,400.0,-9.797174393178826e-14,1170.0090000000387,11.2
3,385.78129196305883,-60.65064560289405,1168.0297962906627,17.963653976703032,400.0,-9.797174393178826e-14,1170.0090000000387,11.2
3,385.5691826600113,-66.23441945729738,1167.6193371845516,20.397541197444852,400.0,-9.797174393178826e-14,1170.0090000000387,11.2
3,385.2586596086081,-72.93257561007046,1167.0720583764034,22.335211522211754,400.0,-9.797174393178826e-14,1170.0090000000387,11.2
3,385.0055165623887,-77.76872502511749,1166.9352386743665,23.78638522088252,400.0,-9.797174393178826e-14,1170.0090000000387,11.2
3,384.7913186002031,-81.86085145323261,1167.072058376404,24.72406571207863,400.0,-9.797174393178826e-14,1170.0090000000387,11.2
3,384.59782646836703,-85.829689756352,1167.3456977804778,25.19752668612133,400.0,-9.797174393178826e-14,1170.0090000000387,11.2
3,384.4970106207168,-88.18682855840007,1167.7561568865888,25.01323094028205,400.0,-9.797174393178826e-14,1170.0090000000387,11.2
3,384.43309517653324,-89.92408226203442,1168.0297962906627,24.616815810071373,400.0,-9.797174393178826e-14,1170.0090000000387,11.2
3,384.3986746140653,-91.04111227838246,1168.4402553967739,23.868500521866256,400.0,-9.797174393178826e-14,1170.0090000000387,11.2
3,384.3740066317052,-92.03419398863274,1168.7138948008476,22.98674313136567,400.0,-9.797174393178826e-14,1170.0090000000387,11.2
3,384.357610031703,-92.90325282443365,1169.1243539069587,22.22387001320479,400.0,-9.797174393178826e-14,1170.0090000000387,11.2
3,384.34800302881933,-93.64823191060047,1169.3979933110327,21.443099947145175,400.0,-9.797174393178826e-14,1170.0090000000387,11.2
3,384.3349563477793,-94.88989959595376,1169.3979933110327,20.863613863587023,400.0,-9.797174393178826e-14,1170.0090000000387,11.2
3,384.321880076087,-96.00738543102477,1169.261173608996,20.480862256198943,400.0,-9.797174393178826e-14,1170.0090000000387,11.2
3,384.302636508693,-97.37315939299319,1169.1243539069587,20.296353485429034,400.0,-9.797174393178826e-14,1170.0090000000387,11.2
3,384.2719185678462,-99.11131704490695,1168.8507145028843,20.608742214726274,400.0,-9.797174393178826e-14,1170.0090000000387,11.2
3,384.2217806644126,-101.47008250980447,1168.7138948008474,21.146078109001365,400.0,-9.797174393178826e-14,1170.0090000000387,11.2
3,384.207104248828,-102.09077698684868,1168.5770750988102,21.957000139790473,400.0,-9.797174393178826e-14,1170.0090000000387,11.2
3,384.11152023240567,-105.31786364793474,1168.0297962906616,23.062893013415906,400.0,-9.797174393178826e-14,1170.0090000000387,11.2
3,384.03139005125433,-107.42728932626505,1167.6193371845504,23.74607716763718,400.0,-9.797174393178826e-14,1170.0090000000387,11.2
3,383.9393832212089,-109.41192818634582,1167.0720583764025,24.416193044937906,400.0,-9.797174393178826e-14,1170.0090000000387,11.2
3,383.8836307985,-110.5280989832342,1167.2088780784395,24.6786798362674,400.0,-9.797174393178826e-14,1170.0090000000387,11.2
3,383.85265723032836,-111.14819387039448,1167.072058376402,24.761621889712785,400.0,-9.797174393178826e-14,1170.0090000000387,11.2
3,383.83997165729886,-111.39621691469979,1167.072058376402,24.47858180118427,400.0,-9.797174393178826e-14,1170.0090000000387,11.2
3,383.83997165729886,-111.39621691469979,1167.072058376402,24.145689382058467,400.0,-9.797174393178826e-14,1170.0090000000387,11.2
3,383.83997165729886,-111.39621691469979,1167.072058376402,24.182035347895155,400.0,-9.797174393178826e-14,1170.0090000000387,11.2
3,383.83997165729886,-111.39621691469979,1167.072058376402,24.163592938575796,400.0,-9.797174393178826e-14,1170.0090000000387,11.2
3,383.83997165729886,-111.39621691469979,1167.072058376402,24.357787067116245,400.0,-9.797174393178826e-14,1170.0090000000387,11.2
3,383.83997165729886,-111.39621691469979,1167.072058376402,24.540248328010605,400.0,-9.797174393178826e-14,1170.0090000000387,11.2
3,383.8464625046378,-111.27221308354467,1166.935238674365,24.85590149650614,400.0,-9.797174393178826e-14,1170.0090000000387,11.2
3,383.8464625046378,-111.27221308354467,1166.935238674365,25.29675796691434,400.0,-9.797174393178826e-14,1170.0090000000387,11.2
3,383.85974030862656,-111.02422103893275,1166.935238674365,25.7351331456476,400.0,-9.797174393178826e-14,1170.0090000000387,11.2
3,383.8723516921791,-110.62065676525022,1166.935238674365,26.050763677584595,400.0,-9.797174393178826e-14,1170.0090000000387,11.2
3,383.90480592887394,-110.00063760947505,1167.0720583764025,25.971882455568892,400.0,-9.797174393178826e-14,1170.0090000000387,11.2
3,384.01830838084715,-108.1881453295279,1167.0720583764028,25.587286881565547,400.0,-9.797174393178826e-14,1170.0090000000387,11.2
3,384.07505960683375,-106.37210609795659,1167.072058376403,24.835223447142933,400.0,-9.797174393178826e-14,1170.0090000000387,11.2
3,384.22728648318775,-103.39582956629468,1167.072058376403,23.643573332199477,400.0,-9.797174393178826e-14,1170.0090000000387,11.2
3,384.45649088765794,-98.80712740130812,1167.2088780784402,22.208681506916452,400.0,-9.797174393178826e-14,1170.0090000000387,11.2
3,384.6582730244992,-95.5849189036247,1167.20887807844,20.655305324330918,400.0,-9.797174393178826e-14,1170.0090000000387,11.2
3,384.7654697846961,-92.15462257732362,1167.2088780784397,18.871167544961185,400.0,-9.797174393178826e-14,1170.0090000000387,11.2
3,384.98314863989106,-87.68967524288456,1167.2088780784397,16.95774282447838,400.0,-9.797174393178826e-14,1170.0090000000387,11.2
3,385.27338711348426,-81.73641213029914,1167.2088780784397,15.27551055219694,400.0,-9.797174393178826e-14,1170.0090000000387,11.2
3,385.48778063387806,-78.31281560151038,1167.2088780784395,13.527485983717408,400.0,-9.797174393178826e-14,1170.0090000000387,11.2
3,385.68243260585746,-74.21971285658566,1167.3456977804765,11.865118207081885,400.0,-9.797174393178826e-14,1170.0090000000387,11.2
3,385.85349039941514,-70.62274377771226,1167.2088780784395,10.552801243399179,400.0,-9.797174393178826e-14,1170.0090000000387,11.2
3,385.95438146783573,-67.40053528002883,1167.2088780784393,9.964624824817069,400.0,-9.797174393178826e-14,1170.0090000000387,11.2
3,386.05788944675476,-65.1678101965783,1167.4825174825132,9.832260448183536,400.0,-9.797174393178826e-14,1170.0090000000387,11.2
3,386.13748105671175,-63.30690760517423,1167.6193371845504,10.186020710435537,400.0,-9.797174393178826e-14,1170.0090000000387,11.2
3,386.2026090087263,-61.6939652381076,1167.7561568865876,10.708929258842762,400.0,-9.797174393178826e-14,1170.0090000000387,11.2
3,386.2665244529099,-59.956711534473314,1168.0297962906618,11.308301283888932,400.0,-9.797174393178826e-14,1170.0090000000387,11.2
3,386.3118541682332,-58.59155438345163,1168.166615992699,11.949548605845857,400.0,-9.797174393178826e-14,1170.0090000000387,11.2
3,386.37888838543523,-56.2332131059899,1168.5770750988102,12.349833887665188,400.0,-9.797174393178826e-14,1170.0090000000387,11.2
3,386.4234813465532,-54.2469375364464,1168.8507145028843,12.516093641806515,400.0,-9.797174393178826e-14,1170.0090000000387,11.2
3,386.46297584192763,-52.01216341255732,1169.1243539069585,11.996739650484377,400.0,-9.797174393178826e-14,1170.0090000000387,11.2
3,386.5100315737279,-49.15655844438916,1168.9875342049213,11.347326918952716,400.0,-9.797174393178826e-14,1170.0090000000387,11.2
3,386.5100315737279,-45.928044254929446,1168.987534204921,10.425927821366358,400.0,-9.797174393178826e-14,1170.0090000000387,11.2
3,386.5498519637085,-43.81746878482794,1168.850714502884,9.40310907327453,400.0,-9.797174393178826e-14,1170.0090000000387,11.2
3,386.65018612622396,-39.34834875335575,1168.57707509881,8.260062492416314,400.0,-9.797174393178826e-14,1170.0090000000387,11.2
3,386.7457701426463,-36.121262092269646,1168.0297962906616,7.08516637689373,400.0,-9.797174393178826e-14,1170.0090000000387,11.2
3,386.8824628046104,-32.52283005276513,1167.6193371845504,6.273308107708602,400.0,-9.797174393178826e-14,1170.0090000000387,11.2
3,386.98063884805475,-30.28986416308729,1167.3456977804763,5.503438451699502,400.0,-9.797174393178826e-14,1170.0090000000387,11.2
3,387.0773849139728,-28.305445011527713,1167.072058376402,5.3534997796992005,400.0,-9.797174393178826e-14,1170.0090000000387,11.2
3,387.1791888809265,-26.44562888010295,1166.661599270291,5.381890359145829,400.0,-9.797174393178826e-14,1170.0090000000387,11.2
3,387.2287698950741,-25.57782895857069,1166.798418972328,5.788849929639147,400.0,-9.797174393178826e-14,1170.0090000000387,11.2
3,387.2426398543077,-25.329869327782898,1166.798418972328,6.329294340702962,400.0,-9.797174393178826e-14,1170.0090000000387,11.2
3,387.29575101978634,-24.337902092090086,1167.0720583764019,6.869335358271085,400.0,-9.797174393178826e-14,1170.0090000000387,11.2
3,387.31344661996724,-23.96580254982979,1167.4825174825137,7.305356776318776,400.0,-9.797174393178826e-14,1170.0090000000387,11.2
3,387.3284761187875,-23.593585788007733,1167.892976588625,7.8416941091328995,400.0,-9.797174393178826e-14,1170.0090000000387,11.2
3,387.3443668683235,-23.09714744799316,1168.4402553967732,8.36464045671184,400.0,-9.797174393178826e-14,1170.0090000000387,11.2
3,387.3590432560116,-22.476454150748943,1168.850714502884,8.826273738812741,400.0,-9.797174393178826e-14,1170.0090000000387,11.2
3,387.37075513541765,-21.855696659542936,1168.9875342049215,9.096477485177111,400.0,-9.797174393178826e-14,1170.0090000000387,11.2
3,387.38715176658616,-20.98663617185384,1168.8507145028848,9.240388587928775,400.0,-9.797174393178826e-14,1170.0090000000387,11.2
3,387.3950682776546,-20.614199519501575,1168.7138948008476,9.016946295395481,400.0,-9.797174393178826e-14,1170.0090000000387,11.2
3,387.44440424237484,-18.628036099001594,1168.4402553967736,8.683442683786929,400.0,-9.797174393178826e-14,1170.0090000000387,11.2
3,387.47882480484276,-17.511006082653562,1168.0297962906627,8.18837986482363,400.0,-9.797174393178826e-14,1170.0090000000387,11.2
3,387.5212466654523,-16.394251311772543,1167.6193371845516,7.6282662275765105,400.0,-9.797174393178826e-14,1170.0090000000387,11.2
3,387.58287230966806,-15.029735273948996,1167.2088780784402,7.016155399042413,400.0,-9.797174393178826e-14,1170.0090000000387,11.2
3,387.6138458778397,-14.409640386788295,1167.0720583764032,6.46654947153896,400.0,-9.797174393178826e-14,1170.0090000000387,11.2
3,387.63420667123046,-14.037677160503343,1166.661599270292,6.449012132473251,400.0,-9.797174393178826e-14,1170.0090000000387,11.2
3,387.64128967325155,-13.913705743141536,1166.798418972329,6.752712953090996,400.0,-9.797174393178826e-14,1170.0090000000387,11.2
3,387.64128967325155,-13.913705743141536,1166.798418972329,6.992914603397039,400.0,-9.797174393178826e-14,1170.0090000000387,11.2
3,387.64128967325155,-13.913705743141536,1166.798418972329,7.018961903511922,400.0,-9.797174393178826e-14,1170.0090000000387,11.2
3,387.64128967325155,-13.913705743141536,1166.798418972329,6.969676866660732,400.0,-9.797174393178826e-14,1170.0090000000387,11.2
3,387.64128967325155,-13.913705743141536,1166.798418972329,6.992179108981436,400.0,-9.797174393178826e-14,1170.0090000000387,11.2
3,387.64128967325155,-13.913705743141536,1166.798418972329,6.846637945082215,400.0,-9.797174393178826e-14,1170.0090000000387,11.2
3,387.64128967325155,-13.913705743141536,1166.798418972329,6.703198557135955,400.0,-9.797174393178826e-14,1170.0090000000387,11.2
3,387.64128967325155,-13.913705743141536,1166.798418972329,6.508058886670089,400.0,-9.797174393178826e-14,1170.0090000000387,11.2
3,387.64128967325155,-13.913705743141536,1166.798418972329,6.303680477422429,400.0,-9.797174393178826e-14,1170.0090000000387,11.2
3,387.63450272922086,-14.037693720909745,1166.9352386743662,6.057304560228682,400.0,-9.797174393178826e-14,1170.0090000000387,11.2
3,387.62771578519016,-14.161681698677954,1166.798418972329,5.7096451645906345,400.0,-9.797174393178826e-14,1170.0090000000387,11.2
3,387.62092884115947,-14.285669676446163,1166.9352386743662,5.401386602294368,400.0,-9.797174393178826e-14,1170.0090000000387,11.2
3,387.5957060740543,-14.688445738656661,1166.935238674366,5.372049464363823,400.0,-9.797174393178826e-14,1170.0090000000387,11.2
3,387.5322782691878,-15.928559781592078,1167.2088780784402,5.513728382941424,400.0,-9.797174393178826e-14,1170.0090000000387,11.2
3,387.4632729499085,-17.417043170558998,1167.4825174825146,5.950893613923656,400.0,-9.797174393178826e-14,1170.0090000000387,11.2
3,387.3623818814879,-19.028147419400803,1167.4825174825144,6.69207587044334,400.0,-9.797174393178826e-14,1170.0090000000387,11.2
3,387.30401470085286,-20.392809319763543,1167.6193371845516,7.6522773334096925,400.0,-9.797174393178826e-14,1170.0090000000387,11.2
3,387.1183274281018,-24.859201490190557,1167.6193371845516,8.932798901793696,400.0,-9.797174393178826e-14,1170.0090000000387,11.2
3,387.0016467302245,-27.837080558927237,1167.8929765886257,10.257096662327088,400.0,-9.797174393178826e-14,1170.0090000000387,11.2
3,386.8829465067866,-31.063411931942092,1167.8929765886257,11.779783280593534,400.0,-9.797174393178826e-14,1170.0090000000387,11.2
3,386.7642462833487,-34.28974330495694,1167.8929765886257,13.339862575029967,400.0,-9.797174393178826e-14,1170.0090000000387,11.2
3,386.6570495231518,-37.713339833745714,1167.892976588626,14.92183306741316,400.0,-9.797174393178826e-14,1170.0090000000387,11.2
3,386.5486378955281,-40.567274117347544,1167.7561568865888,16.613767358818286,400.0,-9.797174393178826e-14,1170.0090000000387,11.2
3,386.4496533659586,-43.17304020237514,1167.892976588626,18.090372156876423,400.0,-9.797174393178826e-14,1170.0090000000387,11.2
3,386.41665852276884,-44.04162889738456,1167.756156886589,18.71903012099922,400.0,-9.797174393178826e-14,1170.0090000000387,11.2
3,386.28053091253804,-47.51582444607698,1167.756156886589,19.095920576361426,400.0,-9.797174393178826e-14,1170.0090000000387,11.2
3,386.2569631674025,-48.13624494251254,1167.892976588626,18.884675951198815,400.0,-9.797174393178826e-14,1170.0090000000387,11.2
3,386.24783238098416,-48.384424278898436,1167.892976588626,18.302727473354604,400.0,-9.797174393178826e-14,1170.0090000000387,11.2
3,386.24783238098416,-48.384424278898436,1167.892976588626,17.580576059901574,400.0,-9.797174393178826e-14,1170.0090000000387,11.2
3,386.24783238098416,-48.384424278898436,1167.892976588626,16.983420040494323,400.0,-9.797174393178826e-14,1170.0090000000387,11.2
3,386.24783238098416,-48.384424278898436,1167.892976588626,16.565418787856707,400.0,-9.797174393178826e-14,1170.0090000000387,11.2
3,386.24783238098416,-48.384424278898436,1167.892976588626,16.179463663300105,400.0,-9.797174393178826e-14,1170.0090000000387,11.2
3,386.24783238098416,-48.384424278898436,1167.892976588626,15.732163678454913,400.0,-9.797174393178826e-14,1170.0090000000387,11.2
3,386.243118831957,-48.50850837818555,1167.7561568865888,15.39933786786022,400.0,-9.797174393178826e-14,1170.0090000000387,11.2
3,386.2381089894944,-48.63258086795998,1167.6193371845516,15.068741212995514,400.0,-9.797174393178826e-14,1170.0090000000387,11.2
3,386.2272005402228,-48.88068818903538,1167.3456977804776,14.694353252776397,400.0,-9.797174393178826e-14,1170.0090000000387,11.2
3,386.215107281983,-49.12874058298043,1167.0720583764032,14.512342070535523,400.0,-9.797174393178826e-14,1170.0090000000387,11.2
3,386.2024217089535,-49.37676362728574,1167.0720583764032,14.448464848563784,400.0,-9.797174393178826e-14,1170.0090000000387,11.2
3,386.18914391758386,-49.62475543620907,1166.798418972329,14.4674728124284,400.0,-9.797174393178826e-14,1170.0090000000387,11.2
3,386.15903597389257,-50.12053467446328,1166.251140164181,14.450926284362339,400.0,-9.797174393178826e-14,1170.0090000000387,11.2
3,386.15076916068426,-50.244432781953684,1166.1143204621437,14.511387334001826,400.0,-9.797174393178826e-14,1170.0090000000387,11.2
3,386.1147440129031,-50.73981720852015,1165.5670416539956,14.611853242816112,400.0,-9.797174393178826e-14,1170.0090000000387,11.2
3,386.0553842550146,-51.48248978272301,1165.2934022499217,14.73633952923881,400.0,-9.797174393178826e-14,1170.0090000000387,11.2
3,385.99602449712603,-52.22516235692632,1165.5670416539956,14.968065712549404,400.0,-9.797174393178826e-14,1170.0090000000387,11.2
3,385.9402123390373,-52.968109956922326,1165.8406810580698,15.501793192077614,400.0,-9.797174393178826e-14,1170.0090000000387,11.2
3,385.88027388635305,-53.83525440305866,1166.2511401641807,16.290895604669526,400.0,-9.797174393178826e-14,1170.0090000000387,11.2
3,385.8351119708161,-54.578923260440206,1166.7984189723288,17.128021940125425,400.0,-9.797174393178826e-14,1170.0090000000387,11.2
3,385.79527859670713,-55.3228986872101,1167.0720583764028,17.62322601383828,400.0,-9.797174393178826e-14,1170.0090000000387,11.2
3,385.7890838830728,-55.44691766464224,1167.20887807844,17.815190252076125,400.0,-9.797174393178826e-14,1170.0090000000387,11.2
3,385.762553497706,-56.067214991291905,1167.8929765886255,18.102366257829548,400.0,-9.797174393178826e-14,1170.0090000000387,11.2
3,385.762553497706,-56.067214991291905,1167.8929765886255,18.301048986272146,400.0,-9.797174393178826e-14,1170.0090000000387,11.2
3,385.762553497706,-56.067214991291905,1167.8929765886255,18.553505867594886,400.0,-9.797174393178826e-14,1170.0090000000387,11.2
3,385.762553497706,-56.067214991291905,1167.8929765886255,18.728061670747085,400.0,-9.797174393178826e-14,1170.0090000000387,11.2
3,385.762553497706,-56.067214991291905,1167.8929765886255,19.141576030044003,400.0,-9.797174393178826e-14,1170.0090000000387,11.2
3,385.762553497706,-56.067214991291905,1167.8929765886255,19.501515470456162,400.0,-9.797174393178826e-14,1170.0090000000387,11.2
3,385.762553497706,-56.067214991291905,1167.8929765886255,19.895093079420718,400.0,-9.797174393178826e-14,1170.0090000000387,11.2
3,385.76726704673314,-55.94313089200479,1167.7561568865883,20.266826618999012,400.0,-9.797174393178826e-14,1170.0090000000387,11.2
3,385.79231625904646,-55.322768443132674,1167.6193371845513,20.5627579822274,400.0,-9.797174393178826e-14,1170.0090000000387,11.2
3,385.8294590103597,-54.45434723381028,1167.4825174825144,20.57976973417362,400.0,-9.797174393178826e-14,1170.0090000000387,11.2
3,385.88696344309244,-53.213944409671335,1167.2088780784402,20.205919032654744,400.0,-9.797174393178826e-14,1170.0090000000387,11.2
3,385.9884479308788,-51.229761940974015,1166.935238674366,19.649934006925896,400.0,-9.797174393178826e-14,1170.0090000000387,11.2
3,386.14778157874343,-48.25385740563285,1166.935238674366,18.665515634432197,400.0,-9.797174393178826e-14,1170.0090000000387,11.2
3,386.30388129144933,-45.40213391696585,1166.798418972329,17.392407308640884,400.0,-9.797174393178826e-14,1170.0090000000387,11.2
3,386.3732310876174,-44.16233576302779,1166.798418972329,16.08689778800609,400.0,-9.797174393178826e-14,1170.0090000000387,11.2
3,386.73446419069256,-37.839793477579306,1166.6615992702918,14.490902734684685,400.0,-9.797174393178826e-14,1170.0090000000387,11.2
3,386.93369772048385,-34.49303142676181,1166.5247795682546,13.024538973909255,400.0,-9.797174393178826e-14,1170.0090000000387,11.2
3,387.14445412752303,-31.02256356583682,1166.5247795682546,11.517607309219427,400.0,-9.797174393178826e-14,1170.0090000000387,11.2
3,387.3363290061521,-27.924159169031363,1166.3879598662177,10.10028461242674,400.0,-9.797174393178826e-14,1170.0090000000387,11.2
3,387.5589038653618,-24.330010068736744,1166.5247795682546,8.761015366664411,400.0,-9.797174393178826e-14,1170.0090000000387,11.2
3,387.672406317335,-22.517517788789597,1166.5247795682549,7.63901960543662,400.0,-9.797174393178826e-14,1170.0090000000387,11.2
3,387.7875312445125,-20.65847515070573,1166.387959866218,6.96687419830835,400.0,-9.797174393178826e-14,1170.0090000000387,11.2
3,387.82738587902816,-20.03888767575506,1166.2511401641812,6.930662481816868,400.0,-9.797174393178826e-14,1170.0090000000387,11.2
3,387.9212614113179,-18.5517656505814,1166.5247795682553,7.362351011902263,400.0,-9.797174393178826e-14,1170.0090000000387,11.2
3,387.9212614113179,-18.5517656505814,1166.5247795682553,8.077087421684698,400.0,-9.797174393178826e-14,1170.0090000000387,11.2
3,387.9212614113179,-18.5517656505814,1166.5247795682553,8.878830053162526,400.0,-9.797174393178826e-14,1170.0090000000387,11.2
3,387.9212614113179,-18.5517656505814,1166.5247795682553,9.59260176423532,400.0,-9.797174393178826e-14,1170.0090000000387,11.2
3,387.9289364064631,-18.42782947470911,1166.3879598662184,10.253467603361546,400.0,-9.797174393178826e-14,1170.0090000000387,11.2
3,387.9519613918986,-18.056020947092236,1166.5247795682553,10.869562000381855,400.0,-9.797174393178826e-14,1170.0090000000387,11.2
3,387.97498637733406,-17.68421241947546,1166.3879598662184,11.096098577425627,400.0,-9.797174393178826e-14,1170.0090000000387,11.2
3,387.99889915804346,-17.31245993450515,1166.2511401641816,11.31699470004619,400.0,-9.797174393178826e-14,1170.0090000000387,11.2
3,388.09632569130497,-15.825564906496064,1166.2511401641816,11.152136337052607,400.0,-9.797174393178826e-14,1170.0090000000387,11.2
3,388.15890937949814,-14.834150223046864,1166.5247795682556,10.728359718707901,400.0,-9.797174393178826e-14,1170.0090000000387,11.2
3,388.26014353099896,-13.098671251302711,1166.7984189723297,10.128061515904943,400.0,-9.797174393178826e-14,1170.0090000000387,11.2
3,388.33981027921686,-11.610720397763634,1167.0720583764041,9.560468783428993,400.0,-9.797174393178826e-14,1170.0090000000387,11.2
3,388.41592371739387,-10.122582131932676,1167.0720583764041,8.83059560840391,400.0,-9.797174393178826e-14,1170.0090000000387,11.2
3,388.4808075847238,-8.758217143646112,1167.4825174825153,8.078968201331012,400.0,-9.797174393178826e-14,1170.0090000000387,11.2
3,388.5312531189341,-7.951088596281229,1167.482517482515,7.303011381434825,400.0,-9.797174393178826e-14,1170.0090000000387,11.2
3,388.55647588603927,-7.145536471860418,1167.4825174825148,6.720532450653079,400.0,-9.797174393178826e-14,1170.0090000000387,11.2
3,388.58300642269154,-6.525235608059201,1167.619337184552,6.788328828177792,400.0,-9.797174393178826e-14,1170.0090000000387,11.2
3,388.58300642269154,-6.525235608059201,1167.619337184552,7.015498981441463,400.0,-9.797174393178826e-14,1170.0090000000387,11.2
3,388.58300642269154,-6.525235608059201,1167.619337184552,7.287572114129854,400.0,-9.797174393178826e-14,1170.0090000000387,11.2
3,388.58300642269154,-6.525235608059201,1167.619337184552,7.434709069582947,400.0,-9.797174393178826e-14,1170.0090000000387,11.2
3,388.58300642269154,-6.525235608059201,1167.619337184552,7.496495794300355,400.0,-9.797174393178826e-14,1170.0090000000387,11.2
3,388.58300642269154,-6.525235608059201,1167.619337184552,7.465351239915022,400.0,-9.797174393178826e-14,1170.0090000000387,11.2
3,388.58300642269154,-6.525235608059201,1167.619337184552,7.367068565557542,400.0,-9.797174393178826e-14,1170.0090000000387,11.2
3,388.58300642269154,-6.525235608059201,1167.619337184552,7.280778275416647,400.0,-9.797174393178826e-14,1170.0090000000387,11.2
3,388.58300642269154,-6.525235608059201,1167.619337184552,7.1909253023112205,400.0,-9.797174393178826e-14,1170.0090000000387,11.2
3,388.58300642269154,-6.525235608059201,1167.619337184552,7.034356703167143,400.0,-9.797174393178826e-14,1170.0090000000387,11.2
3,388.58300642269154,-6.525235608059201,1167.619337184552,6.916089777892164,400.0,-9.797174393178826e-14,1170.0090000000387,11.2
3,388.56797689530356,-6.89745307738238,1167.756156886589,6.7413920818563655,400.0,-9.797174393178826e-14,1170.0090000000387,11.2
3,388.56797689530356,-6.89745307738238,1167.756156886589,6.565240751838757,400.0,-9.797174393178826e-14,1170.0090000000387,11.2
3,388.5427541281984,-7.300229139592878,1167.7561568865888,6.48919185014089,400.0,-9.797174393178826e-14,1170.0090000000387,11.2
