phase,x,y,alpha,ref_alpha,dE_I
0,0.0,0.0,91.52374329790231,11.2,0
0,0.0,0.0,91.52322046833673,11.2,0
0,0.0,0.0,91.52217002124057,11.2,0
0,0.0,0.0,91.52371538556653,11.2,0
0,0.0,0.0,91.52522792030321,11.2,0
0,0.0,0.0,91.52526538588229,11.2,0
0,0.0,0.0,91.52484463196272,11.2,0
0,0.0,0.0,91.524365559261,11.2,0
0,0.0,0.0,91.52599221973102,11.2,0
0,0.0,0.0,91.5277071111456,11.2,0
0,0.0,0.0,91.52841055138128,11.2,0
0,0.0,0.0,91.53171666227982,11.2,0
0,0.0,0.0,91.5313704819634,11.2,0
0,0.0,0.0,91.53306975174227,11.2,0
0,0.0,0.0,91.53482749184842,11.2,0
0,0.0,0.0,91.53655907914067,11.2,0
0,0.0,0.0,91.53723592286094,11.2,0
0,0.0,0.0,91.53691549255356,11.2,0
0,0.0,0.0,91.53764198451437,11.2,0
0,0.0,0.0,91.53767964649454,11.2,0
0,0.0,0.0,91.53873666735706,11.2,0
0,0.0,0.0,91.54241235604854,11.2,0
0,0.0,0.0,91.54352501035507,11.2,0
0,0.0,0.0,91.54268150927041,11.2,0
0,0.0,0.0,91.54231873243292,11.2,0
0,0.0,0.0,91.5435066620157,11.2,0
0,0.0,0.0,91.54200449528527,11.2,0
0,0.0,0.0,91.54151912465407,11.2,0
0,0.0,0.0,91.54111651485297,11.2,0
0,0.0,0.0,91.54124415655563,11.2,0
0,0.0,0.0,91.54190993552645,11.2,0
0,0.0,0.0,91.54520088897846,11.2,0
0,0.0,0.0,91.54626568799128,11.2,0
0,0.0,0.0,91.54676074504543,11.2,0
0,0.0,0.0,91.54783358499351,11.2,0
0,0.0,0.0,91.54780900884288,11.2,0
0,0.0,0.0,91.54791932819722,11.2,0
0,0.0,0.0,91.54857599418801,11.2,0
0,0.0,0.0,91.54808001428475,11.2,0
0,0.0,0.0,91.54782478752526,11.2,0
0,0.0,0.0,91.54908955735097,11.2,0
0,0.0,0.0,91.54919368268325,11.2,0
0,0.0,0.0,91.55045462879052,11.2,0
0,0.0,0.0,91.5501572961013,11.2,0
0,0.0,0.0,91.55129741351021,11.2,0
0,0.0,0.0,91.55209739335012,11.2,0
0,0.0,0.0,91.55169147092025,11.2,0
0,0.0,0.0,91.55435699403007,11.2,0
0,0.0,0.0,91.55404097192392,11.2,0
0,0.0,0.0,91.55462148632381,11.2,0
0,0.0,0.0,91.55728162607556,11.2,0
0,0.0,0.0,91.55787184945892,11.2,0
0,0.0,0.0,91.55934609492952,11.2,0
0,0.0,0.0,91.55877631023893,11.2,0
0,0.0,0.0,91.55981191941738,11.2,0
0,0.0,0.0,91.56019397536102,11.2,0
0,0.0,0.0,91.56021937968151,11.2,0
0,0.0,0.0,91.55904322090277,11.2,0
0,0.0,0.0,91.5577264571514,11.2,0
0,0.0,0.0,91.55764307655382,11.2,0
0,0.0,0.0,91.55645581477387,11.2,0
0,0.0,0.0,91.5563106571895,11.2,0
0,0.0,0.0,91.5584202143138,11.2,0
0,0.0,0.0,91.55931566642654,11.2,0
0,0.0,0.0,91.56219106922774,11.2,0
0,0.0,0.0,91.5592956055478,11.2,0
0,0.0,0.0,91.55992106744,11.2,0
0,0.0,0.0,91.56122287065453,11.2,0
0,0.0,0.0,91.56106552247918,11.2,0
0,0.0,0.0,91.56076795134877,11.2,0
0,0.0,0.0,91.56045648489471,11.2,0
0,0.0,0.0,91.56225081009747,11.2,0
0,0.0,0.0,91.5644896610196,11.2,0
0,0.0,0.0,91.56690873635421,11.2,0
0,0.0,0.0,91.56670086138969,11.2,0
0,0.0,0.0,91.56547653943215,11.2,0
0,0.0,0.0,91.56595578139199,11.2,0
0,0.0,0.0,91.56690497457679,11.2,0
0,0.0,0.0,91.56568603088186,11.2,0
0,0.0,0.0,91.56551770772313,11.2,0
0,0.0,0.0,91.56535569663669,11.2,0
0,0.0,0.0,91.56630754429939,11.2,0
0,0.0,0.0,91.56567862400387,11.2,0
0,0.0,0.0,91.56542194115286,11.2,0
0,0.0,0.0,91.56894286519324,11.2,0
0,0.0,0.0,91.57081121018366,11.2,0
0,0.0,0.0,91.57312536482831,11.2,0
0,0.0,0.0,91.57443776556292,11.2,0
0,0.0,0.0,91.57358242034884,11.2,0
0,0.0,0.0,91.57437621524116,11.2,0
0,0.0,0.0,91.57319399179705,11.2,0
0,0.0,0.0,91.57504083866867,11.2,0
0,0.0,0.0,91.57381568110021,11.2,0
0,0.0,0.0,91.57415145138381,11.2,0
0,0.0,0.0,91.57592934894733,11.2,0
0,0.0,0.0,91.57618220235295,11.2,0
0,0.0,0.0,91.5784458347096,11.2,0
0,0.0,0.0,91.5791681364853,11.2,0
0,0.0,0.0,91.57995724462506,11.2,0
0,0.0,0.0,91.57907119355464,11.2,0
0,0.0,0.0,91.57759301689303,11.2,0
0,0.0,0.0,91.57772926226673,11.2,0
0,0.0,0.0,91.58077202967685,11.2,0
0,0.0,0.0,91.5791614422983,11.2,0
0,0.0,0.0,91.57874636656713,11.2,0
0,0.0,0.0,91.57771803734958,11.2,0
0,0.0,0.0,91.57632095742287,11.2,0
0,0.0,0.0,91.57647487185142,11.2,0
0,0.0,0.0,91.57820575925932,11.2,0
0,0.0,0.0,91.57942886720645,11.2,0
0,0.0,0.0,91.57754508784156,11.2,0
0,0.0,0.0,91.57789404812691,11.2,0
0,0.0,0.0,91.57619321851868,11.2,0
0,0.0,0.0,91.57759913079735,11.2,0
0,0.0,0.0,91.57948719635499,11.2,0
0,0.0,0.0,91.57977871129201,11.2,0
0,0.0,0.0,91.5795293161202,11.2,0
0,0.0,0.0,91.57933542642313,11.2,0
0,0.0,0.0,91.57756685982633,11.2,0
0,0.0,0.0,91.57789437509119,11.2,0
0,0.0,0.0,91.57922213567335,11.2,0
0,0.0,0.0,91.57884741240905,11.2,0
0,0.0,0.0,91.58022282849313,11.2,0
0,0.0,0.0,91.58206099698612,11.2,0
0,0.0,0.0,91.58235599608788,11.2,0
0,0.0,0.0,91.58330799667142,11.2,0
0,0.0,0.0,91.58306245640122,11.2,0
0,0.0,0.0,91.58426989254887,11.2,0
0,0.0,0.0,91.58286701273508,11.2,0
0,0.0,0.0,91.58143139400417,11.2,0
0,0.0,0.0,91.58121749576686,11.2,0
0,0.0,0.0,91.579862603805,11.2,0
0,0.0,0.0,91.57845541161902,11.2,0
0,0.0,0.0,91.57766439576396,11.2,0
0,0.0,0.0,91.57838085227236,11.2,0
0,0.0,0.0,91.57844009395149,11.2,0
0,0.0,0.0,91.5805959261995,11.2,0
0,0.0,0.0,91.57973900740093,11.2,0
0,0.0,0.0,91.57990029103965,11.2,0
0,0.0,0.0,91.58058907800994,11.2,0
0,0.0,0.0,91.58011843497637,11.2,0
0,0.0,0.0,91.5787255450229,11.2,0
0,0.0,0.0,91.57836853011926,11.2,0
0,0.0,0.0,91.5785407527279,11.2,0
0,0.0,0.0,91.58025620682884,11.2,0
0,0.0,0.0,91.58042813006438,11.2,0
0,0.0,0.0,91.58015694924967,11.2,0
0,0.0,0.0,91.58082795828705,11.2,0
0,0.0,0.0,91.58041940224064,11.2,0
0,0.0,0.0,91.58161309003123,11.2,0
0,0.0,0.0,91.58078454207403,11.2,0
0,0.0,0.0,91.57997208010777,11.2,0
0,0.0,0.0,91.5822059329988,11.2,0
0,0.0,0.0,91.58276135772587,11.2,0
0,0.0,0.0,91.58443313516442,11.2,0
0,0.0,0.0,91.58345076176346,11.2,0
0,0.0,0.0,91.58410769432813,11.2,0
0,0.0,0.0,91.58483483879226,11.2,0
0,0.0,0.0,91.5834027921721,11.2,0
0,0.0,0.0,91.5830606894051,11.2,0
0,0.0,0.0,91.58364287540957,11.2,0
0,0.0,0.0,91.58308033423565,11.2,0
0,0.0,0.0,91.58112397843816,11.2,0
0,0.0,0.0,91.58121582733152,11.2,0
0,0.0,0.0,91.58389217726376,11.2,0
0,0.0,0.0,91.5819392174593,11.2,0
0,0.0,0.0,91.58296615439842,11.2,0
0,0.0,0.0,91.5814274456708,11.2,0
0,0.0,0.0,91.58259431146419,11.2,0
0,0.0,0.0,91.58259008848954,11.2,0
0,0.0,0.0,91.58484453417364,11.2,0
0,0.0,0.0,91.58600757145314,11.2,0
0,0.0,0.0,91.58656688740102,11.2,0
0,0.0,0.0,91.58667630191219,11.2,0
0,0.0,0.0,91.58720690229262,11.2,0
0,0.0,0.0,91.58620235013663,11.2,0
0,0.0,0.0,91.58488732606821,11.2,0
0,0.0,0.0,91.58297520891533,11.2,0
0,0.0,0.0,91.58375444998973,11.2,0
0,0.0,0.0,91.57619536894146,11.2,0
0,0.0,0.0,91.56152591914211,11.2,0
0,0.0,0.0,91.54481160072187,11.2,0
0,0.0,0.0,91.57118520557744,11.2,0
0,0.0,0.0,91.57486541687007,11.2,0
0,0.0,0.0,91.57708553592576,11.2,0
0,0.0,0.0,91.57868686819519,11.2,0
0,0.0,0.0,91.56105208582723,11.2,0
0,0.0,0.0,91.58373760798858,11.2,0
0,0.0,0.0,91.58251109799656,11.2,0
0,0.0,0.0,91.58668092170802,11.2,0
0,0.0,0.0,91.57977692788492,11.2,0
0,0.0,0.0,91.58006392821385,11.2,0
0,0.0,0.0,91.58589229518434,11.2,0
0,0.0,0.0,91.58811213102108,11.2,0
0,0.0,0.0,91.58330180634259,11.2,0
0,0.0,0.0,91.58417635617849,11.2,0
0,0.0,0.0,91.58859927787644,11.2,0
0,0.0,0.0,91.58909090440456,11.2,0
0,0.0,0.0,91.58697564075646,11.2,0
0,0.0,0.0,91.586533151364,11.2,0
0,0.0,0.0,91.58111467724036,11.2,0
0,0.0,0.0,91.58348077980578,11.2,0
0,0.0,0.0,91.58318457567437,11.2,0
0,0.0,0.0,91.58174353568917,11.2,0
0,0.0,0.0,91.58064469276763,11.2,0
0,0.0,0.0,91.57969560644344,11.2,0
0,0.0,0.0,91.57881629223843,11.2,0
0,0.0,0.0,91.57805879566598,11.2,0
0,0.0,0.0,91.57206347166141,11.2,0
0,0.0,0.0,91.55709132422955,11.2,0
0,0.0,0.0,91.54880478964635,11.2,0
0,0.0,0.0,91.52902265133609,11.2,0
0,0.0,0.0,91.51126480018708,11.2,0
0,0.0,0.0,91.49166073688251,11.2,0
0,0.0,0.0,91.46790059308904,11.2,0
0,0.0,0.0,91.44068492770076,11.2,0
0,0.0,0.0,91.40567011286684,11.2,0
0,0.0,0.0,91.37514732037961,11.2,0
0,0.0,0.0,91.35269584029167,11.2,0
0,0.0,0.0,91.3335367319832,11.2,0
0,0.0,0.0,91.3190976799605,11.2,0
0,0.0,0.0,91.31131297400769,11.2,0
0,0.0,0.0,91.30308942573328,11.2,0
0,0.0,0.0,91.29152484578594,11.2,0
0,0.0,0.0,91.27260257434735,11.2,0
0,0.0,0.0,91.2402785487328,11.2,0
0,0.0,0.0,91.19750103524485,11.2,0
0,0.0,0.0,91.03666703008754,11.2,0
0,0.0,0.0,90.68373302172478,11.2,0
0,0.0,0.0,90.29273053750494,11.2,0
0,0.0,0.0,89.86218960625555,11.2,0
0,0.0,0.0,89.28649400482604,11.2,0
0,0.0,0.0,88.64887601734813,11.2,0
0,0.0,0.0,88.06357567436615,11.2,0
0,0.0,0.0,87.4300239164605,11.2,0
0,0.0,0.0,86.73810063929336,11.2,0
0,0.0,0.0,86.05190277214763,11.2,0
0,0.0,0.0,85.33428077287557,11.2,0
0,0.0,0.0,84.55730368952091,11.2,0
0,0.0,0.0,83.74539324300034,11.2,0
0,0.0,0.0,82.86275029707679,11.2,0
0,0.0,0.0,81.94805097486928,11.2,0
0,0.0,0.0,81.00740633423985,11.2,0
0,0.0,0.0,80.02456442445647,11.2,0
0,0.0,0.0,78.99520858722647,11.2,0
0,0.0,0.0,77.92975240328171,11.2,0
0,0.0,0.0,76.79342672354764,11.2,0
0,0.0,0.0,75.4622198181352,11.2,0
0,0.0,0.0,74.15355661171397,11.2,0
0,0.0,0.0,72.86536433395135,11.2,0
0,0.0,0.0,71.48881166871,11.2,0
0,0.0,0.0,70.15778083372875,11.2,0
0,0.0,0.0,68.83567026313965,11.2,0
0,0.0,0.0,67.48735423909464,11.2,0
0,0.0,0.0,66.15371114279043,11.2,0
0,0.0,0.0,64.75195216958326,11.2,0
0,0.0,0.0,63.28303873937199,11.2,0
0,0.0,0.0,61.7832987375411,11.2,0
0,0.0,0.0,60.21366037128936,11.2,0
0,0.0,0.0,58.61515619753643,11.2,0
0,0.0,0.0,57.00485967559661,11.2,0
0,0.0,0.0,55.38261016541863,11.2,0
0,0.0,0.0,53.776836194243245,11.2,0
0,0.0,0.0,52.17234430381097,11.2,0
0,0.0,0.0,50.5750081748405,11.2,0
0,0.0,0.0,48.995427407341694,11.2,0
0,0.0,0.0,47.418668409708985,11.2,0
0,0.0,0.0,45.86695772797543,11.2,0
0,0.0,0.0,44.33491308953616,11.2,0
0,0.0,0.0,42.84427324296722,11.2,0
0,0.0,0.0,41.40536513502788,11.2,0
0,0.0,0.0,39.967947838423626,11.2,0
0,0.0,0.0,38.529033322061174,11.2,0
0,0.0,0.0,37.081897427484456,11.2,0
0,0.0,0.0,35.60973122364833,11.2,0
0,0.0,0.0,34.15117742659419,11.2,0
0,0.0,0.0,32.70696411944342,11.2,0
0,0.0,0.0,31.31903388624406,11.2,0
0,0.0,0.0,30.015472821504687,11.2,0
1,0.0,0.0,28.897359196891443,11.2,0
2,0.0,0.0,27.935749919359147,11.2,0
3,0.0,0.0,27.12859266458581,11.2,0.0
3,0.0,0.0,26.46356209226344,11.2,0.0
3,0.0,0.0,25.945688721922934,11.2,0.0
3,0.0,0.0,25.55638522408373,11.2,0.0
3,0.0,0.0,25.32028123023955,11.2,0.0
3,0.0,0.0,25.190680352944582,11.2,0.0
3,0.12417350465849462,0.00014826039653970113,25.15850787249977,11.2,0.001773907209407066
3,0.7450398478219268,-0.0005930401771229535,24.977397733947683,11.2,0.012417333606863163
3,1.5521683951868934,-0.0005930401771229535,24.571220239543205,11.2,0.03459116782381878
3,3.0422122150532545,-0.011267692349478923,23.786399590504836,11.2,0.07805134232457955
3,5.0288466757193095,-0.034988780908649694,22.760432738935044,11.2,0.14989200912056969
3,7.760282133179487,-0.08065083483888519,21.4114008941272,11.2,0.2607531824517052
3,11.856948549050822,-0.17360197573388875,19.797348628959988,11.2,0.43013816172385977
3,15.580624345495716,-0.28033480211054523,17.9040421691811,11.2,0.6527185095166557
3,19.675888969255087,-0.4221914160092043,15.81134219198383,11.2,0.9338026376488712
3,25.63069504969922,-0.6783056479140555,13.61630271353319,11.2,1.2999554240731457
3,30.219055385633723,-0.914083933303369,11.447507225374595,11.2,1.7316562152964845
3,34.80560891375876,-1.1827262715188793,9.288263230534858,11.2,2.2288791997787527
3,39.01873590390774,-1.4547436762605226,7.0339494470869495,11.2,2.7862897126917203
3,42.610831998238325,-1.708207038244056,4.723473957566892,11.2,3.395015884095125
3,47.19226314577838,-2.0534762930956734,3.719462412059433,11.2,4.069191071891959
3,49.2976138390117,-2.2070861783054743,3.1267504285647205,11.2,4.773442698163555
3,50.41309217040137,-2.275094893522156,3.600888680210746,11.2,5.493629729169289
3,50.78524525503158,-2.291546261406008,4.413150879587224,11.2,6.219133232812597
3,50.909370613849056,-2.2949557838706873,5.1872882818797805,11.2,6.946409955867583
3,51.033535621723814,-2.296290086859448,6.068136622208365,11.2,7.675460464749352
3,51.40605542762187,-2.2958453065152504,6.790169973129477,11.2,8.40983268514395
3,51.65439984065659,-2.2946592272882507,7.476854773975035,11.2,9.147752682867615
3,53.02028502538943,-2.286504951977004,7.582133093771597,11.2,9.905185326087464
3,54.882823868601456,-2.270937787879632,7.526737027514022,11.2,10.689225667067484
3,56.621175281821266,-2.254332868076756,7.160448892130044,11.2,11.498099599664931
3,58.732052637461564,-2.2366900820997344,6.602377445998332,11.2,12.33712892305724
3,61.21549440757485,-2.22482930110208,5.767472901130395,11.2,13.211635986022594
3,64.19564152554476,-2.2319457697006726,4.678164680724278,11.2,14.128716579244662
3,66.55479909626158,-2.257297767428907,3.366643966050373,11.2,15.07949942347697
3,69.41032828551974,-2.308444784778222,1.9588186421866347,11.2,16.071075541841537
3,71.14835753790213,-2.345803546376086,1.1959526248652874,11.2,17.087480649525855
3,71.3966337428077,-2.351733395816612,1.3931458710213334,11.2,18.107432560137394
3,71.14835753790213,-2.345803546376086,2.4767370626843763,11.2,19.12383766782171
3,70.52759032284601,-2.334684629561017,3.3415111327931415,11.2,20.131374672433797
3,70.27926101526275,-2.3317194934911205,3.872196698193598,11.2,21.135364115508978
3,70.03092037861835,-2.329940384795728,4.318276663190315,11.2,22.135805835203527
3,70.03092037861835,-2.329940384795728,4.622508487529327,11.2,23.136247554898077
3,70.1550917590486,-2.32919908704016,4.7417411056219985,11.2,24.138463151455912
3,70.27926101526273,-2.328161276100335,4.760891606429443,11.2,25.142452594531093
3,70.40342743920755,-2.3268269578941925,4.758447757674112,11.2,26.14821584366263
3,70.40342743920755,-2.3268269578941925,5.119867719842968,11.2,27.153979092794167
3,70.40342743920755,-2.3268269578941925,5.226114599719539,11.2,28.159742341925703
3,70.27926101526273,-2.328161276100335,5.224078998373117,11.2,29.163731785000884
3,70.27926101526273,-2.328161276100335,5.359935568530628,11.2,30.167721228076065
3,70.27926101526273,-2.328161276100335,5.313454039282556,11.2,31.171710671151246
3,70.27926101526273,-2.328161276100335,5.3103473218574,11.2,32.17570011422643
3,70.27926101526273,-2.328161276100335,5.241454990665486,11.2,33.179689557301614
3,70.27926101526273,-2.328161276100335,5.131895327324226,11.2,34.1836790003768
3,70.27926101526273,-2.328161276100335,4.999734350716733,11.2,35.18766844345198
3,70.27926101526273,-2.328161276100335,4.826211174530517,11.2,36.19165788652717
3,70.27926101526273,-2.328161276100335,4.642214100023014,11.2,37.19564732960235
3,70.1550917590486,-2.32919908704016,4.456673646598734,11.2,38.19786292616019
3,70.03092037861835,-2.329940384795728,4.282857136600863,11.2,39.19830464585474
3,69.78257407737878,-2.330533425536465,4.104294007242344,11.2,40.19519856124587
3,69.28588147489965,-2.3293473440549906,3.975340703268747,11.2,41.18499686803015
3,68.54084823579552,-2.3257891063739917,4.113444990433494,11.2,42.16415184282722
3,67.67163865972803,-2.3226756439646086,4.352378480062697,11.2,43.1308895379662
3,66.05739230417412,-2.31689349949004,4.777362512052905,11.2,44.07456657088297
3,64.56731449673673,-2.313335255045616,5.38866890484544,11.2,44.996956777979214
3,62.70471192685931,-2.3155591609937116,6.146069755015054,11.2,45.892738376934346
3,62.08384794395396,-2.3177830627146996,7.013543985533777,11.2,46.7796504904194
3,57.862057120999275,-2.348027910536375,8.065041437397227,11.2,47.60625130643368
3,55.62709335274997,-2.374714135165442,9.009928136204326,11.2,48.40092406861582
3,53.51639655239134,-2.4074783749378588,10.068265553152502,11.2,49.16544401936427
3,51.28168130892521,-2.4501747517420673,11.016673827933962,11.2,49.898039466634636
3,48.79891925986965,-2.5094732461473277,11.914118791374499,11.2,50.595166884632775
3,47.185271192210166,-2.5537975436896363,12.775291327039975,11.2,51.26924218737864
3,45.81997012693937,-2.594563108189026,13.59138640231563,11.2,51.92381318919206
3,44.454669061668575,-2.635328672688416,14.207567435918053,11.2,52.55887989007304
3,44.08231422568563,-2.6464465539155224,14.208299823848378,11.2,53.18862723615426
3,44.20643250434661,-2.642740593506487,13.500546142845675,11.2,53.82014770050207
3,44.827066376523334,-2.6256927867594455,12.839325732651638,11.2,54.46053436302383
3,45.57189499124,-2.6079032384378675,11.920413008385458,11.2,55.111561434327264
3,46.31680007239538,-2.5936711128364647,10.979263526952629,11.2,55.77323000679006
3,46.813457271507986,-2.5877408576048366,9.950219447627468,11.2,56.44199368209731
3,46.813457271507986,-2.5877408576048366,9.65372185995724,11.2,57.110757357404566
3,46.68928801529385,-2.5887786685446614,9.897739093473874,11.2,57.777747186194475
3,46.31678024665144,-2.591892101364136,9.981371760603153,11.2,58.439415475432355
3,46.068436069640114,-2.5930781794639013,9.890851716616202,11.2,59.09753599071293
3,45.82008906032313,-2.5930781794639013,9.725977342707996,11.2,59.75210869157468
3,45.695916263742056,-2.5926333991197037,9.597336843837226,11.2,60.40490749534243
3,45.571744883311794,-2.591892101364136,9.40042890773623,11.2,61.05593242224688
3,45.447575627097656,-2.590854290424311,9.171718557055854,11.2,61.70518350263399
3,45.32340920315284,-2.5895199722181683,8.90049379624969,11.2,62.35266077696475
3,45.07507965956033,-2.586554833330242,8.624661818179108,11.2,62.996590486387035
3,44.702591008645,-2.5816623797389813,8.725818374798187,11.2,63.635198929367675
3,44.08177659045278,-2.573508290420213,8.832442841797556,11.2,64.26493859494558
3,43.585105230134886,-2.568764032128278,9.011297710256697,11.2,64.88758295537608
3,42.71590556712307,-2.563574947839303,9.27740998515057,11.2,65.49781017776355
3,41.84669599105558,-2.56046148542992,9.641675883122943,11.2,66.09562012049292
3,40.72913444912913,-2.5591271418610626,10.073290077953354,11.2,66.67746489833763
3,40.48078720378606,-2.5591271418610626,10.445748829168176,11.2,67.25576185839172
3,38.99070939634867,-2.5626853863054864,10.891176959200322,11.2,67.81277199262527
3,37.87316697247634,-2.569357066105597,11.214173914106793,11.2,68.35381723508922
3,37.252320691405664,-2.574546120804721,11.489685847849675,11.2,68.88599324496644
3,36.6314885716816,-2.5812177118354347,11.750738918758696,11.2,69.40930022456189
3,36.25898929984716,-2.585220666453863,11.961759212364719,11.2,69.92728578598827
3,36.010653383672896,-2.5875927978542737,12.112387309673954,11.2,70.44172369146932
3,36.010653383672896,-2.5875927978542737,12.205452835376445,11.2,70.95616159695037
3,36.13481980761771,-2.586258479648131,12.1942494966927,11.2,71.47237330848776
3,36.258986231562524,-2.584924161441988,12.08224953369903,11.2,71.9903588260815
3,36.8798325126332,-2.579735106742864,11.78254443021695,11.2,72.51721357626198
3,37.50068941478449,-2.576028617965025,11.227280678785023,11.2,73.0529377107589
3,38.36990229521329,-2.574990797161897,10.596463161483577,11.2,73.60107917211909
3,39.239111871280784,-2.57810425957128,9.71770054230755,11.2,74.16163791313738
3,40.23245175973609,-2.587592749101858,8.739159652207844,11.2,74.73638722399076
3,40.356614643374535,-2.589223566965612,8.384922712531521,11.2,75.31291029032468
3,40.23245175973609,-2.587592749101858,8.941246966580174,11.2,75.88765960117806
3,39.73579314456957,-2.5816624769620655,9.31629265050625,11.2,76.45531378895762
3,39.36328537592716,-2.578549044142591,9.525840426269374,11.2,77.01764643718515
3,38.866597021904504,-2.57617688794306,9.590438572656922,11.2,77.57288353749807
3,38.74242351724601,-2.5760286275465205,9.56398372986837,11.2,78.12634673060158
3,38.61825001258752,-2.57617688794306,9.680666773464003,11.2,78.6780360164957
3,38.369903475322545,-2.5767699292474164,9.797410898794412,11.2,79.22617749471459
3,38.369903475322545,-2.5767699292474164,9.870067483782563,11.2,79.77431897293349
3,38.369903475322545,-2.5767699292474164,9.814519067307138,11.2,80.32246045115238
3,38.369903475322545,-2.5767699292474164,9.673159449421808,11.2,80.87060192937128
3,38.494076271903616,-2.576325148903219,9.789682950830125,11.2,81.42051730468418
3,38.494076271903616,-2.576325148903219,9.80400321922805,11.2,81.97043267999709
3,38.61824906848469,-2.5758803685590212,9.714442817991936,11.2,82.522121952404
3,38.74242186506576,-2.5754355882148237,9.522037709282587,11.2,83.07558512190495
3,38.86659324549602,-2.574694290459256,9.548986281534496,11.2,83.63082216826918
3,38.99076250171016,-2.573656479519431,9.548723825421392,11.2,84.18783306115076
3,38.99076250171016,-2.573656479519431,9.51386671185396,11.2,84.74484395403233
3,39.11492892565497,-2.5723221613132883,9.492080364143572,11.2,85.30362865297026
3,39.11492892565497,-2.5723221613132883,9.378622080167734,11.2,85.86241335190819
3,39.487428197489415,-2.56831920669486,9.399181718545684,11.2,86.42651946901518
3,39.85994163071488,-2.56609531765527,9.334814864324192,11.2,86.99594720659681
3,40.35663564934886,-2.56609531765527,9.161203200310148,11.2,87.57247057301608
3,40.85332400337152,-2.568467473854801,8.718600818867836,11.2,88.15608948734996
3,40.85332400337152,-2.568467473854801,8.36309386168565,11.2,88.73970840168384
3,40.97749538380178,-2.5692087716103686,8.313339590853325,11.2,89.32510119288101
3,40.85332400337152,-2.568467473854801,8.560952321163168,11.2,89.90872010721489
3,40.85332400337152,-2.568467473854801,8.826672249534898,11.2,90.49233902154877
3,40.85332400337152,-2.568467473854801,8.905714146024998,11.2,91.07595793588266
3,40.85332400337152,-2.568467473854801,8.773893813043792,11.2,91.65957685021654
3,40.97749538380178,-2.5692087716103686,8.597842872954581,11.2,92.2449696414137
3,40.97749538380178,-2.5692087716103686,8.451266965531786,11.2,92.83036243261087
3,40.85332400337152,-2.568467473854801,8.342317399809875,11.2,93.41398134694475
3,40.85332400337152,-2.568467473854801,8.325656163515472,11.2,93.99760026127863
3,40.72915474715738,-2.567429662914976,8.397212799118927,11.2,94.57944532909517
3,40.72915474715738,-2.567429662914976,8.419870371704542,11.2,95.1612903969117
3,40.60498832321257,-2.5660953447088333,8.363744022717444,11.2,95.74136165867188
3,40.60498832321257,-2.5660953447088333,8.253115220665743,11.2,96.32143292043206
3,40.60498832321257,-2.5660953447088333,8.070364075376679,11.2,96.90150418219224
3,40.60498832321257,-2.5660953447088333,7.935958234764319,11.2,97.48157544395242
3,40.60498832321257,-2.5660953447088333,7.887870212635519,11.2,98.0616467057126
3,40.48082189926775,-2.5647610265026906,7.787611444456755,11.2,98.63994416141642
3,40.48082189926775,-2.5647610265026906,7.637124177754358,11.2,99.21824161712024
3,40.48082189926775,-2.5647610265026906,7.519644651835063,11.2,99.79653907282406
3,40.35665547532294,-2.563426708296548,7.468564631648916,11.2,100.37306272247153
3,39.859996388137915,-2.5574964305206955,7.5967201003012494,11.2,100.94249124230207
3,39.23916426841385,-2.550824839489982,7.826984598804431,11.2,101.50305073185083
3,38.618317987343175,-2.545635784790858,8.269481221310734,11.2,102.05474098881288
3,37.25241982122049,-2.540743210304406,8.686214238291816,11.2,102.58691841483032
3,36.38320528861103,-2.5417810330801838,9.283392311219664,11.2,103.10667849038191
3,35.141472602286186,-2.5447462396019658,9.76509538817244,11.2,103.60869952755743
3,34.27227459142677,-2.5499353140276764,10.427799962759345,11.2,104.09830345029211
3,32.782298745927235,-2.5677261304470544,10.980677693948298,11.2,104.56662200380535
3,31.91315856045813,-2.57914185549333,11.433840300993914,11.2,105.02252426895475
3,31.29234414226591,-2.587295944812098,11.888885673452485,11.2,105.4695577567014
3,30.795700632354894,-2.594412203746622,12.283162789150033,11.2,105.90949633716362
3,30.54738831804033,-2.5985632995584615,12.604477472690608,11.2,106.34588759884991
3,30.67153633275944,-2.59604304528126,12.417697424633646,11.2,106.78405240360362
3,30.67153633275944,-2.59604304528126,12.08898921485275,11.2,107.22221720835734
3,31.292276406354997,-2.583441773895252,11.755116956559558,11.2,107.66924972844812
3,31.913044801351738,-2.5723228359455885,11.261154601939426,11.2,108.12515036846743
3,32.533858039515856,-2.5641687621259166,10.678543087405076,11.2,108.58991976903194
3,33.65140683609227,-2.560165761854654,10.081443265179399,11.2,109.07065415240469
3,33.77557963267334,-2.5606105421988516,9.693921037291101,11.2,109.55316243287145
3,34.14809377396412,-2.5628344354655552,9.371002790520924,11.2,110.04099234392808
3,34.14809377396412,-2.5628344354655552,9.872854846352519,11.2,110.52882225498472
3,33.899752901299706,-2.561055325079319,10.275490928195202,11.2,111.013104439289
3,33.899752901299706,-2.561055325079319,10.538616139334245,11.2,111.49738662359327
3,34.02392428172997,-2.561796622834887,10.44320917100907,11.2,111.98344268476085
3,34.39643842302075,-2.5640205161015905,10.253006759329486,11.2,112.47482037651828
3,34.893109783338645,-2.5687647743935256,10.016570758041205,11.2,112.97329337342312
3,35.141439326931156,-2.5717299132814517,9.648655759215611,11.2,113.47531393523641
3,36.1347575013012,-2.583590468833156,9.207597680205737,11.2,113.99152475668357
3,36.2589265214976,-2.584628277800334,8.862667325306855,11.2,114.50950942127639
3,36.38309931807867,-2.585073058144532,9.168170494172902,11.2,115.02926798296323
3,36.25892581342018,-2.584924797747992,9.557682074342612,11.2,115.54725263744066
3,36.38309931807867,-2.5847765373514524,9.885931771658317,11.2,116.0670111991275
3,36.63144585534364,-2.584183496047096,10.004982132076032,11.2,116.59031756848955
3,36.63144585534364,-2.584183496047096,9.880410110685832,11.2,117.1136239378516
3,37.12813892987358,-2.5829974134383833,9.694966451055599,11.2,117.64402592256408
3,37.87317995782455,-2.5829974134383833,9.442092478663026,11.2,118.18507135053301
3,38.99072025750094,-2.589669080557154,9.105717603981107,11.2,118.74208163992589
3,39.73570818025071,-2.598564488766843,8.469952055270177,11.2,119.30973461392946
3,40.48067344511724,-2.609238877168629,7.927273505803188,11.2,119.88802994885971
3,40.729002752700495,-2.612204013238525,7.692040301191152,11.2,120.46987284532686
3,40.85317200891463,-2.61324182417835,8.100910798164858,11.2,121.05348958831135
3,40.85317200891463,-2.61324182417835,8.375753130168459,11.2,121.63710633129584
3,40.85317200891463,-2.61324182417835,8.596203618083697,11.2,122.22072307428033
3,40.977343389344895,-2.613983121933918,8.703971108620465,11.2,122.80611369412811
3,41.34986177908811,-2.6153174629665106,8.715280083728475,11.2,123.39682600525795
3,41.598208788405096,-2.6153174629665106,8.635954660947117,11.2,123.9910861308066
3,42.09490186293503,-2.6141313803577977,8.435785368152214,11.2,124.59244187170566
3,42.71576820609847,-2.61487268093146,8.148983395687555,11.2,125.20266713179278
3,42.96410884274286,-2.616651789626853,7.610249453375998,11.2,125.81644011526053
3,42.96410884274286,-2.616651789626853,7.411584622387546,11.2,126.43021309872829
3,42.96410884274286,-2.616651789626853,7.9109567960737674,11.2,127.04398608219604
3,42.83993958652872,-2.615613978687028,8.238668198985366,11.2,127.65598521914646
3,42.715770330314584,-2.6145761677472033,8.39309443809636,11.2,128.26621050957954
3,42.83993958652872,-2.615613978687028,8.38880431157809,11.2,128.87820964652994
3,42.83993958652872,-2.615613978687028,8.254142485722022,11.2,129.49020878348034
3,42.83993958652872,-2.615613978687028,7.999491759076006,11.2,130.10220792043074
3,42.964110966958984,-2.616355276442596,7.887709796187038,11.2,130.71598093424444
3,42.964110966958984,-2.616355276442596,7.876856294882661,11.2,131.32975394805814
3,42.71577033031459,-2.6145761677472033,8.029820871053152,11.2,131.93997923849122
3,42.59160390636978,-2.6132418495410605,8.137224882671072,11.2,132.54843072286792
3,42.59160390636978,-2.6132418495410605,8.129810597804815,11.2,133.15688220724462
3,42.59160390636978,-2.6132418495410605,8.069363749886023,11.2,133.76533369162132
3,42.59160390636978,-2.6132418495410605,7.958791531879613,11.2,134.37378517599802
3,42.59160390636978,-2.6132418495410605,7.80766320996069,11.2,134.98223666037472
3,42.59160390636978,-2.6132418495410605,7.791454894633176,11.2,135.59068814475143
3,42.59160390636978,-2.6132418495410605,7.750298190947181,11.2,136.19913962912813
3,42.343274362777265,-2.6102767106531344,7.707252957839734,11.2,136.80404354859638
3,41.97077509094282,-2.6062737560347062,7.817231479409793,11.2,137.40362604989556
3,41.598267322300416,-2.603160323215232,8.028573437269506,11.2,137.99788701164272
3,41.22575318100964,-2.6009364299485283,8.198153242347837,11.2,138.5868263428
3,40.85323479126642,-2.5996020889159355,8.386181226273907,11.2,139.17044398267524
3,40.108193763315455,-2.5996020889159355,8.643826043673688,11.2,139.74341817929403
3,39.48733804127301,-2.603308570648586,8.918005766606221,11.2,140.30752300845506
3,39.363168785058875,-2.6043463815884107,9.132255545567247,11.2,140.86985399109875
3,38.24570920445736,-2.61902365866722,9.384521676636517,11.2,141.41622126544814
3,37.749105345054424,-2.6285117514188507,9.642317786697127,11.2,141.9554941989489
3,37.12836527145887,-2.6411130228048587,9.87600993497014,11.2,142.48589941711262
3,36.63181286164775,-2.6529727216859107,10.096438240038974,11.2,143.00921102942186
3,36.135260451836636,-2.6648324205669627,10.292507895947704,11.2,143.52542903587667
3,35.76283552431623,-2.6732825403464577,10.452509815208174,11.2,144.03632668622404
3,35.390410596795824,-2.681732660125953,10.572547351111174,11.2,144.54190398046399
3,35.01796655263849,-2.6892934229575576,10.595222434704587,11.2,145.04216064550167
3,35.01796655263849,-2.6892934229575576,10.641961121446537,11.2,145.54241731053935
3,34.89381287363914,-2.6915172105474903,10.584128190930551,11.2,146.04090035159135
3,34.76965423832393,-2.693444518769397,10.610407058445949,11.2,146.53760969785313
3,34.76965423832393,-2.693444518769397,10.65730236076006,11.2,147.0343190441149
3,34.89381712196238,-2.6918137009056435,10.6068350436314,11.2,147.53280214585723
3,35.14215280212132,-2.689441571759676,10.486852733177964,11.2,148.03483290017326
3,35.51467048379115,-2.688107233263371,10.31786440880079,11.2,148.542185335656
3,36.259709387509844,-2.6898863554855827,10.097982431318842,11.2,149.060181184049
3,36.383882184090915,-2.6903311358297803,9.701514714285645,11.2,149.579950929536
3,36.50805568874941,-2.69047939622632,9.541445239903236,11.2,150.10149458223242
3,36.50805568874941,-2.69047939622632,9.734086374373707,11.2,150.62303823492883
3,36.50805568874941,-2.69047939622632,10.035463461304692,11.2,151.14458188762524
3,36.50805568874941,-2.69047939622632,10.202889500565439,11.2,151.66612554032164
3,36.6322291934079,-2.6903311358297803,10.054909935666101,11.2,152.18944310022746
3,36.6322291934079,-2.6903311358297803,9.978919754975339,11.2,152.71276066013328
3,37.25309553657134,-2.691072436403443,9.837025372281191,11.2,153.24494773922717
3,37.873952438722625,-2.694778925181282,9.480184078188886,11.2,153.78600420263749
3,38.24646020736503,-2.6978923580007566,9.00878240290304,11.2,154.33238220559986
3,38.494800844009426,-2.699671466696149,8.5200655092489,11.2,154.88230793194285
3,38.6189736405905,-2.700116247040347,8.777343278296948,11.2,155.43400755537985
3,38.494800135932,-2.699967986643807,8.982397228128416,11.2,155.98393327160744
3,38.24645383469244,-2.7005610273845444,9.165113718243761,11.2,156.5303111835316
3,38.24645383469244,-2.7005610273845444,9.256008827031964,11.2,157.07668909545578
3,38.24645383469244,-2.7005610273845444,9.333770554564515,11.2,157.62306700737994
3,38.3706252151227,-2.6998197296289765,9.338861980129616,11.2,158.1712187961674
3,38.618966087787115,-2.6980406192427404,9.24524656776021,11.2,158.72291831170722
3,38.86730696045153,-2.6962615088565043,9.0498348741644,11.2,159.27816555399937
3,39.23982110174231,-2.6940376155898007,8.741603098275007,11.2,159.83873442688142
3,39.115649721312046,-2.6947789133453686,8.458777623914763,11.2,160.39752942290016
3,39.115649721312046,-2.6947789133453686,8.820429069302548,11.2,160.9563244189189
3,38.99148046509791,-2.6958167242851934,9.04757649429667,11.2,161.5133455684203
3,38.867314041153094,-2.697151042491336,9.136753432545817,11.2,162.06859291186535
3,38.867314041153094,-2.697151042491336,9.094926129249174,11.2,162.6238402553104
3,38.867314041153094,-2.697151042491336,8.964710184839273,11.2,163.17908759875544
3,38.867314041153094,-2.697151042491336,8.928416248176603,11.2,163.7343349422005
3,38.867314041153094,-2.697151042491336,9.070022708228494,11.2,164.28958228564554
3,38.74314761720828,-2.698485360697479,9.07934869598039,11.2,164.84305582303423
3,38.74314761720828,-2.698485360697479,9.05563943451266,11.2,165.39652936042293
3,38.61897836099414,-2.6995231716373036,9.150335371208985,11.2,165.94822905129428
3,38.61897836099414,-2.6995231716373036,9.218421058409884,11.2,166.49992874216562
3,38.61897836099414,-2.6995231716373036,9.182161942566179,11.2,167.05162843303697
3,38.61897836099414,-2.6995231716373036,9.113961588118705,11.2,167.6033281239083
3,38.74314761720828,-2.698485360697479,9.146113375123113,11.2,168.156801661297
3,38.74314761720828,-2.698485360697479,9.18228490623058,11.2,168.7102751986857
3,38.61897836099414,-2.6995231716373036,9.163064828308741,11.2,169.26197488955705
3,38.61897836099414,-2.6995231716373036,9.193865155497065,11.2,169.8136745804284
3,38.61897836099414,-2.6995231716373036,9.186887718382588,11.2,170.36537427129974
3,38.74314761720828,-2.698485360697479,9.105436873292732,11.2,170.91884780868844
3,38.74314761720828,-2.698485360697479,9.095757866655246,11.2,171.47232134607714
3,38.74314761720828,-2.698485360697479,9.097801664963105,11.2,172.02579488346584
3,38.74314761720828,-2.698485360697479,9.08264696632205,11.2,172.57926842085453
3,38.61897836099414,-2.6995231716373036,9.111457513303328,11.2,173.13096811172588
3,38.61897836099414,-2.6995231716373036,9.084969093360257,11.2,173.68266780259722
3,38.61897836099414,-2.6995231716373036,9.079308253865026,11.2,174.23436749346857
3,38.61897836099414,-2.6995231716373036,9.060362725022488,11.2,174.7860671843399
3,38.61897836099414,-2.6995231716373036,9.040504297647962,11.2,175.33776687521126
3,38.61897836099414,-2.6995231716373036,9.027020546027485,11.2,175.8894665660826
3,38.61897836099414,-2.6995231716373036,9.005838028288963,11.2,176.44116625695395
3,38.61897836099414,-2.6995231716373036,8.986624951211837,11.2,176.9928659478253
3,38.61897836099414,-2.6995231716373036,8.96076809016866,11.2,177.54456563869664
3,38.61897836099414,-2.6995231716373036,8.937684057548635,11.2,178.09626532956798
3,38.61897836099414,-2.6995231716373036,8.90882936260535,11.2,178.64796502043933
3,38.61897836099414,-2.6995231716373036,8.883716739304466,11.2,179.19966471131067
3,38.61897836099414,-2.6995231716373036,8.849802762922687,11.2,179.75136440218202
3,38.61897836099414,-2.6995231716373036,8.818317583248476,11.2,180.30306409305337
3,38.61897836099414,-2.6995231716373036,8.7783440789149,11.2,180.8547637839247
3,38.61897836099414,-2.6995231716373036,8.74294585251161,11.2,181.40646347479606
3,38.61897836099414,-2.6995231716373036,8.697746016690925,11.2,181.9581631656674
3,38.61897836099414,-2.6995231716373036,8.652359181479891,11.2,182.50986285653875
3,38.61897836099414,-2.6995231716373036,8.600424265417715,11.2,183.0615625474101
3,38.61897836099414,-2.6995231716373036,8.543930214776312,11.2,183.61326223828144
3,38.61897836099414,-2.6995231716373036,8.484279057087802,11.2,184.16496192915278
3,38.61897836099414,-2.6995231716373036,8.415463327237473,11.2,184.71666162002413
3,38.61897836099414,-2.6995231716373036,8.347007210637706,11.2,185.26836131089547
3,38.61897836099414,-2.6995231716373036,8.284395232331326,11.2,185.82006100176682
3,38.49480698056388,-2.7002644693928715,8.285088738712906,11.2,186.36998681577487
3,38.37063418398281,-2.700709249737069,8.344177710356954,11.2,186.9181387326889
3,38.12228717466582,-2.700709249737069,8.389351839578003,11.2,187.46274283518412
3,37.873942997654495,-2.6995231716373036,8.39589089945943,11.2,188.00379916372205
3,37.74977374144036,-2.698485360697479,8.46591757720874,11.2,188.54308164574263
3,37.5014444338571,-2.6955202246275825,8.493287144664183,11.2,189.0788165662263
3,37.37728579854189,-2.6935929164056756,8.51708617596145,11.2,189.61277779191974
3,37.004824761543844,-2.6869215536358775,8.568299358217367,11.2,190.14141814565608
3,36.75653510431793,-2.681584592765511,8.613752646402412,11.2,190.6665115042892
3,36.632400541919175,-2.67847144991815,8.666482585511448,11.2,191.1898315120309
3,36.26004641369874,-2.6673535898236254,8.70957795077601,11.2,191.70783217508375
3,35.887781486361284,-2.6535685439287824,8.784439821932422,11.2,192.22051476774607
3,35.76371630189958,-2.6483809390091935,8.798241724889214,11.2,192.73142500063034
3,35.51562486480771,-2.6371170196919995,8.813781191408793,11.2,193.2387910701276
3,35.1435503510097,-2.6188882691906867,8.85431676970289,11.2,193.74084178942775
3,34.64748025463759,-2.5939909487861987,9.071641419162367,11.2,194.23580579306542
3,33.90328875850464,-2.5584219958407766,9.413267997189998,11.2,194.7201384896155
3,33.65106108745309,-2.5584219958407766,9.885986994867906,11.2,195.20086793372195
3,31.913913951011615,-2.4920180335393245,10.420440214385138,11.2,195.65678099016498
3,31.169132064008792,-2.47244997674087,10.919714059186843,11.2,196.1020543053651
3,30.30005796293022,-2.456883493199774,11.395766562437819,11.2,196.5349122762641
3,29.30671807447492,-2.447395003669196,11.89101239748341,11.2,196.953579677328
3,28.81002547199579,-2.447395003669196,12.322887181164399,11.2,197.3651514697851
3,28.81002547199579,-2.447395003669196,12.714413318620007,11.2,197.7767232622422
3,29.05836138817005,-2.445022872268785,12.687736649847643,11.2,198.19184271064464
3,29.182527812114863,-2.4436885540626423,12.309193666727376,11.2,198.60873596510342
3,29.92753485259171,-2.4365721666247397,11.977635583188675,11.2,199.0362721772833
3,30.672567383625694,-2.4330139323254434,11.576457960287621,11.2,199.4744517113351
3,31.293433726789125,-2.433755232899106,11.004461716506437,11.2,199.92150076457494
3,32.53510858735825,-2.4456158448123286,10.415154379489731,11.2,200.38628803010863
3,33.28004553030194,-2.4580691322478474,9.784538634286587,11.2,200.86171725197008
3,33.5283578446165,-2.462220228059687,9.246899002378834,11.2,201.34069379260745
3,33.77667959957201,-2.4657783575269487,9.600536070667482,11.2,201.82321778688706
3,33.52835029198876,-2.4628132214570524,10.125955969412564,11.2,202.30219421962974
3,33.52835029198876,-2.4628132214570524,10.59315362540751,11.2,202.78117065237242
3,33.77668620816302,-2.465185352857463,10.606446335136273,11.2,203.26369474106048
3,34.27335804051154,-2.469929615658285,10.49990051294026,11.2,203.7533141416392
3,35.266675270844566,-2.48179015993787,10.25481968850008,11.2,204.25712378836556
3,36.13578571805106,-2.4952813174912185,9.844955127769008,11.2,204.77334929862343
3,37.1289924929249,-2.5142574849597557,9.233599131195342,11.2,205.30376347709378
3,38.122097312547126,-2.5379768827218596,8.522442878773518,11.2,205.84836486727303
3,38.618675211171144,-2.54865077402952,7.7915554390613035,11.2,206.40006022743262
3,38.99116315406962,-2.553543218321323,8.001750314593124,11.2,206.95707684391934
3,38.99116315406962,-2.553543218321323,8.225534274660642,11.2,207.51409346040606
3,39.23950945530918,-2.552950177580586,8.640289802934417,11.2,208.0746578811962
3,39.363680835739444,-2.552208879825018,8.735306332817473,11.2,208.6369961788496
3,39.239511579525306,-2.553246690764843,8.899867662001865,11.2,209.1975606299857
3,39.61201934816771,-2.5501332579453684,8.990737189614567,11.2,209.76344662067382
3,39.86036022083213,-2.5483541475591323,8.935434566045176,11.2,210.33288033811428
3,40.85374259348876,-2.5459819913596013,8.74382635205607,11.2,210.91650523230697
3,41.598775124522746,-2.5495402256588977,8.398680220947393,11.2,211.5107734483716
3,42.343782164999595,-2.5566566130968003,7.973540887395611,11.2,212.1156846221573
3,42.46795118519599,-2.5576944220639786,7.479305969581682,11.2,212.72236963908867
3,42.592123981777064,-2.558139202408176,7.807378974592859,11.2,213.33082855311406
3,42.34377697246008,-2.558139202408176,8.0874287684021,11.2,213.93573965272063
3,42.34377697246008,-2.558139202408176,8.306190407735297,11.2,214.5406507523272
3,42.34377697246008,-2.558139202408176,8.684568362619718,11.2,215.14556185193376
3,42.21961078452762,-2.559473518078083,8.871863292865207,11.2,215.7486991488556
3,42.34376941984283,-2.5575462098561763,8.914712149362023,11.2,216.35361014056764
3,42.592081970150495,-2.553395110099182,8.88579075926118,11.2,216.96206845442694
3,43.08870707076582,-2.5450929105851934,8.79321503331284,11.2,217.57762141258073
3,43.709500247341886,-2.535456369475659,8.478041973031646,11.2,218.20204284468562
3,44.45448817009166,-2.52656096126597,8.103490300814277,11.2,218.83710696140122
3,45.1995185769176,-2.5230027371117747,7.595267481175884,11.2,219.4828143696429
3,45.69621117939673,-2.5241888185932493,6.962785971885942,11.2,220.13561738649145
3,46.068725320687506,-2.526412711859953,6.687629357352738,11.2,220.79374203392985
3,45.94455606447337,-2.525374900920128,7.371577187105199,11.2,221.4500928348509
3,45.696220148299105,-2.5230027695197172,7.886453989998536,11.2,222.1028959798266
3,45.44788423212484,-2.5206306381193064,8.221483589688296,11.2,222.75215146885697
3,45.44788423212484,-2.5206306381193064,8.275915395208793,11.2,223.40140695788733
3,45.57205348833898,-2.5216684490591312,8.146404901324255,11.2,224.05243629343502
3,45.69622486876924,-2.522409746814699,7.90737173165957,11.2,224.705239505846
3,45.69622486876924,-2.522409746814699,7.55356790876372,11.2,225.358042718257
3,45.82039766535031,-2.5228545271588967,7.216574760731836,11.2,226.012619827762
3,45.69622486876924,-2.522409746814699,7.546114469712184,11.2,226.66542304017298
3,45.57205348833898,-2.5216684490591312,7.725034180121463,11.2,227.31645237572067
3,45.44788423212484,-2.5206306381193064,7.757015641056521,11.2,227.96570786475104
3,45.32371780818003,-2.5192963199131637,7.783270378349211,11.2,228.61318954772503
3,45.32371780818003,-2.5192963199131637,7.761964358098203,11.2,229.26067123069902
3,45.19955492454158,-2.51766550204941,7.700341458672063,11.2,229.90637915819246
3,45.19955492454158,-2.51766550204941,7.736653032236993,11.2,230.5520870856859
3,45.07539628922637,-2.515738193827503,7.768750245793637,11.2,231.19602131838914
3,45.07539628922637,-2.515738193827503,7.738876673544213,11.2,231.83995555109237
3,45.07539628922637,-2.515738193827503,7.628850741727741,11.2,232.4838897837956
3,44.95124261022702,-2.5135144062375705,7.502286448879799,11.2,233.12605039251312
3,44.95124261022702,-2.5135144062375705,7.477197544968895,11.2,233.76821100123064
3,44.82708893122767,-2.511290618647638,7.362693904635404,11.2,234.40859798596247
3,44.70293029591246,-2.509363310425731,7.500493633768448,11.2,235.0472112759041
3,44.08211587772024,-2.5012092211069628,7.7483575937788665,11.2,235.67695578844294
3,43.21293273634543,-2.4939445583367137,8.1011312150239,11.2,236.29428339896216
3,42.467893832626736,-2.492165436114502,8.526491265234817,11.2,236.90096759657112
3,41.59868590873048,-2.4952788926058806,9.000506490422167,11.2,237.4952345381244
3,40.232857841473376,-2.509956364974858,9.553674434319458,11.2,238.06998965014546
3,39.36378374039481,-2.5255228485159544,10.082811584884166,11.2,238.63232941786538
3,38.4947922428472,-2.5452397946681096,10.551877378759636,11.2,239.1822550213346
3,37.874119430853426,-2.5608055089049144,11.01392549603115,11.2,239.7233138703468
3,36.88113921846812,-2.5892675959386895,11.404256310060928,11.2,240.25018728775348
3,36.75702093980714,-2.592973556347725,11.743595590290472,11.2,240.77528758689357
3,37.00526622883265,-2.5858580278267715,11.953155609635726,11.2,241.30393424730548
3,37.129393003268,-2.5824484664773633,11.559446528745388,11.2,241.83435414735217
3,37.625945413079116,-2.5705887675963113,11.161563576329472,11.2,242.3718676532533
3,38.370850494234496,-2.5563566419949084,10.755979232407345,11.2,242.9200226603138
3,39.1158362929034,-2.5474612591474664,10.04683811430837,11.2,243.478820321641
3,39.48835043419418,-2.5452373658807628,9.261972618008935,11.2,244.04293961355805
3,39.985039260263605,-2.5428652074267633,8.977296218075763,11.2,244.61415446013325
3,39.86086787983334,-2.543606505182331,9.504758177528743,11.2,245.18359542984516
3,39.488360111190936,-2.5467199380018055,9.911853479424192,11.2,245.74771486000503
3,39.488360111190936,-2.5467199380018055,10.205604468697544,11.2,246.3118342901649
3,39.61252653513575,-2.545385619795663,10.164279364690913,11.2,246.87772752638114
3,39.98502580697019,-2.5413826651772347,9.86491690301695,11.2,247.44894218076644
3,40.73004771690337,-2.5360453390910567,9.510722179749225,11.2,248.03080000529363
3,40.978394018142936,-2.5354522983503194,9.073111020683793,11.2,248.61620563412424
3,41.97176789391085,-2.5401965972225793,8.496143131692728,11.2,249.21580231832297
3,42.09593715012499,-2.541234408162404,8.078231146111074,11.2,249.81717284903905
3,42.09593715012499,-2.541234408162404,8.491504284475997,11.2,250.41854337975514
3,41.72342938148258,-2.5381209753429297,8.87674931670129,11.2,251.01459237091916
3,41.72342938148258,-2.5381209753429297,9.203648945233668,11.2,251.6106413620832
3,41.599260125268444,-2.537083164403105,9.297296413701561,11.2,252.2049165067299
3,41.723431505698706,-2.5378244621586727,9.141197291341115,11.2,252.80096552823986
3,41.84760430227978,-2.5382692425028703,8.89273761065657,11.2,253.39878844684387
3,41.97177780693827,-2.53841750289941,8.56254127101494,11.2,253.99838527265726
3,42.095951311596764,-2.5382692425028703,8.377304977700014,11.2,254.59975600568006
3,42.095951311596764,-2.5382692425028703,8.652220234197232,11.2,255.20112673870287
3,41.97177780693827,-2.53841750289941,8.797304290062634,11.2,255.80072356451626
3,41.97177780693827,-2.53841750289941,8.794771007983673,11.2,256.4003203903297
3,41.97177780693827,-2.53841750289941,8.682461769922947,11.2,256.9999172161431
3,42.095951311596764,-2.5382692425028703,8.473289746621676,11.2,257.6012879491659
3,41.97177780693827,-2.53841750289941,8.65037525625725,11.2,258.20088477497933
3,41.97177780693827,-2.53841750289941,8.736944614309396,11.2,258.80048160079275
3,41.84760430227978,-2.5382692425028703,8.676727944386087,11.2,259.39830451939673
3,41.84760430227978,-2.5382692425028703,8.7217600083007,11.2,259.9961274380007
3,41.723431505698706,-2.5378244621586727,8.775809717426988,11.2,260.5921764595107
3,41.723431505698706,-2.5378244621586727,8.801766246916902,11.2,261.1882254810207
3,41.723431505698706,-2.5378244621586727,8.711622772271827,11.2,261.7842745025307
3,41.723431505698706,-2.5378244621586727,8.744820650613375,11.2,262.3803235240407
3,41.723431505698706,-2.5378244621586727,8.688085717678096,11.2,262.9763725455507
3,41.723431505698706,-2.5378244621586727,8.654739727895763,11.2,263.5724215670607
3,41.723431505698706,-2.5378244621586727,8.630331751914833,11.2,264.1684705885707
3,41.723431505698706,-2.5378244621586727,8.584806900793273,11.2,264.7645196100807
3,41.723431505698706,-2.5378244621586727,8.538705799349048,11.2,265.3605686315907
3,41.723431505698706,-2.5378244621586727,8.506540027106682,11.2,265.9566176531007
3,41.599260125268444,-2.537083164403105,8.452415102296488,11.2,266.5508927977474
3,41.599260125268444,-2.537083164403105,8.438621297157798,11.2,267.1451679423941
3,41.599260125268444,-2.537083164403105,8.401385033483145,11.2,267.7394430870408
3,41.599260125268444,-2.537083164403105,8.333503862620491,11.2,268.3337182316875
3,41.475090869054306,-2.53604535346328,8.29515896019572,11.2,268.9262195298168
3,41.475090869054306,-2.53604535346328,8.207002237187245,11.2,269.51872082794614
3,41.475090869054306,-2.53604535346328,8.12980823385967,11.2,270.11122212607546
3,41.475090869054306,-2.53604535346328,8.04193101060092,11.2,270.7037234242048
3,41.475090869054306,-2.53604535346328,7.949223044150527,11.2,271.2962247223341
3,41.475090869054306,-2.53604535346328,7.847639630390402,11.2,271.8887260204634
3,41.475090869054306,-2.53604535346328,7.745478229793499,11.2,272.48122731859274
3,41.35092444510949,-2.5347110352571374,7.694897258427909,11.2,273.0719548106657
3,40.97842517327505,-2.5307080806387092,7.839983081823979,11.2,273.65736088456964
3,40.48175334092653,-2.5259638178378876,8.138936453740124,11.2,274.2356716465829
3,39.73673143099335,-2.5206264917517096,8.531251021651808,11.2,274.8033392384542
3,38.49499992479553,-2.517661288048023,9.05016542296308,11.2,275.3532678088084
3,37.501626049027614,-2.522405586920283,9.632224097154802,11.2,275.88900532379455
3,37.25329013285335,-2.524777718320694,10.241307900203406,11.2,276.42119518283533
3,35.266723645262076,-2.5532426458476376,10.815811327969218,11.2,276.9250055206248
3,34.3976875422283,-2.5708844257880488,11.346567514500908,11.2,277.41640105694233
3,33.77697932969429,-2.584967958753874,11.804496862001526,11.2,277.89892933308084
3,33.28042644796561,-2.5968276689062444,12.206738336392036,11.2,278.37436399662323
3,33.52871610519152,-2.5914907080358778,12.535439132212506,11.2,278.8533456552688
3,33.65286411991063,-2.588970453758676,12.323870878587455,11.2,279.3341008569818
3,34.025308164067965,-2.5814096909270714,12.02262292849773,11.2,279.82017668789706
3,34.273620478382526,-2.577258595115232,11.608208793750654,11.2,280.30979983758823
3,36.011991717806026,-2.5648049289345036,10.903042665212853,11.2,280.8242568621283
3,36.88119964170228,-2.5679183854258825,10.161126844187972,11.2,281.35113114272406
3,37.75036295722953,-2.577258595115232,9.356397020406245,11.2,281.8904220421131
3,37.99869226481278,-2.580223731185128,8.675079250098428,11.2,282.433260503039
3,38.247032901457175,-2.582002839880521,9.029379272941494,11.2,282.9796466873455
3,37.87451451171396,-2.580668498847928,9.345254213229605,11.2,283.52071118037
3,37.75034100705547,-2.5805202384513883,9.723402420261596,11.2,284.06000176618505
3,37.75034100705547,-2.5805202384513883,9.986763078204376,11.2,284.59929235200013
3,37.75034100705547,-2.5805202384513883,10.148249716128232,11.2,285.1385829378152
3,38.122848775697875,-2.577406805631914,10.125756813906069,11.2,285.6831950631823
3,38.49535654434028,-2.5742933728124395,9.847430440475526,11.2,286.23312872810146
3,39.364554555199696,-2.569104298386729,9.507484459017633,11.2,286.79547950746144
3,40.2337674356285,-2.570142119189857,9.007117934654932,11.2,287.3702476136847
3,40.73044870891729,-2.573700336580642,8.416821427158178,11.2,287.9521111666692
3,40.854617965131425,-2.574738147520467,7.779072138748766,11.2,288.5357485661711
3,41.10296214214275,-2.5759242256202324,8.221528831480168,11.2,289.1229337396303
3,40.97878934556168,-2.575479445276035,8.516382052190373,11.2,289.70834501599546
3,40.730444932526964,-2.574293366049035,8.692100542936972,11.2,290.29020851503157
3,40.730444932526964,-2.574293366049035,8.821727200326547,11.2,290.87207201406767
3,40.854617729108035,-2.5747381463932326,8.907283465080592,11.2,291.45570941019776
3,40.854617729108035,-2.5747381463932326,8.908653048528501,11.2,292.03934680632784
3,40.97879123376653,-2.5748864067897723,8.82273033015252,11.2,292.62475810966737
3,41.10296473842502,-2.5747381463932326,8.648326769140503,11.2,293.2119433202163
3,41.227137535006094,-2.574293366049035,8.431015014422734,11.2,293.8009024278592
3,41.227137535006094,-2.574293366049035,8.601078241697863,11.2,294.3898615355022
3,41.227137535006094,-2.574293366049035,8.875428821015422,11.2,294.9788206431451
3,41.227137535006094,-2.574293366049035,9.02796828369925,11.2,295.5677797507881
3,41.227137535006094,-2.574293366049035,9.063902585740804,11.2,296.156738858431
3,41.227137535006094,-2.574293366049035,9.018955935578278,11.2,296.745697966074
3,41.351308915436356,-2.573552068293467,9.020939774395247,11.2,297.3364309505802
3,41.475478171650494,-2.5725142573536424,8.942876937083364,11.2,297.9289377816038
3,41.59964459559531,-2.5711799391474996,8.977830943386934,11.2,298.5232184186837
3,41.59964459559531,-2.5711799391474996,9.110987476650033,11.2,299.11749905576363
3,41.59964459559531,-2.5711799391474996,9.178479320173539,11.2,299.71177969284355
3,42.096315955913205,-2.5664356808555646,9.157081584976508,11.2,300.31315563507087
3,42.34466013292453,-2.565249602755799,9.108880199293825,11.2,300.9180793512555
3,42.71718064690002,-2.56480482156618,8.762450036540626,11.2,301.5283247890684
3,43.08970116087551,-2.565249602755799,8.48949060242502,11.2,302.14389194850946
3,43.213874665534,-2.565397863152339,8.131986294956526,11.2,302.76123301516
3,43.338048170192494,-2.565249602755799,8.298444800018201,11.2,303.38034798901987
3,43.338048170192494,-2.565249602755799,8.53263841078164,11.2,303.99946296287976
3,43.338048170192494,-2.565249602755799,8.813884474896444,11.2,304.61857793673965
3,43.338048170192494,-2.565249602755799,8.864002610274705,11.2,305.23769291059955
3,43.338048170192494,-2.565249602755799,8.725915884686904,11.2,305.85680788445944
3,43.462220966773565,-2.5648048224116016,8.560563469660021,11.2,306.4776967554134
3,43.462220966773565,-2.5648048224116016,8.45850238188508,11.2,307.0985856263673
3,43.462220966773565,-2.5648048224116016,8.29681295327213,11.2,307.71947449732124
3,43.58639234720383,-2.5640635246560337,8.382015989676448,11.2,308.3421372451384
3,43.462220966773565,-2.5648048224116016,8.416846306515412,11.2,308.96302611609235
3,43.462220966773565,-2.5648048224116016,8.536111692541235,11.2,309.5839149870463
3,43.338048170192494,-2.565249602755799,8.583416314409138,11.2,310.2030299609062
3,43.338048170192494,-2.565249602755799,8.592212338233768,11.2,310.8221449347661
3,43.338048170192494,-2.565249602755799,8.465548727761439,11.2,311.44125990862597
3,43.338048170192494,-2.565249602755799,8.328038312935908,11.2,312.06037488248586
3,43.338048170192494,-2.565249602755799,8.396770650868074,11.2,312.67948985634575
3,43.213874665534,-2.565397863152339,8.438960791625153,11.2,313.29683092299626
3,43.213874665534,-2.565397863152339,8.28929686434893,11.2,313.9141719896468
3,43.213874665534,-2.565397863152339,8.19462386575163,11.2,314.5315130562973
3,43.213874665534,-2.565397863152339,8.080242429722938,11.2,315.1488541229478
3,43.213874665534,-2.565397863152339,8.05992712060324,11.2,315.7661951895983
3,43.08970116087551,-2.565249602755799,8.016846612872202,11.2,316.3817623490394
3,43.08970116087551,-2.565249602755799,7.946176227766834,11.2,316.99732950848045
3,42.96552765621701,-2.5651013423592595,7.880720947213531,11.2,317.61112276071214
3,42.96552765621701,-2.5651013423592595,7.775899372582845,11.2,318.2249160129438
3,42.96552765621701,-2.5651013423592595,7.6659509313895,11.2,318.8387092651755
3,42.96552765621701,-2.5651013423592595,7.567916444424281,11.2,319.4525025174072
3,42.84135415155852,-2.5649530819627198,7.524012312391643,11.2,320.06452186242944
3,42.59300997454719,-2.5637670038629543,7.548261836739925,11.2,320.6729934334944
3,42.34466910188278,-2.561987893476718,7.601654522698135,11.2,321.27791727780703
3,41.7238228208121,-2.556798838777594,7.962508744644282,11.2,321.8739718895329
3,40.85463802731316,-2.5495341621988206,8.22744818551843,11.2,322.4576095756374
3,40.109615409319915,-2.544196831040112,8.722368569378391,11.2,323.0306040814848
3,38.992072985447585,-2.5375251512400014,9.160025788884127,11.2,323.5876336955626
3,38.122863409380095,-2.5344116888306183,9.74828849936624,11.2,324.1322460299823
3,36.756957454420544,-2.536042550092676,10.244906947893263,11.2,324.6573454221883
3,35.88775779140873,-2.541231634381651,10.788055868775011,11.2,325.1700276763513
3,35.14275075093188,-2.5483480218195536,11.251619327566885,11.2,325.6720669727932
3,34.273610565462775,-2.559763746865829,11.65084854247977,11.2,326.1616899808712
3,33.65281738888671,-2.5694002879753635,11.998669382362088,11.2,326.64244451499815
3,33.40451569516825,-2.5741443298424977,12.30033372905846,11.2,327.119651882072
3,33.776959739325584,-2.566583567010893,12.503088864350788,11.2,327.60217987834807
3,34.02526166902705,-2.5618395206350772,12.17222983255005,11.2,328.08825504504847
3,34.6460300640238,-2.550720582685414,11.706060584296196,11.2,328.5831983316774
3,35.51516859745356,-2.5393048793378727,11.121618202945625,11.2,329.0905578830696
3,36.632717394029974,-2.53530187906661,10.396330177706416,11.2,329.61388241727
3,37.25357311607242,-2.5390083607992606,9.61568344575612,11.2,330.1460763189282
3,38.743435674319876,-2.5639147463034657,8.773020899217546,11.2,330.6995539714185
3,38.867577316826676,-2.5667314528966307,8.21411214559592,11.2,331.2548050759446
3,38.867577316826676,-2.5667314528966307,8.553908547377018,11.2,331.8100561804707
3,38.743435674319876,-2.5639147463034657,9.1005472946766,11.2,332.363533832961
3,38.49517433748578,-2.5573920421066965,9.489348423533714,11.2,332.9134648949251
3,38.49517433748578,-2.5573920421066965,9.519984893084674,11.2,333.46339595688914
3,38.371040011038815,-2.5542789051767185,9.40195965114735,11.2,334.01155367133254
3,38.24688656802759,-2.5520551218137046,9.2543812401949,11.2,334.5579377651615
3,38.495215875610846,-2.555020257883601,9.322338957791938,11.2,335.1078694205274
3,38.619385131824984,-2.556058068823426,9.311084830350355,11.2,335.65957492241057
3,38.743556512255246,-2.5567993665789936,9.27372575655548,11.2,336.21305430115706
3,38.743556512255246,-2.5567993665789936,9.29149016355372,11.2,336.76653367990355
3,38.86772930883632,-2.5572441469231912,9.297961651841524,11.2,337.3217869557441
3,38.99190281349481,-2.557392407319731,9.45227317018367,11.2,337.878814138794
3,39.116076318153304,-2.5572441469231912,9.519735357990895,11.2,338.43761522905334
3,39.116076318153304,-2.5572441469231912,9.499108975856364,11.2,338.9964163193127
3,39.240249114734375,-2.5567993665789936,9.469521014065117,11.2,339.556991306666
3,39.48859352776909,-2.555613287351994,9.556441861859684,11.2,340.1211140713484
3,39.861111917512304,-2.554278946319401,9.596560505713363,11.2,340.6905585273129
3,40.357805936146285,-2.554278946319401,9.58720960298873,11.2,341.267098612115
3,41.10283846718027,-2.5578371806186975,9.284350519362608,11.2,341.854282018789
3,41.59950982749817,-2.5625814389106325,8.868955630087152,11.2,342.4485607306104
3,42.220324245690385,-2.5707355282294007,8.382359657704509,11.2,343.05170821983455
3,42.34448712932883,-2.5723663460931543,8.059293819405056,11.2,343.65662946453926
3,42.46865614952523,-2.5734041550603326,8.41013195741279,11.2,344.26332455238963
3,42.34448288089255,-2.5732558949456,8.644893062611194,11.2,344.8682457364024
3,42.22031008431148,-2.5737006752897975,8.771087249424491,11.2,345.4713930233211
3,42.34448146474174,-2.5729593775342297,8.912418122445878,11.2,346.07631418710315
3,42.592822337406155,-2.571180267147993,8.990927136916374,11.2,346.6847830776375
3,42.84116321007057,-2.5694011567617565,8.80185595609277,11.2,347.29679969492423
3,43.213670978712976,-2.566287723942282,8.48540929461204,11.2,347.914137851763
3,43.337840234927114,-2.5652499130024573,8.07004660644163,11.2,348.5332498551191
3,43.71034800356952,-2.562136480182983,7.656770885582505,11.2,349.15768339802725
3,43.71034800356952,-2.562136480182983,8.09971431325684,11.2,349.7821169409354
3,43.58617874735538,-2.5631742911228077,8.38551232434929,11.2,350.40477663732617
3,43.58617874735538,-2.5631742911228077,8.516565815736492,11.2,351.02743633371693
3,43.71034800356952,-2.562136480182983,8.493491555233037,11.2,351.6518698766251
3,43.71034800356952,-2.562136480182983,8.357159453071759,11.2,352.27630341953324
3,43.71034800356952,-2.562136480182983,8.134120165281358,11.2,352.9007369624414
3,43.71034800356952,-2.562136480182983,8.098017258160228,11.2,353.52517050534954
3,43.71034800356952,-2.562136480182983,7.945155595784135,11.2,354.1496040482577
3,43.71034800356952,-2.562136480182983,8.04127289652095,11.2,354.77403759116584
3,43.58617874735538,-2.5631742911228077,8.081339155160306,11.2,355.3966972875566
3,43.58617874735538,-2.5631742911228077,8.091461037060057,11.2,356.0193569839474
3,43.58617874735538,-2.5631742911228077,8.002846249487053,11.2,356.64201668033814
3,43.58617874735538,-2.5631742911228077,7.86934541666356,11.2,357.2646763767289
3,43.58617874735538,-2.5631742911228077,7.6655518346532405,11.2,357.8873360731197
3,43.58617874735538,-2.5631742911228077,7.612505509707385,11.2,358.50999576951045
3,43.58617874735538,-2.5631742911228077,7.547863087268775,11.2,359.1326554659012
3,43.462009491141245,-2.5642121020626325,7.476138819007159,11.2,359.75354131577467
3,43.21367357496698,-2.5665842334630438,7.4279278108721805,11.2,360.3708795097028
3,42.717001742618464,-2.571328496263866,7.640236559797292,11.2,360.9811223917402
3,42.220329910269946,-2.576072759064688,7.864398845039697,11.2,361.5842699618869
3,41.59949779054588,-2.5827443500954015,8.32994266179959,11.2,362.17854850175183
3,41.22699851871144,-2.5867473047138296,8.618109589730828,11.2,362.76750562344773
3,40.10950070320812,-2.5987561685691145,8.992957578148678,11.2,363.34049849063643
3,39.36449366273127,-2.605872556007017,9.34447768503937,11.2,363.902848400104
3,38.495308869232325,-2.6131372325857907,9.7182435224073,11.2,364.4527813839502
3,37.626143901618626,-2.6224774600287897,9.954120812844884,11.2,364.9902977254019
3,37.1294848144336,-2.6284077378046424,10.281080181152491,11.2,365.52071893703663
3,36.50865269470954,-2.635079328835356,10.581960124304128,11.2,366.04227111838964
3,35.88780641363886,-2.64026838353448,10.800430533635232,11.2,366.5549540671559
3,35.763637157424725,-2.641306194474305,10.931088952835108,11.2,367.06586316940485
3,35.39112938878232,-2.644419627293779,10.982355648694744,11.2,367.57145073210177
3,35.266958008352056,-2.645160925049347,11.001989493903109,11.2,368.0752644179354
3,35.266958008352056,-2.645160925049347,10.965735162848565,11.2,368.579078103769
3,35.51530242138677,-2.6439748458223473,10.860096001307317,11.2,369.0864395669317
3,35.763648722626336,-2.64338180508161,10.698581397326922,11.2,369.5973488343978
3,36.38451152540938,-2.645605702575452,10.404891929342005,11.2,370.1171275704751
3,36.632852398073794,-2.647384812961688,10.023568209378741,11.2,370.6404540333047
3,36.632852398073794,-2.647384812961688,9.761129182274605,11.2,371.16378049613434
3,36.757023778504056,-2.648126110717256,9.793231824950672,11.2,371.68888083582726
3,36.88119657508513,-2.6485708910614534,9.983076827937456,11.2,372.2157550726142
3,36.88119657508513,-2.6485708910614534,10.077369286794886,11.2,372.7426293094011
3,37.00537007974362,-2.648719151457993,10.091247954155241,11.2,373.27127745339743
3,37.00537007974362,-2.648719151457993,10.087925800695393,11.2,373.7999255973938
3,37.50206457042975,-2.6487191514579926,9.965778113280493,11.2,374.33566937697134
3,37.75041181577282,-2.648719151457992,9.712611243459898,11.2,374.8749609743395
3,38.24710441825195,-2.649905232939467,9.38831542352478,11.2,375.4213481803145
3,38.99212632818513,-2.6552425590256448,9.120681655998734,11.2,375.97837855643144
3,38.86795707197099,-2.65420474808582,8.820670454467738,11.2,376.53363508603104
3,38.86795707197099,-2.65420474808582,8.985469282228564,11.2,377.08889161563064
3,38.86795707197099,-2.65420474808582,9.321707979699909,11.2,377.64414814523025
3,38.86795707197099,-2.65420474808582,9.526053197100286,11.2,378.19940467482985
3,38.86795707197099,-2.65420474808582,9.621417241746242,11.2,378.75466120442945
3,38.99212845240125,-2.654946045841388,9.649693450714343,11.2,379.31169161089235
3,39.24047286543597,-2.656132125068387,9.63301275581213,11.2,379.8722697946843
3,39.73716169150539,-2.658504283522386,9.503712914703712,11.2,380.4399435331344
3,40.23384296479418,-2.6620625009131715,9.29329611063106,11.2,381.0147127183457
3,40.854656202958296,-2.6702165747328435,8.83944972640285,11.2,381.59835066410227
3,41.35128130357362,-2.6785187742468315,8.328775740791654,11.2,382.18908325415333
3,41.72375720951926,-2.684300698912552,7.945810272648673,11.2,382.785136928575
3,41.72375720951926,-2.684300698912552,8.189325674296041,11.2,383.3811906029967
3,41.599594325880815,-2.6826698810487986,8.471477393191206,11.2,383.97547052193784
3,41.599594325880815,-2.6826698810487986,8.65134085491191,11.2,384.569750440879
3,41.599594325880815,-2.6826698810487986,8.637600012137902,11.2,385.1640303598201
3,41.72376570631108,-2.6834111788043664,8.584615609669068,11.2,385.76008415562455
3,41.72376570631108,-2.6834111788043664,8.430642517245557,11.2,386.356137951429
3,41.72376570631108,-2.6834111788043664,8.244471782313823,11.2,386.9521917472334
3,41.84793850289215,-2.683855959148564,8.26865598959671,11.2,387.5500194401319
3,41.72376570631108,-2.6834111788043664,8.465340829711405,11.2,388.14607323593634
3,41.72376570631108,-2.6834111788043664,8.559412270249203,11.2,388.7421270317408
3,41.72376570631108,-2.6834111788043664,8.5200170776014,11.2,389.3381808275452
3,41.72376570631108,-2.6834111788043664,8.436494466732574,11.2,389.93423462334965
3,41.72376570631108,-2.6834111788043664,8.44331420511658,11.2,390.5302884191541
3,41.72376570631108,-2.6834111788043664,8.33673869798581,11.2,391.1263422149585
3,41.72376570631108,-2.6834111788043664,8.386397650869485,11.2,391.72239601076296
3,41.72376570631108,-2.6834111788043664,8.4000320448547,11.2,392.3184498065674
3,41.72376570631108,-2.6834111788043664,8.37122966431743,11.2,392.91450360237184
3,41.72376570631108,-2.6834111788043664,8.290483636763893,11.2,393.5105573981763
3,41.72376570631108,-2.6834111788043664,8.167056688924601,11.2,394.1066111939807
3,41.72376570631108,-2.6834111788043664,8.151160374747857,11.2,394.70266498978515
3,41.599594325880815,-2.6826698810487986,8.148601490194705,11.2,395.2969449087263
3,41.599594325880815,-2.6826698810487986,8.096823263563158,11.2,395.89122482766743
3,41.599594325880815,-2.6826698810487986,7.983062520448195,11.2,396.48550474660857
3,41.599594325880815,-2.6826698810487986,7.860848708527282,11.2,397.0797846655497
3,41.47542506966668,-2.6816320701089738,7.83875935083603,11.2,397.6722907379735
3,41.47542506966668,-2.6816320701089738,7.727991892676948,11.2,398.26479681039734
3,41.47542506966668,-2.6816320701089738,7.560497479038767,11.2,398.85730288282116
3,41.35125864572186,-2.680297751902831,7.492867959281095,11.2,399.4480351491886
3,41.227095762083415,-2.6786669340390774,7.509938600166021,11.2,400.03699366007555
3,40.73047113345429,-2.6703647424153982,7.538156291777121,11.2,400.6188575334106
3,40.10970273845754,-2.6592458044657348,7.779811901899023,11.2,401.19185328681715
3,39.48890956188148,-2.6496092633562003,8.089469831982651,11.2,401.7559805662726
3,38.86809514368926,-2.641455174037432,8.576537924087972,11.2,402.31123906832534
3,37.253897881136034,-2.6279636574641123,9.126309413487123,11.2,402.8434376094844
3,36.01216637493821,-2.624998453760426,9.700830981541277,11.2,403.3578971291264
3,35.01878116997995,-2.627370616723375,10.315857732045709,11.2,403.8581654315547
3,33.90125998821233,-2.636710897427981,10.917139631178559,11.2,404.34246914567206
3,32.53551759571798,-2.657911247571823,11.474989362548923,11.2,404.8072622541823
3,31.79064862404024,-2.67392213018294,11.96476016689418,11.2,405.2614143773829
3,31.16997581204647,-2.689487844419716,12.400839791372297,11.2,405.7066997461264
3,30.917748140994917,-2.689487844419716,12.802727177454397,11.2,406.14838186242633
3,30.793621366559574,-2.6928974057691244,13.189602989635349,11.2,406.58829073909146
3,31.045849037611127,-2.6928974057691244,13.013844640847838,11.2,407.0318028682002
3,31.542371711279326,-2.6798519973755974,12.624114511503914,11.2,407.4824081783613
3,32.28724068295706,-2.6638411147644803,12.001070095355022,11.2,407.9436544738321
3,33.528844737701604,-2.6460505350601404,11.305168492928827,11.2,408.422637970085
3,34.7705620824115,-2.6401201614698153,10.538475515248253,11.2,408.91936028554807
3,35.88809813370329,-2.646791803225906,9.66140723355401,11.2,409.43204740174383
3,37.2537808150969,-2.6712533272270176,8.734896192338274,11.2,409.9642442705309
3,37.87445362709067,-2.6868190414638224,8.137169715076547,11.2,410.50530789377507
3,37.99858818948943,-2.6899321843111834,8.193638651576373,11.2,411.04814486791065
3,37.87445362709067,-2.6868190414638224,8.69342471816401,11.2,411.5892084911548
3,37.750319064691915,-2.6837058986164615,9.084244967151077,11.2,412.12849876350754
3,37.502029407466004,-2.678368937746095,9.327839111652251,11.2,412.6642420407571
3,37.37787100814834,-2.676441633187564,9.443709101818605,11.2,413.19821162658775
3,37.129535327989394,-2.6740695040415963,9.474954499883054,11.2,413.72863355984475
3,37.129535327989394,-2.6740695040415963,9.532172958204459,11.2,414.25905549310176
3,37.00536253140832,-2.674514284385794,9.520979716350453,11.2,414.7877035292647
3,37.12953155160472,-2.6734764754186155,9.670722088469251,11.2,415.31812540857334
3,37.12953155160472,-2.6734764754186155,9.741213862067351,11.2,415.84854728788196
3,37.253697975549535,-2.672142157212473,9.748702086045734,11.2,416.3807429732469
3,37.75037924883832,-2.6685839398216875,9.69197265431631,11.2,416.9200341053732
3,38.371245592001756,-2.667842639248025,9.587814610317697,11.2,417.4681947566875
3,38.61959212926673,-2.6684356805523812,9.192412364323994,11.2,418.01990321567706
3,39.48879014012614,-2.673624754978092,8.783895608704901,11.2,418.58402878910744
3,39.86129790876855,-2.6767381877975662,8.399347134890997,11.2,419.15347590208984
3,39.98546928919881,-2.677479485553134,8.71677257777752,11.2,419.72469689193554
3,39.98546928919881,-2.677479485553134,9.032705558793332,11.2,420.29591788178124
3,40.10964208577988,-2.6779242658973317,9.22658564020612,11.2,420.868912768721
3,40.233815590438375,-2.6780725262938714,9.18208057606584,11.2,421.4436815628701
3,40.60633610441386,-2.6776277451042523,8.902222584289584,11.2,422.0237720786474
3,40.97885661838935,-2.677182963914633,8.644108037468511,11.2,422.60918431605296
3,41.227202919628915,-2.676589923173896,8.364917622419375,11.2,423.1981443577619
3,41.227202919628915,-2.676589923173896,8.125837969057791,11.2,423.7871043994709
3,41.35137430005918,-2.675848625418328,8.371701417513549,11.2,424.37783831804313
3,41.35137430005918,-2.675848625418328,8.622201335199613,11.2,424.9685722366154
3,41.35137430005918,-2.675848625418328,8.76054844784888,11.2,425.55930615518764
3,41.475543556273315,-2.674810814478503,8.769918365701319,11.2,426.1518139202773
3,41.475543556273315,-2.674810814478503,8.670842991892261,11.2,426.7443216853669
3,41.59970998021813,-2.6734764962723605,8.467443067504373,11.2,427.3386032565129
3,41.59970998021813,-2.6734764962723605,8.381355296648398,11.2,427.9328848276589
3,41.59970998021813,-2.6734764962723605,8.366068705093697,11.2,428.52716639880487
3,41.475543556273315,-2.674810814478503,8.544720935626575,11.2,429.1196741638945
3,41.475543556273315,-2.674810814478503,8.611049407749377,11.2,429.71218192898414
3,41.475543556273315,-2.674810814478503,8.6474668127419,11.2,430.3046896940738
3,41.475543556273315,-2.674810814478503,8.59635661849289,11.2,430.8971974591634
3,41.475543556273315,-2.674810814478503,8.48888197218976,11.2,431.48970522425304
3,41.475543556273315,-2.674810814478503,8.496463608505703,11.2,432.0822129893427
3,41.475543556273315,-2.674810814478503,8.519302999836194,11.2,432.6747207544323
3,41.475543556273315,-2.674810814478503,8.540744176083775,11.2,433.26722851952195
3,41.35137430005918,-2.675848625418328,8.500151893361965,11.2,433.8579624380942
3,41.35137430005918,-2.675848625418328,8.430986354075449,11.2,434.44869635666646
3,41.227202919628915,-2.676589923173896,8.436419209131598,11.2,435.0376563983754
3,41.227202919628915,-2.676589923173896,8.4449505354311,11.2,435.6266164400844
3,41.227202919628915,-2.676589923173896,8.375216595034159,11.2,436.21557648179333
3,41.103030123047844,-2.6770347035180935,8.275475723085643,11.2,436.8027626264083
3,41.103030123047844,-2.6770347035180935,8.240184111514852,11.2,437.3899487710233
3,40.97885661838935,-2.677182963914633,8.202939981645875,11.2,437.9753610084288
3,40.97885661838935,-2.677182963914633,8.129087535601313,11.2,438.56077324583435
3,40.97885661838935,-2.677182963914633,7.9901800888630055,11.2,439.1461854832399
3,40.97885661838935,-2.677182963914633,7.902479342613536,11.2,439.7315977206454
3,40.85468311373086,-2.6770347035180935,7.820489891255734,11.2,440.3152360508416
3,40.730509609072364,-2.6768864431215538,7.92192473252338,11.2,440.89710047382835
3,40.10964208577989,-2.6776277451042523,8.044489116658022,11.2,441.4700953607681
3,39.61294901124995,-2.6788138277129656,8.146017536019686,11.2,442.03599463235736
3,39.24043062150674,-2.6801481687455584,8.401560013948142,11.2,442.5965722126646
3,38.61956663860139,-2.6823720704665464,8.569523183474185,11.2,443.1482803075018
3,37.99870265569604,-2.6845959721875343,8.813710656594969,11.2,443.6911189168689
3,37.2536694165919,-2.6881542098685345,9.146513954252331,11.2,444.2233141942488
3,36.756980590522474,-2.6905263683225344,9.523132789257405,11.2,444.74841391697055
3,36.26029176445305,-2.6928985267765344,9.754476483555187,11.2,445.26641808503416
3,35.26692921787548,-2.700014961558105,10.09716943804299,11.2,445.77023135957523
3,34.5219214693527,-2.7071313557593384,10.408955821549581,11.2,446.2634016662803
3,33.776933546602926,-2.7160267639690274,10.640753717761264,11.2,446.7459292883746
3,33.28029003669191,-2.723143022903552,10.877741239944442,11.2,447.2213620031845
3,32.90781413074627,-2.7289249475692725,11.074974948243106,11.2,447.69147363362373
3,32.659492611792615,-2.732483073654933,11.18873380644808,11.2,448.1580378137922
3,32.5353261878478,-2.7338173918610758,11.215581790999673,11.2,448.6228281879043
3,32.5353261878478,-2.7338173918610758,11.19408397940346,11.2,449.0876185620164
3,32.65949544406194,-2.732779580921251,11.15331454713528,11.2,449.55418278264585
3,32.907839621073265,-2.7315935028214855,11.033319715483131,11.2,450.0242947772326
3,33.404533639707246,-2.7315935028214855,10.748800303581543,11.2,450.501502400657
3,33.65288017697222,-2.7321865441258417,10.415810199224078,11.2,450.9822578317566
3,33.528706672313724,-2.732038283729302,10.1137481958893,11.2,451.4612393556468
3,33.65288017697222,-2.7318900233327623,10.33968412784169,11.2,451.9419947867464
3,33.528706672313724,-2.732038283729302,10.582647684771695,11.2,452.4209763106366
3,33.40453316765523,-2.7321865441258417,10.795398043378242,11.2,452.8981839273174
3,33.6528797049202,-2.731593502821485,10.725274205005148,11.2,453.3789393516734
3,33.777052501501274,-2.7311487224772875,10.679466500050527,11.2,453.86146867312345
3,34.02539691453599,-2.7299626432502873,10.596078244120033,11.2,454.34754577190256
3,34.64626089744134,-2.7277387415292993,10.467965623192455,11.2,454.8424923561517
3,35.39129767693382,-2.7295178586789475,10.294839386740682,11.2,455.348082322965
3,36.13630471741067,-2.73663424611685,9.80915591934288,11.2,455.86431524749946
3,36.38463426100318,-2.7395993850047757,9.257523046593722,11.2,456.38409573694236
3,37.75031694239679,-2.764060909005887,8.727236545551865,11.2,456.92338597897657
3,37.998606599622704,-2.769397869876254,8.57661390128591,11.2,457.46622321611403
3,37.998606599622704,-2.769397869876254,9.090302691394028,11.2,458.0090604532515
3,37.998606599622704,-2.769397869876254,9.476853814768933,11.2,458.55189769038896
3,37.998606599622704,-2.769397869876254,9.771728077564687,11.2,459.0947349275264
3,38.2469472362671,-2.7711769785716465,9.792422581565747,11.2,459.6411198880445
3,38.49529353750666,-2.7717700193123838,9.644741294555084,11.2,460.191052652866
3,39.116161060799136,-2.7710287173296853,9.420762638431848,11.2,460.74985495373454
3,39.861202088750105,-2.7710287173296853,9.12819259991894,11.2,461.31930069785955
3,40.60623461978409,-2.7745869516289816,8.671107733153388,11.2,461.89938976385645
3,41.35124166026094,-2.781703339066884,8.022173795826127,11.2,462.4901217875745
3,42.34452773607556,-2.7959358434095263,7.628642766005256,11.2,463.09504361237555
3,42.592849255029215,-2.799493969495187,7.226582757115546,11.2,463.7035128874474
3,42.592849255029215,-2.799493969495187,7.634895199801504,11.2,464.31198216251926
3,42.592849255029215,-2.799493969495187,8.04763320144095,11.2,464.9204514375911
3,42.4686828310844,-2.798159651289044,8.355068329092832,11.2,465.5271469066066
3,42.59285208729854,-2.799197462228869,8.334281148759649,11.2,466.13561622213945
3,42.7170234677288,-2.7999387599844368,8.322594817769136,11.2,466.7458594145356
3,42.7170234677288,-2.7999387599844368,8.21082370466899,11.2,467.3561026069317
3,42.84119626430987,-2.8003835403286343,8.006394888470453,11.2,467.96811969642187
3,42.965369768968365,-2.800531800725174,8.084828965265626,11.2,468.5819106931214
3,42.965369768968365,-2.800531800725174,8.144295951549411,11.2,469.19570168982096
3,43.08954327362686,-2.8003835403286343,8.302252339995597,11.2,469.8112665937299
3,43.08954327362686,-2.8003835403286343,8.339071957114504,11.2,470.42683149763883
3,43.08954327362686,-2.8003835403286343,8.283616340814515,11.2,471.04239640154776
3,43.08954327362686,-2.8003835403286343,8.232145063228884,11.2,471.6579613054567
3,43.08954327362686,-2.8003835403286343,8.177632006964343,11.2,472.2735262093656
3,43.08954327362686,-2.8003835403286343,8.32845766643153,11.2,472.88909111327456
3,43.08954327362686,-2.8003835403286343,8.368265873862093,11.2,473.5046560171835
3,43.08954327362686,-2.8003835403286343,8.361026998207178,11.2,474.1202209210924
3,43.08954327362686,-2.8003835403286343,8.30346405147635,11.2,474.73578582500136
3,42.965369768968365,-2.800531800725174,8.200809800932374,11.2,475.3495768217009
3,42.965369768968365,-2.800531800725174,8.243221345892383,11.2,475.96336781840046
3,42.965369768968365,-2.800531800725174,8.218479549809631,11.2,476.5771588151
3,42.965369768968365,-2.800531800725174,8.163171641849418,11.2,477.19094981179956
3,42.965369768968365,-2.800531800725174,8.033627954739806,11.2,477.8047408084991
3,42.965369768968365,-2.800531800725174,8.020980155844764,11.2,478.41853180519865
3,42.965369768968365,-2.800531800725174,7.941929970595143,11.2,479.0323228018982
3,42.965369768968365,-2.800531800725174,7.83173617427374,11.2,479.64611379859775
3,42.965369768968365,-2.800531800725174,7.693377987541343,11.2,480.2599047952973
3,42.965369768968365,-2.800531800725174,7.596902208823618,11.2,480.87369579199685
3,42.965369768968365,-2.800531800725174,7.449640717707605,11.2,481.4874867886964
3,42.965369768968365,-2.800531800725174,7.3080847877430894,11.2,482.10127778539595
3,42.965369768968365,-2.800531800725174,7.17733266775038,11.2,482.7150687820955
3,42.84119626430987,-2.8003835403286343,7.093691711828753,11.2,483.32708587158567
3,42.7170234677288,-2.7999387599844368,7.062117973530591,11.2,483.9373290639818
3,42.344516407139594,-2.7968253330829014,6.996278424317187,11.2,484.54225072694095
3,42.09619488818594,-2.793267206997241,7.0484113565909725,11.2,485.1436249396293
3,41.59959150074902,-2.7837791232629723,7.129942411457167,11.2,485.73790481821146
3,40.85472182115657,-2.7677682254353173,7.5059064413341,11.2,486.32154370137084
3,39.61327235516916,-2.741083395722559,7.977256146298686,11.2,486.887447592159
3,38.37176388657686,-2.7173631863868875,8.583261189401801,11.2,487.4356156476815
3,36.88183477285492,-2.6960144298729243,9.38507092872972,11.2,487.96249900157943
3,35.5159755506945,-2.684598531233961,10.133117394406886,11.2,488.46987008087507
3,33.6533765212042,-2.682374629512973,10.962347512781646,11.2,488.95063260260656
3,32.16333694969337,-2.693049251250172,11.726663143249267,11.2,489.410108844745
3,30.42508631701777,-2.7179561338497957,12.450348548605913,11.2,489.84475293498815
3,29.556051865825495,-2.7355978802571608,13.12755334732316,11.2,490.2669822473571
3,29.18364817862923,-2.7449373087992437,13.797472519451649,11.2,490.6838915070518
3,29.18364817862923,-2.7449373087992437,13.743175417193573,11.2,491.1008007667465
3,29.680200588440343,-2.7330776099181917,13.28629968258044,11.2,491.52480363229563
3,29.804348603159454,-2.73055735564099,12.722340340337427,11.2,491.9505800409122
3,31.170090995653805,-2.7093570054971483,12.02524978169827,11.2,492.39586705513585
3,32.411802439799246,-2.7034266600875934,11.30064375935521,11.2,492.85889280427585
3,33.28100045065866,-2.708615734513304,10.481223177760258,11.2,493.3343356678567
3,33.90181368882278,-2.716769808332976,9.616149828846387,11.2,493.81864729198276
3,34.15013520777643,-2.7203279344186364,9.256733270238527,11.2,494.30650636637955
3,34.15013520777643,-2.7203279344186364,9.659260831927636,11.2,494.79436544077635
3,33.77762814718722,-2.717214507517101,9.954452322592036,11.2,495.27690298573617
3,33.52928373415251,-2.7160284282901017,10.123270817958275,11.2,495.75589275336694
3,33.28093743291294,-2.7160284282901017,10.314773838002202,11.2,496.2313347166943
3,33.28093743291294,-2.7160284282901017,10.436336192606067,11.2,496.7067766800216
3,33.28093743291294,-2.7160284282901017,10.481751551716469,11.2,497.18221864334896
3,33.52928184594766,-2.714842349063102,10.569009219786775,11.2,497.66120838400536
3,33.90180023569087,-2.713508008030509,10.584081022307526,11.2,498.1455198159438
3,34.39849425432485,-2.713508008030509,10.482225768846646,11.2,498.6369268767199
3,35.0193582372302,-2.715731909751497,10.16312300046256,11.2,499.137203422966
3,35.39187237852098,-2.7179558030182007,9.752457075306626,11.2,499.64280159980206
3,36.38518677674619,-2.729816313481457,9.262687656296427,11.2,500.162589982327
3,36.63350829569984,-2.7333744395671173,8.860649796266701,11.2,500.68592581512274
3,36.881843975858786,-2.735746568713085,9.19207138089825,11.2,501.21280930049215
3,36.881843975858786,-2.735746568713085,9.45573402576477,11.2,501.73969278586156
3,37.00601535628905,-2.7364878664686527,9.613206177195048,11.2,502.26835014809427
3,37.13018815287012,-2.7369326468128503,9.632366874072018,11.2,502.79878140742096
3,37.37853469013509,-2.7375256881172065,9.504794075081275,11.2,503.3327604744229
3,37.62688169945208,-2.7375256881172065,9.292856810846922,11.2,503.87028735584363
3,38.123574773982014,-2.736339605508493,9.018090848427127,11.2,504.4149098526148
3,38.86861580193298,-2.736339605508493,8.78619442139928,11.2,504.9701757926424
3,38.86861580193298,-2.736339605508493,8.490438763201732,11.2,505.52544173267
3,38.99278859851405,-2.7358948251642956,8.55283112085095,11.2,506.08248156979164
3,38.99278859851405,-2.7358948251642956,8.797399429665603,11.2,506.6395214069133
3,38.99278859851405,-2.7358948251642956,8.92326923328643,11.2,507.1965612440349
3,38.99278859851405,-2.7358948251642956,8.942361271585506,11.2,507.75360108115655
3,39.24111790609731,-2.7329296890943993,9.047763517083764,11.2,508.3141884798151
3,39.737799179386094,-2.729371471703614,9.037599276646459,11.2,508.8818713252349
3,39.98614548062566,-2.7287784309628766,8.748203448387027,11.2,509.45310197495814
3,40.48283808310479,-2.7299645124443512,8.37409567149556,11.2,510.03142823328824
3,40.73118438434435,-2.7305575531850885,8.016908917375611,11.2,510.61330229592176
3,40.73118438434435,-2.7305575531850885,8.099395376587973,11.2,511.1951763585553
3,40.60701087968586,-2.7307058135816282,8.439408322920226,11.2,511.77527651397935
3,40.35866434242089,-2.731298854885985,8.724947889621566,11.2,512.3518288617282
3,40.35866434242089,-2.731298854885985,8.855088914373985,11.2,512.928381209477
3,40.48283713900196,-2.7308540745417873,8.84380487194902,11.2,513.5067074543199
3,40.48283713900196,-2.7308540745417873,8.705966736867996,11.2,514.0850336991628
3,40.60700851943222,-2.7301127767862194,8.554065068640668,11.2,514.665133820869
3,40.73117777564636,-2.7290749658463946,8.317172380387595,11.2,515.2470077890924
3,40.73117777564636,-2.7290749658463946,8.063415355093213,11.2,515.8288817573159
3,40.73117777564636,-2.7290749658463946,8.085114746435723,11.2,516.4107557255394
3,40.73117777564636,-2.7290749658463946,8.179953523772449,11.2,516.9926296937629
3,40.60700851943222,-2.7301127767862194,8.096747129294265,11.2,517.5727298154691
3,40.60700851943222,-2.7301127767862194,8.04238655210051,11.2,518.1528299371753
3,40.60700851943222,-2.7301127767862194,7.872442758230208,11.2,518.7329300588815
3,40.60700851943222,-2.7301127767862194,7.708938390235696,11.2,519.3130301805877
3,40.60700851943222,-2.7301127767862194,7.663445838718638,11.2,519.8931303022939
3,40.358667646767806,-2.731891887172456,7.617250979813808,11.2,520.4696826972478
3,40.11032677410339,-2.7336709975586926,7.582070889122648,11.2,521.0426873654493
3,39.86198590143898,-2.735450107944929,7.756011834870203,11.2,521.6121443068985
3,39.2411396203683,-2.740639162644053,7.894849719303002,11.2,522.1727320157609
3,38.49613187184552,-2.7477555568452865,8.134346817799635,11.2,522.7226767567872
3,37.75114394909575,-2.7566509650549755,8.360048906283401,11.2,523.2619788132029
3,37.130350772519684,-2.76628750616451,8.736368115798442,11.2,523.7924123956674
3,36.385413121596685,-2.778740805435494,9.090209496344057,11.2,524.3122040116901
3,35.143904653004384,-2.8024610147711653,9.485861513826716,11.2,524.8142597924474
3,34.399034973411936,-2.818471912598822,9.87053005830613,11.2,525.3056745777818
3,34.15074508021445,-2.8238088785413744,10.21332283885535,11.2,525.793542364642
3,32.78518701263964,-2.8547926510662527,10.61856573927974,11.2,526.2619021791082
3,32.04035769004661,-2.872582216294809,10.922692861081599,11.2,526.7196215746803
3,31.419649477512607,-2.886665749260663,11.123836427506788,11.2,527.1684737100734
3,31.047205433355273,-2.894226512092268,11.295178692648907,11.2,527.6120052162642
3,30.79889311904071,-2.8983776079041075,11.429240303384802,11.2,528.051989403679
3,30.674726931108243,-2.8997119235740145,11.488095937946865,11.2,528.4901997884092
3,30.7988983115385,-2.8989706258184467,11.343660497211424,11.2,528.9301840500026
3,30.92306969196876,-2.898229328062879,11.032099153895658,11.2,529.3719421884593
3,30.92306969196876,-2.898229328062879,10.67329764722265,11.2,529.8137003269161
3,30.92306969196876,-2.898229328062879,10.574979641294538,11.2,530.2554584653728
3,30.92306969196876,-2.898229328062879,10.75976175879774,11.2,530.6972166038296
3,30.798900435754625,-2.8992671390027036,10.840891641527728,11.2,531.137200895769
3,30.92306969196876,-2.898229328062879,10.84006439383221,11.2,531.5789590342257
3,31.047241072399018,-2.897488030307311,10.805140045722887,11.2,532.0224910495457
3,31.543933674878147,-2.8963019488258364,10.83238498991344,11.2,532.4731186734725
3,31.916454188853635,-2.8967467300154555,10.53303423897054,11.2,532.9290680190276
3,32.413142542876294,-2.8991188862149864,10.209863719163852,11.2,533.3921129124973
3,33.1581283415452,-2.9080142690624284,9.900203254213233,11.2,533.8658004602337
3,33.65473172898212,-2.917502352796697,9.482438934334313,11.2,534.3465823420763
3,33.77887974370123,-2.9200226070738986,9.087402278695821,11.2,534.8291377669864
3,33.77887974370123,-2.9200226070738986,9.401092658320573,11.2,535.3116931918964
3,33.406418706703185,-2.9133512443041005,9.836787875557901,11.2,535.7889277448494
3,33.282260071387974,-2.9114239360821936,10.175257975017352,11.2,536.2643886030121
3,33.40642295502642,-2.9130547539459473,10.376034768689582,11.2,536.7416232166553
3,33.77891160594175,-2.917947207537208,10.182379300946408,11.2,537.2241790967402
3,34.15140025685708,-2.922839661128469,9.889869412663495,11.2,537.7120562432667
3,35.020509052080754,-2.9363307930381866,9.572563519178598,11.2,538.212349229725
3,35.51711291148369,-2.9458188857898167,9.282578031063732,11.2,538.7197365570319
3,35.64126659048304,-2.9480426733797493,8.883614303968447,11.2,539.2288975083245
3,35.889588109436694,-2.95160079946541,8.905758386458194,11.2,539.7416059098879
3,35.889588109436694,-2.95160079946541,9.221922839208453,11.2,540.2543143114513
3,36.01375453338151,-2.9529351176715526,9.42606890290365,11.2,540.768796519071
3,36.137923789595646,-2.9539729286113774,9.523818392623152,11.2,541.2850525732081
3,36.26209517002591,-2.9547142263669453,9.602200591317956,11.2,541.8030825042084
3,36.38626796660698,-2.955159006711143,9.541341665677983,11.2,542.3228863323028
3,36.51044147126547,-2.9553072671076825,9.364437247653981,11.2,542.8444640676066
3,36.63461497592397,-2.955159006711143,9.19757670786693,11.2,543.3678157101198
3,37.25548249921644,-2.9544177047284443,9.159992910639298,11.2,543.90003688868
3,37.379656003874935,-2.954565965124984,9.088583099706844,11.2,544.4340319744497
3,38.37301571821549,-2.96168237961645,8.749153330273986,11.2,544.9822179132814
3,38.99383013640771,-2.969836468935218,8.365725043539223,11.2,545.5392726295157
3,39.11799632434017,-2.971170784605125,7.960884927255453,11.2,546.0981011484349
3,39.11799632434017,-2.971170784605125,8.290821369977444,11.2,546.6569296673541
3,38.99382494390991,-2.9704294868495573,8.65429362322064,11.2,547.21398430941
3,38.99382494390991,-2.9704294868495573,8.866315327333139,11.2,547.7710389514658
3,39.11799774049098,-2.970874267193755,8.868688808339918,11.2,548.3298674906157
3,39.24217053707205,-2.9713190475379525,8.61017569955245,11.2,548.8904699268596
3,39.49051683831161,-2.97191208827869,8.449462178198436,11.2,549.4546201674069
3,39.61469034297011,-2.97176382788215,8.199657235158465,11.2,550.0205443151636
3,39.61469034297011,-2.97176382788215,8.326933676452764,11.2,550.5864684629204
3,39.61469034297011,-2.97176382788215,8.506169461604438,11.2,551.1523926106771
3,39.49051683831161,-2.97191208827869,8.637390484121529,11.2,551.7165428512244
3,39.49051683831161,-2.97191208827869,8.621900063993104,11.2,552.2806930917717
3,39.49051683831161,-2.97191208827869,8.544980460382314,11.2,552.844843332319
3,39.61469034297011,-2.97176382788215,8.441784247746574,11.2,553.4107674800757
3,39.61469034297011,-2.97176382788215,8.230112459891311,11.2,553.9766916278325
3,39.49051683831161,-2.97191208827869,8.356108975025021,11.2,554.5408418683797
3,39.49051683831161,-2.97191208827869,8.428397849139412,11.2,555.104992108927
3,39.49051683831161,-2.97191208827869,8.37903133293239,11.2,555.6691423494743
3,39.49051683831161,-2.97191208827869,8.29867046599619,11.2,556.2332925900216
3,39.49051683831161,-2.97191208827869,8.16636082325093,11.2,556.7974428305689
3,39.49051683831161,-2.97191208827869,8.106354934131486,11.2,557.3615930711162
3,39.242169592968544,-2.9719120882786902,8.090758985581802,11.2,557.9221954938729
3,39.242169592968544,-2.9719120882786902,8.02333707391955,11.2,558.4827979166296
3,39.242169592968544,-2.9719120882786902,7.89704061538292,11.2,559.0434003393863
3,39.11799608831005,-2.9717638278821505,7.852574323108072,11.2,559.6022288549335
3,38.99382258365156,-2.971615567485611,7.77658344153648,11.2,560.1592834632714
3,38.86964907899306,-2.971467307089071,7.6920278933100334,11.2,560.7145641643999
3,38.74547628241199,-2.9710225267448735,7.666652623311436,11.2,561.2680709684344
3,38.62130490198173,-2.9702812289893057,7.632432896301429,11.2,561.8198038956056
3,38.24880633818434,-2.9662782819795845,7.573940332074518,11.2,562.3662154147224
3,38.124647702869126,-2.9643509737576776,7.622872085899945,11.2,562.9108532390492
3,37.628044315432206,-2.954862890023409,7.584066698236569,11.2,563.4483967292697
3,37.131464529037245,-2.944188958138306,7.81369207122941,11.2,563.9788462225416
3,36.386559447881865,-2.929956832536903,8.120263757060115,11.2,564.4986542146543
3,35.39327337206724,-2.915724328194261,8.60851151500244,11.2,565.0042724056838
3,33.90323380055641,-2.905049706457062,9.303310190686412,11.2,565.4886043171202
3,33.40654072602647,-2.90386362384835,9.937391274500769,11.2,565.9658406132063
3,31.419775980713197,-2.908607936247412,10.651912268627964,11.2,566.414694555788
3,29.929804383375384,-2.926398701942296,11.336069733999944,11.2,566.8422631898362
3,28.936597608501547,-2.9453748694108333,11.931502871112944,11.2,567.2556431556719
3,28.067657323372778,-2.96716682792068,12.452148842238795,11.2,567.656609688863
3,27.571166745321765,-2.981397884962587,12.934164242278325,11.2,568.0504834995105
3,27.447039970886422,-2.9848074463119953,12.929563588438866,11.2,568.4425840705231
3,27.695301543665177,-2.9782847359161253,12.667986077720576,11.2,568.8382312354327
3,27.943563116443933,-2.9717620255202553,12.349040574945027,11.2,569.237424994239
3,29.060888877534545,-2.9490798663670343,11.825858450653998,11.2,569.6525805496323
3,29.80589379387602,-2.941963499219101,11.284128272430124,11.2,570.0783790324019
3,30.426757776785408,-2.942704796974669,10.62309736815864,11.2,570.5130470006417
3,31.047588716447727,-2.949376375324204,9.970878891392486,11.2,570.9565839823052
3,31.29981638749928,-2.949376375324204,9.724039468130695,11.2,571.4037242164123
3,31.175653503860836,-2.9477455574604505,10.17018213982656,11.2,571.849090695039
3,31.051487079916022,-2.946411239254308,10.53139121149589,11.2,572.2926833676092
3,30.927317823701888,-2.945373428314483,10.76722224032543,11.2,572.7345021936621
3,30.927317823701888,-2.945373428314483,10.948659143890904,11.2,573.176321019715
3,31.299836213445097,-2.946707769347076,11.02046404982233,11.2,573.6234615370499
3,31.54818251468466,-2.947300810087813,10.761837618932594,11.2,574.0741498586883
3,31.92070302866015,-2.946856028898194,10.462772931156527,11.2,574.5301599019549
3,32.789915909088954,-2.947893849701322,10.121440292959393,11.2,574.9985872720847
3,33.53493781902213,-2.9532311757875,9.736393947694923,11.2,575.4776578123565
3,34.27990025186886,-2.9639055236101037,9.311614177198827,11.2,575.9673706730974
3,34.900607284576644,-2.9779890298063165,9.083712282402974,11.2,576.4659507771628
3,35.273010971772905,-2.9873284583483994,8.776179504209683,11.2,576.9698509339024
3,35.521300628998816,-2.992665419218766,8.970022844632686,11.2,577.4772980857452
3,35.521300628998816,-2.992665419218766,9.38970495590689,11.2,577.9847452375881
3,35.645463512637264,-2.9942962370825197,9.691218849782864,11.2,578.4939661449115
3,35.893793056229775,-2.9972613759704454,9.878548311326877,11.2,579.0067346171434
3,36.14212873638872,-2.999633505116413,9.775603149494286,11.2,579.523050741949
3,36.76298563854001,-3.003339993894252,9.60801035532755,11.2,580.048236251071
3,37.50800754847319,-3.00867731998043,9.373633582199494,11.2,580.5840649303349
3,38.12883966819725,-3.0153489110111438,8.847439017295827,11.2,581.1287626398805
3,39.122125744011875,-3.029581415353786,8.228645257761768,11.2,581.6876501505093
3,40.11537594524254,-3.046185814381762,7.70227291517902,11.2,582.2607269497271
3,40.23953458055775,-3.048113122603669,7.376588632059376,11.2,582.835577443735
3,40.3636974641962,-3.0497439404674225,7.737040914153026,11.2,583.4122016932236
3,40.3636974641962,-3.0497439404674225,8.1760849206705,11.2,583.9888259427121
3,40.3636974641962,-3.0497439404674225,8.498555239422739,11.2,584.5654501922006
3,40.487863888141014,-3.051078258673565,8.618028095814056,11.2,585.1438482477455
3,40.61203314435515,-3.05211606961339,8.560186562238652,11.2,585.7240201498078
3,40.736204524785414,-3.052857367368958,8.409675216896991,11.2,586.3059659287333
3,40.860377321366485,-3.0533021477131554,8.164536182643369,11.2,586.8896856047528
3,41.10872433068347,-3.0533021477131554,8.10822864268489,11.2,587.4769530951911
3,41.10872433068347,-3.0533021477131554,8.271043436963877,11.2,588.0642205856294
3,41.23289712726454,-3.052857367368958,8.35346010560149,11.2,588.6532619731618
3,41.23289712726454,-3.052857367368958,8.451825369102812,11.2,589.2423033606941
3,41.357068507694805,-3.05211606961339,8.521016435360256,11.2,589.8331186250897
3,41.48123776390894,-3.051078258673565,8.479700200106016,11.2,590.4257077360027
3,41.48123776390894,-3.051078258673565,8.41735429967983,11.2,591.0182968469156
3,41.60540418785376,-3.0497439404674225,8.576576608232582,11.2,591.612659763885
3,41.60540418785376,-3.0497439404674225,8.637998432521636,11.2,592.2070226808543
3,41.60540418785376,-3.0497439404674225,8.609626902910906,11.2,592.8013855978236
3,41.60540418785376,-3.0497439404674225,8.496980719694804,11.2,593.3957485147929
3,41.729567071492205,-3.048113122603669,8.505086315955632,11.2,593.9918851872428
3,41.729567071492205,-3.048113122603669,8.618303576369863,11.2,594.5880218596927
3,41.729567071492205,-3.048113122603669,8.617934488471148,11.2,595.1841585321426
3,41.85372570680742,-3.046185814381762,8.525459747323593,11.2,595.7820688993828
3,41.85372570680742,-3.046185814381762,8.509053880123515,11.2,596.379979266623
3,41.85372570680742,-3.046185814381762,8.577538845436221,11.2,596.9778896338631
3,41.85372570680742,-3.046185814381762,8.595008859679602,11.2,597.5758000011033
3,41.729567071492205,-3.048113122603669,8.579627687325225,11.2,598.1719366735532
3,41.729567071492205,-3.048113122603669,8.62334656536988,11.2,598.7680733460031
3,41.729567071492205,-3.048113122603669,8.601234657825367,11.2,599.364210018453
3,41.729567071492205,-3.048113122603669,8.571402923798406,11.2,599.960346690903
3,41.729567071492205,-3.048113122603669,8.54643590991456,11.2,600.5564833633529
3,41.729567071492205,-3.048113122603669,8.534165287722388,11.2,601.1526200358028
3,41.729567071492205,-3.048113122603669,8.483931964162336,11.2,601.7487567082527
3,41.729567071492205,-3.048113122603669,8.445960519036818,11.2,602.3448933807026
3,41.729567071492205,-3.048113122603669,8.4219141977523,11.2,602.9410300531525
3,41.729567071492205,-3.048113122603669,8.369560553275184,11.2,603.5371667256024
3,41.60540418785376,-3.0497439404674225,8.356921370149058,11.2,604.1315296425718
3,41.60540418785376,-3.0497439404674225,8.310977268852703,11.2,604.7258925595411
3,41.48123776390894,-3.051078258673565,8.28307007470628,11.2,605.318481670454
3,41.48123776390894,-3.051078258673565,8.212848829428125,11.2,605.911070781367
3,41.357068507694805,-3.05211606961339,8.174701962387978,11.2,606.5018860457626
3,41.23289712726454,-3.052857367368958,8.168011399374851,11.2,607.090927433295
3,41.10872433068347,-3.0533021477131554,8.152095608915173,11.2,607.6781949237333
3,41.10872433068347,-3.0533021477131554,8.1511582461273,11.2,608.2654624141716
3,40.860377321366485,-3.0533021477131554,8.059989033618118,11.2,608.8491820901911
3,40.736204524785414,-3.052857367368958,8.041554556819047,11.2,609.4311278691166
3,40.61203314435515,-3.05211606961339,7.9538674688765045,11.2,610.0112997711789
3,40.487863888141014,-3.051078258673565,7.922713312303054,11.2,610.5896978267238
3,40.3636974641962,-3.0497439404674225,7.845376354712311,11.2,611.1663220762123
3,40.11537594524255,-3.046185814381762,7.786841517070285,11.2,611.7393988754301
3,39.9912222662432,-3.0439620267918293,7.750364053292184,11.2,612.3107020506621
3,39.74293260901729,-3.0386250659214626,7.7783359460246,11.2,612.878458230791
3,39.3705529935222,-3.028396401315658,7.781407188988533,11.2,613.440894702127
3,38.8740978141273,-3.0129797891736683,8.059143380775886,11.2,613.9962389566145
3,38.12941504503495,-2.989854870960684,8.320468226001479,11.2,614.5409448858293
3,36.88818977955332,-2.954277262168465,8.812042512041016,11.2,615.0679190255372
3,36.01919993376244,-2.9345603534937674,9.315273857664891,11.2,615.582479024591
3,34.77763836218963,-2.9138048744345695,9.905442925469629,11.2,616.0793024297651
3,34.032650439439855,-2.9049094662248804,10.4898552177854,11.2,616.5654831503285
3,32.294246156846,-2.896606943198426,11.067332729776565,11.2,617.0268295239978
3,31.300860951887742,-2.898979106161375,11.631477912906801,11.2,617.4739846804533
3,30.431677810512927,-2.906243768931624,12.124704031599787,11.2,617.9087229348892
3,29.686713253651956,-2.9169181471886056,12.560698806010036,11.2,618.3328188385128
3,29.438400703344293,-2.9210692469456,12.963394185451959,11.2,618.7533674199892
3,29.56255438234364,-2.9188454593556674,13.034667053140733,11.2,619.1756896254512
3,29.56255438234364,-2.9188454593556674,12.650270567080923,11.2,619.5980118309133
3,29.81085631204511,-2.9141014129798517,12.31387416193204,11.2,620.0238812067996
3,30.92831589264663,-2.899424135901042,11.991363637509842,11.2,620.4657142909803
3,31.549172794797922,-2.895717647123203,11.421693246126301,11.2,620.9164167594773
3,32.66672796403482,-2.897051983083225,10.827299167531711,11.2,621.3830843018206
3,33.535863193391556,-2.90846764303341,10.189747981536373,11.2,621.8621680617263
3,34.40485303918244,-2.9281845517081075,9.514599774081471,11.2,622.353665962286
3,34.6531146119612,-2.934707262103977,9.109201634486421,11.2,622.8487104567425
3,34.6531146119612,-2.934707262103977,9.349045998052798,11.2,623.3437549511991
3,34.6531146119612,-2.934707262103977,9.755639792915645,11.2,623.8387994456557
3,34.28065428292753,-2.928035912014936,10.030655794523382,11.2,624.328523078269
3,34.15648809499507,-2.926701596345029,10.21287036349062,11.2,624.8164729081975
3,34.03231553443846,-2.9262568168462604,10.307697554150005,11.2,625.3026488444037
3,34.28066277978153,-2.92625681684626,10.327955786721473,11.2,625.7923725984006
3,34.65318329375702,-2.926701598035879,10.290570332517415,11.2,626.2874180740257
3,35.274047276662365,-2.928925499756867,10.04201005423281,11.2,626.7913330351208
3,35.894904178813654,-2.9326319885347063,9.707693968733512,11.2,627.3041173805325
3,36.639911219290504,-2.939748375972609,9.325199328680707,11.2,627.8275446836652
3,37.50902001451418,-2.9532395078823264,8.938027275015966,11.2,628.3633878267298
3,37.63317369351353,-2.955463295472259,8.609321226873739,11.2,628.9010045937799
3,37.75733232882874,-2.957390603694166,8.714004677705207,11.2,629.4403950556203
3,37.75733232882874,-2.957390603694166,9.130146233816253,11.2,629.9797855174608
3,37.6331630726146,-2.956352792754341,9.426450742154515,11.2,630.5174021327838
3,37.881503945279015,-2.9581319031405773,9.591817598038787,11.2,631.0585664748592
3,38.00567320149315,-2.959169714080402,9.423059898360341,11.2,631.6015046634519
3,38.50236013937711,-2.961541863516532,9.15119575737384,11.2,632.1515383797288
3,38.8748806533526,-2.961097082326913,8.836434011384801,11.2,632.7068938176338
3,39.123224830363924,-2.9599110042271475,8.8001607506809,11.2,633.2657970294962
3,39.24739408657806,-2.9588731932873227,9.024027561128165,11.2,633.8264740878759
3,39.371560510522876,-2.95753887508118,9.165029401799188,11.2,634.388924952312
3,39.49572693446769,-2.9562045568750372,9.245147155554024,11.2,634.9531496228044
3,39.992408207756476,-2.952646339484252,9.153389450733084,11.2,635.5244697400581
3,40.24075262079119,-2.9514602602572517,8.862623497522568,11.2,636.0993376346408
3,41.482484126989014,-2.9514602602572517,8.487481666562044,11.2,636.6919445507407
3,42.1033410291403,-2.955166749035091,7.960583435612147,11.2,637.293420851157
3,42.227512409570565,-2.955908046790659,7.610398062813077,11.2,637.8966710284366
3,42.351685206151636,-2.9563528271348565,8.02730936443712,11.2,638.5016951028101
3,42.351685206151636,-2.9563528271348565,8.33786440816106,11.2,639.1067191771837
3,42.351685206151636,-2.9563528271348565,8.52406741174464,11.2,639.7117432515572
3,42.47585800273271,-2.955908046790659,8.503847199128051,11.2,640.3185412230248
3,42.60003079931378,-2.9554632664464613,8.251137780435283,11.2,640.9271130915864
3,42.848374976325104,-2.954277188346696,8.066450744732137,11.2,641.5392327341053
3,42.848374976325104,-2.954277188346696,7.802344394361204,11.2,642.1513523766242
3,42.848374976325104,-2.954277188346696,7.986169061553608,11.2,642.7634720191431
3,42.848374976325104,-2.954277188346696,8.233701653578835,11.2,643.375591661662
3,42.848374976325104,-2.954277188346696,8.352031904962931,11.2,643.987711304181
3,42.848374976325104,-2.954277188346696,8.337532618013249,11.2,644.5998309466999
3,42.848374976325104,-2.954277188346696,8.2604434576073,11.2,645.2119505892188
3,42.848374976325104,-2.954277188346696,8.231019260906601,11.2,645.8240702317377
3,42.848374976325104,-2.954277188346696,8.097589456914033,11.2,646.4361898742566
3,42.848374976325104,-2.954277188346696,8.090696539430825,11.2,647.0483095167755
3,42.72420855238029,-2.9556115065528386,8.215861477663013,11.2,647.658655353238
3,42.72420855238029,-2.9556115065528386,8.281209092127325,11.2,648.2690011897006
3,42.72420855238029,-2.9556115065528386,8.247452939548742,11.2,648.8793470261631
3,42.72420855238029,-2.9556115065528386,8.178272708118842,11.2,649.4896928626257
3,42.72420855238029,-2.9556115065528386,8.060596690841777,11.2,650.1000386990883
3,42.60003929616615,-2.9566493174926634,7.966362791369744,11.2,650.7086106890334
3,42.60003929616615,-2.9566493174926634,7.973100507444786,11.2,651.3171826789786
3,42.60003929616615,-2.9566493174926634,7.921695127750442,11.2,651.9257546689238
3,42.60003929616615,-2.9566493174926634,7.817469853749735,11.2,652.534326658869
3,42.60003929616615,-2.9566493174926634,7.726064518103299,11.2,653.1428986488141
3,42.60003929616615,-2.9566493174926634,7.63786070257204,11.2,653.7514706387593
3,42.60003929616615,-2.9566493174926634,7.538143277439856,11.2,654.3600426287045
3,42.60003929616615,-2.9566493174926634,7.4080277641380174,11.2,654.9686146186497
3,42.35169842350174,-2.9584284278789,7.381128830957136,11.2,655.5736388818425
3,42.10335424649041,-2.9596145059786654,7.32699562530832,11.2,656.175115371078
3,41.855007237173425,-2.9596145059786654,7.325425582049763,11.2,656.7730440458948
3,41.6066630601621,-2.9584284278789,7.3912829535527615,11.2,657.3674249467543
3,41.234164496364706,-2.9544254808691788,7.381402273558271,11.2,657.9564844395595
3,40.985852182050145,-2.950274385057339,7.462313743623303,11.2,658.5419966135888
3,40.48930118799013,-2.9384147199902033,7.503019838057947,11.2,659.1204152019886
3,40.24105589896462,-2.9312991914692503,7.8149181207804554,11.2,659.6952874291167
3,38.875754833693826,-2.8905336269698605,8.25058321878618,11.2,660.2506553553122
3,37.510453768423034,-2.8497680624704707,8.7848497258518,11.2,660.7865189805755
3,36.26914708425254,-2.8171545414866244,9.44736754909994,11.2,661.3046496532077
3,35.02769879812298,-2.7904697371347913,10.155005479026476,11.2,661.8050453503237
3,33.28945312148061,-2.7655629255487155,10.820172623070793,11.2,662.2806089663449
3,32.17191282180422,-2.7588912584299448,11.468930825090485,11.2,662.7402077209421
3,30.930177775219274,-2.7588912584299448,12.053187232772288,11.2,663.1820674034452
3,30.557659385476065,-2.7602255994625375,12.57931064451475,11.2,663.6186053946662
3,29.44016794229891,-2.77223439483949,13.061174320976043,11.2,664.0391792224134
3,29.31601426329956,-2.7744581824294228,13.48617372253685,11.2,664.4579794261748
3,29.31601426329956,-2.7744581824294228,13.085902145175721,11.2,664.8767796299362
3,29.688475300297608,-2.7677868196596247,12.609670550238189,11.2,665.3009007056547
3,30.557613833727373,-2.7563711163120836,12.17016894165433,11.2,665.7374380461365
3,31.17846011479805,-2.7511820616129596,11.535929773752967,11.2,666.1828446192051
3,31.923496894290526,-2.7494029444633115,10.882250590713035,11.2,666.6388945748378
3,32.42018524831318,-2.7517751006628424,10.201137176761852,11.2,667.1020400783851
3,32.668526120977596,-2.753554211049078,9.865702547851887,11.2,667.5687333086848
3,32.668526120977596,-2.753554211049078,10.36980463316647,11.2,668.0354265389846
3,32.668526120977596,-2.753554211049078,10.783552276087017,11.2,668.5021197692843
3,32.79269750140786,-2.754295508804646,11.089023235270712,11.2,668.9705868764472
3,32.91686888183812,-2.7550368065602138,11.111830683149138,11.2,669.4408278604735
3,33.2893830231289,-2.7572606998269173,10.877117720338537,11.2,669.9163904750897
3,34.03440493306208,-2.7625980259130953,10.580290853255786,11.2,670.4025962598477
3,34.65523705278614,-2.769269616943809,10.112204131032264,11.2,670.8976710748875
3,35.276029049374486,-2.7789061397364643,9.574812551104312,11.2,671.4016143470215
3,36.145065152408264,-2.7965479196768754,8.984271876404618,11.2,671.9179724206273
3,36.393366846126725,-2.8012919615440097,8.60448855106519,11.2,672.4378776612863
3,36.64168836508038,-2.8048500876296703,8.70386883245867,11.2,672.961330352216
3,36.64168836508038,-2.8048500876296703,9.010278223239867,11.2,673.4847830431457
3,36.76585478902519,-2.806184405835813,9.316356441767848,11.2,674.0100095401318
3,36.76585478902519,-2.806184405835813,9.586488248772476,11.2,674.5352360371179
3,36.89002404523933,-2.8072222167756378,9.612821360474232,11.2,675.0622363806214
3,37.01419542566959,-2.8079635145312056,9.552799234998089,11.2,675.591010600988
3,37.38670956696037,-2.810187407797909,9.461463511539995,11.2,676.1251064519446
3,37.88338092727827,-2.8149316660898442,9.279695344349278,11.2,676.6662976080486
3,38.6283695580558,-2.8238270827536214,8.976302106391362,11.2,677.2181314588779
3,38.752535982000616,-2.825161400959764,8.59593019556132,11.2,677.7717391157636
3,39.00087661864501,-2.8269405096551568,8.567542126917019,11.2,678.32889449603
3,39.12504941522608,-2.8273852899993543,8.83715346918122,11.2,678.8878237733903
3,39.24922291988457,-2.827533550395894,9.005943717481186,11.2,679.4485269579601
3,39.37339642454307,-2.8273852899993543,9.222351926658806,11.2,680.0110040497393
3,39.49756922112414,-2.8269405096551568,9.297101948191616,11.2,680.5752550386126
3,39.87008761086735,-2.825606168622564,9.173715257996175,11.2,681.1448277187678
3,40.24260812484284,-2.825161387432945,8.951407182327273,11.2,681.7197221205513
3,40.73930072732197,-2.8263474689144195,8.611478217396314,11.2,682.3017121309416
3,41.36015762947326,-2.8300539576922588,8.20005047568752,11.2,682.8925715256483
3,41.48432900990352,-2.8307952554478266,7.7684040869983,11.2,683.4852047972184
3,41.73267531114308,-2.831388296188564,8.006268645061375,11.2,684.0813858730919
3,41.60850180648459,-2.8315365565851036,8.2572879801535,11.2,684.6757930417559
3,41.360157629473264,-2.832722634684869,8.38213839951264,11.2,685.2666524364627
3,41.4843268856874,-2.8316848237450443,8.535620103497317,11.2,685.8592856776868
3,41.4843268856874,-2.8316848237450443,8.562853682543865,11.2,686.4519189189109
3,41.4843268856874,-2.8316848237450443,8.47808238414327,11.2,687.044552160135
3,41.608493309632216,-2.8303505055389016,8.382954432585391,11.2,687.6389592074155
3,41.608493309632216,-2.8303505055389016,8.24700253497169,11.2,688.233366254696
3,41.608493309632216,-2.8303505055389016,8.0180150819252,11.2,688.8277733019764
3,41.608493309632216,-2.8303505055389016,8.144647489769621,11.2,689.4221803492569
3,41.4843268856874,-2.8316848237450443,8.246579352075576,11.2,690.014813590481
3,41.4843268856874,-2.8316848237450443,8.27026886098537,11.2,690.6074468317051
3,41.4843268856874,-2.8316848237450443,8.19668551107843,11.2,691.2000800729293
3,41.4843268856874,-2.8316848237450443,8.078403253970036,11.2,691.7927133141534
3,41.360157629473264,-2.832722634684869,7.948557240687145,11.2,692.3835727088601
3,41.235986249043,-2.833463932440437,8.025534190530106,11.2,692.9726582267036
3,41.235986249043,-2.833463932440437,8.037455773106155,11.2,693.5617437445471
3,41.235986249043,-2.833463932440437,7.890009096154698,11.2,694.1508292623906
3,41.235986249043,-2.833463932440437,7.728286456868857,11.2,694.7399147802341
3,41.11181345246193,-2.8339087127846345,7.6363259839248,11.2,695.3272264009836
3,40.98763994780344,-2.834056973181174,7.604740049027078,11.2,695.9127641145236
3,40.98763994780344,-2.834056973181174,7.5010418671377606,11.2,696.4983018280636
3,40.863466443144944,-2.8339087127846345,7.334453365629209,11.2,697.0820656343943
3,40.61512226613362,-2.832722634684869,7.296673324553527,11.2,697.6622816667676
3,40.49095300991948,-2.8316848237450443,7.268857551371225,11.2,698.2407238526237
3,39.99428117757096,-2.8269405609442235,7.358217146740533,11.2,698.812070726589
3,39.000937512873925,-2.8174520353425816,7.600668445313269,11.2,699.3692269767729
3,38.13175271937498,-2.810187358763808,8.08501696090529,11.2,699.9139663013354
3,36.890031834318336,-2.8042569682649807,8.647577424334969,11.2,700.4409667561114
3,35.89664379705038,-2.8042569682649807,9.274568322152884,11.2,700.9537759532121
3,34.9032576479905,-2.806629133482408,9.984504273608222,11.2,701.452393919612
3,32.916538219309395,-2.8208619624653397,10.652886514431753,11.2,701.9226301798878
3,31.923252143494768,-2.835094466807982,11.22642614112215,11.2,702.3786766390806
3,30.68174367490247,-2.8588146761436533,11.746134610575046,11.2,702.8169872630077
3,29.68858410211254,-2.880162539913863,12.202940763800216,11.2,703.2411098930379
3,29.06787588957853,-2.894246072879717,12.61432371305395,11.2,703.656365262889
3,28.81959944871419,-2.9001759279559023,12.938351054473385,11.2,704.0680738264421
3,28.943734011112944,-2.897062785108547,12.741827514847511,11.2,704.4815557408865
3,28.943734011112944,-2.897062785108547,12.439285396879038,11.2,704.895037655331
3,29.812723856903833,-2.877345876433849,12.03623778861406,11.2,705.3209337104296
3,30.309365478801652,-2.870229644552113,11.46053669112367,11.2,705.753924645841
3,31.30273935456957,-2.8654853456798532,10.73768798551175,11.2,706.2011066366206
3,31.7994319570487,-2.866671427161328,9.990409771979365,11.2,706.655384236007
3,31.7994319570487,-2.866671427161328,9.763188396739269,11.2,707.1096618353934
3,31.7994319570487,-2.866671427161328,10.280442380943638,11.2,707.5639394347797
3,31.7994319570487,-2.866671427161328,10.678029632695903,11.2,708.0182170341661
3,31.7994319570487,-2.866671427161328,10.939384345800383,11.2,708.4724946335525
3,31.92360475362977,-2.8671162075055254,10.880575494546557,11.2,708.9285461300329
3,32.42029310765243,-2.8694883637050563,10.629526079252903,11.2,709.3916931744279
3,33.0411393887231,-2.8746774184041803,10.312356692423606,11.2,709.8637094514097
3,33.53779800388962,-2.880607690543973,9.803695042435049,11.2,710.3428208514653
3,34.28273494683331,-2.893060977979492,9.232528658679342,11.2,710.8325742078486
3,34.40688862583266,-2.8952847655694245,9.009536253275602,11.2,711.3241011882176
3,34.53104726114787,-2.8972120737913314,9.298980742227808,11.2,711.8174018633769
3,34.53104726114787,-2.8972120737913314,9.731555316601344,11.2,712.3107025385361
3,34.53104726114787,-2.8972120737913314,10.03629127150203,11.2,712.8040032136954
3,34.77938317732213,-2.8995842051917418,10.237891664164842,11.2,713.3008515448
3,35.027719093496394,-2.901956336592152,10.078629705081562,11.2,713.80124753185
3,35.52439092584491,-2.906700599392973,9.826268345265504,11.2,714.3087388307906
3,36.145223045568976,-2.9133721904236864,9.497365821339566,11.2,714.825099160013
3,37.01433184079265,-2.926863322333404,9.094336506244545,11.2,715.3538753291672
3,37.386775884949984,-2.9344240851650087,8.459973904822176,11.2,715.8879721275237
3,38.00754310000611,-2.9455430019800772,8.140477693804353,11.2,716.4309370289523
3,38.00754310000611,-2.9455430019800772,8.552867683942543,11.2,716.9739019303809
3,37.88337691207365,-2.94420868631017,8.926496569253558,11.2,717.5150930291247
3,37.88337691207365,-2.94420868631017,9.175325026889963,11.2,718.0562841278686
3,37.75920364344097,-2.944356946424903,9.304116315516286,11.2,718.5957013227749
3,37.88337502387123,-2.943615648669335,9.345503015109403,11.2,719.1368923945445
3,38.131715896535646,-2.9418365382830984,9.297839255339051,11.2,719.6816311930664
3,38.752572798686934,-2.938130049505259,9.017421037449726,11.2,720.2352393759048
3,39.24926162475636,-2.9357578910512587,8.732673148328972,11.2,720.7959431134013
3,39.74595422723549,-2.934571809569784,8.384976229622259,11.2,721.3637424595047
3,39.74595422723549,-2.934571809569784,8.416508327131398,11.2,721.931541805608
3,39.87012560766575,-2.9338305118142163,8.815483212190168,11.2,722.5011150285748
3,39.99429486387989,-2.9327927008743915,9.09899383635678,11.2,723.0724620980587
3,40.118464120094025,-2.9317548899345667,9.183429470829,11.2,723.6455830140601
3,40.24263337630816,-2.930717078994742,9.006887236895205,11.2,724.2204777765788
3,40.73930520865668,-2.9259728161939194,8.751785299726695,11.2,724.8024678509883
3,41.360160930699124,-2.922266334461269,8.423093871390996,11.2,725.3933272928554
3,41.9810284539916,-2.9215250324785704,7.9344733543968555,11.2,725.9930562707696
3,42.10520195865009,-2.9213767720820307,7.511280539121486,11.2,726.5945591558931
3,42.10520195865009,-2.9213767720820307,7.790008744142902,11.2,727.1960620410166
3,42.10520195865009,-2.9213767720820307,7.995709446134169,11.2,727.7975649261401
3,42.10520195865009,-2.9213767720820307,8.121579589631233,11.2,728.3990678112636
3,42.10520195865009,-2.9213767720820307,8.100501947736728,11.2,729.0005706963872
3,42.10520195865009,-2.9213767720820307,8.051658258016433,11.2,729.6020735815107
3,42.10520195865009,-2.9213767720820307,7.974975029025492,11.2,730.2035764666342
3,42.10520195865009,-2.9213767720820307,7.8109976168260244,11.2,730.8050793517577
3,42.10520195865009,-2.9213767720820307,7.575943650447198,11.2,731.4065822368813
3,42.10520195865009,-2.9213767720820307,7.482626711198999,11.2,732.0080851220048
3,41.9810284539916,-2.9215250324785704,7.547533278646736,11.2,732.607814099919
3,41.9810284539916,-2.9215250324785704,7.524448579512376,11.2,733.2075430778332
3,41.9810284539916,-2.9215250324785704,7.472882104290504,11.2,733.8072720557474
3,41.360160930699124,-2.922266334461269,7.656064765511763,11.2,734.3981314976145
3,41.11181439343415,-2.9228593757656256,7.838314515214566,11.2,734.9854431318064
3,40.86346785616918,-2.9234524170699823,7.9245279859101005,11.2,735.5692069583231
3,40.24261213412674,-2.9271588988026327,7.836854526109308,11.2,736.1441014173821
3,39.74594030177822,-2.931903161603455,8.172497330032002,11.2,736.7119005645503
3,39.2492684694297,-2.9366474244042777,8.345432881790524,11.2,737.2726043998279
3,38.62845523126558,-2.9448014982239497,8.546540112558695,11.2,737.8244394745602
3,38.13185184382866,-2.9542895819582182,8.62706616312949,11.2,738.3691802151864
3,37.01457706126745,-2.979639941296756,9.003050926083377,11.2,738.8979598874902
3,36.269747738674425,-2.9974295065253127,9.296677304682456,11.2,739.4160991408999
3,35.524963728172125,-3.0169976191156205,9.59709946425284,11.2,739.9235986227309
3,34.5319825720701,-3.045459733199435,9.95197338462767,11.2,740.4169126594747
3,34.03549199401909,-3.0596907902413424,10.292133945818744,11.2,740.903133973675
3,33.29075612694257,-3.081037375804203,10.597336867865245,11.2,741.37871620406
3,32.54602025986605,-3.102383961367064,10.773426223311827,11.2,741.8436593506295
3,32.2937925888145,-3.102383961367064,10.929127323872311,11.2,742.3049992447554
3,31.54905672173798,-3.1237305469299246,10.998749491513488,11.2,742.755700055066
3,31.424929947302633,-3.127140108279333,11.060109918439435,11.2,743.2046276257418
3,31.17665374239708,-3.1330699577198646,11.109201153561306,11.2,743.6500083934902
3,31.052505727677968,-3.1355902119970605,11.113489335824418,11.2,744.0936156181714
3,30.92835204867862,-3.137813999586999,11.033420798592033,11.2,744.5354492188668
3,30.92835204867862,-3.137813999586999,10.971677557790493,11.2,744.9772828195622
3,30.804193413363407,-3.139741307808906,10.93065575000606,11.2,745.4173427254674
3,30.804193413363407,-3.139741307808906,10.87532494037787,11.2,745.8574026313726
3,30.680030529724963,-3.1413721256726594,10.94792508819274,11.2,746.2956887817973
3,31.05253759031417,-3.138258698771124,10.993340879719156,11.2,746.7392964616589
3,31.425057396212228,-3.1378139184269265,10.914763434563522,11.2,747.1882258530334
3,31.673403933477196,-3.1384069597312823,10.616859274168387,11.2,747.640703052083
3,32.170092287499855,-3.140779115930813,10.284206790386184,11.2,748.1002757990473
3,32.66676364781775,-3.145523374222748,9.923683942188381,11.2,748.566943851159
3,32.79093007176257,-3.146857692428891,9.624638875097771,11.2,749.035385709327
3,32.915099327976705,-3.1478955033687157,9.739552174278959,11.2,749.5056014140124
3,32.915099327976705,-3.1478955033687157,9.921941846770382,11.2,749.9758171186978
3,32.915099327976705,-3.1478955033687157,10.172428384340263,11.2,750.4460328233832
3,33.03926858419084,-3.1489333143085405,10.335851153761945,11.2,750.9180223745859
3,33.03926858419084,-3.1489333143085405,10.303870963233315,11.2,751.3900119257886
3,33.287604500365106,-3.151305445708951,10.270566954378449,11.2,751.8655491329366
3,33.66010377219955,-3.155308400327379,10.148047043419155,11.2,752.3464077582538
3,34.03259242311488,-3.16020085391864,9.954101726638807,11.2,752.8325876500126
3,34.9016235706298,-3.177842533260034,9.53036288695033,11.2,753.3311822724502
3,35.274003893935834,-3.188071217308259,9.241282509816848,11.2,753.8350966137921
3,35.39813066837118,-3.191480778657667,8.877012950869688,11.2,754.3407841947688
3,35.52226523076994,-3.194593921505028,9.17071876522522,11.2,754.848245126637
3,35.39811745202819,-3.1920736720182616,9.46005451316675,11.2,755.3539325188088
3,35.5222760873434,-3.1940009802401685,9.635356308530627,11.2,755.8613936057709
3,35.64643897098185,-3.195631798103922,9.77249633911213,11.2,756.3706284482136
3,35.77060539492666,-3.196966116310065,9.709592610532983,11.2,756.8816370967126
3,36.39145167599734,-3.202155171009189,9.440651038321292,11.2,757.4015149777982
3,36.888123036315235,-3.206899429301124,9.096500350903954,11.2,757.9284881640313
3,37.63308759317621,-3.2175738075581055,8.890670583260729,11.2,758.4661037010766
3,37.75724622849142,-3.2195011157800124,8.501979481520305,11.2,759.0054929329121
3,37.881409112129866,-3.221131933643766,8.463283033625745,11.2,759.5466559202283
3,37.881409112129866,-3.221131933643766,8.783967760001513,11.2,760.0878189075445
3,37.881409112129866,-3.221131933643766,8.973165968347578,11.2,760.6289818948607
3,37.881409112129866,-3.221131933643766,9.045590246024144,11.2,761.1701448821768
3,38.00558049256013,-3.221873231399334,9.132686778560732,11.2,761.7130817463562
3,38.25392490559484,-3.223059310626333,9.057558565292098,11.2,762.2595663878648
3,38.626443295338056,-3.224393651658926,8.875330996665777,11.2,762.8113727206553
3,38.87479030465504,-3.224393651658926,8.596011173997612,11.2,763.3667268678647
3,39.12313731397203,-3.224393651658926,8.238748892201011,11.2,763.9256288294929
3,39.247310818630524,-3.2245419120554657,8.321765767558167,11.2,764.4863046983305
3,39.247310818630524,-3.2245419120554657,8.570491462651928,11.2,765.0469805671681
3,39.247310818630524,-3.2245419120554657,8.670509807803265,11.2,765.6076564360058
3,39.37148432328902,-3.224393651658926,8.642627225105919,11.2,766.1701062120527
3,39.37148432328902,-3.224393651658926,8.571803312989443,11.2,766.7325559880996
3,39.37148432328902,-3.224393651658926,8.43505552893498,11.2,767.2950057641466
3,39.49565711987009,-3.2239488713147284,8.300291331599501,11.2,767.8592294372876
3,39.49565711987009,-3.2239488713147284,8.090552497237677,11.2,768.4234531104286
3,39.49565711987009,-3.2239488713147284,8.251621397219505,11.2,768.9876767835696
3,39.37148432328902,-3.224393651658926,8.343630102243662,11.2,769.5501265596165
3,39.37148432328902,-3.224393651658926,8.307980394037324,11.2,770.1125763356634
3,39.37148432328902,-3.224393651658926,8.219455432811746,11.2,770.6750261117104
3,39.37148432328902,-3.224393651658926,8.07562091990761,11.2,771.2374758877573
3,39.37148432328902,-3.224393651658926,7.874306579092685,11.2,771.7999256638043
3,39.37148432328902,-3.224393651658926,7.907368850652884,11.2,772.3623754398512
3,39.247310818630524,-3.2245419120554657,7.897061476376811,11.2,772.9230513086889
3,39.12313731397203,-3.224393651658926,7.835083355907352,11.2,773.481953270317
3,38.99896380931354,-3.2242453912623863,7.729596867893612,11.2,774.0390813247358
3,38.87479030465504,-3.2240971308658466,7.6068406015478525,11.2,774.5944354719452
3,38.62644612764372,-3.222911052766081,7.644350180951141,11.2,775.1462418451972
3,38.50227687142958,-3.2218732418262563,7.642639728880877,11.2,775.696274371932
3,38.253947563846324,-3.21890810575636,7.5845414766332775,11.2,776.2427593371298
3,37.75730405393531,-3.2117918468218374,7.713286462615827,11.2,776.7821493950431
3,37.26066054402429,-3.2046755878873148,7.916558966469962,11.2,777.314444545672
3,36.26734331369126,-3.1928150436077294,8.187783478290044,11.2,777.8325494501534
3,35.522321403758085,-3.1874777175215514,8.621865761487133,11.2,778.3400111844927
3,35.14980301401487,-3.1861433764889586,9.10451063011424,11.2,778.8421512275501
3,33.287203984524574,-3.1883672782099466,9.633161346960602,11.2,779.3176827130433
3,31.921344762364146,-3.19978317684891,10.171143445420256,11.2,779.7737019239341
3,30.92805868654952,-3.214015681191575,10.700788619835608,11.2,780.215531333742
3,30.05898293355408,-3.229582194321104,11.216668568552135,11.2,780.6449453756499
3,29.189946830520302,-3.247223974261515,11.636614927421407,11.2,781.0619446160858
3,28.19678725773037,-3.268571838031725,12.039477807800036,11.2,781.4647558626249
3,27.700207471335403,-3.27924576991683,12.407684656654544,11.2,781.8604731122153
3,27.451917578137923,-3.284582735859382,12.716607513403163,11.2,782.2526433633316
3,27.203615884419463,-3.2893267777265165,12.828694423586695,11.2,782.6412664473947
3,27.451928434727126,-3.2851756779695216,12.618952268121168,11.2,783.0334368536052
3,27.824404340672768,-3.2793937533037836,12.350720053683418,11.2,783.4309283441862
3,28.56939226342254,-3.2704983450940945,11.951713941505481,11.2,783.839062519378
3,29.562766139190458,-3.2657540462218346,11.447284900079886,11.2,784.2613877499379
3,30.307805042909152,-3.2675331684440465,10.769094717495332,11.2,784.6943563934079
3,30.92865014389116,-3.272722213279939,10.030808776493783,11.2,785.1361942526064
3,32.17014917318728,-3.296442242268807,9.341133059117324,11.2,785.5957678122234
3,32.294283735586035,-3.299555385116168,8.957849017961419,11.2,786.0571147227317
3,32.294283735586035,-3.299555385116168,9.291307840269676,11.2,786.5184616332401
3,32.170142093079235,-3.296738678523003,9.616308081471699,11.2,786.9780350917126
3,32.045994078360124,-3.2942184242458015,9.797788232652197,11.2,787.4358350071178
3,32.045994078360124,-3.2942184242458015,9.868033623988886,11.2,787.893634922523
3,31.79766477077687,-3.291253288175905,10.010062777647244,11.2,788.3478872763912
3,31.797664770776866,-3.291253288175905,10.06231291521569,11.2,788.8021396302595
3,31.921837567357937,-3.2916980685201027,10.024161390899968,11.2,789.2581658812218
3,32.046011072016434,-3.2918463289166424,9.90865362324529,11.2,789.7159660393934
3,32.17018457667493,-3.2916980685201027,9.714181929955616,11.2,790.1755401047744
3,32.294357373256,-3.291253288175905,9.510687532644987,11.2,790.6368880672495
3,32.294357373256,-3.291253288175905,9.671486870178423,11.2,791.0982360297246
3,32.41852875368626,-3.2905119904203373,9.898849817506255,11.2,791.5613578690629
3,32.41852875368626,-3.2905119904203373,10.020271132931276,11.2,792.0244797084013
3,32.666869626350675,-3.2887328800341002,10.064030351358932,11.2,792.4911492744919
3,33.28773242913372,-3.2865089825402585,10.032770304270278,11.2,792.9666883091938
3,33.660250110803545,-3.2878433210365636,9.773448966895314,11.2,793.4475490250625
3,34.15692147112144,-3.2925875793284987,9.426337125693394,11.2,793.9355050460784
3,34.901886027982414,-3.3032619575854802,9.070561851652723,11.2,794.4341034179067
3,35.026044663297625,-3.305189265807387,8.719188714586755,11.2,794.9344754845253
3,35.15020754693607,-3.3068200836711408,8.933955495540609,11.2,795.4366213066244
3,35.02604112299126,-3.305485765464998,9.310340117952801,11.2,795.9369933226671
3,35.02604112299126,-3.305485765464998,9.564254615741211,11.2,796.4373653387099
3,35.150212267399745,-3.306227061811528,9.710509455613069,11.2,796.9395112282442
3,35.52273278137523,-3.3066718430011472,9.670850727578907,11.2,797.4469788394067
3,35.7710790826148,-3.30607880226041,9.431282481505367,11.2,797.9579942548727
3,36.14359747235801,-3.304744461227817,9.114238026015443,11.2,798.4743313616207
3,36.64029149099199,-3.304744461227817,9.01019646231754,11.2,798.9977640972063
3,37.261147213034434,-3.3084509429604676,8.845655876110419,11.2,799.5300662002496
3,37.75780582820095,-3.3143812151002603,8.42107504817143,11.2,800.0694634263667
3,37.8819687118394,-3.316012032964014,8.033037610138729,11.2,800.6106344079644
3,38.00613513578421,-3.3173463511701566,8.41899392716713,11.2,801.1535791956185
3,37.881965879570075,-3.316308540230332,8.718417333995,11.2,801.6947501367551
3,38.00613726000034,-3.3170498379858997,8.886699645223002,11.2,802.2376949547552
3,38.00613726000034,-3.3170498379858997,8.79051932663976,11.2,802.7806397727552
3,38.2544835612399,-3.317642878726637,8.611815421296306,11.2,803.3271323950586
3,38.502829862479466,-3.3170498379858997,8.355773098835284,11.2,803.8771728216655
3,38.62700124290973,-3.316308540230332,8.095310355689994,11.2,804.4289871251356
3,38.62700124290973,-3.316308540230332,8.046705678954932,11.2,804.9808014286057
3,38.62700124290973,-3.316308540230332,8.146912874626892,11.2,805.5326157320758
3,38.62700124290973,-3.316308540230332,8.221029014260573,11.2,806.0844300355459
3,38.62700124290973,-3.316308540230332,8.18646535382077,11.2,806.636244339016
3,38.62700124290973,-3.316308540230332,8.125090636727624,11.2,807.1880586424861
3,38.62700124290973,-3.316308540230332,7.985667204852831,11.2,807.7398729459562
3,38.62700124290973,-3.316308540230332,8.04936442493905,11.2,808.2916872494263
3,38.62700124290973,-3.316308540230332,8.023029531562347,11.2,808.8435015528964
3,38.62700124290973,-3.316308540230332,7.981147156160633,11.2,809.3953158563666
3,38.62700124290973,-3.316308540230332,7.879950411745355,11.2,809.9471301598367
3,38.502829862479466,-3.3170498379858997,7.950608232259802,11.2,810.4971705864435
3,38.2544835612399,-3.317642878726637,8.017304948165322,11.2,811.0436632087469
3,38.13031005658141,-3.3174946183300973,8.005708036062003,11.2,811.588381923841
3,38.006136551922914,-3.3173463579335576,7.908190995391293,11.2,812.1313267317256
3,37.75779025068335,-3.3167533171928203,7.920065206010702,11.2,812.6707237353068
3,37.75779025068335,-3.3167533171928203,7.958177758248862,11.2,813.2101207388879
3,37.50944961403896,-3.3149742084974276,7.904795841237533,11.2,813.7459700190884
3,37.38528319009414,-3.313639890291285,7.809934830860341,11.2,814.2800454932326
3,37.13696167114048,-3.3100817642056244,7.860151636292672,11.2,814.810573517106
3,37.012807992141134,-3.3078579766156917,7.791120633593792,11.2,815.3393279169937
3,36.6403639479838,-3.300297213784087,7.849608270232374,11.2,815.8627616876793
3,36.14378416158884,-3.2896232818989843,8.165710068473667,11.2,816.3791014614162
3,35.150577386715,-3.270647114430447,8.585618531630056,11.2,816.8812525669407
3,34.77810148076936,-3.2648651897647265,9.075988182468997,11.2,817.3780825880946
3,32.667276285917474,-3.2421818233763067,9.685131941281792,11.2,817.8447579636077
3,31.67389957787216,-3.237437510977245,10.312408620765538,11.2,818.2972422432915
3,30.55634016017798,-3.2387718520098376,10.958552512621628,11.2,818.733761388437
3,29.562977613600406,-3.2458882867914083,11.551612277593694,11.2,819.1560896400598
3,28.445479798097086,-3.2578971506466927,12.068556970650004,11.2,819.5624536371755
3,27.948836760189774,-3.2650134028180253,12.534244681860002,11.2,819.9617227337496
3,27.700535066471314,-3.2697574446851596,12.962212456274898,11.2,820.3574446632707
3,27.700535066471314,-3.2697574446851596,12.974438818612697,11.2,820.7531665927918
3,27.948824959668794,-3.264420478742607,12.67283507201143,11.2,821.1524355207871
3,28.445428347105715,-3.2549323950083386,12.32614738339877,11.2,821.5587987828886
3,29.31456688053548,-3.2435166916607843,11.952540521074829,11.2,821.9775783097534
3,30.059588790468663,-3.2381793655746063,11.30302685335478,11.2,822.4070010067601
3,31.17714395970556,-3.2395137015346283,10.640025388646855,11.2,822.852388777613
3,31.797974899367883,-3.2461852798841635,9.938705818295892,11.2,823.3066455618897
3,32.04630420695114,-3.24915041595406,9.556426761877818,11.2,823.7644499077032
3,32.04630420695114,-3.24915041595406,10.043770801115858,11.2,824.2222542535168
3,32.04630420695114,-3.24915041595406,10.438749165800747,11.2,824.6800585993303
3,32.17047700353221,-3.2495951962982574,10.753167333380723,11.2,825.1396368422379
3,32.4188240128492,-3.2495951962982574,10.697025143600339,11.2,825.6027628995644
3,32.915517087379136,-3.2484091136895437,10.542989556553524,11.2,826.0729845722412
3,33.660558115330105,-3.2484091136895437,10.330722546409726,11.2,826.5538496881745
3,34.15724646935276,-3.2507812698890746,9.88669264712536,11.2,827.0418103520224
3,35.02640978488001,-3.260121479578424,9.367574311801512,11.2,827.5421876346635
3,36.267914713731194,-3.2838416212839396,8.768449729685317,11.2,828.0603007020026
3,36.76446759545988,-3.295701331436309,8.36970440538854,11.2,828.5855073819378
3,37.01275725268579,-3.3010382923066754,8.257868582693344,11.2,829.1142610569761
3,37.01275725268579,-3.3010382923066754,8.654925050061523,11.2,829.6430147320145
3,37.01275725268579,-3.3010382923066754,9.075523181624492,11.2,830.1717684070529
3,36.764416616041395,-3.299259183611283,9.41630235335396,11.2,830.6969743587107
3,37.01276291728096,-3.29985222435202,9.645041201300089,11.2,831.2257281146718
3,37.26111016262403,-3.2998522243520196,9.52108536981468,11.2,831.7580296884236
3,37.8819776859165,-3.299110922369321,9.278264434067527,11.2,832.2992007982224
3,38.62701871386747,-3.299110922369321,8.966356017393233,11.2,832.8510153512776
3,39.62039542191278,-3.303855234768383,8.48973657954382,11.2,833.4170210001621
3,40.24124170298346,-3.309044289467507,7.882356615091532,11.2,833.9918958816332
3,40.365412847391944,-3.309785585814037,7.681196684934256,11.2,834.568544636596
3,40.61375985670893,-3.309785585814037,8.190772861342587,11.2,835.1487412059776
3,40.48958706012786,-3.3102303661582346,8.553363841466028,11.2,835.7271638782651
3,40.48958706012786,-3.3102303661582346,8.788421002426112,11.2,836.3055865505526
3,40.86210120141864,-3.308006472891531,8.716836659503866,11.2,836.88933085343
3,41.110436881577584,-3.3056343437455635,8.507821816882812,11.2,837.4766228088811
3,41.482925532492914,-3.3007418901543026,8.203568626294757,11.2,838.0692360307738
3,41.73125484007617,-3.2977767540844063,7.792317770403152,11.2,838.6653968142035
3,41.97959075625043,-3.295404622683995,7.476935908831483,11.2,839.2651052535786
3,41.97959075625043,-3.295404622683995,7.931935712922763,11.2,839.8648136929536
3,41.73125484007617,-3.2977767540844063,8.22658324719866,11.2,840.4609744763833
3,41.73125484007617,-3.2977767540844063,8.344251700686774,11.2,841.057135259813
3,41.73125484007617,-3.2977767540844063,8.311689943661014,11.2,841.6532960432427
3,41.73125484007617,-3.2977767540844063,8.15402996257594,11.2,842.2494568266724
3,41.85542126402098,-3.2964424358782636,7.87988010855489,11.2,842.8473914161584
3,41.73125484007617,-3.2977767540844063,7.942670219245229,11.2,843.4435521995881
3,41.73125484007617,-3.2977767540844063,8.120186939724375,11.2,844.0397129830178
3,41.60708558386203,-3.298814565024231,8.121285164304892,11.2,844.6340999199301
3,41.48291420343177,-3.299555862779799,7.993473495171573,11.2,845.2267129799792
3,41.48291420343177,-3.299555862779799,7.963628509233682,11.2,845.8193260400283
3,41.3587414068507,-3.3000006431239965,8.04393345293894,11.2,846.4101652029833
3,41.234567902192204,-3.3001489035205362,8.017151490618094,11.2,846.9992304587289
3,41.234567902192204,-3.3001489035205362,7.937956243556804,11.2,847.5882957144745
3,41.11039439753371,-3.3000006431239965,7.8426607591279645,11.2,848.1755870630107
3,41.11039439753371,-3.3000006431239965,7.784062499228215,11.2,848.7628784115468
3,41.11039439753371,-3.3000006431239965,7.6396455958478775,11.2,849.350169760083
3,41.11039439753371,-3.3000006431239965,7.517522551320942,11.2,849.9374611086191
3,40.98622089287522,-3.299852382727457,7.385049515970263,11.2,850.522978549946
3,40.86204738821672,-3.299704122330917,7.222504894579118,11.2,851.1067220840633
3,40.73787459163565,-3.2992593419867196,7.168022515728659,11.2,851.6886917210867
3,40.48953395499126,-3.297480233291327,7.093738907654392,11.2,852.2671136347294
3,40.241204647408004,-3.2945150972214305,7.0526817910534,11.2,852.8419879868352
3,39.74456113749699,-3.287398838286908,7.249818050498456,11.2,853.4097674316566
3,38.62713341966007,-3.2700530642897454,7.632254244022901,11.2,853.9615836233661
3,37.88219576873707,-3.2575997650187642,8.229528477889259,11.2,854.5027578486338
3,36.2681335096393,-3.232544758133974,8.85641925235303,11.2,855.0208740416286
3,34.5298283565565,-3.2117888056446997,9.607915167120323,11.2,855.5141573038652
3,33.16396653820101,-3.200372885306627,10.29694243021199,11.2,855.9879282544109
3,31.798068372078326,-3.195480310820175,11.03602933437289,11.2,856.4421863740121
3,30.059644263401374,-3.199631596005336,11.734014891511944,11.2,856.8716098634892
3,28.942123081633753,-3.208971876709942,12.343906292734609,11.2,857.2850687646554
3,28.07298289616465,-3.2203876017562174,12.892140561537063,11.2,857.6861113774578
3,27.576358267535525,-3.228689793379908,13.420892842760018,11.2,858.0800593527083
3,27.576358267535525,-3.228689793379908,13.322094423390846,11.2,858.4740073279588
3,27.700506282254636,-3.2261695391027065,12.835116835131489,11.2,858.8697288462768
3,28.197109669691557,-3.216681455368438,12.380740739300766,11.2,859.2725446987009
3,29.066248203121322,-3.2052657520208836,11.900057161543366,11.2,859.6877768158884
3,29.68710392516376,-3.201559270288233,11.255540339925496,11.2,860.1118783005336
3,30.059624439139245,-3.201114489098614,10.536339818267207,11.2,860.541301506807
3,30.18379794379774,-3.2009662287020744,9.977556474386278,11.2,860.9724986202899
3,30.18379794379774,-3.2009662287020744,10.449002420543051,11.2,861.4036957337728
3,29.93545093448075,-3.2009662287020744,10.80081438124468,11.2,861.8313450328368
3,29.811278137899677,-3.2005214483578768,11.030397845192583,11.2,862.2572204348068
3,29.93545093448075,-3.2009662287020744,11.076091423809503,11.2,862.6848697338708
3,30.183797471745716,-3.20155927000643,11.015156037101345,11.2,863.11606684061
3,30.432144009010685,-3.202152311310786,10.828742664259236,11.2,863.5508117550244
3,30.80466452298617,-3.202597092500405,10.56719536980257,11.2,863.990878391067
3,31.177185036961653,-3.203041873690024,10.248585890929816,11.2,864.4362667487379
3,31.42553157422662,-3.20363491499438,9.869847817167132,11.2,864.8852029140841
3,31.673878583543612,-3.20363491499438,9.678348511869029,11.2,865.337686893849
3,31.798051380124683,-3.2031901346501823,9.97975637570917,11.2,865.7919447707079
3,31.673879999694424,-3.20393143240575,10.19710526374151,11.2,866.2444287707035
3,31.922215679853373,-3.2015593032597827,10.34378511384055,11.2,866.7004604232728
3,32.294714951687816,-3.1975563486413545,10.414893209240242,11.2,867.1618134940112
3,32.66722272033022,-3.19444291582188,10.355979002520053,11.2,867.6284881043016
3,33.16390446565905,-3.1908846950494065,10.019422161376752,11.2,868.1022581680967
3,34.033112389555306,-3.1877712385580277,9.608756681100958,11.2,868.5884454879475
3,34.90232031345156,-3.1908846950494065,9.272514639387808,11.2,869.087050063854
3,35.39899167376946,-3.1956289533413416,8.88864378796656,11.2,869.5927499449078
3,35.647327353928404,-3.198001082487309,8.461846008412286,11.2,870.1019974785354
3,35.89567153093973,-3.1991871605870745,8.716366696318184,11.2,870.6147927861202
3,36.01984503559822,-3.1993354209836142,8.945429046769293,11.2,871.1293620009145
3,36.01984503559822,-3.1993354209836142,9.145243980886663,11.2,871.6439312157088
3,36.26819228094129,-3.199335420983614,9.326974792617937,11.2,872.1620482482937
3,36.51653952628436,-3.1993354209836133,9.2319705777528,11.2,872.6837130986692
3,36.76488677162743,-3.199335420983613,9.110542326737768,11.2,873.2089257668353
3,37.26157937410656,-3.2005215024650875,8.985718273515282,11.2,873.7412340436082
3,38.00658429044804,-3.207637869613021,8.766118509175602,11.2,874.2841852477575
3,38.37906019639368,-3.213419794278742,8.347490229131203,11.2,874.8324575362774
3,38.62738171534733,-3.2169779203644024,7.9369262044904625,11.2,875.384277275068
3,38.87571739550628,-3.21935004951037,8.157772806925026,11.2,875.9396446664324
3,38.99988877593654,-3.220091347265938,8.398157664352162,11.2,876.49678593466
3,38.99988877593654,-3.220091347265938,8.496412780265683,11.2,877.0539272028876
3,39.12406157251761,-3.2205361276101354,8.64649952246757,11.2,877.6128423682093
3,39.248235077176105,-3.220684388006675,8.646812596122793,11.2,878.1735314407404
3,39.248235077176105,-3.220684388006675,8.528331401676656,11.2,878.7342205132715
3,39.3724085818346,-3.2205361276101354,8.318140041313102,11.2,879.296683493012
3,39.49658137841567,-3.220091347265938,8.169615448273694,11.2,879.8609203698464
3,39.49658137841567,-3.220091347265938,8.186079481434712,11.2,880.4251572466809
3,39.3724085818346,-3.2205361276101354,8.40759866335749,11.2,880.9876202264214
3,39.3724085818346,-3.2205361276101354,8.500608568600734,11.2,881.550083206162
3,39.3724085818346,-3.2205361276101354,8.522281924530914,11.2,882.1125461859025
3,39.3724085818346,-3.2205361276101354,8.466132336977028,11.2,882.675009165643
3,39.3724085818346,-3.2205361276101354,8.293068904055835,11.2,883.2374721453835
3,39.3724085818346,-3.2205361276101354,8.375509109825705,11.2,883.7999351251241
3,39.3724085818346,-3.2205361276101354,8.455706585783412,11.2,884.3623981048646
3,39.248235077176105,-3.220684388006675,8.40821284875067,11.2,884.9230871773957
3,39.248235077176105,-3.220684388006675,8.368392042896815,11.2,885.4837762499268
3,39.248235077176105,-3.220684388006675,8.315222491004553,11.2,886.0444653224579
3,39.248235077176105,-3.220684388006675,8.30860516395842,11.2,886.605154394989
3,39.12406157251761,-3.2205361276101354,8.279208694684707,11.2,887.1640695603106
3,39.12406157251761,-3.2205361276101354,8.174247294289357,11.2,887.7229847256323
3,39.12406157251761,-3.2205361276101354,8.100962968029355,11.2,888.2818998909539
3,39.12406157251761,-3.2205361276101354,8.016334515505,11.2,888.8408150562756
3,39.12406157251761,-3.2205361276101354,7.940436281538784,11.2,889.3997302215972
3,38.99988806785912,-3.2203878672135957,7.8474162864902866,11.2,889.9568714797095
3,38.875714563200624,-3.220239606817056,7.766690332021781,11.2,890.5122388306124
3,38.75154176661955,-3.2197948264728584,7.766227216679305,11.2,891.0658322844213
3,38.50320112997516,-3.2180157177774658,7.741884611153042,11.2,891.6158780148495
3,38.379034706030346,-3.216681399571323,7.7301590582960085,11.2,892.1641499392214
3,38.130713187076694,-3.2131232734856625,7.754983521635326,11.2,892.7088744133225
3,37.882411493358234,-3.2083792316185282,7.751701195737037,11.2,893.2500517203705
3,37.50998656583783,-3.199929111839033,7.872085848891623,11.2,893.7859086713111
3,36.7651572432448,-3.1821395466104794,8.207550688496307,11.2,894.3111252033574
3,35.64788246068359,-3.1567891872719938,8.577817617456716,11.2,894.8203806670814
3,34.65467568580975,-3.1378130198034566,9.12845276151051,11.2,895.3154474625929
3,33.661389609995126,-3.1235805154608145,9.73427215003453,11.2,895.7963244570215
3,32.543868428227505,-3.1142402347562084,10.314273344829065,11.2,896.261236863139
3,31.053790620790117,-3.1142402347562084,10.970447678607766,11.2,896.7048624434359
3,30.060428074212542,-3.121356669537779,11.567472300565946,11.2,897.1342971302104
3,29.31544015146277,-3.130252077747468,12.077022756804535,11.2,897.5530891323741
3,28.198012433625852,-3.147597851744682,12.514630336806485,11.2,897.9559178814259
3,27.949723484313843,-3.1529347973985122,12.922443449810611,11.2,898.3551996454875
3,28.073850258749186,-3.149525236049104,12.986595701936293,11.2,898.7562546491839
3,28.073850258749186,-3.149525236049104,12.497715039213949,11.2,899.1573096528804
3,28.44623058205522,-3.139296552000879,12.03599244396592,11.2,899.5636843754812
3,29.31522042784611,-3.119579643326181,11.591184109280931,11.2,899.9824732387361
3,30.184355657202847,-3.108163983375988,11.15048706864946,11.2,900.4136783195534
3,30.43269652986726,-3.106384872989751,10.508318433848642,11.2,900.8484311271229
3,31.426078902523898,-3.10401271679022,10.10982461065261,11.2,901.2973751114447
3,31.426078902523898,-3.10401271679022,9.749727549965954,11.2,901.7463190957665
3,31.55025240718239,-3.1041609771867598,10.14429232065046,11.2,902.1970369872977
3,31.426078902523898,-3.1043092375832995,10.42520290194167,11.2,902.6459809716195
3,31.426078902523898,-3.1043092375832995,10.621855257856833,11.2,903.0949249559412
3,31.55025169910497,-3.103864457239102,10.670820871749937,11.2,903.545642837357
3,31.79617367838023,-3.103864457239102,10.430226087685062,11.2,903.9998738899053
3,32.04451431502462,-3.102085348543709,10.13756703757933,11.2,904.4576526658342
3,32.913699108523566,-3.0948206719649356,9.778151027412022,11.2,904.9278483673845
3,33.286213249814345,-3.092596778698232,9.484123836801679,11.2,905.4033656995247
3,33.41038463024461,-3.091855480942664,9.261034689239954,11.2,905.8806569085282
3,33.41038463024461,-3.091855480942664,9.532921652330103,11.2,906.3579481175317
3,33.41038463024461,-3.091855480942664,9.861402150464375,11.2,906.8352393265352
3,33.65872550290902,-3.090076370556427,10.091426936768876,11.2,907.3160782622911
3,33.907066375573436,-3.08829726017019,10.173556298301056,11.2,907.8004649247993
3,34.031235631787574,-3.0872594492303653,10.01760946517236,11.2,908.2866254338248
3,34.27956493937083,-3.084294313160469,9.790875028869896,11.2,908.7763335043873
3,34.65204084531647,-3.078512388494731,9.546856838210683,11.2,909.2713626593203
3,35.272834021892535,-3.0688758473851676,9.495346363710503,11.2,909.7752602882044
3,35.89366496155486,-3.0622042690356324,9.408248440938904,11.2,910.2880269305124
3,36.51452186370615,-3.058497780257793,9.22985689867941,11.2,910.8096629571368
3,37.135388206869585,-3.0577564796841306,8.894878443432667,11.2,911.3401685029492
3,37.75624392891203,-3.061462961416781,8.546535172795815,11.2,911.8795434162193
3,38.62534942017573,-3.074954042039294,8.212356347053717,11.2,912.4313341222219
3,38.997793464333064,-3.0825148048708986,7.75606493870727,11.2,912.9884454574267
3,39.24609539403453,-3.0872588512467134,7.937719103280391,11.2,913.5491039630557
3,39.37024907303388,-3.089482638836646,8.231003224753481,11.2,914.1115360926705
3,39.24609043771867,-3.087555330614739,8.421387896815448,11.2,914.672194527495
3,39.494419745301926,-3.0905204666846355,8.585256927899193,11.2,915.2364005238564
3,39.618589001516064,-3.0915582776244603,8.508212734511089,11.2,915.8023803667353
3,39.618589001516064,-3.0915582776244603,8.310994588569804,11.2,916.3683602096141
3,39.742760381946326,-3.092299575380028,8.191839691194595,11.2,916.9361139293562
3,39.8669331785274,-3.092744355724226,8.11507142039968,11.2,917.5056415461924
3,39.8669331785274,-3.092744355724226,8.29010938016088,11.2,918.0751691630285
3,39.8669331785274,-3.092744355724226,8.461025440171406,11.2,918.6446967798646
3,39.8669331785274,-3.092744355724226,8.52921823149951,11.2,919.2142243967007
3,39.99110668318589,-3.0928926161207655,8.483786618063572,11.2,919.7855259207463
3,39.99110668318589,-3.0928926161207655,8.353777243314635,11.2,920.3568274447919
3,39.99110668318589,-3.0928926161207655,8.286187696146072,11.2,920.9281289688374
3,39.99110668318589,-3.0928926161207655,8.423280334140436,11.2,921.499430492883
3,39.99110668318589,-3.0928926161207655,8.484835902118943,11.2,922.0707320169286
3,39.99110668318589,-3.0928926161207655,8.418056405488219,11.2,922.6420335409741
3,39.99110668318589,-3.0928926161207655,8.354528767161781,11.2,923.2133350650197
3,39.99110668318589,-3.0928926161207655,8.385824873921154,11.2,923.7846365890653
3,39.99110668318589,-3.0928926161207655,8.389124164321302,11.2,924.3559381131108
3,39.99110668318589,-3.0928926161207655,8.271293724091544,11.2,924.9272396371564
3,39.99110668318589,-3.0928926161207655,8.28991713619169,11.2,925.498541161202
3,39.99110668318589,-3.0928926161207655,8.24766676100751,11.2,926.0698426852475
3,39.99110668318589,-3.0928926161207655,8.14885569106362,11.2,926.6411442092931
3,39.99110668318589,-3.0928926161207655,8.132376681252905,11.2,927.2124457333387
3,39.99110668318589,-3.0928926161207655,8.017350599455057,11.2,927.7837472573842
3,39.99110668318589,-3.0928926161207655,7.969223138661679,11.2,928.3550487814298
3,39.8669331785274,-3.092744355724226,7.900752721647101,11.2,928.9245763982659
3,39.742760381946326,-3.092299575380028,7.8570370607977535,11.2,929.492330118008
3,39.742760381946326,-3.092299575380028,7.857788509915309,11.2,930.0600838377501
3,39.49441974530193,-3.0905204666846355,7.8184035355255,11.2,930.6242898341116
3,39.37025332135712,-3.089186148478493,7.783709042935957,11.2,931.1867220244167
3,39.121931802403466,-3.0856280223928323,7.823973278230415,11.2,931.745606764451
3,38.99777812340412,-3.0834042348028996,7.778798709804805,11.2,932.3027178804997
3,38.50117426400118,-3.07391614205127,7.899422290770581,11.2,932.8527346556997
3,37.75626847489677,-3.0596840029238255,8.198148842267653,11.2,933.3921099196268
3,37.01133153195308,-3.0472307154883067,8.529084696631475,11.2,933.9208432272261
3,36.018014301620056,-3.0353701712087213,8.948128393220355,11.2,934.4353862886778
3,34.900474001943664,-3.0286985040899506,9.52265211883335,11.2,934.9339644887056
3,33.53456804698411,-3.0303293653520083,10.152561079540183,11.2,935.4130297465197
3,32.54120550040654,-3.037445800133579,10.73049011909264,11.2,935.8779041108112
3,31.547888270073514,-3.0493063444131643,11.271034286102703,11.2,936.3285882289551
3,30.678814168994947,-3.064872827954274,11.780071293640964,11.2,936.7668570027979
3,29.80982267144734,-3.084589774106429,12.242353723657397,11.2,937.19271161239
3,29.561546230582998,-3.0905196291826145,12.674748057477544,11.2,937.6150194156841
3,29.80982267144734,-3.084589774106429,12.675819607633322,11.2,938.0408740252761
3,29.80982267144734,-3.084589774106429,12.299303857877693,11.2,938.4667286348682
3,30.306401985899164,-3.0739158523656958,11.958964792697945,11.2,938.8996772346668
3,31.05136441874589,-3.0632415045430834,11.627856181174133,11.2,939.3432681549345
3,31.920562429605305,-3.058052430117373,11.064686956703778,11.2,939.7992761896433
3,32.78977531003411,-3.0590902509205007,10.452639129281613,11.2,940.2677015512152
3,33.4106322121854,-3.06279673969834,9.795406125389286,11.2,940.7449962971035
3,33.4106322121854,-3.06279673969834,9.408955332324133,11.2,941.2222910429919
3,33.53480477274201,-3.0632415191971085,9.812813540781152,11.2,941.7013596826024
3,33.28645847150244,-3.063834559937846,10.24863856401986,11.2,942.1768805179096
3,33.28645847150244,-3.063834559937846,10.585140654225514,11.2,942.6524013532168
3,33.410629851932704,-3.063093262182278,10.795564798954429,11.2,943.1296960653872
3,33.78314399322348,-3.0608693689155744,10.681840687641623,11.2,943.6123124081475
3,34.279832819292906,-3.058497210461574,10.525913136929503,11.2,944.102024305566
3,35.0248717230116,-3.056718088239362,10.225190683978388,11.2,944.6023796158947
3,35.39739223698709,-3.057162869428981,9.800541708221965,11.2,945.1080566478516
3,37.13577173708306,-3.0696165947890464,9.312897080192588,11.2,945.6385676726671
3,37.88070655609123,-3.082069846718239,8.692620549745902,11.2,946.1797206234685
3,38.6255351708079,-3.099859395039817,8.057408271012973,11.2,946.7315139830514
3,39.12208758061902,-3.1117190939208688,7.736343361305636,11.2,947.2904009484888
3,39.24623559533813,-3.1142393481980704,8.168165849665275,11.2,947.8510614569936
3,39.12208758061902,-3.1117190939208688,8.568667887321618,11.2,948.4099484224311
3,39.12208758061902,-3.1117190939208688,8.835593496637724,11.2,948.9688353878685
3,39.24624621593423,-3.1136464021427757,8.85929563620047,11.2,949.5294960480961
3,39.49457552351748,-3.116611538212672,8.673916747707581,11.2,950.0937042698606
3,39.742916160161876,-3.1183906469080647,8.422351110677184,11.2,950.6614602150058
3,39.86708895674295,-3.1188354272522623,8.33661702307976,11.2,951.230990057245
3,39.99126246140144,-3.118983687648802,8.346093611815268,11.2,951.8022938066936
3,39.99126246140144,-3.118983687648802,8.576305462269604,11.2,952.3735975561422
3,39.99126246140144,-3.118983687648802,8.732408583165055,11.2,952.9449013055907
3,40.115435966059934,-3.1188354272522623,8.824584985841675,11.2,953.5179789622488
3,40.115435966059934,-3.1188354272522623,8.883535582542784,11.2,954.0910566189068
3,40.239608762641005,-3.1183906469080647,8.898068647452549,11.2,954.6659081726589
3,40.36378014307127,-3.117649349152497,8.960215462504635,11.2,955.2425336032742
3,40.61212101573568,-3.11587023876626,9.160832321561298,11.2,955.8227067606418
3,40.98462878437809,-3.1127568059467854,9.270124794329195,11.2,956.4082014575615
3,41.357136553020496,-3.109643373127311,9.241732272477671,11.2,956.9990176940332
3,41.977993455171784,-3.1059368843494717,8.877623541408386,11.2,957.5987033148214
3,42.47468605765091,-3.104750802867997,8.435448457350306,11.2,958.2054845442163
3,43.21971646447685,-3.1083090270221923,7.875533017110629,11.2,958.8229090651374
3,43.59222423311926,-3.1114224598416667,7.417120598972146,11.2,959.4456551256105
3,43.59222423311926,-3.1114224598416667,7.515454763769004,11.2,960.0684011860836
3,43.59222423311926,-3.1114224598416667,7.880238543319091,11.2,960.6911472465567
3,43.46805497690512,-3.110384648901842,8.145835728769676,11.2,961.3121194605126
3,43.46805497690512,-3.110384648901842,8.253606318100077,11.2,961.9330916744684
3,43.59222423311926,-3.1114224598416667,8.290145038058547,11.2,962.5558377349415
3,43.59222423311926,-3.1114224598416667,8.208134941223026,11.2,963.1785837954146
3,43.59222423311926,-3.1114224598416667,8.026750771879403,11.2,963.8013298558877
3,43.71639561354952,-3.1121637575972345,7.87354982446964,11.2,964.4258497932242
3,43.71639561354952,-3.1121637575972345,7.688053016010096,11.2,965.0503697305606
3,43.71639561354952,-3.1121637575972345,7.822915524162401,11.2,965.6748896678971
3,43.59222281696845,-3.111718977253037,7.869338941109131,11.2,966.2976357081395
3,43.343875807651465,-3.111718977253037,7.952995914822906,11.2,966.9168339339631
3,43.21970230299297,-3.1118672376495766,8.124811170573722,11.2,967.5342582525773
3,43.21970230299297,-3.1118672376495766,8.202853762572174,11.2,968.1516825711915
3,43.21970230299297,-3.1118672376495766,8.175580198845392,11.2,968.7691068898057
3,43.09552879833448,-3.111718977253037,8.099808480965105,11.2,969.3847573012105
3,43.09552879833448,-3.111718977253037,7.945131375330539,11.2,970.0004077126152
3,43.09552879833448,-3.111718977253037,7.731440295012993,11.2,970.61605812402
3,42.971355293675984,-3.111570716856497,7.46605688060944,11.2,971.2299346282153
3,42.971355293675984,-3.111570716856497,7.471047147540019,11.2,971.8438111324107
3,42.84718178901749,-3.1114224564599575,7.467348892394572,11.2,972.4559137293967
3,42.723008284359,-3.111274196063418,7.515849456876421,11.2,973.0662424191732
3,41.977966548329796,-3.1112741960634196,7.749810967245579,11.2,973.665927655578
3,41.2329276446111,-3.1130533182856315,7.996135605021058,11.2,974.2549694790724
3,40.48790573467792,-3.1183906443718095,8.284600524194495,11.2,974.833368132425
3,39.618740767064224,-3.1277308718148085,8.6431255918461,11.2,975.399350143383
3,38.501274814318236,-3.1424082325885916,9.13426723236425,11.2,975.9493683550161
3,37.50802555705999,-3.159012615835973,9.562389914040141,11.2,976.4851972915455
3,36.63898945402621,-3.176654395776384,10.101147344137393,11.2,977.008611426603
3,35.645829881236274,-3.1980022595465942,10.61192893310768,11.2,977.5178375677635
3,34.65272506161405,-3.221721657308698,11.034794081301792,11.2,978.0128764972152
3,33.90794034327779,-3.241289788496309,11.432401287965883,11.2,978.4972756449763
3,33.411417197720276,-3.2543352092880498,11.75807218943868,11.2,978.9745816049438
3,33.16315562494152,-3.2608579196839202,12.01332137519536,11.2,979.4483409710143
3,33.65970803475263,-3.2489982208028683,12.222456825732513,11.2,979.9291939429394
3,33.65970803475263,-3.2489982208028683,11.792672630364082,11.2,980.4100469148644
3,33.90799792795012,-3.243661254860316,11.33094902841155,11.2,980.8944468852637
3,35.02537891505114,-3.223647204593175,10.822623823266627,11.2,981.394809441193
3,35.89454223057839,-3.2143069949038257,10.274493711831749,11.2,981.9075886159156
3,36.63957901007087,-3.2125278777541775,9.549371816452359,11.2,982.4310111732024
3,37.136258867241146,-3.2160860849999104,8.963193274550223,11.2,982.9615291570201
3,37.01209244329633,-3.2147517667937677,8.965006312790951,11.2,983.4902733347815
3,37.01209244329633,-3.2147517667937677,9.554052396496335,11.2,984.0190175125429
3,36.76375652712207,-3.2123796353933574,9.963842200445992,11.2,984.5442140343589
3,36.63958727090793,-3.2113418244535326,10.001345471737322,11.2,985.0676367096576
3,36.76375865133819,-3.2120831222091004,9.957822939437177,11.2,985.5928332618196
3,36.76375865133819,-3.2120831222091004,9.834835887936764,11.2,986.1180298139816
3,36.887931447919264,-3.212527902553298,9.631192771841498,11.2,986.6450002632375
3,37.13627845723625,-3.212527902553298,9.604253527743975,11.2,987.1755185269124
3,37.13627845723625,-3.212527902553298,9.516479019193909,11.2,987.7060367905872
3,37.26045125381732,-3.2120831222091004,9.470978794381733,11.2,988.238328951356
3,37.26045125381732,-3.2120831222091004,9.378016802423511,11.2,988.7706211121249
3,37.26045125381732,-3.2120831222091004,9.42845101484418,11.2,989.3029132728938
3,37.384622634247584,-3.2113418244535326,9.620024816236283,11.2,989.8369793105259
3,37.632963506912,-3.2095627140672955,9.73072442503758,11.2,990.3745930749103
3,38.00547764820278,-3.207338820800592,9.755451752008392,11.2,990.9175284698846
3,38.5021664742722,-3.2049666623465916,9.654773609321513,11.2,991.4675594195171
3,38.998855300341624,-3.202594503892591,9.280021161377789,11.2,992.0246859238077
3,39.49554790282075,-3.2014084224111166,8.818189974703033,11.2,992.5889080367052
3,39.86806841679624,-3.2018532036007357,8.540748200669032,11.2,993.1584518712309
3,39.992241921454735,-3.2020014639972754,8.514997619112343,11.2,993.7297696129659
3,39.992241921454735,-3.2020014639972754,8.90290867124473,11.2,994.3010873547009
3,39.992241921454735,-3.2020014639972754,9.164846795701543,11.2,994.872405096436
3,40.240589166797804,-3.202001463997275,9.317846972375877,11.2,995.4472706559617
3,40.48893641214087,-3.2020014639972745,9.166536270029257,11.2,996.025684033278
3,40.73728365748394,-3.202001463997274,8.877572467124754,11.2,996.607645228385
3,40.861457162142436,-3.2018532036007343,8.544221580492026,11.2,997.1913803307012
3,40.98562995872351,-3.2014084232565367,8.47400407996673,11.2,997.7768893301115
3,41.2339705953679,-3.199629314561144,8.700615147279239,11.2,998.3659460529025
3,41.109804171423086,-3.200963632767287,8.825806609303436,11.2,998.953228969637
3,41.109804171423086,-3.200963632767287,8.872457840079027,11.2,999.5405118863716
3,41.2339705953679,-3.199629314561144,8.82218344447779,11.2,1000.1295686091626
3,41.730651868656686,-3.1960710971703588,8.765395164309082,11.2,1000.7257207787148
3,42.1031702583999,-3.194736756137766,8.623929351651473,11.2,1001.3271946395491
3,42.351517267716886,-3.194736756137766,8.35806436930638,11.2,1001.9322163148022
3,42.47569077237538,-3.1948850165343057,8.02777840231263,11.2,1002.5390118972647
3,42.47569077237538,-3.1948850165343057,8.061673360618283,11.2,1003.1458074797272
3,42.351517267716886,-3.1950332769308454,8.317159790926787,11.2,1003.7508291549802
3,42.351517267716886,-3.1950332769308454,8.518822415252192,11.2,1004.3558508302333
3,42.351517267716886,-3.1950332769308454,8.583690337857425,11.2,1004.9608725054863
3,42.351517267716886,-3.1950332769308454,8.44942284602215,11.2,1005.5658941807394
3,42.351517267716886,-3.1950332769308454,8.281722890341637,11.2,1006.1709158559925
3,42.351517267716886,-3.1950332769308454,8.19326732039124,11.2,1006.7759375312455
3,42.351517267716886,-3.1950332769308454,8.018393512877742,11.2,1007.3809592064986
3,42.22734376305839,-3.195181537327385,8.128025445938384,11.2,1007.9842069745423
3,42.22734376305839,-3.195181537327385,8.1875831010704,11.2,1008.587454742586
3,42.22734376305839,-3.195181537327385,8.196528113768656,11.2,1009.1907025106298
3,42.1031702583999,-3.1950332769308454,8.16092860441604,11.2,1009.792176371464
3,42.1031702583999,-3.1950332769308454,8.066635346869989,11.2,1010.3936502322983
3,42.1031702583999,-3.1950332769308454,7.917991659890619,11.2,1010.9951240931326
3,42.1031702583999,-3.1950332769308454,7.8883030865675705,11.2,1011.5965979539669
3,42.1031702583999,-3.1950332769308454,7.848162367312249,11.2,1012.1980718148012
3,41.85482372113493,-3.1944402356264896,7.828596023155686,11.2,1012.7959978679603
3,41.730650924553856,-3.193995455282292,7.82237845274742,11.2,1013.3921500240253
3,41.606479544123594,-3.193254157526724,7.759697769311504,11.2,1013.9865283032271
3,41.482310287909456,-3.1922163465868993,7.777679994346101,11.2,1014.5791327359116
3,41.2339809803262,-3.189251210517003,7.725209797469632,11.2,1015.168189607059
3,41.10982234501099,-3.187323902295096,7.764937813149414,11.2,1015.7554727834164
3,40.86152065129253,-3.182579860427962,7.759549231116529,11.2,1016.3392087927206
3,40.61323075809504,-3.1772428944854103,7.97355836867,11.2,1016.9193978035505
3,39.62007118530511,-3.155895030715205,8.283511230590344,11.2,1017.4853988204834
3,38.502690198204085,-3.1358809804480816,8.725559876658266,11.2,1018.0354372518863
3,37.63355001273498,-3.124465255401806,9.301486770412096,11.2,1018.5730593949253
3,36.640207292099184,-3.114976738817936,9.824130258543736,11.2,1019.0964909276696
3,35.39848640704254,-3.109046348319109,10.42481558606704,11.2,1019.6021835906273
3,34.15675136045759,-3.109046348319109,11.004214650331273,11.2,1020.090137181491
3,33.53588737755224,-3.111270250040097,11.53801376588044,11.2,1020.5692212868845
3,32.66670423617743,-3.118534912810346,12.010584767016846,11.2,1021.0358884902585
3,32.41838271722377,-3.122093038896012,12.444622190096393,11.2,1021.4990082433617
3,32.41838271722377,-3.122093038896012,12.766550817714407,11.2,1021.9621279964649
3,32.54253639622312,-3.1198692513060795,12.42923123161195,11.2,1022.4270213735538
3,33.04699173832623,-3.1198692513060795,12.091100785329811,11.2,1022.8991212555298
3,33.9161005335499,-3.1063781193963487,11.732671601525515,11.2,1023.3836369774377
3,34.7852655011636,-3.0970378919533497,11.1173707311025,11.2,1023.88056934174
3,35.40611178223428,-3.0918488372542257,10.4956728534301,11.2,1024.3863709386292
3,36.77201254463493,-3.090217982191976,9.808578652900326,11.2,1024.9116854035526
3,37.889503987812084,-3.1022267775689287,8.988216979072496,11.2,1025.45296403195
3,38.137825506765736,-3.1057849036545893,8.185328836095445,11.2,1025.997790110618
3,38.137825506765736,-3.1057849036545893,8.82986159167614,11.2,1026.5426161892863
3,37.64114376143691,-3.102226682882118,9.250954852126227,11.2,1027.0803468144497
3,37.26862962014613,-3.1000027896154143,9.5575476113199,11.2,1027.6127558090232
3,36.89610981424807,-3.0995580092712167,9.769804816148637,11.2,1028.1398430920838
3,36.89610981424807,-3.0995580092712167,9.917186190727408,11.2,1028.6669303751444
3,36.89610981424807,-3.0995580092712167,10.030969587249537,11.2,1029.194017658205
3,37.26861687483728,-3.0964445823696813,10.08088122565573,11.2,1029.7264264707026
3,37.88948321800071,-3.095703281796019,9.781112894589574,11.2,1030.2677048023884
3,38.7586927940682,-3.098816744205402,9.289330579688912,11.2,1030.8214004137321
3,39.37954969621949,-3.1025232329832413,8.755964111779713,11.2,1031.3839654093924
3,39.503721076649754,-3.103264530738809,8.619855992021112,11.2,1031.948304281916
3,39.627893873230825,-3.1037093110830067,9.110679797777086,11.2,1032.5144170515337
3,39.50372060459814,-3.1038575711977394,9.491919593828653,11.2,1033.0787559173136
3,39.37954922416788,-3.1045988689533073,9.795386543037077,11.2,1033.6413209062302
3,39.75206336545866,-3.1023749756866037,9.701553944387156,11.2,1034.2092075257367
3,40.12457750674944,-3.1001510824199,9.41713017533904,11.2,1034.7824157758332
3,40.74543440890073,-3.096444593642061,9.095535211239659,11.2,1035.364493410246
3,41.738819613858986,-3.096444593642061,8.717647469466828,11.2,1035.9607622618726
3,42.85634079562661,-3.105784874346667,8.059164198260941,11.2,1036.57299570181
3,43.35298383353392,-3.112901126517988,7.515615601356479,11.2,1037.192324042289
3,43.60130535248757,-3.1164592526036485,7.346427267168976,11.2,1037.8151998330388
3,43.725471776432386,-3.1177935708097912,7.855722204390649,11.2,1038.439849429845
3,43.47713586025812,-3.115421439409381,8.200800963813,11.2,1039.0609513707059
3,43.47713586025812,-3.115421439409381,8.376354968757559,11.2,1039.6820533115667
3,43.60130511647226,-3.1164592503492057,8.390656367483253,11.2,1040.304929098945
3,43.72547649690252,-3.1172005481047735,8.330387261646097,11.2,1040.9295787631863
3,43.849649293483594,-3.117645328448971,8.16410029047405,11.2,1041.5560023245218
3,43.849649293483594,-3.117645328448971,7.973016832660459,11.2,1042.1824258858574
3,44.09799630280058,-3.117645328448971,8.10297831514203,11.2,1042.8123972616117
3,44.22216909938165,-3.1172005481047735,8.134371753134062,11.2,1043.44414253446
3,44.22216909938165,-3.1172005481047735,8.087031620813443,11.2,1044.0758878073084
3,44.22216909938165,-3.1172005481047735,7.932963403698761,11.2,1044.7076330801567
3,44.22216909938165,-3.1172005481047735,8.041003409592063,11.2,1045.339378353005
3,44.22216909938165,-3.1172005481047735,8.030976478713484,11.2,1045.9711236258534
3,44.09799630280058,-3.117645328448971,8.030659514718412,11.2,1046.6010950016077
3,43.97382279814209,-3.117793588845511,8.172817395919937,11.2,1047.2292924701526
3,43.97382279814209,-3.117793588845511,8.190292217158044,11.2,1047.8574899386974
3,43.97382279814209,-3.117793588845511,8.130477657882105,11.2,1048.4856874072423
3,43.97382279814209,-3.117793588845511,8.036931729935866,11.2,1049.113884875787
3,43.97382279814209,-3.117793588845511,7.929940951412757,11.2,1049.742082344332
3,43.849649293483594,-3.117645328448971,7.9605458708953645,11.2,1050.3685059056675
3,43.849649293483594,-3.117645328448971,7.9632440697304965,11.2,1050.994929467003
3,43.72547649690252,-3.1172005481047735,7.9439386222692825,11.2,1051.6195791312443
3,43.60130511647226,-3.1164592503492057,7.813098177353633,11.2,1052.2424549186226
3,43.60130511647226,-3.1164592503492057,7.805867142878078,11.2,1052.8653307060008
3,43.47713586025812,-3.115421439409381,7.766145062266553,11.2,1053.4864326468617
3,43.22879994408386,-3.1130493080089705,7.630403248175077,11.2,1054.1039869317772
3,42.9804640279096,-3.11067717660856,7.81544902108799,11.2,1054.7179935607473
3,42.48378275462081,-3.107118959217775,8.016059244310872,11.2,1055.3249047429563
3,41.73874385090212,-3.105339836995563,8.313598731124607,11.2,1055.9211725122548
3,41.24205124842299,-3.1065259184770375,8.645765085181477,11.2,1056.5103446729465
3,40.00034806520102,-3.115421461954001,9.029071877626437,11.2,1057.081778216735
3,39.131209531771255,-3.126837165301555,9.461573199893452,11.2,1057.6407954957604
3,38.386304450615874,-3.141069290902958,9.83111818878161,11.2,1058.1891712736262
3,37.51731295306826,-3.160786237055113,10.206067542425869,11.2,1058.7251328872414
3,36.524267605731865,-3.18687705384219,10.524158174284658,11.2,1059.246908138752
3,36.027777027680855,-3.201108110884098,10.833929391689859,11.2,1059.7615906677188
3,35.531286449629846,-3.2153391679260057,11.11158288287469,11.2,1060.269180474142
3,35.4071596751945,-3.218748729275414,11.318042103587498,11.2,1060.7749970409307
3,35.4071596751945,-3.218748729275414,11.293491091540748,11.2,1061.2808136077192
3,35.53131335419385,-3.2165249416854813,10.985929768807637,11.2,1061.7884037984934
3,35.53131335419385,-3.2165249416854813,10.620075906440967,11.2,1062.2959939892676
3,35.903774391191895,-3.2098535789156832,10.41634418025644,11.2,1062.8089050519989
3,36.27627153891761,-3.2058506471233623,10.231717293964715,11.2,1063.327137502555
3,36.52461784015718,-3.205257606382625,10.180329614028356,11.2,1063.8489177574143
3,36.64879134481567,-3.2051093459860853,10.133547518344983,11.2,1064.3724719194831
3,36.5246185482346,-3.205554126330283,9.98942146672003,11.2,1064.8942521844579
3,36.5246185482346,-3.205554126330283,9.793273414198786,11.2,1065.4160324494326
3,36.5246185482346,-3.205554126330283,9.765067192202341,11.2,1065.9378127144073
3,36.5246185482346,-3.205554126330283,9.858368604697477,11.2,1066.459592979382
3,36.40044575165353,-3.2059989066744805,9.990341474166295,11.2,1066.9795993472628
3,36.40044575165353,-3.2059989066744805,10.028296687222051,11.2,1067.4996057151436
3,36.5246185482346,-3.205554126330283,9.992010651184875,11.2,1068.0213859801183
3,36.772964849474164,-3.2049610855895456,10.014224142377381,11.2,1068.5467140493965
3,36.89713835413266,-3.2051093459860853,10.013506100059757,11.2,1069.073816025884
3,37.5179940761751,-3.2088158277187357,9.84526816530108,11.2,1069.6097873698295
3,38.01465269134162,-3.2147460998585284,9.478955500642186,11.2,1070.1528538368486
3,38.63544586791768,-3.224382640968063,9.090141579336324,11.2,1070.704788777819
3,38.75960450323289,-3.22630994918997,8.612940858699218,11.2,1071.2584974135793
3,38.75960450323289,-3.22630994918997,8.731750884817222,11.2,1071.8122060493397
3,38.75960450323289,-3.22630994918997,9.093337540543814,11.2,1072.3659146851
3,38.75960450323289,-3.22630994918997,9.37576643000347,11.2,1072.9196233208604
3,38.88377375944703,-3.2273477601297946,9.373183350722245,11.2,1073.4751058031381
3,38.88377375944703,-3.2273477601297946,9.189316514717197,11.2,1074.030588285416
3,39.00794513987729,-3.2280890578853625,9.1226782528567,11.2,1074.587844644557
3,39.25629144111686,-3.2286820986261,8.959709528411064,11.2,1075.1486488080016
3,39.38046494577535,-3.22853383822956,8.981045946037503,11.2,1075.7112268786555
3,39.38046494577535,-3.22853383822956,9.043565127911645,11.2,1076.2738049493094
3,39.38046494577535,-3.22853383822956,8.994003016791371,11.2,1076.8363830199633
3,39.38046494577535,-3.22853383822956,9.044401334660117,11.2,1077.3989610906171
3,39.50463774235642,-3.2280890578853625,9.0769540573414,11.2,1077.9633130583652
3,39.50463774235642,-3.2280890578853625,8.987491189542828,11.2,1078.5276650261133
3,39.50463774235642,-3.2280890578853625,8.956212993140884,11.2,1079.0920169938613
3,39.628809122786684,-3.2273477601297946,9.02160959716292,11.2,1079.6581428384725
3,39.628809122786684,-3.2273477601297946,8.994648693400995,11.2,1080.2242686830837
3,39.75297837900082,-3.22630994918997,9.006232029379012,11.2,1080.7921683742122
3,39.75297837900082,-3.22630994918997,8.947134841481766,11.2,1081.3600680653408
3,39.75297837900082,-3.22630994918997,8.965617845173199,11.2,1081.9279677564693
3,39.75297837900082,-3.22630994918997,9.014875067678018,11.2,1082.495867447598
3,39.87714480294564,-3.224975630983827,8.968750365293076,11.2,1083.065540944783
3,39.87714480294564,-3.224975630983827,8.830421143673064,11.2,1083.635214441968
3,39.87714480294564,-3.224975630983827,8.809172340575346,11.2,1084.204887939153
3,39.87714480294564,-3.224975630983827,8.911224560075786,11.2,1084.774561436338
3,39.87714480294564,-3.224975630983827,8.898488629595422,11.2,1085.344234933523
3,39.75297837900082,-3.22630994918997,8.864537051476633,11.2,1085.9121346246516
3,39.75297837900082,-3.22630994918997,8.901155274539542,11.2,1086.4800343157801
3,39.75297837900082,-3.22630994918997,8.891413724383776,11.2,1087.0479340069087
3,39.75297837900082,-3.22630994918997,8.847742153500805,11.2,1087.6158336980372
3,39.75297837900082,-3.22630994918997,8.795753198720625,11.2,1088.1837333891658
3,39.628809122786684,-3.2273477601297946,8.809734459778426,11.2,1088.749859233777
3,39.628809122786684,-3.2273477601297946,8.758797985772775,11.2,1089.3159850783882
3,39.628809122786684,-3.2273477601297946,8.689684178289225,11.2,1089.8821109229993
3,39.628809122786684,-3.2273477601297946,8.665005838378127,11.2,1090.4482367676105
3,39.628809122786684,-3.2273477601297946,8.589683109698102,11.2,1091.0143626122217
3,39.628809122786684,-3.2273477601297946,8.529684191991956,11.2,1091.5804884568329
3,39.628809122786684,-3.2273477601297946,8.470926664160151,11.2,1092.146614301444
3,39.628809122786684,-3.2273477601297946,8.393413347692675,11.2,1092.7127401460552
3,39.628809122786684,-3.2273477601297946,8.323711053171868,11.2,1093.2788659906664
3,39.628809122786684,-3.2273477601297946,8.233669508352722,11.2,1093.8449918352776
3,39.628809122786684,-3.2273477601297946,8.138454209611188,11.2,1094.4111176798888
3,39.628809122786684,-3.2273477601297946,8.036123532915,11.2,1094.9772435245
3,39.628809122786684,-3.2273477601297946,7.920684827246268,11.2,1095.5433693691111
3,39.628809122786684,-3.2273477601297946,7.8074064948578625,11.2,1096.1094952137223
3,39.50463774235642,-3.2280890578853625,7.706721427475056,11.2,1096.6738471814704
3,39.25629332932171,-3.2292751371123627,7.741210893769072,11.2,1097.2346513718892
3,39.00794702808214,-3.2298681778531,7.7934676905516875,11.2,1097.7919077580048
3,38.635429346412316,-3.228533839356795,7.86214290488708,11.2,1098.3438424629535
3,38.26292157776991,-3.2254204065373204,8.077653057791169,11.2,1098.8904556283503
3,37.890422305935466,-3.2214174519188923,8.492868205495354,11.2,1099.431747375578
3,36.52459164254252,-3.2067399516513224,8.858488600329416,11.2,1099.9535272561857
3,35.65540684904357,-3.199475275072549,9.355206113380575,11.2,1100.462890211172
3,34.66204335838591,-3.1923588335276065,9.910555021028289,11.2,1100.9580622591488
3,33.420322473329264,-3.1864284430287793,10.461295155677767,11.2,1101.4354954373393
3,32.5511079407198,-3.1853906202530013,10.966176066261799,11.2,1101.9005112650639
3,31.68189340811034,-3.1864284430287793,11.43294887158814,11.2,1102.3531097423227
3,31.06102942520499,-3.188652344749767,11.865760206899624,11.2,1102.7968387341114
3,30.56434059913556,-3.191024503203768,12.238045031861025,11.2,1103.2334721712418
3,30.81268501217027,-3.189838423976768,12.356168306849707,11.2,1103.6736533857013
3,30.81268501217027,-3.189838423976768,12.06850699789183,11.2,1104.1138346001608
3,31.061029425204982,-3.1886523447497677,11.7046987203964,11.2,1104.5575635919495
3,31.806068328923676,-3.1886523447497677,11.324926671745404,11.2,1105.0119359966484
3,32.55107324526515,-3.1957687118976925,10.919305842083226,11.2,1105.4769513287235
3,33.29601018820884,-3.2082219993332286,10.244855134246588,11.2,1105.9526086171265
3,33.916717220916624,-3.2223055055294316,9.513397620364014,11.2,1106.437133148854
3,34.28912090811289,-3.231644934071497,9.193224625257159,11.2,1106.9269777332556
3,34.28912090811289,-3.231644934071497,9.699228350495398,11.2,1107.4168223176573
3,34.04081897841142,-3.2269008876956824,10.09218172113,11.2,1107.9031197316347
3,34.16497265741077,-3.229124675285615,10.355865498209788,11.2,1108.3911907695976
3,34.28912633641012,-3.2313484628755478,10.424875261422985,11.2,1108.8810354315463
3,34.53742826611159,-3.2360925092513626,10.17575246722221,11.2,1109.3744272639192
3,34.90987231026892,-3.2436532720829674,9.853574196299753,11.2,1109.8731397254944
3,35.28229723778933,-3.2521033918624624,9.457476819790758,11.2,1110.377172543177
3,35.53058689501524,-3.257440352732829,9.198665999088124,11.2,1110.884752355963
3,35.65474057401459,-3.2596641403227617,9.391403369843783,11.2,1111.3941057927345
3,35.65474057401459,-3.2596641403227617,9.659837097024893,11.2,1111.903459229506
3,35.903076254173534,-3.2620362694687293,9.82506183175474,11.2,1112.4163603188515
3,36.15141712683795,-3.263815379854965,9.89952681584233,11.2,1112.9328091349491
3,36.27558638305209,-3.2648531907947898,9.88706287142358,11.2,1113.4510317975642
3,36.89641850277615,-3.2715247818255033,9.622782209688518,11.2,1113.978123490461
3,37.14474804636866,-3.2744899207134286,9.176623689360971,11.2,1114.5087627482662
3,38.138034122183285,-3.2887224250560707,8.656390280941958,11.2,1115.0535918071546
3,38.38635564113694,-3.2922805511417312,8.377013793090523,11.2,1115.6019683163138
3,38.51052206508175,-3.293614869347874,8.673932658152092,11.2,1116.1521186315292
3,38.51052206508175,-3.293614869347874,8.98864632059746,11.2,1116.7022689467447
3,38.38634879644907,-3.2934666092331413,9.179544154141713,11.2,1117.2506453581225
3,38.51052159303014,-3.2930218288889437,9.257895084187604,11.2,1117.8007956665942
3,38.883039982773354,-3.291687487856351,9.236270350653815,11.2,1118.3562676663482
3,39.131386520038326,-3.291094446551994,8.898215185662204,11.2,1118.9152874737774
3,39.7522540433308,-3.2903531445692953,8.574855916216487,11.2,1119.4831768172535
3,40.24894664580993,-3.29153922605077,8.237111571512363,11.2,1120.0581617693365
3,40.373119442391,-3.2919840063949675,7.975557986356773,11.2,1120.6349206185134
3,40.373119442391,-3.2919840063949675,8.390027713883752,11.2,1121.2116794676904
3,40.24894593773251,-3.2918357459984278,8.65263908381504,11.2,1121.786664409658
3,40.24894593773251,-3.2918357459984278,8.80080510237682,11.2,1122.3616493516256
3,40.373119442391,-3.291687485601888,8.861780769000413,11.2,1122.9384082008025
3,40.373119442391,-3.291687485601888,8.872052045258522,11.2,1123.5151670499795
3,40.373119442391,-3.291687485601888,8.790250114105152,11.2,1124.0919258991564
3,40.49729223897207,-3.2912427052576905,8.631344281518805,11.2,1124.6704586454275
3,40.49729223897207,-3.2912427052576905,8.47070258210966,11.2,1125.2489913916986
3,40.621463619402334,-3.2905014075021226,8.502860323591928,11.2,1125.8292980148328
3,40.74563287561647,-3.289463596562298,8.644508152529305,11.2,1126.4113784844844
3,40.869799299561286,-3.2881292783561493,8.671012741778462,11.2,1126.9952327601925
3,40.869799299561286,-3.2881292783561493,8.592124930979097,11.2,1127.5790870359006
3,40.869799299561286,-3.2881292783561493,8.404432589729813,11.2,1128.1629413116086
3,40.869799299561286,-3.2881292783561493,8.268722377348624,11.2,1128.7467955873167
3,40.869799299561286,-3.2881292783561493,8.442081437747547,11.2,1129.3306498630247
3,40.74563287561647,-3.289463596562298,8.535309502411605,11.2,1129.9127303326763
3,40.621463619402334,-3.2905014075021226,8.474404337154116,11.2,1130.4930369558106
3,40.621463619402334,-3.2905014075021226,8.425193590958761,11.2,1131.0733435789448
3,40.621463619402334,-3.2905014075021226,8.421435314051056,11.2,1131.653650202079
3,40.621463619402334,-3.2905014075021226,8.393558518835,11.2,1132.2339568252132
3,40.621463619402334,-3.2905014075021226,8.306248271438076,11.2,1132.8142634483474
3,40.621463619402334,-3.2905014075021226,8.24366509853787,11.2,1133.3945700714817
3,40.621463619402334,-3.2905014075021226,8.186148782094817,11.2,1133.974876694616
3,40.621463619402334,-3.2905014075021226,8.089446115804739,11.2,1134.55518331775
3,40.621463619402334,-3.2905014075021226,8.007795341793445,11.2,1135.1354899408843
3,40.621463619402334,-3.2905014075021226,7.923303668476198,11.2,1135.7157965640185
3,40.621463619402334,-3.2905014075021226,7.819955946691636,11.2,1136.2961031871528
3,40.49729223897207,-3.2912427052576905,7.795261475016219,11.2,1136.8746359334239
3,40.12477384922886,-3.2925770462902832,7.82825090560942,11.2,1137.447846988413
3,40.000600344570366,-3.292725306686823,7.815807425973986,11.2,1138.0192841361925
3,39.7522540433308,-3.2921322659460857,7.773201552736305,11.2,1138.5871734796685
3,39.50391340668641,-3.290353157250693,7.807516674821906,11.2,1139.151515099764
3,39.25558409910315,-3.2873880211808024,7.795546301579421,11.2,1139.7123091583228
3,38.758940589192136,-3.2802717622462803,8.001168943044952,11.2,1140.266008309597
3,37.88983014198564,-3.2667806046928916,8.403168221221677,11.2,1140.8072915973396
3,37.269036965409576,-3.257144063583328,8.752035871557954,11.2,1141.3397064111311
3,36.02739042749329,-3.2423183832338753,9.287324802479576,11.2,1141.8543834172383
3,34.661528609137804,-3.2309024628958025,9.839433151097882,11.2,1142.3495481116545
3,33.66815190109249,-3.2261581504967407,10.41076837038251,11.2,1142.8305217102416
3,32.67476386382454,-3.2261581504967407,10.955890160313789,11.2,1143.2973040511533
3,31.433042978767894,-3.232088540995568,11.464083739915287,11.2,1143.7463475222785
3,30.688035938291048,-3.239204928433488,11.918799428717442,11.2,1144.1847480356826
3,30.191392900383736,-3.246321180604809,12.32513667766056,11.2,1144.6160536485452
3,30.067239221384387,-3.2485449681947416,12.683617459796569,11.2,1145.0455856374222
3,30.191392900383736,-3.246321180604809,12.371079444630906,11.2,1145.4768912502848
3,30.4397054506914,-3.242170080847814,11.96173907809654,11.2,1145.9117441852948
3,30.81218135663704,-3.236388156182076,11.571851380298646,11.2,1146.3519182046753
3,31.80552124509234,-3.226899666651498,11.184922389038032,11.2,1146.806282793891
3,32.55056014881103,-3.225120544429286,10.747155304224444,11.2,1147.2712907960167
3,33.171422951594074,-3.227344441923128,10.099068612237804,11.2,1147.7451682667538
3,33.91640875026298,-3.23623982477057,9.463284319850814,11.2,1148.2296883917575
3,34.04056738557819,-3.2381671329924826,9.205139913569887,11.2,1148.7159822115514
3,34.04056738557819,-3.2381671329924826,9.723285836241862,11.2,1149.2022760313453
3,33.6680688217808,-3.2341641859827672,10.123416191888623,11.2,1149.683248443085
3,33.54389744135054,-3.2334228882271994,10.413657790557341,11.2,1150.1624469779613
3,33.54389744135054,-3.2334228882271994,10.634510198786892,11.2,1150.6416455128376
3,33.79224468669361,-3.2334228882271985,10.77823609475335,11.2,1151.1243918655048
3,33.9164181913521,-3.2332746278306588,10.707924848320964,11.2,1151.6089121253813
3,34.66145921930307,-3.2332746278306588,10.447509780701845,11.2,1152.1040758285142
3,34.78563201588414,-3.2337194081748564,10.069731294211067,11.2,1152.601013428741
3,36.151491238044564,-3.2451353068138196,9.657909850937278,11.2,1153.1174633035703
3,37.14477731385919,-3.2593678111564617,9.089651319837811,11.2,1153.6481029794825
3,38.137933111107216,-3.2807155937717707,8.444640923623506,11.2,1154.1929305953554
3,38.510357330731885,-3.2891656974894925,7.964585607007566,11.2,1154.743078557223
3,38.634511009731234,-3.291389485079425,8.444208910074055,11.2,1155.2950001430763
3,38.38619845942357,-3.2872383853224316,8.871437404674664,11.2,1155.8433744067825
3,38.51035709473878,-3.2891656935443443,9.188777031898793,11.2,1156.3935223652788
3,38.51035709473878,-3.2891656935443443,9.259773005455463,11.2,1156.9436703237752
3,39.131188034401106,-3.2958372718938698,9.109648036283009,11.2,1157.5026872956953
3,39.876195074877955,-3.3029536593317723,8.881463655613246,11.2,1158.0723472253364
3,40.49700949307017,-3.3111077486505116,8.479702082677282,11.2,1158.6508759323804
3,40.99365300298119,-3.3182240075850338,8.177268898247885,11.2,1159.2364995467087
3,41.11781919091365,-3.319558323254939,7.805343745891549,11.2,1159.8238969637218
3,41.24199057134391,-3.320299621010507,8.157621447955265,11.2,1160.413068257598
3,41.24199057134391,-3.320299621010507,8.599279782385226,11.2,1161.0022395514743
3,40.99364427010435,-3.3197065802697696,8.946305294874778,11.2,1161.5878630410473
3,41.366164784079835,-3.3192617990801505,9.191513501014452,11.2,1162.1788082522485
3,41.73868317382305,-3.3179274580475577,9.121598590079817,11.2,1162.7750751547317
3,41.98702381046744,-3.316148349352165,8.93134493186805,11.2,1163.3748897805956
3,42.73204572040062,-3.310811023265987,8.653876194794103,11.2,1163.9853475766013
3,43.477084624119314,-3.309031901043775,8.297329031467944,11.2,1164.6064487855172
3,44.09794742690236,-3.311255798537617,7.849763556754729,11.2,1165.2364194630443
3,44.718778366564685,-3.3179273768871425,7.195351736283752,11.2,1165.875259153995
3,45.09127693036208,-3.321930323896858,6.648185215250786,11.2,1166.5194202530004
3,45.09127693036208,-3.321930323896858,7.3267159942391205,11.2,1167.1635813520056
3,44.59459518503325,-3.318372103124387,7.809670195890971,11.2,1167.8006469975062
3,44.59459518503325,-3.318372103124387,8.098665515388989,11.2,1168.4377126430068
3,44.71876656546351,-3.3191134008799548,8.155860115442056,11.2,1169.0765521653705
3,44.71876656546351,-3.3191134008799548,8.031767458550158,11.2,1169.7153916877342
3,44.967112866703076,-3.319706441620692,7.8055624656813505,11.2,1170.3577790144013
3,44.967112866703076,-3.319706441620692,7.464043243431668,11.2,1171.0001663410685
3,44.967112866703076,-3.319706441620692,7.212302227875396,11.2,1171.6425536677357
3,44.967112866703076,-3.319706441620692,7.447773116782592,11.2,1172.2849409944029
3,44.59459235272759,-3.319261660431073,7.522471701181225,11.2,1172.9220065994418
3,44.346245815462616,-3.318668619126717,7.769120224398942,11.2,1173.5555243968056
3,43.849551796828635,-3.318668619126717,7.882015536850064,11.2,1174.1819465653318
3,43.60120761981731,-3.3198546972264826,8.045755980235946,11.2,1174.8048209599006
3,43.47703836360317,-3.3208925081663074,8.153765213143048,11.2,1175.4259215079521
3,43.22870244742891,-3.323264639566719,8.30575451194594,11.2,1176.0434744000584
3,42.73204383226239,-3.329194911706512,8.523595599231456,11.2,1176.6539321690907
3,42.23541920363326,-3.3374971033302026,8.622632524038043,11.2,1177.257295300571
3,41.987117273931794,-3.3422411497060187,8.788152112253382,11.2,1177.8571112616273
3,41.862963594932445,-3.3444649372959514,8.848390910355358,11.2,1178.4551535986977
3,41.738804959617234,-3.346392245517864,8.894120454634722,11.2,1179.051422240978
3,41.738804959617234,-3.346392245517864,8.894124011795077,11.2,1179.647690883258
3,41.614642075978786,-3.3480230633816177,8.838816246796826,11.2,1180.2421857700579
3,41.49047565203397,-3.3493573815877604,8.706993205355927,11.2,1180.8349068508012
3,41.366306395819834,-3.350395192527585,8.535942563146744,11.2,1181.4258540850271
3,41.24213501538957,-3.351136490283153,8.450751042223901,11.2,1182.0150274423897
3,40.99378871415001,-3.3517295310238904,8.587989401612823,11.2,1182.600652995449
3,40.86961520949151,-3.3515812706273507,8.684790282813443,11.2,1183.1845046412989
3,40.74544241291044,-3.351136490283153,8.770428590982872,11.2,1183.7665823900547
3,40.124578430005094,-3.348912588562165,8.765225528451312,11.2,1184.3397906533405
3,40.0004049253466,-3.3487643281656254,8.993661210755214,11.2,1184.911225009417
3,39.62788441137111,-3.3483195469760063,9.108962060230306,11.2,1185.4773376438652
3,39.13119039273713,-3.3483195469760063,9.253211574393138,11.2,1186.0363546494757
3,38.510326409831784,-3.3505434486969943,9.43180145158739,11.2,1186.586502169616
3,38.13780802008857,-3.351877789729587,9.7599527695474,11.2,1187.1313279984745
3,37.64111966606591,-3.354249945929118,10.06715427497811,11.2,1187.6690582794183
3,36.771956350538666,-3.3635901556184673,10.286639729822552,11.2,1188.194371941569
3,36.399480444593024,-3.3693720802842053,10.508719480620947,11.2,1188.714364519349
3,36.399480444593024,-3.3693720802842053,10.788060040983499,11.2,1189.2343570971289
3,36.15116789428536,-3.3735231800412,11.00478834393718,11.2,1189.7508023527614
3,36.27532652960057,-3.3715958718192875,11.120452205187267,11.2,1190.2690213031842
3,36.52364828455608,-3.368037742352025,10.97947078647408,11.2,1190.7907877072494
3,36.771970039511594,-3.3644796128847623,10.785613093131152,11.2,1191.3161015649566
3,37.39280097917392,-3.357808034535227,10.520837745155385,11.2,1191.8502844360876
3,38.013663781956964,-3.3555841370413853,10.01609489067913,11.2,1192.3933367758298
3,38.75870268567566,-3.357363259263597,9.465843110313607,11.2,1192.9470325284822
3,39.00704709871037,-3.358549338490596,8.835125564610214,11.2,1193.5042760584638
3,39.50372837199916,-3.3621075558813813,8.290444935093392,11.2,1194.0686150352067
3,39.50372837199916,-3.3621075558813813,8.964477257707077,11.2,1194.6329540119496
3,39.379561948054345,-3.3607732376752386,9.513568634527418,11.2,1195.195519182636
3,39.2553990644159,-3.3591424198114908,9.845181738393052,11.2,1195.756310597842
3,39.379561948054345,-3.3607732376752386,9.825417451587073,11.2,1196.3188757685284
3,39.62789149164686,-3.363738376563164,9.729331850936504,11.2,1196.8849885041234
3,40.12455057883188,-3.369668654339015,9.496852864753244,11.2,1197.4581963695352
3,40.745342575420224,-3.3793051771316702,9.202933960796596,11.2,1198.0402726920413
3,40.993644505121694,-3.384049223507485,8.760643120288687,11.2,1198.6258961849717
3,41.241956819436254,-3.3882003193193304,8.337068442376143,11.2,1199.215066996678
3,41.3661197030747,-3.3898311371830783,8.68578825042939,11.2,1199.8060115638648
3,40.99362043124026,-3.38582818256465,8.9653110315842,11.2,1200.3916347128825
3,40.74527979459587,-3.3840490738692575,9.167179091130212,11.2,1200.9737101385197
3,40.86945259117694,-3.384493854213455,9.319495910128191,11.2,1201.5575594612508
3,41.117799600493925,-3.384493854213455,9.411450310254308,11.2,1202.1449565984008
3,41.36614377750525,-3.3833077761136896,9.437664083957795,11.2,1202.735901509508
3,41.73865791879603,-3.381083882846986,9.41210624351186,11.2,1203.3321680512051
3,42.35952190170138,-3.378859981125998,9.322821523240401,11.2,1203.9373040783723
3,42.85621592033536,-3.378859981125998,9.083296566482629,11.2,1204.549535734377
3,43.601248451369344,-3.3824182154252944,8.646126891391965,11.2,1205.1724107122538
3,44.22207939103167,-3.38908979377482,8.145638866574302,11.2,1205.8041547035543
3,44.59457795482906,-3.3930927407845353,7.560782767160214,11.2,1206.441220102909
3,44.59457795482906,-3.3930927407845353,7.699817883272036,11.2,1207.0782855022637
3,44.34623377781774,-3.39190666268477,8.188924623638325,11.2,1207.7118031276611
3,44.09788676850075,-3.39190666268477,8.580332676182362,11.2,1208.3417729386397
3,43.973715624092264,-3.3926479590313,8.82841091272929,11.2,1208.9699688761268
3,43.84955297645944,-3.3942787737952362,8.96411420676631,11.2,1209.5963910615048
3,44.346196014366754,-3.3871625216239036,9.013219956085834,11.2,1210.2299081474243
3,44.594525557959265,-3.384197382735977,8.770482332194932,11.2,1210.8669727982524
3,45.09119691827716,-3.379453124444042,8.452946616354005,11.2,1211.5111327542277
3,45.46371459994699,-3.378118785947737,7.977761330998804,11.2,1212.1606143913698
3,45.58788810460548,-3.377970525551197,7.447283892371192,11.2,1212.8118699357212
3,45.58788810460548,-3.377970525551197,7.8679588824745705,11.2,1213.4631254800727
3,45.33954156734051,-3.3785635668555543,8.164395608863929,11.2,1214.110833216749
3,45.21536806268202,-3.378711827252094,8.41264626866583,11.2,1214.7567670462158
3,45.21536806268202,-3.378711827252094,8.489099200926521,11.2,1215.4027008756827
3,45.21536806268202,-3.378711827252094,8.389542690614347,11.2,1216.0486347051497
3,45.33954156734051,-3.3785635668555543,8.317705178822001,11.2,1216.696342441826
3,45.33954156734051,-3.3785635668555543,8.173975634898396,11.2,1217.3440501785021
3,45.33954156734051,-3.3785635668555543,7.962767064945493,11.2,1217.9917579151784
3,45.33954156734051,-3.3785635668555543,7.892773518437756,11.2,1218.6394656518546
3,45.21536806268202,-3.378711827252094,8.008546149563434,11.2,1219.2853994813215
3,45.21536806268202,-3.378711827252094,8.077119287841727,11.2,1219.9313333107884
3,45.21536806268202,-3.378711827252094,8.032696534209522,11.2,1220.5772671402553
3,45.21536806268202,-3.378711827252094,7.959592363112968,11.2,1221.2232009697223
3,45.091194558023524,-3.3785635668555543,7.831429403348972,11.2,1221.8673608919798
3,45.091194558023524,-3.3785635668555543,7.796791084776019,11.2,1222.5115208142374
3,45.091194558023524,-3.3785635668555543,7.739251886396148,11.2,1223.155680736495
3,44.96702105336503,-3.3784153064590146,7.662798333191937,11.2,1223.798066751543
3,44.96702105336503,-3.3784153064590146,7.54700508734396,11.2,1224.440452766591
3,44.96702105336503,-3.3784153064590146,7.445067626424634,11.2,1225.082838781639
3,44.96702105336503,-3.3784153064590146,7.316594708856918,11.2,1225.7252247966871
3,44.84284754870654,-3.378267046062475,7.250589243319271,11.2,1226.3658369045258
3,44.718674752125466,-3.3778222657182773,7.2427395334902345,11.2,1227.0046751152704
3,44.47033411548107,-3.3760431570228846,7.265999250644115,11.2,1227.6399656026344
3,43.973662283132555,-3.3712988942220643,7.384847816238402,11.2,1228.2681607781078
3,43.228654534609774,-3.3641825000208336,7.690275645028145,11.2,1228.8857129857452
3,42.48364678608699,-3.357066105819603,8.185441861939621,11.2,1229.4926222255465
3,41.24194360286502,-3.3481705623426397,8.663706658564506,11.2,1230.0817928484446
3,40.0002120966672,-3.345205358638953,9.278446214045458,11.2,1230.6532244498255
3,38.882659051657726,-3.3492083741278686,9.889280313043304,11.2,1231.2086910077064
3,38.13763643366448,-3.3545457052865792,10.5444751539577,11.2,1231.7535143853302
3,36.39933623677037,-3.3753015985972974,11.125651790557075,11.2,1232.2735049029984
3,35.406129461896526,-3.3942777660658345,11.719830638135052,11.2,1232.779306752454
3,34.4130246422743,-3.4179971638279385,12.264120893760941,11.2,1233.2709213902008
3,34.28889007987554,-3.4211103066752995,12.784638391091809,11.2,1233.7607626770562
3,34.28889007987554,-3.4211103066752995,12.82214815717245,11.2,1234.2506039639115
3,34.537179737101454,-3.415773345804933,12.3914192814279,11.2,1234.7439922458702
3,35.40628853232513,-3.402282213895202,11.956150969427568,11.2,1235.2497963677606
3,35.77878780415957,-3.398279259276774,11.311962230984244,11.2,1235.76092190782
3,37.268854282406615,-3.3947210418859886,10.654385738720459,11.2,1236.2933341118544
3,38.26219417086192,-3.4042095314165666,9.827208421080439,11.2,1236.8399368857238
3,39.131268271940485,-3.419776014957663,8.949021813536667,11.2,1237.3989550038943
3,39.379569965658945,-3.424520056824797,8.358741229005725,11.2,1237.961520289118
3,39.255416286659596,-3.4222962692348644,8.831191331780277,11.2,1238.522311950356
3,39.00711435695813,-3.4175522228590496,9.186997482313004,11.2,1239.0795564411696
3,38.758802042643566,-3.41340112704721,9.480607865972653,11.2,1239.6332536132074
3,38.63463915900512,-3.4117703091834564,9.662439470887064,11.2,1240.1851770297646
3,38.386296870176025,-3.4105842401015454,9.75034371204267,11.2,1240.7335526993386
3,38.386296870176025,-3.4105842401015454,9.752721354250205,11.2,1241.2819283689125
3,38.262130682243566,-3.4119185557714524,9.747788999857566,11.2,1241.8285302358017
3,38.262130682243566,-3.4119185557714524,9.79322524582904,11.2,1242.375132102691
3,38.38628931755878,-3.4099912475495398,9.78300591209874,11.2,1242.9235076643704
3,38.510442996558126,-3.407767459959607,9.739678427296319,11.2,1243.4736568500355
3,38.634596675557475,-3.4055436723696744,9.742474844623766,11.2,1244.0255796596864
3,38.634596675557475,-3.4055436723696744,9.843014984043078,11.2,1244.5775024693373
3,39.37958247422638,-3.3966482895222234,9.918369398458303,11.2,1245.1400679332548
3,39.8762736605547,-3.395462211422458,9.84208584280552,11.2,1245.7097289855485
3,40.37296201457736,-3.397834367621989,9.518263310555009,11.2,1246.2864855857567
3,41.24212533010461,-3.407174577311325,9.145538297819675,11.2,1246.8756588047581
3,42.235329273185556,-3.426150690675749,8.656397639196745,11.2,1247.4790206515179
3,42.85600208517933,-3.4417164049125537,8.082341529691249,11.2,1248.0912492527348
3,43.104278290084885,-3.4476462543530797,7.598929374534077,11.2,1248.7070246568787
3,43.352579983803345,-3.452390296220214,7.961509614474539,11.2,1249.326347228076
3,43.352579983803345,-3.452390296220214,8.226530646187454,11.2,1249.9456697992732
3,43.352579983803345,-3.452390296220214,8.501299306839835,11.2,1250.5649923704705
3,43.352579983803345,-3.452390296220214,8.524761966280035,11.2,1251.1843149416677
3,43.352579983803345,-3.452390296220214,8.47221802526753,11.2,1251.803637512865
3,43.47674640774816,-3.4537246144263567,8.339398767192336,11.2,1252.4247338901184
3,43.6009156639623,-3.4547624253661815,8.136727782211283,11.2,1253.0476041138893
3,43.6009156639623,-3.4547624253661815,8.25206260228111,11.2,1253.6704743376602
3,43.6009156639623,-3.4547624253661815,8.427921525920665,11.2,1254.293344561431
3,43.6009156639623,-3.4547624253661815,8.513946764099543,11.2,1254.9162147852019
3,43.6009156639623,-3.4547624253661815,8.51597347922138,11.2,1255.5390850089727
3,43.6009156639623,-3.4547624253661815,8.563144240961043,11.2,1256.1619552327436
3,43.6009156639623,-3.4547624253661815,8.511421263426355,11.2,1256.7848254565145
3,43.6009156639623,-3.4547624253661815,8.562807184955833,11.2,1257.4076956802853
3,43.6009156639623,-3.4547624253661815,8.631460407212423,11.2,1258.0305659040562
3,43.6009156639623,-3.4547624253661815,8.639778666345848,11.2,1258.653436127827
3,43.72508704439256,-3.4555037231217494,8.630625931114652,11.2,1259.2780802284612
3,43.72508704439256,-3.4555037231217494,8.556759062204307,11.2,1259.9027243290955
3,43.84925984097363,-3.455948503465947,8.597445828571363,11.2,1260.5291423268236
3,43.84925984097363,-3.455948503465947,8.585681154560476,11.2,1261.1555603245517
3,43.973433345632124,-3.4560967638624867,8.5058407196709,11.2,1261.7837522294894
3,44.09760685029062,-3.455948503465947,8.40837339148737,11.2,1262.4137180416365
3,44.09760685029062,-3.455948503465947,8.363227775174794,11.2,1263.0436838537835
3,44.09760685029062,-3.455948503465947,8.401657573504759,11.2,1263.6736496659305
3,44.09760685029062,-3.455948503465947,8.393695027105549,11.2,1264.3036154780775
3,43.973433345632124,-3.4560967638624867,8.453345383535705,11.2,1264.9318073830152
3,43.973433345632124,-3.4560967638624867,8.396457200593037,11.2,1265.559999287953
3,43.973433345632124,-3.4560967638624867,8.37042909942079,11.2,1266.1881911928906
3,43.973433345632124,-3.4560967638624867,8.347077085110513,11.2,1266.8163830978283
3,43.973433345632124,-3.4560967638624867,8.296836581071215,11.2,1267.444575002766
3,43.973433345632124,-3.4560967638624867,8.252118790257478,11.2,1268.0727669077037
3,43.973433345632124,-3.4560967638624867,8.19515096754346,11.2,1268.7009588126414
3,43.973433345632124,-3.4560967638624867,8.132960200475532,11.2,1269.329150717579
3,43.973433345632124,-3.4560967638624867,8.05905821534583,11.2,1269.9573426225168
3,43.973433345632124,-3.4560967638624867,8.004627522780526,11.2,1270.5855345274545
3,43.84925984097363,-3.455948503465947,7.976210188484298,11.2,1271.2119525251826
3,43.72508704439256,-3.4555037231217494,7.9570292624499706,11.2,1271.8365966258168
3,43.6009156639623,-3.4547624253661815,7.929310641879883,11.2,1272.4594668495877
3,43.6009156639623,-3.4547624253661815,7.914305847568552,11.2,1273.0823370733585
3,43.35257998380335,-3.452390296220214,7.854964324575579,11.2,1273.7016596445558
3,43.35257998380335,-3.452390296220214,7.8130077411414,11.2,1274.320982215753
3,43.228417100164904,-3.450759478356466,7.806287571324193,11.2,1274.9385310314697
3,42.85594119421926,-3.444977553690728,7.884048726320491,11.2,1275.5507587628156
3,42.2351480176432,-3.4353410125811648,8.085136230687564,11.2,1276.1541180202105
3,41.61431707798087,-3.4286694342316393,8.417892905242102,11.2,1276.7486082641817
3,40.869284546946886,-3.425111199932343,8.735687273570955,11.2,1277.3324551862809
3,40.372590528312905,-3.425111199932343,9.241526913916104,11.2,1277.9092064795425
3,38.88255095680207,-3.435785821669542,9.744781391697373,11.2,1278.4646714932112
3,38.013442161578396,-3.4492769535792727,10.258795293465576,11.2,1279.007720666948
3,36.896169502704396,-3.4746272647324554,10.687550137780033,11.2,1279.5348088027008
3,36.15143434341542,-3.4959738300077867,11.114745894655968,11.2,1280.0512578647497
3,35.53088896779487,-3.51598552168819,11.538023667086026,11.2,1280.558841992861
3,35.28268049289936,-3.524286561353977,11.9351469481776,11.2,1281.0628802856168
3,35.15857141777525,-3.528288899690058,12.225448204259607,11.2,1281.565145591585
3,35.28268049289936,-3.524286561353977,12.084322588949316,11.2,1282.0691838843406
3,35.53090784668445,-3.516578262608861,11.764898622612906,11.2,1282.5767682821504
3,36.275734337774466,-3.498788765008157,11.419989118170303,11.2,1283.0949930584043
3,37.269017581570104,-3.4845563012446736,10.793468527629384,11.2,1283.6274075952838
3,38.13821559242952,-3.479367226818963,10.117843953894427,11.2,1284.1722392466042
3,39.25576438900593,-3.4833702270902256,9.386759690081927,11.2,1284.7330358807328
3,40.124902922435695,-3.4947859304377666,8.593811344383877,11.2,1285.3062487796246
3,40.37321547274336,-3.49893703019476,8.135868373256653,11.2,1285.8830090006638
3,40.37321547274336,-3.49893703019476,8.414929172418974,11.2,1286.459769221703
3,40.24906179374401,-3.4967132426048275,8.862326911326686,11.2,1287.0347558187566
3,40.00075986404254,-3.4919691962290127,9.100385397163219,11.2,1287.6061952453858
3,40.12491354304189,-3.4941929838189454,9.131972064074422,11.2,1288.1794082960007
3,40.12491354304189,-3.4941929838189454,8.972706782441017,11.2,1288.7526213466156
3,40.2490721783571,-3.496120292040858,8.931834990659521,11.2,1289.3276080920207
3,40.2490721783571,-3.496120292040858,8.791837092246384,11.2,1289.9025948374258
3,40.2490721783571,-3.496120292040858,8.610510441562637,11.2,1290.477581582831
3,40.2490721783571,-3.496120292040858,8.74368118523076,11.2,1291.052568328236
3,40.2490721783571,-3.496120292040858,8.908804023747628,11.2,1291.6275550736411
3,40.2490721783571,-3.496120292040858,8.952284491335252,11.2,1292.2025418190462
3,40.2490721783571,-3.496120292040858,8.88810934775987,11.2,1292.7775285644514
3,40.2490721783571,-3.496120292040858,8.958730621935214,11.2,1293.3525153098565
3,40.2490721783571,-3.496120292040858,9.00978675914391,11.2,1293.9275020552616
3,40.2490721783571,-3.496120292040858,9.039605836264148,11.2,1294.5024888006667
3,40.2490721783571,-3.496120292040858,9.068510778629594,11.2,1295.0774755460718
3,40.2490721783571,-3.496120292040858,9.086992154885175,11.2,1295.652462291477
3,40.37323506199555,-3.497751109904606,9.128061295006408,11.2,1296.2292227923626
3,40.497401485940365,-3.4990854281107486,9.087964010758537,11.2,1296.8077570993046
3,40.497401485940365,-3.4990854281107486,9.07946919568359,11.2,1297.3862914062465
3,40.6215707421545,-3.5001232390505734,9.078206755348495,11.2,1297.9665995597059
3,40.6215707421545,-3.5001232390505734,9.007350245296184,11.2,1298.5469077131652
3,40.6215707421545,-3.5001232390505734,9.037698509187374,11.2,1299.1272158666245
3,40.745742122584765,-3.5008645368061413,9.091466644959013,11.2,1299.7092978969472
3,40.745742122584765,-3.5008645368061413,9.111812781121584,11.2,1300.2913799272699
3,40.745742122584765,-3.5008645368061413,9.120752167216477,11.2,1300.8734619575926
3,40.745742122584765,-3.5008645368061413,9.156051911304193,11.2,1301.4555439879152
3,40.869914919165836,-3.501309317150339,9.170135272245135,11.2,1302.0393999153318
3,40.99408842382433,-3.5014575775468786,9.163490061411604,11.2,1302.625029749958
3,41.11826192848282,-3.501309317150339,9.153596277077884,11.2,1303.2124334917935
3,41.242434725063895,-3.5008645368061413,9.123591211164097,11.2,1303.801611130723
3,41.36660610549416,-3.5001232390505734,9.089527234634106,11.2,1304.3925626465157
3,41.490775361708295,-3.4990854281107486,9.042346411704852,11.2,1304.9852880088258
3,41.490775361708295,-3.4990854281107486,8.978877728719583,11.2,1305.578013371136
3,41.61494178565311,-3.4977511099046,8.914750808184042,11.2,1306.1725125395023
3,41.61494178565311,-3.4977511099046,8.835515444884857,11.2,1306.7670117078687
3,41.61494178565311,-3.4977511099046,8.856794384201814,11.2,1307.3615108762351
3,41.61494178565311,-3.4977511099046,8.939830785736836,11.2,1307.9560100446015
3,41.490775361708295,-3.4990854281107486,8.983411809096067,11.2,1308.5487354069116
3,41.490775361708295,-3.4990854281107486,9.007011825509153,11.2,1309.1414607692218
3,41.61494178565311,-3.4977511099046,8.96149929192808,11.2,1309.7359599375882
3,41.61494178565311,-3.4977511099046,8.952693319842467,11.2,1310.3304591059546
3,41.61494178565311,-3.4977511099046,8.989575309775882,11.2,1310.924958274321
3,41.61494178565311,-3.4977511099046,8.983993197144457,11.2,1311.5194574426873
3,41.61494178565311,-3.4977511099046,9.00679768817036,11.2,1312.1139566110537
3,41.73910466929156,-3.4961202920408523,8.977936610901969,11.2,1312.7102295349007
3,41.73910466929156,-3.4961202920408523,8.98961900577558,11.2,1313.3065024587477
3,41.73910466929156,-3.4961202920408523,8.972726676782063,11.2,1313.9027753825947
3,41.73910466929156,-3.4961202920408523,8.948569894197389,11.2,1314.4990483064416
3,41.73910466929156,-3.4961202920408523,8.94522928444018,11.2,1315.0953212302886
3,41.73910466929156,-3.4961202920408523,8.981644273869328,11.2,1315.6915941541356
3,41.73910466929156,-3.4961202920408523,8.991959008624505,11.2,1316.2878670779826
3,41.73910466929156,-3.4961202920408523,9.00766507302718,11.2,1316.8841400018296
3,41.73910466929156,-3.4961202920408523,9.004186472929602,11.2,1317.4804129256765
3,41.73910466929156,-3.4961202920408523,9.025273421135717,11.2,1318.0766858495235
3,41.61494178565311,-3.4977511099046,9.033536373981692,11.2,1318.67118501789
3,41.73910466929156,-3.4961202920408523,8.991706140479895,11.2,1319.267457941737
3,41.73910466929156,-3.4961202920408523,8.954467336926822,11.2,1319.8637308655839
3,41.73910466929156,-3.4961202920408523,8.91736929228249,11.2,1320.4600037894309
3,41.73910466929156,-3.4961202920408523,8.932643857792275,11.2,1321.0562767132778
3,41.73910466929156,-3.4961202920408523,8.919731108735228,11.2,1321.6525496371248
3,41.73910466929156,-3.4961202920408523,8.943944902237588,11.2,1322.2488225609718
3,41.61494178565311,-3.4977511099046,8.952403992645184,11.2,1322.8433217293382
3,41.61494178565311,-3.4977511099046,8.972569904434282,11.2,1323.4378208977046
3,41.61494178565311,-3.4977511099046,8.960237651181957,11.2,1324.032320066071
3,41.490775361708295,-3.4990854281107486,8.970071992001339,11.2,1324.625045428381
3,41.490775361708295,-3.4990854281107486,8.970563629942761,11.2,1325.2177707906912
3,41.490775361708295,-3.4990854281107486,8.9399289963385,11.2,1325.8104961530014
3,41.490775361708295,-3.4990854281107486,8.934505369936288,11.2,1326.4032215153115
3,41.490775361708295,-3.4990854281107486,8.904836095915753,11.2,1326.9959468776217
3,41.490775361708295,-3.4990854281107486,8.898939318795348,11.2,1327.5886722399318
3,41.490775361708295,-3.4990854281107486,8.873991805381612,11.2,1328.181397602242
3,41.490775361708295,-3.4990854281107486,8.856219079725525,11.2,1328.7741229645521
3,41.490775361708295,-3.4990854281107486,8.83343039202196,11.2,1329.3668483268623
3,41.490775361708295,-3.4990854281107486,8.813067997703339,11.2,1329.9595736891724
3,41.490775361708295,-3.4990854281107486,8.78841045037981,11.2,1330.5522990514826
3,41.490775361708295,-3.4990854281107486,8.764046273717089,11.2,1331.1450244137927
3,41.490775361708295,-3.4990854281107486,8.736215838756001,11.2,1331.7377497761029
3,41.490775361708295,-3.4990854281107486,8.70897350072564,11.2,1332.330475138413
3,41.490775361708295,-3.4990854281107486,8.682659508766465,11.2,1332.9232005007232
3,41.490775361708295,-3.4990854281107486,8.652158130027578,11.2,1333.5159258630333
3,41.490775361708295,-3.4990854281107486,8.623330555941388,11.2,1334.1086512253435
3,41.490775361708295,-3.4990854281107486,8.589534406785253,11.2,1334.7013765876536
3,41.490775361708295,-3.4990854281107486,8.555839151193084,11.2,1335.2941019499638
3,41.490775361708295,-3.4990854281107486,8.521558412349178,11.2,1335.886827312274
3,41.36660610549416,-3.5001232390505734,8.544187906440527,11.2,1336.4777788280667
3,41.242434725063895,-3.5008645368061413,8.585418580020407,11.2,1337.066956466996
3,41.242434725063895,-3.5008645368061413,8.57736130485904,11.2,1337.6561341059255
3,41.11826192848282,-3.501309317150339,8.599116323563543,11.2,1338.243537847761
3,40.99408842382433,-3.5014575775468786,8.569241086904098,11.2,1338.8291676823872
3,40.99408842382433,-3.5014575775468786,8.552319718102751,11.2,1339.4147975170133
3,40.99408842382433,-3.5014575775468786,8.514932553236553,11.2,1340.0004273516395
3,40.869914919165836,-3.501309317150339,8.518091923860863,11.2,1340.584283279056
3,40.745742122584765,-3.5008645368061413,8.567138674065696,11.2,1341.1663653093788
3,40.6215707421545,-3.5001232390505734,8.580093381072958,11.2,1341.746673462838
3,40.497401485940365,-3.4990854281107486,8.571319176260424,11.2,1342.32520776978
3,40.37323506199555,-3.497751109904606,8.54935924573566,11.2,1342.9019682706657
3,40.2490721783571,-3.496120292040858,8.548108538141818,11.2,1343.4769550160709
3,40.2490721783571,-3.496120292040858,8.543173191702449,11.2,1344.051941761476
3,40.12491354304189,-3.4941929838189454,8.53531841831542,11.2,1344.6251548120908
3,40.00075986404254,-3.4919691962290127,8.511221853769282,11.2,1345.19659423872
3,39.752457934341074,-3.487225149853198,8.571036928880682,11.2,1345.764486494925
3,39.62830991962196,-3.4847048955759963,8.820068918579056,11.2,1346.3306052080625
3,38.759235818543395,-3.4691384120348867,9.049298936640739,11.2,1346.8843085768988
3,38.26259230863238,-3.4620221531003645,9.401424072699307,11.2,1347.4309170384506
3,37.64176136897005,-3.455350574750839,9.767286836811673,11.2,1347.9686564865788
3,37.02089856618701,-3.4531266772569973,10.143806435407281,11.2,1348.4975264660957
3,36.275859662468314,-3.454905799479209,10.453676147328489,11.2,1349.0157530327024
3,35.77917838917953,-3.4584640168699945,10.707732193508539,11.2,1349.5268841525478
3,35.406679117345085,-3.4624669714884226,10.954809393845082,11.2,1350.0326938542241
3,35.28251623370664,-3.4640977893521763,11.134021534739201,11.2,1350.5367298004198
3,35.158357598391426,-3.466025097574089,11.261844328149339,11.2,1351.0389920518255
3,35.53083350433707,-3.460243172908351,11.330760159903333,11.2,1351.5465753876017
3,36.027492119503584,-3.4543129007685582,11.104616921912166,11.2,1352.0612538464518
3,36.27583275614798,-3.4525337920731656,10.717099171116912,11.2,1352.5794800286824
3,36.89669909931141,-3.451792491499503,10.312934612763874,11.2,1353.1065757301012
3,37.64171888506683,-3.4571298023681027,9.859290648547203,11.2,1353.6443145713165
3,38.386653704075,-3.469583054297295,9.411445725888665,11.2,1354.1926953385175
3,38.63495539779346,-3.4743270961644295,9.081079995978657,11.2,1354.7446232727716
3,38.63495539779346,-3.4743270961644295,9.382437573866174,11.2,1355.2965512070257
3,38.51079676247825,-3.472399787942517,9.716163036708247,11.2,1355.8467054464898
3,38.759126070061505,-3.4753649240124074,9.961825909505286,11.2,1356.4004072474906
3,38.88329532627564,-3.476402734952232,10.10128869227331,11.2,1356.955882895009
3,39.13163619894006,-3.478181845338468,9.875401998916825,11.2,1357.5149062692794
3,39.752482480010734,-3.483370900037592,9.563075622493765,11.2,1358.0827988761366
3,40.24914109517725,-3.489301172177373,9.218162760650142,11.2,1358.6577866060677
3,40.99407803812094,-3.501754459612909,8.942858793702442,11.2,1359.2434162923266
3,41.11823171712029,-3.503978247202842,8.5264337186879,11.2,1359.8308196025712
3,41.366544267427955,-3.5081293469598354,8.785269362432611,11.2,1360.421770234963
3,41.490702902743166,-3.510056655181748,9.153284029989651,11.2,1361.014494562145
3,41.614865786381614,-3.511687473045496,9.434050808835988,11.2,1361.6089926448076
3,42.11153714669951,-3.516431731337431,9.28461658850528,11.2,1362.2105860326176
3,42.60822550072217,-3.518803887536962,9.029978408748079,11.2,1362.8192749683421
3,42.60822550072217,-3.518803887536962,8.697297344674293,11.2,1363.4279639040667
3,43.60160220876748,-3.5235481999360236,8.290577600840065,11.2,1364.0508439356206
3,44.34660924924433,-3.530664587373926,7.786208691598352,11.2,1364.6843669248956
3,44.470775673189145,-3.531998905580069,7.504536455592142,11.2,1365.3196637202268
3,44.71911630983354,-3.5337780142754616,7.663267080277186,11.2,1365.9585082389387
3,44.594944929403276,-3.5330367165198937,7.888921817882042,11.2,1366.5955788807873
3,44.594944929403276,-3.5330367165198937,8.085536517638468,11.2,1367.232649522636
3,44.71911630983354,-3.5337780142754616,8.15901168371974,11.2,1367.871494041348
3,44.71911630983354,-3.5337780142754616,8.112961524602133,11.2,1368.5103385600598
3,44.71911630983354,-3.5337780142754616,7.948891188360235,11.2,1369.1491830787718
3,44.71911630983354,-3.5337780142754616,7.9263299783085905,11.2,1369.7880275974837
3,44.71911630983354,-3.5337780142754616,7.818122660470417,11.2,1370.4268721161957
3,44.71911630983354,-3.5337780142754616,7.837026796427633,11.2,1371.0657166349076
3,44.71911630983354,-3.5337780142754616,7.893257168276617,11.2,1371.7045611536196
3,44.71911630983354,-3.5337780142754616,7.9282856815746445,11.2,1372.3434056723315
3,44.71911630983354,-3.5337780142754616,7.8682239774830025,11.2,1372.9822501910435
3,44.71911630983354,-3.5337780142754616,7.752715759497189,11.2,1373.6210947097554
3,44.594944929403276,-3.5330367165198937,7.5788176049112,11.2,1374.258165351604
3,44.594944929403276,-3.5330367165198937,7.5000743870590725,11.2,1374.8952359934526
3,44.47077567318914,-3.531998905580069,7.5074131800242805,11.2,1375.5305327887838
3,44.47077567318914,-3.531998905580069,7.424094817628046,11.2,1376.165829584115
3,44.47077567318914,-3.531998905580069,7.242149677675043,11.2,1376.8011263794463
3,44.222439757014875,-3.529626774179659,7.275297605212448,11.2,1377.4328755188321
3,43.72575848372609,-3.5260685567888737,7.414505095383442,11.2,1378.0575292114568
3,42.980725244621944,-3.5225103191078766,7.607380452028077,11.2,1378.6715395720942
3,42.359861261716595,-3.5202864173868886,7.939060700455767,11.2,1379.2766804472615
3,41.49064838128779,-3.5213242381900165,8.254376143498844,11.2,1379.8694039955656
3,40.37312719952017,-3.53066451889464,8.68857695551158,11.2,1380.4461629555587
3,39.255661246774174,-3.545341879668371,9.124742104389382,11.2,1381.006958116227
3,38.38658714569561,-3.5609083632094807,9.641666808605166,11.2,1381.555337932594
3,37.39348232607338,-3.5846277609715846,10.110406562360014,11.2,1382.0895305372524
3,36.524594905025964,-3.6084946904174426,10.532088913168513,11.2,1382.6113104644671
3,35.40753039707713,-3.6418483340987624,10.964553261610114,11.2,1383.1171323272824
3,34.662905680073166,-3.666751429428515,11.340132633515461,11.2,1383.6123166941406
3,34.04240986068711,-3.6882448966310326,11.642835035623348,11.2,1384.0986368350077
3,34.04240986068711,-3.6882448966310326,11.83889213280757,11.2,1384.5849569758748
3,33.91828308625176,-3.691654457980441,11.6150816500733,11.2,1385.0695038771069
3,34.04240986068711,-3.6882448966310326,11.320154069754354,11.2,1385.555824017974
3,34.04240986068711,-3.6882448966310326,10.975519602028,11.2,1386.042144158841
3,34.166536635122455,-3.6848353352816243,10.809332900153501,11.2,1386.5302375393428
3,34.66311453374647,-3.674161443973964,10.64857918692398,11.2,1387.025424889825
3,35.03560247664495,-3.669268999682155,10.571032445901448,11.2,1387.5259334966343
3,35.28394311328934,-3.6674898909867624,10.291561050862105,11.2,1388.029989826824
3,35.6564629191874,-3.6670451106425648,9.917150529200834,11.2,1388.5393678685266
3,35.532289414528904,-3.666896850246025,9.509510325909819,11.2,1389.0469720030198
3,35.532289414528904,-3.666896850246025,9.846259883917162,11.2,1389.554576137513
3,35.40811590987041,-3.6670451106425648,10.081361543181918,11.2,1390.060406364797
3,35.28394240521192,-3.6671933710391045,10.190446863325615,11.2,1390.5644626848714
3,35.40811590987041,-3.6670451106425648,10.209302543505121,11.2,1391.0702929121553
3,35.40811590987041,-3.6670451106425648,10.222578999214758,11.2,1391.5761231394392
3,35.65646244713538,-3.6664520693382077,10.15874134017246,11.2,1392.0855011743984
3,35.780635951793876,-3.666303808941668,10.036907829059427,11.2,1392.5966531165668
3,36.028983197136945,-3.666303808941667,9.84061444031628,11.2,1393.1113528765259
3,36.40150371111243,-3.666748590131286,9.56592962785155,11.2,1393.6313743581131
3,36.525677215770926,-3.666896850527826,9.256013734042865,11.2,1394.15316974691
3,36.525677215770926,-3.666896850527826,9.434102575380122,11.2,1394.6749651357068
3,36.525677215770926,-3.666896850527826,9.699531699632383,11.2,1395.1967605245036
3,36.525677215770926,-3.666896850527826,9.854432890271683,11.2,1395.7185559133004
3,36.774024461113996,-3.666896850527825,9.909769516186644,11.2,1396.2438991198878
3,36.89819796577249,-3.6670451109243647,9.950817480793157,11.2,1396.7710162336846
3,37.394891040302426,-3.668231193533076,9.666833267184087,11.2,1397.3052289628317
3,37.891579394325085,-3.6706033497326067,9.29752713130833,11.2,1397.8465372398935
3,38.636586434801934,-3.6777197371705093,8.858626628717873,11.2,1398.3984884746762
3,38.76075285874675,-3.679054055376652,8.466166393675657,11.2,1398.9522135155155
3,39.00909349539114,-3.6808331640720446,8.547543546193562,11.2,1399.5094862797353
3,38.88492211496088,-3.680091866316477,8.943041902609316,11.2,1400.064985167092
3,38.88492211496088,-3.680091866316477,9.2400123255992,11.2,1400.6204840544485
3,38.88492211496088,-3.680091866316477,9.31929409414311,11.2,1401.1759829418052
3,39.133262987625294,-3.6818709767027125,9.102457751112661,11.2,1401.735029555914
3,39.50577712891607,-3.684094869969416,8.861805010240667,11.2,1402.2993978006127
3,39.629949925497144,-3.6845396503136136,8.57071504854993,11.2,1402.8655399424056
3,39.50577642083865,-3.684391389917074,8.606618080457144,11.2,1403.4299081769889
3,39.50577642083865,-3.684391389917074,8.812769386579976,11.2,1403.9942764115722
3,39.38160291618016,-3.6845396503136136,8.939580161213387,11.2,1404.5568707389461
3,39.38160291618016,-3.6845396503136136,9.033595078717227,11.2,1405.1194650663201
3,39.38160291618016,-3.6845396503136136,9.035181339547309,11.2,1405.682059393694
3,39.50577571276123,-3.684094869969416,9.040885952223764,11.2,1406.2464276181622
3,39.6299485093423,-3.6836500896252184,8.908198940932529,11.2,1406.8125697397243
3,39.75412130592337,-3.683205309281021,8.711169000416561,11.2,1407.3804857583802
3,39.75412130592337,-3.683205309281021,8.714220703621228,11.2,1407.9484017770362
3,39.75412130592337,-3.683205309281021,8.839540453435344,11.2,1408.5163177956922
3,39.62994992549311,-3.6839466070365887,8.868093197236494,11.2,1409.082459937485
3,39.62994992549311,-3.6839466070365887,8.854733035700669,11.2,1409.648602079278
3,39.754119181707246,-3.682908796096764,8.800946477587042,11.2,1410.216518067588
3,39.754119181707246,-3.682908796096764,8.720945379583055,11.2,1410.784434055898
3,39.754119181707246,-3.682908796096764,8.720556258333758,11.2,1411.352350044208
3,39.754119181707246,-3.682908796096764,8.752270048522412,11.2,1411.920266032518
3,39.62994992549311,-3.6839466070365887,8.742378804181294,11.2,1412.4864081743108
3,39.62994992549311,-3.6839466070365887,8.658641357428511,11.2,1413.0525503161036
3,39.62994992549311,-3.6839466070365887,8.578264284920444,11.2,1413.6186924578965
3,39.62994992549311,-3.6839466070365887,8.58906097524021,11.2,1414.1848345996893
3,39.62994992549311,-3.6839466070365887,8.540711765441827,11.2,1414.7509767414822
3,39.62994992549311,-3.6839466070365887,8.437477708897111,11.2,1415.317118883275
3,39.62994992549311,-3.6839466070365887,8.35735301471675,11.2,1415.883261025068
3,39.62994992549311,-3.6839466070365887,8.303641724678467,11.2,1416.4494031668607
3,39.62994992549311,-3.6839466070365887,8.211466205839391,11.2,1417.0155453086536
3,39.62994992549311,-3.6839466070365887,8.086982033861219,11.2,1417.5816874504465
3,39.62994992549311,-3.6839466070365887,8.008749669852534,11.2,1418.1478295922393
3,39.62994992549311,-3.6839466070365887,7.876978679426427,11.2,1418.7139717340322
3,39.62994992549311,-3.6839466070365887,7.764117678800016,11.2,1419.280113875825
3,39.62994992549311,-3.6839466070365887,7.621204287427434,11.2,1419.8462560176179
3,39.62994992549311,-3.6839466070365887,7.491861544070331,11.2,1420.4123981594107
3,39.62994992549311,-3.6839466070365887,7.376264435665082,11.2,1420.9785403012036
3,39.25743578420233,-3.6861705003032923,7.343786956758411,11.2,1421.5393608124064
3,38.760746958132906,-3.688542658757293,7.473659758376937,11.2,1422.0930857689511
3,38.01571371902876,-3.6921008964382946,7.771033061098999,11.2,1422.6361673935087
3,37.14650414296127,-3.695214358847678,8.187387818175022,11.2,1423.166831738408
3,36.02894897373164,-3.699217381945456,8.753103239822197,11.2,1423.6815310094614
3,34.91140654985931,-3.705889061745567,9.444134800417459,11.2,1424.180265388745
3,33.29720621907555,-3.7193806039632897,10.092062455977924,11.2,1424.6559397633032
3,32.924706947241106,-3.723383558581718,10.803162852166162,11.2,1425.1262927196924
3,30.93807059850102,-3.7471046696851324,11.424306052144134,11.2,1425.5682651568138
3,30.068930413031918,-3.758520394731408,12.029507909766608,11.2,1425.9978213055715
3,29.199790227562815,-3.7699361197776833,12.55957253024807,11.2,1426.4149611659652
3,28.827290955728373,-3.7739390743961114,13.027655466338752,11.2,1426.82677960819
3,29.07562687190263,-3.7715669429956997,12.975689313295343,11.2,1427.2421457063601
3,29.323967508547025,-3.769787834300307,12.544405818912375,11.2,1427.6610595279108
3,30.06900641226572,-3.768008712078095,12.130789291479832,11.2,1428.0906167623716
3,30.317352713505283,-3.7686017528188325,11.543964993164984,11.2,1428.523721801136
3,31.683175588499584,-3.7832791693906636,10.851404575227535,11.2,1428.9763385952574
3,32.80044400000643,-3.8086293841733765,10.118730164579956,11.2,1429.4449163666861
3,33.420988196110265,-3.8286410378160762,9.531643888565657,11.2,1429.922359055202
3,33.66919643511159,-3.836942069592655,9.203747187705934,11.2,1430.4033475757035
3,33.66919643511159,-3.836942069592655,9.589142308654852,11.2,1430.884336096205
3,33.54507815645061,-3.8332361091836136,9.862550722907766,11.2,1431.36355149844
3,33.54507815645061,-3.8332361091836136,10.00845353693436,11.2,1431.842766900675
3,33.669204930885954,-3.836645670533022,9.921200454056567,11.2,1432.3237555425449
3,33.79333949328471,-3.839758813380377,9.741486875229995,11.2,1432.806517535306
3,34.04162915051062,-3.8450957742507437,9.630836204561996,11.2,1433.2928265231706
3,34.16578282950997,-3.8473195618406764,9.421875545795922,11.2,1433.7809091350207
3,34.16578282950997,-3.8473195618406764,9.228490568376467,11.2,1434.2689917468708
3,34.16578282950997,-3.8473195618406764,9.447124820110613,11.2,1434.757074358721
3,34.16578282950997,-3.8473195618406764,9.638803646673109,11.2,1435.245156970571
3,34.28994146482518,-3.849246870062589,9.706446661946597,11.2,1435.7350132772115
3,34.28994146482518,-3.849246870062589,9.683854444687784,11.2,1436.2248695838518
3,34.41410434846363,-3.850877687926337,9.60862758461252,11.2,1436.7164996459728
3,34.538270772408445,-3.8522120061324796,9.600356360322191,11.2,1437.20990351415
3,34.538270772408445,-3.8522120061324796,9.744977894942549,11.2,1437.7033073823272
3,34.662440028622584,-3.8532498170723044,9.846767981650672,11.2,1438.1984850970218
3,34.662440028622584,-3.8532498170723044,9.86370283609701,11.2,1438.6936628117164
3,34.910780901287,-3.85502892745854,9.800881659116891,11.2,1439.1923882531635
3,35.283288669929405,-3.8581423602780145,9.663860421795182,11.2,1439.6964352341624
3,36.02827659267918,-3.867037768487686,9.510904864550135,11.2,1440.2111248997721
3,36.152439476317625,-3.868668586351434,9.285787817988343,11.2,1440.7275883208624
3,36.27660849651402,-3.8697063953186124,8.977011494367451,11.2,1441.2458255850984
3,36.40078129309509,-3.87015117566281,9.127802904879951,11.2,1441.7658367464282
3,36.40078129309509,-3.87015117566281,9.322266924780767,11.2,1442.2858479077581
3,36.52495479775359,-3.8700029152662703,9.450528266437047,11.2,1442.8076329762976
3,36.773302043096656,-3.8700029152662694,9.594403545794481,11.2,1443.3329658626276
3,37.021649288439725,-3.8700029152662685,9.468908249607146,11.2,1443.8618465667482
3,37.76668819215842,-3.8717820374884804,9.157230946389602,11.2,1444.401370683779
3,38.387533293140436,-3.876971082324373,8.747023402862995,11.2,1444.9497640165382
3,38.760021944055765,-3.8818635359156164,8.244060671784007,11.2,1445.503478615739
3,39.00835125163902,-3.884828671985507,7.888087710787574,11.2,1446.0607407764767
3,39.00835125163902,-3.884828671985507,8.23921275226317,11.2,1446.6180029372144
3,38.88418199542488,-3.883790861045682,8.50270501072511,11.2,1447.1734912514348
3,38.76001061499462,-3.8830495632901143,8.716222095734976,11.2,1447.7272056887919
3,38.76001061499462,-3.8830495632901143,8.760942318777476,11.2,1448.2809201261489
3,38.88418341157569,-3.883494343634312,8.743263162214005,11.2,1448.8364084606
3,39.008356916234185,-3.8836426040308516,8.615680346784398,11.2,1449.3936707022606
3,39.13253042089268,-3.883494343634312,8.333565762836997,11.2,1449.9527068511304
3,39.13253042089268,-3.883494343634312,8.27360284378653,11.2,1450.5117430000003
3,39.13253042089268,-3.883494343634312,8.481217358253737,11.2,1451.07077914887
3,39.008356916234185,-3.8836426040308516,8.556508972553273,11.2,1451.6280413905306
3,39.008356916234185,-3.8836426040308516,8.479761555195077,11.2,1452.185303632191
3,39.008356916234185,-3.8836426040308516,8.437558841068027,11.2,1452.7425658738516
3,39.008356916234185,-3.8836426040308516,8.364063523724894,11.2,1453.2998281155121
3,38.88418341157569,-3.883494343634312,8.448471053486518,11.2,1453.8553164499633
3,38.76001061499462,-3.8830495632901143,8.495162530743253,11.2,1454.4090308873203
3,38.76001061499462,-3.8830495632901143,8.454411653360676,11.2,1454.9627453246774
3,38.76001061499462,-3.8830495632901143,8.299898021973636,11.2,1455.5164597620344
3,38.76001061499462,-3.8830495632901143,8.272530505437466,11.2,1456.0701741993914
3,38.63583923456436,-3.8823082655345464,8.253496119733388,11.2,1456.622114759885
3,38.63583923456436,-3.8823082655345464,8.224988589335398,11.2,1457.1740553203788
3,38.63583923456436,-3.8823082655345464,8.100875601062642,11.2,1457.7259958808725
3,38.51166997835022,-3.8812704545947216,8.06872611468707,11.2,1458.276162594849
3,38.51166997835022,-3.8812704545947216,7.969874664130419,11.2,1458.8263293088255
3,38.51166997835022,-3.8812704545947216,7.878220435153259,11.2,1459.376496022802
3,38.387503554405406,-3.879936136388579,7.84509635144082,11.2,1459.924888930722
3,38.26334067076696,-3.878305318524831,7.856449727697193,11.2,1460.4715080831616
3,37.76669716085594,-3.871189059590309,7.959451103682944,11.2,1461.0110323283166
3,37.76669716085594,-3.871189059590309,8.181169889453605,11.2,1461.5505565734716
3,36.525022300286814,-3.859328447677101,8.499997583962664,11.2,1462.0723426063328
3,35.77998339656812,-3.857549325454889,8.828745742441697,11.2,1462.5834852262838
3,34.910775472671865,-3.8606627819462678,9.349143063545222,11.2,1463.082210590179
3,33.91743275203607,-3.870151298530161,9.769744811027692,11.2,1463.5667453437795
3,32.92418632669184,-3.8867556344357506,10.32533512591183,11.2,1464.0370908627324
3,31.931081507069617,-3.9104750321978545,10.775028454003849,11.2,1464.4932491699763
3,31.18634634778064,-3.931821597473186,11.20414261602196,11.2,1464.938768403516
3,30.934118676729085,-3.931821597473186,11.611831267044003,11.2,1465.380684384612
3,29.8171370006121,-3.9678426424979127,11.983210739732403,11.2,1465.8066434846207
3,30.06536435439719,-3.9601343437527965,12.25188661453548,11.2,1466.2361486896837
3,30.06536435439719,-3.9601343437527965,12.00058806730742,11.2,1466.6656538947466
3,30.56188702806539,-3.947088935359258,11.715451552653013,11.2,1467.1022522808619
3,31.306755999743125,-3.931078052748158,11.399761841141949,11.2,1467.5494916522869
3,32.05171843258985,-3.9204037049255454,10.973850173722207,11.2,1468.007373344181
3,32.672574154632294,-3.916697223192895,10.312135878106556,11.2,1468.4741244035329
3,33.54177877419173,-3.919810667848321,9.583517200384803,11.2,1468.9532926717357
3,33.91427804602617,-3.9238136224667493,8.85476499226878,11.2,1469.4377823581074
3,33.91427804602617,-3.9238136224667493,9.23395069058308,11.2,1469.922272044479
3,33.66594850243366,-3.920848483578824,9.900126886594178,11.2,1470.4032141659425
3,33.41761282227471,-3.9184763544328565,10.20897893056299,11.2,1470.880608634832
3,33.16926864526339,-3.917290276333091,10.243703215015948,11.2,1471.3544553297643
3,33.16926864526339,-3.917290276333091,10.196979702200094,11.2,1471.8283020246965
3,33.16926864526339,-3.917290276333091,10.074008730863401,11.2,1472.3021487196288
3,33.29344144184446,-3.9168454959888934,10.02184939716637,11.2,1472.7777693116552
3,33.29344144184446,-3.9168454959888934,10.075041573525917,11.2,1473.2533899036816
3,33.54178585487917,-3.9156594167618928,10.05156407646734,11.2,1473.732558273037
3,33.79013215611874,-3.9150663760211555,9.969320455768141,11.2,1474.215274446696
3,34.28682475859787,-3.91625245750263,9.827688964379838,11.2,1474.7050862289616
3,34.90766985957988,-3.9214415023385225,9.606177445178924,11.2,1475.2037672269555
3,35.15600553973883,-3.92381363148449,9.434688508464653,11.2,1475.7059958775233
3,35.15600553973883,-3.92381363148449,9.576908394169978,11.2,1476.208224528091
3,35.28017810029544,-3.9242584109832586,9.868294972012555,11.2,1476.712227072381
3,35.528525345638506,-3.9242584109832577,10.070013434766722,11.2,1477.2197774344615
3,35.901045859613994,-3.9238136297936386,10.18266862963401,11.2,1477.7326495181703
3,36.27356637358948,-3.9233688486040195,9.969232949183892,11.2,1478.2508433235073
3,37.018605277308176,-3.9251479708262313,9.591331647150787,11.2,1478.7796805417545
3,37.763627187241354,-3.9304852969124093,9.110220575963913,11.2,1479.3191609301437
3,38.63276572067112,-3.9419010002599504,8.500370079690086,11.2,1479.871057583296
3,39.253534115667854,-3.953019938209614,7.945215796270469,11.2,1480.431822356377
3,39.75015874429698,-3.9613221298333046,7.534832866612712,11.2,1480.9996817670099
3,39.87432162793543,-3.9629529476970524,7.99478114498409,11.2,1481.5693149331232
3,39.625985947776485,-3.960580818551085,8.312639227414747,11.2,1482.135400446663
3,39.625985947776485,-3.960580818551085,8.60712946794444,11.2,1482.7014859602027
3,39.501813387219876,-3.9601360390523164,8.816315613368536,11.2,1483.26579758002
3,39.501813387219876,-3.9601360390523164,8.91479870610356,11.2,1483.8301091998374
3,39.62598476765014,-3.9593947412967485,8.920792925790638,11.2,1484.396194696518
3,39.7501561480804,-3.9586534435411806,8.785218795121478,11.2,1484.964054070062
3,40.24684497414982,-3.95628128508718,8.520830919665407,11.2,1485.539008998264
3,40.74353757662895,-3.955095203605705,8.270899111177183,11.2,1486.121059535073
3,40.74353757662895,-3.955095203605705,8.033860340546465,11.2,1486.703110071882
3,40.74353757662895,-3.955095203605705,8.133044067937393,11.2,1487.285160608691
3,40.61936619619869,-3.955836501361273,8.406688292794218,11.2,1487.8654372686367
3,40.61936619619869,-3.955836501361273,8.534795522585041,11.2,1488.4457139285823
3,40.74353545241283,-3.9547986904214483,8.5456319284251,11.2,1489.0277644350454
3,40.74353545241283,-3.9547986904214483,8.526210078844398,11.2,1489.6098149415084
3,40.86770187635764,-3.9534643722153,8.438920320810835,11.2,1490.1936392540279
3,40.86770187635764,-3.9534643722153,8.244971104793382,11.2,1490.7774635665473
3,40.86770187635764,-3.9534643722153,8.160575881358973,11.2,1491.3612878790668
3,40.86770187635764,-3.9534643722153,8.030841960072411,11.2,1491.9451121915863
3,40.74353545241283,-3.9547986904214483,8.15721023651076,11.2,1492.5271626980493
3,40.74353545241283,-3.9547986904214483,8.2495091749978,11.2,1493.1092132045123
3,40.74353545241283,-3.9547986904214483,8.210051556501092,11.2,1493.6912637109754
3,40.74353545241283,-3.9547986904214483,8.076815105104314,11.2,1494.2733142174384
3,40.74353545241283,-3.9547986904214483,7.897039639925208,11.2,1494.8553647239014
3,40.74353545241283,-3.9547986904214483,7.734272483610112,11.2,1495.4374152303644
3,40.74353545241283,-3.9547986904214483,7.7424259026424025,11.2,1496.0194657368274
3,40.61936619619869,-3.955836501361273,7.688686950922908,11.2,1496.599742396773
3,40.49519693998455,-3.956874312301098,7.543247543079349,11.2,1497.1782452102013
3,40.49519693998455,-3.956874312301098,7.459077747648396,11.2,1497.7567480236296
3,40.37103051603974,-3.9582086305072464,7.556896189486647,11.2,1498.3334770310016
3,39.626041885262204,-3.967104047171027,7.798568522916351,11.2,1498.8995633436482
3,38.88105325448467,-3.9759994638348077,8.015379170930478,11.2,1499.4550069615693
3,38.38439416729965,-3.9819297416106614,8.303873329909901,11.2,1500.0033554496736
3,37.26692821455366,-3.9966071023843925,8.714663749360366,11.2,1500.5357401384529
3,36.52196294968713,-4.0072814907861805,9.129114981484076,11.2,1501.0574824663056
3,35.652852502480634,-4.020772648339569,9.609056585718,11.2,1501.5668089306268
3,34.78377674948519,-4.0363391614690975,10.003536622395837,11.2,1502.063720027048
3,34.163036675889636,-4.0489404328551055,10.447390946183562,11.2,1502.551763408132
3,33.045704543417635,-4.07162272134992,10.817705398159214,11.2,1503.0238449016094
3,32.17666844038386,-4.089264501290331,11.133319893839202,11.2,1503.4835115936148
3,31.804224396226523,-4.096825264121936,11.36110293948827,11.2,1503.9378576564181
3,31.43176335922848,-4.103496626891734,11.537834445814266,11.2,1504.3868828472644
3,31.307604723913265,-4.105423935113647,11.633692649016943,11.2,1504.8341343433203
3,31.43176760755171,-4.103793117249899,11.609339052163117,11.2,1505.2831595948567
3,31.680103287710658,-4.101420988103926,11.329999019645866,11.2,1505.7357324989669
3,31.92602526698592,-4.101420988103926,10.884786240867518,11.2,1506.1918185742095
3,32.79523484305906,-4.100383171246131,10.389881882398061,11.2,1506.6603219291103
3,33.29191611634785,-4.103941388636916,9.927802344079682,11.2,1507.1359207307723
3,33.16774686013371,-4.1029035776970915,9.71483257306386,11.2,1507.609745685917
3,33.04357760391957,-4.101865766757267,9.919019677922238,11.2,1508.0817967945445
3,32.79524168774531,-4.099493635356857,10.222892285855364,11.2,1508.5503002472267
3,32.79524168774531,-4.099493635356857,10.401243836414091,11.2,1509.0188036999089
3,32.79524168774531,-4.099493635356857,10.477173674148558,11.2,1509.487307152591
3,32.91941094395945,-4.1005314462966815,10.37770920014463,11.2,1509.9575844517904
3,33.04358232438971,-4.101272744052249,10.400365559223253,11.2,1510.429635627853
3,33.291926737424426,-4.102458823279248,10.414136709957678,11.2,1510.9052345812447
3,33.54027115045914,-4.103644902506247,10.34848441530947,11.2,1511.3843813119656
3,34.036959976528564,-4.106017060960244,10.219121094070607,11.2,1511.8706235973445
3,34.53364124981735,-4.10957527835103,9.993380310438482,11.2,1512.3639613294847
3,35.03029986498387,-4.115505550490811,9.573517788036082,11.2,1512.8643941846988
3,35.40276019401754,-4.122176900579857,9.114509289522072,11.2,1513.3701479017561
3,35.77522052305121,-4.128848250668904,8.859634601074042,11.2,1513.8812224806568
3,35.77522052305121,-4.128848250668904,8.910677979435606,11.2,1514.3922970595574
3,35.65105763941276,-4.127217432805156,9.165993622751632,11.2,1514.9015978829777
3,35.77522406335758,-4.128551751011299,9.348497350200391,11.2,1515.4126725124543
3,35.77522406335758,-4.128551751011299,9.514681935133071,11.2,1515.9237471419308
3,35.899393319571715,-4.129589561951124,9.515965773548563,11.2,1516.4365956179247
3,36.02356470000198,-4.130330859706692,9.501713071371336,11.2,1516.951217970782
3,36.02356470000198,-4.130330859706692,9.520335736632145,11.2,1517.4658403236392
3,36.39608308974519,-4.131665200739286,9.460370826231879,11.2,1517.9857843677785
3,36.7686014794884,-4.132999541771879,9.331884043306415,11.2,1518.5110501031998
3,37.38944658047042,-4.138188586607771,9.139324534233682,11.2,1519.0451850543493
3,37.76193523138575,-4.143081040199014,8.830904501154476,11.2,1519.5846412719404
3,37.8860981150242,-4.144711858062762,8.522441971081566,11.2,1520.1258712450121
3,37.8860981150242,-4.144711858062762,8.790724861871425,11.2,1520.6671012180839
3,37.8860981150242,-4.144711858062762,9.079100716791118,11.2,1521.2083311911556
3,37.8860981150242,-4.144711858062762,9.251089905114782,11.2,1521.7495611642273
3,38.01026949545446,-4.1454531558183305,9.334164845488571,11.2,1522.2925650141624
3,38.38278788519767,-4.146787496850924,9.302975518720057,11.2,1522.8408905553795
3,38.506961389856166,-4.146935757247464,9.18253783925452,11.2,1523.3909900038059
3,38.63113489451466,-4.146787496850925,8.994639428305272,11.2,1523.9428633594418
3,39.00365328425787,-4.145453155818331,8.863013936328779,11.2,1524.5000584063598
3,39.500345886737,-4.144267074336857,8.7217406178905,11.2,1525.0643490618845
3,39.748692187976566,-4.144860115077594,8.583473644995113,11.2,1525.6321875217127
3,39.748692187976566,-4.144860115077594,8.459326889313907,11.2,1526.2000259815409
3,39.87286498455764,-4.145304895421791,8.775379194582978,11.2,1526.7696383384632
3,39.87286498455764,-4.145304895421791,8.981839381805361,11.2,1527.3392506953855
3,39.748692187976566,-4.145749675765989,9.107346320065487,11.2,1527.9070891552137
3,39.87286356840683,-4.145008378010422,9.15949226005126,11.2,1528.4767014919053
3,39.997032824620966,-4.143970567070597,9.142816131289834,11.2,1529.0480876751142
3,40.12119924856578,-4.142636248864449,9.061796111849356,11.2,1529.6212476643793
3,40.24536213220423,-4.141005431000701,8.910419226481295,11.2,1530.196181409125
3,40.369525015842676,-4.139374613136953,8.897978041632713,11.2,1530.7728889093514
3,41.23870815721749,-4.13210995036669,8.835306283010842,11.2,1531.3620133115974
3,41.85957450038092,-4.1313686497930275,8.660040619233786,11.2,1531.9600072330313
3,42.232092890124136,-4.132702990825621,8.353120607530188,11.2,1532.5633228457473
3,42.85293799110615,-4.137892035661513,7.963585709073054,11.2,1533.1755076741917
3,42.97710441505097,-4.139226353867656,7.511203186692507,11.2,1533.7894663086925
3,42.97710441505097,-4.139226353867656,7.862555978489237,11.2,1534.4034249431932
3,42.85293515883683,-4.138188542927831,8.107004577777039,11.2,1535.0156097311765
3,42.85293515883683,-4.138188542927831,8.218125540651622,11.2,1535.6277945191598
3,42.85293515883683,-4.138188542927831,8.221666400699293,11.2,1536.2399793071431
3,42.97710653926709,-4.138929840683399,8.112783063885653,11.2,1536.8539379719898
3,42.97710653926709,-4.138929840683399,7.898009527955625,11.2,1537.4678966368365
3,42.97710653926709,-4.138929840683399,7.669462445205479,11.2,1538.0818553016832
3,42.97710653926709,-4.138929840683399,7.77572766757069,11.2,1538.6958139665298
3,42.85293515883683,-4.138188542927832,7.853330249421663,11.2,1539.3079987545132
3,42.85293515883683,-4.138188542927832,7.85279253342753,11.2,1539.9201835424965
3,42.85293515883683,-4.138188542927832,7.815205400453158,11.2,1540.5323683304798
3,42.72876590262269,-4.137150731988007,7.727040853329454,11.2,1541.1427792719458
3,42.72876590262269,-4.137150731988007,7.581125470243236,11.2,1541.7531902134117
3,42.72876590262269,-4.137150731988007,7.4255979851047895,11.2,1542.3636011548776
3,42.604599478677876,-4.135816413781864,7.401090652957219,11.2,1542.9722382902874
3,42.48043305473306,-4.134482095575722,7.335421060944103,11.2,1543.5791016196406
3,42.356263798518924,-4.133444284635897,7.350581887348882,11.2,1544.1841911024767
3,42.10792292585451,-4.131665174249662,7.618482677378841,11.2,1544.7857328585603
3,41.238715001958255,-4.128551717758283,7.814400298984217,11.2,1545.3748573585883
3,40.61784747866578,-4.129293019740981,8.094648754845446,11.2,1545.9551123225692
3,39.624487764325224,-4.136409434232458,8.430347494070537,11.2,1546.521176433488
3,38.75534757885612,-4.147825159278693,8.815677676265553,11.2,1547.0748242560433
3,37.88627347777755,-4.163391642819803,9.231186541231697,11.2,1547.6160567342972
3,37.01728198022994,-4.183108588971957,9.67737778415245,11.2,1548.1448750483005
3,36.02423663289354,-4.209199405759034,10.11172573706751,11.2,1548.659507000199
3,35.651881796910594,-4.220317286986141,10.557337126640222,11.2,1549.1688195972977
3,34.658971438120794,-4.251150511270125,10.93036884326665,11.2,1549.6639477606993
3,33.79020791225202,-4.27916687962273,11.260711711058748,11.2,1550.1466650165887
3,33.66608986951188,-4.282872832987573,11.553255912166504,11.2,1550.6276091575817
3,33.66608986951188,-4.282872832987573,11.604903286663273,11.2,1551.1085532985746
3,33.79023788423099,-4.280352578710372,11.398477913152206,11.2,1551.591270982635
3,34.16269892122904,-4.273681215940574,11.130833942548463,11.2,1552.0793095386525
3,34.65935612034164,-4.2677509607089394,10.821889994681355,11.2,1552.5744431975145
3,34.7835275007719,-4.267009662953372,10.287454213578274,11.2,1553.0713507332398
3,35.65273707684505,-4.268047479811167,9.671289122747487,11.2,1553.5806755486233
3,35.65273707684505,-4.268047479811167,9.542175824607698,11.2,1554.0900003640068
3,35.65273707684505,-4.268047479811167,9.780118889422132,11.2,1554.5993251793902
3,35.52856782063091,-4.267009668871342,10.179592276197967,11.2,1555.1068761482563
3,35.52856782063091,-4.267009668871342,10.449999224145554,11.2,1555.6144271171224
3,35.776903736805174,-4.269381800271752,10.574969150632386,11.2,1556.1255257419339
3,36.02523965297944,-4.271753931672162,10.357043292810921,11.2,1556.6401720226906
3,36.39773892481388,-4.275756886290591,10.042633729675003,11.2,1557.1601397216166
3,37.0185533430061,-4.28391097560933,9.663909165322568,11.2,1557.6889761979453
3,37.39102924895174,-4.289692900275068,9.154426583573844,11.2,1558.2231337586445
3,37.63935076790539,-4.293251026360728,8.941727933458816,11.2,1558.7608387696146
3,37.63935076790539,-4.293251026360728,8.909500050417371,11.2,1559.2985437805846
3,37.63935076790539,-4.293251026360728,9.229156047445072,11.2,1559.8362487915547
3,37.63935076790539,-4.293251026360728,9.431745643603994,11.2,1560.3739538025247
3,37.63935076790539,-4.293251026360728,9.525566761756872,11.2,1560.9116588134948
3,37.763517191850205,-4.294585344566871,9.66188719287653,11.2,1561.4511376305213
3,37.763517191850205,-4.294585344566871,9.668117330721062,11.2,1561.9906164475478
3,38.01185310802447,-4.296957475967281,9.582764099694863,11.2,1562.5336429205197
3,38.38435237985891,-4.300960430585709,9.420354986131041,11.2,1563.0819908116605
3,38.88101146704393,-4.30689070836156,9.172143974486795,11.2,1563.6374338326182
3,38.88101146704393,-4.30689070836156,8.832285361941116,11.2,1564.1928768535759
3,39.12935564405526,-4.308076786461325,8.759301302020969,11.2,1564.7518676484908
3,39.12935564405526,-4.308076786461325,8.98349383043456,11.2,1565.3108584434058
3,39.25352914871375,-4.308225046857865,9.112185271103884,11.2,1565.8716231455303
3,39.377702653372246,-4.308076786461326,9.271572542753166,11.2,1566.4341617548641
3,39.50187615803074,-4.307928526064787,9.333116728545596,11.2,1566.9984742714075
3,39.62604966268923,-4.308076786461326,9.254374461620714,11.2,1567.5645606951603
3,39.874396199954205,-4.308669827765682,9.164355545902215,11.2,1568.1341949265882
3,40.49525192199665,-4.312376309498332,8.923045239208122,11.2,1568.7126985254738
3,40.86775119383109,-4.316379264116761,8.576642444177665,11.2,1569.2965235425286
3,40.991917617775904,-4.317713582322904,8.191083715124734,11.2,1569.8821223656396
3,40.867748361561766,-4.316675771383079,8.457031801467348,11.2,1570.4659473422332
3,40.99191974199203,-4.3174170691386475,8.703479522090763,11.2,1571.0515461956902
3,40.99191974199203,-4.3174170691386475,8.825369450747719,11.2,1571.6371450491472
3,41.1160925385731,-4.317861849482846,8.828472927691562,11.2,1572.2245177996983
3,41.24026604323159,-4.318010109879385,8.718831992451276,11.2,1572.8136644574588
3,41.364439547890086,-4.317861849482846,8.520408143954093,11.2,1573.4045850224286
3,41.48861234447116,-4.3174170691386475,8.299259716848884,11.2,1573.9972794844925
3,41.48861234447116,-4.3174170691386475,8.193476515368706,11.2,1574.5899739465565
3,41.364439547890086,-4.317861849482846,8.295074627465224,11.2,1575.1808945115263
3,41.364439547890086,-4.317861849482846,8.449144593076921,11.2,1575.771815076496
3,41.364439547890086,-4.317861849482846,8.451672343006248,11.2,1576.3627356414659
3,41.364439547890086,-4.317861849482846,8.37663962646515,11.2,1576.9536562064357
3,41.24026604323159,-4.318010109879385,8.353809275654127,11.2,1577.5428028641961
3,41.24026604323159,-4.318010109879385,8.227798782773649,11.2,1578.1319495219566
3,41.24026604323159,-4.318010109879385,8.218305323782081,11.2,1578.721096179717
3,41.24026604323159,-4.318010109879385,8.21122105137455,11.2,1579.3102428374775
3,41.24026604323159,-4.318010109879385,8.155395274088573,11.2,1579.899389495238
3,41.24026604323159,-4.318010109879385,8.044148853595138,11.2,1580.4885361529984
3,41.24026604323159,-4.318010109879385,7.898483008268975,11.2,1581.077682810759
3,41.1160925385731,-4.317861849482846,7.872220104522771,11.2,1581.66505556131
3,41.1160925385731,-4.317861849482846,7.775262768374931,11.2,1582.2524283118612
3,40.991919033914606,-4.317713589086306,7.710693610078162,11.2,1582.8380271552028
3,40.991919033914606,-4.317713589086306,7.556098742399998,11.2,1583.4236259985444
3,40.991919033914606,-4.317713589086306,7.40126273142233,11.2,1584.009224841886
3,40.991919033914606,-4.317713589086306,7.266088411501506,11.2,1584.5948236852275
3,40.86774552925611,-4.317565328689767,7.194972442809894,11.2,1585.1786486213598
3,40.4952271395129,-4.316230987657174,7.273422401200232,11.2,1585.75715186621
3,39.75019390040875,-4.312672749976177,7.552933751671971,11.2,1586.325011779073
3,38.88098432434126,-4.3095592875667945,7.917403453621058,11.2,1586.880454412278
3,38.0117697917318,-4.308521464791017,8.444103166734763,11.2,1587.423479695017
3,37.26673088801311,-4.310300587013229,9.102462056477929,11.2,1587.9558615648457
3,35.280005794857956,-4.32453345657637,9.72568253098883,11.2,1588.4598616476294
3,34.03835925694167,-4.339359136925852,10.418525330274607,11.2,1588.9461239227285
3,32.92093153910474,-4.356704910923066,11.034394086538786,11.2,1589.4164229447156
3,31.80360153042896,-4.379387156303965,11.600439176193385,11.2,1589.8707601094359
3,30.68632674786775,-4.40473751564245,12.093768288660371,11.2,1590.309136205834
3,30.06561853533374,-4.418821048608276,12.544363728803802,11.2,1590.7386450420531
3,29.8173420944694,-4.424750903684462,12.956380902895603,11.2,1591.1646070719742
3,29.8173420944694,-4.424750903684462,12.824218810262922,11.2,1591.5905691018952
3,30.06561853533374,-4.418821048608276,12.505589129888502,11.2,1592.0200779381144
3,30.562197849785566,-4.408147126867543,12.1510502584833,11.2,1592.45668076454
3,31.307160282632296,-4.39747277904493,11.788716750895084,11.2,1592.9039259114347
3,32.17635829349171,-4.39228370461922,11.116620152820913,11.2,1593.3635881727703
3,33.045571173920514,-4.393321525422348,10.39980242756834,11.2,1593.835667760969
3,33.79057609026199,-4.400437892570273,9.628640206307582,11.2,1594.3183902765443
3,33.91473897390044,-4.402068710434021,9.161198474010202,11.2,1594.8028865476
3,33.91473897390044,-4.402068710434021,9.774454898593834,11.2,1595.287382818656
3,33.666403293741496,-4.399696581288053,10.253438646345016,11.2,1595.768331437138
3,33.666403293741496,-4.399696581288053,10.574840110744832,11.2,1596.24928005562
3,33.79057467417176,-4.40043787904362,10.646150680751846,11.2,1596.7320025509653
3,34.03891531081615,-4.402216987739013,10.343143592740278,11.2,1597.218272769691
3,34.53557392598267,-4.4081472598787945,9.955983679527339,11.2,1597.7116381114909
3,35.032198554611796,-4.416449451502474,9.512179889831907,11.2,1598.2120980908423
3,35.156352233611145,-4.418673239092401,9.296333618738815,11.2,1598.7143316941797
3,35.280510868926356,-4.420600547314313,9.060180989974828,11.2,1599.2183389923073
3,35.404673752564804,-4.422231365178061,9.327398204690116,11.2,1599.7241200459152
3,35.404673752564804,-4.422231365178061,9.543200206375944,11.2,1600.2299010995232
3,35.65300943272375,-4.424603494324028,9.705057063982366,11.2,1600.739229805705
3,35.90135030538816,-4.4263826047102635,9.800622334992939,11.2,1601.252106238639
3,36.14969117805258,-4.428161715096499,9.727629864462694,11.2,1601.7685303983255
3,36.646362538370475,-4.432905973388434,9.539420159166966,11.2,1602.2920498631595
3,37.018851189285805,-4.437798426979677,9.326099570585912,11.2,1602.820890594435
3,37.76378813222949,-4.450251714415196,8.991791204598949,11.2,1603.3603732820384
3,37.88794181122884,-4.452475502005123,8.675948323520746,11.2,1603.9016295936274
3,38.01210044654405,-4.454402810227036,8.599925836901763,11.2,1604.4446596000066
3,38.01210044654405,-4.454402810227036,8.983346057668856,11.2,1604.9876896063859
3,37.7637711389608,-4.451437674157145,9.211793922702304,11.2,1605.5271720512283
3,37.7637711389608,-4.451437674157145,9.450041171428238,11.2,1606.0666544960707
3,38.012115551995514,-4.4526237533841435,9.583854797454709,11.2,1606.609684718242
3,38.136288348576585,-4.4530685337283415,9.393904379590307,11.2,1607.1544888375074
3,38.632982367210566,-4.4530685337283415,9.131838094183985,11.2,1607.7063885856105
3,39.1296754417405,-4.451882451119626,8.782618087130276,11.2,1608.265383949064
3,39.50219595571599,-4.451437669930007,8.423968541438144,11.2,1608.8297010341457
3,39.626369460374484,-4.451289409533468,8.575283842476372,11.2,1609.3957920264368
3,39.626369460374484,-4.451289409533468,8.903180549349651,11.2,1609.9618830187278
3,39.750542256955555,-4.45084462918927,9.11940263209111,11.2,1610.529747908113
3,39.99888666999027,-4.449658549962269,9.23962754533719,11.2,1611.1011605748272
3,39.99888666999027,-4.449658549962269,9.252513251728807,11.2,1611.6725732415414
3,40.61975065289562,-4.447434648241281,8.96762454253608,11.2,1612.2528553937257
3,41.24061817618809,-4.446693346258583,8.566896936488757,11.2,1612.842007081957
3,42.23399205195601,-4.451437645130843,8.079456645744518,11.2,1613.4453498255564
3,42.730650667122525,-4.457367917270624,7.446885819483036,11.2,1614.0557876922296
3,42.730650667122525,-4.457367917270624,7.125748278618665,11.2,1614.6662255589029
3,42.730650667122525,-4.457367917270624,7.689783554221269,11.2,1615.276663425576
3,42.730650667122525,-4.457367917270624,8.0728019913226,11.2,1615.8871012922493
3,42.48231475094826,-4.4549957858702145,8.278808044561421,11.2,1616.4939915029772
3,42.6064840071624,-4.456033596810039,8.250319750032473,11.2,1617.1026555602225
3,42.6064840071624,-4.456033596810039,8.061155758866052,11.2,1617.7113196174678
3,42.6064840071624,-4.456033596810039,7.756151224397741,11.2,1618.319983674713
3,42.6064840071624,-4.456033596810039,7.5493725922148185,11.2,1618.9286477319583
3,42.6064840071624,-4.456033596810039,7.543278585510929,11.2,1619.5373117892036
3,42.48231475094826,-4.4549957858702145,7.5991617764396695,11.2,1620.1442019999315
3,42.48231475094826,-4.4549957858702145,7.631048954037634,11.2,1620.7510922106594
3,42.35814832700345,-4.453661467664071,7.685203461356072,11.2,1621.3562086153308
3,42.233985443365,-4.4520306498003235,7.6737923635636625,11.2,1621.9595512645217
3,42.233985443365,-4.4520306498003235,7.562539683280386,11.2,1622.5628939137125
3,42.10982680804979,-4.45010334157841,7.417658148436895,11.2,1623.1644628681133
3,42.10982680804979,-4.45010334157841,7.394856905376829,11.2,1623.7660318225142
3,41.98567312905044,-4.447879553988484,7.341253192783901,11.2,1624.3658271529291
3,41.73736081473588,-4.443728458176644,7.235008995823919,11.2,1624.9620751645682
3,41.48903905978037,-4.440170328709383,7.443499851828893,11.2,1625.554775722565
3,40.61987574425312,-4.430830119020047,7.677042936483342,11.2,1626.1350596617685
3,39.87484321321914,-4.427271884720751,8.090687603913903,11.2,1626.7047002791003
3,38.757283795524955,-4.428606225753343,8.537049698947802,11.2,1627.2583757618936
3,37.51560893495583,-4.440466837666566,9.061564894741712,11.2,1627.794313032393
3,36.39822794785481,-4.4604808879337075,9.66013494658628,11.2,1628.3142877173623
3,35.40512312823258,-4.484200285695811,10.271530170027434,11.2,1628.8200751906227
3,34.41214291584728,-4.51266237272961,10.808818920686058,11.2,1629.3116772322776
3,33.79159754022673,-4.532674064410013,11.318561347099386,11.2,1629.794414339995
3,32.55065899595665,-4.577142651774426,11.765671374531733,11.2,1630.259423754223
3,32.046203653853546,-4.577142651774426,12.157953664016473,11.2,1630.7172266635637
3,32.17030258184625,-4.572843966504771,12.343253413121616,11.2,1631.176802414733
3,32.29441165697036,-4.56884162816869,12.086809052196557,11.2,1631.6381511526897
3,32.6667657851908,-4.55772376807416,11.712534788241346,11.2,1632.1048192353353
3,33.41163263312682,-4.541712931112669,11.336837389388347,11.2,1632.5821282729514
3,34.15661843179573,-4.532817548265227,10.669293972660867,11.2,1633.0700799648341
3,34.529136113465555,-4.531483209768916,9.97654819998018,11.2,1633.5633533378837
3,35.52250998923347,-4.536227508641176,9.54214674814234,11.2,1634.0708177663014
3,35.64667924544761,-4.537265319581,9.398086709703257,11.2,1634.5800560412363
3,35.39833837278319,-4.535486209194765,9.832944210900527,11.2,1635.085746589419
3,35.27416699235293,-4.534744911439198,10.155642620812198,11.2,1635.5896632607382
3,35.14999372372025,-4.534596651324465,10.39174916160177,11.2,1636.09180602822
3,35.27416652030132,-4.534151870980267,10.54384646858853,11.2,1636.5957226927956
3,35.646684910044534,-4.532817529947674,10.329988661985073,11.2,1637.1049610486534
3,35.646684910044534,-4.532817529947674,10.232395306958711,11.2,1637.6141994045113
3,36.51589779047334,-4.533855350750802,10.097513513047504,11.2,1638.1358550872324
3,37.38508093184815,-4.541120013521051,9.742925433038874,11.2,1638.669927671973
3,38.005872928436496,-4.550756536313697,9.291819324587472,11.2,1639.212868713808
3,38.502452242888324,-4.5614304580544305,8.890443513915402,11.2,1639.7629037458491
3,38.750741900114235,-4.5667674189247975,8.631902509198676,11.2,1640.3164857729937
3,38.750741900114235,-4.5667674189247975,9.097623548551146,11.2,1640.8700678001383
3,38.874908088046695,-4.568101734594703,9.468766354798575,11.2,1641.4254236299676
3,38.874908088046695,-4.568101734594703,9.749158745150316,11.2,1641.9807794597968
3,39.24742576971652,-4.569436073091008,9.813186326043025,11.2,1642.5414569707928
3,39.74412026040265,-4.569436073091006,9.617907941194717,11.2,1643.1092301173699
3,40.36498778369513,-4.570177375073704,9.33728128278339,11.2,1643.685872799994
3,41.11002031472911,-4.573735609373,8.883307613176116,11.2,1644.27315880449
3,42.22751600612129,-4.585744450402146,8.285567988781152,11.2,1644.876409033149
3,42.97248127098782,-4.596418838803928,7.618827676888791,11.2,1645.4903016227345
3,43.220810578571076,-4.599383974873819,7.228095272703013,11.2,1646.107741773857
3,43.220810578571076,-4.599383974873819,7.6966654239062615,11.2,1646.7251819249796
3,42.9724671096291,-4.598197900155753,8.051944048650048,11.2,1647.33907431226
3,42.84829360497061,-4.598346160552293,8.2902482609818,11.2,1647.951192792331
3,42.72412246056212,-4.599087456898823,8.513971390398538,11.2,1648.5615373989106
3,42.72412246056212,-4.599087456898823,8.688662759332882,11.2,1649.17188200549
3,42.84828534420057,-4.597456639035075,8.768941147785744,11.2,1649.78400036755
3,43.22078461603501,-4.593453684416629,8.743506454073923,11.2,1650.401440147779
3,43.59329238467742,-4.590340251597172,8.519031376935267,11.2,1651.0242014675603
3,43.71746376510768,-4.589598953841598,8.216556213515586,11.2,1651.6487366642048
3,44.83502318280186,-4.588264612809006,7.763332156618637,11.2,1652.2892369953877
3,44.83502318280186,-4.588264612809006,7.480837110588896,11.2,1652.9297373265706
3,44.95919597938293,-4.587819832464808,7.84157096530106,11.2,1653.5720115548474
3,44.71085156634822,-4.5890059116918085,8.113069815206641,11.2,1654.2107380057953
3,44.462510929703825,-4.590785020387202,8.331443377482847,11.2,1654.8459167333624
3,44.462510929703825,-4.590785020387202,8.414096969280905,11.2,1655.4810954609295
3,44.58667735364864,-4.589450702181053,8.428345353605188,11.2,1656.118047994553
3,44.58667735364864,-4.589450702181053,8.378806303144689,11.2,1656.7550005281767
3,44.58667735364864,-4.589450702181053,8.258055372641758,11.2,1657.3919530618002
3,44.58667735364864,-4.589450702181053,8.093376047169713,11.2,1658.0289055954238
3,44.58667735364864,-4.589450702181053,7.955360226790664,11.2,1658.6658581290474
3,44.58667735364864,-4.589450702181053,8.030998226727698,11.2,1659.302810662671
3,44.462510929703825,-4.590785020387202,8.13901974804769,11.2,1659.937989390238
3,44.462510929703825,-4.590785020387202,8.150667972767504,11.2,1660.5731681178052
3,44.462510929703825,-4.590785020387202,8.10091404721142,11.2,1661.2083468453723
3,44.462510929703825,-4.590785020387202,7.991287147763136,11.2,1661.8435255729394
3,44.462510929703825,-4.590785020387202,7.823857899301788,11.2,1662.4787043005065
3,44.462510929703825,-4.590785020387202,7.718560246375367,11.2,1663.1138830280736
3,44.462510929703825,-4.590785020387202,7.677469598781295,11.2,1663.7490617556407
3,44.462510929703825,-4.590785020387202,7.6210665089633425,11.2,1664.3842404832078
3,44.33834167348969,-4.59182283132702,7.527325349512109,11.2,1665.0176453642578
3,44.214170293059425,-4.592564129082594,7.44396558747362,11.2,1665.6492763684444
3,44.214170293059425,-4.592564129082594,7.341163942462926,11.2,1666.280907372631
3,43.96582399181986,-4.593157169823331,7.357870770173194,11.2,1666.908990572514
3,43.84165048716137,-4.593008909426791,7.278054860200651,11.2,1667.5352998651879
3,43.34495741263143,-4.59182282681808,7.445791351285483,11.2,1668.1545135425113
3,42.848264338101494,-4.59063674420937,7.597558508183181,11.2,1668.7666316044842
3,41.85487630083354,-4.59063674420937,7.975022415945259,11.2,1669.364558408782
3,41.109843769799554,-4.594194978508683,8.30800907200281,11.2,1669.9518418912076
3,40.11650104916376,-4.603683495092553,8.809423524239794,11.2,1670.5249347633385
3,39.619841961978736,-4.609613772868407,9.246181403912036,11.2,1671.0909325056525
3,37.63326981034948,-4.638078781553691,9.790070984939158,11.2,1671.6285506458003
3,36.64006303547565,-4.657054949022228,10.312385669678276,11.2,1672.1519801177355
3,35.646903462685714,-4.678402812792441,10.784694265449573,11.2,1672.661221595774
3,34.5296286801245,-4.703753172130926,11.23546877866898,11.2,1673.15450200549
3,33.784799357531476,-4.721542737359485,11.612941336075252,11.2,1673.6371419963118
3,33.41237443001107,-4.72999285713898,11.920911183082312,11.2,1674.1144616310262
3,33.288220986999846,-4.732216640501996,12.167991983336716,11.2,1674.5900076451262
3,33.288220986999846,-4.732216640501996,11.986097090432382,11.2,1675.0655536592262
3,33.660709637915176,-4.727324186910752,11.734668047190986,11.2,1675.5464209397678
3,34.15738099823307,-4.722579928618817,11.437919939268678,11.2,1676.0343835254569
3,34.65407218456139,-4.721393850519046,10.97959553651469,11.2,1676.529441699522
3,35.52327019542081,-4.726582924944757,10.331608078484885,11.2,1677.036916988028
3,36.019928810587324,-4.732513197084538,9.62166385442634,11.2,1677.5514873996078
3,36.019928810587324,-4.732513197084538,9.415922398067123,11.2,1678.0660578111876
3,36.019928810587324,-4.732513197084538,9.929628991559976,11.2,1678.5806282227675
3,35.52327019542081,-4.726582924944757,10.31368196368502,11.2,1679.0881035112734
3,35.52327019542081,-4.726582924944757,10.565977122149475,11.2,1679.5955787997793
3,35.52327019542081,-4.726582924944757,10.664479214333852,11.2,1680.1030540882853
3,35.52327019542081,-4.726582924944757,10.643855365315549,11.2,1680.6105293767912
3,36.01996468610694,-4.726582924944754,10.480983509342852,11.2,1681.1251003008783
3,36.392485200082426,-4.727027706134374,10.072280503628807,11.2,1681.644992946594
3,36.76500358982564,-4.728362047166967,9.567167832198143,11.2,1682.1702072835915
3,37.261684863114425,-4.731920264557752,9.24330150938651,11.2,1682.7025170673503
3,37.63419263175683,-4.735033697377227,9.044584388259604,11.2,1683.240148390661
3,37.63419263175683,-4.735033697377227,9.041784498714955,11.2,1683.7777797139718
3,37.63419263175683,-4.735033697377227,9.28653398212945,11.2,1684.3154110372825
3,37.63419263175683,-4.735033697377227,9.414087313483197,11.2,1684.8530423605932
3,37.758364012187094,-4.735774995132795,9.55296582076105,11.2,1685.3924475607673
3,37.758364012187094,-4.735774995132795,9.680608226444772,11.2,1685.9318527609414
3,38.00670464883149,-4.737554103828188,9.646075117485111,11.2,1686.4748056844962
3,38.130873905045625,-4.738591914768013,9.432680162983901,11.2,1687.0195324545682
3,38.875880945522475,-4.745708302205915,9.135986285863137,11.2,1687.5749021823615
3,39.620845502383446,-4.756382680462879,8.77362454222011,11.2,1688.140914260967
3,39.620845502383446,-4.756382680462879,8.506467903414627,11.2,1688.7069263395726
3,39.74501192632826,-4.7577169986690215,8.28057378681175,11.2,1689.2747122242345
3,39.74501192632826,-4.7577169986690215,8.539486567043202,11.2,1689.8424981088963
3,39.74501192632826,-4.7577169986690215,8.802608188846602,11.2,1690.410283993558
3,39.74501192632826,-4.7577169986690215,8.928092062301019,11.2,1690.97806987822
3,39.74501192632826,-4.7577169986690215,8.943579858874177,11.2,1691.5458557628817
3,39.8691811825424,-4.758754809608846,8.95603713527616,11.2,1692.115415494061
3,39.8691811825424,-4.758754809608846,8.874543880750387,11.2,1692.6849752252401
3,39.8691811825424,-4.758754809608846,8.732062591200952,11.2,1693.2545349564193
3,39.99335256297266,-4.759496107364415,8.62757893319235,11.2,1693.8258685644619
3,39.99335256297266,-4.759496107364415,8.505427507841901,11.2,1694.3972021725044
3,39.99335256297266,-4.759496107364415,8.649176108812224,11.2,1694.968535780547
3,39.99335256297266,-4.759496107364415,8.759263199381657,11.2,1695.5398693885895
3,39.8691811825424,-4.758754809608847,8.8832540083085,11.2,1696.1094291197687
3,39.8691811825424,-4.758754809608847,8.899479616971421,11.2,1696.678988850948
3,39.8691811825424,-4.758754809608847,8.789321991153157,11.2,1697.2485485821271
3,39.8691811825424,-4.758754809608847,8.645051464882163,11.2,1697.8181083133063
3,39.8691811825424,-4.758754809608847,8.54424565350157,11.2,1698.3876680444855
3,39.8691811825424,-4.758754809608847,8.687798855115593,11.2,1698.9572277756647
3,39.8691811825424,-4.758754809608847,8.734218680751107,11.2,1699.526787506844
3,39.8691811825424,-4.758754809608847,8.746842796492396,11.2,1700.096347238023
3,39.74501192632826,-4.757716998669022,8.693966470580017,11.2,1700.664133122685
3,39.74501192632826,-4.757716998669022,8.591764726214281,11.2,1701.2319190073467
3,39.74501192632826,-4.757716998669022,8.518793907243449,11.2,1701.7997048920085
3,39.74501192632826,-4.757716998669022,8.54260418831595,11.2,1702.3674907766704
3,39.74501192632826,-4.757716998669022,8.500300720561388,11.2,1702.9352766613322
3,39.74501192632826,-4.757716998669022,8.419740358301775,11.2,1703.503062545994
3,39.74501192632826,-4.757716998669022,8.290217758784491,11.2,1704.0708484306558
3,39.74501192632826,-4.757716998669022,8.216647220798256,11.2,1704.6386343153176
3,39.74501192632826,-4.757716998669022,8.17196991179949,11.2,1705.2064201999794
3,39.620845502383446,-4.756382680462879,8.112916120808764,11.2,1705.772432278585
3,39.49667907843863,-4.755048362256737,8.054266978873653,11.2,1706.3366705511341
3,39.49667907843863,-4.755048362256737,7.953624633507993,11.2,1706.9009088236833
3,39.49667907843863,-4.755048362256737,7.834823188253379,11.2,1707.4651470962324
3,39.12417980660419,-4.751045407638308,7.936368405187126,11.2,1708.0240639506123
3,38.62750844628629,-4.746301149346373,8.180195502413337,11.2,1708.575885499845
3,38.503339190072154,-4.745263338406549,8.386445164040424,11.2,1709.1259332025604
3,37.50996531430424,-4.740519039534289,8.70424005471183,11.2,1709.6617898499076
3,36.516591438536324,-4.745263338406549,9.081940724676969,11.2,1710.1834554418867
3,35.77160351578655,-4.754158746616238,9.408826613689351,11.2,1710.6944783492552
3,35.02666657284286,-4.766612034051773,9.844076041635276,11.2,1711.1948593002958
3,34.281797601165124,-4.782622916662873,10.227714830364686,11.2,1711.6845992660267
3,33.4129118316766,-4.806489800743097,10.641140793192516,11.2,1712.1619265779077
3,32.79236645605605,-4.826501492423501,10.95785355901257,11.2,1712.6303889558515
3,32.5401387850045,-4.826501492423501,11.285491965121091,11.2,1713.0952480813514
3,31.919642965618447,-4.847994959626019,11.542675534872892,11.2,1713.5512429808603
3,32.04376053651773,-4.84428902034954,11.739105299380915,11.2,1714.0090109885248
3,32.16790217902453,-4.841472313756375,11.546101161728991,11.2,1714.4685524482252
3,32.66450556646145,-4.8319842300221065,11.210059787808522,11.2,1714.9351882420317
3,33.161162765574055,-4.8260539747904785,10.755310866676655,11.2,1715.4089191386827
3,34.0303723416472,-4.825016157932676,10.257011399852402,11.2,1715.8950673149918
3,34.40287940223641,-4.828129584834211,9.93829335162559,11.2,1716.3865370207382
3,34.52704582618122,-4.829463903040354,9.532282932532912,11.2,1716.8797805325407
3,34.65121225012604,-4.830798221246496,9.691010577311287,11.2,1717.3747978503998
3,34.65121225012604,-4.830798221246496,9.901736588083061,11.2,1717.8698151682588
3,34.65121225012604,-4.830798221246496,10.03301206924912,11.2,1718.3648324861178
3,34.77537867407085,-4.832132539452639,10.237118782961813,11.2,1718.8616236100331
3,34.77537867407085,-4.832132539452639,10.256603836077124,11.2,1719.3584147339484
3,34.89954793028499,-4.8331703503924635,10.205166637171839,11.2,1719.856979704381
3,35.02371931071525,-4.833911648148032,10.136817809129012,11.2,1720.357318551677
3,35.396237700458464,-4.835245989180625,10.016722576619422,11.2,1720.862979090255
3,35.76875821443395,-4.8356907703702445,9.80933355659133,11.2,1721.3739613504613
3,36.26545081691308,-4.836876851851719,9.538811892663576,11.2,1721.8920392192742
3,36.8862959178951,-4.842065896687611,9.246609708988546,11.2,1722.4189863038157
3,36.8862959178951,-4.842065896687611,9.175529319900281,11.2,1722.9459333883572
3,37.01046729832536,-4.8428071944431785,9.321750632461514,11.2,1723.4746543497617
3,37.01046729832536,-4.8428071944431785,9.595629067214999,11.2,1724.0033753111663
3,37.13464009490643,-4.843251974787377,9.769327191997288,11.2,1724.533870169665
3,37.50715848464964,-4.84458631581997,9.853385802154111,11.2,1725.0696867194458
3,37.87967262594042,-4.846810209086674,9.716132256699057,11.2,1725.6108248998164
3,38.37635437126925,-4.850368429859143,9.320185492873689,11.2,1726.1590585336917
3,39.245539164768196,-4.857633106437917,8.847772312081453,11.2,1726.7197090931884
3,39.86637128449226,-4.86430469746863,8.44510017122904,11.2,1727.289228682967
3,39.990537708437074,-4.865639015674773,8.133142131571153,11.2,1727.8605220788018
3,40.11470696465121,-4.866676826614598,8.58403294702704,11.2,1728.433589321154
3,40.11470696465121,-4.866676826614598,8.908021846568115,11.2,1729.006656563506
3,40.11470696465121,-4.866676826614598,9.118558004592876,11.2,1729.5797238058583
3,40.238880469309706,-4.866825087011138,9.19252378010061,11.2,1730.1545649554198
3,40.487227714652775,-4.866825087011137,9.019236595806582,11.2,1730.732953922772
3,40.98392220533891,-4.866825087011135,8.759960035026912,11.2,1731.3184385257052
3,41.480614807818036,-4.868011168492609,8.418843531828239,11.2,1731.9110187372455
3,42.101471709969324,-4.871717657270448,8.028536270577206,11.2,1732.512468333102
3,42.34981588698065,-4.872903735370214,7.631340577378746,11.2,1733.1174657029162
3,42.34981588698065,-4.872903735370214,7.819974039018003,11.2,1733.7224630727303
3,42.22564238232216,-4.872755474973674,8.156582845209282,11.2,1734.3256865353349
3,42.22564238232216,-4.872755474973674,8.395520583066421,11.2,1734.9289099979394
3,42.22564238232216,-4.872755474973674,8.43962524868482,11.2,1735.532133460544
3,42.22564238232216,-4.872755474973674,8.418016742564776,11.2,1736.1353569231485
3,42.34981588698065,-4.872607214577135,8.333256087575037,11.2,1736.7403542929626
3,42.34981588698065,-4.872607214577135,8.132434040920362,11.2,1737.3453516627767
3,42.34981588698065,-4.872607214577135,7.887644100443905,11.2,1737.9503490325908
3,42.34981588698065,-4.872607214577135,8.024306543174768,11.2,1738.555346402405
3,42.22564238232216,-4.872755474973674,8.083762662065439,11.2,1739.1585698650094
3,42.22564238232216,-4.872755474973674,8.08121902353163,11.2,1739.761793327614
3,42.22564238232216,-4.872755474973674,8.055033392762248,11.2,1740.3650167902185
3,42.22564238232216,-4.872755474973674,7.949889853539918,11.2,1740.968240252823
3,42.22564238232216,-4.872755474973674,7.787821311664232,11.2,1741.5714637154276
3,42.10146887766366,-4.872607214577135,7.791042809755324,11.2,1742.1729132708228
3,42.10146887766366,-4.872607214577135,7.712928804899496,11.2,1742.774362826218
3,41.97729537300517,-4.872458954180596,7.584109237289514,11.2,1743.374038474404
3,41.97729537300517,-4.872458954180596,7.39323883662118,11.2,1743.9737141225899
3,41.97729537300517,-4.872458954180596,7.302576737442586,11.2,1744.5733897707757
3,41.853121868346676,-4.872310693784057,7.1973124033089375,11.2,1745.171291511752
3,41.604775331081704,-4.871717652479702,7.221705822948891,11.2,1745.7656454450532
3,41.10808225655177,-4.870531569870992,7.380874613762805,11.2,1746.352903763004
3,40.48721473325929,-4.869790267888294,7.5639277993129985,11.2,1746.9312925449076
3,39.990522130780164,-4.870976349369768,7.9634221182921445,11.2,1747.5025857182045
3,38.62466290861974,-4.8823922480087525,8.387780856832567,11.2,1748.054366616899
3,37.507196955873745,-4.897069608782536,8.90557891820258,11.2,1748.5901837162685
3,36.38981596877272,-4.917083659049659,9.498273718657947,11.2,1749.110038230108
3,34.90015873933939,-4.952662755692815,10.082302283480882,11.2,1749.6086119263844
3,33.907178526954084,-4.981124842726613,10.652359309016052,11.2,1750.0930001910551
3,32.89826784274788,-4.981124842726613,11.171738637772032,11.2,1750.5629754459515
3,32.15358507365553,-5.004249760939603,11.673671894976078,11.2,1751.0223123755752
3,31.649129731552424,-5.004249760939603,12.1077082439232,11.2,1751.4744428003116
3,30.904394572263442,-5.025596326214951,12.41740032959363,11.2,1751.915934151344
3,31.02852134669879,-5.022186764865543,12.284482781556017,11.2,1752.359198742011
3,31.15264812113413,-5.018777203516135,11.993414281960051,11.2,1752.804236572313
3,31.525072340758797,-5.010327099798407,11.644808166137874,11.2,1753.2545947486094
3,32.14586433734714,-5.000690577005751,11.199511630821236,11.2,1753.713821382
3,32.89088412310256,-4.995353266137143,10.531195662129864,11.2,1754.1836911551873
3,33.38757814173654,-4.995353266137143,9.914060229806115,11.2,1754.6606565572122
3,33.38757814173654,-4.995353266137143,9.61897885893518,11.2,1755.137621959237
3,33.38757814173654,-4.995353266137143,10.01210984870704,11.2,1755.614587361262
3,33.13923160447157,-4.994760224832788,10.307780578195908,11.2,1756.0880049556115
3,33.13923160447157,-4.994760224832788,10.495153985065468,11.2,1756.561422549961
3,33.26340510913006,-4.9949084852293275,10.53821359594538,11.2,1757.03661405152
3,33.387578613788556,-4.994760224832788,10.449855074756902,11.2,1757.5135794602884
3,33.51175211844705,-4.994611964436249,10.346901783369317,11.2,1757.9923187762663
3,33.760098419686614,-4.995205005176986,10.146939850898791,11.2,1758.4746058965475
3,33.884271216267685,-4.995649785521184,10.006596383444828,11.2,1758.9586669139228
3,34.2567896060109,-4.9969841265537775,9.832214052109796,11.2,1759.4480496225801
3,34.38096240259197,-4.997428906897975,9.896612523366256,11.2,1759.9392062283314
3,34.38096240259197,-4.997428906897975,10.19148293679334,11.2,1760.4303628340826
3,34.50513590725046,-4.997577167294514,10.421366542599626,11.2,1760.9232933470435
3,34.75348315259353,-4.997577167294512,10.602165711520666,11.2,1761.4197716777949
3,35.0018303979366,-4.99757716729451,10.523128272080706,11.2,1761.919797826337
3,35.622697921229076,-4.9983184692772085,10.23532712746521,11.2,1762.4286935109258
3,36.243561904134424,-5.000542370998196,9.894843685469667,11.2,1762.9464586809847
3,37.48523676470355,-5.0124029829114045,9.356741132321314,11.2,1763.4819620633377
3,38.35431086578212,-5.0279694664525,9.028445724092197,11.2,1764.0298807899917
3,39.34735338178588,-5.05406020885044,8.615169235567638,11.2,1764.591985838303
3,40.34010138670901,-5.089634977312276,8.107103525702454,11.2,1765.1682730009702
3,40.71236631404646,-5.1034200232071125,7.506296352004007,11.2,1765.749878234028
3,40.83647538917057,-5.107422361543193,7.945397011305992,11.2,1766.3332564538734
3,40.83647538917057,-5.107422361543193,8.293840620046193,11.2,1766.9166346737188
3,40.712340826771815,-5.104309218695832,8.505384813430894,11.2,1767.4982395426728
3,40.836482469278614,-5.107125925288997,8.704592428701522,11.2,1768.0816178636624
3,40.960630483997726,-5.109646179566199,8.700498984867144,11.2,1768.6667697277194
3,41.208942798312286,-5.1137972753780385,8.61897583744718,11.2,1769.2554689105525
3,41.333105681950734,-5.115428093241786,8.466043381440226,11.2,1769.845941848866
3,41.58144136210968,-5.1178002223877535,8.509599896320834,11.2,1770.4399624397533
3,41.70561274253994,-5.118541520143321,8.69136182175299,11.2,1771.0357569075038
3,41.82978553912101,-5.118986300487519,8.794691451057998,11.2,1771.6333252723484
3,42.45064952202636,-5.121210202208506,8.80119345602495,11.2,1772.2397631226631
3,42.82316366331714,-5.1234340954752104,8.535466216987272,11.2,1772.8515226035677
3,43.443994602979465,-5.130105673824736,8.083292729005546,11.2,1773.472151097896
3,43.81647050892511,-5.135887598490457,7.568338369086121,11.2,1774.0981006765949
3,43.94063315655793,-5.137518413254391,7.3615698205470625,11.2,1774.725824007403
3,43.94063315655793,-5.137518413254391,7.7207767316160485,11.2,1775.353547338211
3,43.692292519913536,-5.135739304559004,7.926861371728538,11.2,1775.9777229456383
3,43.692292519913536,-5.135739304559004,8.019239006190418,11.2,1776.6018985530657
3,43.692292519913536,-5.135739304559004,7.998464528760718,11.2,1777.226074160493
3,43.81646531649461,-5.136184084903201,8.070339987101688,11.2,1777.8520236650143
3,43.81646531649461,-5.136184084903201,8.00736044553495,11.2,1778.4779731695355
3,43.9406388211531,-5.13633234529974,7.8330500548517925,11.2,1779.1056965812663
3,43.9406388211531,-5.13633234529974,7.562981092215781,11.2,1779.7334199929971
3,43.9406388211531,-5.13633234529974,7.474343219766731,11.2,1780.361143404728
3,43.81646531649461,-5.136184084903201,7.6412459784327975,11.2,1780.9870929092492
3,43.692292519913536,-5.135739304559003,7.7804867504590955,11.2,1781.6112685166765
3,43.568121139483274,-5.1349980068034355,7.785380671860463,11.2,1782.2336702472405
3,43.568121139483274,-5.1349980068034355,7.690822865017463,11.2,1782.8560719778045
3,43.443951883269136,-5.133960195863617,7.531712273871343,11.2,1783.476699861851
3,43.443951883269136,-5.133960195863617,7.325451938932225,11.2,1784.0973277458977
3,43.443951883269136,-5.133960195863617,7.295564533784386,11.2,1784.7179556299443
3,43.443951883269136,-5.133960195863617,7.181764174806051,11.2,1785.338583513991
3,43.443951883269136,-5.133960195863617,7.019199815626773,11.2,1785.9592113980375
3,43.319782627055,-5.132922384923798,7.01025203256727,11.2,1786.578065435567
3,42.574760009061755,-5.1275850537650935,7.221355719962479,11.2,1787.1862762928392
3,41.82972747802777,-5.124026819465797,7.481672246796145,11.2,1787.7838438282397
3,41.0846864500768,-5.124026819465797,7.920625321146446,11.2,1788.3707679203837
3,39.71880386158344,-5.132181079277628,8.359719994428298,11.2,1788.9381794041205
3,38.601340032888025,-5.146858412153055,8.954074278974332,11.2,1789.4896271188761
3,37.484010024212246,-5.169540657533952,9.492904191335258,11.2,1790.0251129763649
3,36.24270334004174,-5.202154178517827,10.126077867900719,11.2,1790.5428658812227
3,34.753339217331195,-5.248403970988525,10.70999546798298,11.2,1791.039342155756
3,33.760588381915134,-5.283978840880078,11.279145369887345,11.2,1791.5216362754977
3,32.892047852531064,-5.318218139833761,11.774447948110822,11.2,1791.991522673391
3,32.27166176011387,-5.342674781943535,12.218289747732056,11.2,1792.4525464128212
3,32.02347405125986,-5.351568499416423,12.40900996473695,11.2,1792.9100246135536
3,32.27570172231141,-5.351568499416423,12.168474970072417,11.2,1793.3711060667295
3,32.5239290760965,-5.3438602006713065,11.891740147879734,11.2,1793.8357336249594
3,33.020480070156516,-5.332000535604164,11.53230989332284,11.2,1794.3074547688188
3,33.76544250300324,-5.321326187781552,10.93198436695107,11.2,1794.7898182331476
3,34.386302945545694,-5.319102298741962,10.287282394898845,11.2,1795.2810511323696
3,35.007158667588136,-5.3228087804746025,9.688488044252297,11.2,1795.7811533990493
3,35.007158667588136,-5.3228087804746025,9.347757836154946,11.2,1796.281255665729
3,35.007158667588136,-5.3228087804746025,9.742431507013759,11.2,1796.7813579324088
3,34.63465089894573,-5.319695347655145,10.069090824273232,11.2,1797.2761386595366
3,34.51048164273159,-5.318657536715326,10.291616702859484,11.2,1797.769145540147
3,34.51048164273159,-5.318657536715326,10.420647450310785,11.2,1798.2621524207575
3,34.63465089894573,-5.319695347655145,10.366848815728021,11.2,1798.7569331478853
3,34.63465089894573,-5.319695347655145,10.314899459405279,11.2,1799.2517138750131
3,34.75882227937599,-5.320436645410712,10.246800969967392,11.2,1799.7482684790043
3,34.75882227937599,-5.320436645410712,10.142739999173545,11.2,1800.2448230829955
3,34.88299507595706,-5.32088142575491,10.024180009410127,11.2,1800.7431515840806
3,35.007168580615556,-5.32102968615145,10.11513438844583,11.2,1801.243253992375
3,35.13134208527405,-5.32088142575491,10.222531693390396,11.2,1801.745130307879
3,35.25551488185512,-5.320436645410712,10.321833039487027,11.2,1802.2487805204769
3,35.876381225018555,-5.31969534483705,10.417441362367843,11.2,1802.7613002522628
3,36.24889961476177,-5.321029685869643,10.354355662067755,11.2,1803.2791416753307
3,36.74558844083119,-5.32340184432364,10.097052795031114,11.2,1803.8040786530569
3,37.36644534298248,-5.327108333101479,9.801858562768745,11.2,1804.3378850150996
3,38.35975974120769,-5.338968843564723,9.44690680106506,11.2,1804.8858815828312
3,39.22879419239996,-5.356610589972088,9.017847298495695,11.2,1805.4462929284368
3,39.97357820290226,-5.376178702562395,8.592425757633054,11.2,1806.0173440456213
3,40.22183953973636,-5.382701406759164,8.17171521798126,11.2,1806.5919417533319
3,40.59428287596162,-5.390262155219464,8.462511314842365,11.2,1807.1718600801314
3,40.470124240646406,-5.388334846997557,8.789822116609747,11.2,1807.7500047121407
3,40.594287124284854,-5.389965664861305,9.039376932281824,11.2,1808.3299230996306
3,40.8426228044438,-5.392337794007272,9.077643341235008,11.2,1808.9133891396941
3,41.21513694573458,-5.394561687273976,8.958449007352108,11.2,1809.5021768103475
3,41.46348324697414,-5.395154728014713,8.808862701319345,11.2,1810.0945122853043
3,41.83600092864397,-5.393820389518402,8.589500640225367,11.2,1810.6921694414277
3,41.96017018485811,-5.392782578578583,8.413870612131634,11.2,1811.2916004440685
3,42.45685145814689,-5.3892243611877975,8.437198246949205,11.2,1811.8981268934706
3,43.07771780131033,-5.388483060614135,8.462991063117993,11.2,1812.5135228620607
3,43.450238315285816,-5.3889278418037545,8.274823778555287,11.2,1813.134240552279
3,43.57441181994431,-5.388779581407215,7.951067200454418,11.2,1813.7567321497067
3,43.822755996955635,-5.3875935033074445,8.124530042054584,11.2,1814.3827715210919
3,43.94692525316977,-5.386555692367626,8.424419619284162,11.2,1815.0105847389943
3,44.07109167711459,-5.385221374161477,8.620684985904713,11.2,1815.640171762953
3,44.07109167711459,-5.385221374161477,8.68148390548123,11.2,1816.2697587869118
3,44.31941319606824,-5.381663248075817,8.588173047657644,11.2,1816.9028932611413
3,44.44356687506759,-5.379439460485885,8.411411657379077,11.2,1817.5378013593565
3,44.5677148897867,-5.376919206208683,8.22743408370242,11.2,1818.1744830006392
3,44.5677148897867,-5.376919206208683,8.135235641402605,11.2,1818.8111646419218
3,44.94015893394403,-5.369358443377078,8.216361659856913,11.2,1819.4531669124067
3,45.188471248258594,-5.365207347565239,8.204898733887806,11.2,1820.0987165016675
3,45.80930218792092,-5.358535769215703,8.09240939805432,11.2,1820.753135104352
3,45.80930218792092,-5.358535769215703,7.774391571851723,11.2,1821.4075537070364
3,46.430164990703965,-5.356311871721852,7.486148227840409,11.2,1822.0708417783321
3,46.430164990703965,-5.356311871721852,7.134507519821718,11.2,1822.7341298496278
3,46.430164990703965,-5.356311871721852,7.436261368565784,11.2,1823.3974179209235
3,46.181817745360895,-5.356311871721854,7.638157036196221,11.2,1824.0571581744287
3,46.181817745360895,-5.356311871721854,7.660969079315911,11.2,1824.7168984279338
3,46.181817745360895,-5.356311871721854,7.698346721815054,11.2,1825.3766386814389
3,46.0576442407024,-5.356163611325314,7.621465345277773,11.2,1826.0346050277346
3,46.0576442407024,-5.356163611325314,7.48852464297756,11.2,1826.6925713740304
3,46.0576442407024,-5.356163611325314,7.284823996994658,11.2,1827.3505377203262
3,46.0576442407024,-5.356163611325314,7.029938659413733,11.2,1828.008504066622
3,46.0576442407024,-5.356163611325314,6.905015116701871,11.2,1828.6664704129178
3,46.0576442407024,-5.356163611325314,6.854761139624149,11.2,1829.3244367592135
3,45.93347073604391,-5.356015350928775,6.7690977027504,11.2,1829.9806291983
3,45.809297231385415,-5.356163611325314,6.614872239215534,11.2,1830.635047730177
3,45.56095069412044,-5.356756652629672,6.779826711940265,11.2,1831.2859184543786
3,44.815911082325535,-5.3585357765427455,6.924951277757314,11.2,1831.9261457555547
3,44.19504709942019,-5.360759678263733,7.210184619364902,11.2,1832.5575035712607
3,43.07750467554786,-5.367431358063896,7.524927105770507,11.2,1833.1728964951972
3,42.20831988204891,-5.3746960346426285,7.990377256035218,11.2,1833.7758724935122
3,41.09082206654559,-5.386704898497965,8.466000137299691,11.2,1834.36288423732
3,39.973356113799596,-5.401382259271748,9.01621923717593,11.2,1834.933932181803
3,38.60761112533225,-5.422582649712724,9.575354830956403,11.2,1835.4854694835933
3,37.86267347440925,-5.435035948983711,10.105624090753036,11.2,1836.026364818942
3,36.49698300541642,-5.459497612472971,10.61845523135182,11.2,1836.547750290448
3,35.131354843506195,-5.487220409522188,11.150238160752007,11.2,1837.0496267882124
3,34.38648516391375,-5.503231307349848,11.594438632908922,11.2,1837.540862290554
3,33.88988177647683,-5.512719391084117,11.964426877101708,11.2,1838.0250034587893
3,33.517405870531185,-5.5185013157498375,12.294446544975798,11.2,1838.5038235426541
3,33.517405870531185,-5.5185013157498375,12.242446847669394,11.2,1838.982643626519
3,33.6415645058464,-5.516574007527931,11.910226847375359,11.2,1839.463237405174
3,33.76572314116161,-5.514646699306024,11.526892604985273,11.2,1839.9456048786192
3,34.634902978293816,-5.5073820641527345,11.000252910669376,11.2,1840.4403892068806
3,34.8832499876108,-5.5073820641527345,10.38703290956735,11.2,1840.9387213495606
3,35.0074234922693,-5.507530324549274,9.860493861788896,11.2,1841.4388273994502
3,35.0074234922693,-5.507530324549274,10.289993613712756,11.2,1841.9389334493399
3,34.8832499876108,-5.5073820641527345,10.62166237862841,11.2,1842.43726559202
3,34.75907719102973,-5.506937283808536,10.850693967414193,11.2,1842.933823837606
3,34.75907719102973,-5.506937283808536,10.87902902480231,11.2,1843.4303820831922
3,35.00742160406445,-5.508123363035534,10.748748652549962,11.2,1843.9304881061073
3,35.25576601709916,-5.509309442262532,10.572063785116892,11.2,1844.4341419063517
3,35.752454843168586,-5.511681600716529,10.355018729750155,11.2,1844.944891261254
3,36.373311745319874,-5.515388089494368,10.091468712412556,11.2,1845.464510000473
3,36.86998310563777,-5.520132347786303,9.746226534319335,11.2,1845.991224044839
3,37.11831264923028,-5.523097486674228,9.561815651197728,11.2,1846.5214856541138
3,37.11831264923028,-5.523097486674228,9.343832996927391,11.2,1847.0517472633885
3,37.11831264923028,-5.523097486674228,9.735568598101677,11.2,1847.5820088726632
3,37.11831264923028,-5.523097486674228,10.047008000940409,11.2,1848.112270481938
3,37.36665682624161,-5.524283564773993,10.282230099239149,11.2,1848.64607986517
3,37.4908303309001,-5.524431825170533,10.393264876482995,11.2,1849.1816631556114
3,37.86335084487559,-5.523987043980913,10.344099618020648,11.2,1849.7225681676812
3,38.235869234618804,-5.52265270294832,10.257149004527719,11.2,1850.268794871033
3,38.98090247372295,-5.519094465267316,9.92009585462929,11.2,1850.825664906372
3,39.97428767868121,-5.519094465267316,9.5082453282583,11.2,1851.3967261589246
3,40.595144580832496,-5.522800954045155,9.023036482910504,11.2,1851.9766567957936
3,41.83678757861401,-5.5376265921242105,8.357491370187821,11.2,1852.5743251897738
3,42.82999435348785,-5.556602759592748,7.644181560582701,11.2,1853.1861822519666
3,43.20245468252152,-5.563274109681789,7.202613132754977,11.2,1853.8033601760026
3,43.32661331783673,-5.565201417903696,7.603805752760639,11.2,1854.4223117948288
3,43.32661331783673,-5.565201417903696,8.03404427893426,11.2,1855.041263413655
3,43.32661331783673,-5.565201417903696,8.371138469577382,11.2,1855.6602150324813
3,43.32661331783673,-5.565201417903696,8.388457496931675,11.2,1856.2791666513076
3,43.45077195315194,-5.567128726125603,8.398418543386791,11.2,1856.899891964924
3,43.6991012607352,-5.570093862195499,8.325154595703623,11.2,1857.5241648400774
3,43.94744189737959,-5.571872970890886,8.155839471568587,11.2,1858.1519854386115
3,44.07161469396066,-5.572317751235083,8.222506279097361,11.2,1858.7815799342395
3,44.195788198619155,-5.572466011631622,8.332538296710347,11.2,1859.4129483370768
3,44.31996170327765,-5.572317751235083,8.376250825527896,11.2,1860.0460906471237
3,44.44413449985872,-5.571872970890885,8.324426731756162,11.2,1860.6810068542645
3,44.44413449985872,-5.571872970890885,8.179628207281795,11.2,1861.3159230614053
3,44.56830588028898,-5.571131673135311,8.031236216468416,11.2,1861.9526131454095
3,44.69247513650312,-5.570093862195492,8.111802210279377,11.2,1862.591077075931
3,44.69247513650312,-5.570093862195492,8.218417272656895,11.2,1863.2295410064526
3,44.816641560447934,-5.568759543989343,8.21470782291103,11.2,1863.8697787430303
3,44.816641560447934,-5.568759543989343,8.14822302202772,11.2,1864.510016479608
3,44.816641560447934,-5.568759543989343,8.257329786919456,11.2,1865.1502542161859
3,44.816641560447934,-5.568759543989343,8.333098205291794,11.2,1865.7904919527637
3,44.69247513650312,-5.570093862195492,8.328647010883074,11.2,1866.4289558832852
3,44.69247513650312,-5.570093862195492,8.220304574250223,11.2,1867.0674198138067
3,44.69247513650312,-5.570093862195492,8.332195158034189,11.2,1867.7058837443283
3,44.69247513650312,-5.570093862195492,8.32163042976587,11.2,1868.3443476748498
3,44.69247513650312,-5.570093862195492,8.260889726479572,11.2,1868.9828116053714
3,44.69247513650312,-5.570093862195492,8.25713861622425,11.2,1869.621275535893
3,44.69247513650312,-5.570093862195492,8.229127958573944,11.2,1870.2597394664144
3,44.56830588028898,-5.57113167313531,8.166634500503966,11.2,1870.8964295504186
3,44.56830588028898,-5.57113167313531,8.113754583796831,11.2,1871.5331196344227
3,44.56830588028898,-5.57113167313531,8.0435619539729,11.2,1872.169809718427
3,44.56830588028898,-5.57113167313531,7.945461006996708,11.2,1872.806499802431
3,44.56830588028898,-5.57113167313531,7.873429252548811,11.2,1873.4431898864352
3,44.56830588028898,-5.57113167313531,7.76655232807591,11.2,1874.0798799704394
3,44.56830588028898,-5.57113167313531,7.656370002063097,11.2,1874.7165700544435
3,44.56830588028898,-5.57113167313531,7.534820185763072,11.2,1875.3532601384477
3,44.56830588028898,-5.57113167313531,7.39644257215018,11.2,1875.9899502224519
3,44.56830588028898,-5.57113167313531,7.261840309269638,11.2,1876.626640306456
3,44.56830588028898,-5.57113167313531,7.128753846332185,11.2,1877.2633303904602
3,44.319961703277656,-5.572317751235081,7.074947315761704,11.2,1877.896472700507
3,44.071615166012684,-5.572910792539439,7.044631824033356,11.2,1878.5260672028787
3,43.8232681566957,-5.572910792539439,7.000684348007167,11.2,1879.1521138908315
3,43.57492397968437,-5.571724714439673,7.046940540187191,11.2,1879.774612804827
3,43.07826678057177,-5.5657944592080515,7.018917770531689,11.2,1880.390016615978
3,42.581663393134846,-5.556306375473783,7.134061071722826,11.2,1880.9983260930228
3,42.085083606739886,-5.545632443588682,7.558951216288123,11.2,1881.599541573119
3,40.34705435435751,-5.508273681990828,7.9695185332543925,11.2,1882.1759280638955
3,39.22972222188551,-5.485591393496014,8.619516011449994,11.2,1882.7363526670654
3,37.73984833599814,-5.460684818624976,9.375223045583162,11.2,1883.2754933575795
3,36.24983850331519,-5.446452084329127,10.220805607411055,11.2,1883.7933481933412
3,34.38723947382489,-5.444228182608139,11.05166653012455,11.2,1884.2845944715386
3,32.89717441175692,-5.4513446512067665,11.858206751606529,11.2,1884.7545541059924
3,31.779678720364746,-5.46335349223593,12.594178885099533,11.2,1885.2085495162833
3,30.91056827315825,-5.476844649789278,13.29899275611506,11.2,1885.6501290630426
3,29.917361498284414,-5.495820817257815,13.98793486960071,11.2,1886.0775199415896
3,29.917361498284414,-5.495820817257815,13.925442597168116,11.2,1886.5049108201365
3,30.538128713340534,-5.484701900442746,13.436900296222131,11.2,1886.9411698017557
3,31.283116636090305,-5.47580649223304,12.789656310356692,11.2,1887.3880714679856
3,32.276479182667885,-5.468690057451469,12.087933953888752,11.2,1887.849164027738
3,33.26986438762614,-5.468690057451469,11.285926724604748,11.2,1888.324447804704
3,34.5115014851965,-5.483515625080007,10.427393213622311,11.2,1888.8174692544926
3,34.88394552935383,-5.491076387911612,9.550235134483145,11.2,1889.3158113334835
3,35.504653741887836,-5.505159920877436,9.38999349238596,11.2,1889.8230206726532
3,35.380512099381036,-5.502343214284272,9.869667516090795,11.2,1890.3284565597874
3,35.132210405662576,-5.497599172417138,10.202689464532874,11.2,1890.8303452798682
3,35.132210405662576,-5.497599172417138,10.437976384032897,11.2,1891.332233999949
3,35.008047758029754,-5.4959683576532035,10.59040826825032,11.2,1891.8323489679208
3,35.13221701424389,-5.497006168593023,10.681426343287741,11.2,1892.33423778241
3,35.256388394674154,-5.49774746634859,10.657094096980877,11.2,1892.8379004737624
3,35.50473280770887,-5.498933545575588,10.534580119131618,11.2,1893.3451109424439
3,36.37394238377636,-5.502047007984971,10.30271025577499,11.2,1893.8647386907835
3,37.118974914810345,-5.505605242284267,9.94707447746164,11.2,1894.395009760995
3,37.863981955287194,-5.5127216297221695,9.536543918114969,11.2,1894.9359237889278
3,38.7331221407563,-5.5241373547684045,8.958017748761822,11.2,1895.4892541052243
3,39.60219624183487,-5.5397038383095,8.288357419902143,11.2,1896.054999765822
3,39.85049793555333,-5.544447880176635,7.881540499632271,11.2,1896.6242925934728
3,39.85049793555333,-5.544447880176635,8.351647984741014,11.2,1897.1935854211235
3,39.85049793555333,-5.544447880176635,8.672536722626594,11.2,1897.7628782487743
3,39.35381807838305,-5.540889672930902,8.917840164285277,11.2,1898.325075649894
3,39.22964480975037,-5.541037933045635,9.093204136039077,11.2,1898.885499147176
3,39.22964480975037,-5.541037933045635,9.235730979611159,11.2,1899.445922644458
3,39.22964480975037,-5.541037933045635,9.301154805586862,11.2,1900.00634614174
3,39.7263374122295,-5.53985185156416,9.333875552696531,11.2,1900.573865247629
3,40.22303001470863,-5.541037933045635,9.273725771299025,11.2,1901.1484799621248
3,40.843886916859915,-5.544744421823474,8.990686741919836,11.2,1901.7319640609371
3,41.71305023238716,-5.55408463151281,8.658529209516779,11.2,1902.3278647785426
3,42.20967486101629,-5.562386823136489,8.193806834741515,11.2,1902.9308601337
3,42.33382854001564,-5.5646106107264215,7.617747237684504,11.2,1903.535629112843
3,42.45798717533085,-5.566537918948328,7.849859742285272,11.2,1904.1421717867763
3,42.45798717533085,-5.566537918948328,8.201274387853667,11.2,1904.7487144607096
3,42.5821500589693,-5.568168736812076,8.416693738066865,11.2,1905.3570308901235
3,42.70631648291411,-5.569503055018225,8.378783227108665,11.2,1905.9671211255936
3,42.70631648291411,-5.569503055018225,8.175804850570698,11.2,1906.5772113610637
3,42.83048573912825,-5.570540865958044,8.083530086766226,11.2,1907.1890754430513
3,42.83048573912825,-5.570540865958044,7.91370922504012,11.2,1907.8009395250388
3,42.83048573912825,-5.570540865958044,7.773895371490496,11.2,1908.4128036070263
3,42.83048573912825,-5.570540865958044,7.961109898133141,11.2,1909.0246676890138
3,42.83048573912825,-5.570540865958044,8.018299546854697,11.2,1909.6365317710013
3,42.83048573912825,-5.570540865958044,8.012459873486813,11.2,1910.2483958529888
3,42.70631648291411,-5.569503055018226,7.950758695836281,11.2,1910.858486088459
3,42.70631648291411,-5.569503055018226,7.8323534724937875,11.2,1911.468576323929
3,42.70631648291411,-5.569503055018226,7.728471121416474,11.2,1912.0786665593992
3,42.70631648291411,-5.569503055018226,7.736203736267752,11.2,1912.6887567948693
3,42.70631648291411,-5.569503055018226,7.702880333052863,11.2,1913.2988470303394
3,42.45798056673985,-5.567130923617817,7.636235611371839,11.2,1913.9053896098642
3,42.45798056673985,-5.567130923617817,7.607057334178704,11.2,1914.511932189389
3,42.08547279809744,-5.564017490798359,7.774224605942166,11.2,1915.1131532293618
3,41.58878444407478,-5.561645334598828,7.951090153443085,11.2,1915.7072787214202
3,41.216263930099295,-5.561200553409209,8.127540639020385,11.2,1916.29608249185
3,40.719571327620166,-5.562386634890683,8.349246536154444,11.2,1916.8777906536732
3,40.09872622663815,-5.567575679726585,8.439633685276128,11.2,1917.450629599768
3,39.477934230049804,-5.577212202519241,8.797478949315172,11.2,1918.0146000887687
3,38.733065258372065,-5.593223085130358,9.010305738954148,11.2,1918.5679295924597
3,38.11243256588026,-5.610270859473366,9.293918575330942,11.2,1919.1123929148293
3,37.24366904001149,-5.6382872278259315,9.581536815896456,11.2,1919.6444453296867
3,36.74729362230346,-5.656074662771708,9.802603646221963,11.2,1920.1694066671482
3,36.49912762298939,-5.6655610242417636,10.11844336700602,11.2,1920.690822776048
3,35.754629625047194,-5.694020108651929,10.342475953275885,11.2,1921.201603199263
3,35.258297626419065,-5.7129928315920395,10.578100757929613,11.2,1921.7052931653548
3,35.010131627105,-5.722479193062095,10.7222421104959,11.2,1922.2054379028848
3,34.88604308212819,-5.727074217094479,10.779905418239705,11.2,1922.7038099469153
3,34.88604308212819,-5.727074217094479,10.748312369108477,11.2,1923.2021819909457
3,35.01016962062655,-5.723664662225878,10.622226483716299,11.2,1923.7023272712404
3,35.13431126313335,-5.720847955632707,10.46329749346642,11.2,1924.204246003571
3,35.13431126313335,-5.720847955632707,10.317352985819305,11.2,1924.7061647359014
3,35.01016324841424,-5.723368209909909,10.137824190558945,11.2,1925.2063099251645
3,35.01016324841424,-5.723368209909909,10.013055052536808,11.2,1925.7064551144276
3,35.01016324841424,-5.723368209909909,10.152388418950746,11.2,1926.2066003036907
3,35.01016324841424,-5.723368209909909,10.2272947466107,11.2,1926.7067454929538
3,35.01016324841424,-5.723368209909909,10.334820082613621,11.2,1927.206890682217
3,35.134316927413586,-5.721144422319976,10.382054149725612,11.2,1927.7088094954656
3,35.38263844636724,-5.717586296234316,10.432581559215285,11.2,1928.2142757589852
3,35.38263844636724,-5.717586296234316,10.259521171912331,11.2,1928.7197420225048
3,36.127658232122656,-5.712248985365708,10.054081366418172,11.2,1929.2358514258208
3,36.62435225075664,-5.712248985365708,9.806164670742792,11.2,1929.7590564579743
3,36.9968656839821,-5.714472874405292,9.554545802502677,11.2,1930.2875831106026
3,37.12103494019624,-5.7155106853451105,9.344069018139367,11.2,1930.8178836097482
3,37.12103494019624,-5.7155106853451105,9.335078307596216,11.2,1931.3481841088937
3,37.12103494019624,-5.7155106853451105,9.64892105914636,11.2,1931.8784846080393
3,37.12103494019624,-5.7155106853451105,9.856338034021464,11.2,1932.408785107185
3,37.2452063206265,-5.716251983100678,9.939611249711486,11.2,1932.940859483194
3,37.493552621866066,-5.716845023841415,9.9160034036146,11.2,1933.4764816635063
3,37.61772612652456,-5.716696763444876,9.835124463180161,11.2,1934.013877751028
3,37.866070303535885,-5.715510685345105,9.713314970137436,11.2,1934.554821612507
3,37.99023955975002,-5.714472874405287,9.560127583910806,11.2,1935.0975393205035
3,38.11440598369484,-5.713138556199138,9.455316896398005,11.2,1935.6420308345564
3,38.36273552728735,-5.710173417311211,9.537495770295548,11.2,1936.1900699135176
3,38.983580628269365,-5.704984372475309,9.583761976004089,11.2,1936.746978208207
3,39.107753424850436,-5.704539592131111,9.53375016020992,11.2,1937.3056603999908
3,39.97696630527924,-5.705577412934239,9.243764285093246,11.2,1937.8767599186376
3,40.59781140626126,-5.710766457770131,9.00128862662243,11.2,1938.4567286530128
3,41.46692020148493,-5.7242575896798344,8.607394087772239,11.2,1939.0491132273196
3,42.087627234192716,-5.738341095876047,8.128248540260817,11.2,1939.6503650449508
3,42.211761796591475,-5.741454238723408,7.737711823567264,11.2,1940.2533902134735
3,42.460051453817385,-5.746791199593774,8.11507996145025,11.2,1940.8599623770995
3,42.33589777481804,-5.744567412003842,8.383717367934512,11.2,1941.4647609167398
3,42.33589777481804,-5.744567412003842,8.496555674775584,11.2,1942.0695594563801
3,42.46005641013325,-5.746494720225749,8.33005517274083,11.2,1942.6761316908107
3,42.7083857177165,-5.749459856295645,8.216573476107037,11.2,1943.2862514867782
3,42.83255497393064,-5.750497667235464,7.9951656661015935,11.2,1943.898145129263
3,42.83255497393064,-5.750497667235464,7.758695592567085,11.2,1944.5100387717478
3,42.83255497393064,-5.750497667235464,8.011710661850854,11.2,1945.1219324142326
3,42.7083857177165,-5.749459856295646,8.108205304565876,11.2,1945.7320522102
3,42.7083857177165,-5.749459856295646,8.124076797485825,11.2,1946.3421720061674
3,42.7083857177165,-5.749459856295646,8.132222176830249,11.2,1946.9522918021348
3,42.7083857177165,-5.749459856295646,8.05264169938684,11.2,1947.5624115981022
3,42.7083857177165,-5.749459856295646,7.945915591096934,11.2,1948.1725313940697
3,42.7083857177165,-5.749459856295646,7.946246479932899,11.2,1948.782651190037
3,42.7083857177165,-5.749459856295646,7.9462158301517185,11.2,1949.3927709860045
3,42.7083857177165,-5.749459856295646,7.916354173685881,11.2,1950.002890781972
3,42.58421929377169,-5.748125538089497,7.827816541871223,11.2,1950.611236771883
3,42.58421929377169,-5.748125538089497,7.683516634207748,11.2,1951.2195827617938
3,42.58421929377169,-5.748125538089497,7.60752340533018,11.2,1951.8279287517048
3,42.58421929377169,-5.748125538089497,7.5179736596458495,11.2,1952.4362747416158
3,42.58421929377169,-5.748125538089497,7.407156050384463,11.2,1953.0446207315267
3,42.460052869826875,-5.746791219883349,7.306474881517247,11.2,1953.6511929153814
3,42.460052869826875,-5.746791219883349,7.17395576866297,11.2,1954.2577650992362
3,42.08754510118447,-5.743677787063891,7.211380804416385,11.2,1954.8590157435387
3,41.71503095989369,-5.741453893797187,7.4693019312376645,11.2,1955.4549447572515
3,41.09416697698834,-5.7392299920762,7.696974823100196,11.2,1956.0420042854942
3,39.97660755929416,-5.740564333108793,8.004909306346631,11.2,1956.6130986791984
3,39.10742441791935,-5.747828995879056,8.480741167850024,11.2,1957.171776170883
3,37.74168202542499,-5.769029346022898,8.867642089308845,11.2,1957.7109430569606
3,36.74852339652134,-5.790377189504388,9.438029260388028,11.2,1958.235921962625
3,35.755478049184944,-5.816468006291465,9.991888364493045,11.2,1958.7467145061848
3,34.63841354123611,-5.849821649972784,10.509856439334246,11.2,1959.2415489853454
3,33.3973723462295,-5.891326808855706,10.999684973100164,11.2,1959.7186543045773
3,33.14514467517795,-5.891326808855706,11.45768091988213,11.2,1960.1921563713656
3,32.02834777038672,-5.932682025147169,11.842043931347849,11.2,1960.6497041966568
3,31.656082135456316,-5.946467097244323,12.178775745726021,11.2,1961.101933941449
3,31.656082135456316,-5.946467097244323,12.4056041086075,11.2,1961.5541636862413
3,31.656082135456316,-5.946467097244323,12.19103663878075,11.2,1962.0063934310335
3,32.27671482794812,-5.929419322901305,11.866251833011054,11.2,1962.467489357147
3,32.7733167994886,-5.919931266219098,11.425629503656547,11.2,1962.9356795971398
3,33.394159540297316,-5.914742241109606,10.912361719187977,11.2,1963.412739019144
3,33.766680054272804,-5.914297459919986,10.359029754462423,11.2,1963.8951201627765
3,34.76003504822909,-5.92141384059468,9.82736894151584,11.2,1964.391692092037
3,34.76003504822909,-5.92141384059468,9.574212887116033,11.2,1964.8882640212973
3,34.76003504822909,-5.92141384059468,9.840082729341095,11.2,1965.3848359505578
3,34.635872164590644,-5.9197830227309325,10.246560994654546,11.2,1965.8796341243376
3,34.635872164590644,-5.9197830227309325,10.534121869197541,11.2,1966.3744322981174
3,34.76003858853546,-5.921117340937081,10.732822653664563,11.2,1966.8710042779537
3,34.8842078447496,-5.9221551518769004,10.614378123557529,11.2,1967.3693501043074
3,35.008377100963735,-5.923192962816719,10.421584295198342,11.2,1967.8694697771782
3,35.62922338203441,-5.928382017515814,10.200615532369838,11.2,1968.378458682636
3,36.25006966310509,-5.933571072214908,10.00856940295752,11.2,1968.8963168206803
3,36.746728278271604,-5.939501344354701,9.89595365494977,11.2,1969.4212700817984
3,37.49166522121529,-5.95195463179022,9.599426449261877,11.2,1969.9568652992443
3,38.11237225392308,-5.966038137986432,9.249485410699156,11.2,1970.5013277600146
3,38.484775941119345,-5.975377566528516,8.973871639966582,11.2,1971.0511102734592
3,38.608917583626145,-5.97819427312168,8.938079678081651,11.2,1971.6026662389397
3,38.981377912659816,-5.984865623210721,9.400923933106627,11.2,1972.1595430662635
3,39.105540796298264,-5.986496441074469,9.77805267459281,11.2,1972.7181936490676
3,39.60221215661616,-5.991240699366404,9.921124117760607,11.2,1973.2839395370193
3,40.09889390194499,-5.994798920138874,9.62926062996098,11.2,1973.8567808784755
3,41.092236622580785,-6.004287436722744,9.287870999895997,11.2,1974.4438128302268
3,41.83722525335832,-6.013182853386518,8.78253210658998,11.2,1975.0414874767032
3,42.954691206104314,-6.027860214160249,8.196984640040968,11.2,1975.6551259225048
3,43.57548438268038,-6.037496755269784,7.515274443366757,11.2,1976.2776328422574
3,44.94110994883967,-6.065219499624215,6.763465380123284,11.2,1976.9196486986693
3,45.437689263291496,-6.075893421364948,6.454567265607233,11.2,1977.568758545288
3,45.18938733359003,-6.071149374989134,6.930308301640492,11.2,1978.2143212214821
3,45.06523365459068,-6.068925587399201,7.3994094249009,11.2,1978.8581102736905
3,45.06523365459068,-6.068925587399201,7.643405320673354,11.2,1979.5018993258989
3,45.18939228990589,-6.070852895621108,7.546260808457634,11.2,1980.1474620728975
3,45.18939228990589,-6.070852895621108,7.447129860059249,11.2,1980.7930248198961
3,45.18939228990589,-6.070852895621108,7.355582284518606,11.2,1981.4385875668947
3,45.18939228990589,-6.070852895621108,7.487674000543636,11.2,1982.0841503138934
3,45.18939228990589,-6.070852895621108,7.656853192314366,11.2,1982.729713060892
3,45.18939228990589,-6.070852895621108,7.6569682155832375,11.2,1983.3752758078906
3,45.18939228990589,-6.070852895621108,7.694267424503132,11.2,1984.0208385548892
3,45.18939228990589,-6.070852895621108,7.685147273123092,11.2,1984.6664013018878
3,45.18939228990589,-6.070852895621108,7.602435831746359,11.2,1985.3119640488865
3,45.06523365459068,-6.068925587399201,7.7028937711211825,11.2,1985.9557531010948
3,45.06523365459068,-6.068925587399201,7.7492633050895465,11.2,1986.5995421533032
3,45.06523365459068,-6.068925587399201,7.667660529402763,11.2,1987.2433312055116
3,45.06523365459068,-6.068925587399201,7.571769246835183,11.2,1987.88712025772
3,45.06523365459068,-6.068925587399201,7.530585261862786,11.2,1988.5309093099283
3,45.06523365459068,-6.068925587399201,7.473589845274516,11.2,1989.1746983621367
3,45.06523365459068,-6.068925587399201,7.381507076097228,11.2,1989.818487414345
3,45.06523365459068,-6.068925587399201,7.2266853822815635,11.2,1990.4622764665535
3,44.94107997559133,-6.066701799809269,7.1637947208172195,11.2,1991.1042918947762
3,44.94107997559133,-6.066701799809269,7.026568809451634,11.2,1991.746307322999
3,44.94107997559133,-6.066701799809269,6.877932608738631,11.2,1992.3883227512217
3,44.56861893859328,-6.060030437039471,6.907109342290938,11.2,1993.0250173074874
3,44.19614303264764,-6.05424851237375,7.160393706022122,11.2,1993.6563907793823
3,43.202825802314614,-6.042387968094165,7.425056654884458,11.2,1994.2735740051296
3,42.3336277914552,-6.037198893668467,7.788439161380925,11.2,1994.878340116436
3,41.46441325884574,-6.03616107089269,8.241664156177224,11.2,1995.4706888772766
3,40.47103938307782,-6.04090536976495,8.784407464012093,11.2,1996.048846582749
3,38.98106353757829,-6.0586961861843625,9.34107894632653,11.2,1996.6057189190003
3,37.863682550477264,-6.078710236451486,9.940432505689214,11.2,1997.1466286697214
3,36.62230152594948,-6.108359483654116,10.425938109344743,11.2,1997.6698044058064
3,35.38107626046785,-6.143937092446364,11.010997539216307,11.2,1998.1752483523846
3,34.51231273459908,-6.171953460798929,11.520141506200437,11.2,1998.6682813914504
3,33.76768730991254,-6.196856579796292,11.966730345427539,11.2,1999.150676924449
3,33.39536008454021,-6.2088635948045345,12.36275968735303,11.2,1999.6277534970852
3,33.02300524855726,-6.219981476031641,12.435351445568257,11.2,2000.0995107149217
3,33.02300524855726,-6.219981476031641,12.342890197596029,11.2,2000.5712679327582
3,33.14712352721824,-6.2162755156226055,12.221705262909222,11.2,2001.0447982688613
3,33.27124180587922,-6.21256955521357,12.048084772173425,11.2,2001.520101723231
3,33.89191343811406,-6.19700387056367,11.796649133474927,11.2,2002.004271915204
3,34.63681851926944,-6.182771744962267,11.512734979229325,11.2,2002.4990836083366
3,35.257611695845505,-6.173135203852732,10.959015855125571,11.2,2003.0027637754201
3,35.87844263550783,-6.166463625503197,10.355347470738494,11.2,2003.5153129559274
3,36.499305438290875,-6.1642397280093455,9.687155247382195,11.2,2004.0367316050458
3,36.74765173953044,-6.163646687268608,9.579866560146755,11.2,2004.5616980584678
3,36.74765173953044,-6.163646687268608,10.052791843530887,11.2,2005.0866645118897
3,36.62348035910018,-6.164387985024182,10.408820335598943,11.2,2005.6098570884483
3,36.87182123176459,-6.162608874637944,10.632656580221578,11.2,2006.136597391759
3,36.99599048797873,-6.1615710636981245,10.620332892153556,11.2,2006.6651115415873
3,37.120156911923544,-6.160236745491976,10.433041787697139,11.2,2007.195399497472
3,37.49263210987655,-6.154454831816382,10.165166051778261,11.2,2007.731008527613
3,37.616780124595664,-6.151934577539181,9.82044043749939,11.2,2008.2683911008216
3,38.11333253440678,-6.140074878658129,9.639018581599146,11.2,2008.8128672798846
3,38.48573622160305,-6.130735450116063,9.53852526672745,11.2,2009.3626635116218
3,39.23063917891376,-6.116503365092745,9.53573423737227,11.2,2009.9231012141777
3,39.354797814228974,-6.114576056870838,9.315725062688234,11.2,2010.4853126115238
3,39.72725885122702,-6.10790469410104,9.021579741507368,11.2,2011.052844880827
3,40.22388347985615,-6.099602502477361,8.720376857115395,11.2,2011.6274717876822
3,41.21722336831145,-6.0901140129467715,8.365818944620308,11.2,2012.2162892643723
3,41.34139616489252,-6.089669232602574,8.084095711821986,11.2,2012.8068806381566
3,41.71391667886801,-6.089224451412955,8.251702436714002,11.2,2013.402793733569
3,41.46556943352494,-6.0892244514129565,8.651228413658233,11.2,2013.995159011191
3,41.34139592886645,-6.089372711809496,8.897060263474593,11.2,2014.5857503816032
3,41.34139592886645,-6.089372711809496,9.08249360666349,11.2,2015.1763417520156
3,41.58974246613142,-6.088779670505138,9.16146457060624,11.2,2015.770480930103
3,41.58974246613142,-6.088779670505138,9.093846494921335,11.2,2016.3646201081906
3,41.71391526271249,-6.08833489016094,8.937704546093022,11.2,2016.9605331833723
3,41.83808664314275,-6.087593592405367,8.70364367359589,11.2,2017.558220135417
3,42.086427515807166,-6.085814482019129,8.590711456477822,11.2,2018.1594548142143
3,42.458941657097945,-6.083590588752408,8.541418066841164,11.2,2018.7660111236014
3,42.955634259577074,-6.082404507270933,8.54860414539856,11.2,2019.3796630415954
3,43.32815477355256,-6.082849288460553,8.220316535951577,11.2,2019.9986366812177
3,43.452328278211056,-6.082997548857092,7.895299647259473,11.2,2020.6193842280493
3,43.452328278211056,-6.082997548857092,7.6491523712071166,11.2,2021.2401317748809
3,43.452328278211056,-6.082997548857092,7.9519191738000625,11.2,2021.8608793217124
3,43.32815477355256,-6.083145809253631,8.082681394346151,11.2,2022.4798529613347
3,43.32815477355256,-6.083145809253631,8.18207743490984,11.2,2023.098826600957
3,43.32815477355256,-6.083145809253631,8.199542653708896,11.2,2023.7178002405792
3,43.32815477355256,-6.083145809253631,8.131907992597892,11.2,2024.3367738802015
3,43.32815477355256,-6.083145809253631,8.01268666896784,11.2,2024.9557475198237
3,43.32815477355256,-6.083145809253631,7.808134985634927,11.2,2025.574721159446
3,43.32815477355256,-6.083145809253631,7.579600901431049,11.2,2026.1936947990682
3,43.20398126889407,-6.0832940696501705,7.422885091205075,11.2,2026.810894531481
3,43.20398126889407,-6.0832940696501705,7.486338102587058,11.2,2027.4280942638936
3,43.079807764235575,-6.083145809253631,7.448004775209866,11.2,2028.043520089097
3,43.079807764235575,-6.083145809253631,7.286237094924465,11.2,2028.6589459143004
3,43.079807764235575,-6.083145809253631,7.06093678858245,11.2,2029.2743717395037
3,42.955634967654504,-6.082701028909433,6.848530659454661,11.2,2029.8880236676132
3,42.83146358722424,-6.081959731153866,6.795305527863187,11.2,2030.4999017188593
3,42.458955818581835,-6.078846298334408,6.770309094252238,11.2,2031.1064582305532
3,42.21062651099858,-6.075881162264512,6.90251118477859,11.2,2031.7094671807104
3,41.217339491176546,-6.06164864439547,7.07126235012018,11.2,2032.2982863162986
3,40.3481761756493,-6.052308434706134,7.495754638618395,11.2,2032.8746888330936
3,38.85811111358133,-6.0451919661075415,7.846222588218268,11.2,2033.4298047061448
3,37.740549571654874,-6.043857622538684,8.508490341353468,11.2,2033.9689554143113
3,36.37465140553219,-6.048750197025157,9.101402232888464,11.2,2034.488593291533
3,34.8846373245785,-6.062982971900962,9.805322248880428,11.2,2034.9869452533128
3,33.02226133481347,-6.091892540278929,10.492158168829532,11.2,2035.4586918438101
3,32.517805992710365,-6.091892540278929,11.192292160842111,11.2,2035.9232319294204
3,30.283199077677157,-6.13992518811228,11.795523435260801,11.2,2036.3558490591015
3,29.29015373034076,-6.166016004899357,12.352124252451453,11.2,2036.7742798266777
3,28.173089222391926,-6.199369648580677,12.837190396056329,11.2,2037.1767525298546
3,27.676599116199274,-6.213600692097565,13.246599959229034,11.2,2037.572132517229
3,27.55246455380052,-6.216713834944926,13.004502259759562,11.2,2037.9657391537119
3,27.80074099466486,-6.210783979868739,12.658931958424851,11.2,2038.3628925964929
3,28.173165922185262,-6.202333860089227,12.261932618240463,11.2,2038.7653663953813
3,29.042271413448965,-6.1888427794667065,11.837954116334773,11.2,2039.180255987002
3,29.41478484667443,-6.186618890427116,11.21661147280888,11.2,2039.6004671990975
3,29.911476033002746,-6.187804968526882,10.5553382500189,11.2,2040.027773999569
3,29.911476033002746,-6.187804968526882,10.09394490994444,11.2,2040.4550808000406
3,29.911476033002746,-6.187804968526882,10.23596914561896,11.2,2040.8823876005122
3,29.78730677678861,-6.186767157587063,10.544525453966108,11.2,2041.3079205544664
3,29.663140352843797,-6.185432839380915,10.710370139165557,11.2,2041.731679702364
3,29.663140352843797,-6.185432839380915,10.751984029619244,11.2,2042.1554388502618
3,29.663140352843797,-6.185432839380915,10.677786628443872,11.2,2042.5791979981595
3,29.78730677678861,-6.186767157587063,10.50883281356,11.2,2043.0047309521137
3,29.78730677678861,-6.186767157587063,10.444439084700756,11.2,2043.430263906068
3,29.78730677678861,-6.186767157587063,10.502617146426108,11.2,2043.855796860022
3,29.78730677678861,-6.186767157587063,10.464352286010737,11.2,2044.2813298139763
3,29.911476033002746,-6.187804968526882,10.359071616642035,11.2,2044.7086366144479
3,29.911476033002746,-6.187804968526882,10.28238211114549,11.2,2045.1359434149194
3,29.911476033002746,-6.187804968526882,10.22627897321438,11.2,2045.563250215391
3,29.911476033002746,-6.187804968526882,10.28534330891629,11.2,2045.9905570158626
3,29.911476033002746,-6.187804968526882,10.488342849398945,11.2,2046.4178638163341
3,29.911476033002746,-6.187804968526882,10.589326923321805,11.2,2046.8451706168057
3,29.911476033002746,-6.187804968526882,10.649816542903547,11.2,2047.2724774172773
3,30.15981690566716,-6.189584078913117,10.783347302260708,11.2,2047.703331944501
3,30.283986161881295,-6.190621889852936,10.864174869315429,11.2,2048.1359603182423
3,30.904818281605362,-6.197293480883679,10.91330099366902,11.2,2048.577457722265
3,31.157045952656915,-6.197293480883679,10.685993310429003,11.2,2049.0225583787314
3,32.15033202847154,-6.211525985226298,10.366381541835645,11.2,2049.481848836281
3,32.89523710962692,-6.225758110827701,9.905526045228054,11.2,2049.95178079499
3,34.012446047649625,-6.2537763431975035,9.365386927070158,11.2,2050.437672881385
3,34.75718191472615,-6.275122928760359,8.742546272010488,11.2,2050.9342040515953
3,35.005443251560244,-6.281645632957128,8.325752113663311,11.2,2051.434281812332
3,35.377886587785504,-6.2892063814174275,8.771104459109255,11.2,2051.9396801921575
3,35.377886587785504,-6.2892063814174275,9.098920566407331,11.2,2052.4450785719832
3,35.502045223100716,-6.291133689639334,9.315710107205561,11.2,2052.952250646599
3,35.502045223100716,-6.291133689639334,9.298726189162826,11.2,2053.459422721215
3,35.99870383826723,-6.297063961779127,9.22011366281323,11.2,2053.9736899189047
3,36.37121160690964,-6.300177394598585,9.050564224644194,11.2,2054.4932786561462
3,36.74372574820042,-6.302401287865289,8.793117646994238,11.2,2055.018189023978
3,37.240407021489204,-6.305959505256062,8.536743297222783,11.2,2055.5501948385704
3,37.36457816589769,-6.306700801602591,8.503061169698126,11.2,2056.083974526655
3,37.36457816589769,-6.306700801602591,8.900484387328001,11.2,2056.6177542147393
3,37.488751670556184,-6.306849061999131,9.17601409690332,11.2,2057.153307810033
3,37.61292517521468,-6.306700801602592,9.355606341101037,11.2,2057.690635312536
3,37.86127171247965,-6.306107760298234,9.431945877992591,11.2,2058.2315106227143
3,38.357964787009585,-6.304921677689518,9.372504634611705,11.2,2058.779481548243
3,38.97883231030206,-6.30418037570682,9.006849787280784,11.2,2059.3363220098186
3,39.723871214020754,-6.305959497929032,8.558327064868125,11.2,2059.9038058843043
3,40.46889312395393,-6.3112968240151925,8.007520540775245,11.2,2060.481932928932
3,40.841392395788375,-6.315299778633638,7.426790743575555,11.2,2061.0653813917293
3,41.46220681398059,-6.323453867952377,7.1312789648624095,11.2,2061.657698631929
3,41.46220681398059,-6.323453867952377,7.5533465631642995,11.2,2062.250015872129
3,41.33804817866538,-6.32152655973047,7.921168796692606,11.2,2062.8405594175388
3,41.33804817866538,-6.32152655973047,8.11859123897638,11.2,2063.4311029629484
3,41.46220681398059,-6.323453867952377,8.183559190360137,11.2,2064.0234202031484
3,41.46220681398059,-6.323453867952377,8.199332113689422,11.2,2064.6157374433483
3,41.58636969761904,-6.325084685816125,8.099577150630132,11.2,2065.2098284390286
3,41.834705377777986,-6.327456814962092,7.893668978495322,11.2,2065.8074670872825
3,41.834705377777986,-6.327456814962092,7.5760863257238595,11.2,2066.4051057355364
3,41.834705377777986,-6.327456814962092,7.532054689706592,11.2,2067.0027443837903
3,41.834705377777986,-6.327456814962092,7.785316328000393,11.2,2067.600383032044
3,41.834705377777986,-6.327456814962092,7.907060065213623,11.2,2068.198021680298
3,41.834705377777986,-6.327456814962092,7.876130581299111,11.2,2068.795660328552
3,41.834705377777986,-6.327456814962092,7.8238685707185445,11.2,2069.393298976806
3,41.834705377777986,-6.327456814962092,7.691988995687669,11.2,2069.99093762506
3,41.834705377777986,-6.327456814962092,7.502809232166676,11.2,2070.5885762733137
3,41.71053612156385,-6.326419004022274,7.55432965434069,11.2,2071.1844410750505
3,41.71053612156385,-6.326419004022274,7.577901409181883,11.2,2071.780305876787
3,41.58636686534971,-6.325381193082455,7.497445903592165,11.2,2072.3743968320064
3,41.46219760913557,-6.3243433821426365,7.376774527121806,11.2,2072.9667139407084
3,41.46219760913557,-6.3243433821426365,7.235152332543471,11.2,2073.5590310494104
3,41.21385697249118,-6.32256427344725,7.2204411992392155,11.2,2074.147800434732
3,40.965512559456464,-6.321378194220252,7.402774395080646,11.2,2074.733022042724
3,40.344648576551116,-6.319154292499264,7.597336456644522,11.2,2075.309374165246
3,39.59960754860015,-6.319154292499264,7.858727351227476,11.2,2075.875082844512
3,38.85457501756616,-6.322712526798577,8.179608013094626,11.2,2076.4301482019055
3,38.10956797708931,-6.329828914236479,8.456623234867578,11.2,2076.9745706015783
3,36.99210202434332,-6.3445062750102625,8.904107017235074,11.2,2077.503029201926
3,36.12302792326475,-6.360072758551358,9.253618636056475,11.2,2078.0190724579725
3,35.25403642571714,-6.379789704703554,9.715178688678197,11.2,2078.5227015497685
3,34.75748354398846,-6.391649414855927,10.11032837663276,11.2,2079.0192370289683
3,33.39200335760216,-6.425893986176834,10.522808008721707,11.2,2079.4962656483626
3,32.523115936554746,-6.449760915622733,10.896416388911337,11.2,2079.9608815903134
3,32.01866059445164,-6.449760915622733,11.186335309794963,11.2,2080.418291027377
3,31.27392472737512,-6.471107501185597,11.460574623020916,11.2,2080.8650613806253
3,30.90154440406909,-6.48133618523384,11.657894469606186,11.2,2081.306512014969
3,30.649316733017535,-6.48133618523384,11.791442628142509,11.2,2081.744359396869
3,30.649316733017535,-6.48133618523384,11.871814178683934,11.2,2082.1822067787693
3,30.649316733017535,-6.48133618523384,11.881584187037616,11.2,2082.6200541606695
3,30.77345129541629,-6.478223042386484,11.714092932771319,11.2,2083.0596748934613
3,31.021712632250388,-6.471700338189715,11.515278759523095,11.2,2083.5028422167793
3,31.14583091091137,-6.467994377780679,11.297405117139656,11.2,2083.947782658364
3,31.14583091091137,-6.467994377780679,11.05605421903991,11.2,2084.3927230999484
3,31.26994918957235,-6.464288417371643,11.02031777689247,11.2,2084.8394366597995
3,31.766500183632363,-6.452428752304502,11.219277103868382,11.2,2085.29324380528
3,32.26312481226149,-6.4441265606808225,11.276056702843153,11.2,2085.754145588312
3,32.38728769589993,-6.442495742817069,10.971048180915517,11.2,2086.216821126825
3,33.504823747191715,-6.435824101060968,10.620635712465269,11.2,2086.6954614660704
3,34.249854154017655,-6.4393823252151545,10.222380690119497,11.2,2087.184745096842
3,34.99481658686438,-6.450056673037759,9.668724213205374,11.2,2087.684671048083
3,36.11208924573838,-6.475406984190942,9.250595069632464,11.2,2088.200558037308
3,36.23622380813714,-6.478520127038303,8.721089787569221,11.2,2088.7182183774244
3,36.36036545064394,-6.4813368336314685,8.991847411532145,11.2,2089.2376521695764
3,36.36036545064394,-6.4813368336314685,9.408852130100614,11.2,2089.7570859617285
3,36.48452408595915,-6.483264141853375,9.706590279070866,11.2,2090.278293448671
3,36.48452408595915,-6.483264141853375,9.717048965680805,11.2,2090.799500935613
3,36.85701273687448,-6.488156595444619,9.558813777294182,11.2,2091.326029688997
3,37.105348417033426,-6.490528724590586,9.329610714319015,11.2,2091.8561060949546
3,37.35369259404475,-6.4917148026903515,9.161098102851291,11.2,2092.3897302748696
3,37.60203913130972,-6.492307843994706,9.28548072671843,11.2,2092.92690226246
3,38.09873220583966,-6.493493926603416,9.378181675035117,11.2,2093.4711698654005
3,38.59542055986232,-6.495866082802947,9.351575516746308,11.2,2094.0225330162557
3,39.34044317785556,-6.501203413961651,8.913075515058443,11.2,2094.584539347368
3,39.83711453817346,-6.505947672253586,8.444430404381766,11.2,2095.1536409836276
3,40.45792895636568,-6.514101761572325,8.10249113112529,11.2,2095.73161139729
3,40.83041760728101,-6.518994215163569,7.898519081609322,11.2,2096.3149030773943
3,40.95458403122582,-6.520328533369717,8.263213706401944,11.2,2096.8999685635545
3,40.83041477501168,-6.519290722429899,8.515057368209728,11.2,2097.4832602031975
3,40.83041477501168,-6.519290722429899,8.668701192302667,11.2,2098.0665518428405
3,40.954586155441945,-6.520032020185466,8.758321880926935,11.2,2098.651617359347
3,41.20293245668151,-6.5206250609262035,8.707533281579812,11.2,2099.2402306801564
3,41.575452970657,-6.520180279736584,8.553711067030028,11.2,2099.834165722594
3,41.82379950792197,-6.519587238432226,8.302722365567762,11.2,2100.431648572707
3,42.32049352655595,-6.519587238432226,7.948550693788465,11.2,2101.036227051658
3,42.32049352655595,-6.519587238432226,7.577095031254338,11.2,2101.6408055306088
3,42.32049352655595,-6.519587238432226,7.846703604691564,11.2,2102.2453840095595
3,42.196320021897456,-6.519438978035687,8.116168502062882,11.2,2102.8481885813007
3,42.196320021897456,-6.519438978035687,8.247662003221086,11.2,2103.450993153042
3,42.196320021897456,-6.519438978035687,8.284808630908723,11.2,2104.053797724783
3,42.196320021897456,-6.519438978035687,8.177251872138468,11.2,2104.6566022965244
3,42.196320021897456,-6.519438978035687,8.056287789405031,11.2,2105.2594068682656
3,42.196320021897456,-6.519438978035687,7.9198172755800575,11.2,2105.862211440007
3,42.196320021897456,-6.519438978035687,7.74664890280439,11.2,2106.465016011748
3,42.196320021897456,-6.519438978035687,7.84715963695384,11.2,2107.0678205834893
3,42.07214651723896,-6.519290717639148,7.87396261151189,11.2,2107.6688512480214
3,42.07214651723896,-6.519290717639148,7.864124070223222,11.2,2108.2698819125535
3,42.07214651723896,-6.519290717639148,7.756524387144152,11.2,2108.8709125770856
3,42.07214651723896,-6.519290717639148,7.583600806552896,11.2,2109.4719432416177
3,42.07214651723896,-6.519290717639148,7.357147972108424,11.2,2110.07297390615
3,42.07214651723896,-6.519290717639148,7.333433218798414,11.2,2110.674004570682
3,41.94797301258047,-6.519142457242609,7.246994991325886,11.2,2111.2732613280045
3,41.6996257672374,-6.51914245724261,7.168767763950121,11.2,2111.8689702675365
3,41.45127852189433,-6.519142457242612,7.353369434105734,11.2,2112.461131389278
3,40.70623678586513,-6.519142457242617,7.48882543183884,11.2,2113.0426490576474
3,40.085369262572655,-6.519883759225315,7.664818928736305,11.2,2113.61529718997
3,39.34033673153867,-6.523441993524628,7.958300680401093,11.2,2114.1773020004207
3,38.59531411354543,-6.528779324683342,8.308211981135665,11.2,2114.7286636306144
3,37.35363571275068,-6.54063997041318,8.70972423229627,11.2,2115.2622869979396
3,36.484495527281574,-6.552055695459455,9.219659906682878,11.2,2115.7834940769008
3,35.36706780944465,-6.569401469456617,9.753499253111515,11.2,2116.2887379027497
3,34.746299414447904,-6.58052040740628,10.209176017895352,11.2,2116.7851136086706
3,33.13237522309946,-6.613283713009902,10.702660526429186,11.2,2117.258433254715
3,32.38750554350701,-6.6292946108375626,11.165263294363982,11.2,2117.7211119053363
3,31.642635863914563,-6.645305508665223,11.548859382352255,11.2,2118.173149560535
3,30.897730782759183,-6.659537634266626,11.91839745238893,11.2,2118.6145457145744
3,30.64941823245152,-6.663688734023622,12.239980949372242,11.2,2119.0523945464665
3,30.401105682143857,-6.667839833780618,12.504947130319417,11.2,2119.4866960562113
3,30.401105682143857,-6.667839833780618,12.489160933160152,11.2,2119.920997565956
3,30.525259361143206,-6.665616046190685,12.292586648572822,11.2,2120.357072699687
3,30.525259361143206,-6.665616046190685,12.035810461545424,11.2,2120.7931478334176
3,30.897720398141253,-6.658944683420887,11.784224864974302,11.2,2121.2345438391053
3,31.642684955002224,-6.648270305163906,11.53688932266755,11.2,2121.6865821956053
3,32.26353005598423,-6.643081260328004,11.194519998135995,11.2,2122.1474897678336
3,32.88439403888958,-6.6408573586070165,10.593808485560515,11.2,2122.617266825532
3,33.753606919318386,-6.641895179410144,10.066558357896685,11.2,2123.099461210094
3,34.498611835659865,-6.64901154655807,9.729422125041355,11.2,2123.592298522032
3,34.62277471929831,-6.6506423644218176,9.372594063791505,11.2,2124.0869095894504
3,34.74694114324313,-6.651976682627966,9.713527082271423,11.2,2124.5832944629256
3,34.74694114324313,-6.651976682627966,10.044265073456193,11.2,2125.0796793364007
3,34.99527705941739,-6.654348814028375,10.294199383512565,11.2,2125.579611865821
3,35.11944631563153,-6.6553866249681946,10.255595084575054,11.2,2126.0813182417583
3,35.24361769606179,-6.656127922723762,10.26512142788884,11.2,2126.584798494559
3,35.86448167896714,-6.6583518244447495,10.22822219245593,11.2,2127.09714823283
3,36.485345661872486,-6.660575726165737,10.141194073924249,11.2,2127.618367456571
3,36.7336900749072,-6.661761805392735,9.840665710282195,11.2,2128.143134457641
3,37.97536493547633,-6.6736224173059435,9.383751831323805,11.2,2128.685639671005
3,38.844439036554895,-6.689188900847039,8.881096706848318,11.2,2129.24056022867
3,39.71337932168366,-6.710980859356886,8.303923614266266,11.2,2129.8078942189795
3,40.20990199535186,-6.724026267750425,7.811690170488104,11.2,2130.3823213903415
3,40.458191652577774,-6.729363228620791,8.047451699876254,11.2,2130.960295556807
3,40.58234533157712,-6.731587016210724,8.440032541762346,11.2,2131.5400433472582
3,40.45818669626191,-6.729659707988817,8.762317802730179,11.2,2132.118017442919
3,40.58234957990036,-6.731290525852565,9.064754202103531,11.2,2132.6977652940604
3,40.830685260059305,-6.733662654998533,9.106963946591652,11.2,2133.2810607977754
3,41.32736700538813,-6.737220875771002,9.012648959551678,11.2,2133.871451754995
3,41.94821328645881,-6.742409930470097,8.846132439061588,11.2,2134.4707119448017
3,42.69322103498159,-6.749526324671325,8.528372717463899,11.2,2135.0806151024444
3,43.43820895773136,-6.758421732881014,8.102166838073195,11.2,2135.7011609446977
3,44.18314590067505,-6.770875020316533,7.589446046709134,11.2,2136.3323487432785
3,44.43144783037652,-6.775619066692347,6.96874120706858,11.2,2136.967083712284
3,44.67976014469108,-6.779770162504186,7.209199419060134,11.2,2137.6053660000653
3,44.55559726105263,-6.778139344640438,7.715198939126167,11.2,2138.241874532366
3,44.67976368499745,-6.779473662846587,8.018334120790483,11.2,2138.880156870723
3,44.67976368499745,-6.779473662846587,7.895698024263447,11.2,2139.51843920908
3,44.80393648157852,-6.779918443190784,7.65502989989741,11.2,2140.158495444531
3,44.80393648157852,-6.779918443190784,7.2947488756201775,11.2,2140.798551679982
3,44.92810998623701,-6.780066703587323,7.24997437794335,11.2,2141.440381822643
3,44.92810998623701,-6.780066703587323,7.439839600920906,11.2,2142.0822119653035
3,44.92810998623701,-6.780066703587323,7.447444282698731,11.2,2142.724042107964
3,44.92810998623701,-6.780066703587323,7.459198781205102,11.2,2143.3658722506248
3,44.92810998623701,-6.780066703587323,7.380667721256926,11.2,2144.0077023932854
3,44.92810998623701,-6.780066703587323,7.252548766603347,11.2,2144.649532535946
3,44.80393648157852,-6.779918443190784,7.285780848064895,11.2,2145.289588771397
3,44.67976368499745,-6.779473662846586,7.362606580240344,11.2,2145.927871109754
3,44.67976368499745,-6.779473662846586,7.27685660473525,11.2,2146.566153448111
3,44.67976368499745,-6.779473662846586,7.1592703927658565,11.2,2147.204435786468
3,44.555592304567185,-6.7787323650910185,7.010956572503,11.2,2147.840944247962
3,44.43142304835305,-6.7776945541512,6.978575029782753,11.2,2148.4756788629384
3,44.43142304835305,-6.7776945541512,6.843398343245875,11.2,2149.110413477915
3,44.30725662440823,-6.776360235945051,6.725380935550249,11.2,2149.7433742868348
3,44.183093740769785,-6.774729418081304,6.6920134227720744,11.2,2150.3745613402743
3,43.81063341173611,-6.768058067992262,6.6025207288988765,11.2,2151.0004275318706
3,43.31405362534115,-6.757384136107161,6.6930438728350925,11.2,2151.619199726518
3,43.18991198283435,-6.754567429513996,6.911032890308091,11.2,2152.23619846913
3,41.824286416675065,-6.7268446851595645,7.394074272384601,11.2,2152.8336882750827
3,40.33435730295313,-6.705495928645636,7.91939221950012,11.2,2153.4098933794107
3,38.968498080792706,-6.694080030006673,8.582472509182725,11.2,2153.9665862091365
3,37.60259731840094,-6.6891874462205,9.26050862846417,11.2,2154.503766170828
3,35.615832573087665,-6.693931758619585,10.034411564374302,11.2,2155.0125637790147
3,34.25000450583056,-6.7086092309885625,10.82223310431056,11.2,2155.5018495576696
3,32.76007397609751,-6.729958007792142,11.508673824675157,11.2,2155.969850614471
3,32.38759807015187,-6.735739932457863,12.145301258947974,11.2,2156.4325305869015
3,30.02879027405855,-6.783624672706462,12.749160385396625,11.2,2156.8615133051026
3,29.408117462064777,-6.799190386943238,13.331099523305555,11.2,2157.2816292688462
3,29.03573713875874,-6.8094190709914795,13.89213482114213,11.2,2157.696425513686
3,29.03573713875874,-6.8094190709914795,13.696641399438079,11.2,2158.1112217585255
3,29.283982427784245,-6.802303542470525,13.263932671329473,11.2,2158.529564364637
3,29.780505101452444,-6.789258134076986,12.902019253571126,11.2,2158.9550001518005
3,30.64953955264472,-6.771616387669607,12.593828156621603,11.2,2159.3928507168384
3,30.77369818795993,-6.7696890794477005,11.96665220349687,11.2,2159.8324749766666
3,32.387889314062605,-6.75619761416302,11.320441864599259,11.2,2160.295159109725
3,33.25710219449141,-6.757235434966148,10.51657650448102,11.2,2160.7702605696463
3,34.00210711083289,-6.764351802114073,9.806127030456526,11.2,2161.256004956944
3,34.37459576174822,-6.769244255705317,9.514995143788138,11.2,2161.747070610683
3,34.49876218569303,-6.7705785739114654,9.948105261044155,11.2,2162.2399100704783
3,34.374592929478894,-6.769540762971646,10.281922455601661,11.2,2162.7309756837567
3,34.374592929478894,-6.769540762971646,10.525124731004185,11.2,2163.222041297035
3,34.374592929478894,-6.769540762971646,10.703194912126895,11.2,2163.7131069103134
3,34.622939466743865,-6.768947721667288,10.775133586015857,11.2,2164.207720331267
3,34.74711226332494,-6.76850294132309,10.567375053704652,11.2,2164.7041076493147
3,35.367969165476225,-6.764796452545222,10.316873384194094,11.2,2165.2093643516787
3,36.23716882848804,-6.759607368256207,10.021942531395407,11.2,2165.7270381920857
3,36.98220773220673,-6.759607368256207,9.681723200597714,11.2,2166.255355445403
3,37.85139087358154,-6.766872031026456,9.138358329055757,11.2,2166.79608960074
3,38.47220529177376,-6.775026120345196,8.44844455282695,11.2,2167.3456925334795
3,39.09303623143609,-6.781697698694721,8.189020965599852,11.2,2167.904164479643
3,39.341380408447414,-6.7828837767944865,8.597069943848101,11.2,2168.4661841997636
3,39.341380408447414,-6.7828837767944865,8.887863243613186,11.2,2169.028203919884
3,39.341380408447414,-6.7828837767944865,9.078608766550596,11.2,2169.5902236400048
3,39.465553205028485,-6.7824389964502885,9.295937872217825,11.2,2170.1540172572195
3,39.7138976180632,-6.781252917223287,9.290544815627019,11.2,2170.7213586517632
3,40.21058644413262,-6.778880758769285,9.232988030289409,11.2,2171.295795600965
3,40.58310483387584,-6.7775464177366915,9.115514499345519,11.2,2171.8755542414488
3,41.824839880460786,-6.7775464177366915,8.888797889150693,11.2,2172.4730519540267
3,42.56987241149477,-6.781104652035988,8.357443122832432,11.2,2173.0811929884767
3,43.31487945197162,-6.78822103947389,7.745277476489756,11.2,2173.6999769806475
3,43.935671448559965,-6.797857562266536,7.020055296467357,11.2,2174.3276294299126
3,44.30813248555801,-6.804528925036334,6.820124934982788,11.2,2174.960602751135
3,44.18397880655866,-6.802305137446401,7.394798094043383,11.2,2175.5918024483717
3,44.059825127559314,-6.800081349856469,7.772311902111323,11.2,2176.2212285216224
3,44.059825127559314,-6.800081349856469,7.96644491854823,11.2,2176.850654594873
3,44.059825127559314,-6.800081349856469,7.913162990090806,11.2,2177.4800806681237
3,44.183983762874526,-6.802008658078376,7.887282228173381,11.2,2178.1112804361646
3,44.183983762874526,-6.802008658078376,7.818685717265409,11.2,2178.7424802042055
3,44.308146646512974,-6.8036394759421235,7.635592721013883,11.2,2179.3754537277273
3,44.308146646512974,-6.8036394759421235,7.401663965876733,11.2,2180.008427251249
3,44.183983762874526,-6.802008658078376,7.595631138572081,11.2,2180.63962701929
3,44.183983762874526,-6.802008658078376,7.697764964554699,11.2,2181.270826787331
3,44.183983762874526,-6.802008658078376,7.728928323015749,11.2,2181.902026555372
3,44.059825127559314,-6.800081349856469,7.703759835796114,11.2,2182.5314526286224
3,44.059825127559314,-6.800081349856469,7.606402615827527,11.2,2183.160878701873
3,44.059825127559314,-6.800081349856469,7.550627290345882,11.2,2183.790304775124
3,44.059825127559314,-6.800081349856469,7.515087168356997,11.2,2184.4197308483745
3,44.059825127559314,-6.800081349856469,7.416267402866979,11.2,2185.049156921625
3,43.935671448559965,-6.797857562266536,7.260527590373408,11.2,2185.67680937089
3,43.935671448559965,-6.797857562266536,7.1456509517052496,11.2,2186.304461820155
3,43.935671448559965,-6.797857562266536,7.0138002706333085,11.2,2186.9321142694203
3,43.935671448559965,-6.797857562266536,6.892818885799738,11.2,2187.5597667186853
3,43.687359134245405,-6.7937064664546964,6.906345874755893,11.2,2188.1838718491745
3,43.06652819458308,-6.787034888105171,7.0518627981096405,11.2,2188.7991079662397
3,42.56983984056042,-6.78466273190564,7.368902334309924,11.2,2189.4072485353904
3,41.328111874739626,-6.787627927155068,7.7472938722282585,11.2,2189.997650133601
3,40.45894855921238,-6.796968136844417,8.261951275857388,11.2,2190.575635113018
3,39.34156757211136,-6.816982187111541,8.795982143725613,11.2,2191.1376575069053
3,37.976089981194725,-6.851226693341321,9.415899912171085,11.2,2191.6801730780653
3,36.486844793277406,-6.901032741995334,10.00831972446508,11.2,2192.2014137179694
3,35.37014982692646,-6.945054697792927,10.590269108330283,11.2,2192.7067015726398
3,34.37767931715876,-6.987740524814579,11.231296888354672,11.2,2193.197811277171
3,33.50940635837723,-7.028200997184169,11.784135085264046,11.2,2193.6765170822905
3,32.50049567417102,-7.028200997184169,12.283308904273559,11.2,2194.140809877636
3,32.12837869183608,-7.045541199628278,12.677340914845203,11.2,2194.599786716091
3,32.12837869183608,-7.045541199628278,12.479729124129744,11.2,2195.0587635545457
3,32.50057353776145,-7.029978414450911,12.200194141686914,11.2,2195.5230574622283
3,32.996988600400556,-7.013376398232906,11.701597484069072,11.2,2195.9944430136625
3,33.49353959446057,-7.001516733165765,11.135922015648623,11.2,2196.4729221507264
3,34.2385020273073,-6.990842385343153,10.548274294387008,11.2,2196.962043608259
3,34.735188965191256,-6.988470235907023,10.14562825333252,11.2,2197.458260593476
3,34.61101546053276,-6.9886184963035625,9.904406705382755,11.2,2197.9527036714835
3,34.48684195587427,-6.988766756700102,10.122538650032018,11.2,2198.445372842282
3,34.362668451215775,-6.9886184963035625,10.49486812253973,11.2,2198.9362681058706
3,34.23849494655728,-6.988470235907023,10.757560384673043,11.2,2199.4253894622498
3,34.23849494655728,-6.988470235907023,10.878423223114858,11.2,2199.914510818629
3,34.48684219190035,-6.988470235907021,10.705691384816754,11.2,2200.407179992799
3,34.611015696558844,-6.988321975510482,10.515914243195574,11.2,2200.901623074178
3,35.10770877108878,-6.987135892901767,10.360201926150541,11.2,2201.403161770908
3,35.60440278972276,-6.987135892901767,10.142234210843037,11.2,2201.9117960964754
3,36.22526677262811,-6.989359794622755,9.871938846067982,11.2,2202.429299907513
3,36.59778091391889,-6.991583687889459,9.513976377793709,11.2,2202.9521253491403
3,36.8461217865833,-6.993362798275694,9.30733275897007,11.2,2203.47849851752
3,36.970293167013565,-6.994104096031261,9.179031722745444,11.2,2204.0066455627634
3,36.970293167013565,-6.994104096031261,9.55345246693967,11.2,2204.5347926080067
3,37.09446596359464,-6.994548876375459,9.81276600820712,11.2,2205.0647135503436
3,37.34281250085961,-6.995141917679814,9.98190264236602,11.2,2205.598182300356
3,37.4669860055181,-6.995290178076354,10.068540217446692,11.2,2206.1334249575775
3,37.71533230675767,-6.994697137335617,10.039166186252668,11.2,2206.6722154191025
3,37.83950368718793,-6.993955839580043,9.919582677949792,11.2,2207.212779757491
3,38.460334626850255,-6.987284261230508,9.736801746617147,11.2,2207.762213109303
3,38.8328105327959,-6.9815023365647875,9.485564103140014,11.2,2208.316967545486
3,39.70194906622566,-6.9700866332172335,9.16909967276129,11.2,2208.884138246432
3,40.3228047882681,-6.966380151484583,8.670282285068664,11.2,2209.460178314836
3,41.192017668696906,-6.967417972287711,8.32591739137784,11.2,2210.048635710103
3,42.06121733170872,-6.972607056576686,7.9185787879127885,11.2,2210.6495102434133
3,42.18538871213898,-6.973348354332254,7.416497324392111,11.2,2211.252158653587
3,42.30956150872005,-6.973793134676452,7.784125878715447,11.2,2211.856580960854
3,42.18538800406156,-6.973644874279913,8.176445832412773,11.2,2212.459229360912
3,42.18538800406156,-6.973644874279913,8.43706197480965,11.2,2213.06187776097
3,42.18538800406156,-6.973644874279913,8.38083203078833,11.2,2213.6645261610283
3,42.18538800406156,-6.973644874279913,8.369508120472108,11.2,2214.2671745610864
3,42.30956150872005,-6.973496613883373,8.23952648516956,11.2,2214.8715968683537
3,42.30956150872005,-6.973496613883373,8.027544146591133,11.2,2215.476019175621
3,42.30956150872005,-6.973496613883373,8.180964469387249,11.2,2216.080441482888
3,42.30956150872005,-6.973496613883373,8.315695381532416,11.2,2216.6848637901553
3,42.30956150872005,-6.973496613883373,8.375816586263012,11.2,2217.2892860974225
3,42.30956150872005,-6.973496613883373,8.356713660859448,11.2,2217.8937084046897
3,42.30956150872005,-6.973496613883373,8.344404782318852,11.2,2218.498130711957
3,42.30956150872005,-6.973496613883373,8.298400490757125,11.2,2219.102553019224
3,42.30956150872005,-6.973496613883373,8.191970278670977,11.2,2219.7069753264914
3,42.30956150872005,-6.973496613883373,8.262283601105011,11.2,2220.3113976337586
3,42.30956150872005,-6.973496613883373,8.266234993523275,11.2,2220.915819941026
3,42.30956150872005,-6.973496613883373,8.236939366075696,11.2,2221.520242248293
3,42.30956150872005,-6.973496613883373,8.149899249146225,11.2,2222.1246645555602
3,42.30956150872005,-6.973496613883373,8.017411560670096,11.2,2222.7290868628274
3,42.30956150872005,-6.973496613883373,8.002984183041294,11.2,2223.3335091700947
3,42.18538800406156,-6.973644874279913,7.966898780494485,11.2,2223.936157570153
3,42.18538800406156,-6.973644874279913,7.891097805533323,11.2,2224.538805970211
3,42.18538800406156,-6.973644874279913,7.7520882526824035,11.2,2225.141454370269
3,42.18538800406156,-6.973644874279913,7.641234833797488,11.2,2225.744102770327
3,42.061214499403064,-6.973496613883373,7.584076003604214,11.2,2226.3449772631757
3,42.061214499403064,-6.973496613883373,7.443642114865667,11.2,2226.9458517560242
3,41.93704099474457,-6.973348353486834,7.346053958793747,11.2,2227.5449523416632
3,41.81286749008608,-6.973200093090295,7.288759197320754,11.2,2228.142279020093
3,41.56452331307475,-6.972014014990529,7.234872464793163,11.2,2228.7360579245656
3,41.44035405686061,-6.970976204050711,7.1765584573256875,11.2,2229.328062982521
3,41.06785478502617,-6.966973249432265,7.097029592457157,11.2,2229.914746622307
3,40.81952524143366,-6.9640081105443405,7.346445728789629,11.2,2230.4978826971847
3,39.32951116047997,-6.9497753356685354,7.638457037291622,11.2,2231.05973285662
3,38.460311497468155,-6.944586251379561,8.131760110083661,11.2,2231.6091658780124
3,37.21857999127033,-6.941621047675874,8.727483493267128,11.2,2232.1408598778876
3,35.97684848507251,-6.944586251379561,9.37792681958241,11.2,2232.6548148562456
3,34.36265122251928,-6.958077767952906,10.10697880924667,11.2,2233.14570987371
3,32.996859502496406,-6.9760167644541955,10.779900618039285,11.2,2233.6170935808886
3,31.879478515395387,-6.996030814721319,11.434154895964879,11.2,2234.0725147025373
3,31.375023173292284,-6.996030814721319,12.026967577717068,11.2,2234.5207293192984
3,29.636993920909905,-7.033389576319193,12.576312562397636,11.2,2234.94411494674
3,29.140414134514938,-7.0440635082042995,13.0868322887617,11.2,2235.360406577233
3,28.767989206994535,-7.052513627983812,13.189147316003961,11.2,2235.7713778516186
3,28.89212376939329,-7.049400485136457,13.087035997737022,11.2,2236.1841224768955
3,29.016258331792045,-7.0462873422891015,12.801498572311711,11.2,2236.598640453064
3,29.1403928941908,-7.043174199441746,12.555370818651259,11.2,2237.014931780124
3,29.264519668626143,-7.039764638092333,12.352894470250531,11.2,2237.4329963468185
3,29.388646443061486,-7.036355076742918,12.253087978989337,11.2,2237.852834153148
3,30.133475057778153,-7.01856552842134,12.183882352508235,11.2,2238.283312368259
3,30.754242272834272,-7.007446611606271,12.048118118854521,11.2,2238.722658686442
3,31.37505669102649,-6.9992925222875035,11.550581010831857,11.2,2239.170873782028
3,32.36839941166228,-6.9898040057036335,11.04829713213731,11.2,2239.633279487909
3,33.361781784318914,-6.987431849504091,10.51439129912452,11.2,2240.109876370542
3,34.35514149865947,-6.994548263995557,9.93138312760247,11.2,2240.600664106237
3,34.975933495247816,-7.004184786788203,9.342024696991444,11.2,2241.1003202990264
3,36.341405895234,-7.03842916283578,8.923890939607851,11.2,2241.6194832403867
3,36.713760731216944,-7.049547044062887,8.404791634629273,11.2,2242.143965536547
3,37.086141054522976,-7.059775728111112,8.543354143204636,11.2,2242.6737675516115
3,37.086141054522976,-7.059775728111112,8.934424187967124,11.2,2243.203569566676
3,37.086141054522976,-7.059775728111112,9.19449936210145,11.2,2243.7333715817404
3,37.21028906924209,-7.062295982388314,9.418124514871621,11.2,2244.264947139872
3,37.334442748241436,-7.064519769978246,9.516990621473317,11.2,2244.79829632199
3,37.45860138355665,-7.066447078200153,9.511523904661445,11.2,2245.333419198898
3,37.955226012185776,-7.074749269823832,9.43465943674907,11.2,2245.875636713358
3,38.451829871588714,-7.08423736257546,9.295371970935431,11.2,2246.4249485686664
3,39.444988500492364,-7.105585206056927,9.014928892397663,11.2,2246.988448404388
3,40.18981782308539,-7.123374771285478,8.65815746566121,11.2,2247.5625886590033
3,40.81049063507916,-7.138940485522283,8.207469628588523,11.2,2248.1455956680757
3,41.05876683998472,-7.144870334962809,7.716189995271311,11.2,2248.7321494800753
3,41.43122716901839,-7.15154168505185,7.965157123385918,11.2,2249.3240241539183
3,41.43122716901839,-7.15154168505185,8.311443850705954,11.2,2249.9158988277613
3,41.67955647660165,-7.154506821121746,8.544631101517739,11.2,2250.511321063141
3,41.92789711324604,-7.156285929817133,8.659868921747925,11.2,2251.110291021902
3,42.05206990982711,-7.15673071016133,8.632725529597215,11.2,2251.7110348777564
3,42.4245904238026,-7.15717549135095,8.491763534062187,11.2,2252.317100455239
3,42.54876392846109,-7.1570272309544105,8.228220680644187,11.2,2252.9249399399314
3,42.67293672504216,-7.1565824506102125,7.8732736526324505,11.2,2253.534553321718
3,42.797108105472425,-7.155841152854639,8.107899817657964,11.2,2254.1459405803676
3,42.797108105472425,-7.155841152854639,8.332597541793872,11.2,2254.7573278390173
3,42.92127736168656,-7.154803341914819,8.456106688078142,11.2,2255.370488944184
3,42.92127736168656,-7.154803341914819,8.4765905452204,11.2,2255.983650049351
3,42.92127736168656,-7.154803341914819,8.441529400191117,11.2,2256.596811154518
3,43.04544378563138,-7.153469023708671,8.413198215179515,11.2,2257.2117460657414
3,43.04544378563138,-7.153469023708671,8.323968071663526,11.2,2257.826680976965
3,43.169606669269825,-7.151838205844918,8.512345518181226,11.2,2258.4433896436685
3,43.169606669269825,-7.151838205844918,8.591671987842416,11.2,2259.0600983103723
3,43.417918983584386,-7.147687110033078,8.585955521104742,11.2,2259.680354295852
3,43.417918983584386,-7.147687110033078,8.501313550518732,11.2,2260.3006102813315
3,43.5420669983035,-7.1451668557558765,8.3348141652599,11.2,2260.9226398098785
3,43.66621501302261,-7.142646601478675,8.336685164153089,11.2,2261.546442881493
3,43.41791308332114,-7.1473906478544915,8.272828799044182,11.2,2262.1666987826834
3,43.41791308332114,-7.1473906478544915,8.290886011829476,11.2,2262.786954683874
3,43.41791308332114,-7.1473906478544915,8.310967989932363,11.2,2263.407210585064
3,43.41791308332114,-7.1473906478544915,8.212587684549353,11.2,2264.0274664862545
3,43.41791308332114,-7.1473906478544915,8.256244088937924,11.2,2264.647722387445
3,43.41791308332114,-7.1473906478544915,8.196816398189595,11.2,2265.2679782886353
3,43.41791308332114,-7.1473906478544915,8.141944642622047,11.2,2265.8882341898257
3,43.41791308332114,-7.1473906478544915,8.112463903795952,11.2,2266.508490091016
3,43.41791308332114,-7.1473906478544915,8.035057267386142,11.2,2267.1287459922064
3,43.41791308332114,-7.1473906478544915,7.979884646195457,11.2,2267.749001893397
3,43.41791308332114,-7.1473906478544915,7.899425096017884,11.2,2268.369257794587
3,43.41791308332114,-7.1473906478544915,7.826332429746623,11.2,2268.9895136957775
3,43.29375940432179,-7.149614435444424,7.770526088232518,11.2,2269.6079959729823
3,43.29375940432179,-7.149614435444424,7.677705219962086,11.2,2270.226478250187
3,43.16960076900658,-7.151541743666331,7.5828725934867345,11.2,2270.8431868326015
3,43.16960076900658,-7.151541743666331,7.48235191180651,11.2,2271.459895415016
3,43.04543788536813,-7.153172561530084,7.447705090551551,11.2,2272.0748302419497
3,42.67293861353369,-7.15717551614853,7.527091622743668,11.2,2272.6844436507145
3,42.424597976889295,-7.158954624843922,7.497061683974964,11.2,2273.2905093360987
3,42.300425180308224,-7.15939940518812,7.555614403715626,11.2,2273.894801124389
3,41.80373116167424,-7.15939940518812,7.5228847055642,11.2,2274.491997283841
3,41.43121772844878,-7.157175516148536,7.577559231377994,11.2,2275.0838718228188
3,41.058729785550305,-7.152283071856733,7.569915554498268,11.2,2275.6704251054693
3,40.686286449325046,-7.144722323396433,7.618844763431803,11.2,2276.251657769031
3,40.31390683382996,-7.134493658790628,7.684353877282245,11.2,2276.8275707238004
3,39.44514330796119,-7.106477290438063,7.94378636886125,11.2,2277.3910727710568
3,38.452309408379136,-7.073273131774923,8.334797059432274,11.2,2277.940391476891
3,38.20410093348362,-7.064972092109138,8.881495775212187,11.2,2278.486164347369
3,35.970054749417805,-6.995597403403091,9.465405109088259,11.2,2279.0000222723606
3,34.7287480652473,-6.962983882419245,10.107803045059123,11.2,2279.496147244721
3,33.48724313639612,-6.939263740713729,10.752844345923247,11.2,2279.974536432384
3,31.873082693274085,-6.921917637004962,11.324993923170666,11.2,2280.429866185145
3,30.87970598522877,-6.9171733246059,11.888684392541437,11.2,2280.8710048420767
3,29.886317947960816,-6.9171733246059,12.382525857273823,11.2,2281.2979522413334
3,29.265453965055464,-6.919397226326889,12.830146693539504,11.2,2281.71603015512
3,28.89293982376469,-6.92162111959361,13.260500156442616,11.2,2282.1287864383166
3,29.017109079978823,-6.920583308653791,13.132682224324347,11.2,2282.5433165680306
3,29.017109079978823,-6.920583308653791,12.671432884125329,11.2,2282.9578466977446
3,29.38961684862123,-6.9174698758343345,12.248481499684315,11.2,2283.3776983670105
3,30.010473750772523,-6.913763387056466,11.858532089186674,11.2,2283.806419420593
3,30.50716635325165,-6.912577305574992,11.477783227645778,11.2,2284.2422360827823
3,31.00385329113561,-6.914949455011116,11.091302482088022,11.2,2284.6851482726556
3,31.624666529299727,-6.923103528830788,10.68617922335883,11.2,2285.1369292230743
3,31.74882516461494,-6.925030837052695,10.45107601792997,11.2,2285.590483868283
3,31.872988048253383,-6.926661654916443,10.613164998383732,11.2,2286.0458122689724
3,31.87298804825338,-6.926661654916443,10.877892896622715,11.2,2286.5011406696617
3,31.87298804825338,-6.926661654916443,11.066776754098615,11.2,2286.956469070351
3,31.997159428683638,-6.927402952672011,11.201472769297496,11.2,2287.4135713479036
3,32.24550384171835,-6.928589031899009,11.293080575529842,11.2,2287.874221402785
3,32.49385014295792,-6.929182072639747,11.348677668265463,11.2,2288.3384192619706
3,32.61802364761641,-6.9290338122432065,11.378334659012166,11.2,2288.804391028365
3,33.238879369658854,-6.925327330510556,11.254096523296969,11.2,2289.2792321622173
3,33.611378641493296,-6.921324375892111,11.072041299938077,11.2,2289.7593947142386
3,34.48054360910699,-6.911984148449071,10.879361579288863,11.2,2290.2519739086542
3,35.473887273804024,-6.902495622847423,10.478110009205949,11.2,2290.7587437268517
3,36.715590457025996,-6.893600079370459,9.898243269797524,11.2,2291.283252161952
3,37.95732196322382,-6.890634875666772,9.262825273037514,11.2,2291.8254996185697
3,39.19905346942164,-6.893600079370459,8.566693157344416,11.2,2292.3854860967044
3,39.94407537935482,-6.8989374054566195,7.732340699120941,11.2,2292.9561157449807
3,41.68238053243762,-6.919693357945894,6.939833060018644,11.2,2293.5515783240157
3,41.80654341607607,-6.921324175809642,6.628433393491341,11.2,2294.148814658531
3,41.80654341607607,-6.921324175809642,7.18416805561222,11.2,2294.7460509930465
3,41.68237699213125,-6.919989857603493,7.636174818901221,11.2,2295.3415135215055
3,41.558207735917115,-6.918952046663675,8.018563987944264,11.2,2295.9352022034473
3,41.68237911634738,-6.919693344419242,8.244183601518014,11.2,2296.5306647622524
3,41.68237911634738,-6.919693344419242,8.289359662501228,11.2,2297.1261273210575
3,41.80655191292845,-6.92013812476344,8.27679473602207,11.2,2297.7233637769564
3,42.054898922245435,-6.92013812476344,8.179191610584269,11.2,2298.3241480472743
3,42.179071718826506,-6.919693344419242,8.1111377325731,11.2,2298.926706214686
3,42.179071718826506,-6.919693344419242,8.263881727106657,11.2,2299.5292643820976
3,42.30324309925677,-6.9189520466636685,8.491826467336868,11.2,2300.1335964263726
3,42.55158397192118,-6.917172936277431,8.600495113868755,11.2,2300.7414761974
3,42.7999248445856,-6.915393825891193,8.601779786044196,11.2,2301.35290369518
3,43.04826571725001,-6.913614715504955,8.500087112088206,11.2,2301.967878919712
3,43.17243497346415,-6.912576904565135,8.298272710609773,11.2,2302.5846279907614
3,43.54494274210656,-6.909463471745678,8.007193144662534,11.2,2303.206698601363
3,44.041624487435385,-6.905905250973202,7.761293758364127,11.2,2303.835864665469
3,43.91745523122125,-6.9069430619130205,7.758004401721319,11.2,2304.463256883058
3,43.91745523122125,-6.9069430619130205,8.078222595139312,11.2,2305.0906491006467
3,43.91745523122125,-6.9069430619130205,8.230339397068343,11.2,2305.7180413182355
3,43.91745523122125,-6.9069430619130205,8.235403770276736,11.2,2306.345433535824
3,43.91745523122125,-6.9069430619130205,8.186641451691285,11.2,2306.972825753413
3,43.91745523122125,-6.9069430619130205,8.152757194927629,11.2,2307.6002179710017
3,43.91745523122125,-6.9069430619130205,8.018523203451474,11.2,2308.2276101885905
3,43.91745523122125,-6.9069430619130205,7.826332466366848,11.2,2308.855002406179
3,43.91745523122125,-6.9069430619130205,7.8796476105505056,11.2,2309.482394623768
3,43.91745523122125,-6.9069430619130205,7.874653638375202,11.2,2310.1097868413567
3,43.91745523122125,-6.9069430619130205,7.8653368574260005,11.2,2310.7371790589455
3,43.91745523122125,-6.9069430619130205,7.737468060801698,11.2,2311.364571276534
3,43.91745523122125,-6.9069430619130205,7.563972675154086,11.2,2311.991963494123
3,43.91745523122125,-6.9069430619130205,7.301009794752534,11.2,2312.6193557117117
3,43.91745523122125,-6.9069430619130205,7.260095101194508,11.2,2313.2467479293005
3,43.79328597500711,-6.907980872852839,7.211054097244205,11.2,2313.872366300372
3,43.66911671879297,-6.909018683792658,7.085734801034708,11.2,2314.496210824926
3,43.54494746257883,-6.910056494732476,6.894710666039109,11.2,2315.118281502963
3,43.42077608214857,-6.91079779248805,6.7375409546714184,11.2,2315.7385783041364
3,43.2966032855675,-6.911242572832247,6.7127782209825115,11.2,2316.3571012082157
3,43.04825674830253,-6.911835614136605,6.735784441580058,11.2,2316.97207630462
3,42.17904386787372,-6.910797793333477,6.734434861564841,11.2,2317.5746340741607
3,41.558186965722435,-6.907091304555638,7.010617697514224,11.2,2318.1683224593853
3,40.56482347506477,-6.899974863010699,7.334105099042264,11.2,2318.7478199376005
3,39.074778239078285,-6.88930020069329,7.937840241109448,11.2,2319.3060310553014
3,37.708893054345445,-6.881145925382044,8.48147887435457,11.2,2319.8447295275064
3,36.21881524690806,-6.87758768093762,9.293894551086487,11.2,2320.362141173891
3,34.60455968634763,-6.879515066092637,10.080450685823186,11.2,2320.856492026553
3,33.487004517117995,-6.8835180891904155,10.939000946015314,11.2,2321.334877805369
3,31.003654795979745,-6.907239313016889,11.740058948136959,11.2,2321.7777871595977
3,29.63796692285628,-6.931700930010041,12.521202430871758,11.2,2322.201186687067
3,28.644862103234058,-6.955420327772145,13.258131260579665,11.2,2322.6103990028278
3,27.775974682186643,-6.9792872572180435,13.964032086812828,11.2,2323.007198641145
3,27.6518479077513,-6.982696818567458,13.766061454906247,11.2,2323.402225039827
3,27.775982470150055,-6.979583675720097,13.298185297560593,11.2,2323.7990247894004
3,28.39669068268406,-6.965500142754271,12.841514119963579,11.2,2324.204691799153
3,29.141625501692232,-6.953046890825079,12.184452064570621,11.2,2324.6210007348914
3,29.886645287447646,-6.947709579956471,11.51298863804714,11.2,2325.0479528104265
3,30.75584990700708,-6.950823024611889,10.709920716262737,11.2,2325.4873220948125
3,31.12833784990555,-6.955715468903692,10.211109092112066,11.2,2325.9320126355256
3,31.12833784990555,-6.955715468903692,10.09436312674498,11.2,2326.3767031762386
3,31.12833784990555,-6.955715468903692,10.566463297111214,11.2,2326.8213937169517
3,31.0041841709062,-6.95349168131376,10.908946355256637,11.2,2327.264310633679
3,31.0041841709062,-6.95349168131376,10.97972653567189,11.2,2327.7072275504065
3,31.12833784990555,-6.955715468903692,10.920408723309142,11.2,2328.1519180911196
3,31.12833784990555,-6.955715468903692,10.74962405625597,11.2,2328.5966086318326
3,31.12833784990555,-6.955715468903692,10.54650149699588,11.2,2329.0412991725457
3,31.25249648522076,-6.957642777125599,10.449163462968173,11.2,2329.487763408049
3,31.376659368859205,-6.959273594989347,10.39948545538856,11.2,2329.9360013990326
3,31.50082579280402,-6.960607913195496,10.3093054377459,11.2,2330.386013196073
3,31.624995049018153,-6.961645724135314,10.323328857091523,11.2,2330.83779883963
3,31.624995049018153,-6.961645724135314,10.466122050319107,11.2,2331.2895844831874
3,32.12166640933605,-6.966389982427249,10.591249821888638,11.2,2331.7484654318923
3,32.49415506025138,-6.971282436018493,10.725125366055838,11.2,2332.212667647039
3,32.86664371116671,-6.976174889609736,10.498047909608895,11.2,2332.682191128627
3,33.36330279835173,-6.982105167385586,10.212123407165011,11.2,2333.158809740032
3,34.23244298382084,-6.993520892431821,9.878593084095156,11.2,2333.647844639801
3,35.101553431027334,-7.007012049985169,9.48946146197407,11.2,2334.1492954031014
3,35.7222923247361,-7.019613297419002,9.017424162879934,11.2,2334.6596138648833
3,36.09469601193237,-7.028952725961085,8.512342641977412,11.2,2335.1752523793393
3,37.46009053072116,-7.0664579008045765,8.16126122985933,11.2,2335.7103965297783
3,37.70833581974667,-7.073573429325529,8.073165723109486,11.2,2336.249087041489
3,37.83246259418202,-7.076982990674937,8.450616946076968,11.2,2336.7895507928347
3,37.83246259418202,-7.076982990674937,8.860019222049578,11.2,2337.3300145441804
3,37.83246259418202,-7.076982990674937,9.079461418281467,11.2,2337.870478295526
3,37.95661060890113,-7.0795032449521385,9.11624694522847,11.2,2338.412715589939
3,38.20492292321569,-7.083654340763978,9.0723021491699,11.2,2338.958500203128
3,38.20492292321569,-7.083654340763978,8.9360200167904,11.2,2339.504284816317
3,38.701592867443345,-7.088398585529261,8.73624948943995,11.2,2340.0571647144234
3,38.94993916868291,-7.088991626269999,8.829187760149821,11.2,2340.613592416833
3,39.198285469922475,-7.088398585529261,8.9140679413806,11.2,2341.173567923546
3,39.57080527582053,-7.087953805185064,8.914705348872976,11.2,2341.7388651417723
3,39.943323665563746,-7.089288146217657,8.822334049876337,11.2,2342.3094840512804
3,40.44001249163317,-7.091660304671654,8.645132183408961,11.2,2342.8871985154465
3,40.81253088137638,-7.092994645704247,8.362491558814382,11.2,2343.4702346708946
3,41.55757049317129,-7.094773769617312,7.961269126812035,11.2,2344.0639142493683
3,41.80591750248828,-7.094773769617312,7.89334776598606,11.2,2344.661141642261
3,41.93009029906935,-7.094328989273114,8.114819150436775,11.2,2345.2601429322476
3,41.80591891863909,-7.095070287028688,8.208211710557041,11.2,2345.8573703453712
3,41.80591891863909,-7.095070287028688,8.238920900738774,11.2,2346.454597758495
3,41.80591891863909,-7.095070287028688,8.400097417392281,11.2,2347.0518251716185
3,41.80591891863909,-7.095070287028688,8.419590179114184,11.2,2347.649052584742
3,41.80591891863909,-7.095070287028688,8.31980116475898,11.2,2348.2462799978657
3,41.930081802277535,-7.0934394691649345,8.198159739971592,11.2,2348.8452811664697
3,41.930081802277535,-7.0934394691649345,8.112528235243968,11.2,2349.4442823350737
3,41.930081802277535,-7.0934394691649345,8.277081866086144,11.2,2350.0432835036777
3,41.80591891863909,-7.095070287028689,8.400349061179652,11.2,2350.6405109168013
3,41.80591891863909,-7.095070287028689,8.43272940610457,11.2,2351.237738329925
3,41.80591891863909,-7.095070287028689,8.373179678099246,11.2,2351.8349657430485
3,41.80591891863909,-7.095070287028689,8.27264305520603,11.2,2352.432193156172
3,41.80591891863909,-7.095070287028689,8.21544980115075,11.2,2353.029420569296
3,41.80591891863909,-7.095070287028689,8.266729036772075,11.2,2353.6266479824194
3,41.80591891863909,-7.095070287028689,8.258845564483817,11.2,2354.223875395543
3,41.80591891863909,-7.095070287028689,8.191231056994043,11.2,2354.8211028086666
3,41.80591891863909,-7.095070287028689,8.063310913268477,11.2,2355.4183302217903
3,41.68175249469427,-7.096404605234837,8.029675919575118,11.2,2356.0137838288574
3,41.68175249469427,-7.096404605234837,8.027198096779609,11.2,2356.6092374359246
3,41.68175249469427,-7.096404605234837,7.9475302961276935,11.2,2357.2046910429917
3,41.68175249469427,-7.096404605234837,7.792615691627536,11.2,2357.800144650059
3,41.557583238480134,-7.0974424161746565,7.727287743573294,11.2,2358.3938244106084
3,41.557583238480134,-7.0974424161746565,7.627208384835827,11.2,2358.987504171158
3,41.557583238480134,-7.0974424161746565,7.476270326836684,11.2,2359.5811839317075
3,41.43341185804987,-7.09818371393023,7.4408218429663435,11.2,2360.173089815394
3,41.06089346830666,-7.099518054962823,7.422295451686543,11.2,2360.7596740077984
3,40.936719963648166,-7.099666315359363,7.374432164081277,11.2,2361.3444842929935
3,40.6883736624086,-7.099073274618625,7.257718172795339,11.2,2361.925746773885
3,40.56420228197834,-7.098331976863058,7.237809523793707,11.2,2362.5052353779133
3,40.191703718180946,-7.094329029853343,7.203847971622779,11.2,2363.0794025738874
3,39.819243389147275,-7.087657679764302,7.158719944562622,11.2,2363.648248908018
3,39.19853517661327,-7.073574146798477,7.271905118856179,11.2,2364.2082279819697
3,38.45370585402024,-7.055784581569926,7.653858214232217,11.2,2364.757566637027
3,37.33643107145903,-7.03043422223144,8.23825293410509,11.2,2365.2909442237624
3,35.474129426290666,-6.997077471786234,8.920054197076167,11.2,2365.7977175012807
3,33.98415358079113,-6.979286655366856,9.707375494357876,11.2,2366.2832054095775
3,33.487472307502344,-6.975728437976082,10.49892918291192,11.2,2366.7615978711133
3,30.383152392955406,-6.97943492675395,11.331492244260177,11.2,2367.1956429052984
3,29.14150939517389,-6.994260564833021,12.150166080682965,11.2,2367.6119501823723
3,27.775883829014603,-7.021983309187451,12.913545740097561,11.2,2368.008748522787
3,26.782838481678205,-7.048074125974551,13.653581439392303,11.2,2368.3913605010966
3,26.286383774108025,-7.063490723464784,14.241335896404529,11.2,2368.7668802692983
3,26.286383774108025,-7.063490723464784,13.707734713796436,11.2,2369.1424000375
3,26.658710999480355,-7.051483708456542,13.203161474851724,11.2,2369.523238766064
3,27.40349288648318,-7.031915651658078,12.540580797233023,11.2,2369.9147172358707
3,28.14842770549135,-7.019462399728886,11.869179361937157,11.2,2370.3168376316635
3,29.01762241205163,-7.014273345029697,11.318368004953758,11.2,2370.731375094693
3,29.762652818877566,-7.017831569183882,10.813705603999582,11.2,2371.156555849248
3,29.8868220750917,-7.018869380123702,10.305167875122429,11.2,2371.583510450321
3,29.8868220750917,-7.018869380123702,10.58271631898089,11.2,2372.0104650513936
3,29.8868220750917,-7.018869380123702,10.983415595085606,11.2,2372.4374196524664
3,29.8868220750917,-7.018869380123702,11.28317049051292,11.2,2372.864374253539
3,29.8868220750917,-7.018869380123702,11.486957999935385,11.2,2373.291328854612
3,30.135162947756115,-7.020648490509937,11.413681863297446,11.2,2373.721831182437
3,30.507670716398522,-7.023761923329394,11.312642762913072,11.2,2374.1576550498144
3,31.12850283612259,-7.030433514360136,11.03581126591079,11.2,2374.6023479474734
3,31.997611631346267,-7.04392464626984,10.688328057456467,11.2,2375.059456685064
3,32.742480603024006,-7.05993552888094,10.298496050483397,11.2,2375.5272064079645
3,33.73545798426239,-7.088397534764711,9.864133753432089,11.2,2376.0091415220254
3,34.48002111082443,-7.115078687183359,9.411774536509496,11.2,2376.5017132521803
3,35.22458423738647,-7.141759839602006,8.94754443438742,11.2,2377.0049215984286
3,35.47281159117156,-7.149468138347123,9.320382833939442,11.2,2377.5116760497312
3,35.47281159117156,-7.149468138347123,9.722425684480996,11.2,2378.018430501034
3,35.59696999048923,-7.151395442905652,10.046755420465477,11.2,2378.5269586437553
3,36.217784408681446,-7.159549532224391,10.317754899690714,11.2,2379.0443555638794
3,36.71444302384796,-7.165479804364172,10.112982734285199,11.2,2379.5688476070773
3,37.956122604719255,-7.17734046136622,9.837156441391842,11.2,2380.111077930002
3,38.3286218765537,-7.1813434159846485,9.274061597710958,11.2,2380.6586296710957
3,40.439314664954054,-7.214107593479644,8.63041586304535,11.2,2381.2363341663095
3,41.680762951083615,-7.240792397831478,7.793079397729166,11.2,2381.831773637039
3,43.17033097208821,-7.279928623012093,6.865094164085349,11.2,2382.4484926509263
3,43.666881966148225,-7.291788288079229,6.3585434302464945,11.2,2383.0723052504427
3,43.915194280462785,-7.295939383891069,6.890663436559134,11.2,2383.699665168735
3,43.54269571666539,-7.291936436881354,7.275096756195507,11.2,2384.321703678973
3,43.170178034995565,-7.290602098385049,7.724745850482399,11.2,2384.938420508044
3,43.170178034995565,-7.290602098385049,8.153556452287347,11.2,2385.5551373371154
3,43.41852244803028,-7.289416019158049,8.466269769322205,11.2,2386.1754019435157
3,43.915211274099704,-7.287043860704046,8.682991560599675,11.2,2386.8027621045744
3,44.53607525700505,-7.284819958983059,8.530445751695714,11.2,2387.438991751103
3,45.15694278029753,-7.284078657000361,8.189544743042413,11.2,2388.084090933679
3,46.274495825307,-7.288081672489277,7.72956765883382,11.2,2388.7451551597546
3,47.26781022353221,-7.299942182952521,7.167786606604882,11.2,2389.4204095915193
3,47.76441361096913,-7.30943026668679,6.457448012243139,11.2,2390.1027583573905
3,47.88856162568824,-7.3119505209639915,6.043104708466327,11.2,2390.7868806663287
3,48.26103682364125,-7.317732434639579,6.350583245223511,11.2,2391.4763240495236
3,48.0127011434823,-7.315360305493611,6.791874969672071,11.2,2392.162219780145
3,47.64018346181248,-7.314025966997306,7.105725328013322,11.2,2392.8427938295995
3,47.14349085933335,-7.315212048478781,7.460153926244141,11.2,2393.516272270447
3,46.895150222688954,-7.316991157174174,7.646107613050146,11.2,2394.1862029879144
3,46.6468209151057,-7.319956293244076,7.767583009420449,11.2,2394.8525861438443
3,46.39850860079114,-7.324107389055915,7.907138432170536,11.2,2395.5154219809983
3,46.27436058607203,-7.326627643333117,7.975624116347207,11.2,2396.176484275085
3,46.27436058607203,-7.326627643333117,8.004561053552889,11.2,2396.8375465691715
3,46.27436058607203,-7.326627643333117,7.957831213118271,11.2,2397.498608863258
3,46.27436058607203,-7.326627643333117,7.851923806875619,11.2,2398.1596711573447
3,46.15021257135292,-7.329147897610318,7.6716697070286175,11.2,2398.818959908364
3,46.15021257135292,-7.329147897610318,7.711036527596717,11.2,2399.478248659383
3,46.15021257135292,-7.329147897610318,7.686739914549943,11.2,2400.1375374104023
3,46.15021257135292,-7.329147897610318,7.598470105850919,11.2,2400.7968261614214
3,46.02605889235357,-7.331371685200251,7.4168256775321,11.2,2401.454341288455
3,46.02605889235357,-7.331371685200251,7.31177825235241,11.2,2402.1118564154885
3,45.90190521335422,-7.333595472790184,7.18752629271491,11.2,2402.7675979185365
3,45.90190521335422,-7.333595472790184,7.064255757785397,11.2,2403.4233394215844
3,45.90190521335422,-7.333595472790184,6.875928264899167,11.2,2404.0790809246323
3,45.529461169196885,-7.3411562356217885,6.91199629210074,11.2,2404.729501798478
3,45.032881382801925,-7.351830167506895,7.151706576283119,11.2,2405.3728286753753
3,44.28801170320948,-7.367841065334555,7.47498790982476,11.2,2406.00551455685
3,43.17073692064827,-7.393191424673041,7.832583984397667,11.2,2406.622239370002
3,42.301794983856986,-7.414983424604567,8.375350599869476,11.2,2407.226550726914
3,40.6882604282351,-7.463160818347531,8.874572620581523,11.2,2407.8078115901744
3,39.57136795334019,-7.501849059312065,9.457968784994915,11.2,2408.3731168466506
3,38.45457104854896,-7.543204275603527,10.009732423566891,11.2,2408.92246786163
3,37.08972164523114,-7.5970088882449645,10.556533920000614,11.2,2409.4523210279904
3,36.09715109012408,-7.637324659926738,11.037270333312943,11.2,2409.967994614992
3,35.47682516781556,-7.663262684524711,11.48516370914608,11.2,2410.4748064031037
3,34.484255556034995,-7.703578417890886,11.874507873304543,11.2,2410.9674386253328
3,34.23606784718098,-7.7124721353637735,12.201445485788796,11.2,2411.456525308864
3,34.11195877205687,-7.716474473699854,12.119095817187228,11.2,2411.9438390056075
3,34.48433838755196,-7.706245809094044,11.920776920713296,11.2,2412.4364724111438
3,34.98091770200379,-7.695571887353311,11.595250742555418,11.2,2412.9361998068866
3,35.60172858011574,-7.68741784453175,10.992084388156577,11.2,2413.44479592946
3,36.222592563025124,-7.686676546776177,10.344273572276295,11.2,2413.962261537503
3,36.71926250725278,-7.69142079154146,9.528964805469416,11.2,2414.4868224304637
3,36.96757482156734,-7.6955718873532994,9.341756519798437,11.2,2415.0149306422004
3,36.96757482156734,-7.6955718873532994,9.851500564541343,11.2,2415.543038853937
3,36.346806426570595,-7.684452949403636,10.226637856887567,11.2,2416.062278945745
3,36.22264779125538,-7.682525641181729,10.459351609948142,11.2,2416.579745342763
3,35.97431848367213,-7.679560505111839,10.440901052920626,11.2,2417.093664178244
3,35.85014922745799,-7.678522694172014,10.334856116666822,11.2,2417.605809167208
3,35.72597784702773,-7.677781396416446,10.149615673099369,11.2,2418.1161802793085
3,35.72597784702773,-7.677781396416446,10.015920428539497,11.2,2418.626551391409
3,35.97432414826729,-7.678374437157183,9.98263156311909,11.2,2419.140470307813
3,35.97432414826729,-7.678374437157183,9.865137426595997,11.2,2419.6543892242166
3,35.97432414826729,-7.678374437157183,9.680558159706138,11.2,2420.1683081406204
3,35.97432414826729,-7.678374437157183,9.748745725769217,11.2,2420.682227057024
3,35.97432414826729,-7.678374437157183,9.907073017910177,11.2,2421.196145973428
3,35.97432414826729,-7.678374437157183,9.949934216172576,11.2,2421.7100648898318
3,36.098497652925786,-7.678522697553722,9.891541081288741,11.2,2422.225757713445
3,36.471016042669,-7.679857038586316,9.767322422845371,11.2,2422.7467722283404
3,36.71935667931339,-7.6816361472817025,9.722720521413116,11.2,2423.2713344666163
3,36.84352593552753,-7.682673958221521,9.599505501401215,11.2,2423.7976705514097
3,36.84352593552753,-7.682673958221521,9.42070729143964,11.2,2424.324006636203
3,36.84352593552753,-7.682673958221521,9.415004400415182,11.2,2424.8503427209967
3,36.84352593552753,-7.682673958221521,9.5805646243546,11.2,2425.37667880579
3,36.84352593552753,-7.682673958221521,9.65350982133768,11.2,2425.9030148905836
3,36.84352593552753,-7.682673958221521,9.765578344001135,11.2,2426.429350975377
3,37.21603370416994,-7.685787391040979,9.78145073648338,11.2,2426.9610085997224
3,37.712692319336455,-7.691717663180771,9.657506636458033,11.2,2427.4997613471414
3,38.085168225282096,-7.697499587846492,9.313633576227701,11.2,2428.043835178931
3,38.58177161271902,-7.706987671580761,8.91010034241901,11.2,2428.595003344827
3,38.83007330643748,-7.711731713447895,8.44394522900309,11.2,2429.149718677776
3,38.83007330643748,-7.711731713447895,8.489728741480114,11.2,2429.704434010725
3,38.705914671122265,-7.709804405225988,8.782174928440359,11.2,2430.2573756488837
3,38.58175178748382,-7.70817358736224,8.963644568967501,11.2,2430.808543531562
3,38.33341610732487,-7.705801458216273,9.058226919100493,11.2,2431.3561637616667
3,38.33341610732487,-7.705801458216273,9.109345146833881,11.2,2431.9037839917714
3,38.20924283869219,-7.705949718331006,9.040164541288927,11.2,2432.4496303180385
3,38.20924283869219,-7.705949718331006,8.849799275597864,11.2,2432.9954766443057
3,38.20924283869219,-7.705949718331006,8.848799053670012,11.2,2433.5413229705728
3,38.20924283869219,-7.705949718331006,8.955840038217342,11.2,2434.08716929684
3,38.20924283869219,-7.705949718331006,8.937664141094832,11.2,2434.633015623107
3,38.20924283869219,-7.705949718331006,8.86585187749799,11.2,2435.178861949374
3,38.20924283869219,-7.705949718331006,8.779750804047993,11.2,2435.724708275641
3,38.20924283869219,-7.705949718331006,8.79876760053018,11.2,2436.2705546019083
3,38.08507004211112,-7.706394498675204,8.762425494364606,11.2,2436.8146270310813
3,38.08507004211112,-7.706394498675204,8.781134627515346,11.2,2437.3586994602542
3,38.08507004211112,-7.706394498675204,8.686473779978247,11.2,2437.902771889427
3,38.08507004211112,-7.706394498675204,8.65698429480462,11.2,2438.4468443186
3,38.08507004211112,-7.706394498675204,8.585182839691694,11.2,2438.990916747773
3,38.08507004211112,-7.706394498675204,8.50685482137562,11.2,2439.534989176946
3,37.960896537452626,-7.706542759071743,8.450618974539209,11.2,2440.0772876989095
3,37.960896537452626,-7.706542759071743,8.36799403330181,11.2,2440.619586220873
3,37.960896537452626,-7.706542759071743,8.27897945081369,11.2,2441.1618847428363
3,37.960896537452626,-7.706542759071743,8.174993600969326,11.2,2441.7041832647997
3,37.960896537452626,-7.706542759071743,8.060753759213837,11.2,2442.246481786763
3,37.960896537452626,-7.706542759071743,7.9466982515903855,11.2,2442.7887803087265
3,37.960896537452626,-7.706542759071743,7.81203569890632,11.2,2443.33107883069
3,37.960896537452626,-7.706542759071743,7.688951590236371,11.2,2443.8733773526533
3,37.83672303279413,-7.706394498675204,7.622539083337834,11.2,2444.4139019674076
3,37.58837885578281,-7.705208420575438,7.627548567499291,11.2,2444.9508788082044
3,37.46420959956867,-7.70417060963562,7.615500791521097,11.2,2445.486081802484
3,37.091721656670195,-7.6992781653438165,7.613228437042658,11.2,2446.0159635404366
3,36.967567977670846,-7.697054377753884,7.5855348738732555,11.2,2446.5440716544035
3,36.22266218856644,-7.682822238626442,7.921293139648931,11.2,2447.0615382570973
3,35.7260583291635,-7.673334145874814,8.269716069117033,11.2,2447.5719105189423
3,33.987812652521136,-7.648427334288739,8.935803475978574,11.2,2448.0574506996927
3,32.746109469299164,-7.639531790811804,9.588952413721959,11.2,2448.5252522635396
3,31.256031661861776,-7.639531790811804,10.406976204875535,11.2,2448.971767001566
3,29.517686857065,-7.656136647490336,11.19011421111453,11.2,2449.3934482423815
3,28.400305869963983,-7.67615069775746,11.91995324131882,11.2,2449.7991668976665
3,27.28309693194128,-7.704168930127279,12.605056131229261,11.2,2450.1889254252656
3,26.290115775839258,-7.7326310442110975,13.2465455104914,11.2,2450.5644985077774
3,26.290115775839258,-7.7326310442110975,13.535763069429375,11.2,2450.9400715902893
3,26.4142425502746,-7.729221482861684,13.316715968591462,11.2,2451.317417912436
3,27.034949582982378,-7.7151379766654715,13.097727325742689,11.2,2451.7036314779075
3,27.65574157957072,-7.705501453872817,12.506538400844425,11.2,2452.098713500473
3,28.400761365326133,-7.7001641430042085,11.902100927147965,11.2,2452.5044386628347
3,29.766630972666533,-7.708318325319107,11.311271587192213,11.2,2452.9296762481586
3,30.635705073745104,-7.723884808860203,10.521707653439046,11.2,2453.3673291777836
3,31.380486960747927,-7.743452865658657,9.678545234984584,11.2,2453.8156218486515
3,31.504605239408907,-7.747158826067693,9.232037373010002,11.2,2454.265687637786
3,31.504605239408903,-7.747158826067693,9.656274215678293,11.2,2454.7157534269204
3,31.132161903183643,-7.739598077607393,10.021720935988148,11.2,2455.1604985969657
3,30.759673960285173,-7.73470563331559,10.357940869244848,11.2,2455.599922510684
3,30.38716052705971,-7.732481744276006,10.600741512163749,11.2,2456.0340248039274
3,30.38716052705971,-7.732481744276006,10.854118216676405,11.2,2456.468127097171
3,30.635507064324678,-7.733074785580361,11.097429820033797,11.2,2456.9057771980897
3,30.883851241336007,-7.734260863680126,11.01900510220287,11.2,2457.346975072966
3,31.375695199886533,-7.734260863680126,10.73236546759459,11.2,2457.795199290107
3,31.996526139548855,-7.740932442029652,10.43481161488161,11.2,2458.252292520672
3,32.9897753968071,-7.75753682527701,10.11240865319205,11.2,2458.7235750263408
3,34.23115288195712,-7.78718598794485,9.734358366637199,11.2,2459.212591496083
3,35.09991475650249,-7.815202303044616,9.263378123080477,11.2,2459.7140188497474
3,35.72035748138651,-7.838177423206539,8.668785626746761,11.2,2460.22430967091
3,36.09265426536463,-7.851073479015502,8.29797364856972,11.2,2460.739919017558
3,36.340899318460956,-7.858189000773946,8.748082084644599,11.2,2461.2590747221075
3,36.340899318460956,-7.858189000773946,9.07422198769856,11.2,2461.778230426657
3,36.21673667082813,-7.8565581860100115,9.29163810409569,11.2,2462.2956123790973
3,36.21673667082813,-7.8565581860100115,9.41510066618601,11.2,2462.8129943315375
3,36.83760419412061,-7.85729948799271,9.458137941406221,11.2,2463.339245820025
3,37.21012258386382,-7.858633829025303,9.191152209293726,11.2,2463.8708189997947
3,37.83098656676917,-7.86085773074629,8.819658717902087,11.2,2464.411261665034
3,38.82437271582905,-7.863229895963711,8.373226491507934,11.2,2464.9658955609743
3,39.19689110557226,-7.864564236996304,7.830328112121425,11.2,2465.5258511481966
3,39.69358370805139,-7.865750318477779,7.844172150084388,11.2,2466.092902344026
3,39.5694102033929,-7.865898578874319,8.307414412067379,11.2,2466.658179632646
3,39.44523740681183,-7.866343359218517,8.684444146402232,11.2,2467.221683024172
3,39.44523740681183,-7.866343359218517,8.996143642254253,11.2,2467.785186415698
3,39.817751548102606,-7.864119465951796,9.00245549221312,11.2,2468.3540114378134
3,39.941920804316744,-7.863081655011976,8.821168641740364,11.2,2468.9246103064465
3,40.31442007615119,-7.859078700393531,8.561843273342978,11.2,2469.5005305932486
3,40.438582959789635,-7.857447882529778,8.39173421952319,11.2,2470.0782246355316
3,41.18357088253941,-7.848552474320072,8.302899861451444,11.2,2470.666561362425
3,41.928601289365346,-7.844994250165877,8.13261744255192,11.2,2471.2655413808443
3,42.301121803340834,-7.845439031355497,7.8449782065180536,11.2,2471.869843120892
3,42.301121803340834,-7.845439031355497,7.494472751850769,11.2,2472.4741448609393
3,42.301121803340834,-7.845439031355497,7.811994577463077,11.2,2473.078446600987
3,42.301121803340834,-7.845439031355497,8.119973269562948,11.2,2473.6827483410343
3,42.301121803340834,-7.845439031355497,8.319360571773645,11.2,2474.287050081082
3,42.301121803340834,-7.845439031355497,8.322531514537141,11.2,2474.8913518211293
3,42.301121803340834,-7.845439031355497,8.331085290294977,11.2,2475.495653561177
3,42.301121803340834,-7.845439031355497,8.224312325941955,11.2,2476.0999553012243
3,42.425294599921905,-7.844994251011299,8.07977412501921,11.2,2476.706030938366
3,42.425294599921905,-7.844994251011299,7.913489818384167,11.2,2477.3121065755076
3,42.301121803340834,-7.845439031355497,8.04278214481415,11.2,2477.916408315555
3,42.301121803340834,-7.845439031355497,8.12928725827143,11.2,2478.5207100556026
3,42.301121803340834,-7.845439031355497,8.123322489270839,11.2,2479.12501179565
3,42.301121803340834,-7.845439031355497,8.056346616078422,11.2,2479.7293135356977
3,42.301121803340834,-7.845439031355497,7.9253871454514595,11.2,2480.333615275745
3,42.301121803340834,-7.845439031355497,7.762906774919946,11.2,2480.9379170157927
3,42.301121803340834,-7.845439031355497,7.7624196739502525,11.2,2481.54221875584
3,42.17694829868234,-7.845587291752036,7.723130542625606,11.2,2482.1447465886786
3,42.05277479402385,-7.845735552148575,7.625182077341953,11.2,2482.7455005143074
3,42.05277479402385,-7.845735552148575,7.528229491250868,11.2,2483.3462544399363
3,41.92860128936535,-7.8458838125451145,7.430513148262499,11.2,2483.9452344583556
3,41.92860128936535,-7.8458838125451145,7.2433173876038035,11.2,2484.544214476775
3,41.80442778470686,-7.845735552148575,7.178675155284332,11.2,2485.141420587985
3,41.55608124744189,-7.84514251084422,7.165215909807778,11.2,2485.73507889152
3,41.05938817291195,-7.8439564282355105,7.3368501244224635,11.2,2486.3216415797046
3,40.19017529248315,-7.844994249038638,7.515414342377898,11.2,2486.895786941026
3,39.44515338254997,-7.850331575124816,7.9602683586532095,11.2,2487.4592891322054
3,38.327689553854555,-7.865008908000243,8.420547500277946,11.2,2488.006827554403
3,37.086181085262254,-7.888729117335915,9.021437990287149,11.2,2488.5366301413355
3,35.59661731125661,-7.9278652309328415,9.693655283741483,11.2,2489.045153245782
3,34.35557611625,-7.969370389815763,10.326425708133176,11.2,2489.5359471903
3,32.86658153548854,-8.0262885045418,10.918390909936148,11.2,2490.005469783664
3,31.749994875333204,-8.0729769488181,11.475321830625502,11.2,2490.459041139026
3,31.005641285583202,-8.104991349510433,11.987865987871825,11.2,2490.901978871677
3,30.38531536327468,-8.130929374108378,12.442013709100552,11.2,2491.336054805438
3,30.261227054162198,-8.135524389406658,12.470360721192458,11.2,2491.768358049069
3,30.137117979038088,-8.139526727742739,12.18715483606651,11.2,2492.198888305912
3,30.63360808523074,-8.12529568422584,11.874227794598621,11.2,2492.6365112785584
3,31.25434461916997,-8.112694484696274,11.459606873069873,11.2,2493.0830019159753
3,31.75101456339762,-8.107950239930979,10.813984624618953,11.2,2493.5365878383095
3,32.247707165876754,-8.107950239930979,10.127232820350509,11.2,2493.9972693692507
3,32.371878546307016,-8.108691537686546,9.849702835487891,11.2,2494.4597247770553
3,32.371878546307016,-8.108691537686546,10.189982192820207,11.2,2494.92218018486
3,32.12353436929569,-8.10750545958678,10.566893287857829,11.2,2495.381087818707
3,31.999360864637193,-8.107357199190242,10.783412278526347,11.2,2495.8382215453444
3,32.12353436929569,-8.10750545958678,10.878951323700237,11.2,2496.2971291791914
3,32.37188090656066,-8.108098500891137,10.787514754491648,11.2,2496.7595846207137
3,32.496054411219156,-8.108246761287676,10.425642658823541,11.2,2497.2238139694455
3,32.62022791587765,-8.108098500891137,9.99931580923881,11.2,2497.6898172253864
3,32.74440142053614,-8.107950240494597,9.550941938785495,11.2,2498.157594388537
3,32.74440142053614,-8.107950240494597,9.886342542420039,11.2,2498.6253715516873
3,32.62022791587765,-8.107801980098058,10.244950139959274,11.2,2499.091374807628
3,32.496054411219156,-8.107653719701519,10.50532061531017,11.2,2499.55560415636
3,32.496054411219156,-8.107653719701519,10.655906934269487,11.2,2500.019833505092
3,32.86857492519464,-8.108098500891138,10.711170516024614,11.2,2500.489384575452
3,33.3652632792173,-8.11047065709067,10.670302918272636,11.2,2500.9660311937264
3,33.8619346395352,-8.115214915382605,10.227522017299165,11.2,2501.449773117148
3,34.60689919639617,-8.125889293639569,9.73107104115269,11.2,2501.9441573913823
3,35.47593364758844,-8.143531040046934,9.357391830417757,11.2,2502.4509564434907
3,36.22066668351723,-8.164877544459763,9.05901968454824,11.2,2502.9683945389693
3,36.46889403730232,-8.17258584320488,8.673950754474093,11.2,2503.489378739502
3,36.71715537413642,-8.179108547401649,8.75813613615306,11.2,2504.0139095305612
3,36.71715537413642,-8.179108547401649,9.026408052591124,11.2,2504.5384403216203
3,36.84129701664322,-8.181925253994814,9.327978793042536,11.2,2505.064744564715
3,37.21374106080055,-8.18948601682642,9.543276531287704,11.2,2505.596369437012
3,37.46204299050202,-8.194230063202234,9.447376565708355,11.2,2506.1315414797336
3,37.71034492020349,-8.198974109578048,9.242751732666783,11.2,2506.6702606928793
3,38.08278896436082,-8.206534872409653,8.98457156419281,11.2,2507.2143005352273
3,39.07589378398305,-8.230254270171757,8.710183622248364,11.2,2507.772527589284
3,39.324169988888606,-8.236184119612282,8.315701436905163,11.2,2508.334301446268
3,39.572471682607066,-8.240928161479417,8.144719420854418,11.2,2508.899622470305
3,39.69663433023989,-8.242558976243352,8.413745839424218,11.2,2509.4667172464515
3,39.69663433023989,-8.242558976243352,8.619690260971613,11.2,2510.033812022598
3,39.820803586454026,-8.24359678718317,8.863302475954974,11.2,2510.6026806452614
3,39.820803586454026,-8.24359678718317,8.90649117543636,11.2,2511.171549267925
3,39.944972842668165,-8.244634598122989,8.905902815218848,11.2,2511.742191737106
3,40.31748061131057,-8.247748030942446,8.86353701147049,11.2,2512.3181557458392
3,40.81415197162847,-8.252492289234382,8.736168790357224,11.2,2512.9012150597196
3,41.55911652848944,-8.263166667491346,8.515040617872014,11.2,2513.494916724412
3,41.93157756548749,-8.269838030261145,8.103341606081436,11.2,2514.093939261062
3,42.05573596480515,-8.271765334819674,7.654461664779011,11.2,2514.694735489131
3,42.179902388749966,-8.273099653025824,7.899475650063633,11.2,2515.297305523256
3,41.80739462010756,-8.269986220206366,8.035775555635292,11.2,2515.894554017829
3,41.6832232396773,-8.269244922450799,8.200703855384768,11.2,2516.4900286355387
3,41.6832232396773,-8.269244922450799,8.365709888895354,11.2,2517.0855032532486
3,41.43487693843773,-8.269837963191536,8.395035366805883,11.2,2517.677430066655
3,41.31070555800747,-8.270579260947109,8.31395964209323,11.2,2518.2675830031976
3,41.43487481422161,-8.26954145000729,8.248802526318103,11.2,2518.859509786258
3,41.43487481422161,-8.26954145000729,8.281223977368645,11.2,2519.4514365693185
3,41.31070555800747,-8.270579260947109,8.305177983389743,11.2,2520.0415895058613
3,41.31070555800747,-8.270579260947109,8.307051835724137,11.2,2520.631742442404
3,41.31070555800747,-8.270579260947109,8.288647898568103,11.2,2521.221895378947
3,41.18653417757721,-8.271320558702683,8.355994927079415,11.2,2521.8102744386265
3,41.18653417757721,-8.271320558702683,8.269940750697094,11.2,2522.398653498306
3,41.18653417757721,-8.271320558702683,8.243173756364843,11.2,2522.9870325579855
3,41.18653417757721,-8.271320558702683,8.184103421875575,11.2,2523.575411617665
3,41.18653417757721,-8.271320558702683,8.119619851716225,11.2,2524.1637906773444
3,41.18653417757721,-8.271320558702683,8.050243970901821,11.2,2524.752169737024
3,41.18653417757721,-8.271320558702683,7.987059590773317,11.2,2525.3405487967034
3,41.18653417757721,-8.271320558702683,7.936688428700619,11.2,2525.928927856383
3,41.06236138099614,-8.271765339046881,7.880600345858523,11.2,2526.5155330189687
3,40.93818787633764,-8.27191359944342,7.791385501111941,11.2,2527.100364274345
3,40.93818787633764,-8.27191359944342,7.67650285799838,11.2,2527.685195529721
3,40.81401437167915,-8.271765339046881,7.620161748965753,11.2,2528.268252877888
3,40.68984157509808,-8.271320558702683,7.596874155351161,11.2,2528.8495363289608
3,40.441500938453686,-8.269541450007296,7.572450262785329,11.2,2529.427272056653
3,40.31733451450887,-8.268207131801148,7.466925649476952,11.2,2530.003233978289
3,40.06901299555521,-8.264649005715494,7.400801429881435,11.2,2530.5756484496537
3,39.94485931655586,-8.26242521812556,7.312648629487379,11.2,2531.146289297033
3,39.69656965932995,-8.257088257255194,7.331952247909479,11.2,2531.7133831493093
3,39.07586144679595,-8.243004724289369,7.575917886199466,11.2,2532.2716097414063
3,37.95852931432395,-8.220322435794554,7.975889775539228,11.2,2532.8138744458965
3,36.9652800570657,-8.203718052547195,8.504568689541397,11.2,2533.3419498752833
3,35.59945198980859,-8.189040580178238,9.20800584445422,11.2,2533.8505134751376
3,34.3577240239878,-8.186075384928824,9.99949944396895,11.2,2534.341338104052
3,32.371004595306694,-8.200308213911779,10.77521380020949,11.2,2534.803781026842
3,30.881134957290342,-8.225214717770163,11.609031685824077,11.2,2535.24494009766
3,29.267496091162766,-8.269538762561309,12.399487828170537,11.2,2535.663047184677
3,28.150701309150403,-8.310893900245821,13.1357752316075,11.2,2536.065200060522
3,27.77850575576529,-8.326456715004605,13.84971736614038,11.2,2536.462035857033
3,27.65444057130359,-8.331644319924195,14.02541365714033,11.2,2536.8570992937657
3,27.778517789787028,-8.32675299150224,13.74430593250273,11.2,2537.253935262191
3,28.274893207495058,-8.308965556556464,13.337959861121247,11.2,2537.6578623080127
3,29.26787058873344,-8.28050355067268,12.720889572573068,11.2,2538.0759747449947
3,30.261112294231747,-8.26389929366987,12.057351364753583,11.2,2538.5082763491982
3,31.254486169999666,-8.259154994797608,11.233048096352277,11.2,2538.9547690087697
3,32.24786004576758,-8.26389929366987,10.372796828730234,11.2,2539.415452723709
3,33.48946410051212,-8.281689873374194,9.551987732923642,11.2,2539.8938736394307
3,33.61361777951147,-8.283913660964128,9.008912494754947,11.2,2540.374068179138
3,33.73777641482668,-8.285840969186035,9.241360923594957,11.2,2540.856036413635
3,33.61361777951147,-8.283913660964128,9.53501734643527,11.2,2541.3362309533422
3,33.36529626055782,-8.280355534878474,9.861118582890187,11.2,2541.8128780427787
3,33.116960580398874,-8.277983405732506,10.033023653145781,11.2,2542.2859774796416
3,32.992788019842266,-8.277538626233738,10.08982925448579,11.2,2542.7573030227823
3,33.11696152450076,-8.2773903658372,10.047848283188022,11.2,2543.2304024731325
3,33.11696152450076,-8.2773903658372,9.955681976104986,11.2,2543.7035019234827
3,33.11696152450076,-8.2773903658372,10.01642079346048,11.2,2544.176601373833
3,33.24113432108183,-8.276945585493001,10.128758559605396,11.2,2544.651474721277
3,33.489480622321395,-8.276352544752264,10.159362166956747,11.2,2545.1298958730245
3,34.11034342510444,-8.278576442246106,10.114834111380528,11.2,2545.617186493383
3,34.607014785422336,-8.283320700538042,9.852076002488728,11.2,2546.111572418889
3,35.227829203614554,-8.29147478985678,9.467290633507,11.2,2546.6148271217976
3,35.72445383224368,-8.29977698148046,9.009471215747752,11.2,2547.1251764622584
3,35.97276614655824,-8.303928077292298,8.849405637238066,11.2,2547.639073121495
3,35.97276614655824,-8.303928077292298,9.19139195158769,11.2,2548.152969780732
3,35.97276614655824,-8.303928077292298,9.419203732148906,11.2,2548.6668664399685
3,35.97276614655824,-8.303928077292298,9.539606413622442,11.2,2549.1807630992053
3,36.34528028784902,-8.306151970559002,9.466547469855403,11.2,2549.6999813890316
3,36.593621160513436,-8.307931080945236,9.339474480559455,11.2,2550.2227474056103
3,36.96612892915584,-8.311044513764694,9.170752166883698,11.2,2550.750834961741
3,37.46278754432236,-8.316974785904486,8.850233854567191,11.2,2551.286017640946
3,37.711116851905615,-8.319939921974383,8.501830331571103,11.2,2551.8247478816875
3,37.83528610811975,-8.320977732914201,8.469245788095355,11.2,2552.3652519689463
3,37.83528610811975,-8.320977732914201,8.681001610544095,11.2,2552.905756056205
3,37.83528610811975,-8.320977732914201,8.907899043006179,11.2,2553.446260143464
3,37.959457488550015,-8.321719030669769,9.103740521937535,11.2,2553.988538107586
3,38.083630285131086,-8.322163811013967,9.071400251391225,11.2,2554.5325899688023
3,38.33197729444807,-8.322163811013967,8.911271449475931,11.2,2555.0801896444373
3,38.580323831713045,-8.32157076970961,8.640994162643018,11.2,2555.6313371277474
3,38.704496628294116,-8.321125989365411,8.248506170797006,11.2,2556.1842585081517
3,38.704496628294116,-8.321125989365411,8.280829717193711,11.2,2556.737179888556
3,38.704496628294116,-8.321125989365411,8.509385014086318,11.2,2557.2901012689604
3,38.704496628294116,-8.321125989365411,8.589926960720312,11.2,2557.8430226493647
3,38.4561522152594,-8.322312068592412,8.6365844108926,11.2,2558.39239625244
3,38.33197941867833,-8.32275684893661,8.6588060631905,11.2,2558.939995958421
3,38.33197941867833,-8.32275684893661,8.581400113402692,11.2,2559.4875956644023
3,38.33197941867833,-8.32275684893661,8.615115926946038,11.2,2560.0351953703835
3,38.33197941867833,-8.32275684893661,8.58576285585226,11.2,2560.5827950763646
3,38.33197941867833,-8.32275684893661,8.518496716527329,11.2,2561.130394782346
3,38.33197941867833,-8.32275684893661,8.427074920205055,11.2,2561.677994488327
3,38.33197941867833,-8.32275684893661,8.412303849274197,11.2,2562.225594194308
3,38.33197941867833,-8.32275684893661,8.332649583791172,11.2,2562.7731939002892
3,38.33197941867833,-8.32275684893661,8.230034787631515,11.2,2563.3207936062704
3,38.207805914019836,-8.32290510933315,8.19496737380217,11.2,2563.866619405042
3,38.207805914019836,-8.32290510933315,8.129088435700845,11.2,2564.4124452038136
3,38.207805914019836,-8.32290510933315,8.030254327917888,11.2,2564.958271002585
3,38.207805914019836,-8.32290510933315,7.927630990320429,11.2,2565.504096801357
3,38.207805914019836,-8.32290510933315,7.8391551885961785,11.2,2566.0499226001284
3,37.95945866867677,-8.322905109333151,7.716348956983819,11.2,2566.5922005811094
3,37.95945866867677,-8.322905109333151,7.577991543379426,11.2,2567.1344785620904
3,37.83528516401827,-8.322756848936612,7.457600906975188,11.2,2567.6749826358623
3,37.7111123674372,-8.322312068592414,7.41221482103752,11.2,2568.21371281254
3,37.46277173079281,-8.320532959897026,7.365072218892742,11.2,2568.7488952658373
3,37.338605306847995,-8.319198641690878,7.320607365151908,11.2,2569.282303913078
3,37.090283787894336,-8.315640515605224,7.274629124327925,11.2,2569.8121651100478
3,36.841982094175876,-8.31089647373809,7.441551217888287,11.2,2570.3384791399644
3,35.47635393226565,-8.283173676688873,7.779838431435805,11.2,2570.84528419614
3,34.483104675007404,-8.266569293441515,8.413328892972148,11.2,2571.3378999772112
3,33.1172766077503,-8.251891821072558,9.105490683768405,11.2,2571.8110039287503
3,31.130511862437025,-8.247147508673496,9.995207873581991,11.2,2572.255725526785
3,29.516286985126683,-8.256784361178386,10.879043840190885,11.2,2572.67738676943
3,28.026362119433227,-8.278133056823611,11.731929768512275,11.2,2573.0777633711364
3,26.164354301270247,-8.324829933252142,12.496843585928156,11.2,2573.4515398611547
3,25.792027075897916,-8.336836948260384,13.20256509348853,11.2,2573.8199973908104
3,24.303036740500445,-8.39375490070368,13.871425018503903,11.2,2574.1671836299606
3,24.054894337555304,-8.403833834045223,14.113722550711776,11.2,2574.51082497764
3,24.30308204640932,-8.394940116572334,13.826839075341407,11.2,2574.858011864017
3,24.799536753979503,-8.379523519082102,13.459780639700538,11.2,2575.2122909605023
3,25.54436324506952,-8.36173402148139,12.920345124453425,11.2,2575.577210435432
3,26.661822825671038,-8.34705674440258,12.365002210743915,11.2,2575.9580936186558
3,27.531030749567293,-8.343943287911188,11.654400104514595,11.2,2576.3513940579355
3,27.903548431237116,-8.345277626407492,10.933322773047877,11.2,2576.750016178382
3,29.39340107784205,-8.370183846216417,10.276601091836431,11.2,2577.169921908065
3,29.765804765038315,-8.3795232747585,9.897576147877716,11.2,2577.595147690423
3,29.765804765038315,-8.3795232747585,10.126802544571673,11.2,2578.0203734727806
3,29.765804765038315,-8.3795232747585,10.447686364297633,11.2,2578.4455992551384
3,29.889946407545114,-8.382339981351665,10.670859935383199,11.2,2578.872598489532
3,30.014094422264225,-8.384860235628867,10.82889031961055,11.2,2579.3013712669926
3,30.386555459262272,-8.391531598398664,10.876856277551337,11.2,2579.735464916411
3,30.386555459262272,-8.391531598398664,10.670754812949353,11.2,2580.169558565829
3,31.50393857025641,-8.41154568670806,10.406121537964118,11.2,2580.6196148311183
3,32.24880754193415,-8.42755656931916,10.051795373628757,11.2,2581.0803120817172
3,32.99359155243645,-8.447124681909468,9.514175429398172,11.2,2581.5516491038948
3,33.986572708538475,-8.475586795993275,9.077945677925744,11.2,2582.0371715711594
3,34.23483404537257,-8.482109500190044,8.59052324784504,11.2,2582.5262406289503
3,34.48312370259848,-8.48744646106041,8.743945528820628,11.2,2583.0188566818447
3,34.48312370259848,-8.48744646106041,9.007600735565081,11.2,2583.511472734739
3,34.48312370259848,-8.48744646106041,9.421941416762984,11.2,2584.0040887876335
3,34.60729295881262,-8.488484272000228,9.72443900955915,11.2,2584.498478687045
3,34.855633831477036,-8.490263382386463,9.943304351137384,11.2,2584.996416313209
3,35.228147972767815,-8.492487275653167,9.890812506118944,11.2,2585.4996755699626
3,36.097357548835305,-8.49560073806255,9.687657209932343,11.2,2586.0153521063744
3,36.71822153174065,-8.497824639783538,9.270230102162701,11.2,2586.5398981282565
3,37.835742713508274,-8.507164920488144,8.752606406775321,11.2,2587.0804087384495
3,38.332385751415586,-8.514281172659453,8.009955828850392,11.2,2587.628014249184
3,39.82219591372634,-8.542745423862259,7.325934176328792,11.2,2588.196902762237
3,40.31879930116326,-8.552233507596528,6.9073198045931266,11.2,2588.772885609397
3,40.44295793647847,-8.554160815818435,7.251614716083041,11.2,2589.3506421513466
3,40.318795052840024,-8.552529997954686,7.7133000580857844,11.2,2589.9266249378156
3,40.07045937268108,-8.550157868808718,7.9911754761049405,11.2,2590.499060071711
3,39.82211519566975,-8.548971790708952,8.129814617423802,11.2,2591.0679474316494
3,39.69794192703707,-8.549120050823685,8.243458986963295,11.2,2591.63506088775
3,39.57377054660681,-8.54986134857926,8.512626279658512,11.2,2592.2004004669875
3,39.69793980282095,-8.548823537639441,8.65218984785513,11.2,2592.767513892742
3,39.69793980282095,-8.548823537639441,8.69330926170875,11.2,2593.3346273184966
3,39.82210622676576,-8.547489219433292,8.64863933637882,11.2,2593.9035145503076
3,39.82210622676576,-8.547489219433292,8.537121672452598,11.2,2594.4724017821186
3,39.94626911040421,-8.545858401569538,8.437390687709133,11.2,2595.04306276941
3,39.94626911040421,-8.545858401569538,8.53837324090425,11.2,2595.6137237567013
3,40.07042774571942,-8.54393109334763,8.705186347371994,11.2,2596.186158438783
3,40.07042774571942,-8.54393109334763,8.742404595471804,11.2,2596.7585931208646
3,40.19458142471877,-8.541707305757697,8.681422209422928,11.2,2597.332801426932
3,40.31872943943788,-8.539187051480496,8.522729259114138,11.2,2597.9087832760665
3,40.31872943943788,-8.539187051480496,8.46464579302813,11.2,2598.484765125201
3,40.31872943943788,-8.539187051480496,8.470706349357984,11.2,2599.060746974336
3,40.31872943943788,-8.539187051480496,8.572209193590123,11.2,2599.6367288234705
3,40.19458142471877,-8.541707305757697,8.53407129345268,11.2,2600.210937129538
3,40.19458142471877,-8.541707305757697,8.433299754184182,11.2,2600.785145435605
3,40.19458142471877,-8.541707305757697,8.489605118607914,11.2,2601.3593537416723
3,40.19458142471877,-8.541707305757697,8.485127525926188,11.2,2601.9335620477395
3,40.19458142471877,-8.541707305757697,8.42706649542354,11.2,2602.507770353807
3,40.19458142471877,-8.541707305757697,8.322474814796092,11.2,2603.081978659874
3,40.19458142471877,-8.541707305757697,8.297557795271317,11.2,2603.6561869659413
3,40.19458142471877,-8.541707305757697,8.250838233353086,11.2,2604.2303952720085
3,40.19458142471877,-8.541707305757697,8.161521434056201,11.2,2604.804603578076
3,40.19458142471877,-8.541707305757697,8.076012115894056,11.2,2605.378811884143
3,40.07042774571942,-8.54393109334763,8.02545142091499,11.2,2605.9512465662247
3,40.07042774571942,-8.54393109334763,7.893371571403581,11.2,2606.5236812483063
3,40.07042774571942,-8.54393109334763,7.782261845869335,11.2,2607.096115930388
3,40.07042774571942,-8.54393109334763,7.660688509236653,11.2,2607.6685506124695
3,40.07042774571942,-8.54393109334763,7.537292121754534,11.2,2608.240985294551
3,39.94626911040421,-8.545858401569538,7.415527440940838,11.2,2608.8116462818425
3,39.6979473554487,-8.549416531036801,7.431377485249623,11.2,2609.378759815492
3,39.57378447181025,-8.551047348900555,7.4365265135521295,11.2,2609.9440995936607
3,39.07711311149235,-8.555791607192491,7.606429404081219,11.2,2610.502344066682
3,38.20791344848054,-8.560980691481506,7.927284091200464,11.2,2611.04817140166
3,37.21455090190297,-8.568097126263076,8.364272407612798,11.2,2611.5798078431158
3,36.345385934289276,-8.577437353706115,8.932069497274219,11.2,2612.099027642177
3,35.22791998154328,-8.592114714479898,9.522675465999562,11.2,2612.6022836419133
3,33.61392522239736,-8.621023898199077,10.131103790716951,11.2,2613.0824825736618
3,32.605014538191156,-8.621023898199077,10.699725572861992,11.2,2613.548268495636
3,32.23258961067075,-8.629474017978572,11.225831312004196,11.2,2614.0087340615028
3,30.494760252832055,-8.675132947355998,11.681960821158428,11.2,2614.4443734936863
3,29.998269674781042,-8.689364004397907,12.072758798093643,11.2,2614.872920203326
3,29.50177909673003,-8.703595061439817,12.417845868524525,11.2,2615.2943741904223
3,29.625913423176996,-8.700481924509837,12.390740969397074,11.2,2615.7176015250393
3,29.625913423176996,-8.700481924509837,12.065793714317541,11.2,2616.1408288596563
3,29.998373752210668,-8.693810574420796,11.71129439407326,11.2,2616.5693770561165
3,30.619204691872987,-8.687138996071262,11.343503766331182,11.2,2617.0067942660003
3,31.240068674782375,-8.686397698315687,10.775070666406197,11.2,2617.4530809613543
3,31.61258281607315,-8.688621591582391,10.109724692652588,11.2,2617.9046892872984
3,31.73675419650341,-8.689362889337959,9.845247319541501,11.2,2618.3580714901054
3,31.61258281607315,-8.688621591582391,10.229327640885842,11.2,2618.8096798160495
3,31.488413559859016,-8.687583780642573,10.542861127489154,11.2,2619.259514295476
3,31.488413559859016,-8.687583780642573,10.744394021232534,11.2,2619.7093487749025
3,31.488413559859016,-8.687583780642573,10.732685803357413,11.2,2620.159183254329
3,31.74064123091057,-8.687583780642573,10.547608249571919,11.2,2620.612620986199
3,32.113140502745004,-8.69158673526102,10.455078939681897,11.2,2621.0713801362385
3,32.361470046337516,-8.694551874148944,10.343847364378979,11.2,2621.5336868511863
3,32.85811308424483,-8.701668126320254,10.046429479691264,11.2,2622.0030884666753
3,33.23058899019047,-8.707450050985974,9.75243532328416,11.2,2622.477811166535
3,33.23058899019047,-8.707450050985974,9.521519322180668,11.2,2622.952533866395
3,33.23058899019047,-8.707450050985974,9.735701557340427,11.2,2623.4272565662545
3,33.23058899019047,-8.707450050985974,10.106069275033429,11.2,2623.9019792661143
3,33.47891074514598,-8.711008180453234,10.365366651120969,11.2,2624.3802494196166
3,33.72722305946054,-8.715159276265073,10.47833380075603,11.2,2624.8620668918948
3,34.22382691886348,-8.7246473690167,10.312093419628772,11.2,2625.3509787050216
3,34.72040623331531,-8.735321290757435,10.043530318956028,11.2,2625.8469845083546
3,35.34107904530908,-8.75088700499424,9.728786024857493,11.2,2626.351857066145
3,36.209905344490096,-8.776828678548132,9.334213879119467,11.2,2626.869141428209
3,37.20273924407215,-8.810032837211272,8.854208877252622,11.2,2627.4006091316955
3,37.45096659785724,-8.817741135956389,8.304151108680664,11.2,2627.9356229402365
3,37.575093372292585,-8.821150697305796,8.553266379191903,11.2,2628.472409988412
3,37.575093372292585,-8.821150697305796,8.825760623482397,11.2,2629.0091970365875
3,37.32677185333893,-8.817592571220143,9.23844436766403,11.2,2629.5424366344923
3,37.575101396931444,-8.820557710108067,9.510131617565213,11.2,2630.0792237973055
3,37.82343707709039,-8.822929839254035,9.406445883801918,11.2,2630.6195586126923
3,38.32011882241922,-8.826488060026506,9.214457210121221,11.2,2631.166988881584
3,38.69263296371,-8.82871195329321,8.949175699569903,11.2,2631.719740781066
3,39.437654873643176,-8.83404927937937,8.582906801416167,11.2,2632.283135850689
3,39.93431348880969,-8.839979551519162,8.109524180592125,11.2,2632.8536260433866
3,40.30680213972502,-8.844872005110407,7.688378409501406,11.2,2633.4294375025256
3,40.55513168331753,-8.847837143998332,8.113867344169538,11.2,2634.008796526573
3,40.55513168331753,-8.847837143998332,8.431658685160548,11.2,2634.5881555506203
3,40.67929810726235,-8.849171462204481,8.60566030413139,11.2,2635.169288380724
3,40.67929810726235,-8.849171462204481,8.654463401911997,11.2,2635.750421210828
3,40.803467363476486,-8.8502092731443,8.60062186331119,11.2,2636.333327887449
3,40.92763874390675,-8.850950570899867,8.452094533419444,11.2,2636.918008440933
3,41.05181154048782,-8.851395351244065,8.209551428857926,11.2,2637.5044628915116
3,41.300158549804806,-8.851395351244065,7.918040189492681,11.2,2638.0944651565087
3,41.300158549804806,-8.851395351244065,7.99456743352897,11.2,2638.684467421506
3,41.300158549804806,-8.851395351244065,8.178049027063114,11.2,2639.274469686503
3,41.300158549804806,-8.851395351244065,8.263834108811617,11.2,2639.8644719515
3,41.300158549804806,-8.851395351244065,8.219323404590861,11.2,2640.454474216497
3,41.300158549804806,-8.851395351244065,8.184485193975002,11.2,2641.0444764814943
3,41.300158549804806,-8.851395351244065,8.134594642284162,11.2,2641.6344787464914
3,41.300158549804806,-8.851395351244065,8.174353375296656,11.2,2642.2244810114885
3,41.300158549804806,-8.851395351244065,8.202304244735979,11.2,2642.8144832764856
3,41.300158549804806,-8.851395351244065,8.220791485482433,11.2,2643.4044855414827
3,41.300158549804806,-8.851395351244065,8.152345940095259,11.2,2643.99448780648
3,41.300158549804806,-8.851395351244065,8.036611120079115,11.2,2644.584490071477
3,41.300158549804806,-8.851395351244065,8.01595180088996,11.2,2645.174492336474
3,41.17598504514631,-8.851543611640604,8.0296400631319,11.2,2645.762720694262
3,41.17598504514631,-8.851543611640604,7.991390986289664,11.2,2646.35094905205
3,41.17598504514631,-8.851543611640604,7.882576276101852,11.2,2646.939177409838
3,41.17598504514631,-8.851543611640604,7.751617431423616,11.2,2647.527405767626
3,41.05181154048782,-8.851395351244065,7.7346263263589305,11.2,2648.1138602182045
3,40.927638035829325,-8.851247090847526,7.603224356154143,11.2,2648.6985407615734
3,40.927638035829325,-8.851247090847526,7.475465109671352,11.2,2649.2832213049423
3,40.80346453117083,-8.851098830450987,7.35788595416597,11.2,2649.866127941102
3,40.67929173458976,-8.850654050106789,7.295747116965516,11.2,2650.447260680168
3,40.43095109794537,-8.848874941411403,7.248965715063654,11.2,2651.024845695853
3,40.43095109794537,-8.848874941411403,7.223585410110699,11.2,2651.602430711538
3,39.934309476047545,-8.841758709529667,7.186019770055729,11.2,2652.17292084691
3,39.56186543189021,-8.834197946698062,7.169682814213138,11.2,2652.7380903530798
3,38.941125358294656,-8.821596675312055,7.474606571907865,11.2,2653.294392143913
3,38.07204960529921,-8.806030162182527,8.025791661281154,11.2,2653.8382785668455
3,36.45793518607251,-8.784829570251379,8.57445948062051,11.2,2654.359106212361
3,35.21623200285054,-8.775934026774443,9.392300998364323,11.2,2654.862195240973
3,33.72615419541315,-8.775934026774443,10.164022223392669,11.2,2655.3439974437647
3,33.10529729326186,-8.77964051555231,10.98638104058601,11.2,2655.81693026224
3,30.249681248580305,-8.8239680991115,11.825696604127009,11.2,2656.2490685657913
3,29.132542402095062,-8.854654092928932,12.611395795365528,11.2,2656.665247742964
3,28.387917685091097,-8.879557188258685,13.371390589410803,11.2,2657.0707894241796
3,28.1397297403624,-8.888450914184055,13.671441209328805,11.2,2657.4727855633278
3,28.263828904239613,-8.884152220743552,13.317049477903838,11.2,2657.876554547674
3,28.512056258024707,-8.876443921998435,12.961451483248345,11.2,2658.2838696370745
3,29.13272789025954,-8.860878237348535,12.400871461564469,11.2,2658.700051464078
3,30.126006414034293,-8.846645841216851,11.842920286159226,11.2,2659.1304229842785
3,30.87104319352677,-8.844866724067195,11.112704532443482,11.2,2659.5714378870434
3,31.616062979282187,-8.850204034935794,10.418640014649968,11.2,2660.0230959296046
3,31.864398659441136,-8.852576164081762,10.018483396537132,11.2,2660.4783016247393
3,31.864398659441136,-8.852576164081762,10.333906570403348,11.2,2660.933507319874
3,31.864398659441136,-8.852576164081762,10.598645524680826,11.2,2661.3887130150088
3,31.864398659441136,-8.852576164081762,10.778009049017134,11.2,2661.8439187101435
3,31.864398659441136,-8.852576164081762,11.013182212723517,11.2,2662.2991244052782
3,32.1103206387164,-8.852576164081762,11.036518272107585,11.2,2662.7578432715454
3,32.23448989493054,-8.853613975021581,10.99685725985886,11.2,2663.21833598433
3,32.855322014654604,-8.860285566052323,10.912654092045075,11.2,2663.687697727397
3,33.47613643284682,-8.868439655371061,10.599340728139042,11.2,2664.1659282478663
3,34.593517419947844,-8.888453705638184,10.232436492500671,11.2,2664.6601213538656
3,35.58662223957007,-8.912173103400288,9.70967136300146,11.2,2665.1685016715737
3,36.455448538751085,-8.93811477695418,9.12313759091837,11.2,2665.689293793556
3,37.200011665313134,-8.964795929372826,8.423320385713524,11.2,2666.220722531632
3,37.944574791875176,-8.991477081791473,7.7204140590416515,11.2,2666.7627878858016
3,38.19281913718477,-8.998592583262415,7.951902875240824,11.2,2667.3083995877614
3,37.94452947995886,-8.993255622392049,8.197518267780785,11.2,2667.850464294618
3,37.820371080641195,-8.991328317833519,8.476792153363995,11.2,2668.3907553100557
3,37.57203540048225,-8.98895618868755,8.89912887648983,11.2,2668.9274986729197
3,37.69620678091251,-8.989697486443118,9.195836121289453,11.2,2669.466015912647
3,37.82037957749358,-8.990142266787316,9.38029583711177,11.2,2670.0063070494684
3,37.82037957749358,-8.990142266787316,9.461685060044378,11.2,2670.54659818629
3,38.44124710078606,-8.990883568770014,9.276504856798253,11.2,2671.095758859158
3,38.93794159147219,-8.99088356877001,8.985898901160498,11.2,2671.6520151676077
3,39.68298049519088,-8.992662690992223,8.622571122844096,11.2,2672.2189148889674
3,40.17966176847967,-8.996220908382996,8.171911034051336,11.2,2672.7929100570886
3,40.17966176847967,-8.996220908382996,8.03612116007677,11.2,2673.36690522521
3,40.30383456506074,-8.996665688727195,8.454085796422524,11.2,2673.942674290425
3,40.30383456506074,-8.996665688727195,8.730027154460087,11.2,2674.5184433556406
3,40.30383456506074,-8.996665688727195,8.891619908267073,11.2,2675.094212420856
3,40.30383456506074,-8.996665688727195,8.961478602553342,11.2,2675.6699814860713
3,40.67635507903623,-8.996220907537575,8.857527271627601,11.2,2676.251072272915
3,41.048875593011715,-8.996665688727195,8.569563740530699,11.2,2676.8374847813866
3,41.42139398275493,-8.998000029759787,8.136187717837071,11.2,2677.4292189811404
3,41.54556725138761,-8.99814828987452,7.645837650577831,11.2,2678.0227270847317
3,41.66974004796868,-8.997703509530321,7.9475608677732765,11.2,2678.618009085417
3,41.421395634933965,-8.998889588757322,8.264466987912877,11.2,2679.209743308773
3,41.2972242545037,-8.999630886512897,8.491816441891135,11.2,2679.7997036552656
3,41.2972242545037,-8.999630886512897,8.618607742354184,11.2,2680.3896640017583
3,41.2972242545037,-8.999630886512897,8.607421681209814,11.2,2680.979624348251
3,41.42139351071784,-8.998593075573078,8.492341674810167,11.2,2681.5713585412614
3,41.42139351071784,-8.998593075573078,8.312455843735524,11.2,2682.1630927342717
3,41.42139351071784,-8.998593075573078,8.21840573157455,11.2,2682.754826927282
3,41.42139351071784,-8.998593075573078,8.067336428139559,11.2,2683.3465611202923
3,41.42139351071784,-8.998593075573078,8.223240981901528,11.2,2683.9382953133027
3,41.42139351071784,-8.998593075573078,8.264146084430633,11.2,2684.530029506313
3,41.42139351071784,-8.998593075573078,8.3155564327073,11.2,2685.1217636993233
3,41.42139351071784,-8.998593075573078,8.274606094892178,11.2,2685.7134978923336
3,41.42139351071784,-8.998593075573078,8.154388912168514,11.2,2686.305232085344
3,41.42139351071784,-8.998593075573078,8.009532942834776,11.2,2686.8969662783543
3,41.42139351071784,-8.998593075573078,7.927732601907686,11.2,2687.4887004713646
3,41.42139351071784,-8.998593075573078,7.944126066088182,11.2,2688.080434664375
3,41.2972242545037,-8.999630886512897,8.0142850540381,11.2,2688.6703950108677
3,41.17305287407344,-9.000372184268471,8.051088526116605,11.2,2689.2585814804975
3,41.04888007749237,-9.00081696461267,7.953924451331161,11.2,2689.844994053033
3,41.04888007749237,-9.00081696461267,7.820181930857605,11.2,2690.431406625569
3,40.92470657283388,-9.000965225009208,7.733707240299523,11.2,2691.016045290895
3,40.92470657283388,-9.000965225009208,7.706023651426277,11.2,2691.600683956221
3,40.55218605885839,-9.001410006198828,7.653575715726659,11.2,2692.180000899919
3,40.05549298432845,-9.002596088807543,7.950517617530451,11.2,2692.7522222282664
3,39.80714644706348,-9.0031891301119,8.217771793069467,11.2,2693.3208957489387
3,38.56544680413779,-9.012084648226248,8.616360436229556,11.2,2693.8718307032836
3,37.944632385945575,-9.020238737545016,9.04581204602268,11.2,2694.413896880226
3,36.70312745709439,-9.043958879250532,9.45866293228821,11.2,2694.93822727247
3,35.8341855203031,-9.065750879182058,9.986948045848811,11.2,2695.4501442084743
3,35.08945036101412,-9.087097444457406,10.454530376516086,11.2,2695.9514220707747
3,33.97256000907975,-9.125785611884313,10.87129674553219,11.2,2696.436744356619
3,33.35217391666256,-9.150242253994087,11.202065310646768,11.2,2696.9132039839997
3,33.09994624561101,-9.150242253994087,11.51806758647115,11.2,2697.386060358937
3,33.22404470183552,-9.145943585066094,11.575548540980362,11.2,2697.860689568963
3,33.34817902828248,-9.142830448136115,11.269016774178153,11.2,2698.33709212651
3,33.72063935731615,-9.136159098047074,10.925100696696395,11.2,2698.8188155459
3,34.21730930154381,-9.131414853281779,10.443810557008602,11.2,2699.307634250208
3,34.714001904022936,-9.131414853281779,10.154163343748142,11.2,2699.8035485631226
3,34.714001904022936,-9.131414853281779,9.878007012823055,11.2,2700.299462876037
3,34.714001904022936,-9.131414853281779,10.125659384301382,11.2,2700.7953771889515
3,34.714001904022936,-9.131414853281779,10.38441997164426,11.2,2701.291291501866
3,34.589830523592674,-9.130673555526212,10.544050321207227,11.2,2701.785431937917
3,34.714001904022936,-9.131414853281779,10.615073312168258,11.2,2702.2813462508316
3,34.714001904022936,-9.131414853281779,10.576150887205504,11.2,2702.777260563746
3,35.21069073009236,-9.133787011735775,10.465168544967103,11.2,2703.280270431319
3,35.459035143127075,-9.134973090962774,10.300769478234333,11.2,2703.786828076221
3,35.95571641641586,-9.138531308353548,10.09844244395188,11.2,2704.300481167884
3,36.70070433916563,-9.147426716563237,9.772215366563094,11.2,2704.8247769441577
3,36.824862974480844,-9.149354024785143,9.460235620067818,11.2,2705.350846415222
3,37.07317552478851,-9.153505124542136,9.240624757796096,11.2,2705.880463208433
3,37.19733416010372,-9.155432432764043,9.457042629141053,11.2,2706.4118536964343
3,37.19733416010372,-9.155432432764043,9.846430824141502,11.2,2706.9432441844356
3,37.445655915059234,-9.158990562231303,10.141114956750004,11.2,2707.4781821260794
3,37.693977670014746,-9.162548691698563,10.22916040471234,11.2,2708.0166675213654
3,37.942306977598,-9.165513827768459,10.090301734608458,11.2,2708.5587004781883
3,38.31481474624041,-9.168627260587916,9.90557080078401,11.2,2709.106054974563
3,39.183999539739354,-9.17589193716665,9.664517836160629,11.2,2709.665826396559
3,40.17731677007238,-9.187752481446235,9.21404892513177,11.2,2710.239788064703
3,41.04639087115095,-9.203318964987332,8.603009339350479,11.2,2710.8261650771483
3,41.791260550743395,-9.219329862814984,7.922090350559952,11.2,2711.4231830850163
3,42.16372087977707,-9.226001212904025,7.542702168751592,11.2,2712.0255219547275
3,42.536209530692396,-9.23089366649527,7.892666612589368,11.2,2712.6331820908804
3,42.536209530692396,-9.23089366649527,8.165369317087457,11.2,2713.240842227033
3,42.536209530692396,-9.23089366649527,8.311260136033354,11.2,2713.848502363186
3,42.536209530692396,-9.23089366649527,8.325114812866653,11.2,2714.456162499339
3,42.66038091112266,-9.231634964250837,8.446405435982527,11.2,2715.065596512355
3,42.66038091112266,-9.231634964250837,8.43960647672902,11.2,2715.6750305253713
3,42.78455370770373,-9.232079744595035,8.316727243443648,11.2,2716.286238435481
3,42.90872721236222,-9.232228004991574,8.15205137048132,11.2,2716.8992202528007
3,43.032900717020716,-9.232079744595035,8.305250132287203,11.2,2717.5139759773297
3,43.032900717020716,-9.232079744595035,8.399645830983054,11.2,2718.1287317018587
3,43.032900717020716,-9.232079744595035,8.39348844398646,11.2,2718.7434874263877
3,43.15707351360179,-9.231634964250837,8.366490024265872,11.2,2719.3600170480104
3,43.28124489403205,-9.230893666495263,8.331690599185272,11.2,2719.9783205464964
3,43.28124489403205,-9.230893666495263,8.279335878917687,11.2,2720.5966240449825
3,43.40541415024619,-9.229855855555444,8.422342144111989,11.2,2721.216701389986
3,43.529580574191,-9.228521537349295,8.48022313941705,11.2,2721.838552541046
3,43.529580574191,-9.228521537349295,8.443968331714354,11.2,2722.4604036921055
3,43.529580574191,-9.228521537349295,8.32989155562832,11.2,2723.082254843165
3,43.529580574191,-9.228521537349295,8.222187238666754,11.2,2723.704105994225
3,43.529580574191,-9.228521537349295,8.340498936941199,11.2,2724.3259571452845
3,43.529580574191,-9.228521537349295,8.39041007755808,11.2,2724.947808296344
3,43.529580574191,-9.228521537349295,8.314827875511584,11.2,2725.569659447404
3,43.529580574191,-9.228521537349295,8.238501149506927,11.2,2726.1915105984635
3,43.529580574191,-9.228521537349295,8.280164946466211,11.2,2726.813361749523
3,43.529580574191,-9.228521537349295,8.283635344314563,11.2,2727.435212900583
3,43.40541415024619,-9.229855855555442,8.234630446427227,11.2,2728.0552902455865
3,43.40541415024619,-9.229855855555442,8.122100958761262,11.2,2728.67536759059
3,43.40541415024619,-9.229855855555442,8.116259716253584,11.2,2729.295444935594
3,43.40541415024619,-9.229855855555442,8.04403486386474,11.2,2729.9155222805975
3,43.40541415024619,-9.229855855555442,7.944432677083845,11.2,2730.535599625601
3,43.40541415024619,-9.229855855555442,7.867587476576817,11.2,2731.155676970605
3,43.40541415024619,-9.229855855555442,7.7710011596352215,11.2,2731.7757543156085
3,43.40541415024619,-9.229855855555442,7.637010982621445,11.2,2732.395831660612
3,43.40541415024619,-9.229855855555442,7.537875055255226,11.2,2733.015909005616
3,43.40541415024619,-9.229855855555442,7.404836957379666,11.2,2733.6359863506195
3,43.40541415024619,-9.229855855555442,7.281976126133171,11.2,2734.256063695623
3,43.28124489403205,-9.23089366649526,7.205820870339883,11.2,2734.8743671941093
3,43.03290071702072,-9.232079744595032,7.207083983265229,11.2,2735.4891229186383
3,42.784553707703736,-9.232079744595032,7.183210096899401,11.2,2736.100330828748
3,42.41203531796052,-9.23074540356244,7.265047913896754,11.2,2736.706217047576
3,41.791178415809235,-9.2270389147846,7.506314017387641,11.2,2737.3032338820876
3,41.170321513657946,-9.223332426006762,7.806909231585748,11.2,2737.891381332283
3,39.92859944848438,-9.21740202987177,8.245182664261185,11.2,2738.4617898958327
3,38.562693493524826,-9.215771168609713,8.77922879198908,11.2,2739.012685517169
3,37.19679273113306,-9.220663752395886,9.399750946849775,11.2,2739.5440682704707
3,35.95511787056393,-9.232524364309123,10.12067904879851,11.2,2740.0577128114787
3,34.71355629899112,-9.253279843368322,10.879754335304948,11.2,2740.5536207586074
3,33.22381835563565,-9.285301608590522,11.562274199839884,11.2,2741.0282467351167
3,32.23077300829925,-9.311392425377623,12.165648439590102,11.2,2741.488686349521
3,31.72631766619615,-9.311392425377623,12.73803031710336,11.2,2741.9419194590378
3,31.47805632936205,-9.317915129574398,13.047149710928162,11.2,2742.3916059780286
3,31.60219797186885,-9.315098422981233,12.77595697248058,11.2,2742.8430659490555
3,31.974658300902522,-9.308427072892192,12.375375444709395,11.2,2743.2998467819257
3,32.719663217244,-9.30131070574425,11.949715302259726,11.2,2743.767270542172
3,33.34052956040743,-9.300569405170586,11.33577692302448,11.2,2744.243563821606
3,34.08554934616285,-9.305906716039186,10.696461495916244,11.2,2744.730500240837
3,34.706341342751195,-9.31554323883183,10.182290490476067,11.2,2745.226305117162
3,34.706341342751195,-9.31554323883183,9.94019187327743,11.2,2745.7221099934873
3,34.830495021750544,-9.317767026421762,10.294780534042244,11.2,2746.219688493798
3,34.70633638643533,-9.315839718199856,10.560516241999604,11.2,2746.7154932993185
3,34.70633638643533,-9.315839718199856,10.73862774408078,11.2,2747.211298104839
3,34.954672302609595,-9.318211849600265,10.840839250774124,11.2,2747.710650566305
3,35.07884155882373,-9.319249660540084,10.663765476953985,11.2,2748.2117768742883
3,35.203012939253995,-9.319990958295651,10.438023884850645,11.2,2748.714677059135
3,35.45135924049356,-9.320583999036389,10.164192724475647,11.2,2749.2211250482846
3,35.57553274515205,-9.32043573863985,10.046345070819468,11.2,2749.729346944644
3,36.19640026844453,-9.319694436657151,10.112214268403886,11.2,2750.2464383770503
3,36.693087206328485,-9.322066586093275,10.18858088733656,11.2,2750.7706253371407
3,37.189745821495,-9.327996858233067,9.962329587404508,11.2,2751.301907420305
3,38.0588562687015,-9.341488015786416,9.606625082342038,11.2,2751.8456053670006
3,38.679595162410266,-9.354089263220247,9.184536447045286,11.2,2752.398171012178
3,39.672640509746664,-9.380180080007325,8.687495590109966,11.2,2752.96492301946
3,40.541402384292034,-9.40819639510709,8.207737135745539,11.2,2753.5440859106643
3,40.913728901954336,-9.420203387292705,7.78206505479342,11.2,2754.128567752121
3,41.03785567638968,-9.423612948642113,8.10700426843025,11.2,2754.714822833212
3,40.913721113990924,-9.420499805794751,8.369327200669924,11.2,2755.299304563412
3,40.913721113990924,-9.420499805794751,8.57974492279413,11.2,2755.883786293612
3,41.162033428305485,-9.42465090160659,8.685774286955365,11.2,2756.471815342588
3,41.162033428305485,-9.42465090160659,8.729508570722157,11.2,2757.0598443915637
3,41.41036273588874,-9.427616037676486,8.678733165113927,11.2,2757.6514210020764
3,41.53453199210288,-9.428653848616305,8.53397460916062,11.2,2758.2447714591062
3,41.7828761691142,-9.42983992671607,8.29480954040654,11.2,2758.8416696900936
3,41.9070496737727,-9.42998818711261,8.094163590871887,11.2,2759.4403418282905
3,42.03122317843119,-9.42983992671607,8.270565956362807,11.2,2760.0407878736964
3,42.03122317843119,-9.42983992671607,8.482401126247895,11.2,2760.6412339191024
3,42.03122317843119,-9.42983992671607,8.571683339369367,11.2,2761.2416799645084
3,42.03122317843119,-9.42983992671607,8.550499267706927,11.2,2761.8421260099144
3,42.03122317843119,-9.42983992671607,8.504023236341324,11.2,2762.4425720553204
3,42.03122317843119,-9.42983992671607,8.416971908264335,11.2,2763.0430181007264
3,42.15539597501226,-9.429395146371872,8.538100067970733,11.2,2763.6452380432265
3,42.15539597501226,-9.429395146371872,8.613898779166778,11.2,2764.2474579857267
3,42.15539597501226,-9.429395146371872,8.580114668461068,11.2,2764.849677928227
3,42.15539597501226,-9.429395146371872,8.453160828705853,11.2,2765.451897870727
3,42.15539597501226,-9.429395146371872,8.415194114226814,11.2,2766.054117813227
3,42.15539597501226,-9.429395146371872,8.530250006048382,11.2,2766.6563377557272
3,42.15539597501226,-9.429395146371872,8.548596040963417,11.2,2767.2585576982274
3,42.15539597501226,-9.429395146371872,8.43552509970209,11.2,2767.8607776407275
3,42.15539597501226,-9.429395146371872,8.443008298118086,11.2,2768.4629975832277
3,42.15539597501226,-9.429395146371872,8.399630929158066,11.2,2769.065217525728
3,42.15539597501226,-9.429395146371872,8.326409544164228,11.2,2769.667437468228
3,42.15539597501226,-9.429395146371872,8.312511011253337,11.2,2770.269657410728
3,42.15539597501226,-9.429395146371872,8.246994067271823,11.2,2770.8718773532282
3,42.03122317843119,-9.42983992671607,8.20693887013836,11.2,2771.472323398634
3,42.03122317843119,-9.42983992671607,8.157496055680234,11.2,2772.07276944404
3,42.03122317843119,-9.42983992671607,8.084367375153528,11.2,2772.673215489446
3,42.03122317843119,-9.42983992671607,8.019663471088979,11.2,2773.273661534852
3,41.9070496737727,-9.42998818711261,7.929374603395268,11.2,2773.872333673049
3,41.9070496737727,-9.42998818711261,7.823411247813483,11.2,2774.471005811246
3,41.9070496737727,-9.42998818711261,7.711889833088933,11.2,2775.069677949443
3,41.7828761691142,-9.42983992671607,7.630330742517504,11.2,2775.66657618043
3,41.65870337253313,-9.429395146371872,7.606113901031508,11.2,2776.2617005143234
3,41.53453199210287,-9.428653848616305,7.516482200769524,11.2,2776.855050971353
3,41.41036273588873,-9.427616037676486,7.4826297241936,11.2,2777.446627581866
3,41.28619631194392,-9.426281719470339,7.327117119848283,11.2,2778.036430386322
3,41.16203342830547,-9.42465090160659,7.353218620414578,11.2,2778.624459435298
3,40.41706816343894,-9.413976513204808,7.526027329172708,11.2,2779.201846123347
3,39.79625374524672,-9.40582242388607,7.756097992512199,11.2,2779.7703640339932
3,38.927088777633024,-9.396482196443031,8.17388476238525,11.2,2780.326465302245
3,37.43702796398115,-9.389365748134658,8.720313959474737,11.2,2780.861279987445
3,36.44364275902289,-9.391737911097607,9.358042164097354,11.2,2781.381903455431
3,35.822785856871604,-9.395444399875474,9.975538474592678,11.2,2781.8936575391003
3,33.836157060421186,-9.419165420801987,10.651050325762805,11.2,2782.377031211392
3,32.34642336454914,-9.451187094724968,11.230971942029626,11.2,2782.8391229737426
3,31.477535943501724,-9.475054024170866,11.78680836024555,11.2,2783.2888020586497
3,30.608707992874855,-9.500995747034114,12.286681381604806,11.2,2783.726069315691
3,30.104252650771752,-9.500995747034114,12.75249482316728,11.2,2784.156130067845
3,29.980134372110772,-9.50470170744315,13.014258194504716,11.2,2784.5844177017325
3,29.980134372110772,-9.50470170744315,12.786080587051972,11.2,2785.01270533562
3,30.228379661136277,-9.497586178922196,12.527252079502924,11.2,2785.444539330779
3,31.221530738969044,-9.476238497750222,12.21393788002435,11.2,2785.8905611984787
3,31.842361678631367,-9.469566919400686,11.641641186292714,11.2,2786.345452079602
3,32.71156960252762,-9.466453462909294,11.052400859957755,11.2,2786.812760216781
3,33.5807643090879,-9.471642517608476,10.41894640235573,11.2,2787.2924854211965
3,34.44987310431157,-9.48513364951818,9.707483349519093,11.2,2787.7846264655436
3,34.57402678331092,-9.487357437108113,9.320006464892396,11.2,2788.278541133877
3,34.57402678331092,-9.487357437108113,9.539251211597128,11.2,2788.77245580221
3,34.57402678331092,-9.487357437108113,9.883690774691631,11.2,2789.2663704705433
3,34.20155087736528,-9.481575512442392,10.220223309926215,11.2,2789.7549640545058
3,34.20155087736528,-9.481575512442392,10.471854265525806,11.2,2790.2435576384682
3,34.325713761003726,-9.483206330306139,10.451899999089761,11.2,2790.733924977911
3,34.82237284818875,-9.489136608081989,10.290292934951166,11.2,2791.231387447171
3,35.19487212002319,-9.493139562700435,10.076305190899435,11.2,2791.7341713346
3,35.69153073518971,-9.499069834840228,9.80475637200072,11.2,2792.2440503451026
3,36.188174245100726,-9.50618609377475,9.515303691580401,11.2,2792.76102426289
3,36.68483286026724,-9.512116365914542,9.278506086606805,11.2,2793.2850933037507
3,36.80900211648138,-9.51315417685436,9.165029833995968,11.2,2793.8109361911293
3,36.80900211648138,-9.51315417685436,9.482923341332116,11.2,2794.336779078508
3,36.93317349691164,-9.513895474609928,9.803686360452705,11.2,2794.864395842749
3,37.181514133556036,-9.515674583305316,10.057104928603442,11.2,2795.3955603303716
3,37.55402190219844,-9.518788016124773,9.981430236857975,11.2,2795.932046357546
3,38.17486818326912,-9.523977070823868,9.733730221626194,11.2,2796.477401617307
3,38.79570030299318,-9.53064866185461,9.418535973536601,11.2,2797.0316259073497
3,40.037307897761465,-9.548439292282884,8.99790360623947,11.2,2797.603587448746
3,40.782212978916846,-9.562671417884287,8.406918608983041,11.2,2798.186190491302
3,41.77531779853907,-9.586390815646391,7.711398248024859,11.2,2798.782980745567
3,42.02359400344463,-9.592320665086916,7.1300084780498185,11.2,2799.383317802759
3,42.27189569716309,-9.59706470695405,7.598066108960262,11.2,2799.987202027004
3,42.14774201816374,-9.594840919364117,7.923903221425444,11.2,2800.5893126272636
3,42.27189569716309,-9.59706470695405,8.116867042776871,11.2,2801.1931968515087
3,42.27189569716309,-9.59706470695405,8.184690487795681,11.2,2801.797081075754
3,42.3960543324783,-9.598992015175957,8.148914620995598,11.2,2802.402738994789
3,42.3960543324783,-9.598992015175957,8.13148901613219,11.2,2803.0083969138245
3,42.52021721611675,-9.600622833039704,8.00340131051566,11.2,2803.6158285883403
3,42.64438364006156,-9.601957151245852,7.816623048952915,11.2,2804.2250340689125
3,42.64438364006156,-9.601957151245852,7.953757285534704,11.2,2804.8342395494847
3,42.64438364006156,-9.601957151245852,8.049662292266152,11.2,2805.443445030057
3,42.64438364006156,-9.601957151245852,8.12352068700403,11.2,2806.052650510629
3,42.64438364006156,-9.601957151245852,8.14829154200855,11.2,2806.6618559912013
3,42.7685528962757,-9.60299496218567,8.077448667156467,11.2,2807.272835318291
3,42.7685528962757,-9.60299496218567,7.983885285021778,11.2,2807.883814645381
3,42.64438364006156,-9.601957151245852,7.976986664897321,11.2,2808.493020125953
3,42.64438364006156,-9.601957151245852,8.0848761505928,11.2,2809.1022256065253
3,42.64438364006156,-9.601957151245852,8.096804103961345,11.2,2809.7114310870975
3,42.64438364006156,-9.601957151245852,8.068844630820292,11.2,2810.3206365676697
3,42.64438364006156,-9.601957151245852,7.981178610525128,11.2,2810.929842048242
3,42.64438364006156,-9.601957151245852,7.851588872428039,11.2,2811.539047528814
3,42.64438364006156,-9.601957151245852,7.871837779640867,11.2,2812.1482530093863
3,42.52021721611675,-9.600622833039704,7.834164263363099,11.2,2812.755684683902
3,42.52021721611675,-9.600622833039704,7.759518989974304,11.2,2813.3631163584178
3,42.396050792171934,-9.599288514833557,7.630540997208479,11.2,2813.9687742268775
3,42.396050792171934,-9.599288514833557,7.5764237495166284,11.2,2814.574432095337
3,42.396050792171934,-9.599288514833557,7.455466330812271,11.2,2815.180089963797
3,42.27188436822712,-9.59795419662741,7.39128150716936,11.2,2815.7839740262
3,42.27188436822712,-9.59795419662741,7.376211150101548,11.2,2816.3878580886035
3,41.7752252810421,-9.59202391885156,7.505912342487273,11.2,2816.9846470211896
3,41.402726009207655,-9.588020964233113,7.704835843313113,11.2,2817.576114535607
3,40.53352799834824,-9.582831889807416,8.043765325255267,11.2,2818.1551649355833
3,39.664315117919436,-9.583869710610543,8.396258673015163,11.2,2818.7217980086966
3,38.795131976544624,-9.591134373380806,8.89197275918571,11.2,2819.2760141797903
3,37.80188555120039,-9.607738709286394,9.372488558852414,11.2,2819.816041116236
3,36.43640796028376,-9.641983215516175,9.947261323505144,11.2,2820.3365612299544
3,36.06405312430081,-9.653101096743281,10.481094020703747,11.2,2820.851761988873
3,34.450911238300314,-9.712836068534614,11.013429170606827,11.2,2821.343917863706
3,33.70663692702471,-9.746627826486195,11.479339916134439,11.2,2821.8254412483775
3,33.08651273736136,-9.777009077321715,11.894859226976438,11.2,2822.298105716054
3,32.838448905317044,-9.78886539497019,12.245714916048074,11.2,2822.7672264147013
3,32.838448905317044,-9.78886539497019,12.09587169604284,11.2,2823.2363471133485
3,32.962487899428695,-9.783085327488813,11.87468805479188,11.2,2823.7072397976262
3,33.08652689354034,-9.777305260007438,11.56398402335896,11.2,2824.179904467534
3,33.21057933652056,-9.771821408171615,11.445307025167702,11.2,2824.6543413151985
3,33.5828102844425,-9.757147450797687,11.343287319598028,11.2,2825.1340957478333
3,34.2033981389389,-9.738617754415298,11.18447663004578,11.2,2825.6227157212465
3,34.69997745339073,-9.727943832674553,10.721203976157323,11.2,2826.1184296848664
3,35.19660208201986,-9.719641641050874,10.53317774412609,11.2,2826.621238286038
3,35.693260697186375,-9.713711368911069,10.288357401278214,11.2,2827.1311420102834
3,36.438291104012315,-9.710153144756873,9.965482033059356,11.2,2827.651689026055
3,36.81080878568214,-9.711487483253178,9.57449929661929,11.2,2828.1775577229932
3,37.67994401503888,-9.722903143203355,9.23383528926296,11.2,2828.715842637494
3,37.92824594474035,-9.72764718957917,9.03023617187992,11.2,2829.257674722419
3,38.052399623739696,-9.729870977169103,9.204369390871102,11.2,2829.8012804313294
3,37.928240988424484,-9.727943668947196,9.560005682452257,11.2,2830.3431124454496
3,37.928240988424484,-9.727943668947196,9.798317985591611,11.2,2830.88494445957
3,37.928240988424484,-9.727943668947196,9.955696635600876,11.2,2831.42677647369
3,38.1765854014592,-9.729129748174195,9.96848068728577,11.2,2831.9721562651393
3,38.30075819804027,-9.729574528518393,9.817271251884197,11.2,2832.5193099536828
3,38.67327800393833,-9.729129748174195,9.599160507424816,11.2,2833.071785353739
3,38.92161864058272,-9.727350639478802,9.392437952447349,11.2,2833.6278084771757
3,39.045785064527536,-9.726016321272652,9.32698572799291,11.2,2834.185605406669
3,39.41828433636198,-9.722013366654206,9.449284854212587,11.2,2834.748723754331
3,39.914965609650764,-9.71845514926342,9.538745945139247,11.2,2835.3189375487545
3,40.53582959255611,-9.716231247542432,9.505257414536398,11.2,2835.898020828648
3,41.03252266708605,-9.715045164933716,9.2548533197377,11.2,2836.4841997238923
3,41.40504318106154,-9.714600383744097,8.834871382206325,11.2,2837.075700340765
3,42.52259622607101,-9.718603399233013,8.447475601704548,11.2,2837.683166001137
3,43.64005580667252,-9.733280676311812,7.936245240420257,11.2,2838.3065953698037
3,44.13663512112435,-9.743954598052547,7.506762977574074,11.2,2838.937118728677
3,44.38492477835026,-9.749291558922913,7.160459682497959,11.2,2839.5711890826533
3,44.50907845734961,-9.751515346512846,7.547755585479735,11.2,2840.2070330606152
3,44.3849198220344,-9.74958803829094,7.8218726777148735,11.2,2840.841103343787
3,44.3849198220344,-9.74958803829094,7.972594058626469,11.2,2841.4751736269586
3,44.3849198220344,-9.74958803829094,7.9874283581900825,11.2,2842.1092439101303
3,44.63324912961765,-9.752553174360836,7.873963057034286,11.2,2842.7468617548393
3,44.75741838583179,-9.753590985300654,7.655308990880884,11.2,2843.3862534460654
3,44.75741838583179,-9.753590985300654,7.33233002211068,11.2,2844.0256451372916
3,44.75741838583179,-9.753590985300654,7.470243597526918,11.2,2844.6650368285177
3,44.75741838583179,-9.753590985300654,7.637671074648895,11.2,2845.304428519744
3,44.63324912961765,-9.752553174360836,7.651330015146294,11.2,2845.942046364453
3,44.63324912961765,-9.752553174360836,7.543876502000374,11.2,2846.579664209162
3,44.63324912961765,-9.752553174360836,7.523348141754008,11.2,2847.217282053871
3,44.63324912961765,-9.752553174360836,7.529687201491894,11.2,2847.85489989858
3,44.63324912961765,-9.752553174360836,7.496323765487532,11.2,2848.4925177432888
3,44.50908270567284,-9.751218856154686,7.451687497867882,11.2,2849.1283617819413
3,44.50908270567284,-9.751218856154686,7.360254284919678,11.2,2849.764205820594
3,44.50908270567284,-9.751218856154686,7.261123600198771,11.2,2850.4000498592463
3,44.50908270567284,-9.751218856154686,7.149033524709418,11.2,2851.035893897899
3,44.50908270567284,-9.751218856154686,7.009831080142954,11.2,2851.6717379365514
3,44.50908270567284,-9.751218856154686,6.859056218352643,11.2,2852.307581975204
3,44.384916281728025,-9.749884537948539,6.6808730070131235,11.2,2852.9416522078
3,44.384916281728025,-9.749884537948539,6.5306185455040975,11.2,2853.575722440396
3,44.26074985778321,-9.748550219742391,6.465337017828702,11.2,2854.2080188669356
3,43.63991773805915,-9.74187862871165,6.713112270664815,11.2,2854.831446263194
3,42.52239443213193,-9.732538330253279,7.005244997826016,11.2,2855.438909040796
3,41.52901772408662,-9.727794017854217,7.52491688159745,11.2,2856.0321807225687
3,40.16311176912707,-9.729424879116275,8.251895752063371,11.2,2856.6059394621275
3,38.17643199221647,-9.748401858177454,9.055454282329062,11.2,2857.1513170620165
3,36.562437233070554,-9.777311041896633,9.945282858598567,11.2,2857.6736375939176
3,34.94869098925999,-9.817781821986372,10.904386382396128,11.2,2858.17290460805
3,33.33527607939001,-9.869812121457391,11.776270812761082,11.2,2858.6491228377554
3,31.598115735168317,-9.936216588637768,12.583982326972443,11.2,2859.100524491115
3,30.97772964275112,-9.960673230747542,13.3708981294067,11.2,2859.5430634860113
3,30.729541933897107,-9.96956694822043,13.772658605149667,11.2,2859.98205694221
3,30.729541933897107,-9.96956694822043,13.506008069725679,11.2,2860.4210503984086
3,31.226030624516298,-9.955335945278545,12.937866482880795,11.2,2860.8671365501873
3,31.846769518225067,-9.942734697844703,12.272039678931517,11.2,2861.3220904004475
3,32.84010468639031,-9.933246253402837,11.558556050456088,11.2,2861.79123475311
3,33.70931756681912,-9.934284074205964,10.957180477827459,11.2,2862.272796432636
3,34.33016266780113,-9.939473119041857,10.355380602076947,11.2,2862.76322732789
3,34.45432909174595,-9.940807437248004,10.050388856567581,11.2,2863.2554320292006
3,34.578498347960085,-9.941845248187823,10.318541637130828,11.2,2863.749410577029
3,34.578498347960085,-9.941845248187823,10.511074091747247,11.2,2864.243389124857
3,34.20598066629026,-9.940510909691518,10.637552368560138,11.2,2864.732045991518
3,34.33015417094875,-9.940362649294979,10.802383615197725,11.2,2865.222476765389
3,34.70267468492424,-9.93991786810536,10.875266526823987,11.2,2865.7182292608877
3,34.951020986163805,-9.940510908846097,10.634263276924516,11.2,2866.21752956069
3,35.69605422526795,-9.944069146527092,10.330254337704211,11.2,2866.7274731924795
3,36.192735498556736,-9.947627363917865,9.981233097014993,11.2,2867.24451227103
3,36.93772342130651,-9.956522772127554,9.559598090526812,11.2,2867.7721940341917
3,37.18604517626202,-9.960080901594814,9.25232561611204,11.2,2868.3034232509954
3,37.68268868617304,-9.967197160529334,8.923879773239955,11.2,2868.8417473750837
3,37.806851569811485,-9.968827978393083,9.13307179737936,11.2,2869.3818452546525
3,37.9310179937563,-9.97016229659923,9.434421038665194,11.2,2869.9237169402777
3,37.80684873754216,-9.969124485659412,9.62668321605916,11.2,2870.4638147793853
3,38.05519291455349,-9.970310563759178,9.829723007259359,11.2,2871.0074603924504
3,38.30353945181846,-9.970903605063532,9.844543905252355,11.2,2871.5546538131907
3,38.67605925771652,-9.970458824719334,9.756920899897274,11.2,2872.107168945444
3,38.92439989436091,-9.96867971602394,9.604019540585092,11.2,2872.6632318010775
3,39.172729201944165,-9.965714579954039,9.385420822431092,11.2,2873.222842218248
3,39.54520510788981,-9.959932655288318,9.274449813357679,11.2,2873.787773719789
3,39.91768101383545,-9.954150730622597,9.309842024248283,11.2,2874.358026305701
3,40.66266893658522,-9.94525532241289,9.28548770337148,11.2,2874.9389215762235
3,41.283515217655896,-9.940066267713796,8.867385540154055,11.2,2875.528686079333
3,41.904372119807185,-9.936359778935929,8.363704930021342,11.2,2876.127319966759
3,42.401064722286314,-9.935173697454454,7.920600319088843,11.2,2876.7330494627918
3,43.39443859805423,-9.939917996326702,7.532481600251662,11.2,2877.3529700141926
3,43.64277451422849,-9.942290127727112,7.14670532805137,11.2,2877.9764382215385
3,43.76694377044263,-9.94332793866693,7.46319260586037,11.2,2878.601680275402
3,43.64277451422849,-9.942290127727112,7.726184790855064,11.2,2879.225148482748
3,43.64277451422849,-9.942290127727112,7.927718475889144,11.2,2879.848616690094
3,43.64277451422849,-9.942290127727112,7.99644233149551,11.2,2880.47208489744
3,43.76694377044263,-9.94332793866693,7.931209349976541,11.2,2881.0973269513033
3,43.76694377044263,-9.94332793866693,7.796161641855726,11.2,2881.722569005167
3,43.76694377044263,-9.94332793866693,7.591423639077132,11.2,2882.3478110590304
3,43.76694377044263,-9.94332793866693,7.506163722282835,11.2,2882.973053112894
3,43.76694377044263,-9.94332793866693,7.434446372716872,11.2,2883.5982951667575
3,43.64277451422849,-9.942290127727112,7.540569552815589,11.2,2884.2217633741034
3,43.64277451422849,-9.942290127727112,7.573038777794854,11.2,2884.8452315814493
3,43.64277451422849,-9.942290127727112,7.48270275289752,11.2,2885.468699788795
3,43.64277451422849,-9.942290127727112,7.34120963034276,11.2,2886.092167996141
3,43.64277451422849,-9.942290127727112,7.125425258146728,11.2,2886.715636203487
3,43.518605258014354,-9.941252316787294,7.049121587843056,11.2,2887.337330564316
3,43.394436001800216,-9.940214505847475,6.96843926942959,11.2,2887.9572510786275
3,43.27026674558608,-9.939176694907657,6.802844079484274,11.2,2888.5753977464215
3,42.8977526042953,-9.936952801640953,6.976005534111975,11.2,2889.188222783626
3,42.27688862138995,-9.934728899919964,7.095057532203421,11.2,2889.79217833536
3,41.656021098097476,-9.933987597937266,7.3128600898838,11.2,2890.387264351047
3,40.91098219437878,-9.935766720159478,7.667625583154827,11.2,2890.971706953824
3,40.538468053088,-9.9379906134262,8.017672859855352,11.2,2891.550827926011
3,38.67597523410104,-9.958005348474806,8.554570423306247,11.2,2892.103341857927
3,37.558594247000016,-9.97801939874193,9.050610591949173,11.2,2892.6398932043126
3,36.31721322247223,-10.00766864594459,9.62611949574332,11.2,2893.1587105360622
3,35.20007225255413,-10.038354698089265,10.198500116688487,11.2,2893.661568711099
3,33.71070812984358,-10.084604490559963,10.72878171535878,11.2,2894.1431502558107
3,32.8420139827031,-10.114695344643488,11.257645047842916,11.2,2894.612321884135
3,31.72521707791187,-10.15605056093495,11.685623162635755,11.2,2895.0655392709623
3,31.220761735808768,-10.15605056093495,12.04015463149119,11.2,2895.5115501529026
3,30.352141920971142,-10.188215729161643,12.330400272841757,11.2,2895.945152180345
3,30.22804275709393,-10.192514422602146,12.544879865886394,11.2,2896.376981362589
3,30.22804275709393,-10.192514422602146,12.322261751575653,11.2,2896.8088105448332
3,30.22804275709393,-10.192514422602146,12.035646568064907,11.2,2897.2406397270775
3,30.35215183221804,-10.188512084266065,11.721750720092079,11.2,2897.674241896109
3,30.47627011087902,-10.18480612385703,11.441333335689501,11.2,2898.1096171834074
3,30.972821104939033,-10.172946458789887,11.14765931781586,11.2,2898.552086056335
3,31.096974783938382,-10.170722671199954,11.013482994473508,11.2,2898.9963285532485
3,31.717803363481245,-10.164051118212752,10.781710401297921,11.2,2899.4494400298695
3,31.96614966472081,-10.163458077472015,10.428467789158837,11.2,2899.906099310794
3,32.214495965960374,-10.164051118212752,10.08353498997923,11.2,2900.366306396022
3,32.214495965960374,-10.164051118212752,10.046191148781084,11.2,2900.82651348125
3,32.214495965960374,-10.164051118212752,10.358830604551558,11.2,2901.286720566478
3,32.0903231693793,-10.163606337868554,10.552452452706135,11.2,2901.7451537546117
3,32.2144966740378,-10.163754598265093,10.65926973986721,11.2,2902.205360849955
3,32.33867017869629,-10.163902858661633,10.680594833041551,11.2,2902.667341852508
3,32.462843683354784,-10.164051119058172,10.590471618354206,11.2,2903.1310967622703
3,32.71118998459435,-10.163458078317435,10.590200306910152,11.2,2903.598399476336
3,32.83536136502461,-10.162716780561862,10.557439770082128,11.2,2904.067476067265
3,32.95953062123875,-10.161678969622043,10.46655934510965,11.2,2904.538326504711
3,33.08369704518356,-10.160344651415894,10.323692515350482,11.2,2905.010950748214
3,33.332026588776074,-10.157379512527966,10.383706810638136,11.2,2905.487122556625
3,33.45619301272089,-10.156045194321816,10.61121946129068,11.2,2905.9650681710923
3,34.20121492265407,-10.150707868235639,10.735401343524,11.2,2906.4536569557017
3,34.697907525133196,-10.149521786754164,10.417683123567214,11.2,2906.949341348918
3,35.44294642885189,-10.151300908976376,10.04558273081007,11.2,2907.4556691550447
3,36.3121460918637,-10.156489993265351,9.61202454953926,11.2,2907.9744140992143
3,37.30546049008891,-10.168350503728595,9.101499723187068,11.2,2908.507349249073
3,38.546905236648946,-10.195035231997746,8.475368977522335,11.2,2909.058019323882
3,39.415792657696365,-10.218902161443603,8.023433535724081,11.2,2909.621102076135
3,39.53991943213171,-10.222311722793012,7.552133891490224,11.2,2910.1859580680225
3,39.91234365175638,-10.23076182651074,7.7805527318195935,11.2,2910.756134405905
3,40.03649733075573,-10.232985614100674,7.9608400329462725,11.2,2911.328084367773
3,40.03649733075573,-10.232985614100674,8.230683376620489,11.2,2911.900034329641
3,40.16065596607094,-10.23491292232258,8.374189529580462,11.2,2912.4737579862995
3,40.16065596607094,-10.23491292232258,8.393304807493935,11.2,2913.047481642958
3,40.28481884970939,-10.236543740186328,8.426368480419098,11.2,2913.6229790550965
3,40.4089852736542,-10.237878058392475,8.377612250970326,11.2,2914.2002502732917
3,40.53315452986834,-10.238915869332294,8.215907319503048,11.2,2914.779295338004
3,40.6573259102986,-10.239657167087861,8.229275064321008,11.2,2915.3601142795796
3,40.6573259102986,-10.239657167087861,8.37729650731866,11.2,2915.9409332211553
3,40.6573259102986,-10.239657167087861,8.407878384545493,11.2,2916.521752162731
3,40.781498706879674,-10.24010194743206,8.503880708679624,11.2,2917.104345001401
3,40.90567221153817,-10.240250207828598,8.497925257720146,11.2,2917.6887117472797
3,41.02984571619666,-10.24010194743206,8.378474884500626,11.2,2918.274852400368
3,41.02984571619666,-10.24010194743206,8.215859593757035,11.2,2918.8609930534567
3,41.15401851277773,-10.239657167087861,8.306248043961283,11.2,2919.4489076036393
3,41.15401851277773,-10.239657167087861,8.278978748763192,11.2,2920.036822153822
3,41.15401851277773,-10.239657167087861,8.355933255012083,11.2,2920.6247367040046
3,41.02984571619666,-10.24010194743206,8.304517221765156,11.2,2921.210877357093
3,41.02984571619666,-10.24010194743206,8.17806268251669,11.2,2921.7970180101815
3,41.02984571619666,-10.24010194743206,8.218525552285481,11.2,2922.38315866327
3,41.02984571619666,-10.24010194743206,8.200895790388257,11.2,2922.9692993163585
3,41.02984571619666,-10.24010194743206,8.135976133925745,11.2,2923.555439969447
3,41.02984571619666,-10.24010194743206,8.012143730233623,11.2,2924.1415806225355
3,41.02984571619666,-10.24010194743206,7.929128173730557,11.2,2924.727721275624
3,40.90567221153817,-10.240250207828598,7.898746179020364,11.2,2925.312088021503
3,40.90567221153817,-10.240250207828598,7.78462356166528,11.2,2925.896454767382
3,40.90567221153817,-10.240250207828598,7.600544274666844,11.2,2926.4808215132607
3,40.90567221153817,-10.240250207828598,7.506237365569872,11.2,2927.0651882591396
3,40.90567221153817,-10.240250207828598,7.361809188656213,11.2,2927.6495550050186
3,40.90567221153817,-10.240250207828598,7.180399481873797,11.2,2928.2339217508975
3,40.781498706879674,-10.24010194743206,7.041258204753446,11.2,2928.8165145895673
3,40.6573259102986,-10.239657167087861,6.981006814002963,11.2,2929.397333531143
3,40.284818849709396,-10.236543740186326,6.937799180325568,11.2,2929.9728309432817
3,40.03649733075574,-10.23298561410067,6.897894392895648,11.2,2930.5447809051498
3,39.664053994530484,-10.22542486564037,6.881233434717437,11.2,2931.1114102479287
3,39.1675011128018,-10.213565155488004,7.11831080718486,11.2,2931.6709459781114
3,37.9261189084801,-10.183915880107085,7.540735403882101,11.2,2932.212747676804
3,37.55371522128383,-10.174576451565002,8.132953156911315,11.2,2932.7492293228224
3,35.070825728163754,-10.121206995026702,8.869570114762173,11.2,2933.250241118939
3,33.58089661444182,-10.099858238512773,9.684012292610195,11.2,2933.7299682134308
3,31.96669935188859,-10.086366721939454,10.503061031339504,11.2,2934.186635347029
3,30.228275243211638,-10.086366721939454,11.363287619552029,11.2,2934.6184678505037
3,28.489930438414863,-10.102971578617986,12.142644130660793,11.2,2935.025466856767
3,27.124242565291397,-10.127433195611136,12.854559289316043,11.2,2935.4129560362708
3,26.255302280162628,-10.149225154120996,13.520419904524834,11.2,2935.7880317831305
3,25.88294744417968,-10.160343035348102,14.132156285925495,11.2,2936.15778817519
3,25.63471985448223,-10.1680513414191,13.806188143222215,11.2,2936.5239984588256
3,26.131209960674884,-10.153820297902213,13.297228250278215,11.2,2936.897301458264
3,26.50363418029955,-10.14537019418448,12.679540935377421,11.2,2937.275924803697
3,27.62109376090107,-10.130692917105671,11.96112520801833,11.2,2937.670511857424
3,28.241957743810456,-10.129951619350098,11.254222851031955,11.2,2938.0739683966212
3,28.98697965374364,-10.13528894543626,10.721482078698436,11.2,2938.4880681059603
3,28.98697965374364,-10.13528894543626,10.241076223930689,11.2,2938.9021678152994
3,28.98697965374364,-10.13528894543626,10.494096620301205,11.2,2939.3162675246385
3,28.862810397529504,-10.134251134496441,10.758326720589155,11.2,2939.7285933874605
3,28.61446952486509,-10.132472024110207,10.88989592589698,11.2,2940.13737152353
3,28.61446952486509,-10.132472024110207,11.00880675431663,11.2,2940.5461496595995
3,28.738640905295348,-10.133213321865775,11.078932677033182,11.2,2940.9567016725323
3,28.862812285725607,-10.133954619621342,11.032798911930694,11.2,2941.3690275623285
3,29.11115315839002,-10.135733730007576,10.84542871127068,11.2,2941.784901178877
3,29.35948883854897,-10.138105859153544,10.751107489997137,11.2,2942.2043224479994
3,29.980303256741188,-10.146259948472284,10.513006222905483,11.2,2942.6326124945244
3,30.476927885370312,-10.154562140095964,10.220244847143006,11.2,2943.067997178601
3,30.60108156436966,-10.156785927685895,9.866618464995245,11.2,2943.5051554866636
3,30.725240199684873,-10.158713235907802,10.038264349389067,11.2,2943.9440874895163
3,30.601077316046428,-10.157082418044055,10.421029098002402,11.2,2944.3812457368886
3,30.97357658788087,-10.1610853726625,10.68635926820626,11.2,2944.82372540243
3,31.225804258932424,-10.1610853726625,10.843461026337172,11.2,2945.2698083204145
3,31.349970682877238,-10.16241969086865,10.60735708671549,11.2,2945.7176650444558
3,32.34328885724729,-10.174280246420347,10.24688848382998,11.2,2946.179712028131
3,33.58489645201557,-10.192070876848621,9.768353785698274,11.2,2946.65949626316
3,34.5780522492636,-10.213418659463942,9.132831661067605,11.2,2947.153468438149
3,35.571032461648905,-10.241880746497717,8.398179158207299,11.2,2947.661626044744
3,36.06752256784156,-10.256111790014605,7.701522047295465,11.2,2948.1768763671416
3,36.315798772747115,-10.26204163945513,7.997047225067309,11.2,2948.6956734924665
3,36.191650758028004,-10.25952138517793,8.31626520603432,11.2,2949.212697074724
3,36.067497079028655,-10.257297597587996,8.539917107160305,11.2,2949.727947032996
3,36.19165571434387,-10.259224905809903,8.706364327818658,11.2,2950.244970686058
3,36.19165571434387,-10.259224905809903,8.748924273293584,11.2,2950.76199433912
3,36.315818597982314,-10.26085572367365,8.815759236101192,11.2,2951.2807917476625
3,36.43998502192713,-10.262190041879798,8.763954388948362,11.2,2951.8013629622615
3,36.43998502192713,-10.262190041879798,8.591998019248384,11.2,2952.3219341768604
3,36.56415427814127,-10.263227852819616,8.625502645209796,11.2,2952.8442792379765
3,36.56415427814127,-10.263227852819616,8.855764277817917,11.2,2953.3666242990926
3,36.68832565857153,-10.263969150575184,8.954871237816775,11.2,2953.890743237072
3,36.8124984551526,-10.264413930919382,8.928891581197822,11.2,2954.4166360721456
3,36.93667195981109,-10.264562191315921,8.86229792102701,11.2,2954.9443028144287
3,37.06084546446959,-10.264413930919382,8.698161010733898,11.2,2955.473743463921
3,37.18501826105066,-10.263969150575184,8.71768944104407,11.2,2956.0049580105074
3,37.18501826105066,-10.263969150575184,8.825570374069006,11.2,2956.536172557094
3,37.18501826105066,-10.263969150575184,8.802585371383069,11.2,2957.06738710368
3,37.18501826105066,-10.263969150575184,8.823801450095768,11.2,2957.5986016502666
3,37.30918964148092,-10.263227852819611,8.773438538455514,11.2,2958.1315900737163
3,37.30918964148092,-10.263227852819611,8.794406645142493,11.2,2958.664578497166
3,37.43335889769506,-10.262190041879787,8.84717652022782,11.2,2959.199340767133
3,37.55752532163987,-10.260855723673645,8.773967601564772,11.2,2959.7358768431563
3,37.55752532163987,-10.260855723673645,8.578927947897196,11.2,2960.2724129191797
3,37.55752532163987,-10.260855723673645,8.531609537691923,11.2,2960.808948995203
3,37.55752532163987,-10.260855723673645,8.660783674937736,11.2,2961.3454850712264
3,37.55752532163987,-10.260855723673645,8.63497573281335,11.2,2961.88202114725
3,37.43335889769506,-10.262190041879787,8.505175549443084,11.2,2962.4167834172167
3,37.43335889769506,-10.262190041879787,8.53006908913207,11.2,2962.9515456871836
3,37.43335889769506,-10.262190041879787,8.489913675833636,11.2,2963.4863079571505
3,37.43335889769506,-10.262190041879787,8.386003860287516,11.2,2964.0210702271174
3,37.43335889769506,-10.262190041879787,8.334013886807606,11.2,2964.5558324970843
3,37.43335889769506,-10.262190041879787,8.275877903085608,11.2,2965.0905947670512
3,37.43335889769506,-10.262190041879787,8.163789236234376,11.2,2965.625357037018
3,37.43335889769506,-10.262190041879787,8.116420885993891,11.2,2966.160119306985
3,37.30918964148092,-10.263227852819611,8.072656399718248,11.2,2966.693107730435
3,37.18501826105066,-10.263969150575186,8.033627493223223,11.2,2967.224322277021
3,37.06084546446959,-10.264413930919384,8.006729763379383,11.2,2967.7537629265134
3,36.93667195981109,-10.264562191315923,7.989214129754087,11.2,2968.2814296687966
3,36.8124984551526,-10.264413930919384,7.909101644365773,11.2,2968.80732250387
3,36.56415191788763,-10.26382088961503,7.899996091476445,11.2,2969.3296675312686
3,36.19163140391214,-10.26337610842541,8.021179426694346,11.2,2969.8466908370388
3,35.44659250019345,-10.265155230647622,8.158934266604048,11.2,2970.3530707298987
3,34.82573559804216,-10.26886171942549,8.525206807284398,11.2,2970.8505812384424
3,34.08072855756531,-10.275978106863391,8.8821176882019,11.2,2971.3374487892647
3,33.211619762341634,-10.289469238773108,9.353661570842405,11.2,2971.8119005001554
3,32.09434710346763,-10.314819549926309,9.846128722799579,11.2,2972.270391173062
3,31.10136689108233,-10.343281636960084,10.33023690429812,11.2,2972.714696414363
3,30.356742174078367,-10.368184732289837,10.811932294602205,11.2,2973.148364159707
3,29.3640791202374,-10.406130142107195,11.214862681983037,11.2,2973.5678510042817
3,28.495622829005473,-10.442443376544317,11.581554298133232,11.2,2973.9749313304105
3,28.12342727562036,-10.458006191303083,11.926069209732795,11.2,2974.376694577205
3,28.24751558473285,-10.453411176004801,12.0495208105601,11.2,2974.78023051413
3,28.12340650960874,-10.457413514340882,11.75848795408115,11.2,2975.181993464267
3,28.371651562705065,-10.450297992582438,11.43093449675257,11.2,2975.587302772306
3,28.74407578232973,-10.441847888864705,11.235131087068291,11.2,2975.997932426339
3,29.240730621357873,-10.435917661813283,11.056174895234554,11.2,2976.4156571495014
3,29.61325042725593,-10.435472881469085,10.778336026240815,11.2,2976.8387035841765
3,29.61325042725593,-10.435472881469085,10.472294323182554,11.2,2977.2617500188517
3,29.61325042725593,-10.435472881469085,10.502118904630953,11.2,2977.684796453527
3,29.489076922597437,-10.435324621072546,10.748433055154457,11.2,2978.1060689809924
3,29.364903417938944,-10.435472881469085,10.895387981179367,11.2,2978.525567601249
3,29.364903417938944,-10.435472881469085,11.011875857418318,11.2,2978.9450662215054
3,29.613250427255934,-10.435472881469085,11.228331154833489,11.2,2979.3681126561805
3,29.861596964520903,-10.43606592277344,11.09929698067334,11.2,2979.794706898531
3,29.985769761101974,-10.436510703117637,10.908424216719554,11.2,2980.2230750379754
3,30.85495290247679,-10.443775365887886,10.611448535597704,11.2,2980.6638600794395
3,31.724023699727272,-10.459341790252221,10.277821007627926,11.2,2981.117060418007
3,32.46880771022958,-10.478909902842512,9.934343753794266,11.2,2981.580900528153
3,33.213489771584854,-10.502034799077878,9.508397856019434,11.2,2982.0553789534615
3,33.337607814325,-10.505740752442719,9.054768397563846,11.2,2982.531630493666
3,33.585884019230555,-10.511670601883246,9.320521464142862,11.2,2983.0114288367977
3,33.585884019230555,-10.511670601883246,9.542836317438317,11.2,2983.4912271799294
3,33.46172538391534,-10.509743293661339,9.709582960297176,11.2,2983.969251828271
3,33.58588826755379,-10.511374111525093,10.089705785749246,11.2,2984.449050232093
3,33.958387539388234,-10.515377066143522,10.252738056405947,11.2,2984.9341700540845
3,34.206723455562496,-10.517749197543932,10.162382922580223,11.2,2985.4228375320213
3,34.82755557528656,-10.524420788574673,10.00327601951234,11.2,2985.9203740402395
3,35.94498116914558,-10.541766529601436,9.698635403558976,11.2,2986.4338737712274
3,36.814017272179356,-10.559408309541846,9.088333698313166,11.2,2986.959788303687
3,37.93122621020206,-10.587426541911631,8.414441294383762,11.2,2987.501662963833
3,39.172263866799824,-10.628931582456643,7.64896394609718,11.2,2988.061266733359
3,39.79270659168384,-10.651906702618566,6.905996246017479,11.2,2988.629733970383
3,40.16503310934614,-10.663913694804187,6.756424502954899,11.2,2989.203520157659
3,40.040906334910794,-10.660504133454785,7.205053725188944,11.2,2989.775533105301
3,39.54435392509968,-10.648644434573733,7.603940543025228,11.2,2990.340452447088
3,39.171893596066006,-10.641973084484691,8.019907786624664,11.2,2990.9000509270318
3,38.92356428848275,-10.639007948414795,8.289004253079824,11.2,2991.4561018454388
3,38.55105085525729,-10.636784059375211,8.475294653809554,11.2,2992.006831143371
3,38.3027038459403,-10.636784059375211,8.779006523266084,11.2,2992.5540126268843
3,38.3027038459403,-10.636784059375211,8.99506136768333,11.2,2993.1011941103975
3,38.3027038459403,-10.636784059375211,9.104364357947475,11.2,2993.6483755939107
3,38.42687522637056,-10.636042761619638,9.122619454283063,11.2,2994.1973309542873
3,38.799393616113775,-10.634708420587046,9.06450690401946,11.2,2994.751608005946
3,39.17191342201183,-10.635153200931244,8.813774168530879,11.2,2995.3112067691172
3,39.54443181175505,-10.636487541963836,8.50910623907013,11.2,2995.876127223571
3,39.54443181175505,-10.636487541963836,8.279239920197565,11.2,2996.441047678025
3,39.54443181175505,-10.636487541963836,8.653503761039714,11.2,2997.0059681324788
3,39.420259015173976,-10.636932322308034,8.92302562185529,11.2,2997.5691146898384
3,39.420259015173976,-10.636932322308034,9.103966719570712,11.2,2998.132261247198
3,39.54442543911879,-10.635598004101892,9.213163615365536,11.2,2998.6971816106143
3,39.91692471095323,-10.631595049483463,9.062251228905977,11.2,2999.2674233921994
3,40.165260627127495,-10.629222918083052,8.766439075651219,11.2,2999.8412128297296
3,40.5377683957699,-10.626109485263576,8.404357513308497,11.2,3000.420323806812
3,40.66193765198404,-10.625071674323753,8.013327943483977,11.2,3001.001208630412
3,40.786104075928854,-10.62373735611761,8.219888291483969,11.2,3001.583867260068
3,40.786104075928854,-10.62373735611761,8.513826584473764,11.2,3002.166525889724
3,40.66193765198404,-10.625071674323753,8.684359737885169,11.2,3002.747410713324
3,40.786104075928854,-10.62373735611761,8.71051270250136,11.2,3003.33006934298
3,40.786104075928854,-10.62373735611761,8.644244525693212,11.2,3003.9127279726363
3,40.786104075928854,-10.62373735611761,8.508858788129379,11.2,3004.4953866022925
3,40.786104075928854,-10.62373735611761,8.401231209225474,11.2,3005.0780452319486
3,40.786104075928854,-10.62373735611761,8.268901183942408,11.2,3005.660703861605
3,40.786104075928854,-10.62373735611761,8.327014709366718,11.2,3006.243362491261
3,40.786104075928854,-10.62373735611761,8.422042861557314,11.2,3006.826021120917
3,40.786104075928854,-10.62373735611761,8.444736247616566,11.2,3007.4086797505734
3,40.786104075928854,-10.62373735611761,8.460172678350713,11.2,3007.9913383802295
3,40.786104075928854,-10.62373735611761,8.365758530497747,11.2,3008.5739970098857
3,40.786104075928854,-10.62373735611761,8.247361982103058,11.2,3009.156655639542
3,40.786104075928854,-10.62373735611761,8.130506742346578,11.2,3009.739314269198
3,40.66193765198404,-10.625071674323753,8.2220577809096,11.2,3010.320199092798
3,40.66193765198404,-10.625071674323753,8.256877484855616,11.2,3010.9010839163975
3,40.66193765198404,-10.625071674323753,8.200523830406427,11.2,3011.4819687399972
3,40.5377683957699,-10.626109485263576,8.10050776212681,11.2,3012.06107971708
3,40.5377683957699,-10.626109485263576,7.935160150296877,11.2,3012.6401906941624
3,40.5377683957699,-10.626109485263576,7.921318227035727,11.2,3013.219301671245
3,40.5377683957699,-10.626109485263576,7.839900962874979,11.2,3013.7984126483275
3,40.5377683957699,-10.626109485263576,7.7239843253489315,11.2,3014.37752362541
3,40.28942752310549,-10.627888595649814,7.703629764014205,11.2,3014.95308687574
3,39.91691975446308,-10.63100202846929,7.9293979417149565,11.2,3015.5233285865183
3,39.42024792211456,-10.635746291270115,8.171147346425796,11.2,3016.086474985406
3,38.67525999936479,-10.644641699479804,8.430146911716324,11.2,3016.6389786996824
3,38.054466822788726,-10.654278240589338,8.70520386237273,11.2,3017.1826139400077
3,37.061260047914885,-10.673254408057876,9.149204528178764,11.2,3017.712060512121
3,36.44055183538088,-10.68733794102373,9.506484506407086,11.2,3018.232639824055
3,36.192275394516535,-10.693267796099917,9.989133081335911,11.2,3018.749672329691
3,34.95096871034603,-10.725881317083763,10.373812595568356,11.2,3019.248971882696
3,34.08214075971916,-10.751823039947011,10.707338343492035,11.2,3019.7358596078348
3,33.70978592373621,-10.762940921174117,10.952189637427992,11.2,3020.217427978174
3,33.33740560043018,-10.773169605222343,11.15971891777099,11.2,3020.6936766296085
3,33.21327103803142,-10.776282748069704,11.308184091718719,11.2,3021.168151930152
3,33.33741881677317,-10.773762498582936,11.27055156049325,11.2,3021.6444007703917
3,33.33741881677317,-10.773762498582936,11.051949247251692,11.2,3022.1206496106315
3,33.33741881677317,-10.773762498582936,10.78575554784162,11.2,3022.5968984508713
3,33.58573136708084,-10.76961139882594,10.613029933567152,11.2,3023.076694613258
3,33.70989401471366,-10.767980584062006,10.76576152123234,11.2,3023.558264527754
3,34.082407447939126,-10.765756695022409,10.867509061185514,11.2,3024.045156062725
3,34.45492796191461,-10.76531191383279,10.51799045414696,11.2,3024.5373693193237
3,34.95162056439374,-10.766497995314264,10.267165312143028,11.2,3025.036678184529
3,35.4482905086214,-10.771242240079548,9.951456756794078,11.2,3025.5430823346524
3,35.944915137250526,-10.779544431703227,9.633481569947877,11.2,3026.0565811223273
3,36.31737617424857,-10.786215794473026,9.341640415240523,11.2,3026.5754007819596
3,36.31737617424857,-10.786215794473026,9.589627334611498,11.2,3027.094220441592
3,36.31737617424857,-10.786215794473026,9.835832544922773,11.2,3027.613040101224
3,36.31737617424857,-10.786215794473026,10.105310717942102,11.2,3028.1318597608565
3,36.56568872455624,-10.790366894230019,10.35677813472926,11.2,3028.6542267426357
3,36.56568872455624,-10.790366894230019,10.32000570540846,11.2,3029.176593724415
3,36.814001274863905,-10.79451799398701,10.255359138536342,11.2,3029.7025080283415
3,37.06231382517157,-10.798669093744003,10.133501959728362,11.2,3030.2319696544155
3,37.93134827636384,-10.816310840151369,9.7845979630375,11.2,3030.7738460583637
3,39.04848712284909,-10.846996833968765,9.45047532985179,11.2,3031.33168158869
3,39.793111839853054,-10.871899929298518,8.994324759636052,11.2,3031.900154614974
3,40.41355456473707,-10.894875049460442,8.421969156984797,11.2,3032.4774911087557
3,40.78585134871519,-10.907771105269411,7.929105499900741,11.2,3033.060146128023
3,41.03409640181152,-10.91488662702785,8.25930067959489,11.2,3033.646347505192
3,40.90996183941276,-10.911773484180488,8.552863998604895,11.2,3034.230775531469
3,41.03410348191956,-10.914590190773653,8.742909516549478,11.2,3034.8169770097825
3,41.15825692493078,-10.916813974136668,8.774956803474026,11.2,3035.40495210871
3,41.40658623251404,-10.919779110206564,8.735618766013205,11.2,3035.9964747691743
3,41.779094001156444,-10.922892543026022,8.61256360903182,11.2,3036.593318969191
3,42.15160176979885,-10.926005975845479,8.386094196929646,11.2,3037.1954847087595
3,42.64826038496537,-10.931936247985272,8.057438150813981,11.2,3037.804745571402
3,42.64826038496537,-10.931936247985272,7.753041106465648,11.2,3038.414006434044
3,42.77242964117951,-10.93297405892509,7.977377765211717,11.2,3039.025041143204
3,42.77242964117951,-10.93297405892509,8.179743398576834,11.2,3039.636075852364
3,42.77242964117951,-10.93297405892509,8.267318263180336,11.2,3040.2471105615236
3,42.77242964117951,-10.93297405892509,8.25319654075024,11.2,3040.8581452706835
3,42.77242964117951,-10.93297405892509,8.146811201137005,11.2,3041.4691799798434
3,42.77242964117951,-10.93297405892509,8.100401731934896,11.2,3042.0802146890032
3,42.77242964117951,-10.93297405892509,7.934981841622261,11.2,3042.691249398163
3,42.77242964117951,-10.93297405892509,7.940926829223285,11.2,3043.302284107323
3,42.77242964117951,-10.93297405892509,8.039744705371414,11.2,3043.913318816483
3,42.77242964117951,-10.93297405892509,8.001294626434525,11.2,3044.5243535256427
3,42.77242964117951,-10.93297405892509,7.950267200443815,11.2,3045.1353882348026
3,42.77242964117951,-10.93297405892509,7.790734371171376,11.2,3045.7464229439624
3,42.77242964117951,-10.93297405892509,7.598841453082434,11.2,3046.3574576531223
3,42.77242964117951,-10.93297405892509,7.574979209663283,11.2,3046.968492362282
3,42.77242964117951,-10.93297405892509,7.487572218810197,11.2,3047.579527071442
3,42.64826038496537,-10.931936247985272,7.3750227542284,11.2,3048.1887879340843
3,42.52409112875123,-10.930898437045453,7.253409842192194,11.2,3048.7962749502094
3,42.39992187253709,-10.929860626105635,7.118080436993941,11.2,3049.401988119817
3,42.39992187253709,-10.929860626105635,6.9654092313963485,11.2,3050.0077012894244
3,42.27575544859228,-10.928526307899492,6.870151129880401,11.2,3050.611640652976
3,42.02743392963862,-10.924968181813831,6.782687615524745,11.2,3051.2120325662563
3,41.53080882902329,-10.916665982299847,6.846394342103244,11.2,3051.8053298352424
3,40.91004043402655,-10.905547044350184,7.082733027991153,11.2,3052.3897589843
3,39.9167911767683,-10.888942661102826,7.380042552454559,11.2,3052.959998858254
3,39.29597675857608,-10.880788571784057,7.81723642232499,11.2,3053.5213699548053
3,37.433441455630046,-10.865221437276409,8.420992301730616,11.2,3054.0561334041713
3,36.067535500670495,-10.863590576014351,9.058115161909608,11.2,3054.5713839113237
3,34.08081607198939,-10.877823404997306,9.842756822251904,11.2,3055.058252712352
3,32.59088695826745,-10.89917216151127,10.607639731402559,11.2,3055.5238368117557
3,31.1011532623954,-10.931193835434268,11.417508280214951,11.2,3055.9681390012183
3,29.611682943817442,-10.97388696598493,12.140923673883037,11.2,3056.391163043273
3,28.122560936432752,-11.0272491186777,12.853026859686523,11.2,3056.7929139137937
3,27.75036538304764,-11.042811933436466,13.518958485449406,11.2,3057.1893477049803
3,27.129980469844398,-11.06726852905968,13.815679116422608,11.2,3057.5769188545496
3,27.25407963372161,-11.062969835619182,13.598066141706116,11.2,3057.966262849317
3,27.750534341291793,-11.047553238128938,13.157472968140683,11.2,3058.3626990541925
3,28.247057014959992,-11.0345078297354,12.550700364889769,11.2,3058.7662284401204
3,28.991959972270703,-11.020275744712082,11.924097002313536,11.2,3059.180399296867
3,29.98531496622699,-11.013159364037373,11.30339299331757,11.2,3059.6087609392416
3,30.233661267466555,-11.01375240477811,10.571797202896413,11.2,3060.04067038592
3,30.357834064047626,-11.014197185122308,10.28687286090127,11.2,3060.4743537296918
3,30.357834064047626,-11.014197185122308,10.641920802182556,11.2,3060.9080370734637
3,30.233660559389133,-11.014048924725769,10.893839524083521,11.2,3061.3399465100265
3,30.233660559389133,-11.014048924725769,11.056798085240725,11.2,3061.7718559465893
3,30.357834064047626,-11.01390066432923,11.141306967475181,11.2,3062.2055392903612
3,30.48200756870612,-11.01375240393269,11.025084633249731,11.2,3062.6409965413427
3,30.730354814049186,-11.013752403932688,10.851467053358983,11.2,3063.080001610115
3,30.97870205939225,-11.013752403932687,10.644199673274974,11.2,3063.5225544966775
3,31.97207593516017,-11.018496702804935,10.378426212309154,11.2,3063.979298438608
3,32.46873455032669,-11.024426974944728,10.000366438065633,11.2,3064.443137503613
3,32.965378060237704,-11.031543233879248,9.70461800720612,11.2,3064.914071475902
3,32.965378060237704,-11.031543233879248,9.432729317463675,11.2,3065.385005448191
3,33.08954731645184,-11.032581044819066,9.783824490341697,11.2,3065.8577132669975
3,33.08954731645184,-11.032581044819066,10.050356947528414,11.2,3066.330421085804
3,33.213718696882104,-11.033322342574634,10.314475361133681,11.2,3066.804902781474
3,33.213718696882104,-11.033322342574634,10.418161615842756,11.2,3067.279384477144
3,33.46206499812167,-11.033915383315371,10.34581542737942,11.2,3067.7574139771173
3,33.71041129936123,-11.033322342574634,10.224781856187198,11.2,3068.2389912813937
3,34.08292544065201,-11.031098449307912,10.050206219067595,11.2,3068.7258902162603
3,34.827948058645255,-11.025761118149198,9.899975419670291,11.2,3069.2234323313837
3,35.69715598254151,-11.022647661657807,9.69328973830409,11.2,3069.733391702563
3,36.690529858309425,-11.027391960530055,9.424304521479216,11.2,3070.2575421291103
3,37.4355177810592,-11.036287368739744,8.795031029669962,11.2,3070.792335240268
3,37.932142409688325,-11.044589560363423,8.325913404504158,11.2,3071.334222988978
3,39.173590695817886,-11.071274364715256,7.832346956142158,11.2,3071.893845713204
3,39.4218803530438,-11.076611325585622,7.6375329766804345,11.2,3072.4570154325334
3,39.546034032043146,-11.078835113175554,7.943068907774004,11.2,3073.0219587758484
3,39.42187138441032,-11.077204298411619,8.326372170592578,11.2,3073.585128367054
3,39.54604064062446,-11.078242109351438,8.575556826711702,11.2,3074.1500718047773
3,39.54604064062446,-11.078242109351438,8.747163667278576,11.2,3074.7150152425006
3,39.794381513288876,-11.080021219737672,8.865240342009209,11.2,3075.2835064069764
3,39.918550769503014,-11.08105903067749,8.774233190167491,11.2,3075.8537714179693
3,40.663558518025795,-11.088175424878719,8.540294097675245,11.2,3076.4346793967984
3,41.53269705145556,-11.09959112822626,8.22008624372602,11.2,3077.0280036403906
3,41.9051729574012,-11.10537305289198,7.742257528196518,11.2,3077.6266489683535
3,42.15350226498445,-11.108338188961877,7.1631171996803,11.2,3078.2288418578532
3,42.15350226498445,-11.108338188961877,7.384007454648724,11.2,3078.831034747353
3,41.78098883175899,-11.106114299922293,7.772365111820154,11.2,3079.427906016378
3,41.656815327100496,-11.105966039525754,8.008027765379193,11.2,3080.0230033781936
3,41.532641822442,-11.106114299922293,8.17966623992459,11.2,3080.6163268328
3,41.03595346841934,-11.108486456121836,8.24663495341874,11.2,3081.202554739492
3,40.911784212205205,-11.109524267061662,8.371744022639374,11.2,3081.787008799666
3,40.911784212205205,-11.109524267061662,8.480191801939116,11.2,3082.3714628598404
3,40.911784212205205,-11.109524267061662,8.444791771069706,11.2,3082.9559169200147
3,40.911784212205205,-11.109524267061662,8.3216009955324,11.2,3083.540370980189
3,40.911784212205205,-11.109524267061662,8.249992443862816,11.2,3084.1248250403632
3,40.911784212205205,-11.109524267061662,8.24935206236142,11.2,3084.7092791005375
3,40.911784212205205,-11.109524267061662,8.275950815921057,11.2,3085.293733160712
3,40.911784212205205,-11.109524267061662,8.273051421326889,11.2,3085.878187220886
3,40.911784212205205,-11.109524267061662,8.177190366561685,11.2,3086.4626412810603
3,40.911784212205205,-11.109524267061662,8.022374814588517,11.2,3087.0470953412346
3,40.911784212205205,-11.109524267061662,8.022884615243491,11.2,3087.631549401409
3,40.78761495599107,-11.110562078001486,8.01798289139693,11.2,3088.214229615066
3,40.78761495599107,-11.110562078001486,7.949607681814078,11.2,3088.796909828723
3,40.66344569977693,-11.11159988894131,7.777250173758686,11.2,3089.3778161958626
3,40.66344569977693,-11.11159988894131,7.725241989262407,11.2,3089.958722563002
3,40.53927644356279,-11.112637699881134,7.640952355342629,11.2,3090.5378550836244
3,40.53927644356279,-11.112637699881134,7.486012995377831,11.2,3091.116987604247
3,40.41510718734865,-11.113675510820958,7.395502258955386,11.2,3091.694346278352
3,40.290937931134515,-11.114713321760782,7.311726711672739,11.2,3092.2699311059396
3,39.794256185805686,-11.118271542533257,7.4320056729262785,11.2,3092.8384204800227
3,39.29757444047686,-11.121829763305733,7.702965497045324,11.2,3093.399814400601
3,38.92506667183445,-11.124943196125209,7.941193116777344,11.2,3093.955886781627
3,37.68338709096316,-11.13680385312727,8.31319947394399,11.2,3094.4942208829266
3,36.44174055304687,-11.151629533476752,8.771882185057288,11.2,3095.0148171765413
3,35.572630105840375,-11.1651206910301,9.298128550616886,11.2,3095.522997606625
3,34.45524699484624,-11.185134779339496,9.782966617763574,11.2,3096.0152154208367
3,33.58621089181246,-11.202776559279906,10.360813718093612,11.2,3096.495018433577
3,32.22065282423765,-11.233760331804785,10.836292824589021,11.2,3096.9553134739235
3,31.475868813735357,-11.253328444395093,11.315418078102553,11.2,3097.4049687426914
3,30.971413471632253,-11.253328444395093,11.719201284183812,11.2,3097.8474175065717
3,29.85434896368342,-11.286682088076413,12.061740718097733,11.2,3098.273908206053
3,29.606103910587095,-11.293797609834856,12.376656876800869,11.2,3098.6968525476327
3,29.606103910587095,-11.293797609834856,12.580348700906198,11.2,3099.1197968892125
3,29.730245553093894,-11.290980903241685,12.341900110628565,11.2,3099.544514682828
3,30.22682486754572,-11.28030698150094,12.064231027022013,11.2,3099.97632646665
3,30.72346648944354,-11.273190749619205,11.771596258571039,11.2,3100.4152331307846
3,31.220147762732324,-11.269632532228409,11.235480992066504,11.2,3100.861235241681
3,31.716840365211457,-11.268446450746934,10.615817342995848,11.2,3101.314332961184
3,32.95853410765682,-11.277341926590301,9.965790873180838,11.2,3101.785169162722
3,32.95853410765682,-11.277341926590301,9.581557172434588,11.2,3102.25600536426
3,32.95853410765682,-11.277341926590301,9.915603223951319,11.2,3102.726841565798
3,32.83436485144268,-11.276304115650483,10.26726238870232,11.2,3103.1959039208186
3,32.83436485144268,-11.276304115650483,10.499835055576284,11.2,3103.664966275839
3,32.83436485144268,-11.276304115650483,10.497142873069436,11.2,3104.1340286308596
3,32.95853410765682,-11.277341926590301,10.49906526208862,11.2,3104.6048648323977
3,33.20687002383108,-11.279714057990711,10.460957881001606,11.2,3105.079248689881
3,33.7035116457289,-11.286830289872448,10.281287643690439,11.2,3105.560727427677
3,34.32421867843669,-11.300913796068661,9.929104374002026,11.2,3106.0510734087975
3,34.82070878462934,-11.31514483958555,9.517977852231263,11.2,3106.548512105721
3,35.068953837725665,-11.322260361343993,9.225179661560453,11.2,3107.0494971605453
3,35.193088400124424,-11.325373504191354,9.452535039734956,11.2,3107.5522555662615
3,35.193088400124424,-11.325373504191354,9.767118490814383,11.2,3108.0550139719776
3,35.44139032982589,-11.330117550567168,9.981816592808164,11.2,3108.561319548118
3,35.44139032982589,-11.330117550567168,9.918484569696428,11.2,3109.067625124258
3,35.8138655277789,-11.335899464242761,9.774910201956807,11.2,3109.579251774655
3,36.06220120793785,-11.338271593388722,9.589982024883689,11.2,3110.0944260776255
3,36.434715349228625,-11.340495486655426,9.34607077783259,11.2,3110.614922011186
3,36.68305976226334,-11.341681565882425,9.31606426712608,11.2,3111.1389657220757
3,37.42808167219652,-11.347018891968585,9.33555489762701,11.2,3111.6736526031073
3,37.924740287363036,-11.352949164108377,9.15989951372731,11.2,3112.2154346072125
3,38.669677230306725,-11.365402451543895,8.775436919883523,11.2,3112.7678585676454
3,38.917979160008194,-11.370146497919709,8.299669010173211,11.2,3113.323829698503
3,39.53874755500494,-11.381265435869372,7.826395844928565,11.2,3113.888668949289
3,39.78706907395859,-11.384823561955033,8.192686708228226,11.2,3114.4570556503454
3,39.66290265001378,-11.38348924374889,8.455321101326275,11.2,3115.0236685453456
3,39.787071906227915,-11.384527054688709,8.60816863008187,11.2,3115.592055286863
3,39.787071906227915,-11.384527054688709,8.69795322063817,11.2,3116.16044202838
3,39.91124328665818,-11.385268352444276,8.652020236594918,11.2,3116.730602646761
3,40.15958958789774,-11.385861393185014,8.556646869160714,11.2,3117.3043110694452
3,40.15958958789774,-11.385861393185014,8.371231264330778,11.2,3117.8780194921296
3,40.283763092556235,-11.385713132788474,8.197341603482093,11.2,3118.453501822023
3,40.283763092556235,-11.385713132788474,8.361412632167985,11.2,3119.0289841519166
3,40.407935889137306,-11.385268352444276,8.464923242374228,11.2,3119.606240378904
3,40.407935889137306,-11.385268352444276,8.575536254799687,11.2,3120.183496605892
3,40.53210726956757,-11.384527054688704,8.583277114285597,11.2,3120.762526709743
3,40.656276525781706,-11.38348924374888,8.492486463140073,11.2,3121.343330660111
3,40.78044294972652,-11.382154925542737,8.298775215187993,11.2,3121.9259084165355
3,40.78044294972652,-11.382154925542737,8.338354863578333,11.2,3122.50848617296
3,40.78044294972652,-11.382154925542737,8.358780260326801,11.2,3123.0910639293847
3,40.78044294972652,-11.382154925542737,8.484695260267804,11.2,3123.6736416858093
3,40.78044294972652,-11.382154925542737,8.366637589813235,11.2,3124.256219442234
3,40.78044294972652,-11.382154925542737,8.207786284992997,11.2,3124.8387971986585
3,40.78044294972652,-11.382154925542737,8.297914571982805,11.2,3125.421374955083
3,40.656276525781706,-11.38348924374888,8.364890539147309,11.2,3126.0021789054513
3,40.656276525781706,-11.38348924374888,8.395877307357459,11.2,3126.5829828558194
3,40.656276525781706,-11.38348924374888,8.315086739306867,11.2,3127.1637868061875
3,40.656276525781706,-11.38348924374888,8.231298183050795,11.2,3127.7445907565557
3,40.656276525781706,-11.38348924374888,8.265817186241279,11.2,3128.325394706924
3,40.656276525781706,-11.38348924374888,8.24909492744614,11.2,3128.906198657292
3,40.656276525781706,-11.38348924374888,8.173573285513019,11.2,3129.48700260766
3,40.656276525781706,-11.38348924374888,8.063011778347102,11.2,3130.067806558028
3,40.53210726956757,-11.384527054688704,8.069247459279245,11.2,3130.646836661879
3,40.53210726956757,-11.384527054688704,8.008281441536528,11.2,3131.22586676573
3,40.53210726956757,-11.384527054688704,7.8827993503622995,11.2,3131.804896869581
3,40.53210726956757,-11.384527054688704,7.818915167050897,11.2,3132.383926973432
3,40.53210726956757,-11.384527054688704,7.720059245980206,11.2,3132.962957077283
3,40.40793801335343,-11.385564865628528,7.634850494050672,11.2,3133.540213334617
3,40.40793801335343,-11.385564865628528,7.548691997439823,11.2,3134.117469591951
3,40.28376875713929,-11.386602676568351,7.524754560267098,11.2,3134.692952002767
3,39.78708040311663,-11.388974832767895,7.6273433128503205,11.2,3135.2613388656687
3,39.53873386585166,-11.389567874072252,7.905709983001656,11.2,3135.826177920895
3,38.6695193332422,-11.39060569684803,8.167152229135661,11.2,3136.3785996256556
3,37.924477597213,-11.390605696848036,8.617051199256702,11.2,3136.9203778770443
3,36.93108861584073,-11.390605696848043,8.983561456509344,11.2,3137.4479648572706
3,36.06187408323127,-11.391643519623821,9.457899713112887,11.2,3137.963134487031
3,35.192659550621805,-11.3926813423996,9.92861090727402,11.2,3138.4658867663256
3,34.32345162672555,-11.395794798890991,10.410190774769385,11.2,3138.9562217895646
3,33.454266833226605,-11.403059475469764,10.906375991546376,11.2,3139.434139887182
3,33.08176756139216,-11.407062430088192,11.374175244816911,11.2,3139.9067365666306
3,32.212627375923056,-11.418478155134467,11.767724924208219,11.2,3140.366916957715
3,31.840151469977414,-11.424260079800188,12.097954924949494,11.2,3140.821776264429
3,32.08847298893107,-11.420701953714527,12.249460979361046,11.2,3141.280183021414
3,32.21263587256952,-11.419071135850773,11.924465701500273,11.2,3141.740363533879
3,32.460965180152776,-11.416105999780877,11.587779082896905,11.2,3142.2040916078813
3,33.205995586978716,-11.412547775626672,11.242591724755748,11.2,3142.6784629734098
3,33.95101183244593,-11.417885061132694,10.763825731404133,11.2,3143.163477428159
3,34.19933358740144,-11.421443190599954,10.13095235500437,11.2,3143.6520393365504
3,35.31665934849205,-11.444125349753174,9.625477270777,11.2,3144.156563041529
3,35.44079391089081,-11.447238492600535,9.215118217431073,11.2,3144.6628600973986
3,35.44079391089081,-11.447238492600535,9.530092003233438,11.2,3145.1691571532683
3,35.1925042536649,-11.441901531730169,9.851308263401428,11.2,3145.671907214035
3,34.94419193935034,-11.437750435918328,10.10300654646641,11.2,3146.1711099560257
3,34.695856967236516,-11.435378313535686,10.369113603137873,11.2,3146.666765055558
3,34.695856967236516,-11.435378313535686,10.582461203158067,11.2,3147.16242015509
3,34.94419760388091,-11.437157422231074,10.572060457835402,11.2,3147.6616229780025
3,35.19253352005517,-11.439529553631484,10.364125184367763,11.2,3148.16437345686
3,35.56504128869758,-11.442642986450942,10.141764663873268,11.2,3148.6724454752703
3,36.31004832917443,-11.449759373888826,9.886094061592399,11.2,3149.191160451401
3,36.93084032576277,-11.459395896681482,9.604566698205575,11.2,3149.7187438846263
3,37.79983017155366,-11.479112805356179,9.414481177872213,11.2,3150.2587414585055
3,37.92396473395242,-11.48222594820354,9.3000974544811,11.2,3150.8005123832763
3,38.04810637645922,-11.485042654796706,9.253634437171726,11.2,3151.344056760083
3,38.29640807017768,-11.48978669666384,9.601923994226924,11.2,3151.8911483039424
3,38.54472062048534,-11.493937796420832,9.884020889388895,11.2,3152.4417871699493
3,38.917196526430985,-11.499719721086553,10.045237983981767,11.2,3152.997747120327
3,39.66218444918076,-11.508615129296242,9.750379316446947,11.2,3153.564349755315
3,40.531349416794455,-11.517955356739241,9.368810630956427,11.2,3154.143369032698
3,41.40048960226356,-11.529371081785516,8.833337611634892,11.2,3154.7348045984445
3,42.76623459073091,-11.550571472226492,8.196171586692719,11.2,3155.3457508068836
3,43.13869562772896,-11.557242834996291,7.47678259853791,11.2,3155.9620178872797
3,43.883632570672646,-11.56969612243181,6.798191301117007,11.2,3156.5889269240038
3,44.1319618782559,-11.572661258501705,7.229616956949149,11.2,3157.2193835222647
3,43.759448445030436,-11.570437369462121,7.789162440752935,11.2,3157.844518500051
3,43.635275176397755,-11.570585629576854,8.214407188766279,11.2,3158.4678795739997
3,43.51110615620136,-11.571623438544034,8.50450190955842,11.2,3159.0894668048027
3,43.75943569979387,-11.568658299656105,8.705673226680988,11.2,3159.714601600514
3,44.13193497162831,-11.564655345037677,8.635911468921872,11.2,3160.3450578143943
3,44.13193497162831,-11.564655345037677,8.361705347904655,11.2,3160.9755140282746
3,45.001132982487725,-11.559466270611953,8.014021339136074,11.2,3161.618387356596
3,45.37365278838578,-11.559911050956151,7.563127879928861,11.2,3162.2665823964303
3,45.497825584966854,-11.560355831300349,7.354165857850012,11.2,3162.9165513333583
3,45.497825584966854,-11.560355831300349,7.776851270819165,11.2,3163.566520270286
3,45.24947857564987,-11.560355831300349,8.088128493734386,11.2,3164.2129413927955
3,45.125305779068796,-11.560800611644547,8.249929067789322,11.2,3164.8575886182107
3,45.125305779068796,-11.560800611644547,8.292534292584918,11.2,3165.502235843626
3,45.125305779068796,-11.560800611644547,8.230393494206425,11.2,3166.146883069041
3,45.37364641571319,-11.559021502949149,8.180645490798282,11.2,3166.795078017837
3,45.497812839658,-11.557687184743006,8.077351224792478,11.2,3167.4450467726892
3,45.497812839658,-11.557687184743006,7.873277126894322,11.2,3168.0950155275414
3,45.497812839658,-11.557687184743006,7.857738562444166,11.2,3168.7449842823935
3,45.497812839658,-11.557687184743006,8.070969587812405,11.2,3169.3949530372456
3,45.497812839658,-11.557687184743006,8.129869929204846,11.2,3170.0449217920977
3,45.37364641571319,-11.559021502949149,8.053585251151643,11.2,3170.693116740894
3,45.37364641571319,-11.559021502949149,8.02297764416847,11.2,3171.34131168969
3,45.37364641571319,-11.559021502949149,8.022612747858245,11.2,3171.989506638486
3,45.37364641571319,-11.559021502949149,8.017571388230655,11.2,3172.637701587282
3,45.37364641571319,-11.559021502949149,7.980900656491229,11.2,3173.2858965360783
3,45.37364641571319,-11.559021502949149,7.858762199221899,11.2,3173.9340914848744
3,45.37364641571319,-11.559021502949149,7.789916820361913,11.2,3174.5822864336706
3,45.37364641571319,-11.559021502949149,7.727973758065486,11.2,3175.2304813824667
3,45.37364641571319,-11.559021502949149,7.641263297132351,11.2,3175.878676331263
3,45.37364641571319,-11.559021502949149,7.475227357299849,11.2,3176.526871280059
3,45.37364641571319,-11.559021502949149,7.39384176330338,11.2,3177.175066228855
3,45.37364641571319,-11.559021502949149,7.2468858263543545,11.2,3177.823261177651
3,45.37364641571319,-11.559021502949149,7.084996125275453,11.2,3178.4714561264473
3,45.37364641571319,-11.559021502949149,6.952622519655925,11.2,3179.1196510752434
3,45.24947715949905,-11.560059313888974,6.896570698418174,11.2,3179.766072177522
3,44.75279541417022,-11.56361753466145,6.979587303738165,11.2,3180.405397826296
3,44.50445454150581,-11.565396645047688,7.212175264444606,11.2,3181.0411757483175
3,43.51111182087001,-11.574885161631558,7.610465886443085,11.2,3181.662763060044
3,42.39364586812402,-11.589562522405341,8.072702990504203,11.2,3182.268386572446
3,41.27621815028709,-11.606908296402503,8.6113084009103,11.2,3182.858046831736
3,40.03470968169479,-11.630628505738175,9.1826106522111,11.2,3183.42997125576
3,38.54505245226146,-11.666207602381366,9.784386599645314,11.2,3183.9806148622206
3,37.30382718677983,-11.701785211173584,10.33817822463361,11.2,3184.5135266791744
3,36.31091682799003,-11.73261843545757,10.893555044270904,11.2,3185.0322540624315
3,35.690371452369476,-11.752630127137975,11.403602022964488,11.2,3185.542116511751
3,34.449432908099396,-11.797098714502416,11.848761101249508,11.2,3186.034251267581
3,34.07716727316899,-11.81088378659957,12.242030356163074,11.2,3186.521067942912
3,34.07716727316899,-11.81088378659957,12.374755999986922,11.2,3187.0078846182428
3,34.07716727316899,-11.81088378659957,11.968277217691638,11.2,3187.4947012935736
3,34.69779996566079,-11.793836012256563,11.511618649319097,11.2,3187.990384150226
3,35.19440193720127,-11.78434795557435,11.048930844428456,11.2,3188.4931613207573
3,35.81524467800999,-11.779158930464858,10.348438173848137,11.2,3189.0048076733
3,36.18776448390805,-11.779603710809056,9.711789012432085,11.2,3189.5217757373557
3,36.18776448390805,-11.779603710809056,9.483726229180592,11.2,3190.0387438014113
3,36.18776448390805,-11.779603710809056,9.891725319513222,11.2,3190.555711865467
3,35.93942007087333,-11.778417631582057,10.270848107547293,11.2,3191.0691321521936
3,35.56690592958255,-11.776193738315353,10.539965568138488,11.2,3191.5772308083306
3,35.56690592958255,-11.776193738315353,10.677794413251647,11.2,3192.0853294644676
3,35.56690592958255,-11.776193738315353,10.51989497689931,11.2,3192.5934281206046
3,35.93941369822496,-11.77930717113481,10.255116188486411,11.2,3193.1068483162935
3,36.063580122169775,-11.780641489340953,9.948139384118857,11.2,3193.622042318039
3,36.063580122169775,-11.780641489340953,9.783311993942096,11.2,3194.1372363197843
3,36.18775150260004,-11.78138278709652,9.89157790179995,11.2,3194.654204198393
3,36.063580122169775,-11.780641489340953,10.190796483625213,11.2,3195.1693982001384
3,36.063580122169775,-11.780641489340953,10.420214726111789,11.2,3195.684592201884
3,36.31192099483419,-11.782420599727187,10.516570200061715,11.2,3196.2033339303816
3,36.43609025104833,-11.783458410667006,10.31143527447909,11.2,3196.7238495053966
3,36.932748866214844,-11.789388682806798,10.054415899107816,11.2,3197.2514602034853
3,37.80182296729341,-11.804955166347895,9.687019425524323,11.2,3197.791486245875
3,38.42249459952825,-11.820520850997775,9.427118746217408,11.2,3198.3403790258685
3,39.29125647407362,-11.848537166097556,9.074996785603853,11.2,3198.9016826897837
3,39.41535563795083,-11.852835859538054,8.651716006074516,11.2,3199.4647591988974
3,39.66358299173592,-11.860544158283176,8.815980677215075,11.2,3200.031381813065
3,39.78770976617127,-11.863953719632578,9.107265882326486,11.2,3200.5997776668673
3,39.91184432857003,-11.86706686247994,9.309217050390968,11.2,3201.169946871561
3,39.91184432857003,-11.86706686247994,9.53128454266889,11.2,3201.7401160762547
3,40.16013398579594,-11.872403823350306,9.500941304315079,11.2,3202.313832276052
3,40.656737845198876,-11.881891916101933,9.402821622910967,11.2,3202.894642816698
3,41.27747791879443,-11.89449318748794,9.252387244901772,11.2,3203.4843210726804
3,41.89818613132844,-11.908576720453766,8.932719753907051,11.2,3204.082866588842
3,43.13949281549894,-11.941190241437583,8.544213955161924,11.2,3204.6991450576347
3,43.760084208803846,-11.95972004348279,8.031079285591899,11.2,3205.3242891177606
3,44.00832926190017,-11.966835565241233,7.457960870402806,11.2,3205.9529795357876
3,44.13246382429893,-11.969948708088594,7.617670432735263,11.2,3206.583443304706
3,44.25661160304068,-11.97246895757536,7.7900465588565035,11.2,3207.215680613321
3,44.25661160304068,-11.97246895757536,8.084617929654948,11.2,3207.847917921936
3,44.25661160304068,-11.97246895757536,8.190811039482995,11.2,3208.480155230551
3,44.50494728319963,-11.974841086721323,8.071158641152119,11.2,3209.11594019174
3,44.62911866362989,-11.97558238447689,7.855849062662021,11.2,3209.753499029792
3,44.75329146021096,-11.976027164821089,7.682214370512007,11.2,3210.3928317649375
3,44.75329146021096,-11.976027164821089,7.738926061259543,11.2,3211.032164500083
3,44.75329146021096,-11.976027164821089,7.931776659843689,11.2,3211.671497235229
3,44.62911866362989,-11.97558238447689,8.092461153019412,11.2,3212.3090560732808
3,44.62911866362989,-11.97558238447689,8.111056113320526,11.2,3212.9466149113327
3,44.62911866362989,-11.97558238447689,8.05982801311867,11.2,3213.5841737493847
3,44.62911866362989,-11.97558238447689,8.045648065335897,11.2,3214.2217325874367
3,44.62911866362989,-11.97558238447689,8.185169632705074,11.2,3214.8592914254887
3,44.62911866362989,-11.97558238447689,8.229348594625733,11.2,3215.4968502635406
3,44.62911866362989,-11.97558238447689,8.16267895105476,11.2,3216.1344091015926
3,44.62911866362989,-11.97558238447689,8.174982712774087,11.2,3216.7719679396446
3,44.62911866362989,-11.97558238447689,8.22009352749238,11.2,3217.4095267776966
3,44.62911866362989,-11.97558238447689,8.178980533560207,11.2,3218.0470856157485
3,44.62911866362989,-11.97558238447689,8.1816958947209,11.2,3218.6846444538005
3,44.62911866362989,-11.97558238447689,8.176575188497724,11.2,3219.3222032918525
3,44.62911866362989,-11.97558238447689,8.132120622057345,11.2,3219.9597621299044
3,44.62911866362989,-11.97558238447689,7.9722543224694125,11.2,3220.5973209679564
3,44.50494728319963,-11.974841086721323,7.965774269459366,11.2,3221.233105929145
3,44.50494728319963,-11.974841086721323,7.923843988125098,11.2,3221.8688908903337
3,44.50494728319963,-11.974841086721323,7.90404727700413,11.2,3222.5046758515223
3,44.50494728319963,-11.974841086721323,7.8304511158045385,11.2,3223.140460812711
3,44.38077802698549,-11.973803275781504,7.790012266659,11.2,3223.774471927382
3,44.38077802698549,-11.973803275781504,7.703324308874497,11.2,3224.408483042053
3,44.38077802698549,-11.973803275781504,7.61356958053914,11.2,3225.042494156724
3,44.38077802698549,-11.973803275781504,7.51246847527484,11.2,3225.676505271395
3,44.38077802698549,-11.973803275781504,7.402952938517919,11.2,3226.310516386066
3,44.256611603040675,-11.972468957575362,7.322650253338904,11.2,3226.942753694681
3,44.00828205944816,-11.969503818687437,7.397363513071948,11.2,3227.571443438387
3,43.511610699130266,-11.964759560395514,7.7063864498112595,11.2,3228.193037876946
3,42.64241103611845,-11.959570476106538,8.04975068833395,11.2,3228.802215177462
3,41.89737213239976,-11.957791353884327,8.453534559773884,11.2,3229.400749065068
3,41.028164208503505,-11.960904810375718,8.92077332574002,11.2,3229.9868656966178
3,40.034849810278295,-11.972765320838974,9.416314735935455,11.2,3230.5587921224787
3,39.165815359086025,-11.990407067246352,9.963696600284422,11.2,3231.118303770466
3,37.92450867491553,-12.023020588230198,10.411507732490618,11.2,3231.6600824658217
3,37.05574680037016,-12.051036903329978,10.853118868301785,11.2,3232.1894502772557
3,36.18720792188562,-12.085276137202477,11.288071973038251,11.2,3232.7064103904254
3,35.690972195385626,-12.106619070997366,11.684922974358821,11.2,3233.216281421788
3,35.690972195385626,-12.106619070997366,12.033908814405528,11.2,3233.726152453151
3,35.690972195385626,-12.106619070997366,11.971352143471368,11.2,3234.2360234845137
3,35.93911459833077,-12.096540137655822,11.818640165951985,11.2,3234.749439407347
3,36.4354900160388,-12.078752702710057,11.555684552917251,11.2,3235.269946407576
3,37.18022305196759,-12.05740619829722,11.000057189055944,11.2,3235.8010924511755
3,38.049293849218074,-12.04183977393287,10.43474933096505,11.2,3236.3446537918785
3,39.042664892716665,-12.039467644786896,9.817167718387383,11.2,3236.902406147489
3,39.66349583237899,-12.046139223136421,9.32455755509643,11.2,3237.4690275165226
3,39.66349583237899,-12.046139223136421,8.948918885106787,11.2,3238.0356488855564
3,39.66349583237899,-12.046139223136421,9.354043295642951,11.2,3238.60227025459
3,39.66349583237899,-12.046139223136421,9.773941366329288,11.2,3239.168891623624
3,39.66349583237899,-12.046139223136421,10.083605177615041,11.2,3239.7355129926577
3,39.66349583237899,-12.046139223136421,10.012744449876825,11.2,3240.3021343616915
3,39.911831748553254,-12.048511354536831,9.826827572641168,11.2,3240.872303386671
3,40.53266386827732,-12.055182945567545,9.611263733795154,11.2,3241.451341441932
3,40.90515251919265,-12.060075399158805,9.3371676034363,11.2,3242.035700763635
3,41.52594569576871,-12.06971194026834,9.006285939343085,11.2,3242.628928559289
3,41.650104331083924,-12.071639248490246,8.617136251170693,11.2,3243.223930049733
3,41.89843363866718,-12.074604384560143,8.808436886721891,11.2,3243.822479101714
3,41.89843363866718,-12.074604384560143,9.097742616253884,11.2,3244.4210281536953
3,41.89843363866718,-12.074604384560143,9.265953672609497,11.2,3245.0195772056763
3,42.02260501909744,-12.07534568231571,9.347967649357996,11.2,3245.619900134521
3,42.1467763995277,-12.076086980071278,9.312311525474886,11.2,3246.221996940228
3,42.39512270076727,-12.076680020812015,9.216854364883595,11.2,3246.827641550239
3,42.51929620542576,-12.076531760415476,9.065691627216582,11.2,3247.4350600674597
3,42.76764274269073,-12.075938719111118,8.965890632256544,11.2,3248.0460263923555
3,43.140161132433946,-12.074604378078526,9.003423285268115,11.2,3248.6623144085333
3,43.38850743367351,-12.074011337337788,9.004453527866765,11.2,3249.2821502290144
3,44.257715357569765,-12.077124793829167,8.673275486788665,11.2,3249.9144033055513
3,44.75438671788766,-12.08186905212109,8.253671157083811,11.2,3250.5537516872355
3,45.37520113607988,-12.09002314143986,7.857610085112011,11.2,3251.2019688463224
3,45.623530443663135,-12.092988277509756,7.607968298793828,11.2,3251.853733566946
3,45.623530443663135,-12.092988277509756,7.932810627338293,11.2,3252.50549828757
3,45.623530443663135,-12.092988277509756,8.274318975326528,11.2,3253.1572630081937
3,45.623530443663135,-12.092988277509756,8.471049418911077,11.2,3253.8090277288175
3,45.623530443663135,-12.092988277509756,8.451156640827904,11.2,3254.460792449441
3,45.74769969987727,-12.094026088449574,8.459165494133686,11.2,3255.114331016582
3,45.871871080307535,-12.094767386205142,8.368460679120075,11.2,3255.7696434605864
3,45.996043876888606,-12.09521216654934,8.193341615919385,11.2,3256.426729801685
3,46.24439088620559,-12.09521216654934,8.053622994435653,11.2,3257.087363957202
3,46.24439088620559,-12.09521216654934,8.123515060843143,11.2,3257.747998112719
3,46.24439088620559,-12.09521216654934,8.096310913029466,11.2,3258.408632268236
3,46.368563682786665,-12.094767386205142,8.18275005092651,11.2,3259.0710403208473
3,46.49273506321693,-12.094026088449567,8.211706689613884,11.2,3259.735222250322
3,46.616904319431065,-12.092988277509743,8.111908292838304,11.2,3260.4011780263136
3,46.616904319431065,-12.092988277509743,7.9820553271930414,11.2,3261.0671338023053
3,46.616904319431065,-12.092988277509743,8.0306741473351,11.2,3261.733089578297
3,46.616904319431065,-12.092988277509743,8.053476243386173,11.2,3262.399045354289
3,46.616904319431065,-12.092988277509743,8.116560282526105,11.2,3263.0650011302805
3,46.616904319431065,-12.092988277509743,8.039761837882509,11.2,3263.7309569062722
3,46.616904319431065,-12.092988277509743,7.928777663719605,11.2,3264.396912682264
3,46.49273506321693,-12.094026088449567,8.02921228098847,11.2,3265.0610946117386
3,46.49273506321693,-12.094026088449567,8.010999820295735,11.2,3265.725276541213
3,46.49273506321693,-12.094026088449567,7.939036446236964,11.2,3266.3894584706877
3,46.49273506321693,-12.094026088449567,7.865658907863498,11.2,3267.0536404001623
3,46.49273506321693,-12.094026088449567,7.855511339201429,11.2,3267.717822329637
3,46.49273506321693,-12.094026088449567,7.813523248254366,11.2,3268.3820042591115
3,46.49273506321693,-12.094026088449567,7.704829386385672,11.2,3269.046186188586
3,46.49273506321693,-12.094026088449567,7.643145383658929,11.2,3269.7103681180606
3,46.49273506321693,-12.094026088449567,7.5674931374772045,11.2,3270.374550047535
3,46.24439419055251,-12.095805198835805,7.47121072696689,11.2,3271.0351842502573
3,46.12022281012225,-12.09654649659138,7.444560710023387,11.2,3271.694044576116
3,45.99605001354118,-12.096991276935578,7.436135571458214,11.2,3272.351131004881
3,45.871876508882686,-12.097139537332117,7.432219713394842,11.2,3273.0064435264367
3,45.74770300422419,-12.096991276935578,7.380600035288956,11.2,3273.6599821407826
3,45.62353020764312,-12.09654649659138,7.33951191029811,11.2,3274.311746858035
3,45.49935882721286,-12.095805198835812,7.371302871799434,11.2,3274.961737698424
3,44.754336209219616,-12.09046786767711,7.643333088749165,11.2,3275.6010853585553
3,43.760959501174305,-12.085723555278047,7.929141830442689,11.2,3276.2262419228578
3,43.0159198893794,-12.083944431364984,8.392019058897938,11.2,3276.8407550641346
3,42.02253185211144,-12.083944431364984,8.888736679599944,11.2,3277.4410769477363
3,41.029172137770885,-12.091060845856461,9.411831847033843,11.2,3278.027207978276
3,39.66342974527653,-12.112261196000302,9.976902165390731,11.2,3278.593828403208
3,38.67027111637288,-12.133609039481792,10.513196723953822,11.2,3279.1462608477277
3,38.29786742917661,-12.142948468023874,10.958102892597589,11.2,3279.6933732395732
3,36.68433287355472,-12.191125861766814,11.383449159570684,11.2,3280.217435137767
3,35.93976974699268,-12.217807014185478,11.800509575754209,11.2,3280.730860419867
3,35.815681202015874,-12.222402038217863,12.17298521437756,11.2,3281.242513008467
3,35.815681202015874,-12.222402038217863,12.234897494221954,11.2,3281.754165597067
3,36.0639262551122,-12.21528651645942,11.970720635014088,11.2,3282.269364543569
3,36.560478664923316,-12.203426817578356,11.669595286054816,11.2,3282.791657095925
3,37.18126830154024,-12.193790331419418,11.349321018110118,11.2,3283.3228180716615
3,37.802124023582685,-12.190083849686758,10.765647801832863,11.2,3283.8628484148553
3,38.79550639623932,-12.192456005886289,10.136459510811049,11.2,3284.4170699348015
3,39.416337335901645,-12.199127584235814,9.45667037758291,11.2,3284.9801604681716
3,39.416337335901645,-12.199127584235814,8.758809350182444,11.2,3285.5432510015416
3,39.416337335901645,-12.199127584235814,9.318815797509243,11.2,3286.1063415349117
3,39.168025021587084,-12.194976488423976,9.81927899810694,11.2,3286.665884749506
3,39.168025021587084,-12.194976488423976,10.189309427401682,11.2,3287.2254279641
3,39.168025021587084,-12.194976488423976,10.230998944090757,11.2,3287.7849711786944
3,39.168025021587084,-12.194976488423976,10.130319967605853,11.2,3288.3445143932886
3,39.6646685314981,-12.202092747358495,9.953139731967953,11.2,3288.911152515167
3,39.91298084581266,-12.206243843170334,9.716072614713678,11.2,3289.4813379558213
3,40.40956016026449,-12.216917764911068,9.319589777940793,11.2,3290.0586173866823
3,40.40956016026449,-12.216917764911068,8.88769754378462,11.2,3290.635896817543
3,40.53372304390294,-12.218548582774822,9.035862349995886,11.2,3291.2149500038845
3,40.65788946784775,-12.219882900980965,9.311294081660591,11.2,3291.7957769962823
3,40.65788946784775,-12.219882900980965,9.492091197875702,11.2,3292.37660398868
3,40.78205872406189,-12.220920711920783,9.595280394063138,11.2,3292.9592048275954
3,40.90622798027603,-12.221958522860602,9.631466239135062,11.2,3293.543579513028
3,41.03039723649017,-12.22299633380042,9.567192087307873,11.2,3294.1297280449776
3,41.402905005132574,-12.226109766619878,9.44351147497701,11.2,3294.7211981164796
3,42.02373712485664,-12.232781357650591,9.228717272281868,11.2,3295.321537218263
3,42.52039621204166,-12.23871163542644,8.85886490679194,11.2,3295.9289714498636
3,43.01703924994897,-12.245827887597763,8.421109804539766,11.2,3296.543500582006
3,43.141197885264184,-12.24775519581967,8.352876852486132,11.2,3297.1598034089384
3,43.26536407319664,-12.249089511489574,8.721492142224873,11.2,3297.7778800385554
3,43.26536407319664,-12.249089511489574,8.98118043187405,11.2,3298.3959566681724
3,43.26536407319664,-12.249089511489574,9.151498956804737,11.2,3299.0140332977894
3,43.63788458717213,-12.248644730299954,9.205121578589084,11.2,3299.6374316490346
3,44.01040510114762,-12.249089511489574,8.906075932446779,11.2,3300.266151721908
3,44.507098175677555,-12.250275594098284,8.511773851634981,11.2,3300.901967410132
3,45.1279621585829,-12.252499495819272,8.030089218535007,11.2,3301.546652583826
3,45.1279621585829,-12.252499495819272,7.561988430982835,11.2,3302.19133775752
3,45.37630845982247,-12.25309253656001,7.9225464933505805,11.2,3302.8395707355176
3,45.252134955163974,-12.253240796956549,8.157712693669088,11.2,3303.4860298063054
3,45.252134955163974,-12.253240796956549,8.259853119282958,11.2,3304.1324888770932
3,45.252134955163974,-12.253240796956549,8.241264904590023,11.2,3304.778947947881
3,45.376307751745045,-12.25279601661235,8.299688946813625,11.2,3305.427180915763
3,45.376307751745045,-12.25279601661235,8.264744607356443,11.2,3306.075413883645
3,45.376307751745045,-12.25279601661235,8.111640050351811,11.2,3306.723646851527
3,45.50047913217531,-12.252054718856776,7.849433317605681,11.2,3307.3736536962724
3,45.50047913217531,-12.252054718856776,7.823884846176992,11.2,3308.0236605410178
3,45.50047913217531,-12.252054718856776,8.016210143369321,11.2,3308.673667385763
3,45.50047913217531,-12.252054718856776,8.042420361728357,11.2,3309.3236742305085
3,45.50047913217531,-12.252054718856776,7.928436620675985,11.2,3309.973681075254
3,45.50047913217531,-12.252054718856776,7.888993453289522,11.2,3310.623687919999
3,45.50047913217531,-12.252054718856776,7.737559103596379,11.2,3311.2736947647445
3,45.50047913217531,-12.252054718856776,7.685466592962126,11.2,3311.92370160949
3,45.50047913217531,-12.252054718856776,7.679323338150948,11.2,3312.573708454235
3,45.50047913217531,-12.252054718856776,7.611742834828172,11.2,3313.2237152989806
3,45.37630987596117,-12.2530925297966,7.463758806513474,11.2,3313.8719482972087
3,45.37630987596117,-12.2530925297966,7.340603441632941,11.2,3314.520181295437
3,45.25214061974703,-12.254130340736424,7.259059089340088,11.2,3315.1666404471475
3,45.25214061974703,-12.254130340736424,7.208627864978148,11.2,3315.813099598858
3,45.12796923931677,-12.254871638491998,7.122603325229026,11.2,3316.4577848737054
3,45.0037964427357,-12.255316418836196,7.082744549572434,11.2,3317.100696251459
3,44.50710242410172,-12.255316418836196,7.052446842250381,11.2,3317.7365120003747
3,44.01040934957178,-12.254130336227487,7.287076837899943,11.2,3318.36523213394
3,43.389541826279306,-12.253389034244789,7.5764550187072395,11.2,3318.985082731458
3,42.27198028435285,-12.254723377813646,7.989579365039978,11.2,3319.5889681640915
3,41.27860357630754,-12.25946769021273,8.501124386510135,11.2,3320.178662500896
3,40.161080270380324,-12.268807988671155,9.057794204511232,11.2,3320.752392219044
3,38.67110442488079,-12.286598805090533,9.633803356296252,11.2,3321.3048365679706
3,38.298628518935146,-12.292380729756253,10.223750563542737,11.2,3321.851959832527
3,36.31221496918747,-12.330333064693328,10.803855991298713,11.2,3322.3707057606584
3,35.44322347163986,-12.350050010845523,11.340944173365646,11.2,3322.877037524539
3,34.45017812430346,-12.3761408276326,11.814374427360956,11.2,3323.369182926315
3,34.07779780099743,-12.386369511680826,12.24104906003005,11.2,3323.856008609186
3,34.07779780099743,-12.386369511680826,12.379136949574105,11.2,3324.3428342920574
3,34.07779780099743,-12.386369511680826,11.992242938646434,11.2,3324.8296599749287
3,34.69856501605356,-12.375250594865758,11.583796174059628,11.2,3325.3253537608725
3,34.94689432363681,-12.372285458795862,11.037362481509469,11.2,3325.824595108353
3,35.691927562760334,-12.370506350100463,10.457633055571184,11.2,3326.3344797878212
3,35.56775476617926,-12.370061569756265,9.96561375109047,11.2,3326.842590570195
3,35.56775476617926,-12.370061569756265,10.395398638639952,11.2,3327.350701352569
3,35.44358126152077,-12.369913309359726,10.805418708251327,11.2,3327.8570382277335
3,35.319407756862276,-12.370061569756265,11.133025969766488,11.2,3328.3616011956888
3,35.44358126152077,-12.369913309359726,11.333161193358935,11.2,3328.867938070853
3,35.69192850686384,-12.369913309359724,11.16747384200343,11.2,3329.377822763808
3,35.69192850686384,-12.369913309359724,10.984489578458835,11.2,3329.887707456763
3,36.561136430760094,-12.373026765851103,10.677092527041557,11.2,3330.410009405774
3,37.18196737042242,-12.379698344200628,10.222607132026978,11.2,3330.9411803682087
3,37.92690431336611,-12.392151631636146,9.876440310846833,11.2,3331.482993286971
3,38.795894159156994,-12.411868540310843,9.549432331608356,11.2,3332.0372203463876
3,39.168274482463026,-12.422097224359051,9.151873346699015,11.2,3332.5967671247085
3,39.29240125689837,-12.425506785708453,8.879239766317994,11.2,3333.158087142664
3,39.41653581929713,-12.428619928555815,9.32223053427421,11.2,3333.721180511511
3,39.54068359803888,-12.43114017804258,9.689370768630607,11.2,3334.2860474200547
3,39.54068359803888,-12.43114017804258,9.974570871803222,11.2,3334.8509143285983
3,39.78901314163139,-12.434105316930506,10.083218770376963,11.2,3335.41932880205
3,40.03734882179034,-12.436477446076466,9.943644400537664,11.2,3335.9912909280756
3,40.409866503460165,-12.437811784572771,9.76623089711859,11.2,3336.5685747352677
3,40.78238701743565,-12.437367003383152,9.591656212080407,11.2,3337.151180264088
3,41.52742662923056,-12.435587879470077,9.578636704249323,11.2,3337.7444292159344
3,41.89994714320605,-12.435143098280458,9.527504579692543,11.2,3338.342999889409
3,43.141664487915946,-12.441073471870768,9.131162882512555,11.2,3338.9593093820936
3,44.010829455529645,-12.450413699313767,8.612741461213432,11.2,3339.5880355171726
3,45.12825504938866,-12.467759440340547,8.035434209190031,11.2,3340.232724875021
3,46.36963253453869,-12.497408603008372,7.372692688202706,11.2,3340.895148196943
3,47.23846048516556,-12.52335032587162,6.817276538646964,11.2,3341.569983346731
3,47.48670553826189,-12.530465847630063,6.503297375108931,11.2,3342.2483648544207
3,47.610840100660646,-12.53357899047742,6.942332469658395,11.2,3342.9285197130016
3,47.11423812912017,-12.524090933795213,7.325864475111902,11.2,3343.6015802577035
3,46.86590882153691,-12.521125797725317,7.784518785949345,11.2,3344.271093240868
3,46.61756818489252,-12.51934668902993,8.074491988274941,11.2,3344.9370585006523
3,46.61756818489252,-12.51934668902993,8.223783078407925,11.2,3345.6030237604364
3,46.61756818489252,-12.51934668902993,8.261028457807587,11.2,3346.2689890202205
3,46.86590882153691,-12.517567580334532,8.198386412426336,11.2,3346.938502003385
3,47.114244737711175,-12.515195448934119,8.159514370459739,11.2,3347.6115626424953
3,47.23841399392531,-12.514157637994295,8.093984761873719,11.2,3348.2863971281226
3,47.8592708960766,-12.510451149216427,8.061663370143213,11.2,3348.9701009980668
3,48.23179070197466,-12.51000636887223,7.97774620896752,11.2,3349.6591265795237
3,48.60430909171787,-12.511340709904822,7.7741063288000705,11.2,3350.3534738522626
3,48.728481888298944,-12.51178549024902,7.4768762271855795,11.2,3351.049595022095
3,48.728481888298944,-12.51178549024902,7.616147696386691,11.2,3351.745716191928
3,48.85265539295744,-12.511933750645559,7.834259101666815,11.2,3352.44361126897
3,48.97682889761593,-12.51178549024902,7.916104969027595,11.2,3353.1432802532217
3,48.97682889761593,-12.51178549024902,7.966547085010039,11.2,3353.8429492374735
3,49.101001694197,-12.511340709904822,8.029557133271258,11.2,3354.5443921188194
3,49.101001694197,-12.511340709904822,7.959858370183512,11.2,3355.2458350001652
3,49.225173074627264,-12.510599412149247,7.780333405884677,11.2,3355.949051758374
3,49.225173074627264,-12.510599412149247,7.65547355182848,11.2,3356.652268516583
3,49.3493423308414,-12.509561601209423,7.4862449388895,11.2,3357.357259121309
3,49.225173074627264,-12.510599412149247,7.6663069479904,11.2,3358.060475879518
3,49.225173074627264,-12.510599412149247,7.798595206500902,11.2,3358.7636926377268
3,49.225173074627264,-12.510599412149247,7.859229332007939,11.2,3359.4669093959355
3,49.225173074627264,-12.510599412149247,7.835213277703219,11.2,3360.1701261541443
3,49.225173074627264,-12.510599412149247,7.760651688224128,11.2,3360.873342912353
3,49.101001694197,-12.511340709904822,7.660138187895736,11.2,3361.574785793699
3,49.101001694197,-12.511340709904822,7.62502728911562,11.2,3362.276228675045
3,49.101001694197,-12.511340709904822,7.698121045712566,11.2,3362.9776715563908
3,49.101001694197,-12.511340709904822,7.621752233256604,11.2,3363.6791144377366
3,48.97682889761593,-12.51178549024902,7.62660124156023,11.2,3364.3787834219884
3,48.97682889761593,-12.51178549024902,7.535310587691891,11.2,3365.07845240624
3,48.97682889761593,-12.51178549024902,7.3960101111406775,11.2,3365.778121390492
3,48.85265539295744,-12.511933750645559,7.378978997708235,11.2,3366.476016467534
3,48.85265539295744,-12.511933750645559,7.33689321720709,11.2,3367.173911544576
3,48.728481888298944,-12.512082011042098,7.2016271269373995,11.2,3367.870032714409
3,48.48013535103397,-12.512675052346456,7.28683465666453,11.2,3368.562606076566
3,48.231791174022646,-12.513861130446227,7.39400151661346,11.2,3369.2516316647666
3,47.61094489295197,-12.51905018514535,7.574842898896874,11.2,3369.9317880203803
3,47.36260897677771,-12.521422316545763,7.793810094757449,11.2,3370.6083967200484
3,46.36929174644468,-12.533282860825349,8.025953711073418,11.2,3371.270815173569
3,45.87266711781555,-12.541585052449028,8.37813601380213,11.2,3371.926138989538
3,45.127761328711145,-12.555817191576478,8.61916526595395,11.2,3372.5708212942336
3,44.134602699807495,-12.577165035057968,8.90883568014517,11.2,3373.2013156185167
3,43.63804981807881,-12.589024745210342,9.224101747412618,11.2,3373.8247163302035
3,42.89326580757651,-12.60859285780065,9.531462429142223,11.2,3374.437477270312
3,42.1485299405,-12.629939443363515,9.840285994219576,11.2,3375.0395991266046
3,41.90028465147449,-12.63705497188447,10.140437924334371,11.2,3375.6381746216257
3,41.15554878439798,-12.658401557447336,10.352655720483247,11.2,3376.2261110328313
3,40.907303495372474,-12.665517085968292,10.464956007237944,11.2,3376.8105010827653
3,40.53492317206644,-12.675745770016517,10.480702375796662,11.2,3377.389571413795
3,40.410788609667684,-12.678858912863879,10.515502879095289,11.2,3377.966868393933
3,40.286646967160884,-12.68167561945705,10.539108932529102,11.2,3378.542391922035
3,40.16249895244177,-12.68419587373425,10.472707800381421,11.2,3379.11614190707
3,40.28665263144112,-12.681972086144317,10.370160199432235,11.2,3379.6916655160903
3,40.28665263144112,-12.681972086144317,10.23599190860346,11.2,3380.2671891251107
3,40.28665263144112,-12.681972086144317,10.171456229372804,11.2,3380.842712734131
3,40.28665263144112,-12.681972086144317,10.21111698354994,11.2,3381.4182363431514
3,40.28665263144112,-12.681972086144317,10.26305871295296,11.2,3381.993759952172
3,40.28665263144112,-12.681972086144317,10.293873006884784,11.2,3382.569283561192
3,40.28665263144112,-12.681972086144317,10.305588765891853,11.2,3383.1448071702125
3,40.28665263144112,-12.681972086144317,10.308562730248468,11.2,3383.720330779233
3,40.28665263144112,-12.681972086144317,10.24183607467496,11.2,3384.2958543882532
3,40.28665263144112,-12.681972086144317,10.14825179135894,11.2,3384.8713779972736
3,40.41080631044047,-12.679748298554383,10.179687211766927,11.2,3385.44867523028
3,40.41080631044047,-12.679748298554383,10.179687663842605,11.2,3386.0259724632865
3,40.41080631044047,-12.679748298554383,10.31695171981446,11.2,3386.603269696293
3,40.41080631044047,-12.679748298554383,10.4192706770718,11.2,3387.1805669292994
3,40.53495432515958,-12.677228044277182,10.493897480134908,11.2,3387.7596377053733
3,40.53495432515958,-12.677228044277182,10.602284532414204,11.2,3388.338708481447
3,40.53495432515958,-12.677228044277182,10.734170452335047,11.2,3388.917779257521
3,40.65909596766638,-12.674411337684012,10.842030649626627,11.2,3389.4986234856306
3,41.03152089518679,-12.665961217904517,10.942548812668612,11.2,3390.0847880698475
3,41.652288110242914,-12.654842301089438,11.044649025868432,11.2,3390.679820757137
3,42.397276032992686,-12.64594689287975,10.909333644445963,11.2,3391.285496129037
3,43.63897921621466,-12.637051349402757,10.471992412112776,11.2,3391.9089101178397
3,44.75653863390884,-12.635717008370165,9.906060251305147,11.2,3392.5482892411815
3,46.1224212224022,-12.643871268181975,9.127472421899363,11.2,3393.20718097293
3,46.867409145151974,-12.652766676391664,8.188610002324818,11.2,3393.8767153892895
3,49.35028683973388,-12.706135879321563,7.151670059626764,11.2,3394.581719487
3,50.71536985820348,-12.75342123752946,5.98920905496052,11.2,3395.306224770689
3,51.831956518358815,-12.800109681805761,5.316294605296535,11.2,3396.0466812923796
3,52.32819224485881,-12.821452615600643,5.083964266300528,11.2,3396.7942268958777
3,52.08007438160881,-12.810781148703201,5.457965333424411,11.2,3397.5382279584724
3,51.70784343368686,-12.796107191329279,5.843549094651582,11.2,3398.2769114360963
3,51.33551691602456,-12.784100199143658,6.137625203712444,11.2,3399.010275963468
3,51.08725557919046,-12.777577494946895,6.4190335793757685,11.2,3399.7400939003132
3,50.59065360764998,-12.768089438264688,6.69201619191213,11.2,3400.4628175232797
3,50.34232430006673,-12.765124302194792,6.885008609538092,11.2,3401.1819935847093
3,49.84563736218277,-12.762752152758669,7.030697769461275,11.2,3401.8940741184547
3,49.72146385752428,-12.762900413155208,7.150593904031395,11.2,3402.6043807449905
3,49.47311968051295,-12.764086491254979,7.2361083705507845,11.2,3403.3111395975693
3,49.47311968051295,-12.764086491254979,7.309188392332345,11.2,3404.017898450148
3,49.34894830008269,-12.764827789010553,7.330228610096482,11.2,3404.7228834258635
3,49.34894830008269,-12.764827789010553,7.322319275364704,11.2,3405.427868401579
3,49.22477550350162,-12.765272569354751,7.294014306397933,11.2,3406.1310794802002
3,48.97642849418463,-12.765272569354751,7.362536580820223,11.2,3406.830742744403
3,48.85225569760356,-12.764827789010553,7.390439617626634,11.2,3407.5286321115113
3,48.85225569760356,-12.764827789010553,7.386805581541076,11.2,3408.22652147862
3,48.7280843171733,-12.764086491254986,7.31677862377394,11.2,3408.922636968865
3,48.60391506095916,-12.763048680315167,7.266141578946543,11.2,3409.616978612593
3,48.355585753375905,-12.760083544245271,7.258337871547354,11.2,3410.307772694784
3,48.355585753375905,-12.760083544245271,7.304750577370735,11.2,3410.998566776975
3,47.85896112474678,-12.751781352621592,7.236258538962567,11.2,3411.6822662216146
3,47.610671467520866,-12.746444391751226,7.204402987756619,11.2,3412.3624186711504
3,47.48653690512211,-12.743331248903871,7.219934532753216,11.2,3413.040797769795
3,47.23829185202578,-12.736215727145428,7.176878063955083,11.2,3413.715630510538
3,46.74187537402314,-12.71961366359226,7.231608620381539,11.2,3414.3833715873097
3,46.12143264913912,-12.696638543430366,7.533462334497697,11.2,3415.0422491965833
3,45.252812834301494,-12.664473375203714,7.845075756290663,11.2,3415.688717951359
3,44.011771639294885,-12.622968216320793,8.347670803854154,11.2,3416.3174575462062
3,42.89470713134605,-12.589614572639473,8.918839430102276,11.2,3416.930239076654
3,41.777498193323346,-12.561596340269688,9.539083935931991,11.2,3417.5270604794155
3,40.535989724731046,-12.537876130934016,10.204513445025185,11.2,3418.106146046912
3,39.046018127393225,-12.520085365239149,10.785581895980442,11.2,3418.6639463058746
3,37.92846508238375,-12.516082349750233,11.330907152793593,11.2,3419.205781521337
3,36.935079877425494,-12.518454512713182,11.849153525301285,11.2,3419.733425519586
3,36.190057967492315,-12.523791838799378,12.32975942913296,11.2,3420.250426347693
3,35.5692447293282,-12.531945912619049,12.783600060941167,11.2,3420.758558415255
3,35.44509105032885,-12.534169700208981,13.17948110935351,11.2,3421.264916858831
3,35.44509105032885,-12.534169700208981,12.806455792197312,11.2,3421.771275302407
3,35.69339298003032,-12.529425653833163,12.351811451822776,11.2,3422.2811809164073
3,36.189996839433256,-12.519937561081528,11.931530015746839,11.2,3422.798180871256
3,36.8107888360216,-12.510301038288873,11.52295158539468,11.2,3423.324049283199
3,37.55579587649845,-12.50318465085097,11.10580603348341,11.2,3423.8605606528636
3,38.176658679281495,-12.500960753357118,10.513872381255656,11.2,3424.405941491139
3,39.04586660317775,-12.504074209848497,9.899805258991925,11.2,3424.96373958547
3,39.7908736436546,-12.511190597286381,9.40727221036302,11.2,3425.5321806375223
3,39.91504006759941,-12.512524915492524,9.021265939288162,11.2,3426.102395495631
3,39.91504006759941,-12.512524915492524,9.45371702287792,11.2,3426.6726103537394
3,39.790870811385275,-12.511487104552705,9.753702669096345,11.2,3427.241051365331
3,39.790870811385275,-12.511487104552705,9.955550044654016,11.2,3427.809492376922
3,39.790870811385275,-12.511487104552705,9.8964116675618,11.2,3428.3779333885136
3,40.03921168404969,-12.51326621493894,9.677833282314344,11.2,3428.949922126857
3,40.287547364208635,-12.515638344084902,9.609963804058271,11.2,3429.5254585177745
3,40.53588304436758,-12.518010473230863,9.468736775454845,11.2,3430.1045425612656
3,40.53588304436758,-12.518010473230863,9.261801573849532,11.2,3430.6836266047567
3,40.66005442479784,-12.51875177098643,9.297250348882082,11.2,3431.264484525111
3,40.66005442479784,-12.51875177098643,9.511179554285834,11.2,3431.8453424454656
3,40.90839883783256,-12.519937850213427,9.652339754260007,11.2,3432.429748143149
3,41.15674325086727,-12.521123929440424,9.704419126690997,11.2,3433.0177016181615
3,41.529261640610486,-12.522458270473017,9.557908497701291,11.2,3433.610976784456
3,42.150125623515834,-12.524682172194005,9.341949111350162,11.2,3434.2131214362203
3,42.64681444958526,-12.527054330648001,8.969391331840619,11.2,3434.822361642643
3,43.019321510174464,-12.530167757549531,8.523413601473205,11.2,3435.436923378503
3,43.64013592836668,-12.5383218468683,8.383164190248632,11.2,3436.0603538917653
3,43.76429881200513,-12.539952664732054,8.154866344721919,11.2,3436.685558160508
3,43.888465235949944,-12.541286982938196,8.35098815617988,11.2,3437.3125362353076
3,43.764295979735806,-12.540249171998378,8.621927167940461,11.2,3437.9377404635893
3,43.764295979735806,-12.540249171998378,8.767914430112334,11.2,3438.562944691871
3,43.764295979735806,-12.540249171998378,8.791566548022953,11.2,3439.188148920153
3,43.88846736016607,-12.540990469753945,8.714240408847544,11.2,3439.815127025298
3,44.01264015674714,-12.541435250098143,8.736054932291392,11.2,3440.443879027537
3,44.260987166064126,-12.541435250098143,8.665589311581657,11.2,3441.076178844195
3,44.3851599626452,-12.540990469753945,8.513013177412384,11.2,3441.710252557947
3,44.50933275922627,-12.540545689409747,8.278073123798032,11.2,3442.3461001687933
3,44.50933275922627,-12.540545689409747,8.13204790882312,11.2,3442.9819477796395
3,44.50933275922627,-12.540545689409747,8.200695079445332,11.2,3443.6177953904858
3,44.3851599626452,-12.540990469753945,8.392746388997141,11.2,3444.251869104238
3,44.3851599626452,-12.540990469753945,8.489737808499497,11.2,3444.88594281799
3,44.3851599626452,-12.540990469753945,8.439869573207336,11.2,3445.520016531742
3,44.3851599626452,-12.540990469753945,8.388739119343436,11.2,3446.154090245494
3,44.260987166064126,-12.541435250098143,8.244813347985689,11.2,3446.786390062152
3,44.260987166064126,-12.541435250098143,8.226963716360801,11.2,3447.41868987881
3,44.260987166064126,-12.541435250098143,8.333645559861509,11.2,3448.0509896954677
3,44.260987166064126,-12.541435250098143,8.288375493443096,11.2,3448.6832895121256
3,44.260987166064126,-12.541435250098143,8.168442908253656,11.2,3449.3155893287835
3,44.260987166064126,-12.541435250098143,8.12608027562831,11.2,3449.9478891454414
3,44.260987166064126,-12.541435250098143,8.02040477643318,11.2,3450.5801889620993
3,44.13681366140563,-12.541583510494682,8.017075710519618,11.2,3451.210714871548
3,44.13681366140563,-12.541583510494682,7.946873363341773,11.2,3451.841240780997
3,44.13681366140563,-12.541583510494682,7.815335654240324,11.2,3452.4717666904457
3,44.13681366140563,-12.541583510494682,7.735143397765211,11.2,3453.1022925998946
3,44.13681366140563,-12.541583510494682,7.593450724306858,11.2,3453.7328185093434
3,44.13681366140563,-12.541583510494682,7.470114581332629,11.2,3454.363344418792
3,44.01264015674714,-12.541435250098143,7.341891733118365,11.2,3454.9920964210314
3,44.01264015674714,-12.541435250098143,7.217714872328657,11.2,3455.6208484232707
3,43.888466652088646,-12.541286989701604,7.082314604106897,11.2,3456.2478265183004
3,43.76429314743015,-12.541138729305064,6.956979125731858,11.2,3456.873030706121
3,43.267600072900215,-12.539952646696355,7.124456900303333,11.2,3457.491139278591
3,43.143427276319144,-12.539507866352157,7.350284353499666,11.2,3458.107473953967
3,41.65334946888176,-12.535949621907733,7.759494244947939,11.2,3458.702521803523
3,40.6599642639235,-12.538321784870682,8.24860457885321,11.2,3459.2833784358645
3,39.66660171734593,-12.545438219652276,8.76390141980274,11.2,3459.8500441746837
3,38.424922136474635,-12.557298876654338,9.31968532262891,11.2,3460.398971633776
3,36.81080771724793,-12.578499468585486,9.908139573442847,11.2,3460.924840315451
3,35.6934246062538,-12.598513556894881,10.543458562596143,11.2,3461.4347463812546
3,34.5760924737818,-12.621195845389696,11.117119025065543,11.2,3461.9286905594513
3,33.45881769122059,-12.646546204728233,11.676315121427143,11.2,3462.4066736693258
3,32.58987575442931,-12.66833820465976,12.159178235286866,11.2,3462.8722433229605
3,32.21747206723305,-12.677677633201842,12.594641501393872,11.2,3463.332492923921
3,32.09333042472625,-12.680494339795013,12.577778711220036,11.2,3463.7909690728457
3,32.46577446888358,-12.672933576963407,12.26171768358451,11.2,3464.2547658509725
3,32.83824966683658,-12.667151663287815,11.826879256046475,11.2,3464.723883703356
3,33.4590947678186,-12.661962618451913,11.386631365420023,11.2,3465.201870771468
3,33.83161457371666,-12.661517838107715,10.75692682431103,11.2,3465.6851795510925
3,34.576634359472074,-12.666855148976305,10.093609348775859,11.2,3466.1791314705133
3,34.70079724311052,-12.66848596684006,9.697543113388088,11.2,3466.674857145415
3,34.70079724311052,-12.66848596684006,9.803686223511752,11.2,3467.1705828203167
3,34.576634359472074,-12.666855148976305,10.168349893042958,11.2,3467.6645347397375
3,34.45246793552726,-12.665520830770163,10.408157819286984,11.2,3468.1567128531024
3,34.45246793552726,-12.665520830770163,10.52684301735097,11.2,3468.648890966467
3,34.45246793552726,-12.665520830770163,10.560592747722284,11.2,3469.141069079832
3,34.5766371917414,-12.666558641709981,10.449274754468023,11.2,3469.635021039714
3,34.70080857217166,-12.667299939465549,10.302677543823362,11.2,3470.1307468764594
3,34.70080857217166,-12.667299939465549,10.292745504957416,11.2,3470.6264727132047
3,34.82498136875273,-12.667744719809747,10.217473667517732,11.2,3471.1239724470443
3,34.949154873411224,-12.667892980206286,10.101475993368984,11.2,3471.623246088093
3,35.07332837806972,-12.667744719809747,10.083298619336093,11.2,3472.124293636351
3,35.19750117465079,-12.667299939465549,10.223351926018543,11.2,3472.6271150817033
3,35.57002098054885,-12.66685515912135,10.294324641791112,11.2,3473.1352582385684
3,35.57002098054885,-12.66685515912135,10.331474664605807,11.2,3473.6434013954336
3,36.190884963454195,-12.66907906084234,10.249228878800293,11.2,3474.1604140377685
3,36.56340335319741,-12.670413401874931,10.056888383698427,11.2,3474.6827483713855
3,36.6875768578559,-12.67056166227147,9.835429766844246,11.2,3475.206856612212
3,36.93592410319897,-12.670561662271469,9.87223772879799,11.2,3475.734512670829
3,37.556786905982015,-12.67278555976531,9.836225882008886,11.2,3476.2710381980573
3,38.17763318705269,-12.677974614464405,9.643230687328423,11.2,3476.816432957872
3,38.798465306776755,-12.684646205495119,9.31786873886901,11.2,3477.370696747969
3,39.04679485036927,-12.687611344383043,8.917419601634698,11.2,3477.9285081029743
3,40.41253724286362,-12.708811694526885,8.562221472401436,11.2,3478.5058300635865
3,40.90911655731545,-12.719485616267619,8.265036875444842,11.2,3479.0902460144052
3,41.15740621454136,-12.724822577137985,7.914618623700953,11.2,3479.678208960327
3,41.28155989354071,-12.727046364727919,8.097128804220322,11.2,3480.267945530235
3,41.28155989354071,-12.727046364727919,8.380524470124662,11.2,3480.857682100143
3,41.40571852885592,-12.728973672949826,8.63029158778463,11.2,3481.4491923648407
3,41.40571852885592,-12.728973672949826,8.782473155947239,11.2,3482.0407026295384
3,41.52988141249437,-12.73060449081358,8.732906721130188,11.2,3482.633986649717
3,41.902388473083576,-12.73371791771511,8.585398495336797,11.2,3483.2325921993324
3,42.15073288611829,-12.734903996942107,8.346374476842707,11.2,3483.834745526277
3,42.27490568269936,-12.735348777286305,8.071455362168853,11.2,3484.4386727503156
3,42.27490568269936,-12.735348777286305,8.19021462784565,11.2,3485.0425999743543
3,42.399079187357856,-12.735497037682844,8.395654647910131,11.2,3485.648301105602
3,42.399079187357856,-12.735497037682844,8.48859071204807,11.2,3486.25400223685
3,42.399079187357856,-12.735497037682844,8.468136437121863,11.2,3486.8597033680976
3,42.52325269201635,-12.735348777286305,8.454626667425723,11.2,3487.467178406555
3,42.52325269201635,-12.735348777286305,8.374102690612064,11.2,3488.0746534450122
3,42.52325269201635,-12.735348777286305,8.237879964561353,11.2,3488.6821284834696
3,42.64742548859742,-12.734903996942107,8.372502131091561,11.2,3489.291377419021
3,42.77159686902768,-12.734162699186534,8.398243877979105,11.2,3489.902400231436
3,42.77159686902768,-12.734162699186534,8.325457878893394,11.2,3490.5134230438507
3,42.77159686902768,-12.734162699186534,8.139959804992275,11.2,3491.1244458562655
3,42.89576612524182,-12.73312488824671,8.057073483978447,11.2,3491.7372425151975
3,42.77159686902768,-12.734162699186534,8.184416379577344,11.2,3492.3482653276124
3,42.77159686902768,-12.734162699186534,8.167981068507922,11.2,3492.959288140027
3,42.77159686902768,-12.734162699186534,8.015534513542379,11.2,3493.570310952442
3,42.77159686902768,-12.734162699186534,8.02348806615634,11.2,3494.181333764857
3,42.77159686902768,-12.734162699186534,7.950513744557712,11.2,3494.7923565772717
3,42.77159686902768,-12.734162699186534,7.83107649183598,11.2,3495.4033793896865
3,42.64742548859742,-12.734903996942109,7.785090957919533,11.2,3496.012628325238
3,42.64742548859742,-12.734903996942109,7.675503906441987,11.2,3496.6218772607895
3,42.64742548859742,-12.734903996942109,7.560057404407166,11.2,3497.231126196341
3,42.52325410816716,-12.735645294697683,7.438731377369523,11.2,3497.838601255029
3,42.52325410816716,-12.735645294697683,7.310931756755147,11.2,3498.446076313717
3,42.52325410816716,-12.735645294697683,7.168456488422026,11.2,3499.0535513724053
3,42.3990827277369,-12.736386592453258,7.109883599693497,11.2,3499.65925255423
3,42.15073642649733,-12.736979633193995,7.087089715775757,11.2,3500.2614059317516
3,41.90239012525777,-12.736386592453258,7.074842671792469,11.2,3500.8600115049694
3,41.65404571222305,-12.73520051322626,7.199044731525865,11.2,3501.455069300858
3,40.78486257084824,-12.727935850456024,7.376061299678812,11.2,3502.0377101947274
3,40.039873940070706,-12.719040433792252,7.71968866657327,11.2,3502.609708393871
3,39.04655576570066,-12.707179878240554,8.186860947167016,11.2,3503.167516333381
3,37.92905795019734,-12.69517101438527,8.739957756227053,11.2,3503.709360018384
3,36.314833072887,-12.685534161880405,9.420063140294705,11.2,3504.2281433479966
3,34.94892711792745,-12.687165023142462,10.076110817648091,11.2,3504.7274137353957
3,33.58304193319461,-12.695319298453771,10.777384900931894,11.2,3505.2071714772983
3,32.71387861766736,-12.70465950814312,11.456681708652388,11.2,3505.674512600408
3,30.851576972498997,-12.738016258588326,12.064469483311694,11.2,3506.1152494143007
3,30.10674835778233,-12.75580580690992,12.610532509960489,11.2,3506.545345819412
3,29.486114485605604,-12.772853613656963,13.134837307175578,11.2,3506.9665760263492
3,29.610241260040947,-12.769444052307556,13.145763115771123,11.2,3507.3895794729215
3,29.734375822439702,-12.766330909460194,12.666115102549918,11.2,3507.814356270385
3,30.106800749960104,-12.757880789680682,12.223240994543046,11.2,3508.2444534239557
3,30.851735568968277,-12.745427537751489,11.65174981999644,11.2,3508.6851925035126
3,31.100071249127225,-12.743055408605521,10.98427408760864,11.2,3509.129479235643
3,31.720935232036613,-12.742314110849946,10.426911118406302,11.2,3509.5826354532437
3,31.720935232036613,-12.742314110849946,10.348004869733886,11.2,3510.0357916708444
3,31.720935232036613,-12.742314110849946,10.832831510872897,11.2,3510.488947888445
3,31.348416842293403,-12.740979769817354,11.238228593391831,11.2,3510.9367824147635
3,31.348416842293403,-12.740979769817354,11.398486283264226,11.2,3511.3846169410817
3,31.472590346951897,-12.741128030213893,11.445988715857075,11.2,3511.8342253746096
3,31.596763851610394,-12.740979769817354,11.389085021620694,11.2,3512.285607715347
3,31.720936648191465,-12.740534989473156,11.285458647890074,11.2,3512.738763953178
3,31.969277284835858,-12.738755880777758,11.161342463879933,11.2,3513.19546791439
3,32.217606592419116,-12.735790744707861,11.012209468184029,11.2,3513.655719437139
3,32.34176522773433,-12.733863436485954,10.856609160052871,11.2,3514.117744654678
3,32.59399289878588,-12.733863436485954,10.768063519892312,11.2,3514.5833731246607
3,32.96646880473152,-12.728081511820234,10.870500504955157,11.2,3515.054322679014
3,33.95980869318682,-12.718593022289644,10.957925896242152,11.2,3515.5394628032027
3,34.20815310622154,-12.717406943062644,10.696375358018491,11.2,3516.0281507047202
3,35.57405906118109,-12.715776081800586,10.308699212767209,11.2,3516.5363515484514
3,36.69159936085748,-12.72244774891934,9.845945903837471,11.2,3517.0605172536066
3,38.18152422655094,-12.743796444564548,9.195119876776195,11.2,3517.6059675997003
3,39.422901711700966,-12.773445607232373,8.490220490587959,11.2,3518.1691519098677
3,40.78809894312941,-12.817471245246313,7.796396552096303,11.2,3518.7518390376267
3,41.780761996970384,-12.855416655063648,7.159550355492568,11.2,3519.348707066155
3,42.401148089387576,-12.879873297173422,6.894091017912274,11.2,3519.954437753146
3,42.52523663436438,-12.884468321205802,7.350623658147589,11.2,3520.561941133637
3,42.52523663436438,-12.884468321205802,7.653938266790466,11.2,3521.169444514128
3,42.64937119676314,-12.887581464053156,7.899484910957391,11.2,3521.77872124551
3,42.77351283926994,-12.890398170646321,8.000552447769525,11.2,3522.3897714289283
3,43.0218145329884,-12.895142212513456,7.986715220809626,11.2,3523.0043687793996
3,43.14597316830361,-12.897069520735363,7.969972234469762,11.2,3523.620739824661
3,43.27013605194206,-12.898700338599117,7.864040744520312,11.2,3524.238884625403
3,43.394302475886875,-12.900034656805259,7.709891073775494,11.2,3524.8588032322014
3,43.394302475886875,-12.900034656805259,7.885562859378529,11.2,3525.4787218389997
3,43.51847173210101,-12.901072467745077,7.980777254943756,11.2,3526.1004142923152
3,43.642643112531275,-12.901813765500645,8.0398680756694,11.2,3526.723880622494
3,43.766815909112346,-12.902258545844843,8.010543795534188,11.2,3527.349120849767
3,43.89098941377084,-12.902406806241382,7.926040390743209,11.2,3527.9761349842497
3,44.01516291842933,-12.902258545844843,7.8510115895928365,11.2,3528.6049230259414
3,44.01516291842933,-12.902258545844843,7.913592980252941,11.2,3529.233711067633
3,44.01516291842933,-12.902258545844843,7.881730735868554,11.2,3529.8624991093247
3,44.01516291842933,-12.902258545844843,7.858029163802352,11.2,3530.4912871510164
3,44.139335715010404,-12.901813765500645,7.716381441463524,11.2,3531.1218490898023
3,44.139335715010404,-12.901813765500645,7.806377931311091,11.2,3531.752411028588
3,44.01516291842933,-12.902258545844843,7.805203916890553,11.2,3532.3811990702798
3,44.01516291842933,-12.902258545844843,7.734095517970274,11.2,3533.0099871119714
3,44.01516291842933,-12.902258545844843,7.637617225955886,11.2,3533.638775153663
3,44.01516291842933,-12.902258545844843,7.618253524556931,11.2,3534.267563195355
3,44.01516291842933,-12.902258545844843,7.518734721426274,11.2,3534.8963512370465
3,44.01516291842933,-12.902258545844843,7.381805516898971,11.2,3535.525139278738
3,43.89098941377084,-12.902406806241382,7.316061641219349,11.2,3536.1521534132207
3,43.89098941377084,-12.902406806241382,7.128236761207613,11.2,3536.7791675477033
3,43.89098941377084,-12.902406806241382,6.984732591524015,11.2,3537.406181682186
3,43.766815909112346,-12.902258545844843,6.831189664953672,11.2,3538.031421909459
3,43.642643112531275,-12.901813765500645,6.740653849764338,11.2,3538.654888239638
3,43.39430247588688,-12.900034656805257,6.693694448408086,11.2,3539.274806846436
3,43.14597316830363,-12.89706952073536,6.63693398584351,11.2,3539.8911778916977
3,43.14597316830363,-12.89706952073536,6.638948784600342,11.2,3540.507548936959
3,41.90441159673082,-12.876314041676162,6.925764741348651,11.2,3541.106183388341
3,40.91120387792493,-12.857337856172908,7.205897498547405,11.2,3541.690629158026
3,39.79382076693079,-12.837323767863513,7.782851164211542,11.2,3542.259112311839
3,38.30389165320886,-12.815975011349549,8.371112925008592,11.2,3542.806310764028
3,36.44135635026282,-12.8004078768419,9.181933377071958,11.2,3543.3269015690316
3,34.951278542825435,-12.796849632397477,9.959381616874124,11.2,3543.826205548215
3,33.337035255589534,-12.80263176588149,10.838635096360823,11.2,3544.3024489090094
3,32.71618897451886,-12.807820820580613,11.653610562103573,11.2,3544.7698230372166
3,29.736463858023935,-12.857633591589046,12.495908812567464,11.2,3545.1946296637598
3,28.61932501153869,-12.88831958540646,13.304016708379844,11.2,3545.6034771639247
3,27.874700294534726,-12.913222680736231,14.023786267575929,11.2,3546.0016871681323
3,27.874700294534726,-12.913222680736231,13.589504156888118,11.2,3546.39989717234
3,28.122908533536048,-12.904921648959641,12.992278498936999,11.2,3546.8016530085333
3,28.495263369518995,-12.893803767732535,12.455166452549282,11.2,3547.2087281995264
3,28.991786043187194,-12.880758359338998,12.007540698827581,11.2,3547.622896571572
3,29.61255089836611,-12.869639484793032,11.674204611786836,11.2,3548.045933012977
3,30.109230755536387,-12.866081277547293,11.220466774592303,11.2,3548.4760648809133
3,30.48175126951187,-12.865636496357673,10.851994030669312,11.2,3548.911518470478
3,30.48175126951187,-12.865636496357673,10.542807366479092,11.2,3549.3469720600424
3,30.48175126951187,-12.865636496357673,10.882035438778912,11.2,3549.782425649607
3,30.357577764853378,-12.865784756754213,11.13620055289286,11.2,3550.216105331962
3,30.357577764853378,-12.865784756754213,11.31425413024397,11.2,3550.649785014317
3,30.48175126951187,-12.865636496357673,11.273349142804072,11.2,3551.0852386038814
3,30.605924774170365,-12.865488235961134,11.284314866882148,11.2,3551.5224661006555
3,30.854271311435333,-12.864895194656777,11.29158157977146,11.2,3551.963241405105
3,31.226791825410817,-12.864450413467157,11.276620472395681,11.2,3552.4093384311823
3,31.97183072912951,-12.866229535689369,11.203985568747905,11.2,3552.86607887017
3,32.46851955519894,-12.868601694143365,10.847325856092304,11.2,3553.3299148638157
3,33.33770269657375,-12.875866356913601,10.478602026722026,11.2,3553.806167759481
3,34.57926072825404,-12.896621776795588,10.075201163723314,11.2,3554.300157198456
3,35.07581313806516,-12.908481475676629,9.533719744321346,11.2,3554.8012402432855
3,36.316946368309274,-12.947022859514199,8.926008596049787,11.2,3555.3200537628327
3,37.309609422150245,-12.984968269331533,8.338167124512813,11.2,3555.853048183149
3,37.6818743494877,-12.99875331522637,7.851153938154369,11.2,3556.391360673856
3,37.93010170327279,-13.006461613971487,8.06062849322974,11.2,3556.933219269617
3,37.80597492883744,-13.003052052622078,8.459984836185622,11.2,3557.4733046257434
3,37.681840366438685,-12.999938909774723,8.852571512575643,11.2,3558.011616630978
3,37.805982008945485,-13.002755616367889,9.164575794039997,11.2,3558.551702088249
3,37.930130023664596,-13.00527587064509,9.326416190786249,11.2,3559.093561088587
3,38.178442337979156,-13.009426966456928,9.385487641049956,11.2,3559.6389674077013
3,38.799256756171374,-13.017581055775697,9.376595728970761,11.2,3560.1932425042182
3,39.42008887589544,-13.02425264680641,9.249854149492027,11.2,3560.7563866310165
3,40.0409209956195,-13.030924237837123,9.005035548346353,11.2,3561.3283997880967
3,40.66173541381172,-13.039078327155892,8.63730596779055,11.2,3561.9092817225796
3,41.65498467106997,-13.05568271040325,8.149062571709734,11.2,3562.5043529321665
3,42.275724744665524,-13.068283981789257,7.58691658332029,11.2,3563.10829185709
3,42.524026438383984,-13.073028023656391,7.0592093971111,11.2,3563.715777949067
3,42.89651438128246,-13.077920467948195,7.402548187119235,11.2,3564.3285852973713
3,42.77234512506832,-13.076882657008376,7.692261783690127,11.2,3564.939618799158
3,42.77234512506832,-13.076882657008376,7.870736793742153,11.2,3565.5506523009444
3,42.89651650549858,-13.077623954763943,8.06035995856929,11.2,3566.1634596795943
3,42.89651650549858,-13.077623954763943,8.07401760776968,11.2,3566.7762670582442
3,43.02068930207965,-13.078068735108141,7.974625540014643,11.2,3567.3908483339883
3,43.144862806738146,-13.07821699550468,7.777095294401173,11.2,3568.007203516942
3,43.144862806738146,-13.07821699550468,7.742759657654119,11.2,3568.6235586998955
3,43.26903631139664,-13.078068735108141,7.9028793989392065,11.2,3569.241687790058
3,43.26903631139664,-13.078068735108141,8.132963878138728,11.2,3569.859816880221
3,43.144862806738146,-13.07821699550468,8.22993250613594,11.2,3570.4761720631745
3,43.26903631139664,-13.078068735108141,8.193071234532843,11.2,3571.0943011533373
3,43.26903631139664,-13.078068735108141,8.087700832543803,11.2,3571.7124302435
3,43.26903631139664,-13.078068735108141,7.983126322238904,11.2,3572.3305593336627
3,43.144862806738146,-13.07821699550468,8.11837658562758,11.2,3572.9469145166163
3,43.144862806738146,-13.07821699550468,8.21265127468976,11.2,3573.56326969957
3,43.144862806738146,-13.07821699550468,8.199948679799675,11.2,3574.1796248825235
3,43.144862806738146,-13.07821699550468,8.15539549862232,11.2,3574.795980065477
3,43.144862806738146,-13.07821699550468,8.04734778822872,11.2,3575.4123352484307
3,43.144862806738146,-13.07821699550468,8.006210287864208,11.2,3576.0286904313843
3,43.144862806738146,-13.07821699550468,7.985795983673454,11.2,3576.645045614338
3,43.144862806738146,-13.07821699550468,7.936831757752084,11.2,3577.2614007972916
3,43.144862806738146,-13.07821699550468,7.825593872666399,11.2,3577.877755980245
3,43.02068930207965,-13.078068735108141,7.732318411881718,11.2,3578.4923372559892
3,43.02068930207965,-13.078068735108141,7.675548095971001,11.2,3579.1069185317333
3,43.02068930207965,-13.078068735108141,7.570983676292975,11.2,3579.7214998074774
3,43.02068930207965,-13.078068735108141,7.423448848366556,11.2,3580.3360810832214
3,43.02068930207965,-13.078068735108141,7.315295523986462,11.2,3580.9506623589655
3,42.89651579742116,-13.077920474711602,7.196193861308167,11.2,3581.5634697275
3,42.89651579742116,-13.077920474711602,7.065524297305737,11.2,3582.1762770960345
3,42.772342292762666,-13.077772214315063,7.006193734717599,11.2,3582.78731055736
3,42.15147476947019,-13.077030912332365,7.1991576301199744,11.2,3583.389474482638
3,41.530607246177716,-13.077772214315063,7.399469839789734,11.2,3583.982768871869
3,40.78556763438281,-13.079551338228137,7.935756946815088,11.2,3584.565419838075
3,39.419685045889445,-13.087705598039989,8.320831745671292,11.2,3585.128558195873
3,38.302187230386124,-13.099714461895273,8.945557833477025,11.2,3585.6757322991643
3,37.06057963561784,-13.117505092323576,9.495473744566835,11.2,3586.205169151102
3,35.94319652462371,-13.137519180632971,10.163461039603146,11.2,3586.718643387168
3,34.82586439215171,-13.160201469127838,10.787476272604248,11.2,3587.216155735627
3,33.460386801235074,-13.194445975357597,11.38734671461489,11.2,3587.694161261359
3,32.21925003230962,-13.232987469083207,11.987050549596546,11.2,3588.1544362618206
3,31.474686905747575,-13.259668621501854,12.542657882595744,11.2,3588.6040746461886
3,31.22245923469602,-13.259668621501854,13.070739440163505,11.2,3589.050109778113
3,31.346547779672825,-13.255073597469476,13.140418737247215,11.2,3589.4979176035367
3,31.47063632464963,-13.250478573437096,12.642731494087307,11.2,3589.9474981224603
3,31.96701174235766,-13.232691138491331,12.183638225392395,11.2,3590.4041697187795
3,32.33936587057809,-13.2215732783968,11.784956937190222,11.2,3590.866160659788
3,33.45663852945209,-13.1962229672436,11.289077694207753,11.2,3591.34411263878
3,34.20160096229882,-13.185548619420995,10.825669560904398,11.2,3591.8327069382417
3,34.94663136912476,-13.18199039526679,10.389999656413849,11.2,3592.331944529229
3,35.6916617759507,-13.185548619420977,9.907211120566979,11.2,3592.841825411743
3,35.93999769212496,-13.187920750821386,9.494521168916108,11.2,3593.3552539502016
3,36.0641669483391,-13.188958561761204,9.834786921847577,11.2,3593.870456335178
3,35.93999556790884,-13.188217264005637,10.21330512377963,11.2,3594.383884843291
3,35.93999556790884,-13.188217264005637,10.511066424147563,11.2,3594.897313351404
3,36.18833998094355,-13.189403343232634,10.463545353553602,11.2,3595.414289636846
3,36.312512777524624,-13.189848123576832,10.316277904367116,11.2,3595.9330398193824
3,36.68503329150011,-13.190292904766451,10.181740791676171,11.2,3596.457111723547
3,36.809206796158605,-13.190144644369912,10.026421758720753,11.2,3596.9829575349204
3,37.05755097316993,-13.188958566270141,10.029215326755253,11.2,3597.5123511202514
3,37.67840787532122,-13.185252077492274,10.088724173443907,11.2,3598.0506140898988
3,38.423446779039914,-13.183472955270062,10.101489435000516,11.2,3598.5995204724563
3,38.67179402438298,-13.18347295527006,9.720318476317491,11.2,3599.1519746728045
3,39.913525530580806,-13.186438158973747,9.278210777375309,11.2,3599.72216789467
3,41.15520039114993,-13.198298770886955,8.77973533473555,11.2,3600.310099328829
3,42.0242744922285,-13.213865254428052,8.292569405445912,11.2,3600.9104461072893
3,42.76914417182095,-13.229876152255702,7.726502391410227,11.2,3601.5214338811725
3,43.01744586553941,-13.234620194122837,7.412138490653089,11.2,3602.1359688221087
3,43.01744586553941,-13.234620194122837,7.824590456055311,11.2,3602.750503763045
3,42.89327944159459,-13.233285875916694,8.111999900828891,11.2,3603.3632648979246
3,42.769110185380455,-13.232248064976876,8.491968172509306,11.2,3603.9742521862872
3,42.893282745937064,-13.232692844475643,8.744266259937472,11.2,3604.587013368372
3,43.14162999128013,-13.232692844475642,8.842933076377932,11.2,3605.2033223682474
3,43.51415050525562,-13.232248063286022,8.683351911306614,11.2,3605.824953089751
3,44.01084357978556,-13.231061980677305,8.399256113045677,11.2,3606.453679426605
3,44.63170992294899,-13.231803281250968,8.036108570514333,11.2,3607.091275282647
3,45.128398749018416,-13.234175439704964,7.575545444829453,11.2,3607.7359666933476
3,45.25257154559949,-13.234620220049162,7.0506204014373655,11.2,3608.3824320011418
3,45.37674505025798,-13.234768480445702,7.357433984668382,11.2,3609.0306712161455
3,45.12839780491491,-13.234768480445704,7.578193939216285,11.2,3609.6753626133586
3,45.12839780491491,-13.234768480445704,7.802977705532442,11.2,3610.3200540105718
3,45.12839780491491,-13.234768480445704,7.827407144796825,11.2,3610.964745407785
3,45.12839780491491,-13.234768480445704,7.723353690427999,11.2,3611.609436804998
3,45.12839780491491,-13.234768480445704,7.646111766604984,11.2,3612.254128202211
3,45.12839780491491,-13.234768480445704,7.468119704126252,11.2,3612.8988195994243
3,45.12839780491491,-13.234768480445704,7.241404658866186,11.2,3613.5435109966375
3,45.12839780491491,-13.234768480445704,7.274389021358038,11.2,3614.1882023938506
3,45.12839780491491,-13.234768480445704,7.244815696777383,11.2,3614.8328937910637
3,45.12839780491491,-13.234768480445704,7.152698297233163,11.2,3615.477585188277
3,44.88005055957184,-13.234768480445705,6.979435392665427,11.2,3616.1187287676994
3,44.88005055957184,-13.234768480445705,6.874721777075989,11.2,3616.759872347122
3,44.75587705491335,-13.234620220049166,6.819357262078746,11.2,3617.399242019335
3,44.50753051764838,-13.234027178744812,6.79832192217371,11.2,3618.0350638838727
3,44.259183980383405,-13.233434137440458,6.948834553946307,11.2,3618.6673379407353
3,43.38996944777394,-13.23239631466468,7.131012029391137,11.2,3619.287194647132
3,42.76910192448147,-13.233137616647378,7.453231882545396,11.2,3619.8981818174816
3,41.651546755251836,-13.237140639745157,7.873139148499991,11.2,3620.4932039139853
3,40.658184208674264,-13.24425707452675,8.294157483058566,11.2,3621.0740351169666
3,39.66486697834124,-13.256117618806336,8.809884924162652,11.2,3621.6406760738
3,38.42330540676843,-13.276873097865534,9.341893974744512,11.2,3622.1895804367537
3,36.933567463412956,-13.308894863087769,9.865118315281954,11.2,3622.717202829088
3,36.68529102254861,-13.314824718163957,10.427573154350043,11.2,3623.2412784151243
3,34.8233929450732,-13.36596804119298,10.942595513352575,11.2,3623.738755457197
3,33.70641126895622,-13.40198908621776,11.373162311859373,11.2,3624.220275618182
3,32.96178584426968,-13.426892205215125,11.776311188769254,11.2,3624.6911582731
3,32.4653311366995,-13.44230880270537,12.116208528646833,11.2,3625.15494871791
3,32.2170697998654,-13.448831506902138,12.39666260611271,11.2,3625.615192572194
3,32.2170697998654,-13.448831506902138,12.241664088488736,11.2,3626.0754364264776
3,32.58951313609066,-13.441270758441833,11.96775991791131,11.2,3626.54100089985
3,32.83783465504432,-13.437712632356172,11.58734043606977,11.2,3627.0101128234937
3,33.582854440799736,-13.432375321487564,11.117707692709699,11.2,3627.4898678869336
3,34.20372078396317,-13.433116622061227,10.597920786021614,11.2,3627.9784924695614
3,34.57622784455238,-13.436230048962758,10.023290440152246,11.2,3628.4724385816266
3,34.70039426849719,-13.4375643671689,9.676336580990549,11.2,3628.968158499748
3,34.70039426849719,-13.4375643671689,9.851294701409149,11.2,3629.463878417869
3,34.70039426849719,-13.4375643671689,10.111728905426416,11.2,3629.9595983359904
3,34.57622784455238,-13.436230048962758,10.242125017289505,11.2,3630.4535444480557
3,34.57622784455238,-13.436230048962758,10.292142157255928,11.2,3630.947490560121
3,34.70039426849719,-13.4375643671689,10.311946071583005,11.2,3631.4432104782422
3,34.82456352471133,-13.438602178108718,10.31275841839207,11.2,3631.940704242881
3,34.82456352471133,-13.438602178108718,10.293765684920718,11.2,3632.43819800752
3,34.82456352471133,-13.438602178108718,10.241888305808319,11.2,3632.935691772159
3,34.82456352471133,-13.438602178108718,10.13793224216502,11.2,3633.4331855367977
3,34.94873490514159,-13.439343475864286,10.121911801708302,11.2,3633.9324531783
3,35.07290770172266,-13.439788256208484,10.097399502126743,11.2,3634.433494716896
3,35.19708120638116,-13.439936516605023,10.15344389747087,11.2,3634.9363101627014
3,35.445428451724226,-13.439936516605021,10.142756380173209,11.2,3635.4426734262975
3,35.56960195638272,-13.439788256208482,10.129135778665049,11.2,3635.950810597103
3,35.56960195638272,-13.439788256208482,10.239569620855102,11.2,3636.4589477679087
3,35.817946133394045,-13.438602178108711,10.35668706634797,11.2,3636.9706327126714
3,35.94211538960818,-13.437564367168886,10.42009524069419,11.2,3637.4840915039517
3,36.066281813553,-13.436230048962743,10.52916775628685,11.2,3637.999324101288
3,36.190444697191445,-13.43459923109899,10.598070741865914,11.2,3638.516330454105
3,36.56292060313709,-13.428817306433269,10.639663950708837,11.2,3639.038657891293
3,37.18371377971315,-13.419180765323734,10.606056969064465,11.2,3639.5698538024317
3,38.17703101004618,-13.407320221044149,10.349005547932848,11.2,3640.115239959718
3,39.046215803545124,-13.400055544465376,9.6990125665798,11.2,3640.673043042626
3,39.91541546655694,-13.394866460176361,8.964895041388637,11.2,3641.243263263577
3,41.03297063578657,-13.390863437078583,8.196208615463675,11.2,3641.8294485583738
3,42.39887659074612,-13.39249429834064,7.5741481585030535,11.2,3642.4351467953843
3,43.01973349289741,-13.39620078711848,7.030427828860563,11.2,3643.0497144167116
3,43.51641523822624,-13.399759007890948,7.255955453672106,11.2,3643.6713774915434
3,43.51641523822624,-13.399759007890948,7.556664601902686,11.2,3644.293040566375
3,43.51641523822624,-13.399759007890948,7.7494788609642065,11.2,3644.914703641207
3,43.6405866186565,-13.400500305646515,7.961018486005292,11.2,3645.538140592902
3,43.6405866186565,-13.400500305646515,8.01381078835802,11.2,3646.161577544597
3,43.88892725530089,-13.402279414341901,7.855306967251528,11.2,3646.7885622196727
3,44.01309651151503,-13.40331722528172,7.749725403178566,11.2,3647.417320741266
3,44.13726789194529,-13.404058523037287,7.548109674529651,11.2,3648.0478531397225
3,44.26144068852636,-13.404503303381485,7.532974967816811,11.2,3648.680159435273
3,44.38561419318486,-13.404651563778025,7.666247456233697,11.2,3649.3142396380326
3,44.13726694784179,-13.404651563778026,7.664932974074125,11.2,3649.944772023002
3,44.13726694784179,-13.404651563778026,7.780301099915474,11.2,3650.575304407971
3,44.13726694784179,-13.404651563778026,7.8258272545794325,11.2,3651.2058367929403
3,44.13726694784179,-13.404651563778026,7.698576980814229,11.2,3651.8363691779095
3,44.13726694784179,-13.404651563778026,7.568132838135788,11.2,3652.466901562879
3,44.13726694784179,-13.404651563778026,7.4288625493154425,11.2,3653.097433947848
3,44.13726694784179,-13.404651563778026,7.4427714854877385,11.2,3653.7279663328172
3,44.13726694784179,-13.404651563778026,7.418116008684887,11.2,3654.3584987177865
3,44.013093443183294,-13.404503303381487,7.322770144907453,11.2,3654.987257195546
3,44.013093443183294,-13.404503303381487,7.146240271304234,11.2,3655.616015673306
3,44.013093443183294,-13.404503303381487,6.903433307629172,11.2,3656.2447741510655
3,44.013093443183294,-13.404503303381487,6.808944252429748,11.2,3656.873532628825
3,43.8889199385248,-13.404355042984948,6.646956857126588,11.2,3657.5005171993757
3,43.8889199385248,-13.404355042984948,6.516691772683702,11.2,3658.1275017699263
3,43.39222544783867,-13.404355042984951,6.589305794150587,11.2,3658.747390704895
3,42.64718371180947,-13.404355042984957,6.780865435833377,11.2,3659.3566361864923
3,41.90214197578027,-13.404355042984962,7.119341643704285,11.2,3659.9552382147176
3,41.032927443170806,-13.40539286576074,7.462298699773459,11.2,3660.5414228924774
3,39.54284821958099,-13.408951113586891,7.984317420597243,11.2,3661.1063207241855
3,38.17694745718922,-13.413843697373064,8.640824827460337,11.2,3661.6517056878597
3,36.81106227245638,-13.421997972684373,9.325315830394677,11.2,3662.1775780060375
3,36.314380527127554,-13.425556193456849,10.036340765270902,11.2,3662.696354870711
3,33.58268804537912,-13.451649614062491,10.76952646760569,11.2,3663.1761075570735
3,32.34108045061083,-13.469440244490794,11.43872199482808,11.2,3663.638122992082
3,31.223697339616695,-13.489454332800241,12.018184850651432,11.2,3664.0841758112197
3,30.106365207144695,-13.512136621295056,12.54227492240385,11.2,3664.5142667427504
3,29.73392116298736,-13.51969738412666,13.023319659657453,11.2,3664.9390370450787
3,29.609767483988012,-13.521921171716599,13.225865909070865,11.2,3665.3620337234215
3,29.609767483988012,-13.521921171716599,12.693427273382504,11.2,3665.7850304017643
3,29.73392116298736,-13.51969738412666,12.183099356745783,11.2,3666.2098007040927
3,29.858069177706472,-13.517177129849458,11.775635990196228,11.2,3666.6363445494885
3,30.230529506740144,-13.510505779760411,11.508852969840143,11.2,3667.0682092567276
3,30.727188121906657,-13.504575507620618,11.226134392729435,11.2,3667.5071690870404
3,31.223875059790615,-13.502203358184483,10.956039933092809,11.2,3667.9532244450374
3,31.47222230513368,-13.502203358184481,10.727035274393698,11.2,3668.402827620825
3,31.47222230513368,-13.502203358184481,10.438519633579105,11.2,3668.8524307966127
3,31.47222230513368,-13.502203358184481,10.56315303133708,11.2,3669.3020339724003
3,31.47222230513368,-13.502203358184481,10.82430259591581,11.2,3669.751637148188
3,31.47222230513368,-13.502203358184481,11.016105744417438,11.2,3670.2012403239755
3,31.47222230513368,-13.502203358184481,11.11747585710495,11.2,3670.650843499763
3,31.596395809792174,-13.502055097787942,11.144641234969077,11.2,3671.1022205827603
3,31.720568606373245,-13.501610317443744,11.217584045152858,11.2,3671.555371562851
3,31.968909243017638,-13.499831208748345,11.241400632300827,11.2,3672.012070266323
3,32.093075666962456,-13.498496890542203,11.223798425764137,11.2,3672.470542775851
3,32.345303338014006,-13.498496890542203,11.15786828567931,11.2,3672.9326185378227
3,33.090310378490855,-13.4913805031043,11.05777470875224,11.2,3673.4053372575154
3,33.83534290952484,-13.487822268804987,10.92581378078362,11.2,3673.88869929908
3,34.58038393747581,-13.487822268804987,10.456644730421038,11.2,3674.3827047839013
3,35.82210482253245,-13.493752659303814,9.943945324423847,11.2,3674.894449138509
3,36.93960051392463,-13.50576150033296,9.36204714359704,11.2,3675.4221577172793
3,38.05698150102565,-13.525775550600084,8.63620710401593,11.2,3675.96582888158
3,38.92592178615442,-13.547567509109918,7.828720923038551,11.2,3676.5219134785248
3,40.29122285142522,-13.588333073609308,7.297374276272092,11.2,3677.097502376402
3,40.78767803082012,-13.603749685751295,6.678628240957043,11.2,3677.680183491128
3,40.9117963094811,-13.60745564616033,6.988510095887628,11.2,3678.264637724121
3,40.78766953504575,-13.604046084810921,7.439020153198966,11.2,3678.8473187174786
3,40.78766953504575,-13.604046084810921,7.768823732870292,11.2,3679.4299997108365
3,40.78766953504575,-13.604046084810921,7.913233216875241,11.2,3680.0126807041943
3,40.78766953504575,-13.604046084810921,8.007691233055262,11.2,3680.595361697552
3,40.91180409744451,-13.607159227658276,7.996255124828681,11.2,3681.179816041801
3,40.91180409744451,-13.607159227658276,7.8200439207156425,11.2,3681.76427038605
3,41.03594573995131,-13.609975934251441,7.621305901484023,11.2,3682.3504981823353
3,41.16009375467042,-13.612496188528642,7.747971579026384,11.2,3682.938499521688
3,41.16009375467042,-13.612496188528642,7.944079885099642,11.2,3683.5265008610404
3,41.16009375467042,-13.612496188528642,8.02838434764755,11.2,3684.114502200393
3,41.16009375467042,-13.612496188528642,8.031006176533381,11.2,3684.7025035397455
3,41.16009375467042,-13.612496188528642,7.940059273823315,11.2,3685.290504879098
3,41.16009375467042,-13.612496188528642,7.846612156138648,11.2,3685.8785062184506
3,41.03594573995131,-13.609975934251441,7.741704491565065,11.2,3686.4647340147358
3,41.03594573995131,-13.609975934251441,7.801290336772181,11.2,3687.050961811021
3,41.03594573995131,-13.609975934251441,7.788008622405229,11.2,3687.637189607306
3,41.03594573995131,-13.609975934251441,7.732404421995818,11.2,3688.223417403591
3,41.03594573995131,-13.609975934251441,7.5806284150598335,11.2,3688.8096451998763
3,41.03594573995131,-13.609975934251441,7.399228257258233,11.2,3689.3958729961614
3,41.03594573995131,-13.609975934251441,7.362253103547899,11.2,3689.9821007924465
3,41.03594573995131,-13.609975934251441,7.2474377129325,11.2,3690.5683285887317
3,40.9117977252322,-13.60745567997424,7.076842495005172,11.2,3691.1527828419494
3,40.9117977252322,-13.60745567997424,6.935011921808956,11.2,3691.737237095167
3,40.78764404623285,-13.605231892384307,6.823909376822807,11.2,3692.319917724399
3,40.166850869656784,-13.595595351274772,7.019546007067019,11.2,3692.89372987968
3,39.546036451464566,-13.587441261956004,7.2580876841963695,11.2,3693.458673257558
3,38.67687148385087,-13.578101034513004,7.705741337497257,11.2,3694.011199993042
3,37.683508937273295,-13.570984599731457,8.23591307659535,11.2,3694.549535835003
3,36.814299361205805,-13.567871137322074,8.86834170722538,11.2,3695.075454397306
3,34.95170033171551,-13.570095039043062,9.495166883940156,11.2,3695.574764402045
3,33.709997148493535,-13.578990582520055,10.125746272480063,11.2,3696.0563357898804
3,32.22002130299399,-13.596781398939433,10.713376282045646,11.2,3696.5166218084946
3,31.10259358515707,-13.614127172936595,11.233790610417424,11.2,3696.960944573997
3,30.23351783216163,-13.629693686066163,11.71831356127962,11.2,3697.392851971599
3,29.364481729127853,-13.647335466006576,12.139926600223859,11.2,3697.8123445677297
3,28.99203768497052,-13.65489622883818,12.507700622722844,11.2,3698.226516534658
3,28.86788400597117,-13.657120016428118,12.775524674207482,11.2,3698.6389148776007
3,28.74373032697182,-13.659343804018057,12.681095669254116,11.2,3699.049539596557
3,28.74373032697182,-13.659343804018057,12.564650416632688,11.2,3699.460164315514
3,28.867878341690933,-13.656823549740857,12.421777955377303,11.2,3699.872562577538
3,28.867878341690933,-13.656823549740857,12.287336150090542,11.2,3700.284960839562
3,28.867878341690933,-13.656823549740857,12.1663346378978,11.2,3700.697359101586
3,28.867878341690933,-13.656823549740857,12.146302255681551,11.2,3701.10975736361
3,28.992019984197732,-13.654006843147691,12.227106528140476,11.2,3701.52392907767
3,29.116154546596487,-13.65089370030033,12.308292955968604,11.2,3701.939874142621
3,29.364399599692813,-13.64377817854188,12.402556369543003,11.2,3702.359365565474
3,29.612607838694135,-13.635477146765295,12.462458808247845,11.2,3702.7824028203127
3,29.86079578342283,-13.626583420839925,12.387111547041789,11.2,3703.208985617219
3,30.729489930563307,-13.5964925667564,12.301891776903993,11.2,3703.6479783305126
3,31.970626699488765,-13.55795107303079,11.714750333195706,11.2,3704.104701569077
3,33.08776766940687,-13.527265020886114,11.085800096808802,11.2,3704.5773839643543
3,33.95670960619815,-13.505473020954588,10.442754777607774,11.2,3705.0624798158715
3,36.19141847813028,-13.462776765884634,9.599451793270136,11.2,3705.579500079845
3,37.68142831081323,-13.44854403158875,8.684706094226451,11.2,3706.1178061985706
3,39.04733426577278,-13.446913170326692,7.7086183832257476,11.2,3706.67562525951
3,40.785713765868756,-13.459366895686736,7.084964545100931,11.2,3707.258278313308
3,41.65482256109243,-13.472858027596454,6.475213517790866,11.2,3707.853347207038
3,42.027266605249764,-13.48041879042806,6.785855614032535,11.2,3708.4537367299704
3,42.027266605249764,-13.48041879042806,7.067558853660775,11.2,3709.0541262529027
3,42.027266605249764,-13.48041879042806,7.169449914821126,11.2,3709.654515775835
3,42.151414619968875,-13.482939044705262,7.240733577513416,11.2,3710.256678841835
3,42.275568298968224,-13.485162832295195,7.381751550589025,11.2,3710.8606155318203
3,42.275568298968224,-13.485162832295195,7.391113294630674,11.2,3711.4645522218057
3,42.275568298968224,-13.485162832295195,7.570845982445338,11.2,3712.068488911791
3,42.275568298968224,-13.485162832295195,7.643252841112788,11.2,3712.6724256017765
3,42.399726934283436,-13.487090140517102,7.67852024405267,11.2,3713.278135986552
3,42.399726934283436,-13.487090140517102,7.7750663085761635,11.2,3713.8838463713278
3,42.399726934283436,-13.487090140517102,7.798596484894961,11.2,3714.4895567561034
3,42.399726934283436,-13.487090140517102,7.860880524466596,11.2,3715.095267140879
3,42.399726934283436,-13.487090140517102,7.858643418200956,11.2,3715.7009775256547
3,42.523889817921884,-13.488720958380856,7.864622426060426,11.2,3716.3084616659107
3,42.523889817921884,-13.488720958380856,7.843739351173363,11.2,3716.9159458061667
3,42.523889817921884,-13.488720958380856,7.866189725883792,11.2,3717.5234299464228
3,42.399726934283436,-13.487090140517102,7.866864227067554,11.2,3718.1291403311984
3,42.399726934283436,-13.487090140517102,7.883505117980408,11.2,3718.734850715974
3,42.275568298968224,-13.485162832295195,7.8793568818158075,11.2,3719.3387874059595
3,42.275568298968224,-13.485162832295195,7.8430907561707475,11.2,3719.942724095945
3,42.275568298968224,-13.485162832295195,7.736451420450737,11.2,3720.5466607859303
3,42.275568298968224,-13.485162832295195,7.653533420553281,11.2,3721.1505974759157
3,42.275568298968224,-13.485162832295195,7.532166883486684,11.2,3721.754534165901
3,42.275568298968224,-13.485162832295195,7.408503193338671,11.2,3722.3584708558865
3,42.275568298968224,-13.485162832295195,7.25897371389522,11.2,3722.962407545872
3,42.275568298968224,-13.485162832295195,7.118797358751332,11.2,3723.5663442358573
3,42.151414619968875,-13.482939044705262,6.979605807770596,11.2,3724.168507301857
3,42.027266605249764,-13.480418790428061,6.79934684048262,11.2,3724.7688968247894
3,41.90311859053065,-13.47789853615086,6.689432686736758,11.2,3725.3675128046543
3,41.654816660829184,-13.473154489775046,6.611253438326901,11.2,3725.9625816140947
3,40.78574090783374,-13.457587976645518,6.92613681706105,11.2,3726.545235055635
3,39.79245483201912,-13.443355472302876,7.239456422682124,11.2,3727.113698696093
3,38.674933650251496,-13.434015191598288,7.706612451303657,11.2,3727.666197748239
3,37.805724074184006,-13.430901729188905,8.447832285900487,11.2,3728.2062795207275
3,35.57061373570658,-13.436239080637876,9.18471075600434,11.2,3728.7144311455236
3,34.08059965475289,-13.450471855513682,9.995496510489708,11.2,3729.201296854877
3,32.094106804064424,-13.483680527324884,10.7788558405329,11.2,3729.6597840949353
3,30.60444957463109,-13.51925962396804,11.550135398800549,11.2,3730.09699051743
3,29.36322430914946,-13.554837232760287,12.250248055863379,11.2,3730.516465150418
3,28.246242633032473,-13.590858277785014,12.90610638665448,11.2,3730.919982902318
3,27.12944785102011,-13.632213415469543,13.532060377012689,11.2,3731.307546443047
3,27.00537063253667,-13.637104743891499,13.870584335803413,11.2,3731.6933374520836
3,27.00537063253667,-13.637104743891499,13.52334050289163,11.2,3732.07912846112
3,27.62586527250021,-13.615611317543216,13.100571716933956,11.2,3732.473783679299
3,28.24649796499201,-13.598563543200198,12.510578511721759,11.2,3732.8773050787986
3,28.867236858700775,-13.585962295766356,11.933593901366873,11.2,3733.28969417678
3,29.488050096864892,-13.577808221946684,11.376458302137559,11.2,3733.7109520353065
3,30.48142774902959,-13.575436077019486,10.798224606082035,11.2,3734.1464010031495
3,30.853934809618796,-13.578549503921016,10.251563089044831,11.2,3734.58717150043
3,30.97810123356361,-13.579883822127158,10.020208741771853,11.2,3735.0297158037665
3,30.853931977349475,-13.57884601118734,10.281793563932897,11.2,3735.470486260586
3,30.853931977349475,-13.57884601118734,10.570205361946634,11.2,3735.911256717405
3,30.853931977349475,-13.57884601118734,10.751954455893886,11.2,3736.3520271742245
3,30.853931977349475,-13.57884601118734,10.809608073498106,11.2,3736.792797631044
3,30.978103357779734,-13.579587308942907,10.78392787459749,11.2,3737.2353419647266
3,31.226447770814445,-13.580773388169904,10.829435929511828,11.2,3737.6814340757383
3,31.47479407205401,-13.581366428910641,10.829580947024315,11.2,3738.131073991053
3,31.723140373293575,-13.580773388169904,10.785647442410937,11.2,3738.584261710672
3,31.971481009937968,-13.578994279474506,10.699995108906114,11.2,3739.040997153671
3,32.09564743388278,-13.577659961268363,10.586523603768013,11.2,3739.4995064027266
3,32.34787510493433,-13.577659961268363,10.60018797931707,11.2,3739.961618904226
3,33.21705824630914,-13.5703952984981,10.61165825485696,11.2,3740.4361483077446
3,33.71375084878827,-13.569209217016626,10.554810006117664,11.2,3740.9177733198703
3,34.33461837208075,-13.569950518999324,10.128645196626266,11.2,3741.408267868043
3,34.955482354986096,-13.572174420720312,9.660512247199312,11.2,3741.9076319016854
3,36.44552617485245,-13.582849072892634,9.12812208135366,11.2,3742.4282822756118
3,37.56299000354787,-13.597526405768043,8.58301985282667,11.2,3742.9648964185194
3,38.30789508470325,-13.611758531369446,8.237479150188065,11.2,3743.5121520625867
3,38.80449847214017,-13.621246615103715,7.790103047380943,11.2,3744.06650204076
3,39.05281999109382,-13.624804741189376,8.036689565714944,11.2,3744.624399469204
3,38.92865097089742,-13.6237669322222,8.339613870022307,11.2,3745.1805230545024
3,38.92865097089742,-13.6237669322222,8.80811086640989,11.2,3745.7366466398007
3,39.05282376747849,-13.624211712566398,9.119720485188948,11.2,3746.294544122193
3,39.301170304743465,-13.624804753870752,9.107604672275126,11.2,3746.855989412261
3,39.67369081871895,-13.625249535060371,8.980226295113795,11.2,3747.422756423957
3,40.29455834201143,-13.62599083704307,8.780472198057348,11.2,3747.9983929717
3,41.03959087304541,-13.629549071342366,8.519173083677865,11.2,3748.584672841315
3,41.66043715411609,-13.63473812604146,8.173508851385707,11.2,3749.1798219435163
3,42.40542507686586,-13.64363353425115,7.7154658851676,11.2,3749.785613730329
3,42.77792364066325,-13.647636481260864,7.277850542852499,11.2,3750.3967269251953
3,42.77792364066325,-13.647636481260864,7.547577585517467,11.2,3751.0078401200617
3,42.902095021093515,-13.648377779016432,7.8639267000981405,11.2,3751.6207271917915
3,43.02626781767459,-13.64882255936063,8.031285611345568,11.2,3752.2353881606155
3,43.15044132233308,-13.648970819757169,8.067693353989604,11.2,3752.851823036649
3,43.274614826991574,-13.64882255936063,8.054184905242725,11.2,3753.4700318198916
3,43.398787623572645,-13.648377779016432,8.006577458002873,11.2,3754.0900145002283
3,43.398787623572645,-13.648377779016432,7.951497099024095,11.2,3754.709997180565
3,43.52295900400291,-13.647636481260857,7.79310158786177,11.2,3755.331753737765
3,43.647128260217045,-13.646598670321033,7.622215119403565,11.2,3755.9552841414825
3,43.647128260217045,-13.646598670321033,7.754168411351714,11.2,3756.5788145451997
3,43.647128260217045,-13.646598670321033,7.911661536925605,11.2,3757.202344948917
3,43.647128260217045,-13.646598670321033,8.005520736833324,11.2,3757.8258753526343
3,43.647128260217045,-13.646598670321033,7.978046386607598,11.2,3758.4494057563516
3,43.647128260217045,-13.646598670321033,7.914001112038313,11.2,3759.072936160069
3,43.647128260217045,-13.646598670321033,7.76764973067649,11.2,3759.696466563786
3,43.647128260217045,-13.646598670321033,7.787583073469372,11.2,3760.3199969675034
3,43.647128260217045,-13.646598670321033,7.8185198238120925,11.2,3760.9435273712206
3,43.647128260217045,-13.646598670321033,7.819645754315163,11.2,3761.567057774938
3,43.52295900400291,-13.647636481260857,7.74351252968401,11.2,3762.188814332138
3,43.52295900400291,-13.647636481260857,7.605104737476043,11.2,3762.810570889338
3,43.52295900400291,-13.647636481260857,7.486505188255801,11.2,3763.4323274465382
3,43.52295900400291,-13.647636481260857,7.4435586942849215,11.2,3764.0540840037384
3,43.52295900400291,-13.647636481260857,7.3502997999100925,11.2,3764.6758405609385
3,43.52295900400291,-13.647636481260857,7.19803998601568,11.2,3765.2975971181386
3,43.52295900400291,-13.647636481260857,7.091025404592398,11.2,3765.9193536753387
3,43.27461813133849,-13.649415591647095,6.977552179694781,11.2,3766.5375625057864
3,43.15044675090823,-13.65015688940267,6.992834278523961,11.2,3767.1539974593707
3,42.902100449668666,-13.650749930143407,6.969547291087281,11.2,3767.7668846086517
3,42.28123292637619,-13.650008628160709,7.091709638795851,11.2,3768.3709022218854
3,41.66036894347084,-13.64778472643972,7.327506952990992,11.2,3768.9660503496493
3,40.79115936740335,-13.644671264030338,7.698230123229697,11.2,3769.548781197755
3,39.79777321834347,-13.64229909881292,8.129466549911289,11.2,3770.11732081516
3,38.307691162441536,-13.64229909881292,8.737616618473696,11.2,3770.664573546052
3,37.06597027738489,-13.648229489311776,9.339678355646907,11.2,3771.1940874071574
3,35.824291876590145,-13.660090135041614,10.074558652925585,11.2,3771.7058630053943
3,34.21017438929038,-13.681290767270411,10.741334285774945,11.2,3772.194579782384
3,32.96861281771757,-13.702046246329639,11.320223615836092,11.2,3772.6655599654946
3,31.85128068524557,-13.724728534824454,11.87684544274617,11.2,3773.120578260998
3,31.106411005653122,-13.740739432652116,12.382912250078522,11.2,3773.564955561079
3,30.485670932057566,-13.753340704038125,12.868480485963959,11.2,3774.0004651458225
3,30.237358617743002,-13.757491799849971,12.98270008755323,11.2,3774.4324274117903
3,30.361517253058214,-13.755564491628064,12.769645267055422,11.2,3774.8661633725483
3,30.361517253058214,-13.755564491628064,12.458516970753633,11.2,3775.2998993333063
3,30.609829803365876,-13.751413391871068,12.194119266933901,11.2,3775.7371826162116
3,30.85814235367354,-13.747262292114073,12.146233655134326,11.2,3776.178013221264
3,31.478955591837657,-13.739108218294401,12.10079753482602,11.2,3776.6277125868614
3,32.09980187290833,-13.733919163595278,11.724143709360481,11.2,3777.0862811850457
3,32.22397112912247,-13.732881352655454,11.295025497839255,11.2,3777.5466236297475
3,32.96899303905565,-13.727544026569259,10.860200396993664,11.2,3778.0176092445913
3,33.83820591948445,-13.726506205766132,10.41220000321526,11.2,3778.5010121862983
3,34.459061641526894,-13.730212687498772,10.180198645322967,11.2,3778.993284495463
3,35.204049564276666,-13.739108095708461,10.052896238119697,11.2,3779.4961994892383
3,35.700651535817144,-13.748596152390668,9.866546547055034,11.2,3780.0062087968927
3,36.321324347810915,-13.764161866627443,9.638342753627459,11.2,3780.5250848590044
3,36.44545891020967,-13.767275009474798,9.429470134068307,11.2,3781.0457342720074
3,36.56960055271647,-13.770091716067963,9.748184840691035,11.2,3781.568157137046
3,36.6937539957277,-13.772315499430977,9.989666930798638,11.2,3782.092353622699
3,36.94208330331095,-13.775280635500874,10.177947272404941,11.2,3782.620097669889
3,37.190423939955345,-13.777059744196261,10.294345757040618,11.2,3783.15138944046
3,37.43877024119491,-13.777652784936999,10.31291715271585,11.2,3783.6862290153344
3,37.93545717907887,-13.775280635500863,10.296641749185891,11.2,3784.228164117893
3,38.30794512197734,-13.77038819120906,10.249602930340842,11.2,3784.7754204767784
3,38.80454850941426,-13.760900107474779,10.164101626845405,11.2,3785.32977116977
3,39.797708082204196,-13.739552243704564,9.967664977381634,11.2,3785.8983098566587
3,40.915040214676196,-13.716869955209749,9.76905514164042,11.2,3786.482810431154
3,41.78411596767164,-13.70130344208018,9.214360374839504,11.2,3787.0797263735494
3,43.02572356243992,-13.683512811651877,8.583504997232595,11.2,3787.6943795672987
3,44.76410306253589,-13.671059086291791,7.874560942771867,11.2,3788.3338667539065
3,46.00583810912084,-13.671059086291791,7.038337723690194,11.2,3788.9910930126084
3,47.247537752046526,-13.67995460440611,6.092733526170208,11.2,3789.6660578376377
3,48.24085592641657,-13.691815159957807,5.584835680540166,11.2,3790.355212922301
3,48.73752728673447,-13.69655941824973,5.3919215374771206,11.2,3791.051463312111
3,48.61335803052033,-13.695521607309912,5.78244740259272,11.2,3791.7459398554042
3,48.48918877430619,-13.694483796370093,6.239892453959989,11.2,3792.43864255218
3,48.48918877430619,-13.694483796370093,6.593517643041669,11.2,3793.131345248956
3,48.48918877430619,-13.694483796370093,6.709365614679325,11.2,3793.824047945732
3,48.365019518092055,-13.693445985430275,6.744313009954672,11.2,3794.5149767959906
3,48.365019518092055,-13.693445985430275,6.652983809720685,11.2,3795.205905646249
3,48.365019518092055,-13.693445985430275,6.513561373300821,11.2,3795.8968344965074
3,48.365019518092055,-13.693445985430275,6.570175731656597,11.2,3796.5877633467658
3,48.365019518092055,-13.693445985430275,6.641104829760251,11.2,3797.278692197024
3,48.365019518092055,-13.693445985430275,6.689386160794438,11.2,3797.9696210472825
3,48.365019518092055,-13.693445985430275,6.642229190285965,11.2,3798.660549897541
3,48.365019518092055,-13.693445985430275,6.5143321749192244,11.2,3799.3514787477993
3,48.365019518092055,-13.693445985430275,6.320906742150542,11.2,3800.0424075980577
3,48.365019518092055,-13.693445985430275,6.286969316527635,11.2,3800.733336448316
3,48.24085309414724,-13.692111667224133,6.346832049122042,11.2,3801.422491492518
3,47.86836444323191,-13.687219213632872,6.354530738367678,11.2,3802.1063252702784
3,47.371720933320894,-13.680102954698352,6.587947798155249,11.2,3802.7830641407545
3,46.750906515128676,-13.671948865379584,6.822236344096335,11.2,3803.450934233828
3,46.00589947465183,-13.6648324779417,7.144218180922079,11.2,3804.10816136918
3,45.26086694361784,-13.661274243642403,7.592005867032509,11.2,3804.7547451826604
3,43.89496098865829,-13.66290510490446,7.9706443949935055,11.2,3805.3818160539267
3,42.90159844208072,-13.670021539686054,8.475899805628403,11.2,3805.9946960316706
3,42.4049266097322,-13.67476580248688,8.981177376863224,11.2,3806.600480697524
3,40.41829214906615,-13.69848689104605,9.445883907251956,11.2,3807.177884871082
3,39.4250428918079,-13.715091274293432,9.967692851768035,11.2,3807.7410997695365
3,38.431835173002014,-13.734067459796702,10.423621988333958,11.2,3808.290125986294
3,37.19038688687245,-13.760752264148534,10.814199982114168,11.2,3808.8214172275348
3,36.445557564279426,-13.778541829377096,11.205649412443998,11.2,3809.3420680498816
3,35.7007282416864,-13.796331394605657,11.528341417338469,11.2,3809.8520784533343
3,35.08005542969263,-13.811897108842462,11.782753998921505,11.2,3810.35322210233
3,34.83179385691387,-13.818419819238335,11.987223572078033,11.2,3810.8508191574288
3,34.83179385691387,-13.818419819238335,12.14916863543334,11.2,3811.3484162125274
3,34.83179385691387,-13.818419819238335,12.078199710094166,11.2,3811.846013267626
3,34.955920631349215,-13.815010257888925,11.853622147740001,11.2,3812.3453835623595
3,35.080038910010195,-13.811304297479884,11.608623952145548,11.2,3812.8465269753597
3,35.080038910010195,-13.811304297479884,11.347949469958067,11.2,3813.34767038836
3,35.204147985134306,-13.807301959143803,11.061757563036094,11.2,3813.850586788147
3,35.204147985134306,-13.807301959143803,10.783512211894054,11.2,3814.3535031879346
3,35.328257060258416,-13.803299620807723,10.740715240479204,11.2,3814.8581925745098
3,35.82474716645107,-13.789068577290823,10.817187590588375,11.2,3815.3699746768875
3,36.19717138607574,-13.780618473573096,10.851709739282912,11.2,3815.88707712526
3,36.4454837003903,-13.77646737776125,10.560820391068956,11.2,3816.4077268924084
3,36.69380545534581,-13.772909248293987,10.260768856070994,11.2,3816.931924113199
3,37.19046407051233,-13.766978976154194,9.926176228791542,11.2,3817.4632164570635
3,37.81131979255477,-13.763272494421534,9.68882658386664,11.2,3818.0033781683856
3,38.55635657204725,-13.765051611571183,9.372535013342242,11.2,3818.554183262272
3,39.425491801403986,-13.77646727152136,9.091655833708538,11.2,3819.1174045737207
3,40.04616107412498,-13.792032896997526,8.778229607498863,11.2,3819.689492589065
3,40.17027935278596,-13.795738857406562,8.609853901528686,11.2,3820.2633537226766
3,40.17027935278596,-13.795738857406562,8.845865748571024,11.2,3820.837214856288
3,40.046152578350615,-13.792329296057154,9.15840748175153,11.2,3821.4093027502645
3,40.046152578350615,-13.792329296057154,9.331962480599854,11.2,3821.981390644241
3,40.046152578350615,-13.792329296057154,9.396010351813704,11.2,3822.5534785382174
3,40.170300593069726,-13.794849550334355,9.345470955759037,11.2,3823.1273399752613
3,40.54276163006777,-13.801520913104154,9.18857150692447,11.2,3823.706522284262
3,40.791083149021425,-13.805079039189815,9.055626773264391,11.2,3824.289252043534
3,40.91524957296624,-13.806413357395957,8.839801617056361,11.2,3824.873755608862
3,41.03941882918038,-13.807451168335776,8.627713326558453,11.2,3825.4600330207077
3,41.16359020961064,-13.808192466091343,8.772633005001897,11.2,3826.0480843094165
3,41.16359020961064,-13.808192466091343,8.963144425994201,11.2,3826.6361355981253
3,41.28776300619171,-13.808637246435541,9.018123760296145,11.2,3827.2259607839283
3,41.411936510850204,-13.80878550683208,8.97644722435396,11.2,3827.8175598769403
3,41.5361100155087,-13.808637246435541,8.838409519767122,11.2,3828.410932877162
3,41.5361100155087,-13.808637246435541,8.622469109017842,11.2,3829.0043058773836
3,41.66028352016719,-13.808488986039002,8.759538805732786,11.2,3829.5994527848147
3,41.5361100155087,-13.808637246435541,8.8019954545957,11.2,3830.1928257850363
3,41.66028281208977,-13.808192466091343,8.775976256558817,11.2,3830.787972682352
3,41.66028281208977,-13.808192466091343,8.783590224268062,11.2,3831.383119579668
3,41.66028281208977,-13.808192466091343,8.810446982149367,11.2,3831.9782664769837
3,41.66028281208977,-13.808192466091343,8.773944795399029,11.2,3832.5734133742994
3,41.66028281208977,-13.808192466091343,8.751292497044712,11.2,3833.168560271615
3,41.66028281208977,-13.808192466091343,8.746582342860593,11.2,3833.763707168931
3,41.78445419252003,-13.80745116833577,8.725753372819149,11.2,3834.3606279431096
3,41.78445419252003,-13.80745116833577,8.687252790058748,11.2,3834.9575487172883
3,41.78445419252003,-13.80745116833577,8.656335820988392,11.2,3835.554469491467
3,41.78445419252003,-13.80745116833577,8.623459705145427,11.2,3836.1513902656457
3,41.78445419252003,-13.80745116833577,8.555069571026797,11.2,3836.7483110398243
3,41.78445419252003,-13.80745116833577,8.552591239811179,11.2,3837.345231814003
3,41.78445419252003,-13.80745116833577,8.506193806907376,11.2,3837.9421525881817
3,41.78445419252003,-13.80745116833577,8.444666395165314,11.2,3838.5390733623603
3,41.78445419252003,-13.80745116833577,8.390864750629094,11.2,3839.135994136539
3,41.78445419252003,-13.80745116833577,8.318842921852623,11.2,3839.7329149107177
3,41.78445419252003,-13.80745116833577,8.24984876661052,11.2,3840.3298356848964
3,41.78445419252003,-13.80745116833577,8.168200343611431,11.2,3840.926756459075
3,41.66028281208977,-13.808192466091345,8.106271023424831,11.2,3841.521903356391
3,41.66028281208977,-13.808192466091345,8.018190213230344,11.2,3842.1170502537066
3,41.66028281208977,-13.808192466091345,7.918784942137197,11.2,3842.7121971510223
3,41.5361100155087,-13.808637246435543,7.889520173154576,11.2,3843.305570151244
3,41.411936510850204,-13.808785506832082,7.926669020439731,11.2,3843.897169244256
3,41.16359020961064,-13.808192466091345,7.879982418465406,11.2,3844.485220532965
3,41.03941741302957,-13.807747685747147,7.874954316398874,11.2,3845.0714979245795
3,40.791070875764596,-13.807154644442793,7.842691869889538,11.2,3845.654227508519
3,40.666898079183525,-13.806709864098595,7.806251728760666,11.2,3846.2351831953642
3,40.41855744253913,-13.804930755403209,7.723348424222327,11.2,3846.812591158829
3,40.17022813495588,-13.801965619333313,7.6671871535611755,11.2,3847.386451560757
3,40.046069499640666,-13.800038311111406,7.635311764080595,11.2,3847.9585382678947
3,39.797767805922206,-13.795294269244271,7.5796572278996655,11.2,3848.5270778079794
3,39.4253648265813,-13.785954858454343,7.543653425494819,11.2,3849.0902973055017
3,39.053038308919,-13.773947866268722,7.6239098004103765,11.2,3849.6481978527722
3,38.556706781998514,-13.754975161360054,7.700147116722194,11.2,3850.1990079496577
3,37.81227886566822,-13.724738332598735,8.03495378228666,11.2,3850.7391833620245
3,36.571450048367005,-13.677306570327067,8.51499720347777,11.2,3851.26163264843
3,35.4545575734721,-13.638618329362535,9.066969187199923,11.2,3851.768126328051
3,34.33749518881079,-13.60526474907896,9.691902174697605,11.2,3852.2586619736053
3,32.84783795937746,-13.569685652435838,10.314443564655447,11.2,3852.727916801596
3,31.35796832136111,-13.544779148577454,11.027078831940562,11.2,3853.1758877776156
3,30.116268678435418,-13.535883630463136,11.667951331717344,11.2,3853.6061201873076
3,28.99870926074124,-13.537217971495728,12.255448046861387,11.2,3854.0203874624613
3,28.005346714163665,-13.544334406277322,12.78553848268367,11.2,3854.420463844092
3,27.1362081807339,-13.555750109624864,13.285767096952638,11.2,3854.8081239609596
3,26.88790648701544,-13.560494151492003,13.752586519542149,11.2,3855.192236910774
3,27.01205450173455,-13.5579738972148,13.429522203256683,11.2,3855.5781234036563
3,27.384515538732597,-13.551302534444986,12.983548183737076,11.2,3855.969330768495
3,27.881158576639912,-13.544186282273666,12.49055199876936,11.2,3856.367633033876
3,28.626178362395326,-13.538848971405057,12.00058425090166,11.2,3856.776578439053
3,29.49539124282413,-13.539886792208184,11.485571991275005,11.2,3857.1979411710936
3,29.992072516112916,-13.543445009598958,10.919513731013682,11.2,3857.626399349895
3,30.737060438862688,-13.552340417808647,10.366331983086091,11.2,3858.0655002133076
3,30.861223322501132,-13.553971235672401,10.060033023390384,11.2,3858.5063748322004
3,30.985389746445946,-13.555305553878544,10.398295555654439,11.2,3858.9490232571497
3,30.861220490231812,-13.554267742938725,10.69484284783228,11.2,3859.3898978355815
3,30.861220490231812,-13.554267742938725,10.889720007410494,11.2,3859.830772414013
3,30.861220490231812,-13.554267742938725,10.96029623586276,11.2,3860.271646992445
3,31.109561362896226,-13.55604685332496,10.798989946028295,11.2,3860.716069297629
3,31.233732743326485,-13.556788151080527,10.63947005270955,11.2,3861.1622654796765
3,31.606251133069694,-13.55812249211312,10.479518638810282,11.2,3861.613783353006
3,31.855325958233102,-13.55812249211312,10.279094533905957,11.2,3862.0688594381236
3,32.60036557002801,-13.559901616026183,10.078050594201647,11.2,3862.5345789462667
3,32.972883959771224,-13.561235957058775,9.85998192364094,11.2,3863.005620145692
3,33.59374086192251,-13.564942445836614,9.716822923233813,11.2,3863.485530729434
3,34.09041222224041,-13.569686704128538,9.55620364267057,11.2,3863.972536618323
3,34.71122664043263,-13.577840793447306,9.318675565819774,11.2,3864.468411284615
3,34.71122664043263,-13.577840793447306,9.363682534337247,11.2,3864.9642859509067
3,34.95955594801588,-13.580805929517203,9.681788944329725,11.2,3865.4637081787355
3,35.08372520423002,-13.581843740457021,9.910721115192635,11.2,3865.964904253082
3,35.33206938124135,-13.583029818556787,10.057254145062222,11.2,3866.4696481013852
3,35.704589187139405,-13.582585038212589,10.128094799168332,11.2,3866.9797136612015
3,36.07709624772861,-13.579471611311048,10.123725765788393,11.2,3867.4951007504546
3,36.57371946040073,-13.571169443358247,10.048757388727553,11.2,3868.017582457032
3,36.69786110290753,-13.568352736765082,9.831480276001868,11.2,3868.541837615645
3,37.44264511340983,-13.548784624174774,9.543062948721698,11.2,3869.0767325458364
3,38.559786083327936,-13.518098572030098,9.199836414383615,11.2,3869.627586632741
3,39.55289090295016,-13.494379174267994,8.795393374157578,11.2,3870.1926279313548
3,40.67027189005118,-13.474365124000853,8.158854236753289,11.2,3870.7736318154984
3,41.53943520557843,-13.465024914311504,7.415466997445892,11.2,3871.367052318435
3,42.7811395689005,-13.456129362380313,6.951111379712672,11.2,3871.9782114551335
3,42.90530882511464,-13.45509155144049,6.5113704166068835,11.2,3872.5911444383496
3,42.90530882511464,-13.45509155144049,7.138576446437786,11.2,3873.2040774215657
3,42.656972908940375,-13.457463682840903,7.564450204054463,11.2,3873.813462748836
3,42.53280365272624,-13.458501493780727,7.798336586943029,11.2,3874.4210742295895
3,42.656972908940375,-13.457463682840903,7.930461700803437,11.2,3875.03045955686
3,42.656972908940375,-13.457463682840903,7.947488240027201,11.2,3875.6398448841305
3,42.78114216515451,-13.456425871901079,7.878585036734047,11.2,3876.2510040579186
3,42.90531142136865,-13.455388060961255,7.681736492571422,11.2,3876.863937078224
3,42.90531142136865,-13.455388060961255,7.438519737909895,11.2,3877.476870098529
3,42.90531142136865,-13.455388060961255,7.7304365449522345,11.2,3878.0898031188344
3,42.90531142136865,-13.455388060961255,7.902835983054697,11.2,3878.7027361391397
3,42.78114216515451,-13.456425871901079,7.9460324719881745,11.2,3879.313895312928
3,42.78114216515451,-13.456425871901079,7.981778606204836,11.2,3879.925054486716
3,42.78114216515451,-13.456425871901079,7.908239244402421,11.2,3880.536213660504
3,42.78114216515451,-13.456425871901079,7.774548639246588,11.2,3881.147372834292
3,42.78114216515451,-13.456425871901079,7.586594882200558,11.2,3881.7585320080802
3,42.78114216515451,-13.456425871901079,7.596814881117091,11.2,3882.3696911818683
3,42.78114216515451,-13.456425871901079,7.575704073407337,11.2,3882.9808503556565
3,42.5328012924901,-13.458204982287317,7.544344348392207,11.2,3883.588461802692
3,42.5328012924901,-13.458204982287317,7.414069245538552,11.2,3884.1960732497278
3,42.5328012924901,-13.458204982287317,7.218406671972269,11.2,3884.8036846967634
3,42.5328012924901,-13.458204982287317,7.126967658008042,11.2,3885.411296143799
3,42.40863203627596,-13.45924279322714,6.980331205496383,11.2,3886.017133744317
3,42.40863203627596,-13.45924279322714,6.852805629288192,11.2,3886.622971344835
3,42.28446278006182,-13.460280604166964,6.726127045620969,11.2,3887.227035098836
3,42.16029139963156,-13.461021901922539,6.662830643603119,11.2,3887.8293249759736
3,41.7877715937335,-13.461466682266737,6.658247823660006,11.2,3888.4262931415983
3,41.291091736563224,-13.45790847502101,6.707267539282413,11.2,3889.016165880692
3,40.67029973997488,-13.448271952228355,6.949321691538358,11.2,3889.597170162692
3,39.8012636369411,-13.430630172287945,7.316359213726269,11.2,3890.1657596432196
3,38.311524277756206,-13.398608376632644,7.9266712818532765,11.2,3890.713067132902
3,37.07007481176879,-13.371923546919895,8.630539184843492,11.2,3891.242639630213
3,35.580335452583896,-13.339901751264595,9.331807628618472,11.2,3891.7509301366786
3,35.083732065146975,-13.330413667530326,10.114655981530985,11.2,3892.252126309038
3,32.47631646485768,-13.296166557487703,10.852882455383492,11.2,3892.7160736871074
3,30.737932008346927,-13.283712796619994,11.592850776132831,11.2,3893.1551870015123
3,29.6203768391173,-13.279709773522216,12.240411020476103,11.2,3893.5783352420713
3,28.751162306507837,-13.278671950746437,12.82204697768735,11.2,3893.989066132164
3,28.006123402789143,-13.28045107296865,13.371300588535883,11.2,3894.389153609347
3,27.881952022358885,-13.281192370724224,13.181970270990055,11.2,3894.7874672096664
3,27.881952022358885,-13.281192370724224,12.69906294082516,11.2,3895.1857808099858
3,28.00612127857302,-13.2801545597844,12.248681888556334,11.2,3895.5858682568223
3,28.378629047215426,-13.277041126964926,11.838033465463296,11.2,3895.9912772432112
3,28.7511431885062,-13.274817233698206,11.446049047830435,11.2,3896.4020078601898
3,28.626971808075943,-13.275558531453779,11.191994793736747,11.2,3896.810964600305
