phase,x,y,alpha,ref_alpha,dE_I
0,0.0,0.0,89.0426354445107,11.2,0
0,0.0,0.0,89.0428979792678,11.2,0
0,0.0,0.0,89.04110403662624,11.2,0
0,0.0,0.0,89.04320660748682,11.2,0
0,0.0,0.0,89.0422530492416,11.2,0
0,0.0,0.0,89.04095896520292,11.2,0
0,0.0,0.0,89.03959608369664,11.2,0
0,0.0,0.0,89.0409015241198,11.2,0
0,0.0,0.0,89.04118316352746,11.2,0
0,0.0,0.0,89.04101312873611,11.2,0
0,0.0,0.0,89.04146759837063,11.2,0
0,0.0,0.0,89.0434227992432,11.2,0
0,0.0,0.0,89.04421634836694,11.2,0
0,0.0,0.0,89.04587671950414,11.2,0
0,0.0,0.0,89.04589571577009,11.2,0
0,0.0,0.0,89.04523050058452,11.2,0
0,0.0,0.0,89.04772504716811,11.2,0
0,0.0,0.0,89.05020467236685,11.2,0
0,0.0,0.0,89.0510506742963,11.2,0
0,0.0,0.0,89.05186253833064,11.2,0
0,0.0,0.0,89.05001866667914,11.2,0
0,0.0,0.0,89.05073900061868,11.2,0
0,0.0,0.0,89.05058659788138,11.2,0
0,0.0,0.0,89.05108783165771,11.2,0
0,0.0,0.0,89.05220153390546,11.2,0
0,0.0,0.0,89.05435375025034,11.2,0
0,0.0,0.0,89.05437672802017,11.2,0
0,0.0,0.0,89.05381559839411,11.2,0
0,0.0,0.0,89.05431519704469,11.2,0
0,0.0,0.0,89.05285672128741,11.2,0
0,0.0,0.0,89.05460792682501,11.2,0
0,0.0,0.0,89.0527065292454,11.2,0
0,0.0,0.0,89.05330009148075,11.2,0
0,0.0,0.0,89.05284811207675,11.2,0
0,0.0,0.0,89.05434092117717,11.2,0
0,0.0,0.0,89.05691612283123,11.2,0
0,0.0,0.0,89.05788774467916,11.2,0
0,0.0,0.0,89.05677809296006,11.2,0
0,0.0,0.0,89.05722448208823,11.2,0
0,0.0,0.0,89.05756939933671,11.2,0
0,0.0,0.0,89.05988798612228,11.2,0
0,0.0,0.0,89.06170047377793,11.2,0
0,0.0,0.0,89.06144784104711,11.2,0
0,0.0,0.0,89.06273318157324,11.2,0
0,0.0,0.0,89.06359712657182,11.2,0
0,0.0,0.0,89.06439016415028,11.2,0
0,0.0,0.0,89.06264172406308,11.2,0
0,0.0,0.0,89.06455081180142,11.2,0
0,0.0,0.0,89.06432152958196,11.2,0
0,0.0,0.0,89.06664149631395,11.2,0
0,0.0,0.0,89.06745308378046,11.2,0
0,0.0,0.0,89.0666192119487,11.2,0
0,0.0,0.0,89.06736252071173,11.2,0
0,0.0,0.0,89.06857007267948,11.2,0
0,0.0,0.0,89.06815964243368,11.2,0
0,0.0,0.0,89.06784528489871,11.2,0
0,0.0,0.0,89.06754611012276,11.2,0
0,0.0,0.0,89.06622909227029,11.2,0
0,0.0,0.0,89.06684953706564,11.2,0
0,0.0,0.0,89.03444804139836,11.2,0
0,0.0,0.0,89.02340514105991,11.2,0
0,0.0,0.0,88.97412170315259,11.2,0
0,0.0,0.0,88.95150714662377,11.2,0
0,0.0,0.0,88.94298596630897,11.2,0
0,0.0,0.0,88.93684857218113,11.2,0
0,0.0,0.0,88.94516595850811,11.2,0
0,0.0,0.0,88.95643239079118,11.2,0
0,0.0,0.0,88.95730149495802,11.2,0
0,0.0,0.0,88.95835445842287,11.2,0
0,0.0,0.0,88.94755935981543,11.2,0
0,0.0,0.0,88.93576268668299,11.2,0
0,0.0,0.0,88.91921586022129,11.2,0
0,0.0,0.0,88.89671959311876,11.2,0
0,0.0,0.0,88.89134313880248,11.2,0
0,0.0,0.0,88.93777753480306,11.2,0
0,0.0,0.0,89.00574141810765,11.2,0
0,0.0,0.0,89.03737237889816,11.2,0
0,0.0,0.0,89.00786336384644,11.2,0
0,0.0,0.0,89.04786929554423,11.2,0
0,0.0,0.0,89.00922846971648,11.2,0
0,0.0,0.0,89.0234694293308,11.2,0
0,0.0,0.0,89.04807027684402,11.2,0
0,0.0,0.0,89.0172850376814,11.2,0
0,0.0,0.0,89.0368748355149,11.2,0
0,0.0,0.0,88.95264215493977,11.2,0
0,0.0,0.0,88.90680681972634,11.2,0
0,0.0,0.0,88.87117774346248,11.2,0
0,0.0,0.0,88.78738477466854,11.2,0
0,0.0,0.0,88.77057276488631,11.2,0
0,0.0,0.0,88.70406145345342,11.2,0
0,0.0,0.0,88.63824566753647,11.2,0
0,0.0,0.0,88.52071815172481,11.2,0
0,0.0,0.0,88.28139390729531,11.2,0
0,0.0,0.0,87.93701966529683,11.2,0
0,0.0,0.0,87.43019212256647,11.2,0
0,0.0,0.0,86.73279255508598,11.2,0
0,0.0,0.0,85.90408674766317,11.2,0
0,0.0,0.0,84.91600534134402,11.2,0
0,0.0,0.0,83.74810491143657,11.2,0
0,0.0,0.0,82.44797253626345,11.2,0
0,0.0,0.0,81.02222749658698,11.2,0
0,0.0,0.0,79.49021395587725,11.2,0
0,0.0,0.0,77.93119069323674,11.2,0
0,0.0,0.0,76.32906342766184,11.2,0
0,0.0,0.0,74.66423005243462,11.2,0
0,0.0,0.0,72.92549186710608,11.2,0
0,0.0,0.0,71.10341294011724,11.2,0
0,0.0,0.0,69.20492917167114,11.2,0
0,0.0,0.0,67.2472050666553,11.2,0
0,0.0,0.0,65.25741165597518,11.2,0
0,0.0,0.0,63.23805317481747,11.2,0
0,0.0,0.0,61.19084410994287,11.2,0
0,0.0,0.0,59.09790898116978,11.2,0
0,0.0,0.0,56.979877744581714,11.2,0
0,0.0,0.0,54.85164598283534,11.2,0
0,0.0,0.0,52.73355011654794,11.2,0
0,0.0,0.0,50.63779364038172,11.2,0
0,0.0,0.0,48.56549766934203,11.2,0
0,0.0,0.0,46.51919870010624,11.2,0
0,0.0,0.0,44.478005822263185,11.2,0
0,0.0,0.0,42.43075550991851,11.2,0
0,0.0,0.0,40.37162643419899,11.2,0
0,0.0,0.0,38.30136130145553,11.2,0
0,0.0,0.0,36.257093863052425,11.2,0
0,0.0,0.0,34.228224491657635,11.2,0
0,0.0,0.0,32.246392003191566,11.2,0
0,0.0,0.0,30.326544910680557,11.2,0
1,0.0,0.0,28.4834354482398,11.2,0
2,0.0,0.0,26.732360202434336,11.2,0
3,0.0,0.0,25.08476853789215,11.2,0.0
3,0.0,0.0,23.56803874345068,11.2,0.0
3,-0.12417350465849462,0.00014826039653970113,22.20811089585815,11.2,-0.001773907209407066
3,-0.7450374875638448,0.0023721621175276653,21.135505418589638,11.2,-0.012417299888890563
3,-1.5521660349288116,0.0023721621175276653,20.43278621245644,11.2,-0.03459110038787359
3,-3.042243842366199,0.005930406561951429,20.03641208541912,11.2,-0.07805172670739072
3,-4.283975348564022,0.002965202858264959,20.082319917683083,11.2,-0.1392513745440196
3,-6.767419478911162,-0.008895589411732211,20.548888317556905,11.2,-0.2359287956713219
3,-9.623361228807106,-0.02594543778979306,21.15583067588668,11.2,-0.3734053846542805
3,-11.610046670078695,-0.0449224709575332,22.062744812548516,11.2,-0.5392631942268333
3,-13.720815691932234,-0.07264637464134482,22.550023904106332,11.2,-0.7352748469687224
3,-15.210689577819604,-0.09755294951238244,23.052494142299242,11.2,-0.9525704123661453
3,-15.459001892134166,-0.10170404532422203,22.747020177215568,11.2,-1.1734132965394906
3,-15.459001892134166,-0.10170404532422203,22.050423665864376,11.2,-1.3942561807128357
3,-14.962343276967651,-0.09577377318442933,21.464253202947187,11.2,-1.6080039418123735
3,-14.714002640323258,-0.09399466448903666,20.876755702490616,11.2,-1.8182039795312772
3,-14.093136297159825,-0.093253363915374,20.24544840885351,11.2,-2.0195344980621317
3,-13.596456439989549,-0.09681157116110697,19.643358863532487,11.2,-2.2137695900619825
3,-12.35495741069343,-0.12053160014997498,19.095708705528704,11.2,-2.390268981643317
3,-11.610277472546958,-0.1436564304525172,18.51752168126461,11.2,-2.556130088393988
3,-10.865852386193707,-0.17389314426714567,18.000496081197277,11.2,-2.7113565510538984
3,-10.121660890060754,-0.20946209721256784,17.454998571115727,11.2,-2.855951706626195
3,-8.509736702354997,-0.2961525611801916,16.907298582704374,11.2,-2.977519373802695
3,-7.3940864262657335,-0.3614981190073625,16.406950973231055,11.2,-3.0831491798922057
3,-6.402467115299693,-0.42076708585396616,15.81757355662557,11.2,-3.1746129958250586
3,-6.402467115299693,-0.42076708585396616,15.171994538755182,11.2,-3.2660768117579115
3,-5.162770774557597,-0.49189309142138293,14.600249050406461,11.2,-3.339830679965877
3,-5.162770774557597,-0.49189309142138293,13.9756661038925,11.2,-3.4135845481738425
3,-3.7988323308827976,-0.5652467003611652,13.43293613764345,11.2,-3.467853581472168
3,-2.9307625092146905,-0.6098534877897857,12.926753953995794,11.2,-3.509721617318092
3,-1.070389940224635,-0.7009972402963472,12.52450771284025,11.2,-3.525012902178444
3,-0.07802419185716192,-0.746052917565123,12.137915725722266,11.2,-3.526127533490689
3,0.9145454199234077,-0.7863686509312976,11.81295658356061,11.2,-3.5130625989203548
3,2.279519414668246,-0.8369139152875288,11.469199984058239,11.2,-3.4804980358536657
3,3.1482135618087277,-0.8670047693710136,11.16157427231403,11.2,-3.4355235563992554
3,4.141122976949092,-0.8978379643515016,10.915505743728461,11.2,-3.3763646567285543
3,5.258263946867196,-0.9285240164961762,10.639166455281563,11.2,-3.3012466003447374
3,5.3823985092659505,-0.9316371593435372,10.384816184732976,11.2,-3.2243551930695094
3,6.747956576840762,-0.9626209318683525,10.126637171377528,11.2,-3.1279558134003556
3,7.368696650436318,-0.9752222032543605,9.905102274535645,11.2,-3.0226887183941225
3,8.361904369242195,-0.994198388757622,9.689679208869936,11.2,-2.9032329416906624
3,8.85852899787132,-1.0025005803813012,9.496166554732405,11.2,-2.7766825274353577
3,8.982695185803783,-1.0038348960512082,9.309803828263897,11.2,-2.6483583104953037
3,9.10686774636039,-1.0042796755499765,9.292123239204779,11.2,-2.5182601998330125
3,9.355214047599954,-1.0036866348092393,9.41477791372187,11.2,-2.384614284867299
3,9.355214047599954,-1.0036866348092393,9.523252853661564,11.2,-2.2509683699015857
3,9.603554684244347,-1.0019075261138466,9.65407662392955,11.2,-2.113774731555238
3,9.603554684244347,-1.0019075261138466,9.798947397890014,11.2,-1.97658109320889
3,9.727723940458484,-1.0008697151740218,9.866274650036825,11.2,-1.8376136083451975
3,9.85189319667262,-0.999831904234197,9.827568785812128,11.2,-1.69687227696416
3,9.85189319667262,-0.999831904234197,9.736556970145687,11.2,-1.5561309455831225
3,9.85189319667262,-0.999831904234197,9.646229511479394,11.2,-1.415389614202085
3,9.85189319667262,-0.999831904234197,9.554738345323301,11.2,-1.2746482828210475
3,9.85189319667262,-0.999831904234197,9.457544620759062,11.2,-1.13390695144001
3,9.85189319667262,-0.999831904234197,9.348878439419599,11.2,-0.9931656200589726
3,9.85189319667262,-0.999831904234197,9.224995066833182,11.2,-0.8524242886779352
3,9.727723940458484,-1.0008697151740218,9.104778413723995,11.2,-0.7134568038142426
3,9.603552560028225,-1.0016110129295897,8.975466414698447,11.2,-0.5762631958138393
3,9.23103841873745,-1.0038349061962932,8.824179846246244,11.2,-0.4443912184033043
3,9.23103841873745,-1.0038349061962932,8.645362484606133,11.2,-0.3125192409927693
3,9.106867038307191,-1.004576203951861,8.42658415437037,11.2,-0.1824211404455237
3,8.734347232409132,-1.0050209842960587,8.15731266444605,11.2,-0.057644751411107545
3,8.361833799183668,-1.0027970952564684,7.845469409281418,11.2,0.061810017148659135
3,7.989334527349227,-0.9987941406380403,7.7606179361085665,11.2,0.17594336753936238
3,6.996016352979185,-0.9869335850863359,7.745119078549751,11.2,0.27588645829620784
3,5.630224632956307,-0.9689945885850458,8.153595874073742,11.2,0.35631823876701224
3,4.140248787456766,-0.9512037721656678,8.695923973770423,11.2,0.4154646500163946
3,2.4018973742369543,-0.9345988523627918,9.485843549101563,11.2,0.4497774696483511
3,1.0360355558814676,-0.923182932024719,10.428988752667324,11.2,0.4645779775895149
3,-2.31662357914694,-0.9111738855579726,11.43175051869396,11.2,0.4314833550302729
3,-4.42757315834135,-0.9136943122991475,12.531420453857779,11.2,0.3682323099111108
3,-6.538482613285644,-0.926296350190159,13.639278176033002,11.2,0.27482541543560157
3,-9.27010499670147,-0.9589128469590189,14.418043834392666,11.2,0.142395344054152
3,-10.884099755847384,-0.9878220306781974,15.29053790064805,11.2,-0.013091795315096327
3,-12.497845999657951,-1.0282928107679126,15.639593796342874,11.2,-0.19163245245306704
3,-13.987210122368499,-1.0745426032386447,16.02946377851852,11.2,-0.39144973991547416
3,-14.235418597264012,-1.082843642904431,15.992977719463896,11.2,-0.5948128627335314
3,-14.607716088895646,-1.0957397232259245,15.28027003837406,11.2,-0.8034945211463264
3,-14.607716088895646,-1.0957397232259245,14.649546441489322,11.2,-1.0121761795591213
3,-14.607716088895646,-1.0957397232259245,14.196964338114222,11.2,-1.2208578379719162
3,-14.855904033624341,-1.1046334491512932,13.875252040115372,11.2,-1.433085038452264
3,-14.980003197501553,-1.108932142591791,13.688048379088812,11.2,-1.6470850841308575
3,-15.228230551286643,-1.116640441336913,13.595053673327879,11.2,-1.864631234863524
3,-15.600633530627544,-1.1259798521268474,13.57525815120236,11.2,-2.087497428158203
3,-15.724781545346655,-1.128500106404049,13.642597636741398,11.2,-2.312137164520298
3,-16.221423167244474,-1.135616338285785,13.745787274914306,11.2,-2.5438717811952194
3,-16.718104440533263,-1.1391745556765702,13.59168299702208,11.2,-2.7827018446314087
3,-17.09062424643132,-1.1396193360207678,13.531406751231982,11.2,-3.0268536195804274
3,-17.33896842344265,-1.1384332579210024,13.578387821876234,11.2,-3.274553168486751
3,-17.463137679656786,-1.1373954469811776,13.54995049043717,11.2,-3.5240265639104194
3,-17.5873041036016,-1.1360611287750348,13.5688200098296,11.2,-3.775273765390442
3,-17.835625622555256,-1.1325030026893743,13.57865038343997,11.2,-4.030068417141232
3,-18.083927316273716,-1.12775896082224,13.498099117793604,11.2,-4.288410235945142
3,-18.208068958780515,-1.124942254229075,13.412301392335035,11.2,-4.5485255067848644
3,-18.33220352117927,-1.121829111381714,13.259081363253177,11.2,-4.810414128515997
3,-18.456330295614613,-1.1184195500323058,13.098580077031388,11.2,-5.07407598988192
3,-18.580448574275593,-1.1147135896232703,12.936256386964228,11.2,-5.3395109695144285
3,-18.580448574275593,-1.1147135896232703,12.775093074130616,11.2,-5.604945949146937
3,-18.704557649399703,-1.1107112512871837,12.599173378766048,11.2,-5.8721539155669324
3,-18.704557649399703,-1.1107112512871837,12.42357359548123,11.2,-6.139361881986928
3,-19.201012356969883,-1.0952946537969397,12.305888432332239,11.2,-6.413662058515069
3,-19.697563351029896,-1.0834349887298038,12.246613534425586,11.2,-6.695055820672639
3,-20.566672146253573,-1.0699438568200863,12.445078946825857,11.2,-6.988865422761976
3,-21.31167918673042,-1.0628274693821838,12.917411710873363,11.2,-7.293317982572411
3,-22.429234355967317,-1.0614931334221616,13.559203829371423,11.2,-7.6137356162290875
3,-23.54675553773494,-1.0708334141267677,14.315101177115656,11.2,-7.9501178381967295
3,-24.415864332958616,-1.0843245460364852,15.123492392844087,11.2,-8.298915900096139
3,-25.036571365666394,-1.0984080522326978,15.58675447071581,11.2,-8.656581205319945
3,-25.28481641876272,-1.1055235739911415,15.032578799298479,11.2,-9.017792868445127
3,-25.036571365666394,-1.0984080522326978,14.488556874834668,11.2,-9.375458173668934
3,-24.788295160760836,-1.0924782027921718,14.037717093343186,11.2,-9.729576675965516
3,-25.036571365666394,-1.0984080522326978,13.803295073604469,11.2,-10.087241981189322
3,-25.160698140101736,-1.101817613582106,13.88835282764996,11.2,-10.446680526047919
3,-25.160698140101736,-1.101817613582106,14.151075497210622,11.2,-10.806119070906515
3,-25.160698140101736,-1.101817613582106,14.429557385170677,11.2,-11.165557615765112
3,-25.160698140101736,-1.101817613582106,14.416633050514292,11.2,-11.524996160623708
3,-25.036556497594937,-1.099000906988941,14.193533570134582,11.2,-11.882661253446493
3,-24.788254803876477,-1.0942568651218068,14.08465130864496,11.2,-12.236779179216157
3,-24.539942253568814,-1.0901057653648125,13.732443389238286,11.2,-12.587349782838569
3,-24.415783618253602,-1.0881784571429056,13.47309096174671,11.2,-12.936146691670762
3,-24.04328505445621,-1.0841755101331845,13.308321306852969,11.2,-13.279622192448707
3,-23.670767372786386,-1.0828411716368793,13.25073397930858,11.2,-13.617776012059942
3,-23.670767372786386,-1.0828411716368793,13.095014600541015,11.2,-13.955929831671176
3,-23.670767372786386,-1.0828411716368793,13.011944429065828,11.2,-14.29408365128241
3,-23.670767372786386,-1.0828411716368793,13.009562422628868,11.2,-14.632237470893644
3,-23.670767372786386,-1.0828411716368793,13.073080334958052,11.2,-14.970391290504878
3,-23.670767372786386,-1.0828411716368793,13.190660838353867,11.2,-15.308545110116112
3,-23.546593868127893,-1.0826929112403396,13.029541264201706,11.2,-15.64492502251794
3,-23.4224203634694,-1.0825446508438,12.883927577079476,11.2,-15.97953102771036
3,-23.298246858810906,-1.0826929112403396,12.784169057461307,11.2,-16.312363125693373
3,-23.4224203634694,-1.0825446508438,12.670966350861029,11.2,-16.646969130885793
3,-23.4224203634694,-1.0825446508438,12.668956948097591,11.2,-16.981575136078213
3,-23.546593868127893,-1.0826929112403396,12.700344753247062,11.2,-17.31795504848004
3,-23.42242107154682,-1.082248130896142,12.750861621337823,11.2,-17.652561063787854
3,-23.42242107154682,-1.082248130896142,12.586140181070608,11.2,-17.987167079095666
3,-23.42242107154682,-1.082248130896142,12.450236948822615,11.2,-18.32177309440348
3,-23.42242107154682,-1.082248130896142,12.414007514177612,11.2,-18.656379109711292
3,-23.42242107154682,-1.082248130896142,12.442494789689972,11.2,-18.990985125019105
3,-23.42242107154682,-1.082248130896142,12.14218097506975,11.2,-19.325591140326917
3,-23.42242107154682,-1.082248130896142,12.07028763951177,11.2,-19.66019715563473
3,-23.42242107154682,-1.082248130896142,12.019669243356587,11.2,-19.994803170942543
3,-23.42242107154682,-1.082248130896142,11.917017856399095,11.2,-20.329409186250356
3,-23.42242107154682,-1.082248130896142,11.788628783098654,11.2,-20.66401520155817
3,-23.42242107154682,-1.082248130896142,11.714888930072833,11.2,-20.99862121686598
3,-23.42242107154682,-1.082248130896142,11.579890093517971,11.2,-21.333227232173794
3,-23.670765484581533,-1.0834342101231418,11.430608934508594,11.2,-21.671381024810675
3,-23.919111785821098,-1.084027250863879,11.315616064254357,11.2,-22.013082621750975
3,-24.04328529047959,-1.0838789904673394,11.193818273716293,11.2,-22.356558125900683
3,-24.415798723705056,-1.0816551014277491,11.318528855345587,11.2,-22.70535525052504
3,-25.036630843429123,-1.0749835103970355,11.405872205472443,11.2,-23.063021405431172
3,-25.905795811042818,-1.0656432829540365,11.609589144741623,11.2,-23.433104202731784
3,-27.147498994264787,-1.0567477394770732,12.084911810564329,11.2,-23.820925616935565
3,-28.016708570332277,-1.05363427706769,12.71988902303548,11.2,-24.221164310797455
3,-29.010094719392153,-1.0512621118502645,13.39914667833406,11.2,-24.6355942353602
3,-29.75513574734312,-1.0512621118502645,14.13713999279924,11.2,-25.06066760317939
3,-31.24520080941109,-1.0583785804488572,14.963430719113157,11.2,-25.507027614742405
3,-31.990223427404334,-1.063715911607566,15.491978801793588,11.2,-25.964030806562466
3,-31.990223427404334,-1.063715911607566,15.198764833893144,11.2,-26.421033998382526
3,-31.990223427404334,-1.063715911607566,14.821416674441574,11.2,-26.878037190202587
3,-31.990223427404334,-1.063715911607566,14.656350951073698,11.2,-27.335040382022648
3,-31.8660541711902,-1.0626781006677413,14.678397258813593,11.2,-27.790269727325363
3,-31.8660541711902,-1.0626781006677413,14.72043511522044,11.2,-28.24549907262808
3,-31.8660541711902,-1.0626781006677413,14.617434392527224,11.2,-28.700728417930794
3,-31.8660541711902,-1.0626781006677413,14.650218865381039,11.2,-29.15595776323351
3,-31.8660541711902,-1.0626781006677413,14.562673950071952,11.2,-29.611187108536225
3,-31.8660541711902,-1.0626781006677413,14.491211983639117,11.2,-30.06641645383894
3,-31.8660541711902,-1.0626781006677413,14.482024835233393,11.2,-30.521645799141655
3,-31.741887747245386,-1.0613437824615986,14.504669781467229,11.2,-30.97510133838802
3,-31.741887747245386,-1.0613437824615986,14.578722041017762,11.2,-31.42855687763438
3,-31.741887747245386,-1.0613437824615986,14.548257244366722,11.2,-31.882012416880745
3,-31.741887747245386,-1.0613437824615986,14.51863087755108,11.2,-32.335467956127104
3,-31.741887747245386,-1.0613437824615986,14.584062341920392,11.2,-32.78892349537347
3,-31.493558203652874,-1.0583786435736724,14.661070562874222,11.2,-33.238831469711364
3,-31.245228660060363,-1.0554135046857462,14.576907204790574,11.2,-33.685191879140795
3,-30.872729388225924,-1.051410550067318,14.27983520516902,11.2,-34.126230870401166
3,-30.127698981399988,-1.0478523259131232,14.096119408412168,11.2,-34.55662657013545
3,-29.506831458107513,-1.0485936278958217,13.698915500281554,11.2,-34.9781527338227
3,-28.761798927073528,-1.052151862195118,13.355722744669317,11.2,-35.38903557563803
3,-28.637629670859393,-1.0531896731349428,12.93231761613837,11.2,-35.798144570936024
3,-27.147767112611934,-1.078096058639148,12.545672999315364,11.2,-36.18596981540191
3,-26.52709430061816,-1.0936617728759528,12.14647341267364,11.2,-36.564928305410746
3,-25.906460428441434,-1.1107095796229942,11.755849537311537,11.2,-36.935020597245625
3,-25.410005720871254,-1.1261261771132383,11.444435801654143,11.2,-37.29802067897236
3,-25.285896645747144,-1.1301285154493248,11.220054677513923,11.2,-37.6592477739116
3,-25.161778367086164,-1.1338344758583603,11.094219065876958,11.2,-38.01870175058426
3,-25.161778367086164,-1.1338344758583603,11.100792254952168,11.2,-38.378155727256924
3,-25.161778367086164,-1.1338344758583603,11.187853751456206,11.2,-38.737609703929586
3,-25.03765159265082,-1.1372440372077686,11.31772046671402,11.2,-39.09529044096745
3,-25.03765159265082,-1.1372440372077686,11.361637888228232,11.2,-39.45297117800532
3,-25.03765159265082,-1.1372440372077686,11.439091998648193,11.2,-39.81065191504319
3,-24.913517030252066,-1.1403571800551295,11.334489520854126,11.2,-40.16655930118964
3,-24.913517030252066,-1.1403571800551295,11.16022607097115,11.2,-40.5224666873361
3,-24.913517030252066,-1.1403571800551295,11.05463524985624,11.2,-40.878374073482554
3,-24.913517030252066,-1.1403571800551295,11.007149887798723,11.2,-41.23428145962901
3,-24.913517030252066,-1.1403571800551295,10.906387726022578,11.2,-41.590188845775465
3,-25.037658672758866,-1.1375404734619645,10.708725239010628,11.2,-41.947869683957734
3,-25.037658672758866,-1.1375404734619645,10.559906446363426,11.2,-42.30555052214
3,-25.037658672758866,-1.1375404734619645,10.423671644870328,11.2,-42.66323136032227
3,-25.4101027169162,-1.1299797106303597,10.280566094046291,11.2,-43.026232827706785
3,-26.27917846991164,-1.114413197500831,10.12206130782029,11.2,-43.40164966299124
3,-27.02414302677261,-1.1037388192438493,10.328235386455068,11.2,-43.78770884908799
3,-27.644975146496677,-1.0970672282131357,10.881997695580147,11.2,-44.182637065466515
3,-29.75590065114102,-1.0895060054785288,11.504272489633632,11.2,-44.60772136048281
3,-31.121783239634386,-1.0976602652903598,12.310833886154812,11.2,-45.05231826390616
3,-32.611759085133926,-1.1154510817097378,13.200990232581798,11.2,-45.51820053655093
3,-34.72236761632474,-1.1532553988809713,14.141110499481334,11.2,-46.01423435964128
3,-36.087925683899556,-1.1842391714057867,15.17208919551336,11.2,-46.52977615512556
3,-37.2050645303848,-1.214925165223201,16.300467683810247,11.2,-47.0612770769882
3,-38.446202478872046,-1.2534666955781761,16.57875195638201,11.2,-47.610508540972084
3,-38.446202478872046,-1.2534666955781761,16.19712480300044,11.2,-48.15974000495597
3,-38.0738476428891,-1.2423488143510695,15.700080598076621,11.2,-48.7036521141401
3,-37.70146731958307,-1.2321201303028444,15.257041477919678,11.2,-49.24224450441986
3,-37.20488942095905,-1.2214462389951841,14.896158839659384,11.2,-49.77374292471927
3,-36.956567902005396,-1.2178881129095236,14.454090003822103,11.2,-50.30169389474792
3,-36.83240147806058,-1.2165537947033809,14.130785510257812,11.2,-50.82787105872021
3,-36.83240147806058,-1.2165537947033809,13.87676474108598,11.2,-51.354048222692505
3,-37.080737394234845,-1.2189259261037917,13.750204428521302,11.2,-51.883773042610144
3,-37.20490665044898,-1.2199637370436165,13.758218714263087,11.2,-52.41527170904513
3,-37.329078030879245,-1.2207050347991844,13.871489271859573,11.2,-52.9485442523434
3,-37.329078030879245,-1.2207050347991844,14.079099452692088,11.2,-53.48181679564168
3,-37.329078030879245,-1.2207050347991844,14.19029147809228,11.2,-54.01508933893995
3,-37.57742244391396,-1.221891114026184,14.100275417781546,11.2,-54.55190965956729
3,-37.57742244391396,-1.221891114026184,14.116627038709225,11.2,-55.088729980194636
3,-37.4532510634837,-1.2211498162706163,14.155079873061169,11.2,-55.62377642395869
3,-37.4532510634837,-1.2211498162706163,14.074642581578836,11.2,-56.15882286772274
3,-37.4532510634837,-1.2211498162706163,14.099970720500625,11.2,-56.69386931148679
3,-37.4532510634837,-1.2211498162706163,14.098447223838384,11.2,-57.228915755250846
3,-37.329079683053436,-1.2204085185150484,14.117137766602983,11.2,-57.76218832215161
3,-37.329079683053436,-1.2204085185150484,14.087601671840027,11.2,-58.29546088905237
3,-37.329079683053436,-1.2204085185150484,14.15210460371928,11.2,-58.828733455953135
3,-37.329079683053436,-1.2204085185150484,14.264607403190928,11.2,-59.3620060228539
3,-37.329079683053436,-1.2204085185150484,14.3218363832101,11.2,-59.89527858975466
3,-37.204908302623174,-1.2196672207594805,14.378214995151975,11.2,-60.426777279792134
3,-37.204908302623174,-1.2196672207594805,14.462898363261786,11.2,-60.95827596982961
3,-37.080739046409036,-1.2186294098196557,14.538041297640685,11.2,-61.488000813349736
3,-36.9565697901949,-1.217591598879831,14.6055865827549,11.2,-62.01595181035252
3,-36.83240053398076,-1.2165537879400061,14.719156658971821,11.2,-62.54212896083796
3,-36.70823127776662,-1.2155159770001813,14.8141508239674,11.2,-63.06653226480605
3,-36.584062021552484,-1.2144781660603565,14.951974711377197,11.2,-63.5891617222568
3,-36.21155425291008,-1.2113647332408821,14.925120306318775,11.2,-64.10646964015551
3,-35.8390401116193,-1.2091408399741785,14.782959990135378,11.2,-64.61845592746435
3,-35.59069569858458,-1.2079547607471788,14.62594370758538,11.2,-65.12689443744414
3,-34.34896419238676,-1.2049895570434923,14.332039525969867,11.2,-65.6175939259068
3,-33.3555789874285,-1.2073617200064415,13.978401111069445,11.2,-66.09410219715578
3,-32.36221644085093,-1.2144781547880121,13.526202397397197,11.2,-66.55641957488221
3,-31.368899210517903,-1.2263386990675975,13.028093910545556,11.2,-67.00454670646104
3,-30.375649953259657,-1.2429430823149559,12.563748580025319,11.2,-67.43848456293618
3,-28.885912009904185,-1.2749648475371553,12.029487925846373,11.2,-67.85114044879195
3,-27.892866662567787,-1.3010556643242324,11.548690221249574,11.2,-68.24960997254293
3,-27.520511826584844,-1.3121735455513388,11.143406653936534,11.2,-68.64276014149414
3,-26.031262392576917,-1.3619797362108448,10.73634149306332,11.2,-69.01463531853095
3,-25.28669855839083,-1.388660913986951,10.386844780260184,11.2,-69.37587386936511
3,-25.28669855839083,-1.388660913986951,10.101585811412363,11.2,-69.73711242019927
3,-25.038453505294505,-1.3957764357453948,10.168942118307967,11.2,-70.09480461313204
3,-25.038453505294505,-1.3957764357453948,10.462057353207214,11.2,-70.45249680606481
3,-24.91431894289575,-1.3988895785927558,10.809389487336798,11.2,-70.80841564810618
3,-24.91431894289575,-1.3988895785927558,11.025536630713598,11.2,-71.16433449014754
3,-24.79017730038895,-1.4017062851859208,10.956600218558926,11.2,-71.5184798801531
3,-24.79017730038895,-1.4017062851859208,10.931544607592677,11.2,-71.87262527015865
3,-24.66602928566984,-1.4042265394631224,10.96911466822826,11.2,-72.22499711709679
3,-24.66602928566984,-1.4042265394631224,10.94986894781369,11.2,-72.57736896403493
3,-24.66602928566984,-1.4042265394631224,10.972934047407817,11.2,-72.92974081097307
3,-24.66602928566984,-1.4042265394631224,10.98731362126713,11.2,-73.28211265791121
3,-24.66602928566984,-1.4042265394631224,10.951156112818532,11.2,-73.63448450484935
3,-24.66602928566984,-1.4042265394631224,10.85189960552968,11.2,-73.9868563517875
3,-24.66602928566984,-1.4042265394631224,10.793072804574217,11.2,-74.33922819872564
3,-24.66602928566984,-1.4042265394631224,10.746816793120393,11.2,-74.69160004566378
3,-24.79017730038895,-1.4017062851859208,10.696216450440708,11.2,-75.04574543566933
3,-24.79017730038895,-1.4017062851859208,10.580523560097639,11.2,-75.39989082567489
3,-25.03846719358643,-1.3963693192433688,10.436207119996517,11.2,-75.75758321415469
3,-25.03846719358643,-1.3963693192433688,10.263076680235388,11.2,-76.1152756026345
3,-25.65923440864255,-1.3852504024283,10.082056106806013,11.2,-76.48183609418653
3,-26.03172305955788,-1.3803579488370392,10.197852033499784,11.2,-76.85371785218022
3,-27.273401460352623,-1.3684973031072016,10.483652290638426,11.2,-77.2433378730424
3,-28.390954505362092,-1.3644942876182862,10.81725069464976,11.2,-77.64892293740472
3,-29.50850755037156,-1.3684973031072016,11.532341173989623,11.2,-78.07047304526716
3,-31.495136346821983,-1.3922183240337138,12.269556666571347,11.2,-78.52040356450748
3,-32.860761912981275,-1.4199410683881446,13.095685208560209,11.2,-78.9898430204072
3,-34.35032993398587,-1.45907729356876,13.99906236739384,11.2,-79.48056201946414
3,-35.96374484385584,-1.5111075930397793,15.000051954075504,11.2,-79.9943298029478
3,-36.33601047878625,-1.5248926651369332,15.812361770940425,11.2,-80.51341566693047
3,-37.949161563484694,-1.5846279775579348,16.019206945906145,11.2,-81.05554654640882
3,-38.0732501084615,-1.5892230015903195,15.748124534992979,11.2,-81.59945011938684
3,-37.70095332448338,-1.5763269457813505,15.230965261939106,11.2,-82.13803516687946
3,-37.45270827138705,-1.5692114240229067,14.792446521827653,11.2,-82.67307385647071
3,-37.204432066481495,-1.5632815745823807,14.430529645925585,11.2,-83.20456574313474
3,-37.328573708988294,-1.5660982811755457,14.146172614002506,11.2,-83.73783108183457
3,-37.328573708988294,-1.5660982811755457,13.868761675623551,11.2,-84.2710964205344
3,-37.328573708988294,-1.5660982811755457,13.79113524556906,11.2,-84.80436175923424
3,-37.452715351495094,-1.5689149877687107,13.779712227992716,11.2,-85.33940054996988
3,-37.701017045213554,-1.573659029635845,13.854887374040178,11.2,-85.87798650775865
3,-37.825175680528766,-1.575586337857752,14.02352164175735,11.2,-86.41834616033763
3,-38.07350498811202,-1.5785514739276483,14.246217282642677,11.2,-86.96225337445352
3,-38.32184090428628,-1.580923605328059,14.152657387665798,11.2,-87.50970824451475
3,-38.44601016050042,-1.581961416267884,14.143617404809525,11.2,-88.05893696109334
3,-38.44601016050042,-1.581961416267884,14.254992529421086,11.2,-88.60816567767192
3,-38.44601016050042,-1.581961416267884,14.475929497693798,11.2,-89.1573943942505
3,-38.57018154093068,-1.5827027140234518,14.33455089807308,11.2,-89.70839698769237
3,-38.44601016050042,-1.581961416267884,14.204509832921742,11.2,-90.25762570427095
3,-38.44601016050042,-1.581961416267884,14.242698103574817,11.2,-90.80685442084953
3,-38.44601016050042,-1.581961416267884,14.298208349416809,11.2,-91.35608313742812
3,-38.44601016050042,-1.581961416267884,14.241057699477638,11.2,-91.9053118540067
3,-38.197665983489095,-1.5807753381681184,14.13127405543291,11.2,-92.45099279662797
3,-38.073493186908024,-1.5803305578239208,14.067788687503702,11.2,-92.99489984215523
3,-38.073493186908024,-1.5803305578239208,14.061699086432279,11.2,-93.5388068876825
3,-38.073493186908024,-1.5803305578239208,14.152471735260274,11.2,-94.08271393320976
3,-38.073493186908024,-1.5803305578239208,14.259473726952262,11.2,-94.62662097873702
3,-38.073493186908024,-1.5803305578239208,14.253845861407807,11.2,-95.17052802426429
3,-38.073493186908024,-1.5803305578239208,14.334247200062345,11.2,-95.71443506979155
3,-38.073493186908024,-1.5803305578239208,14.48881927396093,11.2,-96.25834211531881
3,-37.94932180647776,-1.579589260068353,14.588652134889433,11.2,-96.80047528398278
3,-37.94932180647776,-1.579589260068353,14.627279948407836,11.2,-97.34260845264674
3,-37.94932180647776,-1.579589260068353,14.745919929216665,11.2,-97.88474162131071
3,-37.825152550263624,-1.5785514491285282,14.909521149675042,11.2,-98.42510094345734
3,-37.70098612631881,-1.5772171309223855,14.994452349421902,11.2,-98.9636864595476
3,-37.452650446159865,-1.574845001776418,15.014899295133416,11.2,-99.49872432306417
3,-36.955968700831036,-1.5712867810039453,14.835401286231814,11.2,-100.02666673307604
3,-36.08676077693478,-1.5681733245125666,14.572072076985215,11.2,-100.54219188703225
3,-35.34172187321609,-1.5699524467347785,14.240183534800556,11.2,-101.0470736280782
3,-34.348359326638516,-1.5770688815163492,13.80861518765496,11.2,-101.5377644756016
3,-33.97586005480407,-1.5810718361347773,13.311203516570698,11.2,-102.02313390495596
3,-31.98946160793028,-1.619023882516966,12.806417191116656,11.2,-102.48012621364067
3,-30.996481395544976,-1.6474859695507411,12.33200483834763,11.2,-102.9229330907199
3,-30.003648439539692,-1.6806900966570788,11.926292500556812,11.2,-103.35155663985617
3,-29.259151149158964,-1.7091491540200798,11.49024272533913,11.2,-103.76954451341558
3,-28.266580594051906,-1.7494649257018475,11.167555941074681,11.2,-104.17335280761633
3,-28.018414830591663,-1.7589512781561811,10.88345699506109,11.2,-104.57361587662477
3,-28.018414830591663,-1.7589512781561811,10.947325686305826,11.2,-104.97387894563322
3,-27.770169777495337,-1.766066799914625,11.23291499868861,11.2,-105.37059565674029
3,-27.770169777495337,-1.766066799914625,11.528022322547645,11.2,-105.76731236784737
3,-27.770169777495337,-1.766066799914625,11.857860221122333,11.2,-106.16402907895444
3,-27.646021762776225,-1.7685870541918265,11.948571695568175,11.2,-106.5589722469941
3,-27.397719833074756,-1.7733311005676418,11.829026196057033,11.2,-106.95036824460945
3,-27.025275788917423,-1.7808918633992465,11.759354300356982,11.2,-107.33644361302255
3,-26.65285086139702,-1.7893419831787416,11.523522850989217,11.2,-107.71719862532822
3,-26.40457442053268,-1.7952718382549266,11.23300715483471,11.2,-108.09440683133583
3,-26.280426641790925,-1.797792087741693,11.037492266450739,11.2,-108.46984149764712
3,-26.280426641790925,-1.797792087741693,11.080194694487176,11.2,-108.84527616395842
3,-26.280426641790925,-1.797792087741693,11.262608682682313,11.2,-109.22071083026971
3,-26.280426641790925,-1.797792087741693,11.4315229522576,11.2,-109.596145496581
3,-26.280426641790925,-1.797792087741693,11.635868492578226,11.2,-109.9715801628923
3,-26.280426641790925,-1.797792087741693,11.705708000857195,11.2,-110.34701482920359
3,-26.15626021784611,-1.7991264059478358,11.633347662404699,11.2,-110.72067568945853
3,-26.15626021784611,-1.7991264059478358,11.54223260577035,11.2,-111.09433654971347
3,-26.15626021784611,-1.7991264059478358,11.430114739844743,11.2,-111.46799740996842
3,-26.15626021784611,-1.7991264059478358,11.41437317818523,11.2,-111.84165827022336
3,-26.15626021784611,-1.7991264059478358,11.373271966165534,11.2,-112.2153191304783
3,-26.15626021784611,-1.7991264059478358,11.359754348868035,11.2,-112.58897999073325
3,-26.15626021784611,-1.7991264059478358,11.224866366960853,11.2,-112.9626408509882
3,-26.15626021784611,-1.7991264059478358,11.113958847483303,11.2,-113.33630171124314
3,-26.15626021784611,-1.7991264059478358,11.059040882646602,11.2,-113.70996257149808
3,-26.15626021784611,-1.7991264059478358,10.907498073323433,11.2,-114.08362343175303
3,-26.15626021784611,-1.7991264059478358,10.80217959185355,11.2,-114.45728429200797
3,-26.15626021784611,-1.7991264059478358,10.640824258582787,11.2,-114.83094515226291
3,-26.280426641790925,-1.797792087741693,10.495175451888077,11.2,-115.2063798185742
3,-26.652915292706254,-1.7928996341504322,10.377183193521262,11.2,-115.58713575132715
3,-27.14955880261727,-1.7857833752159085,10.264290007776443,11.2,-115.97498659136454
3,-28.01872211814452,-1.7764431655265591,10.194232471251802,11.2,-116.37525405019518
3,-29.26042648146659,-1.767547613595378,10.687005332850854,11.2,-116.79326014278756
3,-29.632940622757367,-1.7653237203286745,11.281866446232645,11.2,-117.21658786596981
3,-31.99222375781304,-1.7681406517998324,12.103899558346317,11.2,-117.67361963393857
3,-33.48223783876673,-1.7823734266756375,13.110060373735811,11.2,-118.15193731734952
3,-35.59293062716709,-1.815137604170666,14.17904361308592,11.2,-118.66040775488048
3,-36.9584860991242,-1.8461213178023341,15.373427874668966,11.2,-119.18838612772511
3,-38.323880617913,-1.8836264926458248,16.211800183930965,11.2,-119.73587013655244
3,-39.44086017089991,-1.9196474692026844,16.61879625446686,11.2,-120.29931099613673
3,-39.56494871587672,-1.924242493235069,16.37717464141622,11.2,-120.86452454922068
3,-39.56494871587672,-1.924242493235069,15.816985548177874,11.2,-121.42973810230463
3,-39.06857329816869,-1.9064550582893038,15.540562541004636,11.2,-121.98786057799275
3,-38.8203459443836,-1.8987467595441818,15.248738661114913,11.2,-122.5424369486268
3,-38.69621916994825,-1.8953371981947735,14.96491717207973,11.2,-123.09524007962607
3,-38.32379495032358,-1.886887094477046,14.802248770980903,11.2,-123.64272286463068
3,-38.07548263600902,-1.8827359986652064,14.683552947314052,11.2,-124.18665833085939
3,-37.95131975237057,-1.8811051808014527,14.57644424990398,11.2,-124.72882004160753
3,-37.70299020877806,-1.8781400419135266,14.425598715026126,11.2,-125.26743418744722
3,-37.70299020877806,-1.8781400419135266,14.386137388622153,11.2,-125.80604833328691
3,-37.70299020877806,-1.8781400419135266,14.398135523330442,11.2,-126.3446624791266
3,-37.70299020877806,-1.8781400419135266,14.504710804284226,11.2,-126.88327662496629
3,-37.70299020877806,-1.8781400419135266,14.513448034120183,11.2,-127.42189077080597
3,-37.57882732513961,-1.876509224049773,14.502542169856904,11.2,-127.9587311611651
3,-37.57882732513961,-1.876509224049773,14.527848719867016,11.2,-128.49557155152425
3,-37.4546686898244,-1.874581915827866,14.661768626862003,11.2,-129.03063824709318
3,-37.4546686898244,-1.874581915827866,14.70433406625171,11.2,-129.5657049426621
3,-37.4546686898244,-1.874581915827866,14.768658902726314,11.2,-130.10077163823104
3,-37.33051501082505,-1.8723581282379334,14.91028761379434,11.2,-130.63406470981425
3,-37.33051501082505,-1.8723581282379334,15.024852405451146,11.2,-131.16735778139747
3,-37.20636699610594,-1.8698378739607318,15.130415079564823,11.2,-131.69887730991326
3,-37.20636699610594,-1.8698378739607318,15.263005317396201,11.2,-132.23039683842904
3,-36.833942068585536,-1.8613877541812365,15.412073406825593,11.2,-132.7565960108374
3,-36.58566562772119,-1.8554578991050512,15.408178641482463,11.2,-133.2792483769477
3,-36.337389186856846,-1.849528044028866,15.160098041853583,11.2,-133.79835393675992
3,-35.095940900727285,-1.8228432396770329,14.901635387007492,11.2,-134.29972452105602
3,-33.97855778973315,-1.8028291513676387,14.404782525394449,11.2,-134.7851324894808
3,-32.73691479195164,-1.7880035132885685,13.792109587410712,11.2,-135.25280270079438
3,-31.371014029550988,-1.7863726582263193,13.082299986848456,11.2,-135.70096004407367
3,-29.384334252640386,-1.8053496372874753,12.290053203535454,11.2,-136.12073624768283
3,-27.894528338018965,-1.833813807334094,11.503919452281664,11.2,-136.51922950965454
3,-26.52923505812688,-1.87457913937535,10.826106869086495,11.2,-136.89821858191348
3,-25.536668276322544,-1.9148947577948545,10.20266460924293,11.2,-137.26302812871808
3,-23.55239543416747,-2.0144836608195718,9.634321428724087,11.2,-137.59949092063476
3,-23.18041222225616,-2.0344891905304214,9.11331957507214,11.2,-137.930639666667
3,-22.93237740979947,-2.046937838901614,9.211426257964021,11.2,-138.25824505823556
3,-22.93237740979947,-2.046937838901614,9.605861738992767,11.2,-138.58585044980413
3,-22.93237740979947,-2.046937838901614,10.033214099953973,11.2,-138.9134558413727
3,-22.93237740979947,-2.046937838901614,10.209870377275946,11.2,-139.24106123294126
3,-22.93237740979947,-2.046937838901614,10.114788185084148,11.2,-139.56866662450983
3,-22.93237740979947,-2.046937838901614,10.037343020357921,11.2,-139.8962720160784
3,-23.180638746633573,-2.040415134704845,10.048425066028535,11.2,-140.22742399817315
3,-23.180638746633573,-2.040415134704845,10.13640084149974,11.2,-140.5585759802679
3,-23.304773309032328,-2.037301991857484,10.272789738770316,11.2,-140.89150131325408
3,-23.304773309032328,-2.037301991857484,10.449453182318585,11.2,-141.22442664624026
3,-23.42890008346767,-2.0338924305080757,10.534683984562443,11.2,-141.55912521886123
3,-23.42890008346767,-2.0338924305080757,10.50539727569123,11.2,-141.8938237914822
3,-23.55301836212865,-2.03018647009904,10.349433249556437,11.2,-142.23029548236974
3,-23.67713664078963,-2.0264805096900047,10.233345250228146,11.2,-142.56854029152387
3,-24.173687634849642,-2.014620844622869,10.12633176545644,11.2,-142.91387868630744
3,-24.794456029846387,-2.0035019066732054,10.293327256381868,11.2,-143.26808520101955
3,-25.415249206422455,-1.9938653655636709,10.515098381543122,11.2,-143.63116018968273
3,-26.284412521949704,-1.9845251558743215,10.782235492936463,11.2,-144.00665179713914
3,-27.526140487770498,-1.981559960624908,11.29372077227362,11.2,-144.39988237553587
3,-28.64368078744689,-1.9882316277436787,11.865107826813084,11.2,-144.80907781535655
3,-30.009469911407948,-2.006170590146957,12.508766256211063,11.2,-145.23778452837666
3,-31.12679992008373,-2.028852835527855,13.268205318695763,11.2,-145.6824530986636
3,-32.74044492056241,-2.0731770488196757,14.128449571652604,11.2,-146.1501737403859
3,-33.7332778765677,-2.106381175926013,14.798738537464981,11.2,-146.63207771005113
3,-34.60189769140533,-2.1385463441527053,15.540815916336786,11.2,-147.12639053421407
3,-35.22228378382252,-2.163002986262479,15.667809718004868,11.2,-147.6295660168401
3,-35.22228378382252,-2.163002986262479,15.423449019125973,11.2,-148.13274149946614
3,-35.22228378382252,-2.163002986262479,15.18796120267456,11.2,-148.63591698209217
3,-35.22228378382252,-2.163002986262479,15.025718739506742,11.2,-149.1390924647182
3,-34.850052128372205,-2.1483290009966147,14.888254780825715,11.2,-149.63695035226638
3,-34.60186441951819,-2.1394352835237322,14.62258596174768,11.2,-150.13126270111664
3,-34.3536370657331,-2.1317269847786102,14.431513925616494,11.2,-150.6220289449128
3,-33.981234086392206,-2.122387573988676,14.214717752167374,11.2,-151.10747514614698
3,-33.608773757358534,-2.1157162238996348,13.98042042499783,11.2,-151.58760048553782
3,-33.23627519356114,-2.1117132768899136,13.821658039200754,11.2,-152.06240441687441
3,-32.987931016549815,-2.110527198790148,13.561931024591608,11.2,-152.5336605742537
3,-32.86375751189132,-2.1103789383936085,13.442589910126687,11.2,-153.00314282442358
3,-32.61541026654825,-2.1103789383936085,13.376386266254213,11.2,-153.46907725680285
3,-32.61541026654825,-2.1103789383936085,13.383976215074146,11.2,-153.93501168918212
3,-32.61541026654825,-2.1103789383936085,13.463904504942137,11.2,-154.4009461215614
3,-32.61541026654825,-2.1103789383936085,13.694153170199465,11.2,-154.86688055394066
3,-32.61541026654825,-2.1103789383936085,13.876877312203455,11.2,-155.33281498631993
3,-32.61541026654825,-2.1103789383936085,13.768313474542548,11.2,-155.7987494186992
3,-32.242889752572765,-2.1108237195832276,13.844475561345176,11.2,-156.25936212945024
3,-32.242889752572765,-2.1108237195832276,13.759620209088176,11.2,-156.71997484020127
3,-31.74620139855011,-2.1131958757827585,13.617480698835992,11.2,-157.1734920030377
3,-31.249519653221277,-2.1167540965552307,13.55354275040648,11.2,-157.61991371236942
3,-31.001178780556863,-2.118533206941467,13.422603187260048,11.2,-158.0627876949488
3,-30.628671011914456,-2.1216466397609413,13.296770946879708,11.2,-158.50034013797617
3,-30.256171740080017,-2.1256495943793694,13.269007419034807,11.2,-158.93257116283445
3,-29.883672468245575,-2.1296525489977975,13.05402495798087,11.2,-159.35948076952369
3,-29.635336552071315,-2.1320246803982084,12.918025415313583,11.2,-159.78284272026755
3,-29.5111701281265,-2.133358998604351,12.877212443965789,11.2,-160.20443086495507
3,-28.76620557126553,-2.1440333768613327,12.848865293213459,11.2,-160.6153766588303
3,-28.517893020957867,-2.148184476618327,12.770245366387686,11.2,-161.02277513055824
3,-28.269580470650205,-2.1523355763753216,12.661856662006972,11.2,-161.42662628013898
3,-28.02125895169655,-2.155893702460982,12.567482854198452,11.2,-161.82692997944892
3,-27.897092527751735,-2.157228020667125,12.545969889417883,11.2,-162.22545987270252
3,-27.7729232715376,-2.1582658316069496,12.607993522714093,11.2,-162.62221591943876
3,-27.7729232715376,-2.1582658316069496,12.728795666129946,11.2,-163.018971966175
3,-27.52457909452627,-2.159451909706715,12.890561328133732,11.2,-163.41218023895394
3,-27.400405589867777,-2.159600170103255,12.981264362676022,11.2,-163.8036146045235
3,-27.276232085209283,-2.159451909706715,12.915648000598871,11.2,-164.19327506288363
3,-27.027887908197954,-2.1582658316069496,12.87692398182921,11.2,-164.57938774728646
3,-26.90371865198382,-2.157228020667125,12.859887483718824,11.2,-164.96372658517194
3,-26.779552228039005,-2.155893702460982,12.968432243979787,11.2,-165.34629161700107
3,-26.65538934440056,-2.1542628845972285,13.051756297726108,11.2,-165.72708289334966
3,-26.53123070908535,-2.1523355763753216,13.176101078182631,11.2,-166.10610047490803
3,-26.407077030086,-2.150111788785389,13.090215149701828,11.2,-166.4833444324807
3,-26.034632985928667,-2.142551025953784,13.101545014850533,11.2,-166.8552677608511
3,-25.41389291233311,-2.129949754567776,12.829662478645217,11.2,-167.21832337388443
3,-24.668955969389426,-2.1174964671322574,12.487790852252905,11.2,-167.57073703058998
3,-23.923968046639654,-2.1086010589225683,12.003298750140646,11.2,-167.91250800268483
3,-22.930594170871736,-2.1038567600503084,11.47788628512979,11.2,-168.24008791941156
3,-22.06138624697548,-2.1069702165416873,10.920693828798342,11.2,-168.55525058008266
3,-21.316379206498635,-2.11408660397959,10.386818456101098,11.2,-168.85977028303265
3,-20.199002467176584,-2.1341005781623177,9.881369633632684,11.2,-169.14832746113518
3,-20.074860824669784,-2.1369172847554827,9.40682108284194,11.2,-169.4351111872019
3,-20.074860824669784,-2.1369172847554827,9.028226624159494,11.2,-169.7218949132686
3,-20.074860824669784,-2.1369172847554827,8.872230616585306,11.2,-170.00867863933533
3,-20.323162518388244,-2.1321732428883484,8.883610598490579,11.2,-170.29900953245516
3,-20.81981971750085,-2.1262429876567204,9.069401368510455,11.2,-170.59643552841945
3,-21.564852248534834,-2.122684753357424,9.38279238570766,11.2,-170.90450484625566
3,-22.185718591698265,-2.1234260539310865,9.761900569127116,11.2,-171.22144368327992
3,-23.67568310878269,-2.1412167350853437,10.20183458843004,11.2,-171.5596677276911
3,-24.91713139491225,-2.167901539437177,10.71686250675693,11.2,-171.91562674761843
3,-26.158353121460227,-2.203479046791905,11.252995148232944,11.2,-172.28931750649645
3,-27.771501139922524,-2.2632142456695328,11.872515069326255,11.2,-172.68605323706677
3,-29.136218169001264,-2.3202778997850104,12.572811844293648,11.2,-173.10228492519536
3,-30.376675354460605,-2.37659749637098,13.338533646146791,11.2,-173.5362374302591
3,-31.74110428968872,-2.440178238666049,14.197712562219328,11.2,-173.98968177725465
3,-32.113221272023665,-2.457518441110159,14.65618224256794,11.2,-174.4484420811407
3,-33.22980156504853,-2.504206619154179,14.371012253926246,11.2,-174.92315353207
3,-33.22980156504853,-2.504206619154179,14.1579469674557,11.2,-175.39786498299927
3,-33.353955008059756,-2.506430402517193,13.766343885043835,11.2,-175.874350054543
3,-33.60227676301526,-2.5099885319844546,13.4157354842406,11.2,-176.3543825797289
3,-33.85059851797077,-2.5135466614517163,13.178447517385635,11.2,-176.83796255855705
3,-34.223087168886096,-2.5184391150429772,13.124146409671928,11.2,-177.32686380382685
3,-34.47142284904505,-2.5208112441889448,13.13641780394198,11.2,-177.81931270167036
3,-34.5955942294753,-2.5215525419445126,13.222652735312286,11.2,-178.31353547637715
3,-35.21645821238469,-2.5208112441889448,13.173219895029906,11.2,-178.81662773655407
3,-35.713139957713516,-2.5172530234164725,13.084337428027526,11.2,-179.3268154502357
3,-36.45816257570676,-2.5119156922577637,13.063878202722687,11.2,-179.84764634417436
3,-37.32736223871857,-2.5067266079687887,13.125727374936801,11.2,-180.38089437615605
3,-38.07239547782272,-2.50316837028779,13.540818346500657,11.2,-180.92478574012495
3,-39.18995064705235,-2.4991653471900115,14.051416479959826,11.2,-181.48464217793997
3,-40.05916517966181,-2.4981275244142336,14.664052132619798,11.2,-182.05691596622086
3,-41.05255416103408,-2.498127524414234,15.388499740893863,11.2,-182.6433810256642
3,-42.17011570296054,-2.4967931808453767,16.100761234412293,11.2,-183.24581124999222
3,-42.915156730911505,-2.4967931808453767,16.398929273733668,11.2,-183.85888491757666
3,-43.039329527492576,-2.4972379611895743,16.227434231151037,11.2,-184.47373248225512
3,-42.915158147062314,-2.4964966634340064,15.937862626436317,11.2,-185.0868061700703
3,-42.790988890848176,-2.4954588524941816,15.737905269613638,11.2,-185.69810601136814
3,-42.66681963463404,-2.494421041554357,15.623040090305022,11.2,-186.30763200614862
3,-42.542648254203776,-2.493679743798789,15.471319907407437,11.2,-186.9153841240658
3,-42.29430195296421,-2.4930867030580517,15.256443629140009,11.2,-187.51958843767957
3,-42.04595565172465,-2.493679743798789,15.13270070074683,11.2,-188.1202449469899
3,-41.797615015080254,-2.4954588524941816,14.91933674800641,11.2,-188.71735373291963
3,-41.67344859113544,-2.4967931707003244,14.802770750752215,11.2,-189.312688712793
3,-41.30097339318243,-2.5025750843759176,14.700152394978167,11.2,-189.9027026184099
3,-40.9285293490251,-2.5101358472075224,14.56891691728289,11.2,-190.48739589482454
3,-40.68025314411954,-2.5160656966480484,14.443733772049372,11.2,-191.06854236831197
3,-40.55612636968419,-2.5194752579974566,14.344525085998807,11.2,-191.6479156021646
3,-40.18379985202189,-2.5314822501830765,14.230930274252167,11.2,-192.2219698857649
3,-40.05970068814468,-2.53578094362358,14.174602661556385,11.2,-192.79425132416696
3,-40.05970068814468,-2.53578094362358,14.190600482300175,11.2,-193.36653276256902
3,-39.9355824094837,-2.5394869040326156,14.285484165894962,11.2,-193.9370410827045
3,-39.68735481978625,-2.5471952101036104,14.491960180399074,11.2,-194.50400329441572
3,-39.4391272300888,-2.554903516174605,14.433144692310908,11.2,-195.0674193977027
3,-38.9426720506939,-2.570320128316595,14.276574397621616,11.2,-195.6237432841412
3,-38.81856297556979,-2.5743224666526756,14.153615326109344,11.2,-196.1782941837922
3,-38.07393755088325,-2.5992255856500344,13.919775273078713,11.2,-196.72220757737622
3,-37.577520601092225,-2.615827664981607,13.698746767132988,11.2,-197.25902930024898
3,-36.708826453951744,-2.6459185190651318,13.555752483951961,11.2,-197.78344110673402
3,-36.088330634565686,-2.6674119862676497,13.377282056639288,11.2,-198.29898868722782
3,-35.58387529246258,-2.6674119862676497,13.18205838857121,11.2,-198.80732976283443
3,-34.83924986777604,-2.6923151052650085,12.966358194449317,11.2,-199.30503333237408
3,-34.33479452567293,-2.6923151052650085,12.742918112934985,11.2,-199.79553039702654
3,-34.08256685462138,-2.6923151052650085,12.617611445617378,11.2,-200.28242420923542
3,-33.07365617041518,-2.6923151052650085,12.425830589287557,11.2,-200.7549050116699
3,-32.82541182510558,-2.6994306067359513,12.319189476641705,11.2,-201.22383946631427
3,-32.57712216787967,-2.704767567606318,12.24178737797932,11.2,-201.68922692585542
3,-32.32880985356511,-2.7089186634181575,12.276127552911797,11.2,-202.15106706662064
3,-32.08048054598186,-2.711883799488054,12.460017402740089,11.2,-202.60935964584894
3,-31.832144629807598,-2.7142559308884646,12.642144779863479,11.2,-203.0641045691319
3,-31.707975373593463,-2.7152937418282894,12.968421019050794,11.2,-203.5170756458975
3,-31.58380611737933,-2.716331552768114,13.286632217666584,11.2,-203.9682728761458
3,-31.087124844090543,-2.7198897701588995,13.340101332822844,11.2,-204.4123746596328
3,-30.590443570801757,-2.723447987549685,13.26121500057664,11.2,-204.84938099635855
3,-29.84543582227898,-2.730564381750917,13.065032029216866,11.2,-205.27574436524824
3,-29.100428073756202,-2.737680775952149,12.761509639508361,11.2,-205.6914647663019
3,-27.982930258252882,-2.7496896398074333,12.371286845887619,11.2,-206.09122091284837
3,-27.11379007278378,-2.7611053648537087,11.971161021986658,11.2,-206.478560771031
3,-26.244679625577284,-2.774596522407057,11.493661370594229,11.2,-206.8534847656821
3,-24.75480432373129,-2.799503120949022,11.04468847027519,11.2,-207.2071248274497
3,-23.88572857073585,-2.815069634078551,10.751820515275705,11.2,-207.54834952131733
3,-23.140822781631442,-2.8293017732059966,10.424549862695907,11.2,-207.87893270391206
3,-22.89250197068253,-2.8328598891468646,10.14777160130635,11.2,-208.20596844635037
3,-22.519988537457067,-2.835083778186455,10.060539194915386,11.2,-208.52768256831405
3,-22.395815032798573,-2.8352320385829946,10.18387160106427,11.2,-208.84762278306832
3,-22.395815032798573,-2.8352320385829946,10.375118975893754,11.2,-209.16756299782259
3,-22.27164152814008,-2.835083778186455,10.633764299349426,11.2,-209.48572930536744
3,-22.14746873155901,-2.8346389978422573,10.86550028677367,11.2,-209.8021217158183
3,-22.271640111989267,-2.835380295597825,10.829262660026904,11.2,-210.12028800313243
3,-22.147470855775133,-2.8343424846580003,10.832492505818772,11.2,-210.43668044392922
3,-22.147470855775133,-2.8343424846580003,10.751443196820238,11.2,-210.753072884726
3,-22.147470855775133,-2.8343424846580003,10.72325630832664,11.2,-211.0694653255228
3,-22.02330443183032,-2.8330081664518576,10.753235342315518,11.2,-211.38408396026324
3,-22.02330443183032,-2.8330081664518576,10.737630450526764,11.2,-211.69870259500368
3,-22.02330443183032,-2.8330081664518576,10.648637648001289,11.2,-212.01332122974412
3,-22.147470855775133,-2.8343424846580003,10.638029554035326,11.2,-212.3297136705409
3,-22.271640111989267,-2.835380295597825,10.609921831298532,11.2,-212.64787995785505
3,-22.271640111989267,-2.835380295597825,10.572601674362453,11.2,-212.9660462451692
3,-22.271640111989267,-2.835380295597825,10.543802145309622,11.2,-213.28421253248334
3,-22.395811492419526,-2.836121593353393,10.407363844513439,11.2,-213.60415269666075
3,-22.395811492419526,-2.836121593353393,10.244417524507124,11.2,-213.92409286083816
3,-22.64415779365909,-2.8367146340941303,10.075927999964888,11.2,-214.247580829319
3,-22.64415779365909,-2.8367146340941303,9.923521947029904,11.2,-214.57106879779982
3,-23.761719335585543,-2.835380290525273,9.810160510073251,11.2,-214.91052193116533
3,-24.630932216014347,-2.836418111328401,9.847362634317259,11.2,-215.26239239139412
3,-25.500131879026156,-2.841607195617376,10.38240317494017,11.2,-215.62667998966592
3,-26.741836242348228,-2.850502747548558,11.012338952199515,11.2,-216.00870622169947
3,-28.728521683619817,-2.869479780716298,11.822882060626664,11.2,-216.4191136743226
3,-30.342580874749505,-2.894534739977202,12.787796585825312,11.2,-216.85257911539045
3,-32.08060847533089,-2.931893466069768,13.834941437033219,11.2,-217.31087352218088
3,-32.70128128732466,-2.947459180306573,14.99166057588774,11.2,-217.7780346834284
3,-35.43197687138425,-3.025729919649455,15.990426090434253,11.2,-218.28420578159103
3,-36.176601588388216,-3.050633014979208,16.55651554537118,11.2,-218.80101437571085
3,-36.176601588388216,-3.050633014979208,15.970108979517883,11.2,-219.31782296983067
3,-36.052513043411416,-3.0460379909468234,15.431351931370786,11.2,-219.83285887045085
3,-35.680216259433294,-3.0331419351378544,15.154324701679615,11.2,-220.3425762455856
3,-35.680216259433294,-3.0331419351378544,14.828271444348871,11.2,-220.85229362072036
3,-35.680216259433294,-3.0331419351378544,14.629039098456158,11.2,-221.36201099585512
3,-35.680216259433294,-3.0331419351378544,14.420292309400828,11.2,-221.87172837098987
3,-35.804325334557404,-3.037144273473941,14.337757721640882,11.2,-222.38321873291213
3,-35.928434409681515,-3.0411466118100274,14.334153247379135,11.2,-222.89648208162185
3,-36.052552688342494,-3.044852572219063,14.468907558179094,11.2,-223.41151854859817
3,-36.30081402517659,-3.051375276415832,14.774273733957841,11.2,-223.9301016061007
3,-36.17667238266979,-3.048558569822667,14.683499163914368,11.2,-224.4469112115674
3,-36.17667238266979,-3.048558569822667,14.402688215690153,11.2,-224.9637208170341
3,-36.05253074016299,-3.045741863229502,14.327389146151292,11.2,-225.478756970465
3,-36.05253074016299,-3.045741863229502,14.407345962547124,11.2,-225.99379312389593
3,-36.05253074016299,-3.045741863229502,14.422121717480856,11.2,-226.50882927732684
3,-36.05253074016299,-3.045741863229502,14.588676967981225,11.2,-227.02386543075775
3,-36.05253074016299,-3.045741863229502,14.775636589049313,11.2,-227.53890158418866
3,-35.92839617776424,-3.042628720382141,14.731541387169258,11.2,-228.05216438672815
3,-35.92839617776424,-3.042628720382141,14.720341269523116,11.2,-228.56542718926764
3,-35.55599249056798,-3.0332892918400582,14.814136182999603,11.2,-229.0733699391329
3,-35.30770283334207,-3.0279523309696916,14.685361710114087,11.2,-229.57776569389495
3,-34.686910836753725,-3.0183158081770363,14.591669840486203,11.2,-230.07329299156285
3,-34.19023947643583,-3.0135715498851012,14.410000728905228,11.2,-230.56172498408336
3,-33.445202696943355,-3.011792432735453,14.069251264018087,11.2,-231.03951359403968
3,-32.57600468608394,-3.0169815071611636,13.804901046330276,11.2,-231.50488508955516
3,-31.83101676333417,-3.0258769153708527,13.47118891588302,11.2,-231.95961390045994
3,-30.713691002243557,-3.0485590745240736,13.203017516097123,11.2,-232.3983809147777
3,-30.09310078854283,-3.0670888413482813,12.889031407106247,11.2,-232.82828235461403
3,-29.472604969156773,-3.0885823085507993,12.613183260850342,11.2,-233.24931956845913
3,-28.231896491901352,-3.1389768315751803,12.322071992591392,11.2,-233.6526323754863
3,-27.611701521343118,-3.16787716898203,11.943437303777998,11.2,-234.04708525436263
3,-26.86750931793932,-3.2034461557317604,11.660731416076393,11.2,-234.43090681604747
3,-26.61941788084745,-3.21471007504896,11.42167541066765,11.2,-234.81118421434527
3,-26.37127547790231,-3.224789008390498,11.39078992339577,11.2,-235.18791672117246
3,-26.247186932925505,-3.2293840324228826,11.665573019479275,11.2,-235.56287653449996
3,-26.247186932925505,-3.2293840324228826,11.94673299432053,11.2,-235.93783634782747
3,-26.123068654264525,-3.233089992831918,12.207320608320291,11.2,-236.3110230428884
3,-25.874807317430424,-3.2396126970286874,12.233906254240049,11.2,-236.6806631474231
3,-25.50238238991002,-3.2480628168081824,12.186614289404798,11.2,-237.04498289585038
3,-25.25409249671254,-3.2533997827507344,12.067625621509702,11.2,-237.40575564580342
3,-24.757512710317574,-3.2640737146358383,12.071628441664624,11.2,-237.75943439880797
3,-24.38506866616024,-3.271634477467443,11.837534769158504,11.2,-238.10779252261025
3,-24.012624622002907,-3.279195240299048,11.669602055088598,11.2,-238.4508300172103
3,-23.3919164094689,-3.293278773264873,11.574524542589167,11.2,-238.7850002516313
3,-23.3919164094689,-3.293278773264873,11.430025615599886,11.2,-239.11917048605227
3,-23.267763438433118,-3.2955025481740647,11.400169948905551,11.2,-239.45156710660132
3,-23.143597014488304,-3.2968368663802075,11.406108742948996,11.2,-239.78218992109402
3,-23.01942775827417,-3.2978746773200323,11.464899179937559,11.2,-240.11103888906936
3,-23.01942775827417,-3.2978746773200323,11.598506149414522,11.2,-240.4398878570447
3,-22.89525637784391,-3.2986159750756,11.705533958630847,11.2,-240.76696294815676
3,-22.77108358126284,-3.2990607554197977,11.55410312275838,11.2,-241.0922641421748
3,-22.77108358126284,-3.2990607554197977,11.478435064419369,11.2,-241.41756533619284
3,-22.77108358126284,-3.2990607554197977,11.463530852782407,11.2,-241.74286653021088
3,-22.646910076604346,-3.2992090158163374,11.439738885042336,11.2,-242.0663938170195
3,-22.646910076604346,-3.2992090158163374,11.401747736678745,11.2,-242.38992110382813
3,-22.646910076604346,-3.2992090158163374,11.331213654206923,11.2,-242.71344839063676
3,-22.646910076604346,-3.2992090158163374,11.251572822039195,11.2,-243.03697567744538
3,-22.646910076604346,-3.2992090158163374,11.124995625426168,11.2,-243.360502964254
3,-22.646910076604346,-3.2992090158163374,11.039172011222528,11.2,-243.68403025106264
3,-22.646910076604346,-3.2992090158163374,10.948555051573626,11.2,-244.00755753787126
3,-22.646910076604346,-3.2992090158163374,10.909215984419552,11.2,-244.3310848246799
3,-22.77108358126284,-3.2990607554197977,10.798978299807898,11.2,-244.65638601869793
3,-22.89525637784391,-3.2986159750756,10.73478314832929,11.2,-244.98346110980998
3,-22.89525637784391,-3.2986159750756,10.557364808587655,11.2,-245.31053620092203
3,-23.143600790878622,-3.2974298958486004,10.36819427065582,11.2,-245.64115906936314
3,-23.26777217130888,-3.2966885980930325,10.18943369301043,11.2,-245.97355581466755
3,-23.51610785146783,-3.294316468947065,9.945052285132077,11.2,-246.30950021254566
3,-23.764429370421485,-3.2907583428614045,9.716872153982402,11.2,-246.64899206069452
3,-24.012741920729148,-3.2866072431044104,9.745426816168129,11.2,-246.99203123099065
3,-25.751042117623264,-3.2658513497937123,10.030383765622613,11.2,-247.3599032612424
3,-26.992746480945335,-3.2569557978625316,10.67678183884005,11.2,-247.74551392525592
3,-28.731155720024635,-3.2486532511641735,11.482815464031827,11.2,-248.15595900697056
3,-31.090447824045675,-3.2514701933440917,12.547786077412264,11.2,-248.6001082615998
3,-32.95298312699171,-3.2670373278517686,13.66212029362044,11.2,-249.07086516341394
3,-34.81535911675674,-3.2959468962297347,14.898839663604829,11.2,-249.56822743651045
3,-35.93263177563074,-3.3212972073829174,16.150594573791356,11.2,-250.08155074759088
3,-38.291040489902294,-3.386078873021675,17.0563294015101,11.2,-250.62856561173234
3,-39.03566308386095,-3.4109818973486816,17.397763722085287,11.2,-251.18621794150178
3,-39.03566308386095,-3.4109818973486816,16.716318650502657,11.2,-251.74387027127122
3,-38.41522035897694,-3.388006777186759,16.184438087903594,11.2,-252.29265913354232
3,-38.16703241424824,-3.37911305126139,15.682033636995452,11.2,-252.83790245374587
3,-37.79470589658594,-3.36710605907577,15.430618375118653,11.2,-253.3778268236971
3,-37.54644455975184,-3.360583354879001,15.219712463316494,11.2,-253.91420460312213
3,-37.29815490252593,-3.3552463940086343,14.815386140968997,11.2,-254.44703538744392
3,-37.04984258821137,-3.3510952981967947,14.628612057754856,11.2,-254.9763188529898
3,-37.04984258821137,-3.3510952981967947,14.543688289505555,11.2,-255.5056023185357
3,-37.04984258821137,-3.3510952981967947,14.455726418116894,11.2,-256.03488578408155
3,-36.92568395289616,-3.349167989974888,14.509366120443138,11.2,-256.5623955548372
3,-36.92568395289616,-3.349167989974888,14.526379809878621,11.2,-257.0899053255929
3,-36.92568395289616,-3.349167989974888,14.41392688668335,11.2,-257.61741509634857
3,-36.801525317580946,-3.347240681752981,14.39637973048144,11.2,-258.143151172314
3,-36.801525317580946,-3.347240681752981,14.320689383959177,11.2,-258.6688872482794
3,-36.801525317580946,-3.347240681752981,14.368626472842472,11.2,-259.19462332424484
3,-36.801525317580946,-3.347240681752981,14.347636862807041,11.2,-259.72035940021027
3,-36.801525317580946,-3.347240681752981,14.411417910736416,11.2,-260.2460954761757
3,-36.677366682265735,-3.345313373531074,14.448298721869483,11.2,-260.77005785735093
3,-36.677366682265735,-3.345313373531074,14.51347889914695,11.2,-261.2940202385262
3,-36.55320804695052,-3.343386065309167,14.58994760968899,11.2,-261.81620892491117
3,-36.42904941163531,-3.3414587570872603,14.64259737931075,11.2,-262.33662391650597
3,-36.42904941163531,-3.3414587570872603,14.67178742433413,11.2,-262.8570389081008
3,-36.30489573263596,-3.3392349694973276,14.754491596271395,11.2,-263.37568027570984
3,-36.05659380293449,-3.334490923121512,14.811073425780629,11.2,-263.89077447289463
3,-35.932440123935145,-3.332267135531579,14.783831393740535,11.2,-264.4040950460937
3,-35.31164694735908,-3.3226305944220447,14.601363573873616,11.2,-264.9085471453417
3,-34.69081600769676,-3.3159590160725094,14.403958975862935,11.2,-265.40413023116594
3,-33.945783476662776,-3.312400781773213,14.114399053705117,11.2,-265.88906999511823
3,-33.20074244871181,-3.312400781773213,13.668540772224935,11.2,-266.3633663158141
3,-31.959042805786115,-3.3212962998875457,13.26440197870998,11.2,-266.8199240701825
3,-30.96575672997149,-3.335528804230188,12.77060687014258,11.2,-267.2622920234678
3,-30.096722278779215,-3.353170550637553,12.293550847650904,11.2,-267.69224519887894
3,-28.97958343229397,-3.383856544454967,11.824499986220243,11.2,-268.10623924791173
3,-27.862693080359595,-3.422544711881874,11.413239986129804,11.2,-268.5042777204883
3,-27.2423069879424,-3.447001353991619,11.007591229739399,11.2,-268.89345353460175
3,-26.994141224482156,-3.4564877064459525,10.675796314841877,11.2,-269.2790841235229
3,-26.870042060604945,-3.460786399886456,10.841664306801949,11.2,-269.6629418672459
3,-26.994151135729055,-3.4567840615503753,11.150013171269869,11.2,-270.0485725977563
3,-27.118277674227418,-3.4533745066817736,11.540374507218758,11.2,-270.43597656453096
3,-26.99413603172062,-3.4561912132749386,11.96801778699282,11.2,-270.8216070792698
3,-26.869988017001507,-3.45871146755214,11.864350799701208,11.2,-271.20546405094126
3,-26.621686087300038,-3.4634555139279555,11.69892984909942,11.2,-271.5857738521884
3,-26.49753240830069,-3.465679301517888,11.532020726037874,11.2,-271.96431002944985
3,-26.373373772985477,-3.467606609739795,11.488221354535712,11.2,-272.3410725119211
3,-26.373373772985477,-3.467606609739795,11.424337857844794,11.2,-272.7178349943923
3,-26.249210889347033,-3.4692374276035487,11.464626839541816,11.2,-273.092823721383
3,-26.249210889347033,-3.4692374276035487,11.520464740602456,11.2,-273.4678124483737
3,-26.249210889347033,-3.4692374276035487,11.615744236670904,11.2,-273.8428011753644
3,-26.249210889347033,-3.4692374276035487,11.715482856717072,11.2,-274.2177899023551
3,-26.249210889347033,-3.4692374276035487,11.81080431510499,11.2,-274.5927786293458
3,-26.12504446540222,-3.4705717458096914,11.909947747100903,11.2,-274.96599355028013
3,-26.12504446540222,-3.4705717458096914,11.839267970217538,11.2,-275.3392084712145
3,-26.12504446540222,-3.4705717458096914,11.717530867721269,11.2,-275.7124233921488
3,-26.12504446540222,-3.4705717458096914,11.59344237650929,11.2,-276.08563831308317
3,-26.12504446540222,-3.4705717458096914,11.544222853947899,11.2,-276.4588532340175
3,-26.12504446540222,-3.4705717458096914,11.454773959298128,11.2,-276.83206815495186
3,-26.12504446540222,-3.4705717458096914,11.4212236917753,11.2,-277.2052830758862
3,-26.12504446540222,-3.4705717458096914,11.371786754941853,11.2,-277.57849799682054
3,-26.12504446540222,-3.4705717458096914,11.349105433263318,11.2,-277.9517129177549
3,-26.12504446540222,-3.4705717458096914,11.196030298264102,11.2,-278.32492783868923
3,-26.12504446540222,-3.4705717458096914,11.060835636726571,11.2,-278.6981427596236
3,-26.12504446540222,-3.4705717458096914,10.92077064947571,11.2,-279.0713576805579
3,-26.12504446540222,-3.4705717458096914,10.778123519022818,11.2,-279.44457260149227
3,-26.373380381576478,-3.4681996144092806,10.659579037708397,11.2,-279.82133517837195
3,-26.621709689159736,-3.4652344783393842,10.531549624225052,11.2,-280.20164531678853
3,-27.118353199070754,-3.4581182194048607,10.426937992440273,11.2,-280.58905036248956
3,-28.11167042940378,-3.4462576751252754,10.344403766598669,11.2,-280.9906456543382
3,-28.856692339336963,-3.4409203490390974,10.91567205379233,11.2,-281.4028841163287
3,-30.34677014677435,-3.4373621045946736,11.521299437375262,11.2,-281.8364094041398
3,-31.836847954211738,-3.4409203490390974,12.214979951180798,11.2,-282.29122151777136
3,-33.69938325715777,-3.4564874835467743,13.173131960529954,11.2,-282.7726412785879
3,-35.189312370879705,-3.4778362400607374,14.233403216506916,11.2,-283.27534574102907
3,-36.55493793703899,-3.5055589844151687,15.395005873223182,11.2,-283.79755914012964
3,-38.29276729487769,-3.5512179137925535,16.141863170445,11.2,-284.3445986729136
3,-39.03744935623296,-3.574342810027919,16.55620872164416,11.2,-284.9022765208598
3,-39.03744935623296,-3.574342810027919,16.065686083932434,11.2,-285.459954368806
3,-38.66512213086063,-3.562335795019659,15.581230823800562,11.2,-286.01231325638975
3,-38.416877077764305,-3.5552202732612153,15.250381645783062,11.2,-286.56112578607207
3,-38.292742515365546,-3.5521071304138543,14.968485257074395,11.2,-287.108164964863
3,-38.292742515365546,-3.5521071304138543,14.740341682045086,11.2,-287.655204143654
3,-38.292742515365546,-3.5521071304138543,14.659889882019176,11.2,-288.20224332244493
3,-38.292742515365546,-3.5521071304138543,14.702351982580208,11.2,-288.7492825012359
3,-38.292742515365546,-3.5521071304138543,14.76780005543351,11.2,-289.29632168002684
3,-38.292742515365546,-3.5521071304138543,14.916490273446566,11.2,-289.8433608588178
3,-38.16860087285875,-3.5492904238206893,14.86648317303703,11.2,-290.3886265855729
3,-38.04445923035195,-3.5464737172275242,14.792882600813996,11.2,-290.93211886029223
3,-38.04445923035195,-3.5464737172275242,14.752856777079131,11.2,-291.47561113501155
3,-37.92032466795319,-3.5433605743801633,14.819851126545128,11.2,-292.01733005883943
3,-37.92032466795319,-3.5433605743801633,14.952771767633653,11.2,-292.5590489826673
3,-37.92032466795319,-3.5433605743801633,15.02629783638365,11.2,-293.1007679064952
3,-37.79619789351784,-3.539951013030755,15.157913011757353,11.2,-293.64071359068834
3,-37.79619789351784,-3.539951013030755,15.29046967030238,11.2,-294.18065927488146
3,-37.79619789351784,-3.539951013030755,15.536094723501598,11.2,-294.7206049590746
3,-37.67207961485686,-3.5362450526217195,15.672843568666238,11.2,-295.2587775250011
3,-37.54796133619588,-3.532539092212684,15.819832456186782,11.2,-295.79517697266107
3,-36.92732746401916,-3.5154912854656426,15.844037194126129,11.2,-296.32271022214707
3,-36.30665465202539,-3.4999255712288377,15.664345222134399,11.2,-296.841376717176
3,-35.43762020083311,-3.4822838248214727,15.309255539907687,11.2,-297.3476284343308
3,-34.320156372137696,-3.467606491946063,14.773081893780558,11.2,-297.83791638250415
3,-32.58175208954384,-3.4593039689196083,14.06313119312658,11.2,-298.30336998378334
3,-31.091691275891968,-3.466420417227998,13.359620843239432,11.2,-298.74753700201035
3,-29.353445599249604,-3.491327228814074,12.55188047216921,11.2,-299.1668719391425
3,-27.367241623009555,-3.5387658890826175,11.763220378872854,11.2,-299.5578325337569
3,-25.87799643509224,-3.588571937736631,10.9606820490412,11.2,-299.9275181971153
3,-24.265152102748996,-3.656010673505224,10.28665706645951,11.2,-300.2741632271546
3,-23.02483294252741,-3.715292261747594,9.686403948949325,11.2,-300.60308941204784
3,-22.528705278438775,-3.739004897044542,9.194553062501155,11.2,-300.9249280588827
3,-22.15651043251341,-3.75456768222191,9.454005406322644,11.2,-301.24144963649
3,-22.032411504520702,-3.7588663674915663,9.798068748710788,11.2,-301.5561983722689
3,-22.156538043019065,-3.7554568126229646,10.204479173434722,11.2,-301.87272034431203
3,-22.032396400512265,-3.7582735192161296,10.531700405124033,11.2,-302.1874688643193
3,-22.15654984352349,-3.7560497358531157,10.51155266743722,11.2,-302.5039910049411
3,-22.032383655591023,-3.757384051523023,10.576643095034026,11.2,-302.81873934287813
3,-22.032383655591023,-3.757384051523023,10.633254799851574,11.2,-303.13348768081516
3,-21.908212275160764,-3.7581253492785907,10.722356338994915,11.2,-303.4464621418889
3,-21.908212275160764,-3.7581253492785907,10.761690308631465,11.2,-303.75943660296264
3,-21.784039478579693,-3.7585701296227882,10.864033855769154,11.2,-304.07063716694233
3,-21.784039478579693,-3.7585701296227882,10.872013442723658,11.2,-304.38183773092203
3,-21.784039478579693,-3.7585701296227882,10.772175801148194,11.2,-304.6930382949017
3,-21.784039478579693,-3.7585701296227882,10.653987067552707,11.2,-305.0042388588814
3,-21.784039478579693,-3.7585701296227882,10.558588148122656,11.2,-305.3154394228611
3,-21.784039478579693,-3.7585701296227882,10.540525853328976,11.2,-305.6266399868408
3,-21.784039478579693,-3.7585701296227882,10.533484303989649,11.2,-305.9378405508205
3,-21.908212983238187,-3.758718390019328,10.478592996671127,11.2,-306.25081502200965
3,-21.908212983238187,-3.758718390019328,10.3419733126118,11.2,-306.5637894931988
3,-22.03238648789668,-3.7585701296227882,10.198820825214186,11.2,-306.8785378715973
3,-22.03238648789668,-3.7585701296227882,10.0797809211465,11.2,-307.1932862499958
3,-22.15655928447775,-3.7581253492785907,9.877337706356107,11.2,-307.5098085254884
3,-22.52906634506696,-3.7550119223770553,9.692529981056191,11.2,-307.8316523304179
3,-22.901541543019963,-3.749230008701462,9.523951208937174,11.2,-308.1588172096039
3,-23.025689557739074,-3.7467097544242605,9.538776515474249,11.2,-308.48775563185734
3,-24.391317719649297,-3.7189869573750434,9.630501246844767,11.2,-308.8362030278523
3,-25.632879291222107,-3.6982314783158454,9.919720700761745,11.2,-309.20238701772695
3,-26.998624279689455,-3.6770310878748695,10.641124335037391,11.2,-309.58808165029393
3,-28.736874912365053,-3.652124205275246,11.410026527153958,11.2,-309.9986084347563
3,-31.096086296096697,-3.6324058348988553,12.526890417978278,11.2,-310.44283823898627
3,-33.08285670601322,-3.627661508972957,13.695560055769233,11.2,-310.9154504776436
3,-34.945445114362336,-3.6343332014544827,14.967620637377221,11.2,-311.4146711221345
3,-37.42880191595182,-3.658054492914158,16.086506425125084,11.2,-311.9493682923624
3,-38.91873102967376,-3.679403249428121,17.17715851306756,11.2,-312.5053501642149
3,-39.9119378045476,-3.698379416896658,17.416161245780938,11.2,-313.0755207042799
3,-40.0360794470544,-3.701196123489823,16.82100457936904,11.2,-313.64746469638067
3,-39.91194488465564,-3.698082980642462,16.429438248626344,11.2,-314.21763533759
3,-39.66368331187688,-3.691560270246592,16.300238724020215,11.2,-314.78425938490255
3,-39.66368331187688,-3.691560270246592,16.20364307292828,11.2,-315.3508834322151
3,-39.66368331187688,-3.691560270246592,16.062593627568702,11.2,-315.9175074795276
3,-39.66368331187688,-3.691560270246592,16.04760080125987,11.2,-316.48413152684014
3,-39.66368331187688,-3.691560270246592,15.988052707574134,11.2,-317.0507555741527
3,-39.66368331187688,-3.691560270246592,16.038224340554205,11.2,-317.6173796214652
3,-39.41542173909812,-3.685037559850722,15.919405787849078,11.2,-318.1804570748809
3,-39.167145534192564,-3.679107710410196,15.734441386062421,11.2,-318.73998772536936
3,-38.79468520515889,-3.672436360321155,15.634381170061628,11.2,-319.2941975140145
3,-38.298026589992375,-3.6665060881813623,15.456791700964484,11.2,-319.8413121795858
3,-38.04968595334798,-3.6647269794859696,15.31148387317333,11.2,-320.3848791217765
3,-37.30464704962929,-3.6647269794859696,15.07940138309421,11.2,-320.91780265105695
3,-36.55964213328781,-3.6718433466339033,14.935393394905864,11.2,-321.4400832529611
3,-35.69056803220924,-3.6874098301749996,14.650836560055785,11.2,-321.94994851056407
3,-34.945739417492575,-3.7051993784965775,14.39813795981118,11.2,-322.4491733593854
3,-34.2010042582036,-3.726545943771909,14.062809889327157,11.2,-322.9377591345026
3,-33.33231176225464,-3.756636740659503,13.751326798825684,11.2,-323.4139350168205
3,-32.21561679590369,-3.8006586964570435,13.451449107042375,11.2,-323.87415811390485
3,-31.84342124251858,-3.81622151121581,13.109042002599471,11.2,-324.3290641316551
3,-30.230739483775704,-3.8875115850815978,12.724216171644446,11.2,-324.7609318385662
3,-29.362466524994176,-3.9279720574511874,12.39634365333119,11.2,-325.18039564606613
3,-28.618274321590377,-3.963541044200918,12.118156482144295,11.2,-325.5892281363746
3,-27.75000136280885,-4.004001516570508,11.807033687723141,11.2,-325.9856567272718
3,-27.25371797190668,-4.024159325780261,11.54583060126336,11.2,-326.3749955554419
3,-27.00550973290536,-4.032460357556845,11.44002790709853,11.2,-326.76078855162626
3,-26.63313011741028,-4.04268902216265,11.6758782166079,11.2,-327.14126183901783
3,-26.63313011741028,-4.04268902216265,11.900934837378497,11.2,-327.5217351264094
3,-26.260654919457274,-4.0484709358382425,12.252660252751191,11.2,-327.8968873395445
3,-26.012319239298325,-4.05084306498421,12.337209826248154,11.2,-328.2684919001059
3,-25.763975062286995,-4.052029143083976,12.30707918263878,11.2,-328.63654868671
3,-25.14310753899452,-4.052770445066675,12.207292400807718,11.2,-328.99573593726706
3,-24.770587025019037,-4.052325663877056,12.266189841393286,11.2,-329.3496014661959
3,-24.273893950489096,-4.051139581268343,11.994192290210618,11.2,-329.69637137977435
3,-23.777200875959156,-4.0499534986596295,11.816545503398983,11.2,-330.0360456780023
3,-22.907986343349695,-4.048915675883851,11.747249724046501,11.2,-330.36330262576445
3,-22.28711882005722,-4.04965697786655,11.412110454652357,11.2,-330.68169003747954
3,-21.666254837151868,-4.0518808795875385,11.203628040423379,11.2,-330.99120796372455
3,-20.921221598047726,-4.055439117268537,10.990610954632116,11.2,-331.2900825579824
3,-20.300364695896434,-4.059145606046377,10.67585424711802,11.2,-331.58008776792377
3,-19.92785055460566,-4.06136949931308,10.516651469122836,11.2,-331.8647713472753
3,-19.679504253366094,-4.061962540053817,10.470403571356655,11.2,-332.14590712232337
3,-19.5553307487076,-4.061814279657277,10.520656233993137,11.2,-332.42526899016207
3,-19.30698657169627,-4.0606282015575115,10.466166830527545,11.2,-332.70108308404343
3,-19.182817315482136,-4.059590390617687,10.35959231367673,11.2,-332.9751233314075
3,-19.058650891537322,-4.0582560724115435,10.306457141484447,11.2,-333.24738977271517
3,-19.058650891537322,-4.0582560724115435,10.169435083160664,11.2,-333.51965621402286
3,-19.058650891537322,-4.0582560724115435,10.069051170464963,11.2,-333.79192265533055
3,-19.182817315482136,-4.059590390617686,9.968727420287804,11.2,-334.0659629026946
3,-19.30698657169627,-4.060628201557511,9.816579401680727,11.2,-334.34177699657596
3,-19.30698657169627,-4.060628201557511,9.695021046923111,11.2,-334.6175910904573
3,-19.555327444360685,-4.062407311943747,9.561370196092868,11.2,-334.89695291109103
3,-19.679498824790944,-4.063148609699315,9.362892358787521,11.2,-335.17808860858804
3,-19.92784512603051,-4.063741650440052,9.16373975424027,11.2,-335.46277211038847
3,-20.176191427270073,-4.063148609699315,9.1018300848827,11.2,-335.7510034164923
3,-21.045401003337563,-4.060035147289931,9.01235769322039,11.2,-336.0516520022543
3,-22.03878904060552,-4.060035147289931,9.196989416878136,11.2,-336.3664918456915
3,-23.65304460116595,-4.061962532444948,9.823626034809703,11.2,-336.704392482851
3,-24.149739091852084,-4.061962532444948,10.604173581050444,11.2,-337.04938875559174
3,-27.00570798465406,-4.072192460916621,11.500274019332249,11.2,-337.4351845839439
3,-29.364923852722626,-4.091910868773292,12.577187180326469,11.2,-337.8546834961257
3,-31.227420211894827,-4.111925641865433,13.738266661224896,11.2,-338.30078949915276
3,-33.08986346647148,-4.136387909821738,14.9957298605351,11.2,-338.77350183438807
3,-34.70392572556925,-4.1614429167065285,16.089730171076056,11.2,-339.26927220189623
3,-36.566142406695555,-4.1992466590080255,16.5023672583414,11.2,-339.791645664849
3,-37.06263109731475,-4.213477661949916,16.606957337609316,11.2,-340.32111182338207
3,-37.06263109731475,-4.213477661949916,16.225423269956675,11.2,-340.85057798191514
3,-37.310796153214326,-4.222963987357129,15.921536587019983,11.2,-341.3835893555325
3,-37.310796153214326,-4.222963987357129,15.510656090137791,11.2,-341.9166007291498
3,-37.18673096875262,-4.21777638243754,15.310185986707594,11.2,-342.4478397429891
3,-37.18673096875262,-4.21777638243754,15.231132071733933,11.2,-342.9790787568284
3,-37.31080818723606,-4.222667710859495,15.071919996959174,11.2,-343.5120903023604
3,-37.43489673221287,-4.22726273489188,14.95897710520058,11.2,-344.046874541392
3,-37.43489673221287,-4.22726273489188,14.965203942024823,11.2,-344.58165878042365
3,-37.43489673221287,-4.22726273489188,14.987453198840416,11.2,-345.1164430194553
3,-37.55899589609008,-4.231561428332379,14.945950986373704,11.2,-345.65300010368514
3,-37.55899589609008,-4.231561428332379,14.8676938262038,11.2,-346.189557187915
3,-37.55899589609008,-4.231561428332379,14.809891572992527,11.2,-346.72611427214486
3,-37.55899589609008,-4.231561428332379,14.76209402168552,11.2,-347.2626713563747
3,-37.55899589609008,-4.231561428332379,14.718561201577137,11.2,-347.79922844060457
3,-37.55899589609008,-4.231561428332379,14.723935561471981,11.2,-348.3357855248344
3,-37.55899589609008,-4.231561428332379,14.73387022484355,11.2,-348.8723426090643
3,-37.55899589609008,-4.231561428332379,14.781712627185225,11.2,-349.40889969329413
3,-37.55899589609008,-4.231561428332379,14.845328840345424,11.2,-349.945456777524
3,-37.55899589609008,-4.231561428332379,14.921227897950114,11.2,-350.48201386175384
3,-37.43489673221287,-4.22726273489188,15.005609266468669,11.2,-351.0167981007855
3,-37.43489673221287,-4.22726273489188,15.08135117845304,11.2,-351.5515823398171
3,-37.43489673221287,-4.22726273489188,15.14518155033011,11.2,-352.08636657884875
3,-37.43489673221287,-4.22726273489188,15.336651702609407,11.2,-352.6211508178804
3,-37.31080818723606,-4.222667710859495,15.503505169881198,11.2,-353.15416236341235
3,-37.31080818723606,-4.222667710859495,15.67628806823454,11.2,-353.6871739089443
3,-37.062642187921995,-4.213181349389441,15.77172508313466,11.2,-354.2166402259146
3,-36.318079061359946,-4.186500196970794,15.574352101365225,11.2,-354.73546992679115
3,-35.57339700000467,-4.163375300735428,15.301187973504677,11.2,-355.2436613125055
3,-34.58035165266827,-4.137284483948351,14.7869658554626,11.2,-355.737666336115
3,-32.84217866804623,-4.108227034193445,14.235337194068135,11.2,-356.2068403170871
3,-31.600461323336333,-4.10229666060312,13.539818301629237,11.2,-356.658275478849
3,-30.482908278326864,-4.106299676092036,12.839323158200099,11.2,-357.09374559711085
3,-28.12392111098123,-4.14291811468441,12.035294566463635,11.2,-357.4955158986963
3,-26.634455039123658,-4.185611123510067,11.274888898446692,11.2,-357.87600811354093
3,-25.269613418609023,-4.23941542934063,10.528831863880349,11.2,-358.23700259094966
3,-23.781408786992717,-4.31410710660915,9.875381475514247,11.2,-358.57673700219243
3,-22.54188936039332,-4.388193033525266,9.28682612024364,11.2,-358.8987639930552
3,-22.29398547507344,-4.40301021890849,8.76421216031932,11.2,-359.21724949984196
3,-22.29398547507344,-4.40301021890849,8.975191413451732,11.2,-359.5357350066287
3,-22.29398547507344,-4.40301021890849,9.314763155795024,11.2,-359.8542205134155
3,-22.79005368561221,-4.378112993152317,9.812672721632199,11.2,-360.17979270892425
3,-23.162248531537575,-4.362550207974949,10.347696072243663,11.2,-360.5106819736605
3,-23.534573633782244,-4.350543261434502,10.80871497896074,11.2,-360.8468901684288
3,-23.90699785340691,-4.342093157716774,11.262382358527825,11.2,-361.18841870919175
3,-24.40363947530473,-4.334976925835038,11.42993730861674,11.2,-361.53704213026754
3,-24.527810619713218,-4.334235629488508,11.477871558177567,11.2,-361.8874394248349
3,-24.65198412437171,-4.334087369091968,11.505947638851639,11.2,-362.23961062661164
3,-24.65198412437171,-4.334087369091968,11.473407397757052,11.2,-362.5917818283884
3,-24.65198412437171,-4.334087369091968,11.378260983651055,11.2,-362.9439530301651
3,-24.65198412437171,-4.334087369091968,11.310157758985119,11.2,-363.29612423194186
3,-24.65198412437171,-4.334087369091968,11.236920152313045,11.2,-363.6482954337186
3,-24.65198412437171,-4.334087369091968,11.235243786962618,11.2,-364.00046663549534
3,-24.776157629030205,-4.333939108695429,11.204888290092859,11.2,-364.35441174448147
3,-24.776157629030205,-4.333939108695429,11.190722560254029,11.2,-364.7083568534676
3,-24.900330425611276,-4.333494328351231,11.1503040029983,11.2,-365.06407585954776
3,-24.900330425611276,-4.333494328351231,11.115679218090726,11.2,-365.4197948656279
3,-24.900330425611276,-4.333494328351231,11.03796435676,11.2,-365.7755138717081
3,-25.27284456690205,-4.3312704350845275,10.861337000329094,11.2,-366.13655450837814
3,-25.521180247061,-4.32889830593856,10.731609067895484,11.2,-366.50114279762187
3,-25.645343130699445,-4.327267488074806,10.641165561840806,11.2,-366.86750484234614
3,-25.89365544501401,-4.323116392262967,10.606716330178829,11.2,-367.23741420584633
3,-26.266079664638674,-4.314666288545239,10.603387728665298,11.2,-367.61264391534115
3,-26.762602810196185,-4.3016208677535,10.656257998746351,11.2,-367.9949668126297
3,-27.879875469070186,-4.276270556600317,10.896592100140653,11.2,-368.39325074790213
3,-29.121385117577532,-4.252550324721241,11.535740683028218,11.2,-368.8092705352961
3,-30.487075586570363,-4.228088661231982,12.216367325983379,11.2,-369.2448001865328
3,-31.852820575037708,-4.206888270791006,12.995545287760699,11.2,-369.69984048046194
3,-33.591165379834486,-4.1902834141124945,13.860066698564152,11.2,-370.17971427160245
3,-34.83289688603231,-4.187318210408808,14.839356411353444,11.2,-370.67732708426007
3,-35.82628586740458,-4.187318210408809,15.512133707735645,11.2,-371.1891311680801
3,-36.32298035809071,-4.187318210408809,16.016595982383656,11.2,-371.7080308874814
3,-37.316354233858625,-4.192062509281069,15.899879463259344,11.2,-372.2411216622508
3,-37.19218780991381,-4.190728191074927,15.518264768182354,11.2,-372.77243863096385
3,-37.068021385969,-4.189393872868784,15.245471715509579,11.2,-373.30198179362054
3,-36.94385212975486,-4.1883560619289595,15.174338578658755,11.2,-373.8297511097599
3,-36.94385212975486,-4.1883560619289595,15.13333438898147,11.2,-374.3575204258993
3,-36.94385212975486,-4.1883560619289595,15.021245154764136,11.2,-374.88528974203865
3,-36.81968287354072,-4.187318250989135,15.039441189682305,11.2,-375.41128521166064
3,-36.81968287354072,-4.187318250989135,14.976055206591058,11.2,-375.93728068128263
3,-36.81968287354072,-4.187318250989135,14.977502459293278,11.2,-376.4632761509046
3,-36.81968287354072,-4.187318250989135,15.046599620682716,11.2,-376.9892716205266
3,-36.81968287354072,-4.187318250989135,15.06487887715835,11.2,-377.5152670901486
3,-36.81968287354072,-4.187318250989135,15.111288808246885,11.2,-378.0412625597706
3,-36.81968287354072,-4.187318250989135,15.205282361102958,11.2,-378.5672580293926
3,-36.81968287354072,-4.187318250989135,15.326825605035996,11.2,-379.09325349901457
3,-36.69551644959591,-4.185983932782992,15.42429941615948,11.2,-379.6174751625802
3,-36.69551644959591,-4.185983932782992,15.509724199968723,11.2,-380.14169682614585
3,-36.447194930642254,-4.182425806697331,15.616150187601207,11.2,-380.66237103944076
3,-36.323041251642906,-4.180202019107399,15.686106999647452,11.2,-381.1812716287499
3,-36.074751594416995,-4.174865058237032,15.71180971708038,11.2,-381.6966252229559
3,-35.57029625231389,-4.174865058237032,15.720838153837846,11.2,-382.20477231227466
3,-34.94962344032012,-4.159299344000227,15.451903674443953,11.2,-382.7040526471364
3,-33.45996621088678,-4.123720247357071,15.138734796530084,11.2,-383.18205216443477
3,-32.34263407841478,-4.101037958862257,14.48820998284069,11.2,-383.6440897941264
3,-31.721865683418038,-4.0899190209125935,13.791923130754682,11.2,-384.09725930388953
3,-29.23857968785501,-4.060267744754453,13.051086976496391,11.2,-384.5149532994303
3,-27.25181494254174,-4.0555234323553915,12.181031791243852,11.2,-384.90426494146664
3,-25.637590065231397,-4.065160284860283,11.471581152904863,11.2,-385.2705162281128
3,-24.147614219731857,-4.082951101279661,10.686240383044169,11.2,-385.61548214553756
3,-22.78192634660839,-4.107412718272812,9.977884321858943,11.2,-385.9409382362034
3,-21.168180102797823,-4.1478834983625275,9.34267359601535,11.2,-386.2433408091005
3,-20.423444235721306,-4.169230083925386,8.766021973797393,11.2,-386.53510429818226
3,-20.171216564669752,-4.169230083925386,8.417853096372298,11.2,-386.8232645348204
3,-20.047082238222785,-4.172343220855365,8.776938077190099,11.2,-387.10965142393786
3,-20.047082238222785,-4.172343220855365,9.37718915535935,11.2,-387.3960383130553
3,-20.047082238222785,-4.172343220855365,9.592278089382548,11.2,-387.6824252021728
3,-20.419542567256457,-4.165671870766324,9.534386650614417,11.2,-387.9741329531336
3,-20.667871874839715,-4.162706734696427,9.502653230274039,11.2,-388.26938826563133
3,-20.916212511484108,-4.160927626001035,9.506866865536988,11.2,-388.56819130150967
3,-21.16455692451882,-4.159741546774035,9.607897993337977,11.2,-388.87054211471707
3,-21.909595828237514,-4.157962424551823,9.768670345736595,11.2,-389.18353634083473
3,-22.282116342212998,-4.158407205741442,10.005641052488658,11.2,-389.5018522885806
3,-22.902972064255437,-4.1621136874740925,10.262021172542157,11.2,-389.82903760378423
3,-23.647979812778214,-4.169230081675326,10.573122521867436,11.2,-390.1668658868239
3,-24.64129704311124,-4.181090625954911,10.940943203519888,11.2,-390.51888441601125
3,-25.386233986054926,-4.19354391339043,11.334283176737555,11.2,-390.8815449015263
3,-26.255270089088704,-4.211185693330841,11.77595381272746,11.2,-391.2566201885133
3,-26.75184987548367,-4.221859625215945,12.276542940790106,11.2,-391.63878947244876
3,-27.869182007955672,-4.244541913710759,12.847737102125018,11.2,-392.036920643991
3,-28.61408779706008,-4.258774052838206,13.454891572512429,11.2,-392.4456933268061
3,-29.48316355005552,-4.2743405659677345,13.542888437572204,11.2,-392.8668813775212
3,-29.97978865067085,-4.282642765481723,13.695687850662608,11.2,-393.2951640725308
3,-30.228110169624507,-4.286200891567384,13.473183346356763,11.2,-393.7269942178111
3,-30.228110169624507,-4.286200891567384,13.160793115255608,11.2,-394.15882436309147
3,-30.35227659356932,-4.287535209773527,12.957064732602712,11.2,-394.59242831442816
3,-30.35227659356932,-4.287535209773527,12.84528996137919,11.2,-395.02603226576485
3,-30.600617230213714,-4.28931431846892,12.73020650500268,11.2,-395.46318394048217
3,-30.84896353145328,-4.289907359209657,12.679012742306005,11.2,-395.9038834195029
3,-31.097309832692844,-4.28931431846892,12.462142457480356,11.2,-396.34813070282706
3,-31.221481213123102,-4.288573020713352,12.234296196878878,11.2,-396.7941518630145
3,-31.593979776920495,-4.284570073703631,12.085885133258696,11.2,-397.24549443125625
3,-31.84229209123506,-4.280418977891792,12.109711472650046,11.2,-397.7003843182739
3,-32.09058174846097,-4.275082017021425,12.152216456126544,11.2,-398.15882120039475
3,-32.46298543565723,-4.265742588479343,12.140775539613763,11.2,-398.6225781351899
3,-33.58025809453123,-4.24039227732616,12.211482594365902,11.2,-399.1022961079689
3,-34.57346581333711,-4.221416091822899,12.514647232091113,11.2,-399.59620276244516
3,-35.582376497543315,-4.221416091822899,13.063364482483784,11.2,-400.1045224266958
3,-36.699759608537455,-4.201402003513505,13.726761989205494,11.2,-400.62880470681773
3,-37.81718732637437,-4.184056229516343,14.480916867890935,11.2,-401.16905024005166
3,-39.30716317187391,-4.166265413096965,15.371408055069418,11.2,-401.730581142507
3,-40.176347965372855,-4.159000736518191,16.26322261419177,11.2,-402.30452897058376
3,-40.548862106663634,-4.156776843251487,16.543845416730598,11.2,-402.88379842925036
3,-41.41807498709244,-4.155739022448359,16.88097941872857,11.2,-403.47548521478024
3,-41.41807498709244,-4.155739022448359,16.38987552352501,11.2,-404.0671720003101
3,-41.04555447311695,-4.15529424125874,16.17098923232706,11.2,-404.6535370642118
3,-40.673036791447124,-4.156628579755045,15.899920532061728,11.2,-405.2345804469467
3,-40.4246926144358,-4.157814657854811,15.6587885646316,11.2,-405.8120760557244
3,-40.30051981785473,-4.158259438199009,15.513999933795118,11.2,-406.387797767408
3,-40.30051981785473,-4.158259438199009,15.486126857389825,11.2,-406.96351947909164
3,-40.30051981785473,-4.158259438199009,15.627923941554382,11.2,-407.5392411907753
3,-40.176347021273656,-4.158704218543207,15.805643591473242,11.2,-408.1131890053649
3,-40.176347021273656,-4.158704218543207,16.054318632184486,11.2,-408.68713681995456
3,-39.928000484008685,-4.1592972598475635,16.238937244838706,11.2,-409.25753682686894
3,-39.4313064653747,-4.1592972598475635,16.065231630492967,11.2,-409.82084120494574
3,-38.81043894208223,-4.158555957864865,15.740752467780233,11.2,-410.3752760469755
3,-37.81705373712397,-4.160928120827815,15.34419352933101,11.2,-410.91551967179157
3,-36.8236911905464,-4.168044555609385,14.8122939586364,11.2,-411.4415724030851
3,-35.209576771319696,-4.189245147540532,14.239674775246932,11.2,-411.9445663569611
3,-34.09224676264391,-4.21192739292143,13.558244579309926,11.2,-412.4315984535703
3,-32.72676657625761,-4.2461719642424,12.90225448715335,11.2,-412.899123690374
3,-31.36146810611601,-4.286937451255657,12.30278483647004,11.2,-413.3471446633185
3,-29.74817897571226,-4.342820465982204,11.669662820186993,11.2,-413.7721186486858
3,-28.63148613194642,-4.386842338103971,11.112921127554145,11.2,-414.1811398791422
3,-27.639014678946417,-4.429528205693742,10.646737126605633,11.2,-414.5759829459843
3,-27.26678373102447,-4.444202163067665,10.264060522111569,11.2,-414.9655084278561
3,-27.01857549202315,-4.452503194844249,10.485129576086203,11.2,-415.35148807774215
3,-27.01857549202315,-4.452503194844249,10.805878915791993,11.2,-415.7374677276282
3,-26.894440929624395,-4.455616337691611,11.199850925007697,11.2,-416.1216740266228
3,-26.77029315088264,-4.458136587178378,11.333895660333448,11.2,-416.5041067859211
3,-26.64613451556743,-4.4600638954002845,11.369885470279078,11.2,-416.88476585042923
3,-26.521971631928984,-4.461694713264038,11.443268222972502,11.2,-417.2636511594568
3,-26.39780520798417,-4.46302903147018,11.517647543901745,11.2,-417.640762662428
3,-26.39780520798417,-4.46302903147018,11.68170790586797,11.2,-418.01787416539923
3,-26.39780520798417,-4.46302903147018,11.861667102617757,11.2,-418.39498566837045
3,-26.39780520798417,-4.46302903147018,12.044205622600817,11.2,-418.77209717134167
3,-26.14946929180991,-4.465401162870591,12.0725621354888,11.2,-419.14566101836755
3,-25.901133375635652,-4.467773294271002,11.999310748386819,11.2,-419.5156772094481
3,-25.776964119421518,-4.468811105210826,12.003165333136932,11.2,-419.88391955401124
3,-25.65279273899126,-4.469552402966395,11.921716042929889,11.2,-420.2503880217111
3,-25.528619942410188,-4.469997183310593,11.913078696355546,11.2,-420.615082592317
3,-25.528619942410188,-4.469997183310593,11.920197697081198,11.2,-420.97977716292286
3,-25.404446437751695,-4.470145443707132,12.05607362954216,11.2,-421.3426978263193
3,-25.404446437751695,-4.470145443707132,12.254305906453624,11.2,-421.70561848971573
3,-25.404446437751695,-4.470145443707132,12.205172212980127,11.2,-422.06853915311217
3,-25.2802729330932,-4.469997183310593,12.140778287948324,11.2,-422.4296859092992
3,-25.15610013651213,-4.469552402966395,12.104143042245541,11.2,-422.78905876839224
3,-25.03192875608187,-4.468811105210827,12.041923964402022,11.2,-423.14665775062196
3,-25.03192875608187,-4.468811105210827,12.003558592867426,11.2,-423.5042567328517
3,-24.907759499867737,-4.4677732942710024,11.992584540718704,11.2,-423.86008186856407
3,-24.907759499867737,-4.4677732942710024,11.97036082686322,11.2,-424.21590700427646
3,-24.907759499867737,-4.4677732942710024,11.887895116745943,11.2,-424.57173213998885
3,-24.907759499867737,-4.4677732942710024,11.878707741174951,11.2,-424.92755727570125
3,-24.907759499867737,-4.4677732942710024,11.869619439459939,11.2,-425.28338241141364
3,-24.783593075922923,-4.466438976064859,11.878560209721337,11.2,-425.6374337410697
3,-24.783593075922923,-4.466438976064859,11.79224999063829,11.2,-425.99148507072573
3,-24.783593075922923,-4.466438976064859,11.718301316996305,11.2,-426.3455364003818
3,-24.783593075922923,-4.466438976064859,11.640034809178664,11.2,-426.6995877300378
3,-24.783593075922923,-4.466438976064859,11.589561574719628,11.2,-427.05363905969386
3,-24.783593075922923,-4.466438976064859,11.472735814458282,11.2,-427.4076903893499
3,-24.907759499867737,-4.467773294271002,11.368625928671158,11.2,-427.7635155250623
3,-25.03192875608187,-4.468811105210826,11.346193302985865,11.2,-428.121114507292
3,-25.15610013651213,-4.469552402966395,11.372458780609879,11.2,-428.48048736638503
3,-25.28027151694239,-4.470293700721962,11.393181448612982,11.2,-428.84163410234135
3,-25.528612389606803,-4.472072811108198,11.266917148488062,11.2,-429.20632856505
3,-25.528612389606803,-4.472072811108198,11.19963374525254,11.2,-429.57102302775866
3,-25.65278377003706,-4.472814108863766,11.010452506591914,11.2,-429.9374913673306
3,-25.776956566618132,-4.473258889207964,10.839612012194277,11.2,-430.3057336039966
3,-26.025303575935123,-4.473258889207964,10.714717495760498,11.2,-430.6775236550814
3,-26.397817009160587,-4.471035000168373,10.625781740872684,11.2,-431.05463532664083
3,-26.646146316743845,-4.468069864098477,10.516998652360654,11.2,-431.4352945597372
3,-27.391134239493617,-4.459174455888788,10.583648763382975,11.2,-431.82659647744424
3,-28.1361561494268,-4.45383712980261,10.758670458079,11.2,-432.2285415652932
3,-29.8745670406698,-4.445534575213612,11.438009259531592,11.2,-432.65532109444564
3,-31.24046780306157,-4.440641991427439,12.158374156977365,11.2,-433.10161349163224
3,-32.85472029528649,-4.442569372918962,12.936945115049834,11.2,-433.5709666387078
3,-35.08973504431092,-4.463918474362763,13.883068758641564,11.2,-434.0722485679122
3,-36.57960893019829,-4.4888250492338,14.967406126857137,11.2,-434.5948144097722
3,-37.82105721632785,-4.515509853585634,16.151932684648052,11.2,-435.13511522714833
3,-39.062439420649554,-4.54515912896656,16.905280905612184,11.2,-435.6931500760148
3,-39.18657398304831,-4.5482722718139215,16.893378772799842,11.2,-436.2529582757726
3,-39.18657398304831,-4.5482722718139215,16.317356376808,11.2,-436.8127664755304
3,-38.81417029585205,-4.538932843271838,16.03291564870044,11.2,-437.367254622614
3,-38.31759098140022,-4.528258921531105,15.843397506225195,11.2,-437.91464877949113
3,-38.19343730240087,-4.526035133941172,15.548449797563947,11.2,-438.4602693123826
3,-37.69679426449356,-4.518918881769851,15.387447910701098,11.2,-438.9987949447325
3,-37.57262784054875,-4.517584563563709,15.171805938673273,11.2,-439.535546771026
3,-37.200114407323284,-4.515360674524119,15.040466870673647,11.2,-440.0669769768449
3,-37.200114407323284,-4.515360674524119,14.878052790070685,11.2,-440.5984071826638
3,-36.7034203886893,-4.515360674524119,14.76218577485569,11.2,-441.12274175964507
3,-36.45507385142433,-4.515953715828475,14.593870308825075,11.2,-441.64352852895115
3,-36.45507385142433,-4.515953715828475,14.463210692012897,11.2,-442.16431529825724
3,-36.33090034676584,-4.5161019762250145,14.534415729073922,11.2,-442.6833281603539
3,-36.33090034676584,-4.5161019762250145,14.630490814710233,11.2,-443.2023410224505
3,-36.206726842107344,-4.515953715828475,14.813297887291172,11.2,-443.7195799773378
3,-36.206726842107344,-4.515953715828475,15.006888524078176,11.2,-444.23681893222505
3,-36.08255404552627,-4.515508935484277,14.924842908640457,11.2,-444.75228399001827
3,-35.83421340888188,-4.513729826788884,14.866645730403183,11.2,-445.26420132443087
3,-35.585884101298625,-4.510764690718988,14.865906251092374,11.2,-445.7725710973066
3,-35.337571786984064,-4.506613594907148,14.916469656449799,11.2,-446.27739355140636
3,-34.83311644488096,-4.506613594907148,15.069674051479174,11.2,-446.7750095006189
3,-34.32866110277785,-4.506613594907148,14.733834560186219,11.2,-447.2654189449443
3,-33.21127799178372,-4.486599506597754,14.466885356588886,11.2,-447.7398657733984
3,-32.217991915969094,-4.472367002255112,13.867360095116885,11.2,-448.20012280076935
3,-30.603794653415864,-4.458875485681792,13.259523389569848,11.2,-448.63731986724673
3,-29.36206314721804,-4.458875485681792,12.517146293018081,11.2,-449.056777912207
3,-27.996203925057614,-4.470291384320754,11.74360439176237,11.2,-449.456723682565
3,-26.630461532563263,-4.491491734464596,11.052856194096893,11.2,-449.8371588473159
3,-25.016623247523043,-4.528108850574749,10.34121408381715,11.2,-450.1945391794234
3,-24.023643035137738,-4.556570937608524,9.719368960579297,11.2,-450.5377340799253
3,-23.899524756476758,-4.560276898017559,9.222626371639114,11.2,-450.8791558621607
3,-23.775397982041415,-4.563686459366967,9.483572387174824,11.2,-451.2188044047613
3,-24.023674186946973,-4.557756609926441,9.824152295807709,11.2,-451.5619997502891
3,-24.271975880665433,-4.553012568059307,10.201108640362177,11.2,-451.90874226287
3,-24.52029739961909,-4.549454441973646,10.623313954965116,11.2,-452.25903222572174
3,-24.768633079778038,-4.547082312827678,11.083460061742171,11.2,-452.61286984114713
3,-25.14115076144786,-4.545747974331373,11.537237527031063,11.2,-452.97202913773924
3,-25.38949423038984,-4.5469340490494385,11.807728763852142,11.2,-453.3347361981734
3,-25.38949423038984,-4.5469340490494385,11.833767523440859,11.2,-453.69744325860756
3,-25.38949423038984,-4.5469340490494385,11.634314705504707,11.2,-454.0601503190417
3,-25.016986461747432,-4.543820616229964,11.509102475291373,11.2,-454.41753583992386
3,-25.016986461747432,-4.543820616229964,11.38904738809795,11.2,-454.774921360806
3,-25.016986461747432,-4.543820616229964,11.29806000061968,11.2,-455.1323068816881
3,-25.141155717961567,-4.544858427169789,11.20934786144647,11.2,-455.4914662490876
3,-25.141155717961567,-4.544858427169789,11.184707170633198,11.2,-455.85062561648704
3,-25.2653249741757,-4.545896238109614,11.216910034626702,11.2,-456.2115588304038
3,-25.2653249741757,-4.545896238109614,11.26205073551811,11.2,-456.5724920443206
3,-25.38949635460596,-4.546637535865182,11.227979999296515,11.2,-456.9351991351007
3,-25.38949635460596,-4.546637535865182,11.227388903681573,11.2,-457.29790622588075
3,-25.38949635460596,-4.546637535865182,11.136478216439949,11.2,-457.66061331666083
3,-25.63784076764067,-4.547823615092182,10.960033810049472,11.2,-458.02686818476997
3,-25.886187068880236,-4.548416655832919,10.815571060708136,11.2,-458.3966708571825
3,-26.1345333701198,-4.547823615092182,10.692020702777036,11.2,-458.7700213338985
3,-26.382874006764194,-4.54604450639679,10.562314716485597,11.2,-459.1469195339951
3,-26.631203314347452,-4.543079370326893,10.504619409730212,11.2,-459.52736529562867
3,-26.755361949662664,-4.541152062104986,10.550245786482517,11.2,-459.9095847520524
3,-28.36942420876044,-4.516097055220197,10.620497261188355,11.2,-460.314862240749
3,-29.23856439422954,-4.504681330173921,11.210117149886788,11.2,-460.73255601780943
3,-30.480212112192095,-4.4898556357342905,11.941897073458454,11.2,-461.1679876194122
3,-32.46689755346368,-4.47087860256655,12.694440141831672,11.2,-461.6318004416045
3,-34.08114084069958,-4.465096469082561,13.51595023602381,11.2,-462.11867388218593
3,-35.57121864813697,-4.468654713526985,14.445887863199646,11.2,-462.6268341485879
3,-36.937077870297394,-4.480070612165948,15.4919241803553,11.2,-463.1545066895921
3,-37.8062180557665,-4.491486337212223,16.166618881763256,11.2,-463.69459551896017
3,-39.04777962733931,-4.512241816271421,16.88716720199824,11.2,-464.2524209422079
3,-39.04777962733931,-4.512241816271421,16.20958806173931,11.2,-464.8102463654556
3,-38.79947769763784,-4.507497769895605,15.55905104951608,11.2,-465.364524618279
3,-38.30285306900871,-4.499195578271926,15.180932523187906,11.2,-465.91170823355054
3,-38.178690185370264,-4.4975647604081725,14.915382851631854,11.2,-466.45711809334153
3,-38.178690185370264,-4.4975647604081725,14.830743912510856,11.2,-467.0025279531325
3,-38.178690185370264,-4.4975647604081725,14.586684646169857,11.2,-467.5479378129235
3,-38.178690185370264,-4.4975647604081725,14.465606711536946,11.2,-468.0933476727145
3,-38.178690185370264,-4.4975647604081725,14.52313144893687,11.2,-468.6387575325055
3,-38.30285660931508,-4.498899078614315,14.727618108448619,11.2,-469.18594119835285
3,-38.30285660931508,-4.498899078614315,14.544714143448337,11.2,-469.7331248642002
3,-38.30285660931508,-4.498899078614315,14.327636492174053,11.2,-470.28030853004753
3,-38.30285660931508,-4.498899078614315,14.289018026389943,11.2,-470.8274921958949
3,-38.30285660931508,-4.498899078614315,14.260221188568071,11.2,-471.3746758617422
3,-38.30285660931508,-4.498899078614315,14.331068705334735,11.2,-471.92185952758956
3,-38.30285660931508,-4.498899078614315,14.46107169923324,11.2,-472.4690431934369
3,-38.30285660931508,-4.498899078614315,14.378429240562143,11.2,-473.01622685928425
3,-38.054515972670686,-4.497119969918922,14.358374332438723,11.2,-473.55986280175097
3,-37.930344592240424,-4.496378672163354,14.289369809235687,11.2,-474.1017248673544
3,-37.930344592240424,-4.496378672163354,14.310365920602658,11.2,-474.6435869329578
3,-37.930344592240424,-4.496378672163354,14.394184422444132,11.2,-475.18544899856124
3,-37.930344592240424,-4.496378672163354,14.521800309411246,11.2,-475.72731106416467
3,-37.930344592240424,-4.496378672163354,14.67477230388943,11.2,-476.2691731297681
3,-37.930344592240424,-4.496378672163354,14.705443154336365,11.2,-476.8110351953715
3,-37.68200371957601,-4.494599561777118,14.818256231811581,11.2,-477.3493495342226
3,-37.68200371957601,-4.494599561777118,14.950750793641623,11.2,-477.8876638730737
3,-37.55783446336187,-4.493561750837293,14.99167576924032,11.2,-478.42420436540743
3,-37.061153190073085,-4.490003533446508,14.793851706664185,11.2,-478.9536494109799
3,-36.44028920716774,-4.4877796317255205,14.598344105747195,11.2,-479.47422497108226
3,-35.81942168387526,-4.4870383297428225,14.329792905610882,11.2,-479.9859309951376
3,-35.32272908139613,-4.488224411224297,14.016189981408814,11.2,-480.4905414105861
3,-34.081054220827006,-4.50008502313752,13.628676644376547,11.2,-480.9774136137408
3,-33.21194377362051,-4.513576180690868,13.23787928551785,11.2,-481.45186995336394
3,-32.21873699874667,-4.532552348159405,12.779008510306952,11.2,-481.91213762477463
3,-30.977433853741967,-4.56516577615683,12.361551020222636,11.2,-482.3546723941138
3,-30.108670327873202,-4.593182144509395,11.946140012966284,11.2,-482.78479625594053
3,-29.364107201311157,-4.61986329692806,11.53185920672288,11.2,-483.20428350167356
3,-28.495566671927087,-4.654102595881703,11.227849995645299,11.2,-483.6113630255582
3,-28.247400908466844,-4.663588948336036,11.004846291329873,11.2,-484.01489732425057
3,-27.999192669465522,-4.671889980112621,10.909100047345152,11.2,-484.4148857909572
3,-27.875074390804542,-4.6755959405216565,11.139543170135923,11.2,-484.8131011393973
3,-27.7509476163692,-4.679005501871065,11.397172862864492,11.2,-485.2095432482026
3,-27.626813053970444,-4.682118644718425,11.642838164060402,11.2,-485.6042120061164
3,-27.502671411463645,-4.684935351311591,11.815035426452855,11.2,-485.99710731199445
3,-27.502671411463645,-4.684935351311591,11.73636791942645,11.2,-486.3900026178725
3,-27.378512776148433,-4.686862659533498,11.73527054623559,11.2,-486.7811242289603
3,-27.378512776148433,-4.686862659533498,11.649466775724076,11.2,-487.17224584004816
3,-27.130183468565175,-4.689827795603394,11.611417761931255,11.2,-487.5598198895991
3,-27.130183468565175,-4.689827795603394,11.607086928338909,11.2,-487.94739393915006
3,-27.130183468565175,-4.689827795603394,11.727885898093428,11.2,-488.334967988701
3,-27.00601421235104,-4.690865606543219,11.872818926960555,11.2,-488.7207681917346
3,-27.00601421235104,-4.690865606543219,11.925745366407027,11.2,-489.10656839476815
3,-27.00601421235104,-4.690865606543219,11.887170580710393,11.2,-489.4923685978017
3,-27.00601421235104,-4.690865606543219,11.827473266635792,11.2,-489.8781688008353
3,-27.00601421235104,-4.690865606543219,11.828337319096585,11.2,-490.26396900386885
3,-26.881842831920782,-4.691606904298787,11.82029148436552,11.2,-490.6479953300391
3,-26.881842831920782,-4.691606904298787,11.838872040458787,11.2,-491.0320216562094
3,-26.881842831920782,-4.691606904298787,11.844924789447868,11.2,-491.41604798237967
3,-26.881842831920782,-4.691606904298787,11.73649398137811,11.2,-491.80007430854994
3,-26.881842831920782,-4.691606904298787,11.63568066966985,11.2,-492.1841006347202
3,-26.881842831920782,-4.691606904298787,11.577373165759084,11.2,-492.5681269608905
3,-26.881842831920782,-4.691606904298787,11.5135591853421,11.2,-492.95215328706075
3,-26.881842831920782,-4.691606904298787,11.460696992227476,11.2,-493.336179613231
3,-26.881842831920782,-4.691606904298787,11.327748620827501,11.2,-493.7202059394013
3,-26.881842831920782,-4.691606904298787,11.245127122201442,11.2,-494.10423226557157
3,-26.881842831920782,-4.691606904298787,11.101229124862884,11.2,-494.48825859174184
3,-26.881842831920782,-4.691606904298787,10.975303662492436,11.2,-494.8722849179121
3,-26.881842831920782,-4.691606904298787,10.826188155649751,11.2,-495.2563112440824
3,-27.130187244955493,-4.690420825071787,10.704590066626126,11.2,-495.6438853475818
3,-27.50270138624627,-4.688196931805084,10.62115001831999,11.2,-496.036781081671
3,-27.751042258910683,-4.686417821418848,10.564402710230157,11.2,-496.43322454251256
3,-29.241115817895636,-4.682859587119552,10.769961817167715,11.2,-496.8509547684825
3,-30.110325393963127,-4.685973049528935,11.2435935114772,11.2,-497.28110227411054
3,-31.352028577185095,-4.694868593005898,11.751931377568061,11.2,-497.72898839664174
3,-32.9661429964118,-4.716069184937045,12.536612528510839,11.2,-498.1999332965905
3,-34.20765146500409,-4.739789394272717,13.398076086328189,11.2,-498.68861403180483
3,-35.697308694437424,-4.775368490915873,14.347719945523453,11.2,-499.1985755845825
3,-36.4420438537264,-4.7967150561912035,15.401648006908513,11.2,-499.7191762110643
3,-38.179636981608546,-4.8506731986881695,15.9496584737248,11.2,-500.26459959651584
3,-38.80013162157209,-4.872166625036451,16.070078718267318,11.2,-500.8188871911097
3,-38.80013162157209,-4.872166625036451,15.536049359482965,11.2,-501.37317478570355
3,-38.427865986641685,-4.858381552939297,15.157389076620237,11.2,-501.92214429979845
3,-38.30376682276447,-4.854082859498799,14.921783953411753,11.2,-502.46934096869506
3,-38.30376682276447,-4.854082859498799,14.886338658172015,11.2,-503.0165376375917
3,-38.30376682276447,-4.854082859498799,14.973563592332088,11.2,-503.5637343064883
3,-38.42787589788858,-4.858085197834885,14.901181727349899,11.2,-504.1127039621724
3,-38.30376682276447,-4.854082859498799,14.924071749660476,11.2,-504.65990063106904
3,-38.30376682276447,-4.854082859498799,14.77669214996968,11.2,-505.20709729996565
3,-38.30376682276447,-4.854082859498799,14.739617147309287,11.2,-505.75429396886227
3,-38.30376682276447,-4.854082859498799,14.721537685030981,11.2,-506.3014906377589
3,-38.30376682276447,-4.854082859498799,14.778367559203675,11.2,-506.8486873066555
3,-38.30376682276447,-4.854082859498799,14.77027541143805,11.2,-507.3958839755521
3,-38.30376682276447,-4.854082859498799,14.784907654350574,11.2,-507.94308064444874
3,-38.30376682276447,-4.854082859498799,14.840109065032665,11.2,-508.49027731334536
3,-38.30376682276447,-4.854082859498799,14.96180569219381,11.2,-509.037473982242
3,-38.30376682276447,-4.854082859498799,15.006629687281945,11.2,-509.5846706511386
3,-38.30376682276447,-4.854082859498799,15.116129608500412,11.2,-510.1318673200352
3,-38.17965774764036,-4.850080521162713,15.220016702893432,11.2,-510.6772910021444
3,-37.93143015794291,-4.842372215091718,15.175723069068232,11.2,-511.21916857582926
3,-37.55905054244783,-4.832143550485913,15.019339134524865,11.2,-511.7557264407214
3,-36.93831164873906,-4.8195423030520805,14.793008778363292,11.2,-512.2834166071319
3,-35.94499725051385,-4.807681792588824,14.486864431212393,11.2,-512.7969165678536
3,-35.075787674440704,-4.8066439757310295,14.103613471103587,11.2,-513.297999248917
3,-34.20660453306589,-4.813908638501279,13.69540899231465,11.2,-513.7866650279608
3,-33.21335810772166,-4.830512974406869,13.168000025719277,11.2,-514.2611415723568
3,-31.723794333716015,-4.8696490880037775,12.718665443328183,11.2,-514.714338634267
3,-30.85510183776706,-4.899739884891372,12.15505143041786,11.2,-515.155125803378
3,-29.862634157693037,-4.942425590208847,11.675684343000912,11.2,-515.5817348627736
3,-28.870494907866295,-4.992220183693618,11.279756726256657,11.2,-515.9941705043145
3,-28.49842110129796,-5.010448899546181,10.916215573098633,11.2,-516.4012908057616
3,-28.250303473856036,-5.0211203563016,10.95780078153454,11.2,-516.8048665696739
3,-28.250303473856036,-5.0211203563016,11.243552418842125,11.2,-517.2084423335862
3,-28.126226255372597,-5.0260116847235485,11.606665611203567,11.2,-517.6102455658058
3,-28.250325183365305,-5.021712999453892,12.051379099082862,11.2,-518.0138216398539
3,-28.250325183365305,-5.021712999453892,12.088431236726567,11.2,-518.4173977139019
3,-28.126206904704325,-5.025418959862927,11.927496172988853,11.2,-518.8192006696834
3,-27.87796161567882,-5.03253448838388,11.846972454588062,11.2,-519.2174572641931
3,-27.753834841243478,-5.035944049733288,11.731768986932225,11.2,-519.613940619068
3,-27.629700278844723,-5.03905719258065,11.613676517810841,11.2,-520.0086506230515
3,-27.505558636337923,-5.041873899173815,11.563517308222497,11.2,-520.4015871749991
3,-27.381410621618812,-5.044394153451017,11.616349550730993,11.2,-520.7927501838794
3,-27.381410621618812,-5.044394153451017,11.73815571202066,11.2,-521.1839131927597
3,-27.381410621618812,-5.044394153451017,11.781684559761825,11.2,-521.5750762016401
3,-27.257256942619463,-5.0466179410409495,11.842992627322529,11.2,-521.9644655865346
3,-27.257256942619463,-5.0466179410409495,11.878876155768554,11.2,-522.3538549714292
3,-27.257256942619463,-5.0466179410409495,11.788412691814036,11.2,-522.7432443563238
3,-27.257256942619463,-5.0466179410409495,11.69807889462197,11.2,-523.1326337412183
3,-27.13309051867465,-5.047952259247092,11.653871745363542,11.2,-523.5202493200566
3,-27.13309051867465,-5.047952259247092,11.559534736786002,11.2,-523.9078648988948
3,-27.13309051867465,-5.047952259247092,11.416713734899052,11.2,-524.295480477733
3,-27.13309051867465,-5.047952259247092,11.30979692989857,11.2,-524.6830960565712
3,-27.13309051867465,-5.047952259247092,11.221108265379721,11.2,-525.0707116354095
3,-27.13309051867465,-5.047952259247092,11.183974155156607,11.2,-525.4583272142477
3,-27.257256942619463,-5.0466179410409495,11.051867225986951,11.2,-525.8477165991422
3,-27.257256942619463,-5.0466179410409495,10.93898508510613,11.2,-526.2371059840368
3,-27.257256942619463,-5.0466179410409495,10.78673218546639,11.2,-526.6264953689314
3,-27.381419826257908,-5.044987123177195,10.60958893525474,11.2,-527.0176585093064
3,-27.505582709896352,-5.043356305313441,10.45263111494614,11.2,-527.4105954051621
3,-27.753912253488863,-5.040391166425516,10.299955681173927,11.2,-527.8070798659262
3,-28.62307722110256,-5.031050938982516,10.15135816110263,11.2,-528.2159809690849
3,-29.243923502173235,-5.025861884283392,10.233620385894637,11.2,-528.6337513048302
3,-30.609808686906078,-5.017707608972146,10.66820518750556,11.2,-529.0710342860717
3,-31.8515401931039,-5.01474240526846,11.389469045570562,11.2,-529.5260562888303
3,-33.96247372256623,-5.022303656747522,12.222559544432801,11.2,-530.011234484867
3,-35.700823483678874,-5.038908560769294,13.190999037537146,11.2,-530.5212462489196
3,-37.5631994734439,-5.067818129147261,14.266853562095326,11.2,-531.0578633842546
3,-39.67360338465034,-5.1157020502143835,15.459619861316316,11.2,-531.6246291468924
3,-41.1630737032283,-5.158395180765046,16.697482168611575,11.2,-532.2126730569386
3,-41.535428539211246,-5.169513061992153,17.5106576360528,11.2,-532.8060363217844
3,-42.15601993251615,-5.18804286403733,17.124383087832353,11.2,-533.4082651779632
3,-41.78364031702107,-5.177814199431525,16.50604432348419,11.2,-534.0051743253492
3,-41.28706100256924,-5.167140277690792,16.244705280308583,11.2,-534.5949894825288
3,-41.03874868825468,-5.162989181878952,15.801613498887228,11.2,-535.1812573209324
3,-40.41791774859235,-5.156317603529417,15.451486209398949,11.2,-535.7586561459124
3,-40.169573571581026,-5.155131525429652,15.088555649585722,11.2,-536.3325071969349
3,-39.92122656226404,-5.155131525429652,14.870884118168023,11.2,-536.9028104335387
3,-39.797053057605545,-5.155279785826192,14.746007659853722,11.2,-537.471339762933
3,-39.797053057605545,-5.155279785826192,14.732325513833405,11.2,-538.0398690923273
3,-39.797053057605545,-5.155279785826192,14.802950283746119,11.2,-538.6083984217216
3,-39.797053057605545,-5.155279785826192,14.945214707498579,11.2,-539.176927751116
3,-39.67287955294705,-5.155131525429653,14.784091700157418,11.2,-539.743683173301
3,-39.424532543630065,-5.155131525429653,14.64144916117242,11.2,-540.3068907810671
3,-39.17618600636509,-5.155724566734009,14.558278212368618,11.2,-540.866550581158
3,-39.05201320978402,-5.156169347078206,14.546719444878212,11.2,-541.4244364841549
3,-38.67949906849324,-5.15839324034491,14.402210426464439,11.2,-541.9770007565619
3,-38.67949906849324,-5.15839324034491,14.341888469714775,11.2,-542.5295650289689
3,-38.55532768806298,-5.159134538100478,14.390779413744614,11.2,-543.0803554245127
3,-38.43115489148191,-5.159579318444676,14.500177059116556,11.2,-543.6293719229625
3,-38.306981386823416,-5.159727578841215,14.678237736645025,11.2,-544.1766145142028
3,-38.18280788216492,-5.159579318444676,14.833199540107369,11.2,-544.7220831982337
3,-38.05863508558385,-5.159134538100478,14.738119848402077,11.2,-545.2657779851706
3,-37.93446370515359,-5.15839324034491,14.69164622610354,11.2,-545.8076988952442
3,-37.686128024994645,-5.1560211111989425,14.767491819488061,11.2,-546.3460721527441
3,-37.43779848140213,-5.153055972311016,14.844883180620322,11.2,-546.8808978453355
3,-36.816984063209915,-5.144901882992248,14.686659036873456,11.2,-547.4068547605242
3,-36.19619088663385,-5.135265341882714,14.394241252511923,11.2,-547.9239432017619
3,-35.32705235320409,-5.123849638535173,14.08001361578404,11.2,-548.4286153782363
3,-33.9611905348486,-5.1124337181971,13.49411533044293,11.2,-548.9137752430198
3,-32.96781382680329,-5.107689405798038,12.967963887834879,11.2,-549.3847440119741
3,-32.22277279885232,-5.107689405798038,12.304301965812042,11.2,-549.845069337672
3,-30.23605337017121,-5.12192223478097,11.734660124186792,11.2,-550.2770129572459
3,-29.118627776312195,-5.1392679758077495,11.023038276068824,11.2,-550.6929933540504
3,-28.37375880463446,-5.15527885841885,10.420470928413689,11.2,-551.0983327655451
3,-28.0013154684092,-5.16283960687915,9.896010620479029,11.2,-551.498351557951
3,-27.752993949455544,-5.1663977329648105,9.966405521570913,11.2,-551.8948229000861
3,-27.877160373400358,-5.165063414758668,10.247244360732038,11.2,-552.2930680482775
3,-28.125496289574617,-5.162691283358257,10.556707938425438,11.2,-552.6948608524143
3,-28.373832205748876,-5.160319151957847,10.917431949054558,11.2,-553.1002013124964
3,-28.373832205748876,-5.160319151957847,11.180587226182928,11.2,-553.5055417725786
3,-28.373832205748876,-5.160319151957847,11.074263891949146,11.2,-553.9108822326607
3,-28.24966294953474,-5.161356962897671,11.020965789951454,11.2,-554.3144488462254
3,-28.24966294953474,-5.161356962897671,11.023389631364806,11.2,-554.7180154597902
3,-28.373832205748876,-5.160319151957847,11.075777856850804,11.2,-555.1233559198723
3,-28.49799862969369,-5.158984833751704,11.162923702707284,11.2,-555.5304701860108
3,-28.49799862969369,-5.158984833751704,11.156706668609946,11.2,-555.9375844521493
3,-28.49799862969369,-5.158984833751704,11.185395095970192,11.2,-556.3446987182878
3,-28.49799862969369,-5.158984833751704,11.152720232133037,11.2,-556.7518129844262
3,-28.49799862969369,-5.158984833751704,10.945975221746947,11.2,-557.1589272505647
3,-28.49799862969369,-5.158984833751704,10.789619179271664,11.2,-557.5660415167032
3,-28.49799862969369,-5.158984833751704,10.66999840366646,11.2,-557.9731557828417
3,-28.7463281732862,-5.156019694863779,10.567986108549183,11.2,-558.3838176138886
3,-29.2429995336041,-5.151275436571844,10.481507038919021,11.2,-558.801574750083
3,-30.236376241649413,-5.146531124172782,10.572471831421357,11.2,-559.2335229821066
3,-30.48472277891438,-5.145938082868426,10.880708303975233,11.2,-559.6690190218054
3,-32.0989752711393,-5.147865464359949,11.446981523228734,11.2,-560.1275758113932
3,-33.216496452906924,-5.157205745064555,12.167818980299257,11.2,-560.6020971892918
3,-34.830555644036615,-5.182260704325459,12.947538110175945,11.2,-561.0996765556353
3,-36.19611111599372,-5.213244417957126,13.81133381627404,11.2,-561.6167638572923
3,-37.437336381475355,-5.248822026749374,14.676179475395221,11.2,-562.1515829484563
3,-38.55440088942419,-5.282175670430746,15.390385457226051,11.2,-562.7023601040195
3,-39.42322884005106,-5.308117393294035,16.103800328769047,11.2,-563.2655490874488
3,-39.79555606542339,-5.320124408302277,15.784708495095146,11.2,-563.8340570312406
3,-39.67145690154618,-5.315825714861779,15.378488692860339,11.2,-564.4007921298341
3,-39.54735773766897,-5.311527021421281,15.044072594042907,11.2,-564.9657543832294
3,-39.54735773766897,-5.311527021421281,14.928559246964989,11.2,-565.5307166366247
3,-39.54735773766897,-5.311527021421281,14.991372418073293,11.2,-566.0956788900199
3,-39.67146681279308,-5.315529359757361,14.943065827974582,11.2,-566.6624141302027
3,-39.67146681279308,-5.315529359757361,14.91701589170134,11.2,-567.2291493703855
3,-39.67146681279308,-5.315529359757361,14.976399735874583,11.2,-567.7958846105682
3,-39.67146681279308,-5.315529359757361,14.853871424253924,11.2,-568.362619850751
3,-39.54735773766897,-5.311527021421281,14.789946324545191,11.2,-568.9275821041463
3,-39.54735773766897,-5.311527021421281,14.780643952186049,11.2,-569.4925443575415
3,-39.54735773766897,-5.311527021421281,14.833017487303534,11.2,-570.0575066109368
3,-39.54735773766897,-5.311527021421281,14.91825856515531,11.2,-570.6224688643321
3,-39.54735773766897,-5.311527021421281,14.901269851870529,11.2,-571.1874311177273
3,-39.54735773766897,-5.311527021421281,14.949393630972574,11.2,-571.7523933711226
3,-39.423258573791756,-5.307228327980782,15.047051481180834,11.2,-572.3155827793196
3,-39.423258573791756,-5.307228327980782,15.21776830120161,11.2,-572.8787721875166
3,-39.423258573791756,-5.307228327980782,15.293193683817503,11.2,-573.4419615957136
3,-39.299159409914544,-5.302929634540284,15.367014949231239,11.2,-574.0033781587124
3,-38.92680528169411,-5.291811774445754,15.324732742010475,11.2,-574.5594753770223
3,-38.43025287188299,-5.279952075564702,15.223946855963959,11.2,-575.1084789894778
3,-37.68531805287482,-5.26749882363551,14.88600064840391,11.2,-575.6468406759475
3,-36.69195833853426,-5.260382409144044,14.412241298394237,11.2,-576.1710115093551
3,-35.57440954195785,-5.264385409415306,13.861121899746738,11.2,-576.6792173599546
3,-34.084484676264395,-5.285734105060514,13.2180248019642,11.2,-577.1661385696154
3,-32.71901227627821,-5.319978481108091,12.51692571442509,11.2,-577.6335530307051
3,-31.23002901647123,-5.376896163080764,11.896441738138218,11.2,-578.079696302369
3,-29.98985849012431,-5.439139227471198,11.221897838541404,11.2,-578.508122852228
3,-29.122011605599244,-5.487891312511156,10.638216998584927,11.2,-578.9241515894508
3,-28.874039075268083,-5.501524405991903,10.364944780557359,11.2,-579.3366378619547
3,-28.75002910074407,-5.5078968041959975,10.643841928932163,11.2,-579.747352563394
3,-28.6260042628114,-5.513973054363095,10.980860477961427,11.2,-580.1562954814341
3,-28.874121182829906,-5.503301628033727,11.30277364507686,11.2,-580.568782926903
3,-28.874121182829906,-5.503301628033727,11.629501118380379,11.2,-580.981270372372
3,-28.750032637853103,-5.507896652066112,11.684772560111005,11.2,-581.3919851243413
3,-28.750032637853103,-5.507896652066112,11.562823735240167,11.2,-581.8026998763106
3,-28.750032637853103,-5.507896652066112,11.482658445958968,11.2,-582.2134146282799
3,-28.750032637853103,-5.507896652066112,11.45456388939425,11.2,-582.6241293802492
3,-28.750032637853103,-5.507896652066112,11.503217966414473,11.2,-583.0348441322185
3,-28.750032637853103,-5.507896652066112,11.572091619814369,11.2,-583.4455588841878
3,-28.62588462313399,-5.5104169063433135,11.655183821435086,11.2,-583.8545000930897
3,-28.62588462313399,-5.5104169063433135,11.745190926222405,11.2,-584.2634413019915
3,-28.62588462313399,-5.5104169063433135,11.842470286291164,11.2,-584.6723825108934
3,-28.62588462313399,-5.5104169063433135,11.924162718964507,11.2,-585.0813237197953
3,-28.62588462313399,-5.5104169063433135,11.986756094067658,11.2,-585.4902649286971
3,-28.62588462313399,-5.5104169063433135,11.939150853050322,11.2,-585.899206137599
3,-28.62588462313399,-5.5104169063433135,11.854663642292522,11.2,-586.3081473465008
3,-28.62588462313399,-5.5104169063433135,11.743670991187658,11.2,-586.7170885554027
3,-28.62588462313399,-5.5104169063433135,11.682759458210889,11.2,-587.1260297643046
3,-28.62588462313399,-5.5104169063433135,11.621723139153616,11.2,-587.5349709732064
3,-28.62588462313399,-5.5104169063433135,11.585361495680639,11.2,-587.9439121821083
3,-28.62588462313399,-5.5104169063433135,11.546938760167093,11.2,-588.3528533910102
3,-28.62588462313399,-5.5104169063433135,11.575552828979228,11.2,-588.761794599912
3,-28.62588462313399,-5.5104169063433135,11.480532469655982,11.2,-589.1707358088139
3,-28.62588462313399,-5.5104169063433135,11.325304431276475,11.2,-589.5796770177158
3,-28.750032637853103,-5.507896652066112,11.22910033576096,11.2,-589.9903917696851
3,-28.750032637853103,-5.507896652066112,11.140922387137227,11.2,-590.4011065216544
3,-28.998322531050583,-5.50255968612356,10.994127023083143,11.2,-590.8153682720979
3,-29.370766575207917,-5.494998923291956,10.89281997804668,11.2,-591.2349506517437
3,-29.99153497020466,-5.483879985342292,10.819722149171815,11.2,-591.663401151318
3,-30.860645417411153,-5.470388827788944,10.892745627700197,11.2,-592.1042675144239
3,-31.605633340160924,-5.461493419579255,11.33035174117301,11.2,-592.5557765621405
3,-32.84733652338289,-5.452597876102292,11.836182262531905,11.2,-593.0250242267603
3,-34.461589015607814,-5.450670494610769,12.575298886522674,11.2,-593.5173326412689
3,-35.7032886585335,-5.459566012725102,13.427443717151457,11.2,-594.0273796221051
3,-37.19315829654985,-5.4844725165834864,14.38548447993275,11.2,-594.5587104549129
3,-38.80690454036042,-5.524943296673202,15.37487076794768,11.2,-595.1130948054895
3,-39.79988569646245,-5.553405410757016,16.167536215721217,11.2,-595.6816646011532
3,-40.296376274513456,-5.5676364677989225,16.46099359137597,11.2,-596.2573271193605
3,-40.296376274513456,-5.5676364677989225,15.885121115685847,11.2,-596.8329896375678
3,-40.172257995852476,-5.563930507389881,15.580646609860766,11.2,-597.4068790375086
3,-39.67573673785059,-5.550885136190906,15.380272144833759,11.2,-597.9736752766207
3,-39.30329269369326,-5.543324373359301,15.260396174197636,11.2,-598.5351508865306
3,-39.17913901469391,-5.541100585769368,15.025781659613553,11.2,-599.0948528724548
3,-38.93081749574026,-5.537542459683708,14.972511902480765,11.2,-599.6510074081082
3,-38.558318223905815,-5.53353950506528,14.859881152839788,11.2,-600.2018405255925
3,-38.43414896769168,-5.532501694125455,14.82637998630732,11.2,-600.7508997965596
3,-38.0616348264009,-5.530277800858751,14.686214049815725,11.2,-601.2946374369367
3,-38.0616348264009,-5.530277800858751,14.603301478274494,11.2,-601.8383750773138
3,-37.937463445970636,-5.5295365031031825,14.634473773265254,11.2,-602.3803388408277
3,-37.937463445970636,-5.5295365031031825,14.758078456221552,11.2,-602.9223026043416
3,-37.8132941897565,-5.528498692163358,15.037328134046783,11.2,-603.462492521338
3,-37.8132941897565,-5.528498692163358,15.092197115589958,11.2,-604.0026824383345
3,-37.68912776581168,-5.5271643739572145,15.150903115248289,11.2,-604.5410985492747
3,-37.31662849397724,-5.523161419338786,15.276439107523949,11.2,-605.0741932420458
3,-37.06829257780298,-5.520789287938375,15.079783039964559,11.2,-605.6037402788716
3,-36.69578480916057,-5.517675855118901,14.918360037347359,11.2,-606.1279657761453
3,-35.45406392410393,-5.511745464620073,14.626260042047187,11.2,-606.6344524036325
3,-34.58485104367512,-5.512783285423201,14.312609288417425,11.2,-607.1285217042564
3,-33.59148849709755,-5.519899720204772,13.824885107919414,11.2,-607.6084001113578
3,-31.97737407787085,-5.541100312135919,13.347429704624487,11.2,-608.0652197410417
3,-30.860044069195066,-5.5637825575168165,12.840744390888915,11.2,-608.5060775134588
3,-29.618737385024566,-5.596396078500662,12.261867209337808,11.2,-608.9292023332448
3,-28.37760061609911,-5.634937572226243,11.737149858588259,11.2,-609.3345966277604
3,-26.888474362975018,-5.688299877063538,11.193071558158673,11.2,-609.7187176900886
3,-26.019933833590947,-5.7225391760172215,10.679817818981956,11.2,-610.0904310305685
3,-25.523559831129383,-5.740326560248139,10.28663974824577,11.2,-610.4550533138704
3,-25.1511802156343,-5.750555224853944,10.34321610341323,11.2,-610.8143558883795
3,-25.027032436892547,-5.753075474340711,10.668717701794632,11.2,-611.1718849231922
3,-25.151195084525373,-5.7514446595767765,11.070787356672557,11.2,-611.5311877101141
3,-25.02702582831124,-5.752482470516601,11.46609756333148,11.2,-611.8887166505185
3,-24.90285444788098,-5.75322376827217,11.526271487379956,11.2,-612.2444717140597
3,-24.53033605813777,-5.754558109304762,11.388156190004793,11.2,-612.5949050863188
3,-24.281989520872802,-5.755151150609118,11.270454906263142,11.2,-612.9417906509027
3,-23.909471131129592,-5.75648549164171,11.258750318934606,11.2,-613.2833545242046
3,-23.78529833454852,-5.756930271985908,11.232515594144008,11.2,-613.6231445004124
3,-23.661124829890028,-5.757078532382447,11.312591807637155,11.2,-613.9611605694108
3,-23.661124829890028,-5.757078532382447,11.394700647964623,11.2,-614.2991766384092
3,-23.536951325231534,-5.756930271985908,11.572474838569406,11.2,-614.6354188001983
3,-23.536951325231534,-5.756930271985908,11.5557412743368,11.2,-614.9716609619874
3,-23.412778528650463,-5.75648549164171,11.479399501433438,11.2,-615.3061292266824
3,-23.16443411561575,-5.75529941241471,11.386118178189326,11.2,-615.6370497140483
3,-23.040262735185493,-5.754558114659142,11.334287407300872,11.2,-615.966196324551
3,-23.040262735185493,-5.754558114659142,11.342190645596158,11.2,-616.2953429350537
3,-23.040262735185493,-5.754558114659142,11.456927089977938,11.2,-616.6244895455563
3,-23.040262735185493,-5.754558114659142,11.37836328131657,11.2,-616.953636156059
3,-22.91609347897136,-5.753520303719317,11.333666196457148,11.2,-617.2810089200443
3,-22.91609347897136,-5.753520303719317,11.286995098587298,11.2,-617.6083816840296
3,-22.91609347897136,-5.753520303719317,11.256771621934401,11.2,-617.9357544480149
3,-22.91609347897136,-5.753520303719317,11.21114022955446,11.2,-618.2631272120002
3,-22.91609347897136,-5.753520303719317,11.09358211938602,11.2,-618.5904999759855
3,-23.040262735185493,-5.754558114659142,11.055772857873459,11.2,-618.9196465864882
3,-23.16443411561575,-5.755299412414709,11.08258271456311,11.2,-619.2505670738541
3,-23.412778528650463,-5.756485491641709,11.056443174843286,11.2,-619.5850353385491
3,-23.412778528650463,-5.756485491641709,10.895441673655588,11.2,-619.9195036032442
3,-23.412778528650463,-5.756485491641709,10.747724136448205,11.2,-620.2539718679392
3,-23.412778528650463,-5.756485491641709,10.560510041417157,11.2,-620.5884401326342
3,-23.536951325231534,-5.756930271985906,10.404483374757724,11.2,-620.9246822944233
3,-23.90947183920702,-5.757375053175525,10.276395621891968,11.2,-621.2662461778406
3,-24.406164441686148,-5.75618897169405,10.173903469549042,11.2,-621.6149056698647
3,-25.15120334540484,-5.7544098494718385,10.106419375375985,11.2,-621.974208574799
3,-26.1445885503631,-5.756782012434788,10.399546567150256,11.2,-622.3477026969471
3,-27.137966202501957,-5.761526329342788,11.0539735766568,11.2,-622.7353879284113
3,-29.000501505447993,-5.7770934638504645,11.73830077393182,11.2,-623.1496808070606
3,-30.614618992747758,-5.798294096079262,12.586835823269363,11.2,-623.587032506957
3,-32.72522752393857,-5.836098413250496,13.580069976142122,11.2,-624.054535757299
3,-34.214966883123466,-5.868120208905809,14.67067128963161,11.2,-624.5433209984865
3,-35.45634790765124,-5.897769456108439,15.917300872964065,11.2,-625.0498402543101
3,-36.82174242644004,-5.93527463095193,16.375752279171024,11.2,-625.5758651461164
3,-37.06998771546555,-5.942390159472884,16.245490650467264,11.2,-626.1054363991944
3,-36.945860941030205,-5.938980598123476,15.687701823622547,11.2,-626.6332344126378
3,-36.69758473612465,-5.93305074868295,15.382109470123268,11.2,-627.1574856231538
3,-36.449283042406186,-5.928306706815816,15.005649140428,11.2,-627.6781896666167
3,-36.449283042406186,-5.928306706815816,14.675136356516074,11.2,-628.1988937100797
3,-36.449283042406186,-5.928306706815816,14.478193332018883,11.2,-628.7195977535426
3,-36.449283042406186,-5.928306706815816,14.402829913915214,11.2,-629.2403017970056
3,-36.449283042406186,-5.928306706815816,14.395775606993489,11.2,-629.7610058404686
3,-36.449283042406186,-5.928306706815816,14.438439331305831,11.2,-630.2817098839315
3,-36.449283042406186,-5.928306706815816,14.607262335211372,11.2,-630.8024139273945
3,-36.69759559271385,-5.932457806572811,14.599590709190222,11.2,-631.3266652930047
3,-36.573441913714504,-5.930234018982878,14.524114299241353,11.2,-631.8491430346292
3,-36.449288234715155,-5.928010231392945,14.513730212692264,11.2,-632.369847152268
3,-36.449288234715155,-5.928010231392945,14.570906498602152,11.2,-632.8905512699068
3,-36.449288234715155,-5.928010231392945,14.599242600967363,11.2,-633.4112553875457
3,-36.449288234715155,-5.928010231392945,14.664786217500714,11.2,-633.9319595051845
3,-36.449288234715155,-5.928010231392945,14.78348160645027,11.2,-634.4526636228234
3,-36.449288234715155,-5.928010231392945,14.897756695906663,11.2,-634.9733677404622
3,-36.449288234715155,-5.928010231392945,15.026770072445197,11.2,-635.494071858101
3,-36.325134555715806,-5.925786443803013,15.142453342118847,11.2,-636.0130023517542
3,-36.20098087671646,-5.92356265621308,15.279214225167935,11.2,-636.5301592214215
3,-35.95266832640879,-5.919411556456085,15.30390982790028,11.2,-637.0437687689416
3,-35.58019242046315,-5.913629631790364,15.130523564538992,11.2,-637.5520572320911
3,-34.58687519013012,-5.901769087510779,14.899413015635316,11.2,-638.0461554490929
3,-33.71767717927071,-5.896580013085068,14.576577789094658,11.2,-638.5278365516539
3,-33.34515666529522,-5.89613523189545,14.106083585239242,11.2,-639.0041959325866
3,-31.482596579808906,-5.907254634822268,13.625273761437308,11.2,-639.4539473122982
3,-30.365170985949888,-5.924600375849048,13.135618700730422,11.2,-639.8877354692403
3,-29.247898327075887,-5.9499506870022305,12.564963142915158,11.2,-640.3055625881985
3,-27.634363771454,-5.99812808074517,12.067363569784066,11.2,-640.700339213505
3,-26.51756898944164,-6.039483218429682,11.510897511021634,11.2,-641.0791616276399
3,-25.40109912478092,-6.0888377911400475,11.030081872257684,11.2,-641.4420344722796
3,-24.532925259252227,-6.131371542309736,10.594428459326963,11.2,-641.792504833126
3,-24.160850745454216,-6.149600292811031,10.271889017348032,11.2,-642.1376598437754
3,-23.5405283604404,-6.175538169502153,10.22130787637796,11.2,-642.4739531060674
3,-23.41642919656319,-6.179836862942657,10.50617902874427,11.2,-642.8084735231612
3,-23.29232012143908,-6.1838392012787375,10.88216022622929,11.2,-643.1412209534675
3,-23.1682018427781,-6.187545161687773,11.127081861617079,11.2,-643.4721952655071
3,-23.044075068342757,-6.190954723037181,11.069932165409346,11.2,-643.801396337912
3,-22.7957988634372,-6.196884572477707,11.101940876560512,11.2,-644.1270506073897
3,-22.7957988634372,-6.196884572477707,11.119291908563593,11.2,-644.4527048768674
3,-22.671650848718087,-6.1994048267549084,11.258121579307439,11.2,-644.7765856032777
3,-22.671650848718087,-6.1994048267549084,11.301510855405981,11.2,-645.100466329688
3,-22.54749716971874,-6.201628614344841,11.306631942360195,11.2,-645.4225734321125
3,-22.423338534403527,-6.203555922566748,11.281888730525509,11.2,-645.7429068397468
3,-22.299175650765083,-6.205186740430502,11.266890052081902,11.2,-646.0614664919005
3,-22.299175650765083,-6.205186740430502,11.298957326599586,11.2,-646.3800261440543
3,-22.17500922682027,-6.206521058636644,11.237586866216063,11.2,-646.6968119901518
3,-22.17500922682027,-6.206521058636644,11.189548234664214,11.2,-647.0135978362492
3,-22.17500922682027,-6.206521058636644,11.152295612463169,11.2,-647.3303836823467
3,-22.17500922682027,-6.206521058636644,11.144065546439114,11.2,-647.6471695284441
3,-22.17500922682027,-6.206521058636644,11.055840794428526,11.2,-647.9639553745416
3,-22.17500922682027,-6.206521058636644,10.994330735442182,11.2,-648.280741220639
3,-22.17500922682027,-6.206521058636644,10.940871477100305,11.2,-648.5975270667365
3,-22.17500922682027,-6.206521058636644,10.845589535473486,11.2,-648.9143129128339
3,-22.299175650765083,-6.205186740430502,10.802356188401369,11.2,-649.2328725649877
3,-22.423338534403527,-6.203555922566748,10.80835120017716,11.2,-649.553205972622
3,-22.54750141804197,-6.201925104702994,10.57659605207318,11.2,-649.8753131357369
3,-22.671664301680416,-6.20029428683924,10.391556547993575,11.2,-650.1991940543323
3,-22.795822936995627,-6.198366978617333,10.252928241161397,11.2,-650.524848667718
3,-23.04413548730329,-6.194215878860339,10.139647452999503,11.2,-650.8540506032508
3,-24.1615993159987,-6.179538545984929,10.048224451414042,11.2,-651.199216307765
3,-24.906621225931882,-6.174201219898751,10.38709969630478,11.2,-651.5550251824212
3,-26.02417639516151,-6.170198196800972,10.995839078901158,11.2,-651.9267991309235
3,-26.893390927770973,-6.169160374025194,11.672172299342181,11.2,-652.3109904298917
3,-29.37677841266169,-6.186951325711948,12.545426258458075,11.2,-652.7306586929298
3,-30.742466285785156,-6.211412942705099,13.53117914212573,11.2,-653.1698367827266
3,-32.35621252959572,-6.2518837227948145,14.64162397021228,11.2,-653.6320683902923
3,-34.09380400609136,-6.305841814010669,15.570513262953114,11.2,-654.1191227332364
3,-35.08655484150742,-6.341416683902199,16.31811649840282,11.2,-654.6203592309722
3,-35.582788681544436,-6.362759536560942,16.09787330874571,11.2,-655.1286847835657
3,-35.582788681544436,-6.362759536560942,15.537140620060889,11.2,-655.6370103361593
3,-35.330561010492886,-6.362759536560942,15.104259147089534,11.2,-656.1417326363091
3,-34.958404388939314,-6.346308012324153,14.738651292854842,11.2,-656.641138413294
3,-34.71023862547907,-6.3368216598698135,14.563463592214013,11.2,-657.1369989650866
3,-34.46203038647775,-6.328520628093235,14.5210979558885,11.2,-657.6293136848934
3,-34.58614866513873,-6.332226588502277,14.462513452075505,11.2,-658.1234015229668
3,-34.58614866513873,-6.332226588502277,14.390367667419165,11.2,-658.6174893610402
3,-34.46199498613938,-6.330002800912344,14.180556280366316,11.2,-659.1098035751279
3,-34.46199498613938,-6.330002800912344,14.070377878626868,11.2,-659.6021177892156
3,-34.46199498613938,-6.330002800912344,13.97896302192903,11.2,-660.0944320033034
3,-34.46199498613938,-6.330002800912344,13.896564559650722,11.2,-660.5867462173911
3,-34.46199498613938,-6.330002800912344,13.965198769748678,11.2,-661.0790604314789
3,-34.46199498613938,-6.330002800912344,14.161711747554612,11.2,-661.5713746455666
3,-34.58614866513873,-6.332226588502277,13.988371639584104,11.2,-662.06546248364
3,-34.46199498613938,-6.330002800912344,13.826607202573998,11.2,-662.5577766977277
3,-34.46199498613938,-6.330002800912344,13.819557233609691,11.2,-663.0500909118155
3,-34.46199498613938,-6.330002800912344,13.955509335143109,11.2,-663.5424051259032
3,-34.46199498613938,-6.330002800912344,13.912115815054777,11.2,-664.0347193399909
3,-34.46199498613938,-6.330002800912344,13.894178056395337,11.2,-664.5270335540787
3,-34.46199498613938,-6.330002800912344,14.01933126921683,11.2,-665.0193477681664
3,-34.46199498613938,-6.330002800912344,14.055588214216886,11.2,-665.5116619822542
3,-34.46199498613938,-6.330002800912344,14.10611867821587,11.2,-666.0039761963419
3,-34.33784130714003,-6.327779013322411,14.23244830960866,11.2,-666.4945167864439
3,-34.33784130714003,-6.327779013322411,14.294661117563392,11.2,-666.9850573765459
3,-34.33784130714003,-6.327779013322411,14.404586406785416,11.2,-667.4755979666479
3,-34.33784130714003,-6.327779013322411,14.504618952426057,11.2,-667.9661385567499
3,-34.33784130714003,-6.327779013322411,14.63972538773982,11.2,-668.4566791468519
3,-34.33784130714003,-6.327779013322411,14.768728395044825,11.2,-668.9472197369539
3,-34.21369329242092,-6.32525875904521,14.916551882925388,11.2,-669.4359867839885
3,-34.21369329242092,-6.32525875904521,14.989101343424993,11.2,-669.924753831023
3,-33.841268364900515,-6.316808639265714,15.029287848698536,11.2,-670.4082005219502
3,-33.22056015236651,-6.302725106299889,14.76509793858881,11.2,-670.8827799526983
3,-32.848116108209176,-6.295164343468284,14.412909817468453,11.2,-671.3520387542442
3,-31.23405691707949,-6.27010938420738,13.85670681043073,11.2,-671.7982395673453
3,-29.992357274153797,-6.261213866093048,13.254973487058988,11.2,-672.2267018141189
3,-28.750629308333004,-6.264179061342461,12.534579509857425,11.2,-672.6374250899522
3,-27.136521025241926,-6.2853795726785195,11.805178280812202,11.2,-673.025089676027
3,-25.770965553284814,-6.316363286310187,11.044819337872905,11.2,-673.3932463267882
3,-24.653903168623504,-6.349716866593761,10.375819010508883,11.2,-673.7454449434829
3,-23.53710838661114,-6.391072004278273,9.790777582449737,11.2,-674.0816893490058
3,-23.28896574783438,-6.4011509471987145,9.316304673698415,11.2,-674.4143888596892
3,-23.16488852935094,-6.406042275620663,9.576216517323772,11.2,-674.74531583868
3,-23.413076238204955,-6.397148558147775,9.914045339112405,11.2,-675.0797883563686
3,-23.78543036642539,-6.386030698053251,10.289019302266203,11.2,-675.4195802187461
3,-24.03370657133095,-6.380100848612725,10.704329859097141,11.2,-675.7629188840508
3,-24.28200826504941,-6.37535680674559,11.144459685024879,11.2,-676.1098047164087
3,-24.530329784003065,-6.37179868065993,11.372216343892315,11.2,-676.4602379990373
3,-24.778669712588204,-6.370019577037064,11.44917293679269,11.2,-676.8142189949314
3,-24.902843217246698,-6.369871316640523,11.544438905502982,11.2,-677.1699738980349
3,-24.902843217246698,-6.369871316640523,11.360038205316641,11.2,-677.5257288011384
3,-24.902843217246698,-6.369871316640523,11.261951773549475,11.2,-677.8814837042419
3,-24.902843217246698,-6.369871316640523,11.214979752212653,11.2,-678.2372386073454
3,-24.902843217246698,-6.369871316640523,11.104779597326447,11.2,-678.5929935104489
3,-25.02701672190519,-6.369723056243984,11.055655356633707,11.2,-678.9505223207618
3,-25.02701672190519,-6.369723056243984,11.013189611360827,11.2,-679.3080511310748
3,-25.02701672190519,-6.369723056243984,10.935311096676061,11.2,-679.6655799413877
3,-25.02701672190519,-6.369723056243984,10.898186460853774,11.2,-680.0231087517006
3,-25.27536089891652,-6.368536978144219,10.898405923361326,11.2,-680.3841853359709
3,-25.647859462713914,-6.364534031134498,10.864677070417452,11.2,-680.7505833282953
3,-25.896171777028478,-6.360382935322658,10.69661946675423,11.2,-681.1205286393957
3,-26.392796405657602,-6.352080743698979,10.579569430742382,11.2,-681.497568588048
3,-27.261936591126705,-6.340665018652703,10.621192163570534,11.2,-681.8870248250641
3,-28.00692522190424,-6.331769601988925,11.096675751816406,11.2,-682.2871237568056
3,-29.12442303740756,-6.31976073813364,11.609690342247012,11.2,-682.7031869430543
3,-29.745269318478236,-6.314571683434516,12.23996748937633,11.2,-683.1281193618897
3,-32.352893090166994,-6.30523131396038,13.16224188749577,11.2,-683.5903035488922
3,-33.59462459636482,-6.308196517664067,14.196638990156947,11.2,-684.0702267574117
3,-34.83632777958678,-6.317092061141031,15.292270238771724,11.2,-684.5678885828344
3,-35.82967144428382,-6.326580586742675,15.771580249637536,11.2,-685.0797410320384
3,-36.574633877130545,-6.337254934565279,15.771530901892822,11.2,-685.6022358017117
3,-36.574633877130545,-6.337254934565279,15.34183500302278,11.2,-686.1247305713849
3,-36.450480198131196,-6.335031146975346,15.02271516600171,11.2,-686.6454517170725
3,-36.450480198131196,-6.335031146975346,14.865977523093113,11.2,-687.1661728627602
3,-35.953837160223884,-6.327914894804025,14.785754953146297,11.2,-687.6797991079062
3,-35.82967073627907,-6.326580576597882,14.503448756702387,11.2,-688.1916515469959
3,-35.70550148006493,-6.325542765658057,14.318500814310548,11.2,-688.7017301395682
3,-35.70550148006493,-6.325542765658057,14.313319974664067,11.2,-689.2118087321405
3,-35.82967073627907,-6.326580576597882,14.303920179120494,11.2,-689.7236611712302
3,-35.82967073627907,-6.326580576597882,14.403849099245686,11.2,-690.2355136103199
3,-35.705504312334256,-6.32524625839174,14.545460830880673,11.2,-690.7455922433533
3,-35.705504312334256,-6.32524625839174,14.563113857438852,11.2,-691.2556708763866
3,-35.705504312334256,-6.32524625839174,14.464101513500973,11.2,-691.76574950942
3,-35.58134142869581,-6.323615440527986,14.476303002267258,11.2,-692.2740543869727
3,-35.58134142869581,-6.323615440527986,14.50521533706187,11.2,-692.7823592645254
3,-35.457182793380596,-6.321688132306079,14.644931716161343,11.2,-693.288890447288
3,-35.457182793380596,-6.321688132306079,14.824383761601641,11.2,-693.7954216300507
3,-35.457182793380596,-6.321688132306079,14.931942901952755,11.2,-694.3019528128133
3,-35.33302911438125,-6.319464344716146,15.020652925114687,11.2,-694.8067103715902
3,-34.9605680773832,-6.312792981946348,15.10805484565469,11.2,-695.3061470584099
3,-34.456112735280094,-6.312792981946348,14.956447998957714,11.2,-695.7983772403425
3,-33.835299497115976,-6.304638908126676,14.726905677133932,11.2,-696.2817386617298
3,-33.0902775871828,-6.299301582040497,14.353435675455618,11.2,-696.7544569129753
3,-31.848546080984974,-6.299301582040497,13.908252587136426,11.2,-697.2094361427037
3,-30.731024899217353,-6.3086418627451035,13.478556135580208,11.2,-697.6484507841211
3,-29.613599305358335,-6.325987603771884,12.928600250180711,11.2,-698.0715022027691
3,-29.11701999090651,-6.336661525512617,12.376806081421352,11.2,-698.4874596312106
3,-26.882990792486893,-6.406035686756939,11.804227700698487,11.2,-698.8715023568176
3,-25.7664062547108,-6.4527240422890415,11.267190847106203,11.2,-699.239593874742
3,-24.774150926533533,-6.500149312882915,10.797996940581413,11.2,-699.5935103165497
3,-24.278023262444897,-6.523861948179851,10.394811824548412,11.2,-699.9403392202989
3,-23.905828416519533,-6.539424733357219,10.24481544320536,11.2,-700.2818510548207
3,-23.78173987154273,-6.544019757389604,10.534757486442592,11.2,-700.6215901958427
3,-23.657640707665518,-6.5483184508301076,10.89170966297291,11.2,-700.9595564916665
3,-23.533531632541408,-6.552320789166188,11.228456187707652,11.2,-701.2957498007028
3,-23.65765817103977,-6.548911234297587,11.227503033011699,11.2,-701.6337163460033
3,-23.65765817103977,-6.548911234297587,11.220712002886273,11.2,-701.9716828913039
3,-23.53350449204042,-6.55113502188752,11.29761828874092,11.2,-702.3078758126187
3,-23.40934585672521,-6.553062330109427,11.479842442182438,11.2,-702.6422950391434
3,-23.40934585672521,-6.553062330109427,11.582541619212002,11.2,-702.9767142656681
3,-23.40934585672521,-6.553062330109427,11.60682697448288,11.2,-703.3111334921928
3,-23.285182973086766,-6.554693147973181,11.589723397073744,11.2,-703.6437789632369
3,-23.285182973086766,-6.554693147973181,11.594468606094061,11.2,-703.976424434281
3,-23.16101654914195,-6.556027466179323,11.626813773101325,11.2,-704.3072960992687
3,-23.16101654914195,-6.556027466179323,11.670817659440479,11.2,-704.6381677642564
3,-23.16101654914195,-6.556027466179323,11.707999165767767,11.2,-704.9690394292442
3,-23.16101654914195,-6.556027466179323,11.68412671952773,11.2,-705.2999110942319
3,-23.036847292927817,-6.557065277119148,11.649428153808087,11.2,-705.6290089127023
3,-23.036847292927817,-6.557065277119148,11.621917278191077,11.2,-705.9581067311726
3,-23.036847292927817,-6.557065277119148,11.623614774422892,11.2,-706.287204549643
3,-23.036847292927817,-6.557065277119148,11.615274245741684,11.2,-706.6163023681133
3,-22.91267591249756,-6.557806574874716,11.483533230546886,11.2,-706.9436263097205
3,-22.91267591249756,-6.557806574874716,11.34223010630749,11.2,-707.2709502513276
3,-22.91267591249756,-6.557806574874716,11.30876108391937,11.2,-707.5982741929347
3,-22.91267591249756,-6.557806574874716,11.26578039092471,11.2,-707.9255981345418
3,-22.91267591249756,-6.557806574874716,11.16457065565217,11.2,-708.2529220761489
3,-22.91267591249756,-6.557806574874716,11.106028672989199,11.2,-708.580246017756
3,-22.91267591249756,-6.557806574874716,10.980014448282368,11.2,-708.9075699593632
3,-22.91267591249756,-6.557806574874716,10.875910209859695,11.2,-709.2348939009703
3,-23.03684870907863,-6.557361794530518,10.77197588877751,11.2,-709.5639917396715
3,-23.1610215056597,-6.55691701418632,10.636398320265531,11.2,-709.8948634754665
3,-23.28519288608996,-6.556175716430753,10.512144758449077,11.2,-710.227509088125
3,-23.533528566248908,-6.553803587284785,10.411830105373562,11.2,-710.5637023533571
3,-23.906003764201913,-6.548021673609192,10.341326358903371,11.2,-710.9052166928458
3,-24.77507951719735,-6.532455160479663,10.327675768215475,11.2,-711.2591464002343
3,-25.89254334589276,-6.517777827604253,10.571295304087473,11.2,-711.6290398766042
3,-26.885887010589798,-6.508289302002611,11.297570848378845,11.2,-712.0131239767555
3,-28.251748828945285,-6.496873381664538,12.076816534950208,11.2,-712.4167203885976
3,-29.865992116181182,-6.491091248180549,12.932545039156134,11.2,-712.8433774188287
3,-31.852739867717016,-6.500579845925069,13.981902144981245,11.2,-713.2984165597961
3,-33.342715713216556,-6.518370662344447,14.93692826796746,11.2,-713.7747410699849
3,-34.584277284789366,-6.539126141403645,15.8596756103201,11.2,-714.2688021740533
3,-35.701609417261366,-6.561808429898459,16.655161735345796,11.2,-714.7788251657286
3,-35.825751059768166,-6.564625136491625,16.213721056226287,11.2,-715.2906216094395
3,-35.45332613224777,-6.55617501671213,15.741460328873439,11.2,-715.7970976970431
3,-35.20502443852931,-6.551430974844996,15.489129716220049,11.2,-716.3000266175935
3,-34.708381400621995,-6.544314722673675,15.250465740745323,11.2,-716.7958606376025
3,-34.33587434003279,-6.541201295772139,14.894324489773158,11.2,-717.2863731281743
3,-33.963355950289575,-6.539866954739547,14.605742600381994,11.2,-717.7715639274642
3,-33.83918244563108,-6.539718694343007,14.375967110037275,11.2,-718.2549808195446
3,-33.34248984315195,-6.540904775824481,14.23054469594341,11.2,-718.7313021030182
3,-33.46666263973302,-6.540459995480283,14.197950799041683,11.2,-719.2093972835858
3,-33.34248913507453,-6.540608255876823,14.332629348701925,11.2,-719.6857185569439
3,-33.34248913507453,-6.540608255876823,14.447488638943327,11.2,-720.1620398303021
3,-33.34248913507453,-6.540608255876823,14.53536262600202,11.2,-720.6383611036603
3,-33.218315630416036,-6.540459995480283,14.476267595830407,11.2,-721.1129084698091
3,-33.218315630416036,-6.540459995480283,14.452942913083005,11.2,-721.5874558359579
3,-33.094142833834965,-6.540015215136085,14.559283946303927,11.2,-722.0602293050127
3,-32.96997145340471,-6.539273917380518,14.683341509267034,11.2,-722.5312288972042
3,-32.84580219719057,-6.538236106440693,14.803920302523393,11.2,-723.0004546428784
3,-32.72163577324576,-6.53690178823455,14.804441184550107,11.2,-723.4679065824962
3,-32.4733142542921,-6.533343662148889,14.771092961727861,11.2,-723.9318110718432
3,-32.22500170398443,-6.529192562391894,14.787403104778653,11.2,-724.3921682390429
3,-31.480064053061437,-6.51673926312091,14.531655830456058,11.2,-724.8418834398009
3,-30.73512640213844,-6.504285963849926,14.23248088087174,11.2,-725.2809566741172
3,-29.865987868708675,-6.492870260502386,13.869593660722295,11.2,-725.7076136436701
3,-29.245155748984608,-6.486198669471672,13.340137756051735,11.2,-726.1254015829413
3,-27.382595663498293,-6.475079266544854,12.754747939159335,11.2,-726.5165815209913
3,-26.265042618488824,-6.479082282033769,12.190238908736761,11.2,-726.8917964155411
3,-25.02336421769408,-6.490942927763606,11.563451776711657,11.2,-727.2492730472225
3,-23.65762182519973,-6.512143277907447,10.983792093931228,11.2,-727.5872390732967
3,-22.54034916632573,-6.53749358906063,10.460337557002804,11.2,-727.9092440613871
3,-21.795564447989463,-6.557061720248239,9.966940326868693,11.2,-728.2206092677869
3,-21.547288243083905,-6.562991569688765,9.572338918970807,11.2,-728.5284276712596
3,-21.423140228364794,-6.565511823965966,9.750838414889277,11.2,-728.8344725316648
3,-21.423140228364794,-6.565511823965966,10.083790435965737,11.2,-729.14051739207
3,-21.547303112003238,-6.563881006102212,10.487270441620502,11.2,-729.4483360079557
3,-21.671469535948052,-6.56254668789607,10.58442014695788,11.2,-729.7579284298979
3,-21.91981300489003,-6.561360613178005,10.594582023371183,11.2,-730.0710686156821
3,-21.91981300489003,-6.561360613178005,10.692136433025206,11.2,-730.3842088014662
3,-22.168159306129596,-6.561953653918742,10.847571556675781,11.2,-730.7008967915538
3,-22.292330686559854,-6.56269495167431,10.884884971591031,11.2,-731.0193586585046
3,-22.41649994277399,-6.563732762614134,10.967999192583925,11.2,-731.3395943719728
3,-22.540669198988123,-6.564770573553959,11.128017401045367,11.2,-731.6616039319583
3,-22.540669198988123,-6.564770573553959,11.218719985311447,11.2,-731.9836134919439
3,-22.540669198988123,-6.564770573553959,11.03971607556156,11.2,-732.3056230519294
3,-22.540669198988123,-6.564770573553959,10.858763151243277,11.2,-732.6276326119149
3,-22.540669198988123,-6.564770573553959,10.749893385497282,11.2,-732.9496421719005
3,-22.66484057941838,-6.565511871309527,10.663245712492087,11.2,-733.2734256087493
3,-22.913186880657946,-6.566104912050264,10.60265787029043,11.2,-733.6007568499016
3,-23.16153318189751,-6.565511871309527,10.601764438813104,11.2,-733.9316358953573
3,-23.534047323188286,-6.5632879780428235,10.663538802851784,11.2,-734.2678365714029
3,-24.5274240312336,-6.558543665643762,10.77406970890747,11.2,-734.6182283432777
3,-25.396638563843062,-6.557505842867983,11.052176226668294,11.2,-734.9810374656183
3,-26.265853096452524,-6.558543665643762,11.628265586756395,11.2,-735.3562639384248
3,-27.25922980449784,-6.5632879780428235,12.266124187164296,11.2,-735.7456815070606
3,-28.87339024761987,-6.580634081751615,13.00373694287774,11.2,-736.158158510598
3,-29.49418342419594,-6.59027062286115,13.847088982345158,11.2,-736.5795039880866
3,-30.983993586506696,-6.618734874063955,14.629229488950838,11.2,-737.0221324678938
3,-31.852985084054303,-6.638451820216111,15.259641423388675,11.2,-737.4771751119517
3,-32.22536469954939,-6.648680484821922,15.078936426832037,11.2,-737.9375374648024
3,-32.22536469954939,-6.648680484821922,14.475759456385811,11.2,-738.3978998176531
3,-31.852985084054307,-6.638451820216112,14.047512112056516,11.2,-738.852942461711
3,-31.728843441547507,-6.635635113622946,13.806100467069887,11.2,-739.3062116537332
3,-31.977119646453065,-6.641564963063472,13.746784721923019,11.2,-739.7630276486825
3,-32.22538121923182,-6.648087673459342,13.856574481208053,11.2,-740.2233902375286
3,-32.34951578163057,-6.651200816306703,14.124870863866867,11.2,-740.6855261772662
3,-32.34951578163057,-6.651200816306703,14.251591325415399,11.2,-741.1476621170037
3,-32.47366356037233,-6.65372106579347,14.3565615677388,11.2,-741.6115715964377
3,-32.34950492505712,-6.651793757571563,14.41220235405662,11.2,-742.0737073810814
3,-32.22534628974191,-6.649866449349656,14.26008723338773,11.2,-742.5340694709348
3,-32.101187654426695,-6.6479391411277495,14.176384358170198,11.2,-742.992657865998
3,-31.852858346843437,-6.644974005057853,13.92020260214162,11.2,-743.4476986995244
3,-31.852858346843437,-6.644974005057853,13.79765064983139,11.2,-743.9027395330507
3,-31.480344913617973,-6.642750116018263,13.731174860503456,11.2,-744.3524587461025
3,-31.10782439964249,-6.642305334828644,13.63441356678038,11.2,-744.796856237526
3,-30.859478098402924,-6.642898375569382,13.540515452604534,11.2,-745.237705924646
3,-30.735306717972666,-6.64363967332495,13.358343691692072,11.2,-745.6767817349028
3,-30.611135337542407,-6.644380971080517,13.314359308964926,11.2,-746.1140836682962
3,-30.486962540961336,-6.644825751424715,13.286173051744479,11.2,-746.5496117045957
3,-30.486962540961336,-6.644825751424715,13.324147859803297,11.2,-746.9851397408952
3,-30.486962540961336,-6.644825751424715,13.49433882694583,11.2,-747.4206677771947
3,-30.362789036302843,-6.644974011821255,13.786673696358157,11.2,-747.8544219062848
3,-30.362789036302843,-6.644974011821255,13.719048294881471,11.2,-748.2881760353748
3,-30.23861553164435,-6.644825751424715,13.749663536110596,11.2,-748.7201562572554
3,-30.23861553164435,-6.644825751424715,13.851932206683365,11.2,-749.1521364791361
3,-30.23861553164435,-6.644825751424715,13.999425023105369,11.2,-749.5841167010167
3,-30.114442735063278,-6.644380971080517,14.229593584155067,11.2,-750.0143230258033
3,-29.99027135463302,-6.64363967332495,14.22495170946953,11.2,-750.4427554737266
3,-29.866102098418885,-6.642601862385125,14.19334388110183,11.2,-750.8694140751326
3,-29.24525581734821,-6.637412807686001,14.227550169441251,11.2,-751.2872034439519
3,-28.624409536277533,-6.632223752986877,13.899809143988614,11.2,-751.6961235801843
3,-27.75521152541812,-6.6270346785611665,13.627929126676392,11.2,-752.092626601976
3,-27.01017049746715,-6.6270346785611665,13.095417640012899,11.2,-752.4784861805113
3,-25.644287908973784,-6.635188938372997,12.554067361725222,11.2,-752.8448331506395
3,-24.650970678640757,-6.647049482652583,11.959675133681818,11.2,-753.19698987462
3,-23.906033735697072,-6.6595027700881015,11.394039394289544,11.2,-753.5385046422729
3,-22.416380753517036,-6.695081765289509,10.75859086238275,11.2,-753.8587386530374
3,-21.423399597415013,-6.723543879373321,10.23048992579985,11.2,-754.1647872187148
3,-21.051019274108977,-6.733772563421546,9.803606764377367,11.2,-754.4655160654878
3,-20.926884711710223,-6.736885706268907,9.758999606749931,11.2,-754.7644715613694
3,-20.802743069203423,-6.739702412862073,9.932180776913981,11.2,-755.0616536052152
3,-20.802743069203423,-6.739702412862073,10.15425517812487,11.2,-755.3588356490609
3,-20.926891083922534,-6.737182158584871,10.096421713884897,11.2,-755.6577912359741
3,-20.926891083922534,-6.737182158584871,9.876468492013476,11.2,-755.9567468228872
3,-21.29936628187554,-6.731400244909278,9.813194013313026,11.2,-756.2610234840569
3,-21.547701962034488,-6.72902811576331,9.805961388802677,11.2,-756.5688477978002
3,-22.044390316057143,-6.726655959563779,9.942783803899376,11.2,-756.8837676594582
3,-22.416910830032627,-6.72621117837416,10.209607524621601,11.2,-757.2040092427443
3,-23.161952566061828,-6.726211178374161,10.493476394028178,11.2,-757.5348942794024
3,-23.90699146978052,-6.727990300596373,10.808489895964406,11.2,-757.8764227289706
3,-24.652013379713704,-6.733327626682551,11.16267187679164,11.2,-758.2285943486809
3,-25.27284549943777,-6.739999217713265,11.563794456842968,11.2,-758.5896349986729
3,-26.762774613159714,-6.761347974227228,12.013822078255775,11.2,-758.9719603502895
3,-27.50771226408271,-6.773801273498212,12.533364849764032,11.2,-759.3649276683478
3,-28.376788017078148,-6.789367786627741,12.96687910169391,11.2,-759.770310354306
3,-29.370037274336394,-6.8059721698750995,13.387722066558743,11.2,-760.189882315368
3,-29.990830450912462,-6.815608710984634,13.737672332105825,11.2,-760.618322750381
3,-30.611598845909207,-6.826727648934297,13.823911541865556,11.2,-761.0556313053225
3,-30.984059882907253,-6.8333990117040955,13.86150693282959,11.2,-761.4982607322212
3,-31.108218518222465,-6.835326319926002,13.68208640076171,11.2,-761.9426638539101
3,-31.356547825805723,-6.838291455995899,13.421095707083287,11.2,-762.3906145371359
3,-31.480717082019858,-6.8393292669357235,13.280764181466193,11.2,-762.840339066879
3,-31.729061259031187,-6.840515345035489,13.247970319500679,11.2,-763.2936113705795
3,-31.977408268348178,-6.840515345035489,13.287507581002492,11.2,-763.7504314886987
3,-32.225752445359504,-6.8393292669357235,13.393804878549007,11.2,-764.2107993807753
3,-32.34992170157364,-6.838291455995899,13.228176956485598,11.2,-764.6729411193692
3,-32.474088125518456,-6.8369571377897564,13.06643916157681,11.2,-765.1368566640194
3,-32.5982510091569,-6.835326319926002,12.944143114012252,11.2,-765.6025459641503
3,-32.84656332347146,-6.831175224114163,12.89049575458977,11.2,-766.071782583057
3,-32.97071133819057,-6.828654969836961,12.84381616046126,11.2,-766.5427927450312
3,-33.591419550724574,-6.814571436871136,12.720559070780384,11.2,-767.0226701671844
3,-34.0879988651764,-6.803897515130402,12.666326540876836,11.2,-767.5096415795441
3,-34.832935808120084,-6.791444227694884,12.732547082795707,11.2,-768.0072549482315
3,-35.4537502263123,-6.783290138376116,13.136240038381198,11.2,-768.5137370943218
3,-36.19875726678915,-6.776173750938214,13.662969551660973,11.2,-769.030862198133
3,-37.31629969066148,-6.769502071138103,14.302996120165743,11.2,-769.5639521937139
3,-38.30968489561974,-6.7671299081751535,15.081288144313673,11.2,-770.1112334065085
3,-39.05471530244568,-6.770688132329348,15.763818682264755,11.2,-770.6691579108292
3,-39.17888172639049,-6.772022450535491,15.76214072656901,11.2,-771.2288562212062
3,-39.17888172639049,-6.772022450535491,15.170585736295052,11.2,-771.7885545315833
3,-39.05471530244568,-6.770688132329349,14.760730307873786,11.2,-772.3464790359039
3,-38.930548878500865,-6.769353814123207,14.796950536271996,11.2,-772.9026297341683
3,-38.930548878500865,-6.769353814123207,15.044869995162196,11.2,-773.4587804324326
3,-38.930548878500865,-6.769353814123207,15.412699241117489,11.2,-774.0149311306969
3,-38.80638245455605,-6.7680194959170645,15.307119649518866,11.2,-774.5693080229049
3,-38.55804653838179,-6.765647364516654,15.4260738604133,11.2,-775.1201372591676
3,-38.309710622207525,-6.763275233116243,15.40788196849142,11.2,-775.6674188394849
3,-37.93720285356512,-6.7601618002967685,15.338904355168356,11.2,-776.20937888025
3,-37.56468871227434,-6.7579379070300645,15.217610041738137,11.2,-776.7460172904254
3,-37.06799610979521,-6.75675182554859,15.067923713338132,11.2,-777.2755600919938
3,-36.819649808555646,-6.757344866289327,14.907858202976843,11.2,-777.801555089259
3,-35.702128626788024,-6.766685146993933,14.658802128604462,11.2,-778.311585498213
3,-35.081314208595806,-6.774839236312701,14.442678756423847,11.2,-778.8127471297644
3,-34.336377265652125,-6.78729252374822,14.104749175402226,11.2,-779.303266804988
3,-33.59150829397439,-6.803303406359319,13.803354766510232,11.2,-779.7831454949019
3,-32.3502016098039,-6.835916927343165,13.463659943456578,11.2,-780.2452912321847
3,-31.481373659177027,-6.861858650206414,13.085535442336056,11.2,-780.6950251416016
3,-30.61261013330826,-6.889875018558979,12.730705867634525,11.2,-781.132348143506
3,-30.116193183517233,-6.906477097890551,12.338447481392336,11.2,-781.5625794746991
3,-28.751102380867906,-6.95376272573609,11.970491490538109,11.2,-781.9733095087115
3,-27.882408233727425,-6.983853579819615,11.687575188425003,11.2,-782.3716296263361
3,-27.634180879942335,-6.991561878564731,11.405768981849732,11.2,-782.7664036389067
3,-27.26175807610672,-7.000011950158973,11.246152225478816,11.2,-783.1558573257082
3,-27.013436557153064,-7.003570076244634,11.402060559166868,11.2,-783.541763562239
3,-26.88927013320825,-7.004904394450776,11.589341651113228,11.2,-783.9258959927134
3,-26.765100876994115,-7.005942205390601,11.900544710941844,11.2,-784.3082545766705
3,-26.765100876994115,-7.005942205390601,12.31409399419771,11.2,-784.6906131606275
3,-26.516756699982786,-7.007128283490366,12.352711604378754,11.2,-785.0694239706273
3,-26.392583195324292,-7.007276543886906,12.389258545094966,11.2,-785.4464608734177
3,-26.020062681348808,-7.006831762697288,12.423222788971122,11.2,-785.8181760545798
3,-25.77171614408384,-7.006238721392931,12.43087079710902,11.2,-786.1863434280667
3,-25.39919775434063,-7.004904380360339,12.242389314629591,11.2,-786.5491891102716
3,-24.9025089282712,-7.002532221906339,12.044427416807686,11.2,-786.9049392378183
3,-24.281644945365848,-7.000308320185351,11.891398636545578,11.2,-787.2518198798949
3,-23.784951870835908,-6.999122237576637,11.652983134880103,11.2,-787.5916049066211
3,-23.03991084288494,-6.999122237576637,11.430243605848506,11.2,-787.9207464900909
3,-22.419046859979588,-7.001346139297626,11.141899992103372,11.2,-788.2410185880906
3,-21.798189957828296,-7.0050526280754655,10.905981841561834,11.2,-788.5524213017738
3,-21.42568218918589,-7.00816606089494,10.702114028085155,11.2,-788.8585024759051
3,-21.3015110447774,-7.00890735724147,10.51201575942161,11.2,-789.1628097765448
3,-21.425684549435893,-7.00875909684493,10.418941070759118,11.2,-789.4688909843939
3,-21.425684549435893,-7.00875909684493,10.489468711192625,11.2,-789.7749721922429
3,-21.549858054094386,-7.008907357241469,10.644129116283432,11.2,-790.0828273073014
3,-21.425685257513315,-7.008462576897271,10.864621828962155,11.2,-790.3889085252658
3,-21.425685257513315,-7.008462576897271,11.075298271815392,11.2,-790.6949897432303
3,-21.549856637943574,-7.0092038746528385,10.897809213275625,11.2,-791.0028448380581
3,-21.549856637943574,-7.0092038746528385,10.801212903489882,11.2,-791.3106999328859
3,-21.549856637943574,-7.0092038746528385,10.774270615540129,11.2,-791.6185550277137
3,-21.549856637943574,-7.0092038746528385,10.712097067198455,11.2,-791.9264101225415
3,-21.549856637943574,-7.0092038746528385,10.524137538572285,11.2,-792.2342652173693
3,-21.922374319613397,-7.010538213149143,10.39911291270655,11.2,-792.5474419933638
3,-22.04654782427189,-7.010389952752604,10.325431297789054,11.2,-792.8623926765677
3,-22.17072062085296,-7.009945172408406,10.191508242248265,11.2,-793.1791172568655
3,-22.66740944692239,-7.007573013954407,10.070252291363715,11.2,-793.5029373918215
3,-23.412448350641085,-7.005793891732195,10.026066708191632,11.2,-793.8374009396879
3,-24.281662883250547,-7.006831714507974,10.352284870954042,11.2,-794.1842818380201
3,-25.27503959129586,-7.0115760269070355,10.855848353892819,11.2,-794.5453538321815
3,-25.771721336624694,-7.015134247679509,11.40727639888442,11.2,-794.9135212798476
3,-28.25507813821418,-7.038855539139184,12.136506241068384,11.2,-795.3171652532507
3,-29.62082053070853,-7.060055889283025,12.962511766715473,11.2,-795.7403198322608
3,-30.986448692618755,-7.087778686332243,13.881038731032382,11.2,-796.1829833850124
3,-32.227829717146534,-7.117427933534873,14.9185177901729,11.2,-796.6433809524002
3,-33.717399153819066,-7.156564195910092,15.618511422688208,11.2,-797.125058083169
3,-34.33803302599579,-7.1736120026571335,15.988493848364486,11.2,-797.6156014121118
3,-34.33803302599579,-7.1736120026571335,15.336672440617788,11.2,-798.1061447410545
3,-34.213906251560445,-7.170202441307725,14.822140295987756,11.2,-798.5949148303625
3,-33.71732835293643,-7.159528550000065,14.41009415492644,11.2,-799.0765909496902
3,-33.71732835293643,-7.159528550000065,14.163148506872506,11.2,-799.5582670690178
3,-33.71732835293643,-7.159528550000065,14.091405809861165,11.2,-800.0399431883454
3,-33.84148698825164,-7.161455858221972,14.152942769843017,11.2,-800.5233930024633
3,-33.84148698825164,-7.161455858221972,14.093290439627708,11.2,-801.0068428165812
3,-33.96564987189008,-7.163086676085726,14.16127511609611,11.2,-801.4920663861797
3,-34.08981629583489,-7.164420994291868,14.207265074054776,11.2,-801.9790637618345
3,-34.08981629583489,-7.164420994291868,14.111259386220395,11.2,-802.4660611374893
3,-34.08981629583489,-7.164420994291868,13.968398117930848,11.2,-802.9530585131441
3,-34.08981629583489,-7.164420994291868,13.913086849786104,11.2,-803.440055888799
3,-34.08981629583489,-7.164420994291868,13.999553397340442,11.2,-803.9270532644538
3,-34.08981629583489,-7.164420994291868,13.882635034381972,11.2,-804.4140506401086
3,-34.08981629583489,-7.164420994291868,13.910439601974607,11.2,-804.9010480157634
3,-34.08981629583489,-7.164420994291868,13.936864940815184,11.2,-805.3880453914182
3,-34.08981629583489,-7.164420994291868,13.964921062004,11.2,-805.8750427670731
3,-34.08981629583489,-7.164420994291868,13.994598129359128,11.2,-806.3620401427279
3,-34.08981629583489,-7.164420994291868,13.995742033389936,11.2,-806.8490375183827
3,-33.965647039620755,-7.163383183352043,14.019132927013965,11.2,-807.3342610475202
3,-33.84147778340662,-7.162345372412219,14.13745782642645,11.2,-807.8177107301402
3,-33.84147778340662,-7.162345372412219,14.196670429649817,11.2,-808.3011604127603
3,-33.84147778340662,-7.162345372412219,14.285265808634714,11.2,-808.7846100953803
3,-33.84147778340662,-7.162345372412219,14.400504207073741,11.2,-809.2680597780004
3,-33.84147778340662,-7.162345372412219,14.521888566770121,11.2,-809.7515094606205
3,-33.84147778340662,-7.162345372412219,14.662717718643343,11.2,-810.2349591432405
3,-33.7173113594618,-7.161011054206076,14.803117936315358,11.2,-810.7166350198042
3,-33.7173113594618,-7.161011054206076,14.896756189494907,11.2,-811.198310896368
3,-33.468989840508144,-7.157452928120415,14.92937641441016,11.2,-811.6764393226609
3,-33.22067729020048,-7.15330182836342,14.913660201403143,11.2,-812.1510204268067
3,-32.47573963927748,-7.140848529092437,14.7012201313719,11.2,-812.6149595645106
3,-31.606629192070987,-7.127357371539088,14.41625647945425,11.2,-813.0664828386831
3,-31.358307437115478,-7.123799242071827,13.9151442426483,11.2,-813.5144586592133
3,-29.24744211836583,-7.106156556699572,13.411224705816394,11.2,-813.9322792609042
3,-28.12988270067165,-7.1074908977321645,12.764077405424294,11.2,-814.3341347280567
3,-26.764023478511223,-7.118906796371127,12.13342771449518,11.2,-814.7164779206068
3,-25.52241588374294,-7.136697426799429,11.42342056637504,11.2,-815.0810838618032
3,-23.908494760100147,-7.169460670127393,10.816253862148582,11.2,-815.4226337869475
3,-22.66727303355217,-7.205038177482106,10.244511527876893,11.2,-815.7464519731411
3,-21.67452219813611,-7.240613047373659,9.744750829075874,11.2,-816.0560880045431
3,-21.426356198822045,-7.250099408843713,9.304772895790617,11.2,-816.3621788073834
3,-21.17814866750249,-7.258400416952716,9.143082438622217,11.2,-816.6647237883477
3,-21.17814866750249,-7.258400416952716,9.36822174216072,11.2,-816.967268769312
3,-21.30226694616347,-7.25469445654368,9.663744902703867,11.2,-817.271586868543
3,-21.42638522482445,-7.250988496134644,9.946739741950418,11.2,-817.5776780860405
3,-21.798765548130486,-7.240759812086419,9.982885221773154,11.2,-817.8890890224424
3,-22.171189767755152,-7.232309708368692,10.061848887434133,11.2,-818.2058203048389
3,-22.543664965708157,-7.226527794693098,10.225814359013274,11.2,-818.5278726614919
3,-22.66783138965297,-7.225193476486956,10.53513226890561,11.2,-818.8516988242012
3,-23.288691832195422,-7.222969587447365,10.86070199610596,11.2,-819.184394421804
3,-23.909555815100774,-7.225193489168354,11.04855388748587,11.2,-819.5259595048768
3,-24.40623708838956,-7.228751706559139,11.30409199394409,11.2,-819.8746200347109
3,-24.902895703556073,-7.234681978698932,11.53243897570018,11.2,-820.2303756876189
3,-25.399520332185197,-7.242984170322611,11.743117576002481,11.2,-820.5932259780786
3,-25.89612419158814,-7.252472263074242,12.016186560868427,11.2,-820.963170609387
3,-26.268585228586186,-7.2591436258440405,12.36988918458188,11.2,-821.3384361126525
3,-27.013522879509182,-7.271596925115024,12.59358478117397,11.2,-821.7243435823598
3,-27.510147980124515,-7.279899124629013,12.721861304264676,11.2,-822.1173456963616
3,-28.006773080739848,-7.288201324143002,12.82316575083287,11.2,-822.5174424546578
3,-28.13093171605506,-7.290128632364909,12.647490005122703,11.2,-822.9193129077444
3,-28.379261023638318,-7.293093768434805,12.462149332371675,11.2,-823.3247309223677
3,-28.503430279852452,-7.29413157937463,12.378377628656548,11.2,-823.7319227835085
3,-28.75177445686378,-7.295317657474396,12.377405035180649,11.2,-824.1426624186065
3,-29.000121466180772,-7.295317657474396,12.461106035871437,11.2,-824.5569498681234
3,-29.2484656431921,-7.29413157937463,12.502829120654543,11.2,-824.9747850915976
3,-29.49680132335105,-7.291759450228662,12.397032927110983,11.2,-825.3961679676455
3,-29.620964206989495,-7.290128632364908,12.38108679209415,11.2,-825.8193245991739
3,-29.86927652130406,-7.285977536553069,12.44720511670114,11.2,-826.2460285494783
3,-30.117566178529973,-7.2806405756827015,12.476554679817305,11.2,-826.6762794948859
3,-30.489945794025054,-7.270411911076897,12.442303712794159,11.2,-827.1118501490862
3,-30.986400973419954,-7.254995298934907,12.496287182235,11.2,-827.554513020135
3,-31.3587558094029,-7.243877417707801,12.625664976170466,11.2,-828.0024952459836
3,-32.60013329455293,-7.214228255039961,12.878605357974692,11.2,-828.4682114359058
3,-33.34503908365734,-7.199996115912516,13.345860638224378,11.2,-828.9445691371009
3,-34.214114836652776,-7.184429602782987,13.76718647984718,11.2,-829.4333422061959
3,-35.207429234877985,-7.172569092319731,14.307135211152602,11.2,-829.9363054809799
3,-35.95246176591197,-7.169010858020434,14.788800289477717,11.2,-830.4499120776358
3,-36.44915578454595,-7.169010858020434,15.23712673462783,11.2,-830.9706143031293
3,-36.821669217771415,-7.171234747060025,15.254543964857467,11.2,-831.4966381490975
3,-37.06999852535467,-7.174199883129921,15.357193372323719,11.2,-832.0262095566026
3,-37.194151968365894,-7.176423666492934,15.419430664216737,11.2,-832.5575545847221
3,-37.194151968365894,-7.176423666492934,15.267834535208507,11.2,-833.0888996128416
3,-37.194151968365894,-7.176423666492934,15.22939713413104,11.2,-833.6202446409611
3,-37.194151968365894,-7.176423666492934,15.236792347272615,11.2,-834.1515896690806
3,-37.194151968365894,-7.176423666492934,15.332785272125319,11.2,-834.6829346972002
3,-37.194151968365894,-7.176423666492934,15.449906728964914,11.2,-835.2142797253197
3,-37.194151968365894,-7.176423666492934,15.510059220732238,11.2,-835.7456247534392
3,-37.194151968365894,-7.176423666492934,15.634592827218606,11.2,-836.2769697815587
3,-37.194151968365894,-7.176423666492934,15.828263262805589,11.2,-836.8083148096782
3,-37.070010325859094,-7.17360695989977,15.976011355764987,11.2,-837.337886385762
3,-36.945868683352295,-7.170790253306604,16.097358437844044,11.2,-837.8656845098099
3,-36.32512860975674,-7.158188981920596,15.946438678352772,11.2,-838.3846149185207
3,-35.70436021476,-7.147070043970933,15.675173038117567,11.2,-838.894677207303
3,-34.214431101038066,-7.12572128745697,15.219070601344908,11.2,-839.3834547944606
3,-32.97273145811237,-7.116825769342637,14.588558933584231,11.2,-839.8544938152908
3,-31.482649402210434,-7.116825769342637,13.880210331099326,11.2,-840.304245949608
3,-29.868424524900092,-7.126462621847528,13.048780812664905,11.2,-840.7309377285352
3,-27.757659515142095,-7.154186472834414,12.179023153609636,11.2,-841.1274757216087
3,-26.26792581927005,-7.186208146757394,11.367691475429575,11.2,-841.5027318047411
3,-24.530210447595767,-7.236016799066501,10.60651555481566,11.2,-841.8531633825638
3,-22.91679247098234,-7.288047197435551,9.936382485440433,11.2,-842.1805461321493
3,-22.42033776341216,-7.303463794925784,9.316160946512095,11.2,-842.5008366716266
3,-22.17207642657806,-7.309986499122553,9.426636253641709,11.2,-842.8175806205778
3,-22.047928647836304,-7.31250674860932,9.720842828117098,11.2,-843.1325510298326
3,-22.17209129546913,-7.310875933845386,10.04449915791144,11.2,-843.4492951911965
3,-22.296260551683265,-7.309838122905561,10.405025030763994,11.2,-843.7678131990776
3,-22.296260551683265,-7.309838122905561,10.406534265415644,11.2,-844.0863312069588
3,-22.296260551683265,-7.309838122905561,10.363303751070712,11.2,-844.4048492148399
3,-22.544607561000255,-7.309838122905561,10.39182894748081,11.2,-844.72691503714
3,-22.792954570317246,-7.309838122905561,10.499322257228217,11.2,-845.0525286738588
3,-22.792954570317246,-7.309838122905561,10.672588985071256,11.2,-845.3781423105776
3,-22.917127366898317,-7.309393342561364,10.920574364562968,11.2,-845.7055298443904
3,-22.917127366898317,-7.309393342561364,11.231832483064842,11.2,-846.0329173782033
3,-22.917127366898317,-7.309393342561364,11.31101691195104,11.2,-846.3603049120161
3,-22.917127366898317,-7.309393342561364,11.11730131878226,11.2,-846.6876924458289
3,-22.917127366898317,-7.309393342561364,10.898232211959566,11.2,-847.0150799796418
3,-22.917127366898317,-7.309393342561364,10.755042541052074,11.2,-847.3424675134546
3,-22.917127366898317,-7.309393342561364,10.690630598787813,11.2,-847.6698550472674
3,-22.917127366898317,-7.309393342561364,10.683781571379443,11.2,-847.9972425810803
3,-23.041298747328575,-7.308652044805797,10.725442895724674,11.2,-848.3264039917564
3,-23.28963961999299,-7.306872934419561,10.723441600039509,11.2,-848.6591131291848
3,-23.413808876207124,-7.305835123479736,10.677357923926476,11.2,-848.9935961131306
3,-23.662138183790383,-7.3028699874098395,10.64124498627697,11.2,-849.3316266586133
3,-23.910450498104947,-7.298718891598,10.554899914179785,11.2,-849.673204522872
3,-24.282874717729612,-7.290268787880272,10.428036214423217,11.2,-850.0201027331252
3,-24.903508589906338,-7.273220981133231,10.314530875694205,11.2,-850.3758671415525
3,-25.39999916795735,-7.258989924091325,10.403196646832068,11.2,-850.7387242725233
3,-27.013745411767918,-7.218519144001609,10.910348394583872,11.2,-851.1246349212629
3,-28.13107754423992,-7.195836855506795,11.59866494029258,11.2,-851.5265074576092
3,-30.241770332640282,-7.163072678011767,12.32462512770992,11.2,-851.9585327480755
3,-31.855967595193512,-7.149581161438447,13.126206977808007,11.2,-852.4136179994355
3,-33.47022008741843,-7.147653779946924,14.150993007895373,11.2,-852.8917640006844
3,-34.9602851494864,-7.154770248545517,15.29987131324514,11.2,-853.391196645677
3,-36.82277796847337,-7.174784983594122,16.47169640961715,11.2,-853.9172363309409
3,-37.319421478384385,-7.181901242528647,17.10278885485645,11.2,-854.4503709234892
3,-37.81604610701351,-7.190203434152326,16.71427882789247,11.2,-854.9906001535894
3,-37.443585070015466,-7.183532071382528,16.12640194499947,11.2,-855.5255085117325
3,-36.8227918934394,-7.173895530272993,15.677344764254908,11.2,-856.0515483959244
3,-36.574462585856146,-7.170930394203097,15.173601436588978,11.2,-856.5740407185796
3,-36.07778131256736,-7.167372176812312,14.865625250310472,11.2,-857.0894375944733
3,-36.20195269299762,-7.16811347456788,14.590033009215064,11.2,-857.6066083472305
3,-36.20195269299762,-7.16811347456788,14.43237281061988,11.2,-858.1237790999876
3,-36.20195269299762,-7.16811347456788,14.36174430248956,11.2,-858.6409498527447
3,-36.20195269299762,-7.16811347456788,14.361563600473575,11.2,-859.1581206055018
3,-36.20195269299762,-7.16811347456788,14.427352061860507,11.2,-859.675291358259
3,-36.20195269299762,-7.16811347456788,14.540315033499178,11.2,-860.1924621110161
3,-36.20195269299762,-7.16811347456788,14.615747769708339,11.2,-860.7096328637732
3,-36.077783436783484,-7.167075663628055,14.436605833969038,11.2,-861.225029770013
3,-35.953614180569346,-7.1660378526882305,14.300715942084938,11.2,-861.7386528297353
3,-35.953614180569346,-7.1660378526882305,14.290132697680233,11.2,-862.2522758894577
3,-35.953614180569346,-7.1660378526882305,14.336425382258518,11.2,-862.76589894918
3,-35.953614180569346,-7.1660378526882305,14.449877323147215,11.2,-863.2795220089024
3,-35.953614180569346,-7.1660378526882305,14.615248391634713,11.2,-863.7931450686248
3,-35.82944492435521,-7.165000041748406,14.601483170780487,11.2,-864.3049942818299
3,-35.705278500410394,-7.1636657235422625,14.554462982324226,11.2,-864.8150696889786
3,-35.581115616771946,-7.162034905678508,14.566491020009472,11.2,-865.3233713406468
3,-35.456956981456734,-7.1601075974566015,14.605028482409095,11.2,-865.8298992975247
3,-35.332803302457386,-7.157883809866669,14.710856749017623,11.2,-866.3346536304169
3,-35.084513645231475,-7.152546848996302,14.728886679465194,11.2,-866.8358609682059
3,-34.96037908283272,-7.14943370614894,14.713196162658956,11.2,-867.3352949551036
3,-34.7121340297364,-7.142318184390491,14.712425815351413,11.2,-867.8311825840998
3,-34.33977919375345,-7.131200303163367,14.771161538163359,11.2,-868.3217508582962
3,-33.59504332667693,-7.109853717600507,14.488011872635846,11.2,-868.8016800486773
3,-32.85025931617463,-7.090285605010199,14.1911281535771,11.2,-869.2709694674799
3,-31.981224864982355,-7.0726438586028335,13.637110579044327,11.2,-869.7278441084081
3,-31.236260308121384,-7.0619694803458515,13.07444215737648,11.2,-870.1740763985241
3,-29.249521997488674,-7.052480927690564,12.420791591771177,11.2,-870.5919267127739
3,-28.00780111243203,-7.058411318189391,11.76332259535014,11.2,-870.9920381572372
3,-26.393692829340953,-7.079611829525449,11.131992840081613,11.2,-871.3690909119421
3,-25.276420170466952,-7.104962140678632,10.466253249469746,11.2,-871.730182628663
3,-24.655786298290227,-7.122009947425673,9.873883468328495,11.2,-872.08240814721
3,-24.407524961456126,-7.128532651622443,9.399158177708074,11.2,-872.4310870752308
3,-24.15923530423021,-7.133869612492809,9.68458196027313,11.2,-872.7762190081484
3,-24.283383318949323,-7.131349358215608,10.021769499356333,11.2,-873.1231244841333
3,-24.90412339254488,-7.1187480868296,10.400091194385208,11.2,-873.4788976754554
3,-25.02827140726399,-7.116227832552398,10.872165246429356,11.2,-873.836444409845
3,-25.40073173629766,-7.109556482463357,11.026350585660046,11.2,-874.1993120060778
3,-25.40073173629766,-7.109556482463357,11.240202605123278,11.2,-874.5621796023106
3,-25.524900992511796,-7.108518671523532,11.471595124787145,11.2,-874.9268210450608
3,-25.773245169523125,-7.1073325934237666,11.389217243737617,11.2,-875.2950102617683
3,-25.773245169523125,-7.1073325934237666,11.369715379811405,11.2,-875.6631994784758
3,-25.773245169523125,-7.1073325934237666,11.479029330030501,11.2,-876.0313886951833
3,-25.773245169523125,-7.1073325934237666,11.62731152233099,11.2,-876.3995779118908
3,-25.897417966104197,-7.1068878130795685,11.578755220376271,11.2,-876.7695410256923
3,-25.897417966104197,-7.1068878130795685,11.424771120369092,11.2,-877.1395041394939
3,-25.897417966104197,-7.1068878130795685,11.3156540251399,11.2,-877.5094672532954
3,-25.897417966104197,-7.1068878130795685,11.214640613528243,11.2,-877.8794303670969
3,-25.897417966104197,-7.1068878130795685,11.115713305016108,11.2,-878.2493934808984
3,-25.897417966104197,-7.1068878130795685,11.045286166361201,11.2,-878.6193565947
3,-25.897417966104197,-7.1068878130795685,10.98631298921941,11.2,-878.9893197085015
3,-26.269932107394972,-7.104663919812865,10.801096071170992,11.2,-879.3646044528929
3,-26.394101363609106,-7.103626108873041,10.640440629197903,11.2,-879.7416630438016
3,-26.766589306507576,-7.098733664581237,10.500746062153983,11.2,-880.1240428910374
3,-27.014891000226037,-7.093989622714103,10.513597918474161,11.2,-880.5099699053264
3,-28.008050573015968,-7.072641758943896,10.640541919084965,11.2,-880.9100849135124
3,-29.125431560116986,-7.052627708676773,10.882307599908644,11.2,-881.3261625072283
3,-29.746224736693055,-7.042991167567238,11.616814007023219,11.2,-881.7511085748954
3,-31.484475369368653,-7.018084284967614,12.39090993139923,11.2,-882.2008867944578
3,-33.59534871270749,-7.00044153252558,13.226306296546637,11.2,-882.6808203474965
3,-35.20960120493241,-6.998514151034057,14.185899601844133,11.2,-883.1838146504241
3,-36.575483793425775,-7.006668410845888,15.271084451481299,11.2,-883.7063215617587
3,-38.313835206645585,-7.023273330648766,16.136114259955683,11.2,-884.2536620647109
3,-39.183000174259284,-7.032613558091764,17.009538530623463,11.2,-884.8134192100574
3,-39.679623386931404,-7.04091572604456,16.7009211670747,11.2,-885.3802709727279
3,-39.679623386931404,-7.04091572604456,16.21889877062702,11.2,-885.9471227353984
3,-39.18304360053644,-7.030241794159455,15.900524096374117,11.2,-886.5068805011203
3,-38.934767395630885,-7.024311944718929,15.730325575023377,11.2,-887.063091463915
3,-38.934767395630885,-7.024311944718929,15.477114142748093,11.2,-887.6193024267097
3,-38.934767395630885,-7.024311944718929,15.408467465516383,11.2,-888.1755133895044
3,-38.81064062119554,-7.0209023833695205,15.498898828557689,11.2,-888.7299511126644
3,-38.81064062119554,-7.0209023833695205,15.548494861481398,11.2,-889.2843888358243
3,-38.81064062119554,-7.0209023833695205,15.72988134989241,11.2,-889.8388265589842
3,-38.81064062119554,-7.0209023833695205,15.671863522557922,11.2,-890.3932642821442
3,-38.56239533217003,-7.013786854848567,15.683126952052632,11.2,-890.9441556440323
3,-38.18999235282913,-7.004447444058632,15.567599772968572,11.2,-891.4897269633584
3,-37.69341256643417,-6.993773512173528,15.349777017507087,11.2,-892.028204285736
3,-37.07264535137804,-6.982654595358459,15.101592485575333,11.2,-892.5578135050414
3,-36.32765742862827,-6.97375918714877,14.688854930705078,11.2,-893.076780039736
3,-35.334283552860356,-6.96901488827651,14.29542179378844,11.2,-893.5815555190626
3,-34.21673050785088,-6.973017903765426,13.901490843091723,11.2,-894.070365954889
3,-34.092561251636745,-6.97405571470525,13.36522518655394,11.2,-894.5574025441981
3,-32.23019234178596,-7.002965173182063,12.921756368522518,11.2,-895.0178338633665
3,-30.988889196781255,-7.035578601179488,12.391356445670686,11.2,-895.4605322804633
3,-29.99605624077597,-7.068782728285825,11.961807887466165,11.2,-895.8890473696173
3,-29.12743642593835,-7.100947896512518,11.486470292936998,11.2,-896.3051536042735
3,-28.755170791007938,-7.114732968609672,11.127081802116091,11.2,-896.7159417584307
3,-28.506944144959114,-7.1224412453771855,11.20655246357398,11.2,-897.1231838176444
3,-28.38280958256036,-7.125554388224547,11.479608211080189,11.2,-897.5286525259667
3,-28.50695122506716,-7.122737681631381,11.852977128183825,11.2,-897.9358946863248
3,-28.382797782055935,-7.124961464994395,12.276544140810651,11.2,-898.3413632260684
3,-28.25863489841749,-7.126592282858148,12.261172711628475,11.2,-898.7450580103315
3,-28.01030535482498,-7.129557421746074,12.088758191718489,11.2,-899.1452052296861
3,-27.637806082990537,-7.1335603763645015,11.984016629737164,11.2,-899.5400310308717
3,-27.141147467824023,-7.139490648504294,11.830313131710888,11.2,-899.9277617089834
3,-26.892818160240765,-7.1424557845741905,11.598471067277545,11.2,-900.3119448255583
3,-26.76864890402663,-7.143493595514015,11.459296887795665,11.2,-900.6943540956158
3,-26.76864890402663,-7.143493595514015,11.364159625258582,11.2,-901.0767633656734
3,-26.5203047270153,-7.144679673613781,11.362132795548062,11.2,-901.4556248617736
3,-26.5203047270153,-7.144679673613781,11.416918647621404,11.2,-901.8344863578737
3,-26.5203047270153,-7.144679673613781,11.484735787530363,11.2,-902.2133478539739
3,-26.5203047270153,-7.144679673613781,11.6049954014321,11.2,-902.5922093500741
3,-26.5203047270153,-7.144679673613781,11.71395306547686,11.2,-902.9710708461743
3,-26.5203047270153,-7.144679673613781,11.83939622334006,11.2,-903.3499323422744
3,-26.5203047270153,-7.144679673613781,11.878449675864623,11.2,-903.7287938383746
3,-26.644478231673794,-7.144531413217241,11.846236907001554,11.2,-904.1094292416842
3,-26.644478231673794,-7.144531413217241,11.806293727178897,11.2,-904.4900646449938
3,-26.644478231673794,-7.144531413217241,11.771497635691205,11.2,-904.8707000483034
3,-26.644478231673794,-7.144531413217241,11.684073895729423,11.2,-905.251335451613
3,-26.644478231673794,-7.144531413217241,11.609938105797584,11.2,-905.6319708549227
3,-26.644478231673794,-7.144531413217241,11.62448504935359,11.2,-906.0126062582323
3,-26.768651736332288,-7.144383152820701,11.544592388639263,11.2,-906.3950155687513
3,-26.768651736332288,-7.144383152820701,11.485973245274227,11.2,-906.7774248792704
3,-26.89282453291336,-7.143938372476503,11.42657333840897,11.2,-907.1616080868835
3,-26.89282453291336,-7.143938372476503,11.315977213163277,11.2,-907.5457912944966
3,-27.016995913343617,-7.143197074720936,11.208381355992119,11.2,-907.9317483789729
3,-27.265331593502566,-7.140824945574968,11.114484441589841,11.2,-908.321253116023
3,-27.38949447714101,-7.139194127711214,11.013007314999014,11.2,-908.7125316085535
3,-27.886119105770135,-7.130891936087535,10.949404604908528,11.2,-909.1109047386359
3,-28.25856314992747,-7.12333117325593,10.924834377988137,11.2,-909.5145984979206
3,-28.879303223523024,-7.110729901869922,11.04069035663323,11.2,-909.9271599725423
3,-30.12090727826757,-7.092939322165582,11.25388437232385,11.2,-910.3574586479461
3,-30.990072245881265,-7.083599094722582,11.867418264158156,11.2,-910.8001739657444
3,-32.72842200699391,-7.066994190700809,12.544957290592375,11.2,-911.2677228515586
3,-34.09432017311659,-7.062101616214357,13.312779522401417,11.2,-911.7547845683174
3,-35.58439798055398,-7.065659860658781,14.221715221752904,11.2,-912.2631331108968
3,-36.82607284112311,-7.077520472572004,15.262270323750089,11.2,-912.78921986577
3,-38.31594672701048,-7.102427047443041,15.907096650068766,11.2,-913.3365905332987
3,-38.44009474172959,-7.104947301720243,16.13055019447289,11.2,-913.8857347438949
3,-38.44009474172959,-7.104947301720243,15.638392198628782,11.2,-914.4348789544911
3,-38.06769105453333,-7.095607873178159,15.163905254287542,11.2,-914.978703112413
3,-37.69526612701292,-7.087157753398664,14.952027977734222,11.2,-915.5172069142275
3,-37.446976233815434,-7.081820787456111,14.9039987319912,11.2,-916.0521637175677
3,-37.32282821909632,-7.07930053317891,14.673519606799944,11.2,-916.5853469778406
3,-37.32282821909632,-7.07930053317891,14.509706442183859,11.2,-917.1185302381134
3,-37.32282821909632,-7.07930053317891,14.508438579431665,11.2,-917.6517134983862
3,-37.32282821909632,-7.07930053317891,14.511128756971255,11.2,-918.1848967586591
3,-37.32282821909632,-7.07930053317891,14.646144907539428,11.2,-918.7180800189319
3,-37.32282821909632,-7.07930053317891,14.795878323095582,11.2,-919.2512632792047
3,-37.32282821909632,-7.07930053317891,15.025710975785206,11.2,-919.7844465394776
3,-37.32282821909632,-7.07930053317891,14.954998022723354,11.2,-920.3176297997504
3,-37.19868020437721,-7.076780278901708,14.932668026892017,11.2,-920.8490395169558
3,-37.19868020437721,-7.076780278901708,14.964743868170517,11.2,-921.3804492341612
3,-37.19868020437721,-7.076780278901708,15.080077682496347,11.2,-921.9118589513666
3,-37.19868020437721,-7.076780278901708,15.27959598740665,11.2,-922.443268668572
3,-37.07453856187041,-7.0739635723085375,15.519298910153445,11.2,-922.9729049337416
3,-36.95040399947165,-7.070850429461182,15.61542896409357,11.2,-923.5007678480198
3,-36.57802367616562,-7.060621745412957,15.651366624749247,11.2,-924.0233110433936
3,-35.8332878090891,-7.039275159850097,15.492114946251068,11.2,-924.5352151549521
3,-34.96440038804168,-7.015408230404239,15.213313859655232,11.2,-925.034706589067
3,-33.97124459079365,-6.994060447788918,14.654367406303152,11.2,-925.5200100832212
3,-32.72963699602537,-6.976269817360616,14.048574597439222,11.2,-925.9875763260216
3,-30.74291756734426,-6.962036988377684,13.274013363171312,11.2,-926.4267608626978
3,-29.252844008359308,-6.96559522267698,12.474766212941327,11.2,-926.8446586342459
3,-27.638683565237276,-6.982941326385772,11.657266168634957,11.2,-927.2394969708921
3,-26.148877650615855,-7.01140549643239,10.92284482369493,11.2,-927.6130523659009
3,-24.28697957314045,-7.062548819461414,10.20080633650863,11.2,-927.9600092169458
3,-23.294146617135166,-7.095752946567751,9.565213759330188,11.2,-928.2927827400476
3,-22.921820099472864,-7.107759938753372,9.013131068557039,11.2,-928.6202373128973
3,-22.673558762638763,-7.1142826429501405,9.176703911431423,11.2,-928.9441452952207
3,-22.921835203503104,-7.108352787873955,9.533035424795795,11.2,-929.2716000838421
3,-23.045976846009903,-7.105536081280791,9.932340623501771,11.2,-929.6008283244994
3,-23.045976846009903,-7.105536081280791,10.320112976719685,11.2,-929.9300565651566
3,-23.170124860729015,-7.103015827003589,10.338431922810315,11.2,-930.2610583488813
3,-23.294283260046683,-7.101088522445058,10.43446902212486,11.2,-930.5938338240248
3,-23.418449683991497,-7.099754204238915,10.61061028171156,11.2,-930.9283831052247
3,-23.54261610793631,-7.098419886032772,10.863206182172028,11.2,-931.264706192481
3,-23.54261610793631,-7.098419886032772,11.003689836908196,11.2,-931.6010292797372
3,-23.54261610793631,-7.098419886032772,11.008717022795262,11.2,-931.9373523669934
3,-23.54261610793631,-7.098419886032772,11.100626413103885,11.2,-932.2736754542497
3,-23.418449683991497,-7.099754204238915,10.984365737377816,11.2,-932.6082247354495
3,-23.418449683991497,-7.099754204238915,10.954613012672372,11.2,-932.9427740166494
3,-23.54261610793631,-7.098419886032772,11.007764794059142,11.2,-933.2790971039057
3,-23.54261610793631,-7.098419886032772,10.983054603952949,11.2,-933.6154201911619
3,-23.790937626889967,-7.094861759947111,10.969133727217939,11.2,-933.9552907286889
3,-23.790937626889967,-7.094861759947111,11.038278482907625,11.2,-934.2951612662158
3,-24.039239320608427,-7.090117718079977,10.974807641715245,11.2,-934.638578970796
3,-24.163380963115227,-7.087301011486812,10.901820137474042,11.2,-934.9837701274118
3,-24.28751552551398,-7.08418786863945,10.901428718339718,11.2,-935.3307346349192
3,-24.535760578610308,-7.077072346881007,10.962208208407997,11.2,-935.6812455003279
3,-24.659869653734418,-7.073070008544926,11.001525571589763,11.2,-936.0335293525242
3,-25.280415029354966,-7.053058316864522,11.036498072276393,11.2,-936.3946781386578
3,-25.901084302075958,-7.037492691388351,11.138622622732536,11.2,-936.7646936286875
3,-26.149386231777427,-7.0327486450125365,11.604812496404497,11.2,-937.1382562891415
3,-27.763445422907115,-7.007693685751633,12.065326359081535,11.2,-937.5348769380402
3,-28.75678814354291,-6.998205169167763,12.600481049266806,11.2,-937.9456881972336
3,-29.874343312779807,-6.9968708332077405,13.237593188049756,11.2,-938.3724645302733
3,-31.240166187774108,-7.011548249779572,14.004000041230825,11.2,-938.81875261867
3,-32.23337296264795,-7.030524417248109,14.521871306324282,11.2,-939.2792293752793
3,-32.978201577364615,-7.048313965569687,15.202855674806754,11.2,-939.7503465406703
3,-33.59883544954134,-7.065361772316728,15.506087734789405,11.2,-940.2303299042352
3,-33.72295372820232,-7.069067732725769,15.158869041348984,11.2,-940.7120863860666
3,-33.72295372820232,-7.069067732725769,14.980801182900503,11.2,-941.1938428678981
3,-33.47072605715077,-7.069067732725769,14.815767255066447,11.2,-941.671996097286
3,-33.47072605715077,-7.069067732725769,14.752379916662848,11.2,-942.1501493266738
3,-33.47072605715077,-7.069067732725769,14.756572295238229,11.2,-942.6283025560617
3,-33.47072605715077,-7.069067732725769,14.830008433892987,11.2,-943.1064557854496
3,-33.47072605715077,-7.069067732725769,14.959387225529596,11.2,-943.5846090148375
3,-33.47072605715077,-7.069067732725769,14.951096172718922,11.2,-944.0627622442254
3,-33.34661698202666,-7.065065394389689,14.946856702391957,11.2,-944.5391424868258
3,-33.34661698202666,-7.065065394389689,14.991086445147163,11.2,-945.0155227294262
3,-33.34661698202666,-7.065065394389689,15.07558155429675,11.2,-945.4919029720265
3,-32.97428975665433,-7.053058379381446,15.290308475031011,11.2,-945.9629642542644
3,-32.85017147799335,-7.049352418972405,15.090890222241498,11.2,-946.4322524182357
3,-31.857069489873325,-7.025633088838133,14.90397694753399,11.2,-946.8873534109482
3,-31.11213254692964,-7.0131798014026145,14.554854704733764,11.2,-947.3318124473329
3,-30.49130160726732,-7.006508223053079,14.132121804194002,11.2,-947.7674024702939
3,-29.125400844866668,-7.00487736799083,13.591851884523951,11.2,-948.1834796252206
3,-27.635391012183717,-7.019110102286697,13.024783059144783,11.2,-948.5782709253946
3,-26.5180100250827,-7.03912415255382,12.433956669462807,11.2,-948.9570996400386
3,-25.400801087059996,-7.067142384923623,11.79271365172971,11.2,-949.3199682269966
3,-24.283821534073088,-7.103163361480483,11.284648207387784,11.2,-949.6668799631976
3,-23.167128690307248,-7.147185233602251,10.83417089792398,11.2,-949.9978389444877
3,-22.794897742385302,-7.161859190976173,10.485494022738122,11.2,-950.3234803408076
3,-22.67079857850809,-7.166157884416677,10.500921914707252,11.2,-950.6473488919291
3,-22.422571224723,-7.173866183161794,10.723075806338892,11.2,-950.9676713379966
3,-22.298444450287658,-7.177275744511202,11.02690052705468,11.2,-951.2862205444293
3,-22.298444450287658,-7.177275744511202,11.083292776381725,11.2,-951.6047697508619
3,-22.1743030437461,-7.180092445750445,11.006238694936046,11.2,-951.9215455086297
3,-22.422615358060664,-7.175941349938605,10.8845251099699,11.2,-952.2418685851734
3,-22.29845247442222,-7.177572167802358,10.866877920630303,11.2,-952.5604179062366
3,-22.29845247442222,-7.177572167802358,10.90126861250941,11.2,-952.8789672272998
3,-22.29845247442222,-7.177572167802358,10.961785216852602,11.2,-953.197516548363
3,-22.29845247442222,-7.177572167802358,11.015749444321674,11.2,-953.5160658694261
3,-22.422618898367034,-7.176237849596216,11.046293243992633,11.2,-953.8363889965457
3,-22.2984496421529,-7.177275660536041,10.852479165930689,11.2,-954.1549382771478
3,-22.2984496421529,-7.177275660536041,10.729239067546017,11.2,-954.47348755775
3,-22.422618898367034,-7.176237849596216,10.65547934729505,11.2,-954.7938106848695
3,-22.546785322311848,-7.174903531390074,10.609961870299061,11.2,-955.1159076180454
3,-22.546785322311848,-7.174903531390074,10.444005401747532,11.2,-955.4380045512213
3,-22.795106841265508,-7.171345405304413,10.324107038422763,11.2,-955.7636489346679
3,-22.919260520264856,-7.16912161771448,10.169994515720225,11.2,-956.0910669421003
3,-23.4158643796678,-7.1596335249628495,9.977259844725813,11.2,-956.4255792903813
3,-24.284940132663237,-7.144067011833321,9.8635246360569,11.2,-956.7725070065621
3,-25.278226208477864,-7.129834507490679,10.316689817606854,11.2,-957.1336245238261
3,-26.395724023981185,-7.117825643635394,10.91635640962896,11.2,-957.5107062955973
3,-27.885767843847546,-7.107150991463038,11.528648817388248,11.2,-957.9090744076523
3,-29.375845651284934,-7.103592747018614,12.455228908109463,11.2,-958.3287293455278
3,-31.610936871762746,-7.114267419481199,13.471900228779294,11.2,-958.7803141579816
3,-33.349242024845545,-7.135023371970473,14.588171117458236,11.2,-959.2567319011937
3,-34.839047939466965,-7.163487542017092,15.810195907974013,11.2,-959.7544325860432
3,-36.452797250650775,-7.203958399032785,16.602299151963415,11.2,-960.275186832481
3,-36.452797250650775,-7.203958399032785,16.45836412792955,11.2,-960.7959410789189
3,-36.204535677872016,-7.197435688636915,15.791535207177363,11.2,-961.3131487314599
3,-35.70798326806091,-7.185575989755863,15.334419293933882,11.2,-961.8232627781465
3,-35.45575559700936,-7.185575989755863,14.880848807200394,11.2,-962.3297735723895
3,-34.95913238433724,-7.177273821803068,14.56409987856468,11.2,-962.8291897493086
3,-34.95913238433724,-7.177273821803068,14.303088339989847,11.2,-963.3286059262277
3,-34.95913238433724,-7.177273821803068,14.137762454148886,11.2,-963.8280221031468
3,-34.95913238433724,-7.177273821803068,14.049987728745748,11.2,-964.327438280066
3,-35.08329880828205,-7.17860814000921,14.09019245747096,11.2,-964.8286282630414
3,-35.20746806449619,-7.179645950949035,14.285115342952059,11.2,-965.3315920925343
3,-35.20746806449619,-7.179645950949035,14.14678260994925,11.2,-965.8345559220271
3,-35.20746806449619,-7.179645950949035,13.981669988816485,11.2,-966.33751975152
3,-35.08329880828205,-7.17860814000921,13.944577151058985,11.2,-966.8387097344954
3,-35.08329880828205,-7.17860814000921,13.959766332719925,11.2,-967.3398997174709
3,-35.08329880828205,-7.17860814000921,14.04331197001093,11.2,-967.8410897004463
3,-35.08329880828205,-7.17860814000921,13.950657294841125,11.2,-968.3422796834218
3,-35.08329880828205,-7.17860814000921,13.894256972488556,11.2,-968.8434696663973
3,-35.08329880828205,-7.17860814000921,13.923240642501518,11.2,-969.3446596493727
3,-35.08329880828205,-7.17860814000921,14.023672943724316,11.2,-969.8458496323482
3,-35.08329880828205,-7.17860814000921,14.101956915742155,11.2,-970.3470396153236
3,-35.08329880828205,-7.17860814000921,14.108930946478294,11.2,-970.8482295982991
3,-34.959129552067914,-7.177570329069385,14.072803673880589,11.2,-971.3476457347572
3,-34.834960295853776,-7.1765325181295605,14.11807681505926,11.2,-971.845288024698
3,-34.834960295853776,-7.1765325181295605,14.198027404730349,11.2,-972.3429303146388
3,-34.834960295853776,-7.1765325181295605,14.350660346419335,11.2,-972.8405726045796
3,-34.71079387190896,-7.175198199923418,14.380789368241341,11.2,-973.3364410884641
3,-34.71079387190896,-7.175198199923418,14.409939017743334,11.2,-973.8323095723485
3,-34.58663098827052,-7.173567382059664,14.481552636892006,11.2,-974.3264043007524
3,-34.33831867395596,-7.169416286247825,14.547290478474661,11.2,-974.8169517103804
3,-34.21417065923685,-7.166896031970623,14.608593623348971,11.2,-975.305725576941
3,-33.84174573171644,-7.1584459121911275,14.658423117772696,11.2,-975.789179087394
3,-33.58951806066489,-7.1584459121911275,14.669250751275765,11.2,-976.2690293454035
3,-33.09296517893621,-7.1465862020387565,14.430657041082815,11.2,-976.7417859908169
3,-32.34809620725847,-7.130575319427656,14.103453857511271,11.2,-977.2039016509206
3,-31.106534635685662,-7.109819840368458,13.651903827732657,11.2,-977.6482807171446
3,-30.734045984770333,-7.104927386777198,13.134425266990363,11.2,-978.087338516927
3,-28.871485899284018,-7.09380798385038,12.55479308343502,11.2,-978.4997883154882
3,-27.50560850326072,-7.10196221266338,11.990689585573675,11.2,-978.8927255798205
3,-26.264000908492434,-7.119752843091682,11.443473397754577,11.2,-979.267925592799
3,-25.2708451112444,-7.141100625707002,10.876738027611085,11.2,-979.6289376658168
3,-24.277864898859097,-7.1695627127407775,10.414198107857924,11.2,-979.975764307229
3,-23.90551006287615,-7.1806805939678835,10.002078890831017,11.2,-980.3172715938416
3,-23.781383288440807,-7.184090155317292,9.965358706306285,11.2,-980.6570056408193
3,-23.781383288440807,-7.184090155317292,10.214352095999262,11.2,-980.996739687797
3,-23.657235273721696,-7.186610409594493,10.492410196305277,11.2,-981.3347001917073
3,-23.657235273721696,-7.186610409594493,10.794952808907858,11.2,-981.6726606956175
3,-23.657235273721696,-7.186610409594493,10.700936935374767,11.2,-982.0106211995278
3,-23.657235273721696,-7.186610409594493,10.652775041574202,11.2,-982.3485817034381
3,-23.533081594722347,-7.188834197184426,10.673571999806756,11.2,-982.6847685833627
3,-23.533081594722347,-7.188834197184426,10.728082428341262,11.2,-983.0209554632874
3,-23.533081594722347,-7.188834197184426,10.65043690949637,11.2,-983.357142343212
3,-23.657235273721696,-7.186610409594493,10.66111653992903,11.2,-983.6951028471223
3,-23.781383288440807,-7.184090155317292,10.73612096432121,11.2,-984.0348368941
3,-24.029673181638287,-7.17875318937474,10.66375467946452,11.2,-984.3781179395519
3,-24.029673181638287,-7.17875318937474,10.590495240211517,11.2,-984.7213989850038
3,-24.029673181638287,-7.17875318937474,10.549145561021602,11.2,-985.0646800304557
3,-24.029673181638287,-7.17875318937474,10.474952513788708,11.2,-985.4079610759077
3,-24.153814824145087,-7.175936482781575,10.328096209477154,11.2,-985.7530155733955
3,-24.277949386543842,-7.172823339934213,10.120229636160133,11.2,-986.0998434217747
3,-24.89853960024457,-7.154293573110006,9.963121877731329,11.2,-986.4555368446354
3,-25.643272636173354,-7.132947068697177,9.94755706848507,11.2,-986.8218693108664
3,-26.512307087365627,-7.115305322289812,10.38584141485877,11.2,-987.2006165549716
3,-28.002182389211622,-7.090398723747847,11.040132445056512,11.2,-987.6006477319603
3,-29.49215398654944,-7.072607958052963,11.777005854383198,11.2,-988.0219642174824
3,-31.23057313869855,-7.068456684703784,12.683569150798313,11.2,-988.4681152623209
3,-32.72063820076652,-7.0755731533023765,13.743660617954404,11.2,-988.9355529509032
3,-34.831395186347166,-7.103296898895683,14.892842614310469,11.2,-989.4331443107081
3,-36.32113312970264,-7.135318664117882,15.984301772538878,11.2,-989.9520176411324
3,-37.31423889316001,-7.159038084422623,16.721624675349386,11.2,-990.485078196749
3,-37.43837345555877,-7.162151227269984,16.072551440500902,11.2,-991.019912103257
3,-37.06596976836251,-7.1528117987279005,15.413760472483602,11.2,-991.5494259570908
3,-36.56939045391068,-7.142137876987167,15.01000907810133,11.2,-992.0718458207181
3,-36.44523677491133,-7.139914089397235,14.631153708236544,11.2,-992.5924920603596
3,-36.44523677491133,-7.139914089397235,14.422079000324084,11.2,-993.1131383000012
3,-36.44523677491133,-7.139914089397235,14.242228068772762,11.2,-993.6337845396428
3,-36.693549325218996,-7.1440651891542295,14.088056770920012,11.2,-994.1579781014316
3,-36.693549325218996,-7.1440651891542295,14.091891888275727,11.2,-994.6821716632204
3,-36.81770796053421,-7.145992497376136,14.217275902766032,11.2,-995.2081389197995
3,-36.941870844172655,-7.1476233152398905,14.346546200564534,11.2,-995.7358799318591
3,-36.941870844172655,-7.1476233152398905,14.52367062391065,11.2,-996.2636209439188
3,-36.941870844172655,-7.1476233152398905,14.34506253404305,11.2,-996.7913619559785
3,-36.941870844172655,-7.1476233152398905,14.220482694933233,11.2,-997.3191029680381
3,-36.941870844172655,-7.1476233152398905,14.14951348248662,11.2,-997.8468439800978
3,-36.941870844172655,-7.1476233152398905,14.15337509576215,11.2,-998.3745849921575
3,-36.81770796053421,-7.145992497376136,14.21952222097431,11.2,-998.9005522487365
3,-36.81770796053421,-7.145992497376136,14.230338102891716,11.2,-999.4265195053156
3,-36.81770796053421,-7.145992497376136,14.180784084173881,11.2,-999.9524867618946
3,-36.69354507689576,-7.144361679512382,14.15593492952603,11.2,-1000.4766802629931
3,-36.69354507689576,-7.144361679512382,14.202740187235626,11.2,-1001.0008737640916
3,-36.69354507689576,-7.144361679512382,14.286008314935465,11.2,-1001.52506726519
3,-36.69354507689576,-7.144361679512382,14.382575695446592,11.2,-1002.0492607662885
3,-36.56938219325731,-7.142730861648628,14.421637167946248,11.2,-1002.5716805119065
3,-36.56938219325731,-7.142730861648628,14.50923392432884,11.2,-1003.0941002575245
3,-36.4452235579421,-7.140803553426721,14.597717842259161,11.2,-1003.6147463083522
3,-36.4452235579421,-7.140803553426721,14.656549233450583,11.2,-1004.13539235918
3,-36.32106987894275,-7.138579765836789,14.772527838008923,11.2,-1004.6542647860219
3,-36.32106987894275,-7.138579765836789,14.852463296709894,11.2,-1005.1731372128639
3,-36.07276794924128,-7.133835719460973,14.887216906959143,11.2,-1005.6884624692817
3,-35.45199955424454,-7.1227167815113095,14.708137707345896,11.2,-1006.1949196057709
3,-34.707034997383566,-7.112042403254328,14.462674779569205,11.2,-1006.6907343914478
3,-33.83785185600875,-7.104777740484079,14.051569808620155,11.2,-1007.1741322751051
3,-32.720292438314566,-7.103443399451486,13.557325300552908,11.2,-1007.6415650242238
3,-31.602752138638174,-7.110115066570256,13.067194171767913,11.2,-1008.0930329119186
3,-30.48528830994276,-7.124792399445666,12.57754057969652,11.2,-1008.528537030632
3,-29.367958301266977,-7.1474746448265645,12.020905902861447,11.2,-1008.9480792920787
3,-28.747325608775178,-7.164522419169573,11.570012372762978,11.2,-1009.358755372204
3,-27.25807617476725,-7.214328609829079,11.09846449548171,11.2,-1009.748156460415
3,-27.00986793576593,-7.222629641605663,10.719964302691459,11.2,-1010.1340117166402
3,-26.761622882669602,-7.229745163364107,10.9144276190003,11.2,-1010.516320614964
3,-26.761622882669602,-7.229745163364107,11.198078719194955,11.2,-1010.8986295132878
3,-26.63747486795049,-7.232265417641309,11.550997178300314,11.2,-1011.2791648685443
3,-26.63747486795049,-7.232265417641309,11.858986890289035,11.2,-1011.6597002238008
3,-26.513321188951142,-7.234489205231242,11.822441195350633,11.2,-1012.0384619550715
3,-26.38916255363593,-7.236416513453149,11.834757220919213,11.2,-1012.415449991552
3,-26.0166739027206,-7.241308967044409,11.697287131057488,11.2,-1012.7871167615908
3,-25.892507478775787,-7.242643285250551,11.690175837345654,11.2,-1013.1570097255733
3,-25.768338222561653,-7.243681096190376,11.7235931347049,11.2,-1013.5251288430385
3,-25.768338222561653,-7.243681096190376,11.760293991670261,11.2,-1013.8932479605037
3,-25.644166842131394,-7.2444223939459444,11.850780493022848,11.2,-1014.2595932011055
3,-25.519994045550323,-7.2448671742901425,11.940709404284174,11.2,-1014.6241645446133
3,-25.519994045550323,-7.2448671742901425,11.971643287167355,11.2,-1014.9887358881211
3,-25.519994045550323,-7.2448671742901425,11.954973399660009,11.2,-1015.353307231629
3,-25.271647036233333,-7.2448671742901425,11.92188259417188,11.2,-1015.714330760718
3,-25.271647036233333,-7.2448671742901425,11.837310063477052,11.2,-1016.075354289807
3,-25.14747423965226,-7.2444223939459444,11.795855694123398,11.2,-1016.434603921802
3,-25.14747423965226,-7.2444223939459444,11.750689404263955,11.2,-1016.793853553797
3,-25.023302859222003,-7.243681096190377,11.732160537611712,11.2,-1017.1513293089288
3,-25.023302859222003,-7.243681096190377,11.687223971221165,11.2,-1017.5088050640605
3,-25.023302859222003,-7.243681096190377,11.729847887446306,11.2,-1017.8662808191923
3,-25.023302859222003,-7.243681096190377,11.637497364221169,11.2,-1018.223756574324
3,-25.023302859222003,-7.243681096190377,11.555514129212538,11.2,-1018.5812323294558
3,-25.023302859222003,-7.243681096190377,11.476457180008088,11.2,-1018.9387080845876
3,-25.023302859222003,-7.243681096190377,11.407992028868216,11.2,-1019.2961838397193
3,-25.023302859222003,-7.243681096190377,11.40319282032804,11.2,-1019.6536595948511
3,-25.023302859222003,-7.243681096190377,11.28175199095869,11.2,-1020.0111353499829
3,-25.271643731886417,-7.245460206576613,11.192750576346505,11.2,-1020.372158831867
3,-25.271643731886417,-7.245460206576613,11.159350659850524,11.2,-1020.7331823137511
3,-25.395815112316676,-7.246201504332181,11.098150629898312,11.2,-1021.0959796724984
3,-25.395815112316676,-7.246201504332181,10.868082728000056,11.2,-1021.4587770312457
3,-25.64416141355624,-7.246794545072918,10.673671556662377,11.2,-1021.8251221942966
3,-25.892507714795805,-7.246201504332181,10.510670143982013,11.2,-1022.1950151616508
3,-26.38918898808459,-7.242643286941395,10.406192235960598,11.2,-1022.5720035757663
3,-26.761688259919033,-7.2386403323229676,10.441345574051045,11.2,-1022.9543134080509
3,-27.63085322753273,-7.229300104879968,10.579139973477782,11.2,-1023.3490398827299
3,-28.003360996175136,-7.226186672060494,10.946026620063666,11.2,-1023.749087896961
3,-30.238428850154865,-7.210174678584369,11.692763567394383,11.2,-1024.1810654519631
3,-31.728493912222834,-7.203058209985776,12.465963764843071,11.2,-1024.634329650709
3,-33.34274640444776,-7.204985591477299,13.31727441779133,11.2,-1025.1106545993441
3,-35.32947149760291,-7.21921846104044,14.30334721849463,11.2,-1025.615361335024
3,-36.819447343102446,-7.237009277459818,15.410314599382222,11.2,-1026.1413534399255
3,-38.185192331569795,-7.258209667900794,16.186864357936617,11.2,-1026.6868561875194
3,-39.05426808456524,-7.273776181030323,16.886293385869052,11.2,-1027.2447743030132
3,-39.17841609928435,-7.276296435307525,16.22533118077181,11.2,-1027.8044659615744
3,-39.05426808456524,-7.273776181030323,15.645865690477546,11.2,-1028.362384077068
3,-38.68180704756719,-7.267104818260525,15.353235637442786,11.2,-1028.9149813206047
3,-38.30933114162155,-7.261322893594804,15.132113998692528,11.2,-1029.4622574797709
3,-38.1851682579831,-7.259692075731051,14.813263614686313,11.2,-1030.0077598834564
3,-37.936832577824156,-7.257319946585083,14.564881562848491,11.2,-1030.549714634568
3,-37.936832577824156,-7.257319946585083,14.455060615450108,11.2,-1031.0916693856798
3,-37.936832577824156,-7.257319946585083,14.377093086720214,11.2,-1031.6336241367915
3,-37.936832577824156,-7.257319946585083,14.419544794082956,11.2,-1032.1755788879032
3,-37.936832577824156,-7.257319946585083,14.45064623902594,11.2,-1032.7175336390148
3,-37.936832577824156,-7.257319946585083,14.315547299909493,11.2,-1033.2594883901265
3,-37.936832577824156,-7.257319946585083,14.314591661677554,11.2,-1033.8014431412382
3,-37.936832577824156,-7.257319946585083,14.302650437164933,11.2,-1034.34339789235
3,-37.936832577824156,-7.257319946585083,14.325810390954048,11.2,-1034.8853526434616
3,-37.936832577824156,-7.257319946585083,14.346016339333097,11.2,-1035.4273073945733
3,-37.936832577824156,-7.257319946585083,14.419232110285252,11.2,-1035.969262145685
3,-37.936832577824156,-7.257319946585083,14.508956641702902,11.2,-1036.5112168967967
3,-37.936832577824156,-7.257319946585083,14.58427436990249,11.2,-1037.0531716479084
3,-37.936832577824156,-7.257319946585083,14.732212832559908,11.2,-1037.59512639902
3,-37.81266332161002,-7.256282135645258,14.855059129839308,11.2,-1038.1353073036146
3,-37.81266332161002,-7.256282135645258,14.976396348704906,11.2,-1038.6754882082091
3,-37.81266332161002,-7.256282135645258,15.05329040955035,11.2,-1039.2156691128037
3,-37.6884968976652,-7.254947817439115,15.125742530222137,11.2,-1039.7540762113417
3,-37.316008246749874,-7.250055363847854,15.25243076556113,11.2,-1040.2871620434382
3,-36.81936473683886,-7.242939104913329,15.189326147271405,11.2,-1040.8131529682503
3,-36.32272122692784,-7.235822845978805,14.968825667831762,11.2,-1041.3320489857779
3,-35.453557911400594,-7.226482636289456,14.637388704052567,11.2,-1041.838528384512
3,-34.46018120335528,-7.221738323890394,14.197781850661377,11.2,-1042.3308166874172
3,-33.09427524839573,-7.2233691851524515,13.57754131714201,11.2,-1042.8035920481086
3,-31.728416026235305,-7.234785083791414,13.024114831302343,11.2,-1043.2568551341976
3,-30.362733344841686,-7.259246607792526,12.379288083692963,11.2,-1043.6906084676953
3,-29.121426660671187,-7.291860128776372,11.734440549768435,11.2,-1044.106628848562
3,-27.50814672975257,-7.3477428248402505,11.179554667601293,11.2,-1044.4996023732726
3,-26.267558592542947,-7.401100108617344,10.58180367483559,11.2,-1044.8748532103089
3,-25.523367096409995,-7.436669061562749,10.05781185884797,11.2,-1045.2394727402575
3,-25.151250821385457,-7.454009231047047,9.858739801241045,11.2,-1045.5987763234202
3,-24.903108418440315,-7.464088164388585,10.205820858710892,11.2,-1045.9545350151122
3,-24.903108418440315,-7.464088164388585,10.58772928901751,11.2,-1046.3102937068043
3,-24.77901987346351,-7.46868318842097,11.025812201917915,11.2,-1046.6642797049965
3,-24.77901987346351,-7.46868318842097,11.18964877817302,11.2,-1047.0182657031887
3,-25.027280502464453,-7.462160502821485,11.361324619529826,11.2,-1047.3757982817954
3,-24.903132487745342,-7.464680757098686,11.466396403297306,11.2,-1047.7315573173346
3,-24.778978808745993,-7.466904544688619,11.613646956823366,11.2,-1048.0855427288882
3,-24.778978808745993,-7.466904544688619,11.671872846549245,11.2,-1048.4395281404418
3,-24.530657289792337,-7.47046267077428,11.675204967009353,11.2,-1048.7899661017245
3,-24.530657289792337,-7.47046267077428,11.593538850564123,11.2,-1049.1404040630073
3,-24.033998202607314,-7.476392948550132,11.572841832904787,11.2,-1049.4837468944731
3,-24.033998202607314,-7.476392948550132,11.470859925823506,11.2,-1049.827089725939
3,-23.9098317786625,-7.4777272667562755,11.494855980718055,11.2,-1050.1686587513484
3,-23.9098317786625,-7.4777272667562755,11.627613177578084,11.2,-1050.5102277767578
3,-23.9098317786625,-7.4777272667562755,11.618276319796594,11.2,-1050.8517968021672
3,-23.785662522448366,-7.4787650776961,11.674294241806637,11.2,-1051.1915919810592
3,-23.785662522448366,-7.4787650776961,11.549606530906992,11.2,-1051.5313871599512
3,-23.661491142018107,-7.479506375451669,11.479995696066705,11.2,-1051.8694084619801
3,-23.661491142018107,-7.479506375451669,11.417615311346065,11.2,-1052.207429764009
3,-23.661491142018107,-7.479506375451669,11.406126478265032,11.2,-1052.545451066038
3,-23.537318345437036,-7.479951155795867,11.316779296445185,11.2,-1052.8816984709727
3,-23.537318345437036,-7.479951155795867,11.219237441124262,11.2,-1053.2179458759074
3,-23.537318345437036,-7.479951155795867,11.11915894572298,11.2,-1053.5541932808421
3,-23.537318345437036,-7.479951155795867,11.02336850952865,11.2,-1053.8904406857769
3,-23.661491142018107,-7.479506375451669,10.980613964421485,11.2,-1054.2284619878058
3,-23.78566393859918,-7.479061595107471,10.932707022337825,11.2,-1054.5682571869286
3,-23.90983673518025,-7.478616814763273,10.77912892329582,11.2,-1054.9098262831455
3,-23.90983673518025,-7.478616814763273,10.65485072684068,11.2,-1055.2513953793625
3,-24.034008115610508,-7.477875517007705,10.518746969353149,11.2,-1055.5947383524426
3,-24.406515884252915,-7.474762084188231,10.415397695846892,11.2,-1055.9434028650749
3,-24.779015156087357,-7.470759129569803,10.336297714147568,11.2,-1056.297388795876
3,-26.0206935568821,-7.458898483839966,10.27444825350301,11.2,-1056.6691129895457
3,-26.641550459033393,-7.455191995062126,10.68507765008616,11.2,-1057.049706567532
3,-27.759105628263022,-7.451188971964347,11.165436698039468,11.2,-1057.4462652193642
3,-28.255799646897,-7.451188971964347,11.904155817811196,11.2,-1057.8499195000343
3,-30.987538861333523,-7.4707591118158785,12.709656019393572,11.2,-1058.2925986266248
3,-32.35328125382787,-7.49195946195972,13.619371975218579,11.2,-1058.7547883588222
3,-33.843019197183345,-7.5239812271819195,14.63720978443293,11.2,-1059.238260061639
3,-35.08432588135384,-7.556594748165765,15.380207870015454,11.2,-1059.739464717087
3,-36.57379761550688,-7.599287919291485,16.125920890444387,11.2,-1060.2619475401657
3,-37.19438900881178,-7.617817721336691,16.330808950092766,11.2,-1060.7932959545774
3,-37.19438900881178,-7.617817721336691,15.686238685387648,11.2,-1061.324644368989
3,-37.0702707301508,-7.61411176092765,15.173520584393579,11.2,-1061.854219665134
3,-36.57371973609079,-7.602252095860514,14.85819736375963,11.2,-1062.3767013756496
3,-36.44956605709144,-7.6000283082705815,14.583805077984255,11.2,-1062.8974094621794
3,-36.57371973609079,-7.602252095860514,14.489711783237821,11.2,-1063.419891172695
3,-36.57371973609079,-7.602252095860514,14.565934990332039,11.2,-1063.9423728832107
3,-36.697873415090136,-7.604475883450447,14.53246200946402,11.2,-1064.466628217712
3,-36.697873415090136,-7.604475883450447,14.483228150007216,11.2,-1064.9908835522133
3,-36.57371973609079,-7.602252095860514,14.611402045195897,11.2,-1065.513365262729
3,-36.57371973609079,-7.602252095860514,14.733959847538197,11.2,-1066.0358469732446
3,-36.57371973609079,-7.602252095860514,14.531359284158405,11.2,-1066.5583286837602
3,-36.44956605709144,-7.6000283082705815,14.460359247367363,11.2,-1067.07903677029
3,-36.44956605709144,-7.6000283082705815,14.444652336951599,11.2,-1067.5997448568198
3,-36.44956605709144,-7.6000283082705815,14.502951587332722,11.2,-1068.1204529433496
3,-36.44956605709144,-7.6000283082705815,14.637246254955569,11.2,-1068.6411610298794
3,-36.44956605709144,-7.6000283082705815,14.642308756646344,11.2,-1069.1618691164092
3,-36.32541237809209,-7.597804520680649,14.742407383241765,11.2,-1069.6808035789534
3,-36.32541237809209,-7.597804520680649,14.864972899405556,11.2,-1070.1997380414975
3,-36.32541237809209,-7.597804520680649,14.95843082621999,11.2,-1070.7186725040417
3,-36.07711044839062,-7.593060474304833,15.040896803172492,11.2,-1071.2340597961615
3,-35.82880851868915,-7.588316427929017,15.056975530330035,11.2,-1071.745899917857
3,-35.324353176586044,-7.588316427929017,14.890585694171307,11.2,-1072.2505335346655
3,-34.7035611799977,-7.5786799051363625,14.752127183807623,11.2,-1072.7462986943797
3,-33.958572549220165,-7.569784488472584,14.350153792217167,11.2,-1073.2314211593684
3,-32.84105136745254,-7.560444207767977,13.946407546847231,11.2,-1073.7005790360463
3,-32.46853297770933,-7.559109866735385,13.472033933704822,11.2,-1074.1644152214421
3,-30.85429582709895,-7.56489197823832,13.037779310103502,11.2,-1074.6051908761149
3,-29.736831998403538,-7.57956931111373,12.56044505590356,11.2,-1075.0300027618064
3,-28.37120643224425,-7.60729205546816,12.094158533593848,11.2,-1075.4353057108385
3,-27.50232066275573,-7.631158939548371,11.626609214676819,11.2,-1075.8281960060208
3,-26.63355713688696,-7.659175307900936,11.193435857678764,11.2,-1076.2086753936906
3,-25.76486298974648,-7.689266161984461,10.797793352590153,11.2,-1076.5767448649726
3,-25.516654750745158,-7.697567193761046,10.449938358696523,11.2,-1076.941268504269
3,-25.392536472084178,-7.701273154170082,10.597118156746326,11.2,-1077.3040190252987
3,-25.144275135250076,-7.70779585836685,10.935175942887374,11.2,-1077.6632229558022
3,-25.144275135250076,-7.70779585836685,11.276375092544415,11.2,-1078.0224268863058
3,-25.020133492743277,-7.710612564960016,11.429116231562151,11.2,-1078.3798573647734
3,-24.895985478024166,-7.7131328192372175,11.286341709165342,11.2,-1078.7355143001737
3,-24.771831799024817,-7.71535660682715,11.218327227027139,11.2,-1079.0893976115883
3,-24.647673163709605,-7.717283915049057,11.124899094100073,11.2,-1079.4415072282127
3,-24.647673163709605,-7.717283915049057,11.13127152353733,11.2,-1079.793616844837
3,-24.52351028007116,-7.718914732912811,11.052956948629687,11.2,-1080.1439527059808
3,-24.52351028007116,-7.718914732912811,11.05077414403573,11.2,-1080.4942885671246
3,-24.399343856126347,-7.720249051118953,11.106621862573054,11.2,-1080.8428506222122
3,-24.399343856126347,-7.720249051118953,11.134153966801804,11.2,-1081.1914126772997
3,-24.399343856126347,-7.720249051118953,11.17876279767211,11.2,-1081.5399747323872
3,-24.399343856126347,-7.720249051118953,11.143791428319417,11.2,-1081.8885367874748
3,-24.399343856126347,-7.720249051118953,10.969491398164223,11.2,-1082.2370988425623
3,-24.399343856126347,-7.720249051118953,10.861468242063149,11.2,-1082.5856608976499
3,-24.399343856126347,-7.720249051118953,10.778106747677747,11.2,-1082.9342229527374
3,-24.52351028007116,-7.718914732912811,10.630787031933135,11.2,-1083.2845588138812
3,-24.647673163709605,-7.717283915049057,10.508447157920576,11.2,-1083.6366684305056
3,-24.89598547802417,-7.7131328192372175,10.413278690566095,11.2,-1083.9923253659058
3,-25.144275135250084,-7.70779585836685,10.337722880228215,11.2,-1084.3515292964094
3,-25.76498334778409,-7.693712325401025,10.268674171348295,11.2,-1084.719600487092
3,-26.63405744886266,-7.678145841859929,10.210860198525092,11.2,-1085.1000870220757
3,-27.503197634331762,-7.666730116813653,10.700996035130505,11.2,-1085.4929898454234
3,-27.751527177924274,-7.6637649779257275,11.297417550458825,11.2,-1085.8894402336794
3,-30.483266392360797,-7.644194838074196,12.035838663761,11.2,-1086.324915467856
3,-31.97333995134575,-7.647753072373493,12.823389379329226,11.2,-1086.781677467161
3,-33.46335403229944,-7.661985847249298,13.820506802437496,11.2,-1087.259725381908
3,-35.32573002206447,-7.6908954156272635,14.908379515522247,11.2,-1087.7643786679375
3,-36.69135818397469,-7.718618212676481,15.718609014210676,11.2,-1088.2885409277087
3,-37.68446300359692,-7.742337610438585,16.329770694346553,11.2,-1088.8268903991886
3,-38.056817131817354,-7.753455470533115,16.070958942281155,11.2,-1089.3705592153574
3,-38.056817131817354,-7.753455470533115,15.75453989908843,11.2,-1089.9142280315261
3,-37.93271796794014,-7.749156777092617,15.250819787595589,11.2,-1090.4561240024966
3,-37.68450972893882,-7.740855745316038,14.9766843700032,11.2,-1090.9944741414815
3,-37.68450972893882,-7.740855745316038,14.76776700920292,11.2,-1091.5328242804665
3,-37.8086280075998,-7.744561705725079,14.743768478971944,11.2,-1092.072947537718
3,-37.93275478203515,-7.747971267074488,14.888356670113279,11.2,-1092.6148440346042
3,-38.181030986940705,-7.753901116515014,14.975973653090495,11.2,-1093.1602873344177
3,-38.181030986940705,-7.753901116515014,14.948853578335193,11.2,-1093.7057306342313
3,-38.056889344433905,-7.751084409921848,14.9591545181244,11.2,-1094.249400482009
3,-38.056889344433905,-7.751084409921848,14.766259910114405,11.2,-1094.7930703297866
3,-37.93275478203515,-7.747971267074487,14.64065585306577,11.2,-1095.3349668266728
3,-37.93275478203515,-7.747971267074487,14.659542047790419,11.2,-1095.876863323559
3,-37.93275478203515,-7.747971267074487,14.751710665557034,11.2,-1096.4187598204453
3,-37.93275478203515,-7.747971267074487,14.888428530669929,11.2,-1096.9606563173315
3,-37.93275478203515,-7.747971267074487,14.86992793356596,11.2,-1097.5025528142178
3,-37.93275478203515,-7.747971267074487,14.924982904163823,11.2,-1098.044449311104
3,-37.93275478203515,-7.747971267074487,15.027018147494681,11.2,-1098.5863458079903
3,-37.8086280075998,-7.744561705725078,15.224817457652357,11.2,-1099.1264690652417
3,-37.8086280075998,-7.744561705725078,15.342489439828078,11.2,-1099.6665923224932
3,-37.8086280075998,-7.744561705725078,15.42778433074878,11.2,-1100.2067155797447
3,-37.43624768429377,-7.7343330216768535,15.481160400671815,11.2,-1100.7415191180917
3,-36.8155748723,-7.718767307440049,15.2134036415975,11.2,-1101.2674559019817
3,-35.94654042110773,-7.7011255610326845,14.912913593062864,11.2,-1101.7809779079976
3,-35.69822787080006,-7.69697446127569,14.443142153162501,11.2,-1102.2909525918662
3,-33.95989132651088,-7.680369683502438,13.972836069183941,11.2,-1102.7760938965307
3,-32.3456541759005,-7.686151795005373,13.272543676740588,11.2,-1103.238174670472
3,-31.104050121155954,-7.7039423747097135,12.744294095216327,11.2,-1103.6825182436314
3,-29.986777462281953,-7.729292685862896,12.02496806010796,11.2,-1104.1109007788068
3,-28.621478992140354,-7.770058172876153,11.40423163419431,11.2,-1104.5197790501231
3,-27.132488656742883,-7.826976125319431,10.82707852801835,11.2,-1104.9073860309338
3,-26.264121555881335,-7.86536308817024,10.331107774822453,11.2,-1105.2825877674463
3,-26.264121555881335,-7.86536308817024,9.904547127231753,11.2,-1105.6577895039588
3,-25.767838164979167,-7.885520897379992,10.089408259744628,11.2,-1106.0259014777444
3,-25.767838164979167,-7.885520897379992,10.351628236047658,11.2,-1106.3940134515299
3,-26.016083218075494,-7.878405375621549,10.6569680040393,11.2,-1106.7656717832167
3,-26.14021778047425,-7.875292232774187,11.027988914099819,11.2,-1107.139103465795
3,-26.14021778047425,-7.875292232774187,11.212184288214551,11.2,-1107.5125351483732
3,-26.264376179791917,-7.873364928215656,11.312110448005095,11.2,-1107.8877405223702
3,-26.38854260373673,-7.872030610009514,11.452474536764473,11.2,-1108.2647197024237
3,-26.38854260373673,-7.872030610009514,11.447108509521332,11.2,-1108.6416988824772
3,-26.38854260373673,-7.872030610009514,11.544339783835381,11.2,-1109.0186780625306
3,-26.38854260373673,-7.872030610009514,11.621919662123508,11.2,-1109.395657242584
3,-26.38854260373673,-7.872030610009514,11.706732636092827,11.2,-1109.7726364226376
3,-26.264373347522596,-7.8730684209493385,11.751228133626771,11.2,-1110.1478417561736
3,-26.264373347522596,-7.8730684209493385,11.68451069426614,11.2,-1110.5230470897097
3,-26.264373347522596,-7.8730684209493385,11.610729542439836,11.2,-1110.8982524232458
3,-26.264373347522596,-7.8730684209493385,11.540378347035245,11.2,-1111.273457756782
3,-26.264373347522596,-7.8730684209493385,11.521703836300789,11.2,-1111.648663090318
3,-26.264373347522596,-7.8730684209493385,11.491197064719445,11.2,-1112.023868423854
3,-26.264373347522596,-7.8730684209493385,11.533104165368293,11.2,-1112.3990737573902
3,-26.264373347522596,-7.8730684209493385,11.42887727204257,11.2,-1112.7742790909263
3,-26.38854260373673,-7.872030610009514,11.368838952942305,11.2,-1113.1512582709797
3,-26.38854260373673,-7.872030610009514,11.36581449704301,11.2,-1113.5282374510332
3,-26.512709027681545,-7.870696291803371,11.302521902416863,11.2,-1113.906990437143
3,-26.512709027681545,-7.870696291803371,11.23330904773845,11.2,-1114.2857434232526
3,-26.7610305466352,-7.86713816571771,11.123799371250323,11.2,-1114.6680438596331
3,-27.00933224035366,-7.862394123850576,11.065393569569139,11.2,-1115.0538914630667
3,-27.25760844525922,-7.85646427441005,11.037972054990185,11.2,-1115.4432858694277
3,-27.505853498355545,-7.849348752651606,10.980782548284523,11.2,-1115.8362266336899
3,-27.754061737356867,-7.8410477208750216,10.951885872447637,11.2,-1116.2327132299379
3,-28.374557556742925,-7.819554253672504,10.950176448313364,11.2,-1116.638064052177
3,-29.24338385592394,-7.793612580118613,10.992935705353245,11.2,-1117.0558266786902
3,-29.615787543120206,-7.784273151576531,11.611461974866149,11.2,-1117.4789093578777
3,-31.478004224246508,-7.746469409275034,12.286098733864266,11.2,-1117.9285951325098
3,-33.21630442114063,-7.725713515964336,13.026022970646249,11.2,-1118.4031137670975
3,-34.582205183541284,-7.724082660902087,13.873063325129976,11.2,-1118.8971452697194
3,-35.94806440570171,-7.73549855954105,14.831352141576158,11.2,-1119.4106890469438
3,-37.189622437382,-7.756253979423037,15.563284364450372,11.2,-1119.941969367478
3,-38.43100346190978,-7.785903226625667,16.297599554265286,11.2,-1120.490983702648
3,-38.67924851500611,-7.79301874838411,16.4114054529297,11.2,-1121.0435443957194
3,-38.80335759013022,-7.797021086720196,15.755102419248619,11.2,-1121.5978780755784
3,-38.431060098498584,-7.784125006398702,15.310229359477487,11.2,-1122.1468932198427
3,-38.05876260686695,-7.7712289260772085,15.127761878000662,11.2,-1122.6905898285122
3,-37.81053525308186,-7.7635206273320865,14.987526973210818,11.2,-1123.2307403321277
3,-37.81053525308186,-7.7635206273320865,14.971798915500516,11.2,-1123.770890835743
3,-37.68640847864651,-7.760111065982678,14.863139159177045,11.2,-1124.3092680997238
3,-37.68640847864651,-7.760111065982678,14.709570144193458,11.2,-1124.8476453637045
3,-37.68640847864651,-7.760111065982678,14.786732915747601,11.2,-1125.3860226276852
3,-37.68640847864651,-7.760111065982678,15.068075985015676,11.2,-1125.9243998916659
3,-37.68640847864651,-7.760111065982678,15.19786280872616,11.2,-1126.4627771556466
3,-37.562281704211166,-7.75670150463327,15.45478341654622,11.2,-1126.9993811799925
3,-37.562281704211166,-7.75670150463327,15.410008964220076,11.2,-1127.5359852043384
3,-37.065759030542964,-7.743656096239731,15.399444276539977,11.2,-1128.065496047632
3,-36.69333410302256,-7.735205976460236,15.212716945660478,11.2,-1128.589686534818
3,-35.948399284014386,-7.722752724531044,15.062581772751146,11.2,-1129.1032350960181
3,-35.203392243537536,-7.715636337093142,14.761188528169374,11.2,-1129.6061406994972
3,-34.210009870880896,-7.713264180893611,14.49184208809076,11.2,-1130.094855126224
3,-33.092469571204504,-7.719935848012382,14.085007851538258,11.2,-1130.5676046915269
3,-32.099186327408866,-7.7341683117758535,13.628857818572657,11.2,-1131.026164496204
3,-30.857738041279305,-7.760853116127686,13.193910549619657,11.2,-1131.4669893253651
3,-29.49244476138722,-7.801618448168942,12.659392160722566,11.2,-1131.8883099648135
3,-28.37564785659599,-7.842973664460405,12.189505938068471,11.2,-1132.293676362765
3,-27.259063318819898,-7.889662019992508,11.726598835205023,11.2,-1132.6830915530338
3,-26.514788300194738,-7.923453810059387,11.258629517181488,11.2,-1133.0618742430365
3,-25.026405307928833,-7.994591715950231,10.889739229618613,11.2,-1133.419394318864
3,-24.654289032904295,-8.011931885434535,10.588355029679313,11.2,-1133.7715984479055
3,-24.406146629959153,-8.022010818776073,10.498187321559259,11.2,-1134.1202576854764
3,-24.157958921105138,-8.030904536248961,10.757450036428816,11.2,-1134.4653713843493
3,-24.157958921105138,-8.030904536248961,11.051952764083117,11.2,-1134.8104850832221
3,-23.909697584271036,-8.03742724044573,11.41605525402658,11.2,-1135.1520521915688
3,-23.785555941764237,-8.040243947038896,11.423408715942632,11.2,-1135.4918458478799
3,-23.661407927045126,-8.042764201316096,11.318719070197034,11.2,-1135.8298659611235
3,-23.28893272909212,-8.048546114991689,11.205884521194516,11.2,-1136.1625650001106
3,-23.164766305147307,-8.049880433197831,11.2018599528058,11.2,-1136.4934902330413
3,-23.164766305147307,-8.049880433197831,11.238206019272518,11.2,-1136.824415465972
3,-23.040597048933172,-8.050918244137655,11.380163513870995,11.2,-1137.1535668523852
3,-23.040597048933172,-8.050918244137655,11.493598888905963,11.2,-1137.4827182387985
3,-22.916425668502914,-8.051659541893223,11.594350648378839,11.2,-1137.8100957483484
3,-22.792252871921843,-8.05210432223742,11.557007641579522,11.2,-1138.1356993608044
3,-22.792252871921843,-8.05210432223742,11.476112223894015,11.2,-1138.4613029732604
3,-22.66807936726335,-8.05225258263396,11.421434164570094,11.2,-1138.7851326785071
3,-22.66807936726335,-8.05225258263396,11.42088368910253,11.2,-1139.1089623837538
3,-22.66807936726335,-8.05225258263396,11.483127737143693,11.2,-1139.4327920890005
3,-22.66807936726335,-8.05225258263396,11.499934899961147,11.2,-1139.7566217942472
3,-22.66807936726335,-8.05225258263396,11.434140978614746,11.2,-1140.0804514994938
3,-22.66807936726335,-8.05225258263396,11.367469692650378,11.2,-1140.4042812047405
3,-22.66807936726335,-8.05225258263396,11.292596405006316,11.2,-1140.7281109099872
3,-22.66807936726335,-8.05225258263396,11.249766753859205,11.2,-1141.051940615234
3,-22.66807936726335,-8.05225258263396,11.185107432832611,11.2,-1141.3757703204806
3,-22.66807936726335,-8.05225258263396,11.050216006481776,11.2,-1141.6996000257272
3,-22.792252871921843,-8.05210432223742,10.973847012563025,11.2,-1142.0252036381833
3,-22.916425668502914,-8.051659541893223,10.97466346073232,11.2,-1142.3525811477332
3,-22.916425668502914,-8.051659541893223,10.927304334535423,11.2,-1142.6799586572831
3,-22.916425668502914,-8.051659541893223,10.617522752804227,11.2,-1143.007336166833
3,-22.916425668502914,-8.051659541893223,10.379513546540256,11.2,-1143.334713676383
3,-22.916425668502914,-8.051659541893223,10.201528329830513,11.2,-1143.662091185933
3,-23.413114494572344,-8.049287383439223,10.06370806543757,11.2,-1143.996564250141
3,-24.28232737500115,-8.048249562636096,9.934833379645216,11.2,-1144.3434546412125
3,-25.027366986796057,-8.050028686549165,10.091811858866542,11.2,-1144.7009884553095
3,-26.144922156025686,-8.054031709646944,10.62757077835013,11.2,-1145.0744873432527
3,-28.00745745897172,-8.069598844154621,11.316901281247409,11.2,-1145.4745938783808
3,-29.49738657269366,-8.090947600668583,12.216461646011888,11.2,-1145.8959851151335
3,-31.235498428722877,-8.124155893738523,13.208311551237479,11.2,-1146.342206521258
3,-33.59405063121525,-8.183305495408106,14.324959707204703,11.2,-1146.8221215302754
3,-35.207588253808005,-8.231482980725568,15.59567246515549,11.2,-1147.3250870767583
3,-36.57278808017321,-8.275508702422519,16.589897110110435,11.2,-1147.8475554779036
3,-37.93787888282254,-8.322794330267994,16.94883304350667,11.2,-1148.3895251762297
3,-37.93787888282254,-8.322794330267994,16.52406484663541,11.2,-1148.9314948745557
3,-37.81377971894533,-8.318495636827496,16.028859124410186,11.2,-1149.4716917276835
3,-37.31732501137515,-8.303079039337252,15.712468471273501,11.2,-1150.0047963707032
3,-37.06906367454105,-8.296556335140483,15.306418874315403,11.2,-1150.5343544231966
3,-36.69662033831579,-8.288995586680183,15.051586031664826,11.2,-1151.0585918566012
3,-36.324132395417315,-8.28410314238838,14.803592919762897,11.2,-1151.5775080336787
3,-36.19996313920318,-8.283065331448555,14.628913705885642,11.2,-1152.0946503642388
3,-36.19996313920318,-8.283065331448555,14.550093486484165,11.2,-1152.6117926947989
3,-36.19996313920318,-8.283065331448555,14.565822072020337,11.2,-1153.128935025359
3,-36.07579388298904,-8.28202752050873,14.655842863811628,11.2,-1153.6443035094017
3,-35.9516246267749,-8.280989709568907,14.681062742231015,11.2,-1154.157898146927
3,-35.9516246267749,-8.280989709568907,14.612526278345381,11.2,-1154.6714927844523
3,-35.9516246267749,-8.280989709568907,14.686998651964299,11.2,-1155.1850874219776
3,-35.9516246267749,-8.280989709568907,14.798134432368864,11.2,-1155.698682059503
3,-35.82745537056076,-8.279951898629083,14.871767444393369,11.2,-1156.210502850511
3,-35.82745537056076,-8.279951898629083,14.982215524877496,11.2,-1156.7223236415189
3,-35.70328894661595,-8.27861758042294,15.108429013960432,11.2,-1157.2323706264706
3,-35.5791260629775,-8.276986762559186,15.16214753817909,11.2,-1157.7406438559417
3,-35.45496742766229,-8.27505945433728,15.284361979197307,11.2,-1158.2471433906226
3,-35.33081374866294,-8.272835666747348,15.375054066452304,11.2,-1158.7518693013178
3,-34.95838952903827,-8.26438556302962,15.424454480308391,11.2,-1159.2512748660183
3,-34.58600920573223,-8.254156878981394,15.50841811204959,11.2,-1159.7453607118146
3,-34.081553863629125,-8.254156878981394,15.352673206475448,11.2,-1160.2322400527235
3,-32.84024717945863,-8.221543357997549,15.062001955289995,11.2,-1160.7013864410014
3,-31.722972396897422,-8.196192998659063,14.501839664970776,11.2,-1161.1545717609572
3,-30.233102758881074,-8.171286494800679,13.892379968146983,11.2,-1161.5864732289413
3,-28.743063187370243,-8.16061187306348,13.09988677426534,11.2,-1161.9970884173322
3,-27.62550164544379,-8.159277529494624,12.271287776343291,11.2,-1162.3917384408385
3,-24.893775412064002,-8.178847576350053,11.382020924915627,11.2,-1162.747363803868
3,-23.279860423822008,-8.211610695126929,10.579102939406479,11.2,-1163.079933238494
3,-21.294047255431416,-8.273276909267041,9.805923063225881,11.2,-1163.3841339135715
3,-20.17735441166558,-8.317298781388809,9.144165687207817,11.2,-1163.6723818337382
3,-19.556969498462337,-8.341755377012014,8.563481431174814,11.2,-1163.9517671122876
3,-19.308761259461015,-8.350056408788598,8.489933239597004,11.2,-1164.2276065588512
3,-19.184642980800035,-8.353762369197634,8.738488258027484,11.2,-1164.5016728871483
3,-19.184642980800035,-8.353762369197634,9.361806713098385,11.2,-1164.7757392154454
3,-19.681165654468234,-8.340716960804096,9.505619041545028,11.2,-1165.0568987247948
3,-19.929466640238473,-8.335972932462994,9.62716309870777,11.2,-1165.341605391084
3,-20.426125255404987,-8.330042660323201,9.801060461202601,11.2,-1165.633407180447
3,-20.55029451161912,-8.329004849383377,10.055508822252289,11.2,-1165.9269828163272
3,-21.046982865641777,-8.326632693183846,10.348226401943748,11.2,-1166.2276540001221
3,-21.295329874958767,-8.326632693183846,10.687583125412404,11.2,-1166.5318729983358
3,-21.667848264701977,-8.327967034216439,11.072005547323638,11.2,-1166.8414136878314
3,-22.164537090771407,-8.330339192670438,11.453607736801377,11.2,-1167.1580499319853
3,-22.4128777274158,-8.332118301365831,11.513851313106613,11.2,-1167.4782338995199
3,-22.537044151360615,-8.333452619571974,11.357821344386247,11.2,-1167.8001916731107
3,-22.66120703499906,-8.335083437435728,11.259596555367104,11.2,-1168.1239232021821
3,-23.0336829409447,-8.340865362101448,11.230192675972152,11.2,-1168.4529758156243
3,-23.0336829409447,-8.340865362101448,11.205737520268226,11.2,-1168.7820284290665
3,-23.157841576259912,-8.342792670323355,11.003942859067646,11.2,-1169.1128547372987
3,-23.282004459898356,-8.34442348818711,10.793125078678921,11.2,-1169.4454548010115
3,-23.654511520487564,-8.347536915088645,10.627725270161104,11.2,-1169.7833763941612
3,-23.902857821727128,-8.348129955829382,10.5247517076003,11.2,-1170.1248457916145
3,-24.151204122966693,-8.347536915088645,10.521098173980361,11.2,-1170.4698629933712
3,-24.647874067194344,-8.342792670323355,10.657661928803561,11.2,-1170.8219754800455
3,-25.517014252663447,-8.33137694527708,10.822305095479972,11.2,-1171.1865042550835
3,-26.634512068166767,-8.319368081421796,11.022072856235603,11.2,-1171.5669972846288
3,-27.752009883670087,-8.307359217566512,11.653554113053891,11.2,-1171.9634545686813
3,-28.496998514447622,-8.298463800902734,12.374244673052313,11.2,-1172.370554547459
3,-30.856160569399076,-8.273111754986022,13.170428793867467,11.2,-1172.8113568413075
3,-32.22204315789244,-8.264957495174192,14.053686783678108,11.2,-1173.271671743563
3,-33.46377820447739,-8.264957495174192,15.053201820958105,11.2,-1173.7497257179127
3,-35.202203965332174,-8.269108784304688,15.66033586543715,11.2,-1174.2526143459888
3,-35.82305968737462,-8.27281526603734,16.33780867367565,11.2,-1174.7643723415229
3,-36.31970130927244,-8.279931497919076,16.000057936130897,11.2,-1175.2832252173696
3,-36.31970130927244,-8.279931497919076,15.677342389164636,11.2,-1175.8020780932163
3,-36.31970130927244,-8.279931497919076,15.249043461224037,11.2,-1176.320930969063
3,-36.071424868408094,-8.27400164284289,15.065332316105614,11.2,-1176.8362370386117
3,-35.94729030600934,-8.270888499995529,15.00668597044322,11.2,-1177.3497697572689
3,-35.94729030600934,-8.270888499995529,14.823544290451144,11.2,-1177.863302475926
3,-35.94729030600934,-8.270888499995529,14.853315250050272,11.2,-1178.3768351945832
3,-35.94729030600934,-8.270888499995529,14.856192161076452,11.2,-1178.8903679132404
3,-35.94729030600934,-8.270888499995529,14.909319784798816,11.2,-1179.4039006318976
3,-35.94729030600934,-8.270888499995529,14.83340524617013,11.2,-1179.9174333505548
3,-35.94729030600934,-8.270888499995529,14.830312006938135,11.2,-1180.430966069212
3,-35.94729030600934,-8.270888499995529,14.868314449239358,11.2,-1180.9444987878692
3,-35.94729030600934,-8.270888499995529,14.983786865402289,11.2,-1181.4580315065264
3,-35.94729030600934,-8.270888499995529,15.153780765299043,11.2,-1181.9715642251836
3,-35.94729030600934,-8.270888499995529,15.218901037574364,11.2,-1182.4850969438407
3,-35.69506263495779,-8.270888499995529,15.338838315943244,11.2,-1182.9950264100544
3,-35.446786430052235,-8.264958650555002,15.235646547297964,11.2,-1183.501409073341
3,-34.82604635645668,-8.252357379168993,15.087929965231051,11.2,-1183.9989240212903
3,-34.57773404214212,-8.248206283357153,14.750628483958376,11.2,-1184.492891650464
3,-33.21188001236293,-8.236790428116281,14.370844866294894,11.2,-1184.967347079212
3,-31.97015204654214,-8.239755623365696,13.94236145914436,11.2,-1185.4240635370197
3,-30.976837648316927,-8.251616133828952,13.488346042393148,11.2,-1185.8665897891385
3,-29.98363087344309,-8.270592301297489,12.976424680771368,11.2,-1186.2949273730449
3,-28.866421935420387,-8.298610533667292,12.483085253936316,11.2,-1186.7073048292652
3,-27.50133891695079,-8.34589589187519,12.01307732352752,11.2,-1187.1001810995074
3,-26.88101299464227,-8.371833916473134,11.562576120191462,11.2,-1187.4841955708594
3,-25.51658665288563,-8.43541453791556,11.144152113284754,11.2,-1187.8487182373292
3,-24.772395156752676,-8.470983490860966,10.809088370378477,11.2,-1188.2026095967115
3,-24.648330208110888,-8.47617108592009,10.641353770316718,11.2,-1188.5547285996845
3,-24.524241663134084,-8.480766109952475,10.877216390339388,11.2,-1188.9050749091577
3,-24.400142499256873,-8.485064803392978,11.213285388153862,11.2,-1189.253648373433
3,-24.276033424132763,-8.489067141729059,11.542127284554823,11.2,-1189.6004488509207
3,-24.151915145471783,-8.492773102138095,11.549336893863691,11.2,-1189.9454762101416
3,-24.02778837103644,-8.496182663487502,11.516892149972987,11.2,-1190.2887303297277
3,-23.779512166130882,-8.50211251292803,11.394771682019519,11.2,-1190.6284376463868
3,-23.65536415141177,-8.50463276720523,11.35486061002932,11.2,-1190.9663714199785
3,-23.531210472412422,-8.506856554795164,11.384418526363024,11.2,-1191.3025315695843
3,-23.40705183709721,-8.50878386301707,11.541696233816293,11.2,-1191.6369180244
3,-23.40705183709721,-8.50878386301707,11.62509229354321,11.2,-1191.9713044792159
3,-23.282888953458766,-8.510414680880825,11.77072367961078,11.2,-1192.303917178551
3,-23.158722529513952,-8.511748999086967,11.693786975138218,11.2,-1192.6347560718298
3,-23.034556105569138,-8.513083317293109,11.655956177255295,11.2,-1192.9638211590523
3,-23.034556105569138,-8.513083317293109,11.649207937458023,11.2,-1193.2928862462747
3,-23.034556105569138,-8.513083317293109,11.759883270279431,11.2,-1193.6219513334972
3,-22.910389681624324,-8.514417635499251,11.777981535611346,11.2,-1193.9492426146633
3,-22.910389681624324,-8.514417635499251,11.753688026384722,11.2,-1194.2765338958293
3,-22.910389681624324,-8.514417635499251,11.69319102837869,11.2,-1194.6038251769953
3,-22.78622042541019,-8.515455446439077,11.67948276894924,11.2,-1194.929342611644
3,-22.78622042541019,-8.515455446439077,11.56990106583445,11.2,-1195.2548600462926
3,-22.66204904497993,-8.516196744194644,11.511709116205312,11.2,-1195.5786036040781
3,-22.66204904497993,-8.516196744194644,11.413607607306496,11.2,-1195.9023471618636
3,-22.66204904497993,-8.516196744194644,11.345076417382332,11.2,-1196.2260907196492
3,-22.53787624839886,-8.516641524538842,11.25084621643656,11.2,-1196.5480603803405
3,-22.66204904497993,-8.516196744194644,11.178979558745162,11.2,-1196.871803938126
3,-22.66204904497993,-8.516196744194644,11.121982251485518,11.2,-1197.1955474959116
3,-22.786221841561,-8.515751963850446,11.029878536455216,11.2,-1197.521064950791
3,-22.786221841561,-8.515751963850446,10.884786334291853,11.2,-1197.8465824056705
3,-22.910394638142073,-8.515307183506248,10.752282130211906,11.2,-1198.1738737576438
3,-22.910394638142073,-8.515307183506248,10.57693940713987,11.2,-1198.5011651096172
3,-22.910394638142073,-8.515307183506248,10.38853134939746,11.2,-1198.8284564615906
3,-23.158739051176784,-8.51412110427925,10.234762068152511,11.2,-1199.1592955908932
3,-23.53125319246756,-8.511897211012545,10.108956042002687,11.2,-1199.4954563507856
3,-24.276285723501545,-8.50833897671325,9.990867833682271,11.2,-1199.84226043255
3,-25.393847265427997,-8.507004633144392,10.348654689397275,11.2,-1200.2050296791988
3,-26.138889001457198,-8.507004633144392,11.026144959079492,11.2,-1200.5784423792195
3,-28.37400571261328,-8.512341999811028,11.725108690647161,11.2,-1200.983785317971
3,-29.86404953247964,-8.523016651983383,12.531718258197122,11.2,-1201.4104145970066
3,-31.478213043762217,-8.540362788663238,13.539591788656422,11.2,-1201.8601033547745
3,-32.96814215748416,-8.5617115451772,14.6500101409695,11.2,-1202.331076814167
3,-34.70625401351338,-8.59491983824714,15.828612996299595,11.2,-1202.8268804429315
3,-35.947635038041156,-8.62456908544977,16.382362277766322,11.2,-1203.3404180863322
3,-36.31998916626159,-8.6356869455443,16.241252030354275,11.2,-1203.8592750744217
3,-36.31998916626159,-8.6356869455443,15.688172776493449,11.2,-1204.3781320625112
3,-35.94766194088926,-8.623679930536058,15.30586742009769,11.2,-1204.8916700902382
3,-35.699416887792935,-8.61656440877761,14.955869694257997,11.2,-1205.401661760064
3,-35.699416887792935,-8.61656440877761,14.790408600645403,11.2,-1205.9116534298896
3,-35.82355145019169,-8.61967755162497,14.71117664549063,11.2,-1206.4234184506067
3,-36.0718411074176,-8.625014512495337,14.70733660750405,11.2,-1206.938730466427
3,-36.19598912213671,-8.627534766772538,14.688555928845567,11.2,-1207.4558160253146
3,-36.19598912213671,-8.627534766772538,14.682898319698415,11.2,-1207.9729015842022
3,-36.19598912213671,-8.627534766772538,14.810336210837214,11.2,-1208.4899871430898
3,-36.19598912213671,-8.627534766772538,14.922876318965482,11.2,-1209.0070727019774
3,-36.07184747962991,-8.624718060179372,14.729278277998267,11.2,-1209.5223848088292
3,-36.07184747962991,-8.624718060179372,14.612786787988291,11.2,-1210.037696915681
3,-35.94771291723116,-8.62160491733201,14.55561705605587,11.2,-1210.5512356716415
3,-35.94771291723116,-8.62160491733201,14.585037919251272,11.2,-1211.064774427602
3,-35.94771291723116,-8.62160491733201,14.690441209460428,11.2,-1211.5783131835626
3,-35.94771291723116,-8.62160491733201,14.850654432353013,11.2,-1212.0918519395232
3,-35.94771291723116,-8.62160491733201,15.005884049545019,11.2,-1212.6053906954837
3,-35.94771291723116,-8.62160491733201,15.000775118885763,11.2,-1213.1189294514443
3,-35.8235783548324,-8.61849177448465,15.148978425562479,11.2,-1213.6306948565134
3,-35.451153427312,-8.610041654705155,15.1065300253768,11.2,-1214.137139905475
3,-34.95455003987508,-8.600553570970886,14.97963264281104,11.2,-1214.6364906203303
3,-34.20958548301411,-8.589879192713905,14.676454296042865,11.2,-1215.1251989843734
3,-33.34040234163929,-8.582614529943656,14.284189815620776,11.2,-1215.6014904463968
3,-32.471189461210486,-8.58157670914053,13.801962484447232,11.2,-1216.0653645815569
3,-32.09867107146727,-8.582911050173122,13.34635747497635,11.2,-1216.523917025435
3,-30.23618533283868,-8.602925709134709,12.860114226347239,11.2,-1216.9558625301897
3,-29.243029535590647,-8.62427349175003,12.366375522372461,11.2,-1217.3736200949838
3,-28.250049323205342,-8.652735578783805,11.906576379391206,11.2,-1217.7771922281725
3,-27.13315897127097,-8.691423746210711,11.456953348384733,11.2,-1218.1648087849048
3,-26.512772878853774,-8.715880388320457,11.086512186439148,11.2,-1218.5435626831743
3,-26.388695660370335,-8.720771716742405,10.755318380910214,11.2,-1218.920544049751
3,-26.14050795151632,-8.729665434215294,10.93667552405804,11.2,-1219.29397987763
3,-26.01639887639221,-8.733667772551374,11.144366220275156,11.2,-1219.6656427187213
3,-26.01639887639221,-8.733667772551374,11.420361480692904,11.2,-1220.0373055598127
3,-25.89228059773123,-8.73737373296041,11.68120810172667,11.2,-1220.4071952826375
3,-26.016407372166572,-8.733964171611003,11.60629490450949,11.2,-1220.7788582450971
3,-25.768131167261014,-8.73989402105153,11.616976333190435,11.2,-1221.1469744046294
3,-25.768131167261014,-8.73989402105153,11.4912381408931,11.2,-1221.5150905641617
3,-25.643983152541903,-8.74241427532873,11.476954977744262,11.2,-1221.8814331806266
3,-25.643983152541903,-8.74241427532873,11.449633893730583,11.2,-1222.2477757970914
3,-25.519829473542554,-8.744638062918664,11.52015497770745,11.2,-1222.6123447895707
3,-25.519829473542554,-8.744638062918664,11.566885508286136,11.2,-1222.97691378205
3,-25.519829473542554,-8.744638062918664,11.631437419803502,11.2,-1223.3414827745291
3,-25.519829473542554,-8.744638062918664,11.68782844408252,11.2,-1223.7060517670084
3,-25.519829473542554,-8.744638062918664,11.677090656522843,11.2,-1224.0706207594876
3,-25.519829473542554,-8.744638062918664,11.522571888728866,11.2,-1224.4351897519668
3,-25.395670838227343,-8.746565371140571,11.376279413139864,11.2,-1224.7979850496558
3,-25.395670838227343,-8.746565371140571,11.218715800595376,11.2,-1225.1607803473448
3,-25.395670838227343,-8.746565371140571,11.107909341653672,11.2,-1225.5235756450338
3,-25.395670838227343,-8.746565371140571,11.038144739620085,11.2,-1225.8863709427228
3,-25.395670838227343,-8.746565371140571,10.912473413113927,11.2,-1226.2491662404118
3,-25.395670838227343,-8.746565371140571,10.807796516472662,11.2,-1226.6119615381008
3,-25.395670838227343,-8.746565371140571,10.696039816047701,11.2,-1226.9747568357898
3,-25.64399259318285,-8.74300724167331,10.58868999864422,11.2,-1227.3410995871209
3,-25.89231434813836,-8.739449112206048,10.494447521314703,11.2,-1227.7109897920943
3,-26.14063610309387,-8.735890982738786,10.418267307747929,11.2,-1228.0844274507099
3,-27.382310963662995,-8.724030370825563,10.485964379690342,11.2,-1228.4756033216192
3,-28.499866132892624,-8.720027347727784,10.88553282047977,11.2,-1228.8827442663749
3,-29.74160117947757,-8.720027347727784,11.30662516542997,11.2,-1229.3076242832246
3,-30.983322064534214,-8.725957738226612,12.011426891116198,11.2,-1229.7502431698608
3,-32.9700075058058,-8.744934771394352,12.819733780449521,11.2,-1230.2212432770866
3,-34.45993661952774,-8.766283527908316,13.70495847349012,11.2,-1230.713528085937
3,-35.825562185687026,-8.794006272262747,14.704778208490977,11.2,-1231.2253218314468
3,-36.446234997680804,-8.809571986499552,15.842108562600535,11.2,-1231.7459823314136
3,-38.43232757991084,-8.861753669666511,16.60680991040355,11.2,-1232.2950155825552
3,-38.43232757991084,-8.861753669666511,16.451872919051826,11.2,-1232.8440488336967
3,-38.30819301751208,-8.85864052681915,15.818503272088593,11.2,-1233.3913087339467
3,-37.68748480497808,-8.844556993853324,15.419992567723273,11.2,-1233.929701374018
3,-37.315024475944405,-8.837885643764283,14.908359172413043,11.2,-1234.4627731522457
3,-37.19086159230596,-8.836254825900529,14.488656289048933,11.2,-1234.994071174993
3,-37.19086159230596,-8.836254825900529,14.324495241931723,11.2,-1235.5253691977402
3,-37.19086159230596,-8.836254825900529,14.317498628951784,11.2,-1236.0566672204875
3,-37.43918311125961,-8.83981295198619,14.421039290294358,11.2,-1236.5915126935056
3,-37.687495661567276,-8.843964051743184,14.417620179534804,11.2,-1237.1299054886708
3,-37.56334198256793,-8.841740264153252,14.504738497116788,11.2,-1237.6665246598504
3,-37.43918830356858,-8.839516476563318,14.6381184448763,11.2,-1238.2013702070442
3,-37.43918830356858,-8.839516476563318,14.579679594890095,11.2,-1238.736215754238
3,-37.43918830356858,-8.839516476563318,14.316448247227868,11.2,-1239.2710613014317
3,-37.43918830356858,-8.839516476563318,14.221527687036643,11.2,-1239.8059068486255
3,-37.43918830356858,-8.839516476563318,14.12995465331287,11.2,-1240.3407523958192
3,-37.43918830356858,-8.839516476563318,14.134644135894053,11.2,-1240.875597943013
3,-37.43918830356858,-8.839516476563318,14.20659433429993,11.2,-1241.4104434902067
3,-37.43918830356858,-8.839516476563318,14.326118028457884,11.2,-1241.9452890374005
3,-37.43918830356858,-8.839516476563318,14.517771023553587,11.2,-1242.4801345845942
3,-37.31503462456923,-8.837292688973385,14.465693215015708,11.2,-1243.0132065078024
3,-37.31503462456923,-8.837292688973385,14.484408199431458,11.2,-1243.5462784310105
3,-37.31503462456923,-8.837292688973385,14.488570954375339,11.2,-1244.0793503542186
3,-37.31503462456923,-8.837292688973385,14.568436552259067,11.2,-1244.6124222774267
3,-37.31503462456923,-8.837292688973385,14.721258717259825,11.2,-1245.1454942006349
3,-37.19088660985012,-8.834772434696184,14.943996375461152,11.2,-1245.6767925807756
3,-37.19088660985012,-8.834772434696184,14.934534600771565,11.2,-1246.2080909609163
3,-36.94259671665263,-8.829435468753632,14.950393314995162,11.2,-1246.7358423425828
3,-36.44599332921571,-8.819947385019363,14.706193301443799,11.2,-1247.256499390143
3,-35.70102877235474,-8.809273006762382,14.47127074178454,11.2,-1247.766514086891
3,-35.08018367137272,-8.804083961926489,14.090759366571131,11.2,-1248.2676595679106
3,-33.71427771641317,-8.802453100664431,13.670585518489991,11.2,-1248.7492921067164
3,-32.84507970555376,-8.807642175090143,13.040754734092259,11.2,-1249.2185075310815
3,-31.603475650809212,-8.825432754794482,12.52638131971882,11.2,-1249.6699857546646
3,-30.734485805018323,-8.84514966346918,11.952592790100727,11.2,-1250.1090498375934
3,-29.245125928725383,-8.891399324074264,11.436923272054933,11.2,-1250.526837350861
3,-28.500628638344654,-8.919858381437265,10.962767897988227,11.2,-1250.9339891885515
3,-28.25246287488441,-8.929344733891599,10.561264483034,11.2,-1251.33759580105
3,-28.1283637110072,-8.933643427332102,10.542840872799303,11.2,-1251.73942956835
3,-28.00425463588309,-8.937645765668183,10.754938308832854,11.2,-1252.1394903488626
3,-28.00425463588309,-8.937645765668183,11.03447466841636,11.2,-1252.5395511293752
3,-28.12837291454407,-8.933939805259147,11.372644378864287,11.2,-1252.9413850281544
3,-28.004246140108727,-8.937349366608554,11.384865082385817,11.2,-1253.3414456872988
3,-28.004246140108727,-8.937349366608554,11.397139264414507,11.2,-1253.7415063464432
3,-28.004246140108727,-8.937349366608554,11.370210873113924,11.2,-1254.1415670055876
3,-27.88011157770997,-8.940462509455916,11.340519568240481,11.2,-1254.5398543138406
3,-27.88011157770997,-8.940462509455916,11.30159020960309,11.2,-1254.9381416220936
3,-27.755969935203172,-8.943279216049081,11.36204843313986,11.2,-1255.3346554783107
3,-27.755969935203172,-8.943279216049081,11.368790834768754,11.2,-1255.7311693345277
3,-27.755969935203172,-8.943279216049081,11.244939167718817,11.2,-1256.1276831907448
3,-27.755969935203172,-8.943279216049081,11.213042733362,11.2,-1256.524197046962
3,-27.755969935203172,-8.943279216049081,11.241780531044641,11.2,-1256.920710903179
3,-27.755969935203172,-8.943279216049081,11.175626495173967,11.2,-1257.3172247593961
3,-27.88011157770997,-8.940462509455916,11.157850540812296,11.2,-1257.7155120676491
3,-27.88011157770997,-8.940462509455916,11.033633509138298,11.2,-1258.113799375902
3,-27.88011157770997,-8.940462509455916,10.911235232949634,11.2,-1258.512086684155
3,-28.00425322021677,-8.93764580286275,10.798199757731604,11.2,-1258.912147444444
3,-28.376697264374105,-8.930085040031146,10.702901349908467,11.2,-1259.317528833935
3,-28.87332189300323,-8.921782848407467,10.636087307237068,11.2,-1259.730004860978
3,-29.618309815753,-8.912887440197778,10.848952573174431,11.2,-1260.1531235726316
3,-30.487494609251947,-8.905622763619004,11.248132846056695,11.2,-1260.5886592099066
3,-31.48087131729726,-8.900878451219942,11.69517742001826,11.2,-1261.0383859430108
3,-32.84677727225681,-8.902509312482,12.437004575225716,11.2,-1261.5076256183288
3,-34.46097453481004,-8.916000829055319,13.247764118905557,11.2,-1261.9999252545404
3,-35.70253256649033,-8.936756248937305,14.153665800107618,11.2,-1262.5099614340616
3,-36.94391359101812,-8.966405496139936,15.175252653706885,11.2,-1263.037731628219
3,-37.812801012065535,-8.990272425585793,15.760757755824253,11.2,-1263.57791449982
3,-38.68162896269241,-9.016214148449082,15.961344222757313,11.2,-1264.1305091992872
3,-38.68162896269241,-9.016214148449082,15.774639238035666,11.2,-1264.6831038987543
3,-38.68162896269241,-9.016214148449082,15.43842249150992,11.2,-1265.2356985982215
3,-38.30927412670946,-9.005096267221958,15.251242717241807,11.2,-1265.7829739428887
3,-38.06101278987536,-8.99857356302519,15.070382317702675,11.2,-1266.3267026970298
3,-37.936878227476605,-8.995460420177828,14.79721452806951,11.2,-1266.8686581002794
3,-37.936878227476605,-8.995460420177828,14.551669080679384,11.2,-1267.410613503529
3,-37.936878227476605,-8.995460420177828,14.502615408130634,11.2,-1267.9525689067787
3,-37.936878227476605,-8.995460420177828,14.505236632409078,11.2,-1268.4945243100283
3,-37.936878227476605,-8.995460420177828,14.56213167292163,11.2,-1269.036479713278
3,-37.936878227476605,-8.995460420177828,14.70591982061357,11.2,-1269.5784351165275
3,-37.936878227476605,-8.995460420177828,14.880251047847235,11.2,-1270.1203905197772
3,-37.81275145304126,-8.99205085882842,15.072417740839207,11.2,-1270.660572683392
3,-37.81275145304126,-8.99205085882842,14.97137249089268,11.2,-1271.200754847007
3,-37.68862467860591,-8.988641297479013,14.927460473691918,11.2,-1271.739163770987
3,-37.192072268794796,-8.976781598597961,14.98724153707753,11.2,-1272.2704790891128
3,-36.81962822463746,-8.969220835766356,14.7059000418122,11.2,-1272.7964737780362
3,-36.19883622804912,-8.9595843129737,14.582287386323939,11.2,-1273.3136000098655
3,-35.95050054789017,-8.957212183827732,14.2238834013043,11.2,-1273.827178589121
3,-34.8329475028807,-8.953209168338816,13.957133452567348,11.2,-1274.3247921248765
3,-33.839573627112784,-8.957953467211077,13.54824697602125,11.2,-1274.8082146052639
3,-32.97043509368302,-8.969369170558618,13.15509281992968,11.2,-1275.279220820888
3,-32.101400642490745,-8.987010916965984,12.726553224432532,11.2,-1275.7378122586379
3,-31.232514873002224,-9.010877801046195,12.295143381874217,11.2,-1276.1839910425379
3,-30.363822377053268,-9.040968597933789,11.895137899170317,11.2,-1276.6177599336386
3,-29.867490378425135,-9.059941320873897,11.583460006397875,11.2,-1277.044438367616
3,-29.495224743494724,-9.07372639297105,11.375970896495982,11.2,-1277.4657987210946
3,-29.371125579617512,-9.078025086411554,11.284100382515316,11.2,-1277.885386229375
3,-29.247016504493402,-9.082027424747634,11.452073584703538,11.2,-1278.3032007508677
3,-29.122898225832422,-9.08573338515667,11.625288826134557,11.2,-1278.719242154094
3,-29.122898225832422,-9.08573338515667,11.847920289182747,11.2,-1279.1352835573202
3,-28.99877145139708,-9.08914294650608,12.111853849658383,11.2,-1279.5495517209117
3,-28.874636888998324,-9.092256089353441,12.069305881463833,11.2,-1279.9620465336118
3,-28.874636888998324,-9.092256089353441,11.955657545759726,11.2,-1280.3745413463118
3,-28.750495246491525,-9.095072795946606,11.924242604311988,11.2,-1280.785262706976
3,-28.626347231772414,-9.097593050223807,11.92645974785617,11.2,-1281.1942105245728
3,-28.626347231772414,-9.097593050223807,11.92266404011115,11.2,-1281.6031583421695
3,-28.626347231772414,-9.097593050223807,11.99278935757034,11.2,-1282.0121061597663
3,-28.626347231772414,-9.097593050223807,12.116118586631066,11.2,-1282.421053977363
3,-28.502193552773065,-9.09981683781374,12.025850423085132,11.2,-1282.8282281709742
3,-28.502193552773065,-9.09981683781374,11.94449741036144,11.2,-1283.2354023645853
3,-28.502193552773065,-9.09981683781374,11.873318009979247,11.2,-1283.6425765581964
3,-28.378034917457853,-9.101744146035648,11.788216062155522,11.2,-1284.0479770570173
3,-28.378034917457853,-9.101744146035648,11.727462163961528,11.2,-1284.4533775558382
3,-28.25387203381941,-9.103374963899402,11.74183550248772,11.2,-1284.8570042991785
3,-28.25387203381941,-9.103374963899402,11.637115672886901,11.2,-1285.2606310425188
3,-28.25387203381941,-9.103374963899402,11.506961556678373,11.2,-1285.664257785859
3,-28.25387203381941,-9.103374963899402,11.388930843993696,11.2,-1286.0678845291993
3,-28.25387203381941,-9.103374963899402,11.334812723545241,11.2,-1286.4715112725396
3,-28.378034917457853,-9.101744146035648,11.24616076188649,11.2,-1286.8769117713605
3,-28.378034917457853,-9.101744146035648,11.13794845294297,11.2,-1287.2823122701814
3,-28.502197801096298,-9.100113328171894,11.034512037818017,11.2,-1287.6894865244828
3,-28.626360684734742,-9.09848251030814,10.933807250458694,11.2,-1288.0984345342647
3,-29.24719162439706,-9.091810931958605,10.863618966908763,11.2,-1288.5162515574705
3,-30.116399548293316,-9.088697475467226,10.81713140865406,11.2,-1288.9464858367319
3,-30.73726707158579,-9.089438777449924,11.177474245236205,11.2,-1289.3855896520402
3,-31.60647664765328,-9.092552239859307,11.608083098100568,11.2,-1289.8371107470066
3,-33.22067391020651,-9.106043756432626,12.084755675426402,11.2,-1290.3116918028668
3,-34.46228150497479,-9.12383438686093,12.689451150380476,11.2,-1290.8040101100808
3,-35.70378997356709,-9.147554596196601,13.423591243604278,11.2,-1291.3140642525602
3,-37.0693480411419,-9.178538368721416,14.251597692645328,11.2,-1291.8436263674337
3,-38.434739964623866,-9.216043472276054,15.192166042163507,11.2,-1292.392694081214
3,-39.427650323413665,-9.246876696560035,16.041614031413978,11.2,-1292.9559462286913
3,-40.42048327941895,-9.28008082366635,16.4219715729849,11.2,-1293.5333817041117
3,-40.42048327941895,-9.28008082366635,15.963746249214639,11.2,-1294.110817179532
3,-40.42048327941895,-9.28008082366635,15.611537780366444,11.2,-1294.6882526549523
3,-40.29638411554174,-9.275782130225851,15.505302544540708,11.2,-1295.2639152851743
3,-40.04815676175665,-9.268073831480729,15.366274903893649,11.2,-1295.8360318103423
3,-39.924029987321305,-9.26466427013132,15.125476709154709,11.2,-1296.4063750958755
3,-39.67575378241575,-9.258734420690793,14.963414006303454,11.2,-1296.9731715784815
3,-39.30330973825841,-9.251173657859187,14.893937539132866,11.2,-1297.534647431885
3,-39.30330973825841,-9.251173657859187,14.759412203052035,11.2,-1298.0961232852887
3,-39.179156059259064,-9.248949870269254,14.701923418884117,11.2,-1298.6558255147067
3,-39.05499742394385,-9.247022562047347,14.737460992057413,11.2,-1299.2137540493345
3,-38.8066681163606,-9.24405742597745,14.562610313379592,11.2,-1299.7681350224254
3,-38.682501692415784,-9.242723107771308,14.546434193572916,11.2,-1300.32074218946
3,-38.55833526847097,-9.241388789565166,14.541737324063154,11.2,-1300.8715755504381
3,-38.18582749982856,-9.23827535674569,14.71043352140161,11.2,-1301.4170873718642
3,-38.18582749982856,-9.23827535674569,14.569165125015324,11.2,-1301.9625991932903
3,-37.81331335853778,-9.236051463478987,14.533134520249957,11.2,-1302.5027893841266
3,-37.56496705729822,-9.23545842273825,14.387764435503065,11.2,-1303.0394317706593
3,-36.944099534005744,-9.236199724720947,14.302640213821556,11.2,-1303.567204621145
3,-36.447411179983085,-9.238571880920478,14.167863407549891,11.2,-1304.0878819237162
3,-35.82656489891241,-9.243760935619601,13.975795858553758,11.2,-1304.5996899937006
3,-35.08157697616264,-9.25265634382929,13.780061354941566,11.2,-1305.1008553790743
3,-34.46078379958657,-9.262292884938825,13.497666285676848,11.2,-1305.593152290497
3,-33.71587871843119,-9.276525010540228,13.241358791142195,11.2,-1306.0748077007604
3,-33.09517050589719,-9.290608543506053,12.972991780611117,11.2,-1306.5475958508446
3,-32.474497693903416,-9.306174257742859,12.710465444095409,11.2,-1307.0115172464718
3,-31.48151748151811,-9.334636344776634,12.384131334943273,11.2,-1307.4612532104936
3,-30.860972105897563,-9.354648036457037,12.127582062188518,11.2,-1307.902124240578
3,-30.116346681211024,-9.379551155454395,11.846981962126153,11.2,-1308.3323577645951
3,-29.743992552990587,-9.39066901554892,11.666631798116713,11.2,-1308.7572719439236
3,-29.743992552990587,-9.39066901554892,11.549109368981998,11.2,-1309.182186123252
3,-29.495690859272127,-9.395413057416054,11.571671976164092,11.2,-1309.6035531355274
3,-29.371532223956915,-9.39734036563796,11.726803842071167,11.2,-1310.0231464530125
3,-29.24736934031847,-9.398971183501715,11.898050552991094,11.2,-1310.440966015017
3,-29.123202916373657,-9.400305501707857,12.144794641632831,11.2,-1310.8570117709653
3,-29.123202916373657,-9.400305501707857,12.4039280329872,11.2,-1311.2730575269136
3,-29.123202916373657,-9.400305501707857,12.542028887078516,11.2,-1311.6891032828619
3,-28.75069514773125,-9.40341893452733,12.531843739960607,11.2,-1312.099827499258
3,-28.75069514773125,-9.40341893452733,12.44452236167686,11.2,-1312.5105517156542
3,-28.50235097071992,-9.404605012627096,12.434859658274355,11.2,-1312.917728158093
3,-28.378177466061427,-9.404753273023635,12.396711617354224,11.2,-1313.3231306933226
3,-28.254003961402933,-9.404605012627096,12.468452356129925,11.2,-1313.7267593213426
3,-28.129831164821862,-9.404160232282898,12.529406123116038,11.2,-1314.1286140522686
3,-28.005659784391604,-9.40341893452733,12.472225729602377,11.2,-1314.5286949063313
3,-27.88149052817747,-9.402381123587507,12.432087887912887,11.2,-1314.9270019138767
3,-27.757324104232655,-9.401046805381364,12.45466056435698,11.2,-1315.3235351153658
3,-27.63316122059421,-9.39941598751761,12.499558018666116,11.2,-1315.7182945613743
3,-27.509002585279,-9.397488679295703,12.511670295072925,11.2,-1316.1112803125925
3,-27.509002585279,-9.397488679295703,12.471832278807454,11.2,-1316.5042660638107
3,-27.38484890627965,-9.395264891705772,12.569588851164902,11.2,-1316.8954781910434
3,-27.38484890627965,-9.395264891705772,12.571276318020258,11.2,-1317.286690318276
3,-27.26070089156054,-9.39274463742857,12.579454208480525,11.2,-1317.6761289024412
3,-27.26070089156054,-9.39274463742857,12.591665458709882,11.2,-1318.0655674866064
3,-27.13655924905374,-9.389927930835405,12.60422442549875,11.2,-1318.4532326187357
3,-27.012424686654985,-9.386814787988044,12.583409010778384,11.2,-1318.8391243999736
3,-27.012424686654985,-9.386814787988044,12.542970988107344,11.2,-1319.2250161812115
3,-27.012424686654985,-9.386814787988044,12.537151723117228,11.2,-1319.6109079624493
3,-26.88829791221964,-9.383405226638637,12.542579680150242,11.2,-1319.9950265040525
3,-26.7641711377843,-9.37999566528923,12.544516321150478,11.2,-1320.3773718060208
3,-26.640044363348956,-9.376586103939822,12.474420709003013,11.2,-1320.7579438683545
3,-26.391783026514855,-9.370063399743053,12.23427594093668,11.2,-1321.134969340162
3,-26.019358098994452,-9.361613279963558,11.981598515857312,11.2,-1321.506674455862
3,-25.522754711557532,-9.35212519622929,11.659006822624741,11.2,-1321.8712852374556
3,-25.150266768659062,-9.347232751937486,11.28555626361634,11.2,-1322.2305747627222
3,-24.90192613201467,-9.345453643242093,10.959852272106387,11.2,-1322.586316564608
3,-24.777753335433598,-9.345008862897895,10.722866084847832,11.2,-1322.9402844694
3,-24.90192613201467,-9.345453643242093,10.564531242738003,11.2,-1323.2960262712859
3,-25.026097512444927,-9.34619494099766,10.553555882211294,11.2,-1323.653541950035
3,-25.150268892875186,-9.346936238753228,10.55238558116672,11.2,-1324.0128315056477
3,-25.274440273305444,-9.347677536508796,10.54867444160845,11.2,-1324.3738949381234
3,-25.398611653735703,-9.348418834264363,10.571253226923355,11.2,-1324.7367322474624
3,-25.398611653735703,-9.348418834264363,10.630994814062557,11.2,-1325.0995695568015
3,-25.398611653735703,-9.348418834264363,10.559517997085232,11.2,-1325.4624068661406
3,-26.019475636641054,-9.350642735985351,10.322145464889218,11.2,-1325.8341136609497
3,-26.640339619546406,-9.35286663770634,10.119509864937054,11.2,-1326.214689941229
3,-27.2611965216977,-9.356573126484179,9.966498366040481,11.2,-1326.6041356058247
3,-27.88205342384899,-9.360279615262018,10.246731060830495,11.2,-1327.0024506547368
3,-29.372097243715352,-9.370954267434373,10.684610508877054,11.2,-1327.4220520439328
3,-30.613776824586644,-9.382814924436428,11.256942301361612,11.2,-1327.8593917128555
3,-32.1037923216322,-9.397047712838894,12.022365102389077,11.2,-1328.3180173174503
3,-32.60046415398072,-9.401791975639716,12.919374106632684,11.2,-1328.7837382339358
3,-35.87942387765089,-9.401791975639716,13.892748162410793,11.2,-1329.2963014321879
3,-37.24528569600638,-9.413207895977788,14.984390149058928,11.2,-1329.8283769421307
3,-38.48699005932845,-9.42210344790897,16.23414590087587,11.2,-1330.3781910858354
3,-39.72869442265052,-9.430998999840153,16.471359983976058,11.2,-1330.945743863302
3,-39.977035295314934,-9.432778110226389,16.076921996925737,11.2,-1331.5168443675207
3,-39.977035295314934,-9.432778110226389,15.551119158299782,11.2,-1332.0879448717394
3,-39.977035295314934,-9.432778110226389,15.282242051341141,11.2,-1332.6590453759582
3,-39.977035295314934,-9.432778110226389,15.241884617335224,11.2,-1333.230145880177
3,-39.977035295314934,-9.432778110226389,15.405616890965407,11.2,-1333.8012463843957
3,-39.977035295314934,-9.432778110226389,15.384246604521557,11.2,-1334.3723468886144
3,-39.977035295314934,-9.432778110226389,15.237000366444038,11.2,-1334.9434473928331
3,-39.977035295314934,-9.432778110226389,15.12603485055565,11.2,-1335.514547897052
3,-39.977035295314934,-9.432778110226389,15.213873760397416,11.2,-1336.0856484012706
3,-39.977035295314934,-9.432778110226389,15.243006428954077,11.2,-1336.6567489054894
3,-39.977035295314934,-9.432778110226389,15.202838715497949,11.2,-1337.2278494097081
3,-39.852866039100796,-9.431740299286563,15.307450085755592,11.2,-1337.7971760674095
3,-39.852866039100796,-9.431740299286563,15.417609293698398,11.2,-1338.3665027251109
3,-39.852866039100796,-9.431740299286563,15.501303163751693,11.2,-1338.9358293828122
3,-39.852866039100796,-9.431740299286563,15.62530875978226,11.2,-1339.5051560405136
3,-39.72869961515598,-9.43040598108042,15.762447761456592,11.2,-1340.0727088921587
3,-39.72869961515598,-9.43040598108042,15.876206439717548,11.2,-1340.6402617438039
3,-39.35620034332154,-9.426403026461992,15.99368924651071,11.2,-1341.2024931772798
3,-39.10786442714728,-9.42403089506158,15.882424135304701,11.2,-1341.7611769548105
3,-38.114501880569705,-9.41691446028001,15.704412456452365,11.2,-1342.3056698388186
3,-36.99694246287552,-9.415580119247418,15.326444351743866,11.2,-1342.8341975882884
3,-35.87940216319913,-9.42225178636619,14.874509261795806,11.2,-1343.346760476334
3,-34.513613039238074,-9.440190748769467,14.309988669117985,11.2,-1343.8398120911804
3,-33.147987473078786,-9.467913493123898,13.62121498805461,11.2,-1344.3133547693672
3,-31.162032710602023,-9.52483750489144,12.942616490459868,11.2,-1344.758526665233
3,-29.672906457477936,-9.578199809728769,12.170543829232784,11.2,-1345.1824253289112
3,-29.176574458849803,-9.597172532668877,11.451965123096892,11.2,-1345.5992335354663
3,-26.32308064008868,-9.716487219028696,10.735224484426595,11.2,-1345.9752775446104
3,-25.206729693083858,-9.768507826361025,10.07475524327597,11.2,-1346.3353736830832
3,-24.586468657161237,-9.79592703342234,9.511591087258001,11.2,-1346.686608949614
3,-24.214203729823783,-9.809712079317176,9.71048107329064,11.2,-1347.0325261457544
3,-24.090085687083636,-9.813418032682018,10.067745396058964,11.2,-1347.3766702269984
3,-23.96595112468488,-9.816531175529379,10.486455197284988,11.2,-1347.7190409573511
3,-23.717661467458967,-9.821868136399745,10.736335227664915,11.2,-1348.0578646926006
3,-23.717661467458967,-9.821868136399745,10.685492929240361,11.2,-1348.39668842785
3,-23.345186269505962,-9.827650050075338,10.689456184305605,11.2,-1348.730191088843
3,-23.22101984556115,-9.82898436828148,10.704307666981046,11.2,-1349.0619199437795
3,-23.22101984556115,-9.82898436828148,10.826190298442826,11.2,-1349.393648798716
3,-23.22101984556115,-9.82898436828148,10.93198966571093,11.2,-1349.7253776536525
3,-23.22101984556115,-9.82898436828148,11.173274056679592,11.2,-1350.057106508589
3,-23.096850589347014,-9.830022179221306,11.380150853237714,11.2,-1350.3870615170083
3,-23.096850589347014,-9.830022179221306,11.60256985100311,11.2,-1350.7170165254277
3,-22.972679208916755,-9.830763476976873,11.514966619794327,11.2,-1351.0451976569836
3,-22.848506412335684,-9.831208257321071,11.405440916661313,11.2,-1351.3716048914455
3,-22.72433290767719,-9.83135651771761,11.380504019237016,11.2,-1351.696238218698
3,-22.72433290767719,-9.83135651771761,11.391908048095479,11.2,-1352.0208715459505
3,-22.72433290767719,-9.83135651771761,11.513793192372388,11.2,-1352.345504873203
3,-22.72433290767719,-9.83135651771761,11.511174942387003,11.2,-1352.6701382004555
3,-22.72433290767719,-9.83135651771761,11.480174199657283,11.2,-1352.994771527708
3,-22.72433290767719,-9.83135651771761,11.46375152007753,11.2,-1353.3194048549606
3,-22.72433290767719,-9.83135651771761,11.458379421432436,11.2,-1353.644038182213
3,-22.72433290767719,-9.83135651771761,11.479484316454178,11.2,-1353.9686715094656
3,-22.72433290767719,-9.83135651771761,11.369286130762257,11.2,-1354.293304836718
3,-22.72433290767719,-9.83135651771761,11.327544145315638,11.2,-1354.6179381639706
3,-22.72433290767719,-9.83135651771761,11.253685140443402,11.2,-1354.9425714912231
3,-22.72433290767719,-9.83135651771761,11.231740463554335,11.2,-1355.2672048184756
3,-22.848506412335684,-9.831208257321071,11.181649884891549,11.2,-1355.5936120529375
3,-22.848506412335684,-9.831208257321071,11.183496261403473,11.2,-1355.9200192873993
3,-22.972679208916755,-9.830763476976873,11.033781223193023,11.2,-1356.2482004189553
3,-22.972679208916755,-9.830763476976873,10.914999819263823,11.2,-1356.5763815505113
3,-22.972679208916755,-9.830763476976873,10.80336657977967,11.2,-1356.9045626820673
3,-22.972679208916755,-9.830763476976873,10.598603827325384,11.2,-1357.2327438136233
3,-23.096850589347014,-9.830022179221306,10.436257735969505,11.2,-1357.5626988220426
3,-23.22101984556115,-9.828984368281482,10.292932142557246,11.2,-1357.8944276769791
3,-23.71767846072766,-9.82305409614169,10.151859424107597,11.2,-1358.2332516549895
3,-23.841837096042873,-9.821126787919782,10.051515759891545,11.2,-1358.5738493277902
3,-25.20762622000393,-9.803187825516504,10.141321367457406,11.2,-1358.9339582737903
3,-26.449305800875223,-9.791327168514451,10.682168305003323,11.2,-1359.311805499517
3,-27.81516761923071,-9.77991124817638,11.330079406706213,11.2,-1359.7091650369346
3,-29.30523268129868,-9.772794779577787,12.140808132650713,11.2,-1360.127811218096
3,-30.91948824185911,-9.77086739442277,13.06168872940279,11.2,-1360.5695181929798
3,-33.03042177132144,-9.778428645901833,14.146197837567296,11.2,-1361.0413813611415
3,-34.520435852275135,-9.79266142077764,15.305548331909849,11.2,-1361.5345304447453
3,-35.02489119437824,-9.79266142077764,16.09653029795335,11.2,-1362.0348860332365
3,-36.88726718414327,-9.821570989155605,16.7603893754632,11.2,-1362.56184699301
3,-37.01141519886238,-9.824091243432807,16.289234290767446,11.2,-1363.090581495851
3,-36.76311350514392,-9.819347201565673,15.758773327131347,11.2,-1363.6157688316387
3,-36.39063759919828,-9.813565276899952,15.35484968478218,11.2,-1364.1356350830558
3,-36.39063759919828,-9.813565276899952,15.10193330283817,11.2,-1364.655501334473
3,-36.51479623451349,-9.81549258512186,14.84182093907802,11.2,-1365.1771412806804
3,-36.51479623451349,-9.81549258512186,14.779077542424087,11.2,-1365.6987812268878
3,-36.51479623451349,-9.81549258512186,14.844618839666424,11.2,-1366.2204211730952
3,-36.51479623451349,-9.81549258512186,14.867028840342833,11.2,-1366.7420611193027
3,-36.51479623451349,-9.81549258512186,14.964845425156096,11.2,-1367.26370106551
3,-36.51479623451349,-9.81549258512186,14.908599323853302,11.2,-1367.7853410117175
3,-36.51479623451349,-9.81549258512186,14.826582686036124,11.2,-1368.306980957925
3,-36.51479623451349,-9.81549258512186,14.787980571463489,11.2,-1368.8286209041323
3,-36.51479623451349,-9.81549258512186,14.854626467085804,11.2,-1369.3502608503397
3,-36.51479623451349,-9.81549258512186,14.994449070361654,11.2,-1369.8719007965472
3,-36.51479623451349,-9.81549258512186,15.209319426623484,11.2,-1370.3935407427546
3,-36.39064255551414,-9.813268797531926,15.412984302582194,11.2,-1370.9134070649761
3,-36.39064255551414,-9.813268797531926,15.427596828901402,11.2,-1371.4332733871977
3,-36.018181518516094,-9.806597434762127,15.480534796613767,11.2,-1371.9478188374621
3,-35.51372617641299,-9.806597434762127,15.377907787579211,11.2,-1372.4551577828395
3,-35.017083138505676,-9.799481182590807,15.217054275297059,11.2,-1372.9554018276754
3,-34.272076098028826,-9.792364795152904,14.999240967729136,11.2,-1373.4450029147902
3,-33.40287643501701,-9.787175710863929,14.608605884811368,11.2,-1373.9221868638617
3,-32.16114492881919,-9.787175710863929,14.189729988082776,11.2,-1374.3816317914163
3,-30.919441745597222,-9.796071254340893,13.715473596610755,11.2,-1374.8233381020677
3,-29.801977916901812,-9.810748587216302,13.156758736365044,11.2,-1375.2490806437377
3,-28.43628744790898,-9.835210250705561,12.598886299170218,11.2,-1375.655313321565
3,-26.82244916286876,-9.871827366815713,12.056549288503334,11.2,-1376.0384911667488
3,-25.705308192950657,-9.902513418960389,11.485470925721602,11.2,-1376.4057098552196
3,-24.58832863996375,-9.938534395517248,10.992480871449956,11.2,-1376.7569716929333
3,-23.843764805777663,-9.965215573293353,10.596505195010769,11.2,-1377.0975969044443
3,-22.85093184977238,-9.99841970039969,10.26948791466774,11.2,-1377.4240387880125
3,-22.602671220771438,-10.004942385999176,10.192683537552895,11.2,-1377.7469340911664
3,-22.478523206052326,-10.007462640276376,10.458527539845779,11.2,-1378.068055851253
3,-22.230210891737762,-10.011613736088215,10.818962737002668,11.2,-1378.3856302925635
3,-22.106048008099318,-10.013244553951969,11.171196344910399,11.2,-1378.7014309783935
3,-22.106048008099318,-10.013244553951969,11.233039823179846,11.2,-1379.0172316642236
3,-21.85770383108799,-10.014430632051734,11.242948817020997,11.2,-1379.3294845760963
3,-21.733531034506917,-10.014875412395932,11.180715821352132,11.2,-1379.639963590875
3,-21.485184733267353,-10.01546845313667,11.223794876592015,11.2,-1379.9468948013503
3,-21.36101122860886,-10.01532019274013,11.313547723869213,11.2,-1380.252052104616
3,-21.23683843202779,-10.014875412395932,11.328903250149358,11.2,-1380.555435510788
3,-21.23683843202779,-10.014875412395932,11.397709329314635,11.2,-1380.8588189169598
3,-21.11266705159753,-10.014134114640365,11.42268417238688,11.2,-1381.1604284462683
3,-20.988497795383395,-10.01309630370054,11.424227445504519,11.2,-1381.4602641290594
3,-20.988497795383395,-10.01309630370054,11.490221862181857,11.2,-1381.7600998118505
3,-20.988497795383395,-10.01309630370054,11.470388884052257,11.2,-1382.0599354946416
3,-20.86433137143858,-10.011761985494397,11.48420198041332,11.2,-1382.3579973713765
3,-20.86433137143858,-10.011761985494397,11.436821854618723,11.2,-1382.6560592481114
3,-20.86433137143858,-10.011761985494397,11.426180682391347,11.2,-1382.9541211248463
3,-20.740168487800137,-10.010131167630643,11.393284390968137,11.2,-1383.2504092461006
3,-20.740168487800137,-10.010131167630643,11.319093278655805,11.2,-1383.546697367355
3,-20.740168487800137,-10.010131167630643,11.247156121267437,11.2,-1383.8429854886092
3,-20.740168487800137,-10.010131167630643,11.185943952540438,11.2,-1384.1392736098635
3,-20.740168487800137,-10.010131167630643,11.084396844888461,11.2,-1384.4355617311178
3,-20.740168487800137,-10.010131167630643,11.051344878124196,11.2,-1384.731849852372
3,-20.740168487800137,-10.010131167630643,10.938711088249399,11.2,-1385.0281379736264
3,-20.740168487800137,-10.010131167630643,10.802739949354462,11.2,-1385.3244260948807
3,-20.86433137143858,-10.011761985494397,10.696972325746536,11.2,-1385.6224879716156
3,-20.86433137143858,-10.011761985494397,10.5554579478151,11.2,-1385.9205498483504
3,-20.988494255077025,-10.013392803358151,10.404218031968126,11.2,-1386.220385480566
3,-21.11265713871547,-10.015023621221905,10.287666558692738,11.2,-1386.5219948682618
3,-21.236823562660284,-10.016357939428048,10.092650822509748,11.2,-1386.8253780620141
3,-21.73350483594907,-10.019916156818832,9.905516788530491,11.2,-1387.1358567025277
3,-22.2301974384282,-10.019916156818832,9.928404509422139,11.2,-1387.453430951648
3,-22.726878711716985,-10.016357939428048,9.969005780950582,11.2,-1387.7781006475298
3,-23.72022237641402,-10.006869413826404,10.133621771416141,11.2,-1388.1169609671929
3,-24.837745682341236,-9.99752911536798,10.578828302074568,11.2,-1388.471785905512
3,-26.327759763294928,-9.983296340492176,11.352497489107328,11.2,-1388.8478967592732
3,-27.569407481257482,-9.968470646052547,12.183243249408156,11.2,-1389.2417454375768
3,-29.680236688319308,-9.94578723654812,13.101052553344273,11.2,-1389.6657488188384
3,-31.791114043959606,-9.928144450571098,14.116953591052557,11.2,-1390.119907590895
3,-33.15701221008229,-9.923251876084645,15.264182026014891,11.2,-1390.5935791938962
3,-34.647095682140694,-9.923251876084647,16.008696792740476,11.2,-1391.0885377036411
3,-36.01300423338414,-9.924882740446584,16.61613244109575,11.2,-1391.6030091926896
3,-36.3855176666096,-9.927106629486175,16.384068473602994,11.2,-1392.1228023022127
3,-36.26135124266479,-9.925772311280033,15.842741682725828,11.2,-1392.6408216056793
3,-36.13718481871997,-9.92443799307389,15.363698449040713,11.2,-1393.1570671030895
3,-35.88884418207558,-9.922658884378498,15.107992003102225,11.2,-1393.6697648771192
3,-36.01301556250584,-9.923400182134065,15.04703502791119,11.2,-1394.1842365280122
3,-36.01301556250584,-9.923400182134065,15.184582907354285,11.2,-1394.6987081789052
3,-36.01301556250584,-9.923400182134065,14.975110151605662,11.2,-1395.2131798297983
3,-35.888846306291704,-9.92236237119424,14.789127395228888,11.2,-1395.725877634174
3,-35.888846306291704,-9.92236237119424,14.727626786734241,11.2,-1396.2385754385496
3,-35.888846306291704,-9.92236237119424,14.79537570563555,11.2,-1396.7512732429252
3,-35.888846306291704,-9.92236237119424,14.729447946444113,11.2,-1397.2639710473009
3,-35.888846306291704,-9.92236237119424,14.663138562492307,11.2,-1397.7766688516765
3,-35.76467988234689,-9.921028052988097,14.763297024049528,11.2,-1398.2875928499957
3,-35.76467988234689,-9.921028052988097,14.747473757814557,11.2,-1398.7985168483149
3,-35.76467988234689,-9.921028052988097,14.791859103244672,11.2,-1399.309440846634
3,-35.76467988234689,-9.921028052988097,14.896996666576975,11.2,-1399.8203648449532
3,-35.76467988234689,-9.921028052988097,14.995639911828011,11.2,-1400.3312888432724
3,-35.64051699870844,-9.919397235124343,15.138884630692306,11.2,-1400.840439086111
3,-35.64051699870844,-9.919397235124343,15.244393168791698,11.2,-1401.3495893289496
3,-35.51635836339323,-9.917469926902436,15.362256718053278,11.2,-1401.8569658769982
3,-35.26805666967477,-9.912725885035302,15.558896244212722,11.2,-1402.3607952579935
3,-35.26805666967477,-9.912725885035302,15.679132380014615,11.2,-1402.8646246389887
3,-34.895631742154364,-9.904275765255807,15.732614230982914,11.2,-1403.3631336638766
3,-34.15080241956134,-9.886486200027251,15.578208556554456,11.2,-1403.8510022698704
3,-33.15764379065769,-9.865138356545785,15.2589338345257,11.2,-1404.3246828954511
3,-32.16439453339944,-9.848533973298427,14.708205184718837,11.2,-1404.7841742459282
3,-31.295254347930335,-9.837118248252152,14.086747734398555,11.2,-1405.2312493080415
3,-28.936011572981002,-9.823033671211515,13.30982459884673,11.2,-1405.6446209019412
3,-27.44595075932913,-9.830150119519905,12.608689691706454,11.2,-1406.0367059127886
3,-25.335265994831566,-9.862914172460293,11.752351707303063,11.2,-1406.3986382841433
3,-23.721519751021,-9.903384952550008,11.005838481624991,11.2,-1406.7375171377294
3,-21.98406703178413,-9.961492009313003,10.278309100148704,11.2,-1407.0515752381834
3,-20.61935259672446,-10.018555554963372,9.678851044227597,11.2,-1407.3461374181365
3,-19.255081972640575,-10.085394179756102,9.082039039082566,11.2,-1407.6212100177456
3,-19.007047160183888,-10.097842828127295,8.560957348369643,11.2,-1407.8927392628912
3,-18.6348537291756,-10.113405554141968,8.572781666810885,11.2,-1408.1589514590223
3,-18.6348537291756,-10.113405554141968,8.863939845070226,11.2,-1408.4251636551535
3,-18.6348537291756,-10.113405554141968,9.575417350059379,11.2,-1408.6913758512846
3,-19.0071802468379,-10.101398561956348,9.778444475668154,11.2,-1408.9629069976681
3,-19.131314573284868,-10.09828542502637,9.97772557630591,11.2,-1409.2362114915722
3,-19.379626179620928,-10.094134341049973,10.228041680492646,11.2,-1409.5130632941382
3,-19.503792603565742,-10.09280002284383,10.499341891760114,11.2,-1409.7916889027606
3,-19.503792603565742,-10.09280002284383,10.553145201676703,11.2,-1410.070314511383
3,-19.503792603565742,-10.09280002284383,10.24033205213344,11.2,-1410.3489401200054
3,-19.752138904805307,-10.092206982103093,10.007064472161012,11.2,-1410.6311135329313
3,-20.000486150148372,-10.092206982103093,9.866542025748412,11.2,-1410.9168347636478
3,-20.124659654806866,-10.092058721706554,9.78913047316106,11.2,-1411.2043299015736
3,-20.124659654806866,-10.092058721706554,9.75094855860399,11.2,-1411.4918250394994
3,-20.248832451387937,-10.091613941362356,9.739606700907279,11.2,-1411.7810940745192
3,-20.373003831818195,-10.090872643606788,9.725883034443523,11.2,-1412.0721369864023
3,-20.99385011288887,-10.085683588907663,9.53521418654599,11.2,-1412.372049130872
3,-21.863034906387817,-10.078418912328889,9.480696935090654,11.2,-1412.6843782009632
3,-22.60805752438106,-10.07308158117018,9.711681363236663,11.2,-1413.0073504513116
3,-23.973942709113903,-10.064927305858934,10.146771426716771,11.2,-1413.3498353471562
3,-25.339843471505674,-10.06003472207276,10.704310213256216,11.2,-1413.7118331110348
3,-26.954099032066104,-10.058107336917745,11.51206082208272,11.2,-1414.0968916686359
3,-28.692523140743056,-10.062258622102906,12.340682272901606,11.2,-1414.5067848563608
3,-31.300072564867502,-10.084052610413654,13.272158712549043,11.2,-1414.9539287501445
3,-32.91413175599719,-10.109107569674558,14.306536712857264,11.2,-1415.4241306323731
3,-34.40386969935266,-10.141129334896792,15.47094069686235,11.2,-1415.915614485221
3,-35.89352834453871,-10.176708465353904,16.24628303814055,11.2,-1416.4283791758573
3,-37.25900853092501,-10.210953036674812,16.67878020808917,11.2,-1416.960650726299
3,-37.383135305360355,-10.21436259802422,15.942329535034206,11.2,-1417.4946955163757
3,-37.13487396852626,-10.207839893827456,15.32508080656482,11.2,-1418.025193715926
3,-37.01073232601946,-10.205023187234286,14.966445074937797,11.2,-1418.5539184634406
3,-37.259008530925016,-10.210953036674812,14.83212474815958,11.2,-1419.0861900138823
3,-37.259008530925016,-10.210953036674812,14.892853588912276,11.2,-1419.618461564324
3,-37.383143093323774,-10.214066179522167,15.080431403873481,11.2,-1420.152506465657
3,-37.507284735830574,-10.216882886115338,14.95863119320096,11.2,-1420.688324819026
3,-37.755586429549034,-10.221626927982472,14.79529065270236,11.2,-1421.2276903394481
3,-37.879745064864245,-10.223554236204379,14.815743984336326,11.2,-1421.7688295546604
3,-37.879745064864245,-10.223554236204379,15.00335123586,11.2,-1422.3099687698727
3,-37.879745064864245,-10.223554236204379,14.929385566106761,11.2,-1422.851107985085
3,-37.7555821812258,-10.221923418340625,14.736650837905318,11.2,-1423.3904734448167
3,-37.7555821812258,-10.221923418340625,14.77612584466424,11.2,-1423.9298389045484
3,-37.7555821812258,-10.221923418340625,14.883831587319518,11.2,-1424.4692043642801
3,-37.7555821812258,-10.221923418340625,14.87714886817517,11.2,-1425.0085698240118
3,-37.63141929758735,-10.22029260047687,15.006014099475285,11.2,-1425.5461615282632
3,-37.63141929758735,-10.22029260047687,15.074395307905771,11.2,-1426.0837532325145
3,-37.50726066227214,-10.218365292254964,15.153194225995401,11.2,-1426.6195712419756
3,-37.50726066227214,-10.218365292254964,15.29717417929993,11.2,-1427.1553892514366
3,-37.50726066227214,-10.218365292254964,15.452520508346751,11.2,-1427.6912072608977
3,-37.38310698327279,-10.216141504665032,15.703412421446226,11.2,-1428.225251646373
3,-37.38310698327279,-10.216141504665032,15.839473147762895,11.2,-1428.7592960318482
3,-37.01064594627474,-10.209470141895233,15.944772315611544,11.2,-1429.2880195453663
3,-36.26568138941377,-10.198795763638252,15.769933382580122,11.2,-1429.806100708072
3,-35.39649824803896,-10.191531100868003,15.553978088868789,11.2,-1430.3117649687583
3,-34.27894307880933,-10.187528077770224,15.133426565936526,11.2,-1430.8014641555985
3,-33.40973019838052,-10.188565898573351,14.512790788784404,11.2,-1431.2787460155753
3,-31.05058159611764,-10.213917799924696,13.908469674259614,11.2,-1431.7223257526628
3,-29.560771433806885,-10.242382051127501,13.131414736016533,11.2,-1432.1446224874314
3,-27.947025189996317,-10.282852831217216,12.383976457325383,11.2,-1432.5438657044315
3,-25.713157408120342,-10.35756190419821,11.59019833553976,11.2,-1432.9111965245474
3,-24.224302990449488,-10.418035504247472,10.860823176850284,11.2,-1433.2572579958396
3,-22.735754367898277,-10.48561902015067,10.207888077454363,11.2,-1433.5820544868095
3,-21.37164724099883,-10.555715267158282,9.645280543343791,11.2,-1433.8873637331094
3,-20.875638484009926,-10.581797083373694,9.15504557953155,11.2,-1434.185587140024
3,-20.379407002045603,-10.603139834612508,9.02415766002741,11.2,-1434.4767215257675
3,-20.0070804843833,-10.615146826798128,9.294029591065904,11.2,-1434.7625369612588
3,-20.0070804843833,-10.615146826798128,9.637374272697611,11.2,-1435.04835239675
3,-20.0070804843833,-10.615146826798128,9.869394075723614,11.2,-1435.3341678322413
3,-20.0070804843833,-10.615146826798128,9.759693995520422,11.2,-1435.6199832677326
3,-20.0070804843833,-10.615146826798128,9.930819665123765,11.2,-1435.9057987032238
3,-20.25541640055756,-10.612774695397718,10.168599345290273,11.2,-1436.1951617946604
3,-20.25541640055756,-10.612774695397718,10.468790845352025,11.2,-1436.484524886097
3,-20.25541640055756,-10.612774695397718,10.629834192654418,11.2,-1436.7738879775336
3,-20.25541640055756,-10.612774695397718,10.587267721541572,11.2,-1437.0632510689702
3,-20.25541640055756,-10.612774695397718,10.518426201162892,11.2,-1437.3526141604068
3,-20.25541640055756,-10.612774695397718,10.487772717686127,11.2,-1437.6419772518434
3,-20.25541640055756,-10.612774695397718,10.543224444670338,11.2,-1437.93134034328
3,-20.25541640055756,-10.612774695397718,10.43886179992071,11.2,-1438.2207034347166
3,-20.379582824502375,-10.611440377191576,10.259003725137205,11.2,-1438.5118403322094
3,-20.379582824502375,-10.611440377191576,10.156302551773106,11.2,-1438.8029772297023
3,-20.50374570814082,-10.609809559327822,10.107070054863632,11.2,-1439.0958878826757
3,-20.752067463096328,-10.60625142986056,10.00103227818273,11.2,-1439.3923459892915
3,-21.12454336904197,-10.60046950519484,9.843058975316156,11.2,-1439.6941251802778
3,-21.745336545618038,-10.590832964085305,9.715548403302527,11.2,-1440.0047728452153
3,-22.49032446836781,-10.581937555875616,9.750324152090444,11.2,-1440.3260631947633
3,-23.607847774295024,-10.572597257417192,10.219170921122064,11.2,-1440.6633181629675
3,-24.477047437306833,-10.567408173128216,10.763040894061598,11.2,-1441.0129902692147
3,-26.091299929531758,-10.565480791636693,11.532546831470137,11.2,-1441.385723125351
3,-28.078053345622383,-10.574969416434817,12.414228094768777,11.2,-1441.7868381731455
3,-29.568067426576075,-10.589202191310621,13.395108625296544,11.2,-1442.2092391363824
3,-31.057996540298014,-10.610550947824583,14.498581692469111,11.2,-1442.652924801244
3,-32.79610839632723,-10.643759240894523,15.35477924884706,11.2,-1443.1214406354773
3,-33.805019080533434,-10.643759240894523,15.908090272614729,11.2,-1443.6043694794848
3,-34.5498476952501,-10.661548789216102,16.258317273814683,11.2,-1444.097938732274
3,-34.5498476952501,-10.661548789216102,15.572399299816835,11.2,-1444.5915079850633
3,-34.05329528543899,-10.64968909033505,15.05441119918608,11.2,-1445.0779836319982
3,-33.80106761438744,-10.64968909033505,14.718501116631606,11.2,-1445.5608560264895
3,-33.67691959966833,-10.647168836057848,14.480078430060527,11.2,-1446.0419548779134
3,-33.67691959966833,-10.647168836057848,14.411321676875707,11.2,-1446.5230537293373
3,-33.80107327866768,-10.649392623647781,14.53203869723876,11.2,-1447.0059262047469
3,-33.80107327866768,-10.649392623647781,14.565986667375487,11.2,-1447.4887986801564
3,-33.67691464335247,-10.647465315425874,14.52460329212887,11.2,-1447.9698974607757
3,-33.67691464335247,-10.647465315425874,14.434520477870336,11.2,-1448.450996241395
3,-33.67691464335247,-10.647465315425874,14.388624065394998,11.2,-1448.9320950220142
3,-33.67691464335247,-10.647465315425874,14.437028348448873,11.2,-1449.4131938026335
3,-33.55275600803726,-10.645538007203967,14.444947813257079,11.2,-1449.8925188884625
3,-33.55275600803726,-10.645538007203967,14.483429534649034,11.2,-1450.3718439742916
3,-33.55275600803726,-10.645538007203967,14.570891670135534,11.2,-1450.8511690601206
3,-33.55275600803726,-10.645538007203967,14.614405942827354,11.2,-1451.3304941459496
3,-33.55275600803726,-10.645538007203967,14.7291977289886,11.2,-1451.8098192317786
3,-33.55275600803726,-10.645538007203967,14.847597991201384,11.2,-1452.2891443176077
3,-33.42860232903791,-10.643314219614034,14.961858707818633,11.2,-1452.766695779451
3,-33.30444865003856,-10.6410904320241,15.040708580733535,11.2,-1453.2424736173089
3,-33.05613609973089,-10.636939332267106,15.03627235800091,11.2,-1453.7147041330193
3,-32.43534292315483,-10.627302791157572,14.850175135063015,11.2,-1454.1780661747787
3,-31.81452850496261,-10.619148701838803,14.552090829925316,11.2,-1454.6325594391353
3,-30.69700732319499,-10.609808421134197,14.199585613637863,11.2,-1455.071088115181
3,-29.827794442766184,-10.60877060033107,13.750997882438345,11.2,-1455.4971994643633
3,-29.455276053022974,-10.610104941363662,13.286298386469669,11.2,-1455.9179891222636
3,-27.7169312482262,-10.626709798042175,12.784046770907427,11.2,-1456.3139452829525
3,-26.22712533360478,-10.655173968088793,12.305804956939092,11.2,-1456.6886185020041
3,-25.23407998626838,-10.68126478487587,11.858505327935058,11.2,-1457.0491053589508
3,-24.117100433281472,-10.717285761432729,11.455059640601904,11.2,-1457.3936353651404
3,-23.124437379440504,-10.755231171250063,11.029416584055385,11.2,-1457.723984470561
3,-22.25598108820858,-10.791544405687185,10.683167099685734,11.2,-1458.0419270575353
3,-21.883750140286633,-10.806218363061108,10.424937370505724,11.2,-1458.3545520595394
3,-21.883750140286633,-10.806218363061108,10.344244139992325,11.2,-1458.6671770615435
3,-21.387296848188985,-10.821634916596135,10.42617337934801,11.2,-1458.9727098736605
3,-21.139020643283427,-10.827564766036662,10.60855138630926,11.2,-1459.2746958828502
3,-21.014872628564316,-10.830085020313863,10.901542756529773,11.2,-1459.5749083489725
3,-21.014872628564316,-10.830085020313863,10.958818676416833,11.2,-1459.8751208150948
3,-21.014872628564316,-10.830085020313863,10.839223056019982,11.2,-1460.175333281217
3,-21.014872628564316,-10.830085020313863,10.80837214428789,11.2,-1460.4755457473393
3,-21.014872628564316,-10.830085020313863,10.808978620344242,11.2,-1460.7757582134616
3,-21.014872628564316,-10.830085020313863,10.878692430997933,11.2,-1461.0759706795839
3,-20.890699831983245,-10.830529800658061,10.94299469821475,11.2,-1461.3744092486122
3,-20.890699831983245,-10.830529800658061,10.7462043287237,11.2,-1461.6728478176406
3,-20.890699831983245,-10.830529800658061,10.651675297971744,11.2,-1461.971286386669
3,-20.890699831983245,-10.830529800658061,10.644685814177551,11.2,-1462.2697249556973
3,-21.014872628564316,-10.830085020313863,10.58656021158206,11.2,-1462.5699374218195
3,-21.014872628564316,-10.830085020313863,10.576541917951968,11.2,-1462.8701498879418
3,-21.014872628564316,-10.830085020313863,10.377418050587945,11.2,-1463.170362354064
3,-21.014872628564316,-10.830085020313863,10.191849221095024,11.2,-1463.4705748201864
3,-21.014872628564316,-10.830085020313863,10.009712191813563,11.2,-1463.7707872863086
3,-21.26321326520871,-10.82830591161847,9.865738927501654,11.2,-1464.0745474758116
3,-21.63570120810718,-10.823413467326667,9.735229185170205,11.2,-1464.3836289216417
3,-22.256469603103923,-10.812294529377002,9.606678368827657,11.2,-1464.7015784874004
3,-23.00140654604761,-10.799841241941483,9.70396844933836,11.2,-1465.0301700094867
3,-23.994723776380635,-10.787980697661897,9.915882137932634,11.2,-1465.3729517777208
3,-24.739731524903412,-10.780864303460666,10.597028632581694,11.2,-1465.726376513791
3,-27.09894739297198,-10.761145895603995,11.352727621041785,11.2,-1466.1135043336906
3,-28.83735663205128,-10.752843348905637,12.225093443334828,11.2,-1466.5254665712912
3,-31.072479715904183,-10.752843348905637,13.304143981737207,11.2,-1466.9693591386613
3,-32.81088895498348,-10.761145895603995,14.539551649804546,11.2,-1467.4380861237325
3,-34.300903035937175,-10.7753786704798,15.78041131672252,11.2,-1467.928099024246
3,-35.81426906224649,-10.7753786704798,16.335253313186342,11.2,-1468.439731439421
3,-37.05587665701477,-10.793169300908103,16.764579258028675,11.2,-1468.9691011059497
3,-37.05587665701477,-10.793169300908103,16.164888938572087,11.2,-1469.4984707724784
3,-36.80755513806112,-10.789611174822442,15.550206286081528,11.2,-1470.0242929887365
3,-36.68339225442267,-10.787980356958688,15.222302434290805,11.2,-1470.548341449514
3,-36.68339225442267,-10.787980356958688,15.149162077672736,11.2,-1471.0723899102916
3,-36.80755088973788,-10.789907665180595,15.302924817337685,11.2,-1471.5982120658593
3,-36.80755088973788,-10.789907665180595,15.38425972694064,11.2,-1472.124034221427
3,-36.80755088973788,-10.789907665180595,15.429166880766013,11.2,-1472.6498563769949
3,-36.68339225442267,-10.787980356958688,15.524590946668262,11.2,-1473.1739048377724
3,-36.68339225442267,-10.787980356958688,15.396848181741005,11.2,-1473.69795329855
3,-36.68339225442267,-10.787980356958688,15.386827002683727,11.2,-1474.2220017593274
3,-36.55923361910746,-10.78605304873678,15.465928676749963,11.2,-1474.7442765253147
3,-36.55923361910746,-10.78605304873678,15.646781786863835,11.2,-1475.266551291302
3,-36.55923361910746,-10.78605304873678,15.907642816505717,11.2,-1475.7888260572893
3,-36.43507994010811,-10.783829261146849,16.011371983108745,11.2,-1476.309327199291
3,-36.18677801040664,-10.779085214771033,16.122876387974383,11.2,-1476.8262811708682
3,-35.69015338177751,-10.770783023147354,16.084104444852613,11.2,-1477.3361405048936
3,-35.5659947464623,-10.768855714925447,15.934716560157716,11.2,-1477.8442261441287
3,-34.07602314912449,-10.751064949230564,15.648568831409563,11.2,-1478.3310264748304
3,-33.08264644107918,-10.746320636831502,15.222233436978724,11.2,-1478.803635709703
3,-31.468393948854256,-10.748248018323025,14.67543577021255,11.2,-1479.2531841946866
3,-30.10253472669383,-10.759663916961989,14.132838338677974,11.2,-1479.683220405068
3,-28.48847553556414,-10.784718876222893,13.456638190135086,11.2,-1480.0901986270046
3,-26.378071624357695,-10.832602797290017,12.782084932573753,11.2,-1480.4670282216382
3,-24.888601305779737,-10.875295927840678,12.05188679368461,11.2,-1480.8225796688637
3,-24.26805593015919,-10.895307619521082,11.433970747863711,11.2,-1481.1692661821517
3,-21.662201438797013,-10.991802940784943,10.73978391793072,11.2,-1481.478726202706
3,-19.925378046703536,-11.066503138072875,10.185510338756767,11.2,-1481.763374460516
3,-18.5608011739211,-11.126825508267002,9.714992399956763,11.2,-1482.0285287630006
3,-17.692344882689174,-11.163138742704124,9.294528037136681,11.2,-1482.281276547039
3,-17.19597088022761,-11.180926126935042,8.950696952355663,11.2,-1482.5269332738994
3,-16.69944962222573,-11.193971498134012,8.818328809190783,11.2,-1482.7654968399313
3,-16.575301607506617,-11.196491752411212,8.987005428113052,11.2,-1483.0022868628957
3,-16.326989293192057,-11.200642848223051,9.193416974472324,11.2,-1483.2355295670843
3,-16.202826409553612,-11.202273666086805,9.505453074140894,11.2,-1483.4669985157923
3,-16.326992833498426,-11.200939347880663,9.675388111712495,11.2,-1483.7002412705565
3,-16.326992833498426,-11.200939347880663,9.750111538829074,11.2,-1483.9334840253207
3,-16.202820036917355,-11.201384128224861,9.910813442934366,11.2,-1484.164952882991
3,-16.078646532258862,-11.2015323886214,10.12388208559534,11.2,-1484.394647833452
3,-16.078646532258862,-11.2015323886214,10.138003586815561,11.2,-1484.6243427839129
3,-16.078646532258862,-11.2015323886214,10.204115749317465,11.2,-1484.8540377343738
3,-16.078646532258862,-11.2015323886214,10.238689815470563,11.2,-1485.0837326848348
3,-16.078646532258862,-11.2015323886214,10.164631394594178,11.2,-1485.3134276352957
3,-16.078646532258862,-11.2015323886214,10.094822490063285,11.2,-1485.5431225857567
3,-16.078646532258862,-11.2015323886214,10.060593971461294,11.2,-1485.7728175362176
3,-16.078646532258862,-11.2015323886214,9.93076997302544,11.2,-1486.0025124866786
3,-16.202820036917355,-11.201384128224861,9.809585456575007,11.2,-1486.2339813443489
3,-16.202820036917355,-11.201384128224861,9.663580702081976,11.2,-1486.4654502020192
3,-16.202820036917355,-11.201384128224861,9.435521309801945,11.2,-1486.6969190596894
3,-16.326992833498426,-11.200939347880663,9.200070747228654,11.2,-1486.9301618144536
3,-16.57533347014282,-11.19916023918527,8.937719245001771,11.2,-1487.1669522925986
3,-17.444518263641765,-11.191895562606495,8.984298937014591,11.2,-1487.416159696365
3,-18.4379006362984,-11.189523406406964,9.11243279013882,11.2,-1487.6795582768834
3,-19.679621521355045,-11.195453796905792,9.639821915772,11.2,-1487.9606957271885
3,-21.666306962626635,-11.214430830073532,10.413726296225319,11.2,-1488.2702143980832
3,-23.404557595302233,-11.239337712673155,11.245366011079941,11.2,-1488.6045652208732
3,-24.025325990298978,-11.25045665062282,12.218945957034965,11.2,-1488.9477841635917
3,-27.873475481169134,-11.346963528575117,13.304004195337518,11.2,-1489.3459766704655
3,-29.735111608030774,-11.406998603616328,14.508666029741487,11.2,-1489.7707639791515
3,-31.224362457403853,-11.456804841611048,15.824285189896136,11.2,-1490.2168262999717
3,-32.8376515878076,-11.512687856337594,16.424964228974154,11.2,-1490.685935608369
3,-34.202625582552436,-11.563233120693761,16.918574930589163,11.2,-1491.1745445452625
3,-34.202625582552436,-11.563233120693761,16.210253819112733,11.2,-1491.663153482156
3,-34.07853703757563,-11.558638096661383,15.372584989262059,11.2,-1492.14998972555
3,-33.95442819835486,-11.554635765932842,14.815231019788284,11.2,-1492.6350529855265
3,-33.95442819835486,-11.554635765932842,14.542389870422731,11.2,-1493.120116245503
3,-33.95442819835486,-11.554635765932842,14.498981960050767,11.2,-1493.6051795054793
3,-34.20665586940641,-11.554635765932842,14.638345659118048,11.2,-1494.0938460178995
3,-34.45888354045796,-11.554635765932842,14.956172028571046,11.2,-1494.5861157827633
3,-34.70717319768387,-11.559972726803213,14.960578252056456,11.2,-1495.08193254273
3,-34.83132687668322,-11.562196514393147,14.70166684896075,11.2,-1495.5795229266828
3,-34.95548551199843,-11.564123822615054,14.625709825724703,11.2,-1496.0788870054257
3,-34.95548551199843,-11.564123822615054,14.723166791955867,11.2,-1496.5782510841686
3,-34.95548551199843,-11.564123822615054,14.863053716927679,11.2,-1497.0776151629116
3,-34.95548551199843,-11.564123822615054,14.710740083240498,11.2,-1497.5769792416545
3,-34.95548551199843,-11.564123822615054,14.647378475515065,11.2,-1498.0763433203974
3,-34.831322628359985,-11.5624930047513,14.714689253355939,11.2,-1498.5739336436598
3,-34.831322628359985,-11.5624930047513,14.786355869324197,11.2,-1499.071523966922
3,-34.707159744721544,-11.560862186887546,14.837323778551317,11.2,-1499.5673405347038
3,-34.707159744721544,-11.560862186887546,14.897194565176385,11.2,-1500.0631571024855
3,-34.707159744721544,-11.560862186887546,15.025848940424801,11.2,-1500.5589736702673
3,-34.58300110940633,-11.558934878665639,15.183094159409311,11.2,-1501.0530165432588
3,-34.58300110940633,-11.558934878665639,15.312283139008962,11.2,-1501.5470594162502
3,-34.58300110940633,-11.558934878665639,15.49670155939486,11.2,-1502.0411022892417
3,-34.45884743040698,-11.556711091075705,15.695467890254626,11.2,-1502.5333715382476
3,-34.21053511609242,-11.552559995263866,15.9006129037022,11.2,-1503.0220934684776
3,-33.838046465177094,-11.547667541672606,15.794494551262272,11.2,-1503.5054941322658
3,-32.9688814975634,-11.538327314229607,15.625839189609197,11.2,-1503.9764781536596
3,-32.844712241349264,-11.53728950328978,15.286330781596549,11.2,-1504.445688328536
3,-30.733774699457346,-11.53476909092085,14.844573173486943,11.2,-1504.884742252814
3,-29.36791547729692,-11.546184989559814,14.290752942138262,11.2,-1505.3042839024897
3,-27.87798636357498,-11.567533746073776,13.641948541795925,11.2,-1505.7025408505408
3,-26.264065239932187,-11.60029698940174,12.88759693963416,11.2,-1506.0777417825398
3,-24.15391408546006,-11.658259422167966,12.147160192694479,11.2,-1506.4227976980462
3,-22.540628021554852,-11.714142330673473,11.393882332852309,11.2,-1506.7448066697827
3,-20.92778368921161,-11.781581066442092,10.676113501918453,11.2,-1507.0437750082
3,-20.524219415529124,-11.781581066442092,10.06255857301461,11.2,-1507.3369781427077
3,-17.919400539184537,-11.902962483550862,9.37604257777104,11.2,-1507.5929695789819
3,-17.423166699147526,-11.924305336209606,8.780023718133611,11.2,-1507.8418719603983
3,-17.0508699151694,-11.937201392018569,8.882770109238331,11.2,-1508.0854558163294
3,-16.92674337667104,-11.94061094688717,9.209393032386032,11.2,-1508.327266435996
3,-16.92674337667104,-11.94061094688717,9.578663405259016,11.2,-1508.5690770556628
3,-16.802589697671692,-11.942834734477103,9.821025461495594,11.2,-1508.8091140513438
3,-16.802589697671692,-11.942834734477103,9.892394886958634,11.2,-1509.049151047025
3,-16.678423273726878,-11.944169052683245,10.048030580683706,11.2,-1509.2874142366495
3,-16.554254017512744,-11.94520686362307,10.280362891530519,11.2,-1509.5239035797567
3,-16.430082637082485,-11.945948161378638,10.524882034194246,11.2,-1509.7586190460008
3,-16.430082637082485,-11.945948161378638,10.454979074035386,11.2,-1509.993334512245
3,-16.305909840501414,-11.946392941722836,10.456595601890134,11.2,-1510.2262760813949
3,-16.305909840501414,-11.946392941722836,10.464468193772289,11.2,-1510.4592176505448
3,-16.18173633584292,-11.946541202119375,10.44362990362379,11.2,-1510.6903853124854
3,-16.18173633584292,-11.946541202119375,10.341454628440061,11.2,-1510.921552974426
3,-16.18173633584292,-11.946541202119375,10.331058256031897,11.2,-1511.1527206363667
3,-16.18173633584292,-11.946541202119375,10.305750177701682,11.2,-1511.3838882983073
3,-16.18173633584292,-11.946541202119375,10.201831823482983,11.2,-1511.615055960248
3,-16.305909840501414,-11.946392941722836,10.159955396466001,11.2,-1511.8479975293978
3,-16.305909840501414,-11.946392941722836,10.020585669604205,11.2,-1512.0809390985478
3,-16.305909840501414,-11.946392941722836,9.83628883828003,11.2,-1512.3138806676977
3,-16.554256377766382,-11.94579990041848,9.692435640555422,11.2,-1512.5503700445229
3,-17.175123901058857,-11.945058598435782,9.587680253336874,11.2,-1512.795728957395
3,-17.671818391744992,-11.945058598435782,9.515110605838432,11.2,-1513.0481835058486
3,-18.416857295463686,-11.946837720657994,9.614533034508725,11.2,-1513.3112814672122
3,-19.286056958475495,-11.95202680494697,9.852197819699985,11.2,-1513.5867965666191
3,-20.900217401597526,-11.96937290865576,10.263586827736816,11.2,-1513.8853711009276
3,-22.141778973170336,-11.990128387714957,10.774814419046576,11.2,-1514.2016822291157
3,-23.755703164518785,-12.022891693318579,11.421266901648133,11.2,-1514.5410494171801
3,-25.121261232093598,-12.053875465843458,12.205942583858416,11.2,-1514.8999245776386
3,-27.231548792872427,-12.106798894248497,13.062996153599261,11.2,-1515.288946703251
3,-28.721118229544956,-12.145935156623718,14.038356344343212,11.2,-1515.6992483922445
3,-30.45894923899624,-12.191594129394808,15.146627890185206,11.2,-1516.1343762385159
3,-31.700257102890014,-12.224207681374159,15.495593588623638,11.2,-1516.5872370542716
3,-32.693303394005035,-12.250298522957639,15.842776519644575,11.2,-1517.0542842456146
3,-33.4381320087217,-12.268088071279218,16.030692958230603,11.2,-1517.5319718457392
3,-33.68643370244016,-12.272832113146352,15.694465973293003,11.2,-1518.013206612917
3,-33.68643370244016,-12.272832113146352,15.147494523350193,11.2,-1518.4944413800947
3,-33.68643370244016,-12.272832113146352,14.736268288418392,11.2,-1518.9756761472725
3,-33.68643370244016,-12.272832113146352,14.545320086954977,11.2,-1519.4569109144502
3,-33.68643370244016,-12.272832113146352,14.51749031874668,11.2,-1519.938145681628
3,-33.810592337755374,-12.274759421368259,14.43826637618817,11.2,-1520.421154143596
3,-33.810592337755374,-12.274759421368259,14.503605145915818,11.2,-1520.904162605564
3,-33.934755221393814,-12.276390239232013,14.544559285772701,11.2,-1521.3889448230125
3,-34.058918105032255,-12.278021057095767,14.46281464052119,11.2,-1521.8755007959414
3,-34.058918105032255,-12.278021057095767,14.365810998596107,11.2,-1522.3620567688704
3,-34.058918105032255,-12.278021057095767,14.355492487739347,11.2,-1522.8486127417993
3,-34.058918105032255,-12.278021057095767,14.223217355945502,11.2,-1523.3351687147283
3,-34.058918105032255,-12.278021057095767,14.188017003720777,11.2,-1523.8217246876573
3,-34.058918105032255,-12.278021057095767,14.19353718884027,11.2,-1524.3082806605862
3,-34.058918105032255,-12.278021057095767,14.219923889151787,11.2,-1524.7948366335152
3,-34.058918105032255,-12.278021057095767,14.222059511133992,11.2,-1525.2813926064441
3,-34.058918105032255,-12.278021057095767,14.249130871977568,11.2,-1525.767948579373
3,-34.183080988670696,-12.279651874959521,14.352635949692502,11.2,-1526.2562783077826
3,-34.183080988670696,-12.279651874959521,14.426142726622334,11.2,-1526.7446080361922
3,-34.183080988670696,-12.279651874959521,14.527627685412984,11.2,-1527.2329377646017
3,-34.058918105032255,-12.278021057095767,14.642867584014603,11.2,-1527.7194937375307
3,-34.058918105032255,-12.278021057095767,14.78030489037772,11.2,-1528.2060497104596
3,-34.058918105032255,-12.278021057095767,14.930785946748056,11.2,-1528.6926056833886
3,-34.058918105032255,-12.278021057095767,15.111516175228823,11.2,-1529.1791616563175
3,-33.81059635007675,-12.274462927628505,15.260575241991521,11.2,-1529.6621701756044
3,-33.81059635007675,-12.274462927628505,15.388448011365782,11.2,-1530.1451786948912
3,-33.31395284016573,-12.267346668693982,15.437733060373935,11.2,-1530.6210923068936
3,-32.693138421973515,-12.259192579375213,15.353864850432313,11.2,-1531.0881371414932
3,-31.94813138149667,-12.252076191937311,15.192989596398581,11.2,-1531.5445390183718
3,-31.07893171848486,-12.246887107648336,14.787153220802626,11.2,-1531.9885237572073
3,-29.71302576352531,-12.245256246386278,14.348109942476288,11.2,-1532.4129955538292
3,-28.098800886214967,-12.254893098891168,13.715942891545703,11.2,-1532.8144069950608
3,-26.608876020521514,-12.276241794536375,13.044394636815415,11.2,-1533.194533795354
3,-25.988135946925958,-12.288843065922384,12.3080320093666,11.2,-1533.56579288031
3,-23.505704290248616,-12.359997742507565,11.615411504134682,11.2,-1533.901588655885
3,-21.644549550638885,-12.433367529377177,10.909144051946909,11.2,-1534.2107965066084
3,-20.280123208882245,-12.496948150819604,10.299691564438975,11.2,-1534.5005125524497
3,-19.040101316409984,-12.56215269135813,9.70940120402003,11.2,-1534.772513999827
3,-17.800079423937724,-12.627357231896655,9.180169474410658,11.2,-1535.0268008487403
3,-17.427963148913186,-12.644697401380952,8.730414528582115,11.2,-1535.2757717508678
3,-17.179820745968044,-12.654776334722495,8.78770561372308,11.2,-1535.5211977615245
3,-17.05573220099124,-12.659371358754875,9.00706342019048,11.2,-1535.7648510786814
3,-17.428058718653542,-12.647364366569255,9.36143401251864,11.2,-1536.0138233460907
3,-17.55218549308889,-12.643954805219845,9.96982139500735,11.2,-1536.2645688531347
3,-17.676320055487643,-12.640841662372484,10.023732629756461,11.2,-1536.5170877110702
3,-17.924609712713554,-12.635504701502118,10.055393780308682,11.2,-1536.773153564109
3,-18.048763391712903,-12.633280913912184,10.161462547861365,11.2,-1537.0309930411333
3,-18.048763391712903,-12.633280913912184,10.335772824473963,11.2,-1537.2888325181577
3,-18.048763391712903,-12.633280913912184,10.55582667738056,11.2,-1537.5466719951821
3,-18.048763391712903,-12.633280913912184,10.354852028392791,11.2,-1537.8045114722065
3,-18.048763391712903,-12.633280913912184,10.193966243330838,11.2,-1538.062350949231
3,-18.048763391712903,-12.633280913912184,10.096836236069219,11.2,-1538.3201904262553
3,-18.048763391712903,-12.633280913912184,10.058792551593184,11.2,-1538.5780299032797
3,-18.172917070712252,-12.63105712632225,9.992318642423545,11.2,-1538.83764300429
3,-18.297065085431363,-12.62853687204505,9.624892206300148,11.2,-1539.0990296483676
3,-18.421206727938163,-12.625720165451884,9.307746915643019,11.2,-1539.362189744481
3,-18.545341290336918,-12.622607022604523,9.025312683068051,11.2,-1539.6271231914857
3,-19.04979663244002,-12.622607022604523,8.928284483948662,11.2,-1539.8992631433778
3,-19.794625247156688,-12.604817474282944,8.774069451438661,11.2,-1540.1820435040515
3,-20.912006234257706,-12.58480342401582,8.91664526062983,11.2,-1540.4807864502552
3,-22.277797954280583,-12.566864427514531,9.53546315482535,11.2,-1540.799040706745
3,-24.637040729229916,-12.552779850473895,10.333376497141485,11.2,-1541.1509984314482
3,-26.623811139146433,-12.557524176399793,11.403188231918717,11.2,-1541.5313385905788
3,-28.983022522878077,-12.577242546776183,12.545507801657884,11.2,-1541.945381769477
3,-31.217916193460987,-12.609265681547129,13.786460587151568,11.2,-1542.3913520008123
3,-34.32161066200482,-12.672271918716337,15.151064317853544,11.2,-1542.881660724555
3,-36.30770135667762,-12.724453552290491,16.674247571726685,11.2,-1543.4003421725076
3,-38.29352018695835,-12.786119942251421,17.573513217378814,11.2,-1543.9473924608928
3,-39.65861098960767,-12.83340557009696,18.23278577836923,11.2,-1544.5139440464586
3,-40.03087662453808,-12.847190642194098,18.038297361354836,11.2,-1545.0858137125235
3,-39.78268891568407,-12.838296924721217,17.129280514751464,11.2,-1545.6541378398904
3,-39.28623420811389,-12.822880327230983,16.5200159958125,11.2,-1546.2153697571491
3,-38.91385388480786,-12.812651643182742,15.88561236840714,11.2,-1546.7712819555036
3,-38.54142966518319,-12.804201539465014,15.585186340743496,11.2,-1547.3218738078633
3,-38.41727126586552,-12.802274234906482,15.466372396310478,11.2,-1547.8706919688043
3,-38.29310484192071,-12.80093991670034,15.300350889982216,11.2,-1548.4177363236888
3,-38.29310484192071,-12.80093991670034,15.01704303483093,11.2,-1548.9647806785733
3,-38.29310484192071,-12.80093991670034,14.755639386059345,11.2,-1549.5118250334579
3,-38.41727409813485,-12.801977727640164,14.71143074291139,11.2,-1550.0606432348598
3,-38.41727409813485,-12.801977727640164,14.84161740346407,11.2,-1550.6094614362617
3,-38.41727409813485,-12.801977727640164,15.138481870587098,11.2,-1551.1582796376636
3,-38.41727409813485,-12.801977727640164,14.891706993677204,11.2,-1551.7070978390655
3,-38.293102717704585,-12.801236429884597,14.782353103144374,11.2,-1552.254142163604
3,-38.16893133727432,-12.80049513212903,14.855939695131056,11.2,-1552.7994126112794
3,-38.16893133727432,-12.80049513212903,14.85997126476202,11.2,-1553.3446830589548
3,-38.16893133727432,-12.80049513212903,14.858112729811555,11.2,-1553.8899535066303
3,-38.16893133727432,-12.80049513212903,14.939069017536827,11.2,-1554.4352239543057
3,-38.16893133727432,-12.80049513212903,15.028695527188427,11.2,-1554.980494401981
3,-38.16893133727432,-12.80049513212903,15.152354629118822,11.2,-1555.5257648496565
3,-38.16893133727432,-12.80049513212903,15.286514433917821,11.2,-1556.071035297332
3,-38.044762081060185,-12.799457321189205,15.45038861492723,11.2,-1556.61453189849
3,-38.044762081060185,-12.799457321189205,15.594391855274145,11.2,-1557.158028499648
3,-37.92059565711537,-12.798123002983063,15.740416330100206,11.2,-1557.6997512947496
3,-37.79643277347692,-12.796492185119309,15.814805595763069,11.2,-1558.2397003343708
3,-37.42395686753128,-12.790710260453588,15.86183043306237,11.2,-1558.7743282896213
3,-36.92735348009436,-12.78122217671932,15.80628095159576,11.2,-1559.3018619107654
3,-35.80997249299334,-12.761208126452196,15.441684959886276,11.2,-1559.8134329463796
3,-34.56832595507706,-12.746382446102714,14.86811447794711,11.2,-1560.3072661743092
3,-32.8299216724832,-12.73807992307626,13.998223150789407,11.2,-1560.7762650553448
3,-31.091550433059698,-12.750533589256987,13.050043448578286,11.2,-1561.2204300615313
3,-28.484605671953034,-12.80968375312102,11.908803841078495,11.2,-1561.627352999702
3,-26.499294658877066,-12.885573995751235,10.86343838271935,11.2,-1562.0059143519716
3,-24.639155648178587,-12.981159423751166,9.835930558419463,11.2,-1562.3579022898027
3,-23.028139156896057,-13.083242115917193,8.892259896444388,11.2,-1562.6868757063298
3,-22.16079917457499,-13.140281257238309,8.036410049170856,11.2,-1563.003458551681
3,-22.036855724226786,-13.14783786733149,7.976111470262648,11.2,-1563.3182707763128
3,-22.160816866014482,-13.140577249795136,8.323097403169058,11.2,-1563.6348538743987
3,-22.532799370869657,-13.1205717581103,8.980351339968934,11.2,-1563.9567510082682
3,-23.401161520027213,-13.082185014154122,9.631558824903129,11.2,-1564.2910533156971
3,-24.021703357101664,-13.062173436586715,10.281366753795673,11.2,-1564.634220506513
3,-24.64243989104089,-13.049572237057149,10.952974034474158,11.2,-1564.9862553620992
3,-25.014938454838283,-13.045569290047428,11.325746642657528,11.2,-1565.3436116257396
3,-25.75997381817793,-13.045569290047428,11.679575707132859,11.2,-1565.7116112517135
3,-26.008309498336878,-13.047941419193396,12.031598852274337,11.2,-1566.0831585302612
3,-26.380784696289883,-13.053723332868989,12.193666501972553,11.2,-1566.4600268830654
3,-26.504932711008994,-13.056243587146191,12.270365373891732,11.2,-1566.838668778937
3,-26.504932711008994,-13.056243587146191,12.173468598187442,11.2,-1567.2173106748087
3,-26.380791068502194,-13.05342688055302,12.109569320401668,11.2,-1567.5941791186444
3,-26.380791068502194,-13.05342688055302,12.052308356038662,11.2,-1567.9710475624802
3,-26.380791068502194,-13.05342688055302,12.093660583199876,11.2,-1568.347916006316
3,-26.629067509366536,-13.059356735629207,12.091012830341349,11.2,-1568.7283312564498
3,-26.629067509366536,-13.059356735629207,12.090025072597905,11.2,-1569.1087465065837
3,-26.629067509366536,-13.059356735629207,12.118615952930964,11.2,-1569.4891617567175
3,-26.629067509366536,-13.059356735629207,12.130005212694087,11.2,-1569.8695770068514
3,-26.629067509366536,-13.059356735629207,12.155194368460423,11.2,-1570.2499922569853
3,-26.629067509366536,-13.059356735629207,12.087865448452673,11.2,-1570.6304075071191
3,-26.629067509366536,-13.059356735629207,11.995518502287096,11.2,-1571.010822757253
3,-26.629067509366536,-13.059356735629207,11.896223023035999,11.2,-1571.3912380073868
3,-26.753209151873335,-13.062173442222377,11.84794129272814,11.2,-1571.7734267095564
3,-26.877357166592446,-13.064693696499578,11.88734204747841,11.2,-1572.1573889547933
3,-27.12566948090701,-13.068844792311417,12.005049955211172,11.2,-1572.5448985188063
3,-27.12566948090701,-13.068844792311417,12.001645036373768,11.2,-1572.9324080828194
3,-27.249832364545455,-13.070475610175171,11.822998323038997,11.2,-1573.3216914023128
3,-27.37399878849027,-13.071809928381313,11.734882303338773,11.2,-1573.7127485278627
3,-27.498168044704403,-13.072847739321137,11.724917801705258,11.2,-1574.10557949993
3,-27.622339425134662,-13.073589037076704,11.784234204219201,11.2,-1574.5001843488603
3,-27.870685726374226,-13.074182077817442,11.768159615305386,11.2,-1574.8983370020942
3,-28.11903202761379,-13.073589037076704,11.740776288988764,11.2,-1575.3000374596315
3,-28.491539088202998,-13.07047561017517,11.775908708031704,11.2,-1575.7070594466059
3,-28.739860607156654,-13.066917484089508,11.737258788331639,11.2,-1576.117628883851
3,-29.1123216441547,-13.060246121319711,11.757346262090564,11.2,-1576.5335191930533
3,-29.484745863779366,-13.051796017601983,11.773803893500782,11.2,-1576.95472984825
3,-29.60887263821471,-13.048386456252576,11.880841686112763,11.2,-1577.3777137430816
3,-29.98119915587701,-13.036379464066956,11.948023932452035,11.2,-1577.8060165881654
3,-30.60164188076103,-13.01340434390506,12.070282938455946,11.2,-1578.2431829007478
3,-31.59430587801729,-12.975458898024847,12.249960685612903,11.2,-1578.6945301275766
3,-32.58705671343335,-12.939884028133317,12.53756033579095,11.2,-1579.160059509197
3,-33.33173877478862,-12.916759131897969,13.163066077428645,11.2,-1579.6362272059798
3,-34.69721636570526,-12.88251462566821,13.890290901091454,11.2,-1580.1319017254898
3,-35.6904231405791,-12.863538458199672,14.743530795766354,11.2,-1580.6417649132125
3,-36.311216317155164,-12.853901917090138,15.307047634652786,11.2,-1581.160496574886
3,-37.42871200854734,-12.841893076060973,15.974801105112514,11.2,-1581.6951924607224
3,-37.80122969021717,-12.840558737564669,16.106144071952556,11.2,-1582.2352100277255
3,-37.80122969021717,-12.840558737564669,15.764043853758368,11.2,-1582.7752275947287
3,-37.552883388977605,-12.841151778305406,15.550179598045052,11.2,-1583.3116973574283
3,-37.180369247686826,-12.84337567157211,15.462853169977622,11.2,-1583.8428454895381
3,-36.93203356752788,-12.845747800718078,15.28667297577084,11.2,-1584.3704459690744
3,-36.43539052962057,-12.8528640528894,15.100092001370898,11.2,-1584.8909515480689
3,-35.93881263099655,-12.86353794419706,14.795769660581364,11.2,-1585.404363157083
3,-35.434357288893445,-12.86353794419706,14.542028616479113,11.2,-1585.91056826121
3,-35.434357288893445,-12.86353794419706,14.368698344082118,11.2,-1586.4167733653371
3,-35.310222726494686,-12.86665108704442,14.39932733021981,11.2,-1586.9212051185727
3,-35.057995055443136,-12.86665108704442,14.478060433692047,11.2,-1587.4220336193648
3,-34.561472381774934,-12.87969649543796,14.618452877522476,11.2,-1587.9157689391045
3,-34.18911754579199,-12.890814376665066,14.558083852505415,11.2,-1588.4041849040443
3,-33.81676270980904,-12.901932257892172,14.411739964156233,11.2,-1588.8872815141845
3,-33.81676270980904,-12.901932257892172,14.32397120459311,11.2,-1589.3703781243246
3,-32.82385329466868,-12.932765452872637,14.006780410988362,11.2,-1589.8392903142485
3,-31.9551591475282,-12.962856306956162,13.680530461326004,11.2,-1590.2957925877847
3,-31.086539332690577,-12.995021475182815,13.23738898506362,11.2,-1590.739886006823
3,-30.217998803306507,-13.029260774136498,12.916896971596698,11.2,-1591.171571704013
3,-29.34954251207458,-13.06557400857362,12.490453702548308,11.2,-1591.590850882757
3,-28.853212400275424,-13.084546659388046,12.186706687384207,11.2,-1592.0030396313323
3,-28.604985046490334,-13.092254958133163,12.109216354786062,11.2,-1592.4116822748535
3,-28.48085827205499,-13.095664519482572,12.35110060763236,11.2,-1592.81855167874
3,-28.232582067149433,-13.101594368923099,12.735506239041143,11.2,-1593.2218742796993
3,-27.8601380229921,-13.109155131754703,13.099767987053626,11.2,-1593.6198762514564
3,-27.73598434399275,-13.111378919344634,13.065623544286842,11.2,-1594.0161045992277
3,-27.115191167416683,-13.121015460454169,12.914508040981072,11.2,-1594.403464473048
3,-26.370225902550157,-13.131689848855954,12.649756662682282,11.2,-1594.7801819859415
3,-25.501085717081054,-13.143105573902229,12.277681212182355,11.2,-1595.1444832104712
3,-24.507799641266427,-13.157338078244871,11.947441338400528,11.2,-1595.4945946339178
3,-23.390416530272294,-13.177352166554266,11.498435005617917,11.2,-1595.828743441493
3,-22.645510741167886,-13.191584305681712,11.02237445010217,11.2,-1596.1522507377954
3,-22.397189930218975,-13.19514242162258,10.63693930555515,11.2,-1596.4722105939413
3,-22.14884929357458,-13.196921530317972,10.665663281544854,11.2,-1596.7886227267068
3,-21.900502992335017,-13.19751457105871,10.901645227216996,11.2,-1597.1014870551687
3,-21.776329487676524,-13.19736631066217,11.211927813034627,11.2,-1597.4125774764213
3,-21.900502284257595,-13.197811091006368,11.311041169709988,11.2,-1597.725441794768
3,-21.900502284257595,-13.197811091006368,11.365029011493307,11.2,-1598.0383061131145
3,-21.900502284257595,-13.197811091006368,11.480967908041066,11.2,-1598.351170431461
3,-21.900502284257595,-13.197811091006368,11.521311420315634,11.2,-1598.6640347498076
3,-21.528041247259548,-13.191139728236571,11.608147671846902,11.2,-1598.971578196197
3,-21.528041247259548,-13.191139728236571,11.492192588865828,11.2,-1599.2791216425865
3,-21.031398209352236,-13.184023476065251,11.39973661751708,11.2,-1599.5795701884344
3,-20.907235325713792,-13.182392658201497,11.082060088668626,11.2,-1599.8782449788018
3,-20.907235325713792,-13.182392658201497,10.837659161088947,11.2,-1600.1769197691692
3,-20.907235325713792,-13.182392658201497,10.746267509995292,11.2,-1600.4755945595366
3,-20.907235325713792,-13.182392658201497,10.74125663720292,11.2,-1600.774269349904
3,-20.907235325713792,-13.182392658201497,10.850655413422713,11.2,-1601.0729441402714
3,-21.03138900471314,-13.18461644579143,11.023814798784928,11.2,-1601.3733925546244
3,-21.03138900471314,-13.18461644579143,11.054623031959583,11.2,-1601.6738409689774
3,-21.15554268371249,-13.186840233381364,10.847192096484438,11.2,-1601.976063007316
3,-21.27969636271184,-13.189064020971298,10.694684792047205,11.2,-1602.2800586696405
3,-21.27969636271184,-13.189064020971298,10.533586525618075,11.2,-1602.584054331965
3,-21.27969636271184,-13.189064020971298,10.388860862657813,11.2,-1602.8880499942895
3,-21.27969636271184,-13.189064020971298,10.271994042419452,11.2,-1603.192045656614
3,-21.528017881665495,-13.192622147056959,10.005262726154069,11.2,-1603.4995887692091
3,-21.65218430561031,-13.193956465263101,9.762002243741678,11.2,-1603.8089056878607
3,-22.024697738835773,-13.19618035430269,9.570156658291417,11.2,-1604.123544226987
3,-22.645565262128247,-13.196921656285388,9.65425055003231,11.2,-1604.4470523021603
3,-23.638954243500514,-13.19692165628539,9.73937295138354,11.2,-1604.784751648496
3,-24.756507288509983,-13.200924671774306,10.303054010064928,11.2,-1605.1384160383318
3,-25.12902142980076,-13.20314856504101,11.149079172494528,11.2,-1605.4974020587574
3,-28.357449706177874,-13.226276978081115,12.0155419782621,11.2,-1605.9025084831314
3,-30.095754859260673,-13.24703293057039,13.0089612204709,11.2,-1606.3324478382638
3,-31.833941059462603,-13.276090601253268,14.102722461336976,11.2,-1606.7872184248274
3,-33.94434497066905,-13.323974522320391,15.330975280790675,11.2,-1607.2721376386942
3,-35.43391440734158,-13.363110784695612,16.26953399960206,11.2,-1607.778336415942
3,-36.55105537725969,-13.39379683684034,17.00417555161881,11.2,-1608.300494349903
3,-37.047470439898795,-13.410398853058338,16.745968365474123,11.2,-1608.8297439276157
3,-37.047470439898795,-13.410398853058338,16.282675061933944,11.2,-1609.3589935053285
3,-36.67520480496839,-13.3966137809612,15.833193932314318,11.2,-1609.8829250025424
3,-36.426996565967066,-13.388312749184616,15.405002764678995,11.2,-1610.4033106677705
3,-36.05461695047198,-13.378084084578811,15.170131824059277,11.2,-1610.9183766242058
3,-35.5580149789315,-13.368596027896599,14.942821707225553,11.2,-1611.426348266762
3,-35.30968567134825,-13.365630891826703,14.516610434916846,11.2,-1611.9307723477814
3,-35.30968567134825,-13.365630891826703,14.194875171527915,11.2,-1612.4351964288007
3,-35.30968567134825,-13.365630891826703,14.080004997397204,11.2,-1612.93962050982
3,-35.30968567134825,-13.365630891826703,14.120436603680904,11.2,-1613.4440445908394
3,-35.433854927562386,-13.366668702766528,14.313452208380712,11.2,-1613.950242518376
3,-35.433854927562386,-13.366668702766528,14.53360487411932,11.2,-1614.4564404459124
3,-35.433854927562386,-13.366668702766528,14.64469381434899,11.2,-1614.962638373449
3,-35.433854927562386,-13.366668702766528,14.767902612615341,11.2,-1615.4688363009855
3,-35.18793294828712,-13.366668702766528,14.631219399803067,11.2,-1615.9715210573895
3,-34.939588771275794,-13.365482624666763,14.56253910710683,11.2,-1616.4706580398363
3,-34.567068965377736,-13.36592740501096,14.358908580963497,11.2,-1616.9644733107702
3,-34.07038769208895,-13.369485622401745,14.252552628981595,11.2,-1617.451193134943
3,-33.69788842025451,-13.373488577020174,14.035069292361039,11.2,-1617.9325915409465
3,-33.20126520758239,-13.38179074497297,13.891164261257783,11.2,-1618.4068953296262
3,-32.45643659286572,-13.399580293294548,13.651875266813423,11.2,-1618.8705587095242
3,-31.95994648667307,-13.413811336811435,13.45488008021928,11.2,-1619.3271293736195
3,-31.587619261300738,-13.425818351819677,13.268347570622574,11.2,-1619.7783810773524
3,-31.463510186176627,-13.429820690155758,13.170643050693013,11.2,-1620.2278597942977
3,-31.339391907515648,-13.433526650564794,13.163016552309015,11.2,-1620.6755653929765
3,-31.215265133080305,-13.436936211914201,13.36168112617864,11.2,-1621.1214977520206
3,-31.215265133080305,-13.436936211914201,13.62235398843991,11.2,-1621.5674301110646
3,-30.84288480977427,-13.447164895962425,13.895389392582516,11.2,-1622.0080427512041
3,-30.346394231723256,-13.461395953004331,13.913546782403987,11.2,-1622.4415626688
3,-29.97401390841722,-13.471624637052555,13.734407760559536,11.2,-1622.8697628674918
3,-29.105126487369805,-13.495491566498414,13.541497296402929,11.2,-1623.28555038874
3,-28.36044442601453,-13.518616462733762,13.181708823144906,11.2,-1623.690699594826
3,-27.864027476223505,-13.535218542065333,12.74943404288607,11.2,-1624.0887571302005
3,-26.374901223099418,-13.588580846902628,12.265017129634709,11.2,-1624.4655414333877
3,-25.25820625674847,-13.632602802700221,11.778255018168775,11.2,-1624.8263729513412
3,-24.513778340418174,-13.662839631461546,11.278151051646933,11.2,-1625.1765697847757
3,-24.26559133918739,-13.671733323577005,10.921804029689318,11.2,-1625.5232210896213
3,-23.89321172369231,-13.68196198818281,11.072817023601763,11.2,-1625.864552685674
3,-23.769063944950556,-13.684482237669576,11.331926252495702,11.2,-1626.2041107420305
3,-23.64490129731773,-13.68611305243351,11.67956054974366,11.2,-1626.541895046278
3,-23.64490129731773,-13.68611305243351,11.722992197358636,11.2,-1626.8796793505253
3,-23.272387864092266,-13.6883369414731,11.572476379196633,11.2,-1627.212142034298
3,-23.024040854775276,-13.6883369414731,11.386418090353509,11.2,-1627.541056903652
3,-22.899868058194205,-13.687892161128902,11.355014644033297,11.2,-1627.8681978759118
3,-22.775696677763946,-13.687150863373335,11.35410524743484,11.2,-1628.1935649713084
3,-22.65152742154981,-13.686113052433509,11.41355019107232,11.2,-1628.5171582201876
3,-22.65152742154981,-13.686113052433509,11.546262393127732,11.2,-1628.8407514690668
3,-22.527360997604998,-13.684778734227367,11.732937275694434,11.2,-1629.1625709118898
3,-22.527360997604998,-13.684778734227367,11.955749748150344,11.2,-1629.4843903547128
3,-22.403194573660183,-13.683444416021224,11.780295056724508,11.2,-1629.8044359914793
3,-22.154858657485924,-13.681072284620813,11.714205976016967,11.2,-1630.1209339723005
3,-22.154858657485924,-13.681072284620813,11.770495382267882,11.2,-1630.4374319531216
3,-22.27902508143074,-13.682406602826955,11.76157112527933,11.2,-1630.7557037399993
3,-22.27902508143074,-13.682406602826955,11.844903194206674,11.2,-1631.073975526877
3,-22.27902508143074,-13.682406602826955,11.953382998197384,11.2,-1631.3922473137545
3,-22.154862197792294,-13.6807757849632,12.071068185209537,11.2,-1631.7087453451516
3,-22.154862197792294,-13.6807757849632,11.896921225813559,11.2,-1632.0252433765486
3,-21.906540442836786,-13.677217655495939,11.77922506902681,11.2,-1632.3381939543035
3,-21.658218687881277,-13.673659526028677,11.683973072981411,11.2,-1632.647597078416
3,-21.78237732319649,-13.675586834250584,11.616091622255565,11.2,-1632.958773897319
3,-21.906531002195837,-13.677810621840518,11.564158394706999,11.2,-1633.2717243402074
3,-21.906531002195837,-13.677810621840518,11.605453250146123,11.2,-1633.5846747830958
3,-21.906531002195837,-13.677810621840518,11.646974721620339,11.2,-1633.8976252259843
3,-21.906531002195837,-13.677810621840518,11.512937869002142,11.2,-1634.2105756688727
3,-21.906531002195837,-13.677810621840518,11.419028572603866,11.2,-1634.5235261117612
3,-21.906531002195837,-13.677810621840518,11.331438687788584,11.2,-1634.8364765546496
3,-21.906531002195837,-13.677810621840518,11.239956881070555,11.2,-1635.149426997538
3,-22.030684681195186,-13.680034409430451,11.221777943660541,11.2,-1635.4641510644124
3,-22.030684681195186,-13.680034409430451,11.225717127136559,11.2,-1635.7788751312867
3,-22.030684681195186,-13.680034409430451,11.017245886190825,11.2,-1636.093599198161
3,-22.154843316510398,-13.681961717652358,10.868055921030644,11.2,-1636.4100969598253
3,-22.154843316510398,-13.681961717652358,10.760732411310837,11.2,-1636.7265947214896
3,-22.154843316510398,-13.681961717652358,10.660303601655249,11.2,-1637.043092483154
3,-22.52734188030779,-13.68596466466208,10.577861675091022,11.2,-1637.3649116528727
3,-23.024030234330446,-13.688336820861611,10.42309103655111,11.2,-1637.693826370506
3,-23.272377243647437,-13.688336820861611,10.314001511699633,11.2,-1638.0262889025582
3,-23.520721420658766,-13.687150742761846,10.329723779859041,11.2,-1638.3622992085677
3,-24.389906214157712,-13.679886066183071,10.321428876292398,11.2,-1638.7107264401986
3,-25.507429520084926,-13.670545767724647,10.468447646277005,11.2,-1639.0751182904855
3,-26.00411126541376,-13.666987546952175,11.122363059775688,11.2,-1639.4466055942771
3,-27.866650108625787,-13.651420382854802,11.865524925549392,11.2,-1639.844700595829
3,-29.977527464266085,-13.63377759687778,12.700425554714904,11.2,-1640.2729509881756
3,-31.591770751501983,-13.627995463393791,13.655409145687512,11.2,-1640.7242619989113
3,-33.206014038737884,-13.63377759687778,14.764156086074832,11.2,-1641.198633628036
3,-34.696028119691576,-13.648010371753584,15.712333739757941,11.2,-1641.694291172603
3,-36.31014560699134,-13.669211003982381,16.54516411134462,11.2,-1642.2130075384173
3,-36.930938783567406,-13.678847545091916,16.97154444288868,11.2,-1642.7405923781826
3,-37.055092462566755,-13.68107133268185,16.31922473498885,11.2,-1643.2699508419335
3,-36.55846783393763,-13.67276914105817,15.829792607786171,11.2,-1643.7922146681326
3,-36.06180921877111,-13.666838868918378,15.439729761612087,11.2,-1644.3073833712579
3,-35.81346858212672,-13.665059760222984,15.104229415349968,11.2,-1644.8190043510026
3,-35.689297201696455,-13.664318462467417,14.782768330511434,11.2,-1645.328851453884
3,-35.689297201696455,-13.664318462467417,14.63369526692722,11.2,-1645.8386985567654
3,-35.689297201696455,-13.664318462467417,14.556356820970521,11.2,-1646.3485456596468
3,-35.689297201696455,-13.664318462467417,14.583309498638863,11.2,-1646.8583927625282
3,-35.689297201696455,-13.664318462467417,14.702547034762299,11.2,-1647.3682398654096
3,-35.689297201696455,-13.664318462467417,14.878977974517111,11.2,-1647.878086968291
3,-35.689297201696455,-13.664318462467417,15.006878831116891,11.2,-1648.3879340711724
3,-35.44095302468513,-13.663132384367652,14.864152366043104,11.2,-1648.8942334000965
3,-35.06843251070964,-13.662687603178032,14.768818980459997,11.2,-1649.3952110073924
3,-34.82008620947008,-13.66328064391877,14.578994587527216,11.2,-1649.8926408103848
3,-34.32340493618129,-13.666838861309554,14.386109070294054,11.2,-1650.382975166616
3,-33.70259169801717,-13.674992935129225,14.113566707383207,11.2,-1650.864440762302
3,-33.20598831058025,-13.684481018863494,13.922601473041624,11.2,-1651.3388120238817
3,-32.46120642357743,-13.704049075661949,13.624474665568847,11.2,-1651.8025435442185
3,-31.840661047956882,-13.724060767342353,13.338339104235741,11.2,-1652.257410130618
3,-31.840661047956882,-13.724060767342353,13.220766040885541,11.2,-1652.7122767170174
3,-31.840661047956882,-13.724060767342353,13.306404335905986,11.2,-1653.1671433034169
3,-31.716519405450082,-13.726877473935518,13.619625866680463,11.2,-1653.6202364377805
3,-31.59237139073097,-13.72939772821272,14.003896877018375,11.2,-1654.0715560290766
3,-31.46822337601186,-13.731917982489922,14.398433389411181,11.2,-1654.5211020773054
3,-31.34407536129275,-13.734438236767122,14.29934015933127,11.2,-1654.9688745824667
3,-30.723335287697193,-13.747039508153131,14.18568784197363,11.2,-1655.4077793722909
3,-29.854343790149585,-13.766756454305286,13.882518821566958,11.2,-1655.8342699978643
3,-28.861298442813187,-13.792847271092363,13.46285833743231,11.2,-1656.246574261333
3,-27.744233934864354,-13.826200914773683,12.920805552659328,11.2,-1656.6429204604026
3,-26.379145726944564,-13.873486452739881,12.319249623273139,11.2,-1657.019765399359
3,-25.262450760593616,-13.917508408537474,11.72587675780626,11.2,-1657.3806575530816
3,-24.39399446936169,-13.953821642974596,11.13986322215798,11.2,-1657.7291431883582
3,-23.64943700377744,-13.980502592534139,10.641002143072928,11.2,-1658.0669922884122
3,-23.27703402443654,-13.989842003324073,10.733299530202657,11.2,-1658.399521345904
3,-23.401187467447762,-13.987618219961059,10.968093871501134,11.2,-1658.7338240240106
3,-23.401187467447762,-13.987618219961059,11.288197887781298,11.2,-1659.068126702117
3,-23.52536026402964,-13.987766479512173,11.6993043978959,11.2,-1659.4042032773175
3,-23.52536026402964,-13.987766479512173,11.959838699648634,11.2,-1659.740279852518
3,-23.401197380391196,-13.986135661648419,11.71124760895219,11.2,-1660.0745826722377
3,-23.028708729475866,-13.981243208057158,11.553762283338996,11.2,-1660.403564225516
3,-22.15952558810105,-13.97397854528691,11.145653965825721,11.2,-1660.7201288767747
3,-21.78700719835784,-13.972644204254317,10.807794593795743,11.2,-1661.0313718367513
3,-21.66283440177677,-13.97219942391012,10.593329319929513,11.2,-1661.3408408996338
3,-21.538663021346512,-13.971458126154552,10.519276917383126,11.2,-1661.648536085653
3,-21.538663021346512,-13.971458126154552,10.609210090825984,11.2,-1661.956231271672
3,-21.538663021346512,-13.971458126154552,10.747977440916808,11.2,-1662.2639264576912
3,-21.538663021346512,-13.971458126154552,10.889549618332243,11.2,-1662.5716216437104
3,-21.538663021346512,-13.971458126154552,11.046930437040563,11.2,-1662.8793168297295
3,-21.787003894010926,-13.973237236540788,10.968432622080616,11.2,-1663.1905597425011
3,-21.787003894010926,-13.973237236540788,10.845721499480605,11.2,-1663.5018026552727
3,-21.787003894010926,-13.973237236540788,10.790992547179387,11.2,-1663.8130455680443
3,-21.787003894010926,-13.973237236540788,10.69123914257605,11.2,-1664.124288480816
3,-21.787003894010926,-13.973237236540788,10.5099433760933,11.2,-1664.4355313935876
3,-21.787003894010926,-13.973237236540788,10.370892431286435,11.2,-1664.7467743063592
3,-22.035348071022256,-13.974423314640553,10.240910685672846,11.2,-1665.061564993088
3,-22.035348071022256,-13.974423314640553,10.07700625715967,11.2,-1665.376355679817
3,-22.407867876920314,-13.973978534296355,9.923913048367233,11.2,-1665.6964680780586
3,-22.9045491502091,-13.970420316905571,9.802939753679048,11.2,-1666.0236759230615
3,-23.773733943708045,-13.963155640326796,9.871152922856169,11.2,-1666.363300693686
3,-24.76711065175336,-13.958411327927735,10.010045203017013,11.2,-1666.7171165601396
3,-26.257189875343176,-13.954853080101598,10.747401235281055,11.2,-1667.0922192726446
3,-27.871445435903606,-13.952925694946583,11.55161715021702,11.2,-1667.4903827788717
3,-29.609849718497458,-13.961228217973037,12.479557481103079,11.2,-1667.913380631993
3,-30.230681838221525,-13.96789980900375,13.584458316462722,11.2,-1668.3452475153963
3,-33.45873272059028,-14.021863900696916,14.803670291831562,11.2,-1668.8232294114048
3,-34.94838995002361,-14.057442997340072,15.837136520531311,11.2,-1669.3224921249766
3,-36.3137844688124,-14.094948172183626,16.605652101586887,11.2,-1669.841260474531
3,-37.430764021799305,-14.130969148740485,17.00598055338891,11.2,-1670.3759856748425
3,-37.430764021799305,-14.130969148740485,16.34235283760173,11.2,-1670.9107108751539
3,-37.306664857922094,-14.126670455299982,15.827189824480906,11.2,-1671.443663230267
3,-36.93433763254976,-14.11466344029174,15.584139632558024,11.2,-1671.9712966250177
3,-36.93433763254976,-14.11466344029174,15.41609704157998,11.2,-1672.4989300197683
3,-36.93433763254976,-14.11466344029174,15.457616658669906,11.2,-1673.026563414519
3,-36.93433763254976,-14.11466344029174,15.255297671415887,11.2,-1673.5541968092696
3,-36.93433763254976,-14.11466344029174,15.227590950341346,11.2,-1674.0818302040202
3,-36.81022855742565,-14.110661101955658,15.40641047118488,11.2,-1674.6076906119833
3,-36.81022855742565,-14.110661101955658,15.395260753287836,11.2,-1675.1335510199465
3,-36.68612939354844,-14.106362408515155,15.302336993573324,11.2,-1675.6576385827116
3,-36.68612939354844,-14.106362408515155,15.282000861424482,11.2,-1676.1817261454767
3,-36.68612939354844,-14.106362408515155,15.341633523136785,11.2,-1676.7058137082417
3,-36.68612939354844,-14.106362408515155,15.471561058631735,11.2,-1677.2299012710068
3,-36.68612939354844,-14.106362408515155,15.600534789453837,11.2,-1677.753988833772
3,-36.56204084857164,-14.101767384482777,15.69817887790562,11.2,-1678.2763037030372
3,-36.31385313971763,-14.092873667009894,15.825002142506555,11.2,-1678.7950730336047
3,-36.06162546866608,-14.092873667009894,15.66844037800676,11.2,-1679.3102391117286
3,-35.19279916948506,-14.066931993456002,15.438778694256614,11.2,-1679.8129933855785
3,-34.447970554768396,-14.049142445134407,15.10902885566259,11.2,-1680.3051072506466
3,-34.07552651061106,-14.041581682302802,14.74192098017497,11.2,-1680.7919004865125
3,-32.461418227519985,-14.020381170966743,14.219327154178542,11.2,-1681.25563503262
3,-30.971344668535032,-14.016822936667447,13.775736746446462,11.2,-1681.698082813599
3,-29.72964502560934,-14.02571845478178,13.214585100844712,11.2,-1682.1227920282506
3,-28.488037430841057,-14.043509085210083,12.62177259573381,11.2,-1682.5297639915484
3,-26.874205280886724,-14.080126062118461,12.077218561679377,11.2,-1682.9136812098468
3,-25.75714077293789,-14.113479705799781,11.488231929134765,11.2,-1683.281640363746
3,-24.516099577931286,-14.154984864682703,11.0037247820437,11.2,-1683.6318703577165
3,-24.143833943000875,-14.168769936779839,10.584799963672683,11.2,-1683.9767822711879
3,-22.406837122384875,-14.239322470170645,10.208998478440579,11.2,-1684.2968799443647
3,-22.03460617446293,-14.253996427544568,9.875945034815505,11.2,-1684.6116600325713
3,-21.786397935461608,-14.262297459321152,9.684550045515653,11.2,-1684.9228942887921
3,-21.662279656800628,-14.266003419730188,9.78500297025388,11.2,-1685.2323554267464
3,-21.538152882365285,-14.269412981079597,9.95804133513473,11.2,-1685.5400433250659
3,-21.66228744476404,-14.266299838232236,10.207515082496192,11.2,-1685.8495045742768
3,-21.910577101989954,-14.26096287736187,10.440997789428042,11.2,-1686.162512818591
3,-21.910577101989954,-14.26096287736187,10.522800571111226,11.2,-1686.4755210629053
3,-22.034735501307622,-14.259035572803338,10.595479632602142,11.2,-1686.7903029986383
3,-22.28307118146657,-14.25666344365737,10.733409886183827,11.2,-1687.1086325869449
3,-22.28307118146657,-14.25666344365737,10.934419942899419,11.2,-1687.4269621752514
3,-22.28307118146657,-14.25666344365737,11.126032513584613,11.2,-1687.745291763558
3,-22.28307118146657,-14.25666344365737,10.84652051946423,11.2,-1688.0636213518646
3,-22.28307118146657,-14.25666344365737,10.661842594655129,11.2,-1688.3819509401712
3,-22.407240437680706,-14.255625632717546,10.56333500270817,11.2,-1688.7020543749952
3,-22.53140686162552,-14.254291314511404,10.529738165447368,11.2,-1689.0239316158757
3,-22.53140686162552,-14.254291314511404,10.54082405944132,11.2,-1689.345808856756
3,-22.655569745263964,-14.25266049664765,10.589274686595285,11.2,-1689.669459853117
3,-22.77973262890241,-14.251029678783896,10.523091168385045,11.2,-1689.9948846049583
3,-22.77973262890241,-14.251029678783896,10.280471553924695,11.2,-1690.3203093567997
3,-22.903895512540853,-14.249398860920142,10.073441672131016,11.2,-1690.6475078641217
3,-23.152207826855417,-14.245247765108303,9.880885754866675,11.2,-1690.9782536902196
3,-23.77297622185216,-14.234128827158639,9.719855421893183,11.2,-1691.317867636246
3,-24.890467665029316,-14.222120031781685,9.85914692167381,11.2,-1691.6734457457464
3,-25.759677241096806,-14.219006569372302,10.435436143160123,11.2,-1692.041441134905
3,-27.001412287681752,-14.219006569372302,11.015172434183137,11.2,-1692.4271755961577
3,-28.988165703772378,-14.228495194170426,11.673711567925016,11.2,-1692.8412922490686
3,-30.602366034556137,-14.24198673638815,12.537225951915762,11.2,-1693.278468906705
3,-32.21648045378284,-14.263187328319297,13.484534321590305,11.2,-1693.738704341759
3,-34.45108099759091,-14.311219839203794,14.55452964512532,11.2,-1694.2308626417248
3,-35.07171486976763,-14.328267645950836,15.768587672531812,11.2,-1694.7318871398643
3,-37.30576105383345,-14.397642334656883,16.480881469626098,11.2,-1695.2648265834905
3,-38.42255583584581,-14.438997472341395,16.805392463235883,11.2,-1695.8137202382884
3,-38.42255583584581,-14.438997472341395,16.577187973418365,11.2,-1696.3626138930863
3,-38.42255583584581,-14.438997472341395,16.015591914783347,11.2,-1696.9115075478842
3,-38.42255583584581,-14.438997472341395,15.721835580183182,11.2,-1697.460401202682
3,-38.42255583584581,-14.438997472341395,15.669913237542549,11.2,-1698.00929485748
3,-38.42255583584581,-14.438997472341395,15.69079066064853,11.2,-1698.5581885122779
3,-38.42255583584581,-14.438997472341395,15.730397648870811,11.2,-1699.1070821670758
3,-38.546633054329256,-14.44388880076335,15.918339264552714,11.2,-1699.6577483535661
3,-38.546633054329256,-14.44388880076335,15.79495098613726,11.2,-1700.2084145400565
3,-38.42255583584581,-14.438997472341395,15.752133768246097,11.2,-1700.7573081948544
3,-38.42255583584581,-14.438997472341395,15.803549161164584,11.2,-1701.3062018496523
3,-38.42255583584581,-14.438997472341395,15.854153213592662,11.2,-1701.8550955044502
3,-38.29847861736237,-14.43410614391944,16.021639874803537,11.2,-1702.4022166275554
3,-38.29847861736237,-14.43410614391944,16.082183780723984,11.2,-1702.9493377506606
3,-38.17440139887893,-14.429214815497485,16.17032686405064,11.2,-1703.494686342073
3,-37.5539598533165,-14.40623973900609,15.86836639308399,11.2,-1704.0311714828347
3,-36.93336963961577,-14.387709972181872,15.664315244347247,11.2,-1704.558791049115
3,-35.81609698074177,-14.36235966102869,15.276828871243048,11.2,-1705.0704495774112
3,-34.94696175138503,-14.350944001078505,14.944510853413457,11.2,-1705.5696918881451
3,-33.82940870637556,-14.346940985589589,14.42048975243901,11.2,-1706.052969155379
3,-32.711872655083766,-14.35361262734568,13.92242955942882,11.2,-1706.5202816218803
3,-31.22200301706742,-14.378519131204063,13.378699718229273,11.2,-1706.9663102364098
3,-30.725450607256306,-14.390378830085115,12.80613904154636,11.2,-1707.4052452450849
3,-28.615608361203172,-14.4584181938143,12.246743349894592,11.2,-1707.814039650245
3,-27.49902382342708,-14.505106549346403,11.715148920581449,11.2,-1708.2068828477225
3,-26.134753199343194,-14.571945174139154,11.209948549052669,11.2,-1708.580236464856
3,-25.26679237155014,-14.61862474346443,10.807019249660891,11.2,-1708.9411906415924
3,-24.894763155123016,-14.63774190173924,10.4275655333539,11.2,-1709.296830115237
3,-24.522606533569444,-14.654193425976022,10.708989302836942,11.2,-1709.6471530657166
3,-24.398529315086005,-14.659084754397977,11.045438507991289,11.2,-1709.9957034845036
3,-24.2744407701092,-14.663679778430357,11.478237598725451,11.2,-1710.3424812097908
3,-24.150331930888434,-14.667682109158896,11.487978831519577,11.2,-1710.6874859516606
3,-23.902070594054333,-14.674204813355665,11.578697338310784,11.2,-1711.0289441030043
3,-23.777928951547533,-14.67702151994883,11.520213851206243,11.2,-1711.368628802312
3,-23.653780936828422,-14.679541774226031,11.539592391388599,11.2,-1711.7065399585524
3,-23.529627257829073,-14.681765561815965,11.635972469500059,11.2,-1712.0426774908071
3,-23.281305738875417,-14.685323687901626,11.567058927984744,11.2,-1712.375267572791
3,-23.157139314930603,-14.686658006107768,11.581448785648512,11.2,-1712.7060838487187
3,-23.03297005871647,-14.687695817047594,11.707767675440186,11.2,-1713.035126278129
3,-22.90879867828621,-14.688437114803161,11.718690796379912,11.2,-1713.3623948306758
3,-22.78462588170514,-14.68888189514736,11.679036957675228,11.2,-1713.6878894861288
3,-22.660452377046646,-14.689030155543898,11.723683571607756,11.2,-1714.0116102343723
3,-22.536278872388152,-14.68888189514736,11.74341820411211,11.2,-1714.3335570754064
3,-22.41210607580708,-14.688437114803161,11.6996270842341,11.2,-1714.6537300193465
3,-22.287934695376823,-14.687695817047594,11.637599866980237,11.2,-1714.9721290864234
3,-22.163765439162688,-14.68665800610777,11.607416008590114,11.2,-1715.2887543069828
3,-22.163765439162688,-14.68665800610777,11.614055780295299,11.2,-1715.6053795275423
3,-22.163765439162688,-14.68665800610777,11.661784131102706,11.2,-1715.9220047481017
3,-22.163765439162688,-14.68665800610777,11.622883144832993,11.2,-1716.2386299686611
3,-22.163765439162688,-14.68665800610777,11.613204185654144,11.2,-1716.5552551892206
3,-22.163765439162688,-14.68665800610777,11.567940733636153,11.2,-1716.87188040978
3,-22.163765439162688,-14.68665800610777,11.539213417672807,11.2,-1717.1885056303395
3,-22.163765439162688,-14.68665800610777,11.471716493903024,11.2,-1717.505130850899
3,-22.163765439162688,-14.68665800610777,11.406848459503296,11.2,-1717.8217560714584
3,-22.039599015217874,-14.685323687901628,11.327103084838974,11.2,-1718.1366074859616
3,-22.039599015217874,-14.685323687901628,11.226125320776148,11.2,-1718.4514589004648
3,-22.163765439162688,-14.68665800610777,11.121679851510573,11.2,-1718.7680841210242
3,-22.287934695376823,-14.687695817047594,11.043868545674284,11.2,-1719.086483188101
3,-22.287934695376823,-14.687695817047594,10.995194504788516,11.2,-1719.4048822551779
3,-22.287934695376823,-14.687695817047594,10.892621416791549,11.2,-1719.7232813222547
3,-22.41210607580708,-14.688437114803161,10.72954947155877,11.2,-1720.0434542661949
3,-22.41210607580708,-14.688437114803161,10.611628267541581,11.2,-1720.363627210135
3,-22.660450488841793,-14.689623194030162,10.532243833838823,11.2,-1720.6873479314042
3,-22.660450488841793,-14.689623194030162,10.347854405488109,11.2,-1721.0110686526734
3,-22.660450488841793,-14.689623194030162,10.053543746872986,11.2,-1721.3347893739426
3,-23.032968878585002,-14.690957535062754,9.800112731877771,11.2,-1721.6638317864938
3,-23.40548868448306,-14.690512754718556,9.545118435868408,11.2,-1721.9981959105578
3,-23.653829321127454,-14.688733646023163,9.598341512455669,11.2,-1722.3361077580025
3,-24.5230141146264,-14.681468969444389,9.675403713172912,11.2,-1722.6864365310687
3,-25.392213777638208,-14.676279885155413,10.001588490089954,11.2,-1723.0491824421779
3,-27.37896908191592,-14.666791251339419,10.792858015065173,11.2,-1723.4403105719196
3,-29.614085793072,-14.661453884672783,11.57668515272155,11.2,-1723.863368940392
3,-31.47668836294942,-14.663677790620879,12.535608920755331,11.2,-1724.3130359170057
3,-33.33928031166547,-14.670349495783842,13.684071068994243,11.2,-1724.7893113500295
3,-35.32600540482062,-14.684582365346984,14.912258418227466,11.2,-1725.2939685700983
3,-37.56096917306993,-14.71126858997605,16.26278188226173,11.2,-1725.8305538439993
3,-39.05089970280298,-14.732617366779625,17.164558776196877,11.2,-1726.3884238397536
3,-39.671692879379044,-14.74225390788916,17.61058142030593,11.2,-1726.955162309459
3,-40.29246127437578,-14.753372845838822,16.896211100717565,11.2,-1727.530768899093
3,-39.920000237377735,-14.746701483069023,16.311870437655667,11.2,-1728.1010546167697
3,-39.795841602062524,-14.744774174847116,15.855006232933185,11.2,-1728.6695666396563
3,-39.67168296674731,-14.742846866625209,15.640974857061588,11.2,-1729.2363049677526
3,-39.795841602062524,-14.744774174847116,15.649127891225492,11.2,-1729.8048169906392
3,-39.795841602062524,-14.744774174847116,15.734236783470875,11.2,-1730.3733290135258
3,-39.92000448570097,-14.74640499271087,15.717832527120745,11.2,-1730.943614791893
3,-39.92000448570097,-14.74640499271087,15.813117131756957,11.2,-1731.5139005702601
3,-39.795841602062524,-14.744774174847116,15.62626424314891,11.2,-1732.0824125931467
3,-39.795841602062524,-14.744774174847116,15.509874666092882,11.2,-1732.6509246160333
3,-39.795841602062524,-14.744774174847116,15.489329382547815,11.2,-1733.21943663892
3,-39.795841602062524,-14.744774174847116,15.558366089695593,11.2,-1733.7879486618065
3,-39.67168296674731,-14.742846866625209,15.704770593503849,11.2,-1734.3546869899028
3,-39.67168296674731,-14.742846866625209,15.712214308979576,11.2,-1734.9214253179991
3,-39.5475243314321,-14.740919558403302,15.695966622195717,11.2,-1735.4863899513052
3,-39.050865716265584,-14.73498928626351,15.564753764815823,11.2,-1736.0442594615376
3,-38.43000999422314,-14.731282804530858,15.423339287423207,11.2,-1736.5932596043122
3,-37.809143651059706,-14.732024105104522,15.055738820646113,11.2,-1737.1333902278986
3,-36.691690442580864,-14.746701298488661,14.70760872020848,11.2,-1737.6575572342213
3,-35.8227501574521,-14.768493256998507,14.244481565616866,11.2,-1738.1693108078991
3,-34.82992003217389,-14.801697289434504,13.727551228551787,11.2,-1738.666881094073
3,-33.58933543208136,-14.855054421081348,13.254509375340833,11.2,-1739.1467287431028
3,-32.96928673803616,-14.886916351539364,12.739013364195124,11.2,-1739.6177185536462
3,-31.358031071451563,-14.985151722578351,12.280749126426082,11.2,-1740.0656904260954
3,-30.862369072610505,-15.017153770195014,11.905543632808737,11.2,-1740.506581412847
3,-30.738408166444962,-15.024414373930568,11.913453110991272,11.2,-1740.9457015295104
3,-30.49040378795051,-15.037455282038273,12.316906089512882,11.2,-1741.3812787264812
3,-30.36637895001784,-15.043531532205378,12.680954320821632,11.2,-1741.815084140053
3,-30.242339955906193,-15.049311599686748,12.830793025966216,11.2,-1742.2471175679943
3,-29.87014510998083,-15.064874384864115,12.64662624224325,11.2,-1742.6738339267083
3,-29.621979110666764,-15.074360746334168,12.481259142096937,11.2,-1743.0970050568608
3,-28.629315113410502,-15.112306192214382,12.154586128388065,11.2,-1743.5059952727665
3,-28.008872388526484,-15.135281312376277,11.857290132313993,11.2,-1743.906122021174
3,-27.760664149525162,-15.143582344152861,11.5808523471725,11.2,-1744.3027029375958
3,-27.512419096428836,-15.150697865911305,11.443881529565575,11.2,-1744.6957374961162
3,-27.38828453403008,-15.153811008758666,11.595770286557716,11.2,-1745.0869987037452
3,-27.26414289152328,-15.156627715351831,11.807289283765968,11.2,-1745.4764864593383
3,-27.13999487680417,-15.159147969629032,11.990137258595404,11.2,-1745.864200671864
3,-27.13999487680417,-15.159147969629032,12.16525852566792,11.2,-1746.2519148843896
3,-26.891682562489606,-15.16329906544087,12.099405595579608,11.2,-1746.6360817781394
3,-26.643353254906348,-15.166264201510767,12.03341488810239,11.2,-1747.0167011103524
3,-26.519183998692213,-15.167302012450591,11.935446406094847,11.2,-1747.395546596048
3,-26.519183998692213,-15.167302012450591,11.907225809046727,11.2,-1747.7743920817436
3,-26.395012618261955,-15.168043310206158,11.978815141236318,11.2,-1748.1514636905758
3,-26.270839821680884,-15.168488090550357,12.0112581381796,11.2,-1748.5267614023142
3,-26.270839821680884,-15.168488090550357,12.047367388543442,11.2,-1748.9020591140525
3,-26.270839821680884,-15.168488090550357,12.129664032973706,11.2,-1749.2773568257908
3,-26.14666631702239,-15.168636350946896,12.162746766582035,11.2,-1749.6508806303198
3,-25.898319071679325,-15.168636350946896,12.05673183849373,11.2,-1750.0208566170581
3,-25.77414556702083,-15.168784611343435,11.831807508521264,11.2,-1750.389058696587
3,-25.77414556702083,-15.168784611343435,11.692288282554498,11.2,-1750.7572607761158
3,-25.898319071679325,-15.168636350946896,11.64146615733823,11.2,-1751.1272367628542
3,-25.77414556702083,-15.168488090550357,11.55490606892556,11.2,-1751.495438842383
3,-25.77414556702083,-15.168488090550357,11.554072147132077,11.2,-1751.8636409219118
3,-25.77414556702083,-15.168488090550357,11.545247224537219,11.2,-1752.2318430014407
3,-25.77414556702083,-15.168488090550357,11.562949860888969,11.2,-1752.6000450809695
3,-25.77414556702083,-15.168488090550357,11.577955996300709,11.2,-1752.9682471604983
3,-25.77414556702083,-15.168488090550357,11.587907937174085,11.2,-1753.3364492400272
3,-25.77414556702083,-15.168488090550357,11.58340340416905,11.2,-1753.704651319556
3,-25.898318363601902,-15.168932870894555,11.477210903574584,11.2,-1754.074627296179
3,-26.022491160182973,-15.169377651238753,11.392896404506503,11.2,-1754.4463771698959
3,-26.022491160182973,-15.169377651238753,11.315325756224404,11.2,-1754.8181270436128
3,-26.022491160182973,-15.169377651238753,11.104053176586183,11.2,-1755.1898769173297
3,-26.146664664841467,-15.169525911635292,10.963228666173213,11.2,-1755.563400698256
3,-26.27083816949996,-15.169377651238753,10.859438250565072,11.2,-1755.9386983863917
3,-26.51918517881695,-15.169377651238753,10.779860973411218,11.2,-1756.3175438889461
3,-27.264217709850936,-15.172935885538049,10.713875209287204,11.2,-1756.7070327133727
3,-27.885048649513255,-15.179607463887583,11.057062746017346,11.2,-1757.1053905512229
3,-29.002429636614274,-15.199621514154707,11.486736853623487,11.2,-1757.519710974603
3,-29.74725825133094,-15.217411062476286,11.902928488064333,11.2,-1757.9446718067647
3,-31.360667027724514,-15.269441164151559,12.455343763035643,11.2,-1758.3926813357323
3,-32.97333959044568,-15.340730831498748,13.19419663985921,11.2,-1758.8637290441673
3,-34.08928710501121,-15.400747306553274,14.022398110132873,11.2,-1759.350718859953
3,-35.32881006569072,-15.474833444700934,14.877115577884965,11.2,-1759.8554161466059
3,-36.32013406337283,-15.538837539934262,15.517689644589035,11.2,-1760.3742752046542
3,-36.69190851314156,-15.562395173835773,15.436292995955963,11.2,-1760.8984453262706
3,-36.69190851314156,-15.562395173835773,15.127913020724941,11.2,-1761.422615447887
3,-36.31987929671444,-15.543278015560968,14.75464989572565,11.2,-1761.9414708664115
3,-35.82359826412042,-15.523120302139885,14.217239903898164,11.2,-1762.453236555899
3,-35.451244135899984,-15.512002442045354,13.739761071744272,11.2,-1762.9596829006975
3,-35.575378698298735,-15.515115584892708,13.375497712916303,11.2,-1763.4679025963876
3,-35.575378698298735,-15.515115584892708,13.138249187109448,11.2,-1763.9761222920777
3,-35.575378698298735,-15.515115584892708,13.044351998732713,11.2,-1764.4843419877677
3,-35.575378698298735,-15.515115584892708,13.006574088392572,11.2,-1764.9925616834578
3,-35.827606369350285,-15.515115584892708,13.061505139035571,11.2,-1765.5043846315914
3,-36.079834040401835,-15.515115584892708,13.176445417005253,11.2,-1766.0198108321686
3,-37.07287938773823,-15.541206401679785,13.364928001137633,11.2,-1766.5494233948505
3,-37.81756144909351,-15.564331297915134,13.6431148170062,11.2,-1767.0896742726948
3,-38.56212457565555,-15.59101245033378,14.01728313716907,11.2,-1767.6405617666328
3,-39.43066510503962,-15.625251749287463,14.503627931451538,11.2,-1768.203856982419
3,-40.05099102734814,-15.651189773885408,15.117931064303082,11.2,-1768.7760139970953
3,-40.547226753848136,-15.672532707680293,15.887719634107007,11.2,-1769.3552600935789
3,-40.67129193830984,-15.677720312599883,15.609697913815,11.2,-1769.9362785498404
3,-40.5472147198264,-15.672828984177928,15.254616401469756,11.2,-1770.5155244744094
3,-39.80259212586774,-15.64792595985093,14.85198426814148,11.2,-1771.0841329333505
3,-39.18185913157273,-15.635324832177549,14.466508304258177,11.2,-1771.6438737780873
3,-38.56100576974396,-15.631618364535276,14.07535944040039,11.2,-1772.1947452890836
3,-38.18848808807413,-15.632952703031581,13.667637225678018,11.2,-1772.7402951189133
3,-38.18848808807413,-15.632952703031581,13.39664672225299,11.2,-1773.285844948743
3,-38.31265734428827,-15.631914892091757,13.320643024974009,11.2,-1773.83316862509
3,-38.31265734428827,-15.631914892091757,13.575175573679086,11.2,-1774.3804923014368
3,-38.43682376823308,-15.630580573885615,13.766481473813393,11.2,-1774.9295897838401
3,-38.43682376823308,-15.630580573885615,14.094414397447894,11.2,-1775.4786872662435
3,-38.5609901921779,-15.629246255679472,14.347204467543245,11.2,-1776.029558554703
3,-38.43682376823308,-15.630580573885615,14.274511562834915,11.2,-1776.5786560371064
3,-38.18849422464057,-15.633545712773541,14.215443631237225,11.2,-1777.1242059546012
3,-37.94017270568692,-15.637103838859202,14.190132243628154,11.2,-1777.6662084218253
3,-37.69187101196846,-15.641847880726337,13.976611415445959,11.2,-1778.2046637219962
3,-37.19531860215734,-15.653707579607389,13.936433309621169,11.2,-1778.7360254163127
3,-37.071191827722,-15.657117140956796,13.805804727239005,11.2,-1779.2656138709945
3,-36.202502634150434,-15.68720782345273,13.665206374499189,11.2,-1779.7827924800538
3,-35.954385006708506,-15.697879280208143,13.511403945344597,11.2,-1780.2964265515782
3,-36.07843744968873,-15.692395428372318,13.442081323477568,11.2,-1780.8118328008595
3,-35.95437226522702,-15.697583033291908,13.518602980875713,11.2,-1781.3254666903629
3,-35.83029504674358,-15.702474361713863,13.789942027733003,11.2,-1781.8373280481735
3,-35.706217828260144,-15.707365690135818,14.151186789061835,11.2,-1782.3474168742914
3,-35.458100200818215,-15.71803714689123,14.44420409028019,11.2,-1782.8539611628746
3,-35.085942871877556,-15.734488702398703,14.274826809397673,11.2,-1783.3551889181872
3,-34.46568065697645,-15.761907961577823,14.143952080003748,11.2,-1783.8475557847155
3,-33.721489160843504,-15.797476914523244,13.798720528126443,11.2,-1784.3292913441562
3,-32.853419339175396,-15.842083701951905,13.517993478851777,11.2,-1784.7986259061445
3,-31.613556687519594,-15.910249169355614,12.981889753370448,11.2,-1785.2502481445376
3,-30.497906411430336,-15.975594727182786,12.567045417357459,11.2,-1785.6859325218438
3,-29.506432401464977,-16.03723140579464,11.985493883764274,11.2,-1786.107452984722
3,-28.391278875968432,-16.110567584031575,11.441116310525775,11.2,-1786.51304268295
3,-27.895543284412003,-16.14138583546944,10.942305865789738,11.2,-1786.9115504441559
3,-27.523560779556828,-16.161391327154277,10.931849110317021,11.2,-1787.304744169578
3,-27.275496947512508,-16.17324764480275,11.133593001146556,11.2,-1787.694394125971
3,-27.275496947512508,-16.17324764480275,11.441065406446521,11.2,-1788.084044082364
3,-27.027331184052265,-16.182733997257085,11.666277271082933,11.2,-1788.4701488135647
3,-27.151440023273032,-16.178731666528545,11.73157173902328,11.2,-1788.858026528183
3,-27.151440023273032,-16.178731666528545,11.75756377180651,11.2,-1789.2459042428013
3,-27.151440023273032,-16.178731666528545,11.78650071256806,11.2,-1789.6337819574196
3,-27.275608571434777,-16.177693861506647,11.878572940345778,11.2,-1790.0234335084401
3,-27.275608571434777,-16.177693861506647,12.010762027318703,11.2,-1790.4130850594606
3,-27.399779715843266,-16.178435157853176,12.186261228628311,11.2,-1790.8045104839728
3,-27.399779715843266,-16.178435157853176,12.382714275797985,11.2,-1791.195935908485
3,-27.151439079198873,-16.176656049157785,12.568507504522035,11.2,-1791.5838136096163
3,-26.90309466616416,-16.175469969930784,12.355856916331053,11.2,-1791.9681435334187
3,-26.158055762445468,-16.17369084770857,12.198235022331552,11.2,-1792.3418300443109
3,-26.033882257786974,-16.17383910810511,11.793854619996516,11.2,-1792.7137426479935
3,-25.16468424692756,-16.17902818253082,11.44680740053939,11.2,-1793.0732381372354
3,-25.040514990713426,-16.180065993470645,11.120527981376867,11.2,-1793.43095977996
3,-25.040514990713426,-16.180065993470645,10.950926531001773,11.2,-1793.7886814226845
3,-25.040514990713426,-16.180065993470645,11.085503919830026,11.2,-1794.146403065409
3,-25.040514990713426,-16.180065993470645,11.286153216536704,11.2,-1794.5041247081335
3,-25.040514990713426,-16.180065993470645,11.45547254190137,11.2,-1794.861846350858
3,-25.040514990713426,-16.180065993470645,11.319856739612794,11.2,-1795.2195679935826
3,-25.164687787294497,-16.18051077381484,11.163545424576412,11.2,-1795.579063533401
3,-25.537194847883704,-16.183624200716377,11.020206528307753,11.2,-1795.9438806026565
3,-25.90967004583671,-16.18940611439197,11.030707067310788,11.2,-1796.3140187461684
3,-26.03381806055582,-16.191926368669172,11.173690589779142,11.2,-1796.6859304327477
3,-26.5303393185577,-16.204971739868146,11.194173254775004,11.2,-1797.0649352801556
3,-27.026755796560344,-16.221573803421315,11.297853210526663,11.2,-1797.4510317915351
3,-27.771180882913594,-16.251810517235942,11.528580844894622,11.2,-1797.8477629470053
3,-28.143254689481928,-16.270039233088504,11.759804435311478,11.2,-1798.2498094425694
3,-29.135008934416053,-16.326939875309062,11.925437111316985,11.2,-1798.6660238559182
3,-30.00234891673712,-16.383979016630178,12.176749013269903,11.2,-1799.094628840443
3,-30.745478952225444,-16.43730709258794,12.484532757408125,11.2,-1799.5338499683319
3,-31.488345823544478,-16.494183667967473,12.861769045184873,11.2,-1799.9836834800967
3,-32.295474370909446,-16.494183667967473,13.322692043666565,11.2,-1800.4450473996812
3,-32.91447350587269,-16.54231995285431,13.875416859490032,11.2,-1800.9152541640508
3,-33.533585823107835,-16.58897796026669,14.009162334560752,11.2,-1801.3943053900953
3,-33.781295834937275,-16.606753985585943,13.755413656625482,11.2,-1801.8768953305944
3,-33.781295834937275,-16.606753985585943,13.605201344707684,11.2,-1802.3594852710935
3,-33.781295834937275,-16.606753985585943,13.213661993225893,11.2,-1802.8420752115926
3,-34.28575117704038,-16.606753985585943,12.895452651558903,11.2,-1803.3318716569788
3,-34.78198643192423,-16.628096899096782,12.719810104466132,11.2,-1803.828757177435
3,-35.030152195384474,-16.637583251551117,12.76424600182097,11.2,-1804.3291879230833
3,-35.52660548748212,-16.65299980508615,12.86346730268229,11.2,-1804.8367108586187
3,-35.899029707106784,-16.661449908803878,13.028738387185838,11.2,-1805.349554140149
3,-36.147342021421345,-16.665601004615716,13.267265006547087,11.2,-1805.865944740455
3,-37.14065925175437,-16.6774615488953,13.336416931240748,11.2,-1806.3965255869086
3,-38.00982421936807,-16.6868017763383,13.469065514431003,11.2,-1806.9395230757568
3,-39.12724981322709,-16.70414751736508,13.699786109697492,11.2,-1807.4984837873744
3,-39.872155602331496,-16.718379656492527,14.276515590621202,11.2,-1808.0680860102648
3,-40.86536332113738,-16.73735584199579,14.95756052987866,11.2,-1808.6518769148524
3,-41.73439942417116,-16.7549976219362,15.60347395901395,11.2,-1809.248082620912
3,-42.603473525249726,-16.7705641054773,16.167421371126935,11.2,-1809.8567036712727
3,-42.603473525249726,-16.7705641054773,15.943302487424237,11.2,-1810.4653247216334
3,-42.603473525249726,-16.7705641054773,15.351887527336617,11.2,-1811.073945771994
3,-41.8584402861262,-16.768784996781907,14.923434441376262,11.2,-1811.6719234903671
3,-41.61009964948181,-16.7705641054773,14.519197545630876,11.2,-1812.2663534853598
3,-41.8584402861262,-16.768784996781907,14.161206038369986,11.2,-1812.864331203733
3,-41.982613082707275,-16.76834021643771,14.040806202340816,11.2,-1813.4640828192003
3,-42.106785879288346,-16.767895436093514,14.057960413015257,11.2,-1814.0656083317615
3,-42.23095725971861,-16.767154138337947,14.168244280488995,11.2,-1814.668907721186
3,-42.23095725971861,-16.767154138337947,14.40015065926585,11.2,-1815.2722071106107
3,-42.603465028361015,-16.76404070551847,14.605868012427507,11.2,-1815.8808280395872
3,-42.85180566500541,-16.76226159682308,14.689901457288641,11.2,-1816.4929966919444
3,-43.10015196624497,-16.76166855608234,14.699406658369224,11.2,-1817.1087131486051
3,-43.34849826748454,-16.76226159682308,14.716772195074393,11.2,-1817.7279774095691
3,-43.34849826748454,-16.76226159682308,14.923483462930038,11.2,-1818.347241670533
3,-43.10015196624497,-16.76166855608234,15.059005581197765,11.2,-1818.9629581271938
3,-43.10015196624497,-16.76166855608234,14.856127286607462,11.2,-1819.5786745838545
3,-42.603465028361015,-16.76404070551847,14.718351270820598,11.2,-1820.187295512831
3,-42.1068064131945,-16.769970977658264,14.647585053984518,11.2,-1820.7888213187339
3,-41.734346084160826,-16.776642327747304,14.380057865618651,11.2,-1821.3850262627934
3,-40.989564197158,-16.79621038454576,14.174519476981281,11.2,-1821.97059146561
3,-40.49319019469644,-16.813997768776677,13.944705801344606,11.2,-1822.5490656112484
3,-40.24507256725452,-16.82466922553209,13.734985250943076,11.2,-1823.123995219352
3,-40.121020124274295,-16.830153077367914,13.715021388494538,11.2,-1823.6971526496989
3,-40.245085308736,-16.824965472448326,13.822761207036773,11.2,-1824.2720824398236
3,-40.245085308736,-16.824965472448326,14.138163368257814,11.2,-1824.8470122299484
3,-40.245085308736,-16.824965472448326,14.527802597984913,11.2,-1825.4219420200732
3,-39.9968973640073,-16.833859198373695,14.957350883717723,11.2,-1825.9933262681304
3,-39.748709419278605,-16.842752924299063,14.918729398180918,11.2,-1826.5611649741202
3,-39.252333529821215,-16.8605403761498,14.737649078290433,11.2,-1827.1219125959747
3,-38.38379465133668,-16.894779610022287,14.394188467242106,11.2,-1827.670252519565
3,-37.3914289029692,-16.939835287291064,14.05662517077079,11.2,-1828.2044157896075
3,-36.77130471330585,-16.970216538126586,13.547979632997599,11.2,-1828.7297201426547
3,-35.0355019500558,-17.065647920400746,13.052098797943936,11.2,-1829.2302273133698
3,-33.9201786007496,-17.13632082210528,12.531864214568866,11.2,-1829.7148012933806
3,-33.11305005338463,-17.13632082210528,12.025940943818865,11.2,-1830.1878448655718
3,-32.7412756036159,-17.15987845600679,11.594463595310813,11.2,-1830.655577374195
3,-32.36934193149704,-17.180772167023886,11.746685867212939,11.2,-1831.117996544645
3,-32.245317329307596,-17.18684840564141,12.082843135978601,11.2,-1831.5786439350636
3,-31.99719970186567,-17.197519862396824,12.569899410811564,11.2,-1832.0357467879473
3,-31.873122483382232,-17.20241119081878,12.72382247967178,11.2,-1832.4910771091386
3,-31.252627843418693,-17.22390461716705,12.592556953048536,11.2,-1832.9375432211875
3,-30.756172664023794,-17.23932122930904,12.466980900281905,11.2,-1833.3769171163879
3,-30.011489894931444,-17.262446147522024,12.163877014430279,11.2,-1833.8056526863154
3,-28.894508218814458,-17.298467192546752,11.90301535724422,11.2,-1834.2184313751557
3,-28.27396284319391,-17.318478884227158,11.509632663199122,11.2,-1834.6223451300584
3,-27.90158322769883,-17.328707548832963,11.172836543199706,11.2,-1835.0209391761684
3,-27.65328224192859,-17.333451577174067,11.098743140745597,11.2,-1835.4159860653388
3,-27.529119358290146,-17.33508239503782,11.321322577516389,11.2,-1835.8092591990287
3,-27.280783678131197,-17.337454524183787,11.578223591526335,11.2,-1836.1989846801448
3,-27.15661229770094,-17.338195821939355,11.913913759907604,11.2,-1836.5869362843978
3,-26.908265996461374,-17.33878886268009,11.854028393180716,11.2,-1836.9713400843473
3,-26.41157150577524,-17.33878886268009,11.73159031132223,11.2,-1837.3486482487156
3,-26.039050991799755,-17.339233643869708,11.535002207213104,11.2,-1837.7206346914556
3,-25.666532602056545,-17.3405679849023,11.246316530432425,11.2,-1838.0872994429135
3,-25.542359333423857,-17.34071624501703,11.021989477820927,11.2,-1838.4521902905337
3,-25.542359333423857,-17.34071624501703,11.164739714522792,11.2,-1838.817081138154
3,-25.542359333423857,-17.34071624501703,11.39924070460304,11.2,-1839.1819719857742
3,-25.542359333423857,-17.34071624501703,11.615996482025306,11.2,-1839.5468628333945
3,-25.418190077209722,-17.339678434077207,11.75452493256868,11.2,-1839.9099798344976
3,-25.418190077209722,-17.339678434077207,11.580573933000776,11.2,-1840.2730968356007
3,-25.294023653264908,-17.338344115871063,11.503975223841575,11.2,-1840.6344400306473
3,-25.294023653264908,-17.338344115871063,11.483781503854559,11.2,-1840.995783225694
3,-25.294023653264908,-17.338344115871063,11.401809581405278,11.2,-1841.3571264207405
3,-25.294023653264908,-17.338344115871063,11.39462480842835,11.2,-1841.7184696157872
3,-25.294023653264908,-17.338344115871063,11.37847573960768,11.2,-1842.0798128108338
3,-25.294023653264908,-17.338344115871063,11.391868780306718,11.2,-1842.4411560058804
3,-25.294023653264908,-17.338344115871063,11.385314116362673,11.2,-1842.802499200927
3,-25.418186536903352,-17.339974933734815,11.287609886506475,11.2,-1843.1656161514543
3,-25.542349420541797,-17.341605751598568,11.241340242310109,11.2,-1843.5305068574621
3,-25.542349420541797,-17.341605751598568,11.18597210794569,11.2,-1843.89539756347
3,-25.542349420541797,-17.341605751598568,10.984255912747065,11.2,-1844.2602882694778
3,-25.542349420541797,-17.341605751598568,10.838391907245796,11.2,-1844.6251789754856
3,-25.66651584448661,-17.342940069804712,10.741511868521336,11.2,-1844.9918434875497
3,-25.790685100700745,-17.343977880744536,10.601947955206768,11.2,-1845.360281846131
3,-25.91485435691488,-17.34501569168436,10.4784061115856,11.2,-1845.73049405123
3,-26.65984227966465,-17.35391109989405,10.366765883450697,11.2,-1846.1113489409395
3,-27.528916380743222,-17.369477583435145,10.655580999902758,11.2,-1846.50461917495
3,-28.894474448318036,-17.400461355960022,11.135484943666615,11.2,-1846.9173973813545
3,-30.259866371799998,-17.43796645951464,11.639847950995811,11.2,-1847.349681186666
3,-30.75628284980264,-17.45456852306781,12.457183269727777,11.2,-1847.7890566559488
3,-33.60976582086619,-17.57388275584697,13.362876090853538,11.2,-1848.2691961676755
3,-35.221892425383714,-17.656723775037786,14.376621477229884,11.2,-1848.7723660594668
3,-36.461588766125814,-17.727849780605233,15.518896475830646,11.2,-1849.2932458989828
3,-37.70093127858251,-17.80489562887005,16.35394330606066,11.2,-1849.831830631534
3,-38.19666828356519,-17.835713968175977,16.21923541630603,11.2,-1850.3774973212994
3,-37.82473461144633,-17.81482025715888,15.843891673941918,11.2,-1850.9178506728915
3,-37.32860836189778,-17.791107689470486,15.134876281480915,11.2,-1851.4511165066328
3,-37.08046595895264,-17.781028756128944,14.496945519712025,11.2,-1851.9808374489037
3,-35.83918758793896,-17.748415979031964,13.815728952210456,11.2,-1852.492825843017
3,-35.342517643711304,-17.743671734266677,13.304271539599819,11.2,-1852.9977189522128
3,-35.59086205674602,-17.744857813493677,12.91543886652208,11.2,-1853.5061598387379
3,-35.71503343717628,-17.745599111249245,12.792859820371259,11.2,-1854.016374602126
3,-35.71503343717628,-17.745599111249245,13.038735434573098,11.2,-1854.5265893655142
3,-36.08754757846706,-17.747823004515947,13.152394044780566,11.2,-1855.0421257594924
3,-36.584228851755846,-17.751381221906733,13.385041803503002,11.2,-1855.5647576002318
3,-37.577512095551484,-17.765613685670218,13.716104342576815,11.2,-1856.101579201597
3,-38.32238106722922,-17.781624568281316,14.163681260156975,11.2,-1856.6490417882717
3,-39.06711410315801,-17.802971072694145,14.744964523960334,11.2,-1857.2071434183167
3,-39.68760992254407,-17.824464539896663,15.458041467273762,11.2,-1857.7741092743531
3,-39.81170908642128,-17.828763233337167,15.525679400538452,11.2,-1858.3428479755878
3,-39.81170908642128,-17.828763233337167,15.126211123203165,11.2,-1858.9115866768225
3,-39.56348173263619,-17.821054934592052,14.96780362002835,11.2,-1859.476779273003
3,-39.066930738576175,-17.809195269524917,14.682150508130324,11.2,-1860.0348782835542
3,-38.44613874198783,-17.799558746732252,14.26532802453615,11.2,-1860.5841088370112
3,-37.576939078919494,-17.796445319830717,14.057946762118213,11.2,-1861.1209222524244
3,-37.08026913469184,-17.801189564596005,13.705178754262706,11.2,-1861.65064038292
3,-36.58366716315136,-17.81067762127821,13.407756954409614,11.2,-1862.1732641995366
3,-36.70780880565816,-17.807860914685044,13.193429004373828,11.2,-1862.697661468189
3,-36.83195682037727,-17.805340660407843,13.282576709071641,11.2,-1863.2238322799085
3,-36.83195682037727,-17.805340660407843,13.511103249032056,11.2,-1863.750003091628
3,-36.83195682037727,-17.805340660407843,13.852467454974134,11.2,-1864.2761739033476
3,-36.95611049937662,-17.80311687281791,14.288552081207522,11.2,-1864.804118339053
3,-36.95611049937662,-17.80311687281791,14.25974056820358,11.2,-1865.3320627747585
3,-36.70780880565816,-17.807860914685044,14.201493380805259,11.2,-1865.8564600434108
3,-36.211256395847045,-17.819720613566098,14.196705044445196,11.2,-1866.3737637062086
3,-35.590666182146315,-17.838250380390306,13.952710351942631,11.2,-1866.882201794525
3,-34.97022463658389,-17.8612254568817,13.652237642364765,11.2,-1867.3817764321905
3,-34.34996360066127,-17.888644663943005,13.324788190220094,11.2,-1867.8724901979142
3,-33.97788908686326,-17.906873414444316,12.990504558332375,11.2,-1868.3578886134408
3,-32.98587157288545,-17.95903704687514,12.73043059624084,11.2,-1868.8291153501962
3,-32.98587157288545,-17.95903704687514,12.531870887662285,11.2,-1869.3003420869516
3,-32.861877168915015,-17.96570555677875,12.560433795647738,11.2,-1869.7697974750788
3,-32.737867194391,-17.972077954982844,12.785456889343688,11.2,-1870.2374812921416
3,-32.61384235645833,-17.97815420514995,13.082903244898702,11.2,-1870.7033933258053
3,-32.489803362346684,-17.98393427263132,13.433567898565476,11.2,-1871.1675333738388
3,-32.36575091936646,-17.989418124467143,13.579964035842503,11.2,-1871.6299012441154
3,-31.86951519286646,-18.010761058262027,13.472667721593613,11.2,-1872.085180032585
3,-31.373279466366455,-18.03210399205691,13.146210548626984,11.2,-1872.5333697392473
3,-30.628925876616453,-18.064118392749236,12.819408859823067,11.2,-1872.970925823199
3,-29.88457228686645,-18.096132793441562,12.42305716121368,11.2,-1873.39784828444
3,-29.63640723096687,-18.105619118848775,12.117158198820382,11.2,-1873.8212255305966
3,-29.38817987718178,-18.11332741759389,11.909202463442098,11.2,-1874.2410566716992
3,-29.13991854034768,-18.11985012179066,11.973426210647219,11.2,-1874.6573412222756
3,-29.01577689784088,-18.122666828383824,12.096636764122897,11.2,-1875.071852320816
3,-28.76747520412242,-18.12741087025096,12.346961179539461,11.2,-1875.4828162523036
3,-28.643316568807208,-18.129338178472864,12.606667658437281,11.2,-1875.8920064890008
3,-28.519153685168764,-18.130968996336616,12.613839645313346,11.2,-1876.2994229702174
3,-28.14665441333432,-18.134971950955045,12.467863891906392,11.2,-1876.701518033265
3,-27.774155141499882,-18.138974905573473,12.348867225959248,11.2,-1877.0982916781436
3,-27.153340723307664,-18.147128994892242,12.006259480802116,11.2,-1877.4861965456194
3,-26.65671609467854,-18.15543118651592,11.69792643842867,11.2,-1877.8670067755434
3,-26.408403780363976,-18.159582282327758,11.448540257171992,11.2,-1878.2442696866915
3,-26.408403780363976,-18.159582282327758,11.364469240804134,11.2,-1878.6215325978396
3,-26.28423452414984,-18.160620093267582,11.517238080133891,11.2,-1878.9970216624704
3,-26.160063143719583,-18.16136139102315,11.700615261422328,11.2,-1879.3707368502378
3,-26.160063143719583,-18.16136139102315,11.856395287457183,11.2,-1879.7444520380052
3,-26.035890347138512,-18.161806171367346,12.060138569712727,11.2,-1880.1163933286787
3,-26.160063851797005,-18.161657910970806,12.04286798214142,11.2,-1880.4901085265615
3,-26.035890347138512,-18.161509650574267,11.972454715086041,11.2,-1880.862049817235
3,-26.035890347138512,-18.161509650574267,11.881724808509901,11.2,-1881.2339911079084
3,-26.035890347138512,-18.161509650574267,11.882345266769269,11.2,-1881.605932398582
3,-26.035890347138512,-18.161509650574267,11.925285939769346,11.2,-1881.9778736892554
3,-26.035890347138512,-18.161509650574267,11.985303954431398,11.2,-1882.3498149799289
3,-26.035890347138512,-18.161509650574267,12.002249089195825,11.2,-1882.7217562706023
3,-25.91171755055744,-18.16106487023007,11.91875240692679,11.2,-1883.0919236641816
3,-25.91171755055744,-18.16106487023007,11.859144675799854,11.2,-1883.462091057761
3,-25.91171755055744,-18.16106487023007,11.821621649353682,11.2,-1883.8322584513403
3,-25.91171755055744,-18.16106487023007,11.805329245806885,11.2,-1884.2024258449196
3,-25.91171755055744,-18.16106487023007,11.765093225584913,11.2,-1884.572593238499
3,-25.91171755055744,-18.16106487023007,11.635768048978553,11.2,-1884.9427606320783
3,-25.91171755055744,-18.16106487023007,11.525191412925736,11.2,-1885.3129280256576
3,-25.91171755055744,-18.16106487023007,11.44811531579808,11.2,-1885.683095419237
3,-25.91171755055744,-18.16106487023007,11.450571678978841,11.2,-1886.0532628128162
3,-26.035890347138512,-18.161509650574267,11.35746891740659,11.2,-1886.4252041034897
3,-26.035890347138512,-18.161509650574267,11.272891903581002,11.2,-1886.7971453941632
3,-26.035890347138512,-18.161509650574267,11.127601438308709,11.2,-1887.1690866848367
3,-26.160063851797005,-18.161657910970806,11.009216950435906,11.2,-1887.5428018827195
3,-26.40841109714007,-18.161657910970806,10.906233495636984,11.2,-1887.9200648983929
3,-27.153441503966008,-18.165216135125,10.836466405675667,11.2,-1888.3079712055924
3,-28.022580037395773,-18.176631838472556,11.185560031971871,11.2,-1888.7082937775551
3,-28.891614488588047,-18.19427358487992,11.730785940327143,11.2,-1889.1210311273921
3,-30.008672626681573,-18.22762703836822,12.222020501982072,11.2,-1889.5497264506305
3,-31.24938110393699,-18.2780215613926,12.917413744999056,11.2,-1889.9961461806868
3,-32.86150157987567,-18.360862265659204,13.711733217251124,11.2,-1890.4655962032564
3,-34.10084055876674,-18.437907894253865,14.501280112502014,11.2,-1890.9527510683815
3,-34.84421751467476,-18.48768630172472,15.261181005799608,11.2,-1891.4505256043055
3,-35.09204851409529,-18.503687325533054,15.349848700504301,11.2,-1891.9518405830784
3,-34.84410995286176,-18.489462164977915,15.005733524568566,11.2,-1892.449613582405
3,-34.347983703313204,-18.465749597289523,14.427066592484271,11.2,-1892.9402990638807
3,-33.72754451638994,-18.44277460813902,13.857993840554744,11.2,-1893.4221211284005
3,-33.231023258388056,-18.429729236940045,13.29242068430847,11.2,-1893.8968500320918
3,-33.231023258388056,-18.429729236940045,12.863966268173286,11.2,-1894.3715789357832
3,-33.355164900894856,-18.432545943533214,12.96081270970788,11.2,-1894.8480812915102
3,-33.60344134175919,-18.4384757986094,13.100815723741773,11.2,-1895.3281304535353
3,-33.975845028955455,-18.447815227151484,13.281205623174715,11.2,-1895.8134996682347
3,-34.59647890113218,-18.464863033898524,13.537702945991457,11.2,-1896.3077350811081
3,-34.96880541879448,-18.476870026084143,13.892790297742408,11.2,-1896.8072894442337
3,-35.58919033199773,-18.501326621707346,14.358491462103473,11.2,-1897.3157064489765
3,-35.71324277497795,-18.506810473543176,14.568568254458455,11.2,-1897.8258956314762
3,-35.71324277497795,-18.506810473543176,14.201095661110736,11.2,-1898.336084813976
3,-35.58915446586546,-18.502215458244898,13.872347392922771,11.2,-1898.8445013063454
3,-35.09266577524627,-18.487984455303014,13.68986286892495,11.2,-1899.3458251031345
3,-34.84437611802036,-18.482647494432648,13.447166382256754,11.2,-1899.8436019048206
3,-34.84437611802036,-18.482647494432648,13.327447122977269,11.2,-1900.3413787065067
3,-34.968529797019706,-18.48487128202258,13.321623063704461,11.2,-1900.8409291321784
3,-34.968529797019706,-18.48487128202258,13.44496051209307,11.2,-1901.3404795578501
3,-35.09268843233492,-18.486798590244494,13.508990083043843,11.2,-1901.841803678312
3,-35.09268843233492,-18.486798590244494,13.585984487395994,11.2,-1902.343127798774
3,-35.09268843233492,-18.486798590244494,13.781967786648908,11.2,-1902.844451919236
3,-35.09268843233492,-18.486798590244494,13.963094144197033,11.2,-1903.345776039698
3,-34.96852554869647,-18.48516777238074,14.022335180174936,11.2,-1903.8453264046793
3,-34.96852554869647,-18.48516777238074,13.865719394089794,11.2,-1904.3448767696607
3,-34.596026276862034,-18.481164817762313,13.837394698781061,11.2,-1904.8391057164731
3,-34.22351284363657,-18.47894092872272,13.570180053235612,11.2,-1905.3280130428109
3,-34.099339338978076,-18.478792668326182,13.368113165021843,11.2,-1905.815146461939
3,-33.35430893215214,-18.482350892480376,13.077217002010844,11.2,-1906.2916365895412
3,-33.35430893215214,-18.482350892480376,12.90698198131935,11.2,-1906.7681267171433
3,-33.35430893215214,-18.482350892480376,12.77818515836616,11.2,-1907.2446168447455
3,-33.35430893215214,-18.482350892480376,12.840786389761876,11.2,-1907.7211069723476
3,-33.35430893215214,-18.482350892480376,13.047078118112745,11.2,-1908.1975970999497
3,-33.35430893215214,-18.482350892480376,13.20229904422091,11.2,-1908.6740872275518
3,-33.35430893215214,-18.482350892480376,13.485322739226667,11.2,-1909.150577355154
3,-33.35430893215214,-18.482350892480376,13.801673060804848,11.2,-1909.627067482756
3,-33.23014250820733,-18.48368521068652,13.691455210035764,11.2,-1910.101783804302
3,-32.857653857292,-18.48857766427778,13.711515245228414,11.2,-1910.571178859406
3,-32.60934154297744,-18.49272876008962,13.633526548339242,11.2,-1911.0370265957342
3,-32.23691732335277,-18.501178863807347,13.500154617289052,11.2,-1911.497553986068
3,-31.616327109652044,-18.519708630631555,13.320613849880756,11.2,-1911.9492158019202
3,-30.995885564089622,-18.54268370712295,13.062646550744102,11.2,-1912.3920141671215
3,-30.499650309205773,-18.564026620633776,12.82431261863949,11.2,-1912.827723457253
3,-30.499650309205773,-18.564026620633776,12.649064556425198,11.2,-1913.2634327473843
3,-30.499650309205773,-18.564026620633776,12.83815370839724,11.2,-1913.6991420375157
3,-30.623749473082984,-18.559727927193272,13.07907369981672,11.2,-1914.1366241728454
3,-30.499640397958874,-18.56373026552935,13.462491158554766,11.2,-1914.5723333213875
3,-30.127313172586543,-18.57573728053759,13.666120112108018,11.2,-1915.0027235095674
3,-29.754985947214216,-18.587744295545832,13.498160135939028,11.2,-1915.4277947373848
3,-29.134440571593668,-18.607755987226238,13.205135076665869,11.2,-1915.8440010312647
3,-28.762143079962033,-18.62065206754775,12.864008904989213,11.2,-1916.2548887895498
3,-27.521314262660823,-18.668083829819416,12.343036535031459,11.2,-1916.6480504218734
3,-26.900988340352303,-18.69402185441736,11.877668962355806,11.2,-1917.0323502553072
3,-26.65284593740716,-18.704100787758904,11.458627336183644,11.2,-1917.4131051972702
3,-26.280549153429035,-18.716996843567866,11.623451121847147,11.2,-1917.7885416137478
3,-26.280549153429035,-18.716996843567866,11.788107163927135,11.2,-1918.1639780302255
3,-26.280549153429035,-18.716996843567866,12.087624493325672,11.2,-1918.5394144467032
3,-26.032272948523477,-18.722926693008393,12.205174359861948,11.2,-1918.9113040602535
3,-26.032272948523477,-18.722926693008393,12.106458111552346,11.2,-1919.283193673804
3,-25.65981191152543,-18.72959805577819,11.846083112111408,11.2,-1919.6497624153972
3,-25.53565823252608,-18.731821843368124,11.670742146445997,11.2,-1920.0145575330048
3,-25.53565823252608,-18.731821843368124,11.460979742203769,11.2,-1920.3793526506124
3,-25.411491808581268,-18.733156161574268,11.544724551397206,11.2,-1920.7423739621636
3,-25.411491808581268,-18.733156161574268,11.654400353557932,11.2,-1921.1053952737147
3,-25.411491808581268,-18.733156161574268,11.797271545572439,11.2,-1921.468416585266
3,-25.411491808581268,-18.733156161574268,11.958670360545192,11.2,-1921.831437896817
3,-25.411491808581268,-18.733156161574268,12.050077514262194,11.2,-1922.1944592083682
3,-25.535661064795402,-18.732118350634444,11.947967781176198,11.2,-1922.5592543664368
3,-25.535661064795402,-18.732118350634444,11.944923069302904,11.2,-1922.9240495245053
3,-25.411489684365144,-18.73285964839001,11.872536799568659,11.2,-1923.2870708057105
3,-25.411489684365144,-18.73285964839001,11.870812667881092,11.2,-1923.6500920869157
3,-25.411489684365144,-18.73285964839001,11.85144031542841,11.2,-1924.013113368121
3,-25.411489684365144,-18.73285964839001,11.762097569267556,11.2,-1924.376134649326
3,-25.287316887784073,-18.733304428734208,11.67344606487485,11.2,-1924.7373820334374
3,-25.287316887784073,-18.733304428734208,11.584888352499219,11.2,-1925.0986294175486
3,-25.287316887784073,-18.733304428734208,11.500435291573716,11.2,-1925.45987680166
3,-25.287316887784073,-18.733304428734208,11.390076959451722,11.2,-1925.8211241857712
3,-25.287316887784073,-18.733304428734208,11.291739075630883,11.2,-1926.1823715698824
3,-25.287316887784073,-18.733304428734208,11.170139906172603,11.2,-1926.5436189539937
3,-25.287316887784073,-18.733304428734208,11.035419165626813,11.2,-1926.904866338105
3,-25.411490392442566,-18.73315616833767,10.9102109410022,11.2,-1927.2678876294256
3,-25.78400807411239,-18.734490506833975,10.764467400773892,11.2,-1927.636230601913
3,-26.032343754271338,-18.736862635979943,10.771710600098563,11.2,-1928.008121226974
3,-27.273842783567456,-18.76058266496882,11.030746066710039,11.2,-1928.3977475524537
3,-28.266749367762753,-18.791415772038874,11.399885979130925,11.2,-1928.8015582577075
3,-29.383442211528592,-18.835437644160642,12.012475395772903,11.2,-1929.2213217178721
3,-30.623757835399978,-18.894719063381622,12.701998448349492,11.2,-1929.6588039726635
3,-32.235243489386484,-18.989106553123786,13.496134177488063,11.2,-1930.1193074510832
3,-33.35021659280958,-19.065105310916337,14.41369937496409,11.2,-1930.5957391166946
3,-34.09334733455995,-19.11843343755648,15.147248804421565,11.2,-1931.0827869357597
3,-34.217212952563656,-19.127173570099966,15.003309227667197,11.2,-1931.5716042636534
3,-34.58898598901347,-19.15073111444597,14.635956846893498,11.2,-1932.065732634925
3,-34.09292013576033,-19.125834006999877,14.453715524923572,11.2,-1932.5527743511502
3,-33.844755079860754,-19.116347681592664,14.097508203403052,11.2,-1933.0362708522912
3,-33.472376879985156,-19.10611905587163,13.66338460061432,11.2,-1933.5144476648625
3,-33.596518522491955,-19.108935762464803,13.291532675594226,11.2,-1933.9943979294694
3,-33.596518522491955,-19.108935762464803,13.297428985579415,11.2,-1934.4743481940764
3,-33.720660164998755,-19.111752469057976,13.445441136030587,11.2,-1934.9560719107192
3,-33.972887836050305,-19.111752469057976,13.69745129128587,11.2,-1935.4413988798055
3,-34.097035850769416,-19.114272723335173,13.985668799991807,11.2,-1935.9284993919593
3,-34.221189529768765,-19.11649651092511,13.800359613258957,11.2,-1936.417373528099
3,-34.221189529768765,-19.11649651092511,13.733063245391634,11.2,-1936.9062476642387
3,-34.221189529768765,-19.11649651092511,13.779578039390545,11.2,-1937.3951218003783
3,-34.221189529768765,-19.11649651092511,13.70128561654328,11.2,-1937.883995936518
3,-34.221189529768765,-19.11649651092511,13.744906626914547,11.2,-1938.3728700726576
3,-34.221189529768765,-19.11649651092511,13.931853502069268,11.2,-1938.8617442087973
3,-34.221189529768765,-19.11649651092511,13.813189359307394,11.2,-1939.350618344937
3,-33.972868010815105,-19.11293838483945,13.741369789706331,11.2,-1939.8359450308058
3,-33.84870158687029,-19.111604066633305,13.60413877774949,11.2,-1940.319497910618
3,-33.72453233065615,-19.11056625569348,13.5168680509088,11.2,-1940.8012769439133
3,-33.72453233065615,-19.11056625569348,13.517919580909405,11.2,-1941.2830559772085
3,-33.84870158687029,-19.111604066633305,13.600027664887206,11.2,-1941.7666088570209
3,-33.972868010815105,-19.11293838483945,13.75580110297013,11.2,-1942.2519355428897
3,-33.84870158687029,-19.111604066633305,13.978296693993418,11.2,-1942.735488422702
3,-33.72453233065615,-19.11056625569348,13.82243943667911,11.2,-1943.2172674559972
3,-33.47618815364483,-19.109380177593714,13.715710480374682,11.2,-1943.695498715335
3,-32.979494135010846,-19.109380177593714,13.570180682787598,11.2,-1944.166634345835
3,-32.35865139420213,-19.1145692027032,13.29162032422615,11.2,-1944.6289007943237
3,-31.862049422661652,-19.124057259385406,12.99827509709456,11.2,-1945.0840729289332
3,-31.365526748993453,-19.137102667778944,12.720803678244302,11.2,-1945.5321518824903
3,-31.365526748993453,-19.137102667778944,12.42417395048715,11.2,-1945.9802308360474
3,-31.365526748993453,-19.137102667778944,12.317686151514884,11.2,-1946.4283097896046
3,-31.365526748993453,-19.137102667778944,12.554288448081957,11.2,-1946.8763887431617
3,-31.365526748993453,-19.137102667778944,12.734259585498519,11.2,-1947.3244676967188
3,-31.365526748993453,-19.137102667778944,13.076153044518568,11.2,-1947.772546650276
3,-31.365526748993453,-19.137102667778944,13.357911741512845,11.2,-1948.220625603833
3,-31.365526748993453,-19.137102667778944,13.407113721451616,11.2,-1948.6687045573901
3,-31.365526748993453,-19.137102667778944,13.436694724062932,11.2,-1949.1167835109472
3,-30.99308270483612,-19.14466343061055,13.281384933389777,11.2,-1949.559541835302
3,-30.99308270483612,-19.14466343061055,13.093384587312725,11.2,-1950.002300159657
3,-30.496530295025007,-19.1565231294916,12.935358604114958,11.2,-1950.4379648781573
3,-30.372395732626252,-19.15963627233896,12.939532116645825,11.2,-1950.8718562457664
3,-30.372395732626252,-19.15963627233896,13.030714415354955,11.2,-1951.3057476133754
3,-30.248254090119453,-19.162452978932127,13.094952138645397,11.2,-1951.7378655289485
3,-30.12410607540034,-19.164973233209327,13.217094822460139,11.2,-1952.1682099014542
3,-29.875804145698872,-19.169717279585143,13.06798292939812,11.2,-1952.5950071035356
3,-29.50336010154154,-19.17727804241675,12.997584180956306,11.2,-1953.0164836764147
3,-29.25507020834406,-19.1826150083593,12.784678245118872,11.2,-1953.4344132508197
3,-28.634398576109223,-19.19818069300919,12.552771598506297,11.2,-1953.8434760876212
3,-28.13794386853904,-19.213597290499422,12.300627877203064,11.2,-1954.2454467143145
3,-28.262061911279186,-19.20989133713458,12.134514725596079,11.2,-1954.6491904559043
3,-28.262061911279186,-19.20989133713458,12.171160659997899,11.2,-1955.052934197494
3,-28.262061911279186,-19.20989133713458,12.328373575647195,11.2,-1955.4566779390839
3,-28.137913896560075,-19.21241159141178,12.62337669048261,11.2,-1955.8586481376062
3,-28.137913896560075,-19.21241159141178,12.918417748908611,11.2,-1956.2606183361286
3,-28.013760217560726,-19.214635379001713,12.930809460942928,11.2,-1956.660814910665
3,-27.64129918056268,-19.22130674177151,12.78643479678375,11.2,-1957.0556906132445
3,-27.268855136405346,-19.228867504603116,12.637161286917395,11.2,-1957.4452456866218
3,-26.772302726594233,-19.240727203484166,12.254954189170013,11.2,-1957.8277071541445
3,-26.27581262040158,-19.254958247001053,11.960467190378385,11.2,-1958.2030759058646
3,-26.1516943417406,-19.25866420741009,11.705453622067362,11.2,-1958.576671539318
3,-26.1516943417406,-19.25866420741009,11.694911471779934,11.2,-1958.9502671727716
3,-26.0275526992338,-19.261480914003254,11.812915102745276,11.2,-1959.3220893541893
3,-26.151700713952913,-19.258960659726053,12.038502385456642,11.2,-1959.6956850786744
3,-26.151700713952913,-19.258960659726053,12.290503223971314,11.2,-1960.0692808031595
3,-26.027547034953564,-19.261184447315987,12.32177340023246,11.2,-1960.4411029036587
3,-26.027547034953564,-19.261184447315987,12.183995032735332,11.2,-1960.812925004158
3,-25.903388399638352,-19.263111755537892,12.134233983390006,11.2,-1961.1829734098671
3,-25.779225515999908,-19.264742573401644,12.08784044235762,11.2,-1961.5512480600958
3,-25.779225515999908,-19.264742573401644,12.060831636499664,11.2,-1961.9195227103244
3,-25.779225515999908,-19.264742573401644,12.086508431137517,11.2,-1962.287797360553
3,-25.655059092055094,-19.26607689160779,11.993662341592543,11.2,-1962.6542982047251
3,-25.655059092055094,-19.26607689160779,11.929007708658881,11.2,-1963.0207990488973
3,-25.53088983584096,-19.267114702547612,11.870006821148076,11.2,-1963.385526046552
3,-25.53088983584096,-19.267114702547612,11.84434246009759,11.2,-1963.7502530442068
3,-25.53088983584096,-19.267114702547612,11.81541009236856,11.2,-1964.1149800418616
3,-25.77923401285229,-19.265928624447845,11.761303614827616,11.2,-1964.4832548134739
3,-26.151753818750347,-19.26637340479204,11.691038481261236,11.2,-1964.856851296599
3,-26.275925199180605,-19.26711470254761,11.734913246947624,11.2,-1965.2322216565872
3,-26.89673607729256,-19.275268745369168,11.896263950215014,11.2,-1965.6164607434057
3,-27.269160296917224,-19.283718849086895,12.107054993781565,11.2,-1966.0060201762187
3,-27.765613589014873,-19.29913540262193,12.286573463553001,11.2,-1966.4026717989188
3,-28.137844536936818,-19.31380935999585,12.483706146798399,11.2,-1966.8046410065895
3,-28.758038328644382,-19.342709642469682,12.717883908332036,11.2,-1967.2154701255702
3,-29.130020833499557,-19.362715134154524,12.990947563231053,11.2,-1967.6316132803345
3,-29.25399895986028,-19.36967971773166,13.192470524437573,11.2,-1968.0495275511896
3,-29.25399895986028,-19.36967971773166,12.874275274488207,11.2,-1968.4674418220447
3,-29.005994581365826,-19.356638809623956,12.516416483299981,11.2,-1968.881813173207
3,-28.757930749321506,-19.344782491975486,12.221480416805443,11.2,-1969.2926407553402
3,-28.88198319230173,-19.350266343811317,11.951148294166785,11.2,-1969.7052405152303
3,-29.00604837676343,-19.355453948730904,11.77266638417402,11.2,-1970.1196126348984
3,-29.254214140223674,-19.36494030118524,11.710506496821367,11.2,-1970.5375299797588
3,-29.378313304100885,-19.369238994625743,11.751427917689298,11.2,-1970.9572201698174
3,-29.874768011671065,-19.384655592115976,11.86129449120909,11.2,-1971.3840025699842
3,-30.12301330069657,-19.39177112063693,12.142252620708927,11.2,-1971.8143313314226
3,-31.240077808645403,-19.425124764318248,12.578417467133466,11.2,-1972.2606181572605
3,-32.10884133451417,-19.453141132670815,13.089261722660556,11.2,-1972.7193158906107
3,-33.10159216993023,-19.488716002562345,13.685908076698698,11.2,-1973.1921957787526
3,-33.84601937876566,-19.518952802586977,14.161757173110667,11.2,-1973.6757103413065
3,-34.35047472086877,-19.518952802586977,14.660232306840228,11.2,-1974.1664314087475
3,-34.59861712381391,-19.52903173592852,14.65391013579324,11.2,-1974.6606973676592
3,-34.59861712381391,-19.52903173592852,14.257695515366327,11.2,-1975.1549633265709
3,-34.59861712381391,-19.52903173592852,14.028504476628912,11.2,-1975.6492292854825
3,-33.729685096969455,-19.50723998452633,13.90922558690362,11.2,-1976.131081929725
3,-33.481363578015795,-19.503681858440668,13.442498293262057,11.2,-1976.6093871236967
3,-33.10885156091853,-19.501457977855303,13.124943801282496,11.2,-1977.082370717424
3,-33.35719880626159,-19.501457977855303,12.925606486491986,11.2,-1977.558902128942
3,-33.48137231092009,-19.501606238251842,13.03810292743627,11.2,-1978.0372074476695
3,-33.60554510750116,-19.50205101859604,13.219206564931103,11.2,-1978.517286663491
3,-33.85388952053587,-19.50323709782304,13.422864189050456,11.2,-1979.0009136566414
3,-33.85388952053587,-19.50323709782304,13.745723661213264,11.2,-1979.4845406497918
3,-34.47473462151788,-19.50842614265893,14.016868258832362,11.2,-1979.9770368586705
3,-34.59889750515633,-19.510056960522682,14.319921695047448,11.2,-1980.4713068230299
3,-34.47473462151788,-19.50842614265893,14.082417208328666,11.2,-1980.9638030319086
3,-34.102227560928675,-19.505312715757395,13.888313660703147,11.2,-1981.4509777113503
3,-33.72970775503062,-19.5048679354132,13.687209701036206,11.2,-1981.9328306792793
3,-33.35719432180515,-19.50709182445279,13.504597648194249,11.2,-1982.4093620267336
3,-32.98470637890668,-19.51198426874459,13.221634849316462,11.2,-1982.8805721178608
3,-32.98470637890668,-19.51198426874459,13.092072933249558,11.2,-1983.351782208988
3,-32.98470637890668,-19.51198426874459,13.014591572805463,11.2,-1983.8229923001152
3,-32.98470637890668,-19.51198426874459,13.119969505644672,11.2,-1984.2942023912424
3,-32.98470637890668,-19.51198426874459,13.284909994778841,11.2,-1984.7654124823696
3,-32.86054774359147,-19.5139115769665,13.526383163505276,11.2,-1985.2348488787065
3,-32.86054774359147,-19.5139115769665,13.82760735914752,11.2,-1985.7042852750435
3,-32.86054774359147,-19.5139115769665,14.066161983755762,11.2,-1986.1737216713805
3,-32.86054774359147,-19.5139115769665,13.931780460351561,11.2,-1986.6431580677174
3,-32.36392311496235,-19.522213768590177,13.862871325010026,11.2,-1987.1054998265026
3,-31.867343800510522,-19.53288769033091,13.625601494619817,11.2,-1987.5607475950815
3,-31.370821126842323,-19.545933098724447,13.40184292896326,11.2,-1988.0089021826077
3,-30.626198532883667,-19.570836123051446,13.071916963563414,11.2,-1988.446419304506
3,-30.129866534255534,-19.589808845991552,12.859441425649385,11.2,-1988.876845969281
3,-30.00577798927873,-19.594403870023932,12.688873044894574,11.2,-1989.3054999405565
3,-30.00577798927873,-19.594403870023932,12.712105823804107,11.2,-1989.734153911832
3,-29.88167882540152,-19.598702563464435,12.969773416201056,11.2,-1990.1610350379092
3,-30.005796868141665,-19.594996610099592,13.220140306410991,11.2,-1990.5896892788826
3,-30.12993143054042,-19.59188346725223,13.490661187034492,11.2,-1991.0201168707474
3,-29.633378548811734,-19.6037431774046,13.825973786203873,11.2,-1991.4434508500162
3,-29.38508889158582,-19.609080138274965,13.546910962690122,11.2,-1991.8632378341817
3,-28.640219919908084,-19.625091020886064,13.355446544579651,11.2,-1992.2723838330376
3,-27.895435909405784,-19.64465913347637,12.952199420127767,11.2,-1992.6708900603148
3,-26.90252649426542,-19.675492328456837,12.385615312549417,11.2,-1993.0552118673759
3,-26.530229002633785,-19.688388408778348,11.890224930314336,11.2,-1993.434215138842
3,-24.91739080159787,-19.755826888175267,11.347955200657163,11.2,-1993.7901778645792
3,-24.669299364506,-19.767090807492465,10.88210672580926,11.2,-1994.1425964269292
3,-24.42113430860642,-19.77657713289968,10.980451520380752,11.2,-1994.4914697741951
3,-24.54524338373053,-19.772574794563596,11.19664188427889,11.2,-1994.8421161082483
3,-24.669369922228892,-19.769165239694996,11.502919238549557,11.2,-1995.194535678566
3,-24.91767090799913,-19.76442121135389,11.832364816058888,11.2,-1995.550502405823
3,-25.290169471796524,-19.76041826434417,12.181151703733033,11.2,-1995.9117905411342
3,-25.414340852226783,-19.759676966588604,12.493311518699253,11.2,-1996.2748525533088
3,-25.041822462483573,-19.761011307621196,12.196092276980512,11.2,-1996.6325928742015
3,-24.545129387953633,-19.762197390229908,11.81456527823481,11.2,-1996.9832375797437
3,-24.048441033930978,-19.76456954642944,11.517729542694816,11.2,-1997.3267867373713
3,-23.92426965350072,-19.765310844185006,11.179782723821337,11.2,-1997.6685620181356
3,-24.048442922133408,-19.765162584070275,10.993743696999237,11.2,-1998.0121112027375
3,-24.048442922133408,-19.765162584070275,11.107716740331446,11.2,-1998.3556603873394
3,-24.048442922133408,-19.765162584070275,11.200270917735596,11.2,-1998.6992095719413
3,-24.048442922133408,-19.765162584070275,11.299978960062438,11.2,-1999.0427587565432
3,-24.048442922133408,-19.765162584070275,11.350261283000389,11.2,-1999.386307941145
3,-24.17261571871448,-19.76560736441447,11.225512484471732,11.2,-1999.731631022841
3,-24.545122779303686,-19.768720791316007,11.11775483892891,11.2,-2000.082275633974
3,-25.0417459919758,-19.777022959268802,11.058557379245782,11.2,-2000.4400148624306
3,-25.29002219688136,-19.78295280870933,11.126116407032537,11.2,-2000.8013008938146
3,-25.910612410582086,-19.801482575533544,11.25496588757939,11.2,-2001.17145249968
3,-26.406987828290116,-19.819270010479308,11.585702114558584,11.2,-2001.5486951829414
3,-27.523453448635543,-19.868624395565824,11.976694041528528,11.2,-2001.9418873750647
3,-28.391412626630952,-19.91530387616379,12.38381975923123,11.2,-2002.3474789840166
3,-29.135126403038658,-19.959755559052386,12.738056759885113,11.2,-2002.7636950754886
3,-29.87861940130024,-20.007758630477383,13.17437609931991,11.2,-2003.1905324955071
3,-30.498149137687214,-20.048500951720126,13.553377391508972,11.2,-2003.6262203403312
3,-30.498149137687214,-20.048500951720126,13.49700719242411,11.2,-2004.0619081851553
3,-30.746088405835636,-20.062726152833616,13.09637998532029,11.2,-2004.5011380195244
3,-30.746088405835636,-20.062726152833616,12.803490737473014,11.2,-2004.9403678538936
3,-31.118162919633647,-20.08095490333491,12.597018383936671,11.2,-2005.3849130384597
3,-31.366254356725516,-20.092218822652107,12.71789115494701,11.2,-2005.833002386413
3,-31.8625391626158,-20.112376689335193,12.946715759244219,11.2,-2006.2881815173075
3,-32.48298188749982,-20.135351809497088,13.264690776809578,11.2,-2006.7522241157003
3,-32.97935777695721,-20.153139261347825,13.681202224283215,11.2,-2007.2233577982283
3,-33.599853596343266,-20.174632728550343,14.052714733577881,11.2,-2007.7033557067475
3,-34.10430893844637,-20.174632728550343,14.339014935936754,11.2,-2008.1905601201538
3,-34.22841801357048,-20.17863506688642,14.0820320130996,11.2,-2008.6795375203476
3,-34.104291475072124,-20.17522551201782,13.905362706800961,11.2,-2009.1667416842772
3,-33.85599048930189,-20.170481483676713,13.520311272051327,11.2,-2009.6503986912671
3,-33.9801491246171,-20.17240879189862,13.201335997527499,11.2,-2010.1358293930473
3,-34.228461674924766,-20.176559891655614,13.024066193943812,11.2,-2010.6248074169748
3,-34.228461674924766,-20.176559891655614,13.08039272381979,11.2,-2011.1137854409023
3,-34.476783193878425,-20.180118017741275,13.247391160121705,11.2,-2011.6063109151007
3,-34.72511887403738,-20.182490146887243,13.515504617060127,11.2,-2012.1023840418727
3,-34.84929025446763,-20.18323144464281,13.895089238247461,11.2,-2012.600231045508
3,-35.0976365557072,-20.183824485383546,14.116376050807077,11.2,-2013.1016258534466
3,-35.22181006036569,-20.183676224987007,14.066308612037027,11.2,-2013.6047945685948
3,-35.22181006036569,-20.183676224987007,13.981546155204475,11.2,-2014.107963283743
3,-35.22181006036569,-20.183676224987007,13.929744243692996,11.2,-2014.611131998891
3,-35.22181006036569,-20.183676224987007,14.053577772297299,11.2,-2015.1143007140392
3,-35.09763726378462,-20.184121005331203,14.234168096564805,11.2,-2015.6156955320932
3,-35.09763726378462,-20.184121005331203,14.060989769681132,11.2,-2016.1170903501472
3,-34.973465883354365,-20.18486230308677,13.985287759057012,11.2,-2016.616711291338
3,-34.60095811471196,-20.187975735906246,13.933677966287096,11.2,-2017.1110106929768
3,-34.228470171813484,-20.192868180198047,13.801015877483893,11.2,-2017.5999888382885
3,-33.731892273189466,-20.20354207150571,13.683179111424396,11.2,-2018.0818730136198
3,-33.483630700410714,-20.21006478190158,13.502064376308317,11.2,-2018.5602105950543
3,-33.483630700410714,-20.21006478190158,13.438781784421908,11.2,-2019.0385481764888
3,-33.483630700410714,-20.21006478190158,13.430072612533486,11.2,-2019.5168857579233
3,-33.483630700410714,-20.21006478190158,13.631729030676077,11.2,-2019.9952233393578
3,-33.483630700410714,-20.21006478190158,13.878153927782508,11.2,-2020.4735609207924
3,-33.11125037710468,-20.220293465949805,14.235933084383822,11.2,-2020.9465787833224
3,-32.9871320984437,-20.22399942635884,14.123349851844551,11.2,-2021.4178235275858
3,-32.36658672282315,-20.244011118039246,14.006636316104135,11.2,-2021.8802033379118
3,-31.87021130511512,-20.26179855298501,13.682767318589953,11.2,-2022.335492070842
3,-30.87764169333455,-20.302114286351184,13.415491016470753,11.2,-2022.7766012378897
3,-30.00937038494396,-20.342574681814547,13.049597515248195,11.2,-2023.2053065291032
3,-29.513361627955057,-20.368656498029956,12.696959046209855,11.2,-2023.626925980931
3,-28.397713472465185,-20.434001931649945,12.301276239584062,11.2,-2024.0326076019662
3,-28.14980888032928,-20.448819159279477,11.983728739126445,11.2,-2024.4347477288281
3,-27.90183634999812,-20.46245225276022,11.96364079170669,11.2,-2024.8333453909709
3,-27.653801537541433,-20.474900901131413,12.250074985856445,11.2,-2025.22839969865
3,-27.529762543429786,-20.480680968612784,12.68666593056766,11.2,-2025.621682020699
3,-27.405710100449564,-20.486164820448614,12.910789270735027,11.2,-2026.013192164991
3,-27.033514547064453,-20.50172763520738,12.77399441503426,11.2,-2026.399385229949
3,-26.78537190828769,-20.51180657812782,12.598430167164826,11.2,-2026.7820334000676
3,-25.66878524813236,-20.55849502240412,12.245560240594243,11.2,-2027.1487303321837
3,-24.924431658382357,-20.59050942309645,11.910793078251311,11.2,-2027.5047936415892
3,-24.676266602482777,-20.599995748503662,11.632109840171587,11.2,-2027.8573117359103
3,-24.428039248697687,-20.607704047248777,11.506159146734646,11.2,-2028.2062837251774
3,-24.179777911863585,-20.614226751445546,11.630011734941966,11.2,-2028.5517091239183
3,-23.93148825463767,-20.619563712315912,11.744405210466953,11.2,-2028.893587527556
3,-23.807334575638322,-20.621787499905846,11.942989726479416,11.2,-2029.233692307208
3,-23.68317594032311,-20.62371480812775,12.133495209940776,11.2,-2029.5720233920697
3,-23.310677376525717,-20.62771775513747,11.983870294329115,11.2,-2029.9050330688772
3,-22.93816960788331,-20.630831187956947,11.832515752662303,11.2,-2030.2327212061327
3,-22.56567033604887,-20.634834142575375,11.531584636575566,11.2,-2030.5550879252191
3,-21.944855917856653,-20.642988231894144,11.209154799637313,11.2,-2030.8685858669028
3,-21.944855917856653,-20.642988231894144,10.953647520870843,11.2,-2031.1820838085864
3,-21.820683121275582,-20.64343301223834,10.93976518180945,11.2,-2031.4938078531761
3,-21.820683121275582,-20.64343301223834,11.140393629777376,11.2,-2031.8055318977658
3,-21.944856625934076,-20.6432847518418,11.416197676300163,11.2,-2032.1190298495649
3,-21.944856625934076,-20.6432847518418,11.515744062907897,11.2,-2032.432527801364
3,-22.069028006364334,-20.644026049597368,11.48107216719049,11.2,-2032.7477996300263
3,-22.317363686523283,-20.646398178743336,11.440254354475275,11.2,-2033.0666191112623
3,-22.441526570161727,-20.64802899660709,11.416238152283924,11.2,-2033.387212347979
3,-22.68983888447629,-20.652180092418927,11.413573516763838,11.2,-2033.7113529034714
3,-22.938128541702206,-20.6575170532893,11.417865992985382,11.2,-2034.0390404540672
3,-23.186389878536307,-20.664039757486066,11.425768061836004,11.2,-2034.3702745951891
3,-23.55874471451925,-20.675157638713188,11.562500024011015,11.2,-2034.7068280911108
3,-23.80695295352057,-20.68345867048977,11.78005871875545,11.2,-2035.0469274190182
3,-24.055118716980814,-20.692945022944105,11.8193228213707,11.2,-2035.3905719721179
3,-24.675379752903435,-20.72036423000542,11.93745886653915,11.2,-2035.7430773971594
3,-24.799404590836104,-20.726440480172517,12.131307540115635,11.2,-2036.0973546055998
3,-25.171434514408148,-20.7455576747848,12.22262385908482,11.2,-2036.456946527234
3,-25.295428918378583,-20.75222618468841,12.291219792228045,11.2,-2036.8183097974966
3,-25.419407044739305,-20.759190768265547,12.345380171497297,11.2,-2037.18144418385
3,-25.66731163687521,-20.77400799589508,12.29722824292802,11.2,-2037.548120064377
3,-25.66731163687521,-20.77400799589508,12.203074376355605,11.2,-2037.9147959449037
3,-25.91521622901111,-20.78882522352461,11.88634353653484,11.2,-2038.2850133196039
3,-26.163188759342273,-20.80245831700536,11.658762102505031,11.2,-2038.658773159023
3,-26.41122357179896,-20.814906965376554,11.516237660952546,11.2,-2039.0360763529059
3,-26.65931500889083,-20.826170884693752,11.453375934758391,11.2,-2039.4169237101758
3,-27.03151056227594,-20.84173369945252,11.49004925560236,11.2,-2039.8030881467796
3,-27.403775489613395,-20.855518745347357,11.663837296289433,11.2,-2040.194570653774
3,-27.900264180232586,-20.869749748289244,11.927692653380108,11.2,-2040.5931458563487
3,-28.5210290354115,-20.88086862283521,12.261286868735581,11.2,-2041.000589128283
3,-29.01770889258178,-20.88442683008094,12.491185418038814,11.2,-2041.4151278267486
3,-29.88691846864927,-20.887540292490325,12.60885354196995,11.2,-2041.8420838048721
3,-30.880281015226846,-20.894656727271897,12.843587431743003,11.2,-2042.2832306765183
3,-31.873624679923882,-20.90414525287354,13.503402020473073,11.2,-2042.7385681719459
3,-32.74278964753758,-20.913485480316538,14.080405104210977,11.2,-2043.2063223097678
3,-33.11528891937202,-20.917488434934967,14.657555839853627,11.2,-2043.6793978657588
3,-34.60526476487156,-20.935279251354345,15.258510274431572,11.2,-2044.1737587909713
3,-34.977740670817205,-20.941061176020064,15.40328545877401,11.2,-2044.6734408005543
3,-34.977740670817205,-20.941061176020064,14.98353382615465,11.2,-2045.1731228101373
3,-34.60526476487156,-20.935279251354345,14.662738111875964,11.2,-2045.6674837353498
3,-34.108594820643916,-20.930535006589057,14.262095289635553,11.2,-2046.1547493756448
3,-33.984422024062845,-20.93009022624486,13.862655815810218,11.2,-2046.6402411188458
3,-33.984422024062845,-20.93009022624486,13.64470985040874,11.2,-2047.1257328620468
3,-33.984422024062845,-20.93009022624486,13.485561025055363,11.2,-2047.6112246052478
3,-34.10859552872134,-20.9302384866414,13.456213261233199,11.2,-2048.098490255658
3,-34.10859552872134,-20.9302384866414,13.562737435672727,11.2,-2048.5857559060682
3,-34.23276903337983,-20.93009022624486,13.78052882339068,11.2,-2049.074795463688
3,-34.23276903337983,-20.93009022624486,13.93278804911379,11.2,-2049.563835021308
3,-34.23276903337983,-20.93009022624486,14.129275492933882,11.2,-2050.052874578928
3,-34.23276903337983,-20.93009022624486,14.068457158806368,11.2,-2050.541914136548
3,-33.984424856368506,-20.931276304344628,13.942358078305956,11.2,-2051.02740592021
3,-33.984424856368506,-20.931276304344628,13.805891043244568,11.2,-2051.5128977038726
3,-33.984424856368506,-20.931276304344628,13.718762559277849,11.2,-2051.998389487535
3,-33.984424856368506,-20.931276304344628,13.73179506127285,11.2,-2052.4838812711973
3,-33.984424856368506,-20.931276304344628,13.846418956620793,11.2,-2052.9693730548597
3,-33.984424856368506,-20.931276304344628,14.040886848691457,11.2,-2053.454864838522
3,-33.61191142314304,-20.93350019338422,14.31952619980917,11.2,-2053.93503500171
3,-33.61191142314304,-20.93350019338422,14.15449457908903,11.2,-2054.4152051648975
3,-33.115252807976525,-20.939430465524012,14.003349858006054,11.2,-2054.8882802050116
3,-32.37034985066582,-20.95366255054732,13.79787367497362,11.2,-2055.3507137743068
3,-31.873861160046626,-20.967893553489205,13.512308608822632,11.2,-2055.806054648022
3,-31.129365992347893,-20.996352529710844,13.22464392668815,11.2,-2056.250759876484
3,-30.633183118164155,-21.018880368345243,12.927090930592836,11.2,-2056.6883767781724
3,-30.633183118164155,-21.018880368345243,12.714255520686732,11.2,-2057.1259936798606
3,-30.509117933702452,-21.02406797326483,12.986641455643994,11.2,-2057.561838221771
3,-30.509117933702452,-21.02406797326483,13.37966018671427,11.2,-2057.997682763681
3,-30.633217097579664,-21.019769279824327,13.769808003356559,11.2,-2058.4353001507893
3,-30.260889872207336,-21.031776294832568,13.939063579382465,11.2,-2058.8675985775353
3,-29.888535036224393,-21.042894176059676,13.730213804818055,11.2,-2059.294577649481
3,-29.267943642919484,-21.061423978104852,13.541751108912873,11.2,-2059.7126911300943
3,-28.523318925915518,-21.086327073434607,13.079642152149873,11.2,-2060.12016711475
3,-27.282490108614308,-21.133758835706274,12.611063430969516,11.2,-2060.5099169734444
3,-26.41412465832264,-21.172145725592113,12.085011542955618,11.2,-2060.8872616114204
3,-25.66993245491884,-21.207714712341843,11.62206234279925,11.2,-2061.253974932205
3,-25.545893460807193,-21.213494779823215,11.225330260530805,11.2,-2061.6189162673595
3,-25.049610069905025,-21.233652589032967,11.287405165500548,11.2,-2061.9767678397866
3,-24.925510906027814,-21.23795128247347,11.579059946325785,11.2,-2062.3328465670156
3,-24.677283552242724,-21.245659581218586,11.971838740594677,11.2,-2062.6853791891904
3,-24.677283552242724,-21.245659581218586,12.0546074551348,11.2,-2063.037911811365
3,-24.304880572901823,-21.25499899200852,11.951082612706314,11.2,-2063.385124390978
3,-24.18073255818271,-21.25751924628572,11.750487855418994,11.2,-2063.7305634275235
3,-24.056578879183363,-21.259743033875655,11.65876910565496,11.2,-2064.0742288400834
3,-23.93242024386815,-21.26167034209756,11.600896988900914,11.2,-2064.416120557853
3,-23.684090936284893,-21.264635478167456,11.57540133990582,11.2,-2064.7544647140858
3,-23.559921680070758,-21.26567328910728,11.64072141296977,11.2,-2065.091035023801
3,-23.559921680070758,-21.26567328910728,11.70025575893957,11.2,-2065.427605333516
3,-23.4357502996405,-21.266414586862847,11.829178322322182,11.2,-2065.762401766368
3,-23.4357502996405,-21.266414586862847,11.83757612407852,11.2,-2066.0971981992197
3,-23.31157750305943,-21.266859367207044,11.697712446296581,11.2,-2066.430220734978
3,-23.31157750305943,-21.266859367207044,11.534490657245145,11.2,-2066.763243270736
3,-23.187403998400935,-21.267007627603583,11.49008549940637,11.2,-2067.0944918992845
3,-23.187403998400935,-21.267007627603583,11.426648567751274,11.2,-2067.425740527833
3,-23.187403998400935,-21.267007627603583,11.407191752849434,11.2,-2067.7569891563817
3,-23.187403998400935,-21.267007627603583,11.39695113173278,11.2,-2068.0882377849302
3,-23.187403998400935,-21.267007627603583,11.383581171568604,11.2,-2068.419486413479
3,-23.187403998400935,-21.267007627603583,11.223561271536054,11.2,-2068.7507350420274
3,-23.187403998400935,-21.267007627603583,11.08703214672502,11.2,-2069.081983670576
3,-23.187403998400935,-21.267007627603583,10.99337917633268,11.2,-2069.4132322991245
3,-23.187403998400935,-21.267007627603583,10.872890007023573,11.2,-2069.744480927673
3,-23.31157750305943,-21.266859367207044,10.769824030111334,11.2,-2070.077503463431
3,-23.31157750305943,-21.266859367207044,10.598197005958212,11.2,-2070.4105259991893
3,-23.435751007717922,-21.266711106810504,10.415284630382022,11.2,-2070.7453224421565
3,-24.05661381050096,-21.268935004304346,10.258687956781873,11.2,-2071.088988353735
3,-25.174109501893135,-21.28094384533351,10.6089610978125,11.2,-2071.4486184894768
3,-26.043183602971705,-21.296510328874607,11.091412795792387,11.2,-2071.820663969519
3,-27.28448674797641,-21.329123756872047,11.606119039627577,11.2,-2072.210442351633
3,-27.656813973348736,-21.341130771880287,12.365336245977284,11.2,-2072.605539694109
3,-30.51028067291231,-21.460444324290382,13.199631920685603,11.2,-2073.0414008465796
3,-31.750139789519487,-21.528609597343355,13.974491308725034,11.2,-2073.494974272144
3,-32.98948230197618,-21.60565544560817,14.704732225024479,11.2,-2073.966252590744
3,-33.85682393291795,-21.662694695348048,15.448384406440166,11.2,-2074.4499215040714
3,-34.35255952447438,-21.693512946785912,15.120939049855599,11.2,-2074.940672354421
3,-34.35255952447438,-21.693512946785912,14.67447831603566,11.2,-2075.431423204771
3,-33.98044466406822,-21.676172843221124,14.401233796825155,11.2,-2075.9168581285435
3,-33.73227890060798,-21.66668649076679,13.984519953114642,11.2,-2076.3987478271238
3,-33.35990282415556,-21.65645792337275,13.559580430643901,11.2,-2076.8753178674688
3,-33.60820475385703,-21.661201969748564,13.168332302170947,11.2,-2077.3554350782383
3,-33.8565066835585,-21.66594601612438,13.176620395060413,11.2,-2077.839099459432
3,-34.10481899787306,-21.67009711193622,13.414593887506715,11.2,-2078.3263111594015
3,-34.47730764878839,-21.67498956552748,13.723929890372313,11.2,-2078.8188441258126
3,-34.9739506866957,-21.6821058176988,14.085839823250021,11.2,-2079.3184719927654
3,-35.47055407413262,-21.69159390143307,14.34342058360003,11.2,-2079.8251941938242
3,-36.21538268884929,-21.709383449754647,14.555090649201908,11.2,-2080.342556803665
3,-36.46761035990084,-21.709383449754647,14.808205867858653,11.2,-2080.8635226659494
3,-36.46761035990084,-21.709383449754647,14.601464210680321,11.2,-2081.3844885282338
3,-36.21933415499528,-21.70345360031412,14.302663693792766,11.2,-2081.901907587591
3,-35.84687382596161,-21.696782250225077,13.985036320076565,11.2,-2082.4140057851046
3,-35.598538853847785,-21.69441012784243,13.679300593929586,11.2,-2082.9225563401596
3,-35.598538853847785,-21.69441012784243,13.482217812416632,11.2,-2083.4311068952147
3,-35.72271023427805,-21.695151425598,13.265104067009588,11.2,-2083.941431327133
3,-35.72271023427805,-21.695151425598,13.193877218173645,11.2,-2084.4517557590516
3,-35.72271023427805,-21.695151425598,13.21517610881449,11.2,-2084.96208019097
3,-35.72271023427805,-21.695151425598,13.284434295292689,11.2,-2085.4724046228885
3,-35.72271023427805,-21.695151425598,13.431142612272279,11.2,-2085.982729054807
3,-35.84688161470831,-21.695892723353566,13.64764923754383,11.2,-2086.4948273635882
3,-35.97105441128938,-21.696337503697762,13.766979626095793,11.2,-2087.0086995694637
3,-36.219398588300706,-21.697523581797526,13.734954571830587,11.2,-2087.5261195492967
3,-36.46773426845965,-21.699895710943494,13.786891463239577,11.2,-2088.0470871817033
3,-36.71606381205216,-21.70286084983142,13.828750481402752,11.2,-2088.5716023790183
3,-37.08853901000517,-21.708642763507015,14.000499064640683,11.2,-2089.10143865059
3,-36.96438533100582,-21.70641897591708,14.264633842060247,11.2,-2089.629501298176
3,-36.71605673144952,-21.70345384830127,14.388235659009759,11.2,-2090.1540163943396
3,-36.71605673144952,-21.70345384830127,14.138256682910072,11.2,-2090.6785314905032
3,-35.97101995195704,-21.70167473115162,14.07432976535825,11.2,-2091.1924032041024
3,-35.598506518731575,-21.70389862019121,13.857561259738125,11.2,-2091.700953297227
3,-35.35017721114832,-21.706863756261107,13.630249671851304,11.2,-2092.2059558288147
3,-34.72944067720909,-21.719464955790674,13.37545722827759,11.2,-2092.702090695632
3,-34.72944067720909,-21.719464955790674,13.255042252618194,11.2,-2093.198225562449
3,-34.72944067720909,-21.719464955790674,13.549339837030296,11.2,-2093.694360429266
3,-34.8535886919282,-21.716944701513473,13.89658714863549,11.2,-2094.1922688391505
3,-34.72944067720909,-21.719464955790674,14.322743809121583,11.2,-2094.6884037059676
3,-34.60529266248998,-21.721985210067874,14.310547324082354,11.2,-2095.1827650297173
3,-34.35306499143843,-21.721985210067874,14.263185023399206,11.2,-2095.6735231010234
3,-34.10477533421252,-21.72732217093824,14.11392200767455,11.2,-2096.1607341772265
3,-33.111797952974136,-21.75578417682201,13.739722945350053,11.2,-2096.633759862269
3,-32.24317978918674,-21.787949283909963,13.46998795100067,11.2,-2097.0943767164003
3,-31.250816870214255,-21.833004832717737,12.975341527903096,11.2,-2097.5408169574034
3,-30.258929576928512,-21.887537051160116,12.54746833070726,11.2,-2097.973087379931
3,-29.639212325187486,-21.925320101626014,12.087897734249452,11.2,-2098.396504698862
3,-29.515251419021943,-21.932580705361566,11.730936642191448,11.2,-2098.818151147705
3,-29.26724704052749,-21.94562161346927,11.921044672305792,11.2,-2099.2362546768554
3,-29.26724704052749,-21.94562161346927,12.20870855576037,11.2,-2099.654358206006
3,-29.391311989169278,-21.940434018410148,12.632770303952062,11.2,-2100.0742340915654
3,-29.639519520488832,-21.932133010301147,12.943614527483195,11.2,-2100.4976557990008
3,-29.51539274605349,-21.935542571650554,13.238744989749978,11.2,-2100.9193042668016
3,-29.142989058857225,-21.94488200019264,12.934643583462606,11.2,-2101.335632681928
3,-28.52228084632322,-21.958965533158462,12.77501462161867,11.2,-2101.7430938368757
3,-27.777452231606553,-21.97675508148004,12.29424022648388,11.2,-2102.1399145830414
3,-27.156818359429828,-21.99380288822708,11.905876701835249,11.2,-2102.527869131033
3,-26.03983880644292,-22.02982386478394,11.424618927000614,11.2,-2102.899866828268
3,-25.791630567441597,-22.038124896560525,10.98247057979693,11.2,-2103.268318693517
3,-25.54338551434527,-22.04524041831897,10.72210757844493,11.2,-2103.633224200865
3,-25.419250951946516,-22.04835356116633,10.895654106225281,11.2,-2103.996356357321
3,-25.419250951946516,-22.04835356116633,11.157478879831107,11.2,-2104.3594885137773
3,-25.295109309439717,-22.051170267759495,11.408249164074347,11.2,-2104.720847218198
3,-25.543411003158177,-22.04642622589236,11.344178074168697,11.2,-2105.0857530896715
3,-25.667573650791002,-22.044795411128426,11.323189709689586,11.2,-2105.452432713254
3,-26.16426058867496,-22.042423261692296,11.331076007144619,11.2,-2105.8262078645207
3,-26.536778270344783,-22.043757600188602,11.51534563332268,11.2,-2106.205304696954
3,-26.909276834142176,-22.047760547198322,11.674344115405338,11.2,-2106.589722937442
3,-27.40587880568265,-22.057248603880534,11.963269141390716,11.2,-2106.9812354918085
3,-27.902367496301842,-22.071479606822418,12.18319983306486,11.2,-2107.3798407417557
3,-28.398742914009873,-22.08926704176818,12.438279841207942,11.2,-2107.7855370690986
3,-28.770937759935236,-22.104829826945554,12.641467267588997,11.2,-2108.196550465669
3,-28.894976754046883,-22.110609894426926,12.83421797316168,11.2,-2108.6093358478697
3,-28.770937759935236,-22.104829826945554,12.606394331837773,11.2,-2109.0203492444402
3,-28.52282013249331,-22.094158370190137,12.171180787794226,11.2,-2109.427818103476
3,-28.27465436903307,-22.0846720177358,11.861517253651522,11.2,-2109.8317417373196
3,-28.27465436903307,-22.0846720177358,11.556499417633981,11.2,-2110.235665371163
3,-28.39875353291028,-22.088970711176305,11.239154476059165,11.2,-2110.6413618502047
3,-28.64698088669537,-22.096679009921427,11.076553735935203,11.2,-2111.0506044343006
3,-28.895242223529472,-22.103201714118192,11.056724965343717,11.2,-2111.4633936089226
3,-29.01938386603627,-22.106018420711365,11.09167909000809,11.2,-2111.8779562355803
3,-30.13665864859748,-22.131368780049904,11.520536422690265,11.2,-2112.30847993056
3,-31.129703995933877,-22.157459596836958,12.017731561330098,11.2,-2112.753189987645
3,-32.61906811864442,-22.20370938930769,12.644025492132632,11.2,-2113.219176675054
3,-33.735862900656784,-22.245064526992202,13.415792564067011,11.2,-2113.7011175736347
3,-34.97645103786641,-22.298421810769295,14.296279018986983,11.2,-2114.20078115989
3,-35.96870636604368,-22.345847081363168,15.298255526735721,11.2,-2114.714619822262
3,-36.960961694220956,-22.39327235195704,15.886677781002549,11.2,-2115.242633560751
3,-37.08501413720118,-22.39875620379287,15.57056456882077,11.2,-2115.7724194769967
3,-36.58868402540202,-22.379783552978445,15.116259810332526,11.2,-2116.295114963074
3,-36.09219533478282,-22.36555255003656,14.4568863062241,11.2,-2116.8107177535708
3,-35.22309479944496,-22.35206154634463,13.94878548038884,11.2,-2117.313904822134
3,-34.85057711777513,-22.350727207848323,13.454328146426194,11.2,-2117.811770209531
3,-34.85057711777513,-22.350727207848323,13.104866244109214,11.2,-2118.309635596928
3,-34.85057711777513,-22.350727207848323,13.14806330797992,11.2,-2118.8075009843246
3,-34.974750622433625,-22.350578947451783,13.53274679325071,11.2,-2119.307140278931
3,-35.2230971596986,-22.349985906147428,13.781035303091862,11.2,-2119.8103273812126
3,-35.34726995627967,-22.34954112580323,14.09134996757359,11.2,-2120.315288380588
3,-35.34726995627967,-22.34954112580323,13.92747035179122,11.2,-2120.820249379963
3,-35.47144346093816,-22.34968938619977,13.830694749779287,11.2,-2121.326984286548
3,-35.59561625751923,-22.350134166543967,13.822998954041623,11.2,-2121.835493090227
3,-35.719787637949494,-22.350875464299534,13.892152207637348,11.2,-2122.3457757707693
3,-35.59561625751923,-22.350134166543967,14.025756106032453,11.2,-2122.8542845744482
3,-35.34726995627967,-22.349541125803228,14.174303891600033,11.2,-2123.3592455738235
3,-35.34726995627967,-22.349541125803228,14.0229933866272,11.2,-2123.8642065731988
3,-34.72640715349663,-22.35176502329707,13.924400092168996,11.2,-2124.360298103963
3,-34.229749954384026,-22.3576952785287,13.700131469435384,11.2,-2124.8492945318826
3,-33.733146566947106,-22.367183362262967,13.419970083385934,11.2,-2125.331196625696
3,-33.23662530894522,-22.380228733461937,13.161899660083895,11.2,-2125.806005558681
3,-33.11250703028424,-22.383934693870973,12.91457483091195,11.2,-2126.2790413733997
3,-33.23663380471959,-22.380525132521566,12.864825994878636,11.2,-2126.7538504277527
3,-33.23663380471959,-22.380525132521566,13.063267845740773,11.2,-2127.2286594821057
3,-33.23663380471959,-22.380525132521566,13.38767892812158,11.2,-2127.703468536459
3,-33.23663380471959,-22.380525132521566,13.729359068887796,11.2,-2128.178277590812
3,-33.11248579000048,-22.383045386798766,13.757032531408916,11.2,-2128.6513131020974
3,-32.86418386029901,-22.387789433174582,13.58997682785246,11.2,-2129.120801442959
3,-32.367604545847186,-22.398463354915314,13.42770556943878,11.2,-2129.583195793614
3,-31.746971853355387,-22.415511129258324,13.211252956117711,11.2,-2130.0367239629477
3,-31.126477213391848,-22.437004555606595,12.881792275339178,11.2,-2130.481387923139
3,-30.754282367466484,-22.45256734078397,12.592027038861486,11.2,-2130.920734814103
3,-30.50616474002456,-22.463238797539386,12.319700140005063,11.2,-2131.3565371675318
3,-30.50616474002456,-22.463238797539386,12.53180409070634,11.2,-2131.7923395209605
3,-30.63026390390177,-22.458940104098883,12.777674751296644,11.2,-2132.2299147195877
3,-30.63026390390177,-22.458940104098883,13.16295448484611,11.2,-2132.667489918215
3,-30.382018614876266,-22.466055632619835,13.516691701105568,11.2,-2133.1015187555704
3,-30.257891840440923,-22.469465193969242,13.286906169599618,11.2,-2133.533774353291
3,-29.637257968264198,-22.486513000716283,13.063029062640506,11.2,-2133.9571637528375
3,-29.389012679238693,-22.493628529237235,12.783647796252131,11.2,-2134.3770067911123
3,-28.272033126251785,-22.529649505794094,12.347742971962532,11.2,-2134.78089297863
3,-27.527535835871056,-22.558108563157095,11.853638425464847,11.2,-2135.174143490571
3,-27.279348834640274,-22.567002255272556,11.489897066421271,11.2,-2135.5638484739234
3,-27.279348834640274,-22.567002255272556,11.595215632891147,11.2,-2135.9535534572756
3,-27.279348834640274,-22.567002255272556,11.921863200576468,11.2,-2136.343258440628
3,-27.279348834640274,-22.567002255272556,12.247779215054333,11.2,-2136.73296342398
3,-27.403496849359385,-22.564482000995355,12.458404110490134,11.2,-2137.1244419503996
3,-27.403496849359385,-22.564482000995355,12.544514695116954,11.2,-2137.5159204768192
3,-27.52766539752113,-22.563444195973457,12.570526953390855,11.2,-2137.909172839641
3,-27.155144883545645,-22.563888977163074,12.36294598011404,11.2,-2138.2971034808347
3,-26.78262436957016,-22.564333758352692,12.04339592177649,11.2,-2138.6797124004
3,-26.41010597982695,-22.565668099385285,11.665559249304241,11.2,-2139.0569996286836
3,-26.28593318324588,-22.56611287972948,11.376860401491703,11.2,-2139.432512959873
3,-26.161759678587387,-22.56626114012602,11.132807888247537,11.2,-2139.8062523838526
3,-26.161759678587387,-22.56626114012602,11.227066303084312,11.2,-2140.1799918078323
3,-26.161759678587387,-22.56626114012602,11.285423247129701,11.2,-2140.553731231812
3,-26.161759678587387,-22.56626114012602,11.400803633421114,11.2,-2140.9274706557917
3,-26.161759678587387,-22.56626114012602,11.478909746221412,11.2,-2141.3012100797714
3,-26.161759678587387,-22.56626114012602,11.432421118354942,11.2,-2141.674949503751
3,-26.41010597982695,-22.566854180866756,11.32285760623077,11.2,-2142.0522367320345
3,-26.906775924054603,-22.571598425632043,11.232704403265606,11.2,-2142.4366192452353
3,-27.279251830000245,-22.577380350297762,11.33078788721372,11.2,-2142.826322842807
3,-27.527553523718705,-22.582124392164896,11.535852827154507,11.2,-2143.2195736074314
3,-28.396435990095092,-22.605991185513975,11.759506548684238,11.2,-2143.6252369787185
3,-29.140931157793826,-22.634450161735614,12.025940092330437,11.2,-2144.0415359952585
3,-29.76112494950139,-22.663350444209446,12.307754449717644,11.2,-2144.4666949231087
3,-30.381095790926683,-22.69669293035085,12.663112035712736,11.2,-2144.900710577265
3,-31.24869829424443,-22.749589100459254,13.08949073489332,11.2,-2145.3471205528967
3,-31.992074543656404,-22.79936746062134,13.46463268394776,11.2,-2145.804150189235
3,-32.395638817338885,-22.79936746062134,13.81336127824202,11.2,-2146.2669450294825
3,-32.51952495319881,-22.807811783093488,13.450007973421592,11.2,-2146.731509671671
3,-32.2716571574206,-22.792402657374556,13.122473747528698,11.2,-2147.1925333453487
3,-32.023653486026674,-22.779361786448586,12.891191985983568,11.2,-2147.650014109435
3,-32.39577046836162,-22.796701988892696,12.733145571637975,11.2,-2148.1128108304115
3,-32.64386214123667,-22.80796591891499,12.585222094207628,11.2,-2148.5791517181433
3,-32.891979768678596,-22.81863737567041,12.553673010992247,11.2,-2149.0490371434103
3,-33.26424469601605,-22.832422421565248,12.599945870305627,11.2,-2149.5242406390676
3,-33.51247204980114,-22.84013072031037,12.719287420705268,11.2,-2150.002990239779
3,-33.88487502914204,-22.849470131100304,12.9052840597821,11.2,-2150.4870598830526
3,-34.1331767228605,-22.85421417296744,13.14977977397986,11.2,-2150.974676693379
3,-34.50566466575897,-22.859106617259243,13.15287042631287,11.2,-2151.4676147600326
3,-35.37480319918873,-22.870522320606785,13.17847587526784,11.2,-2151.9729690914496
3,-35.99557159418547,-22.88164125855645,13.292296520832192,11.2,-2152.4871915427952
3,-36.74044056586321,-22.897652141167566,13.758814824647988,11.2,-2153.0120549794506
3,-37.48522457636551,-22.917220253757854,14.371616821754746,11.2,-2153.5475581876844
3,-38.22996044344203,-22.938566839320714,14.826134448539054,11.2,-2154.093700479734
3,-38.47820573246754,-22.945682367841666,15.350602890624472,11.2,-2154.643389133055
3,-38.72646706930164,-22.95220507203843,15.17975164187972,11.2,-2155.196624376902
3,-38.35402373307638,-22.944644323578125,14.752238141028592,11.2,-2155.74453900166
3,-37.609037934407475,-22.935748940730683,14.483156045931024,11.2,-2156.2818109721516
3,-37.23652025273765,-22.934414602234376,13.993540642167657,11.2,-2156.8137612614764
3,-36.86400257106782,-22.935748940730683,13.653552452834415,11.2,-2157.3403898696347
3,-36.86400257106782,-22.935748940730683,13.450238038717936,11.2,-2157.867018477793
3,-37.112343443732236,-22.93396983034445,13.54954994412504,11.2,-2158.397194812703
3,-37.236512699946374,-22.932932019404625,13.82114482243056,11.2,-2158.929144994131
3,-37.36067912389119,-22.93159770119848,14.210466272692818,11.2,-2159.4628689816154
3,-37.36067912389119,-22.93159770119848,14.422337723584945,11.2,-2159.9965929690998
3,-37.36067912389119,-22.93159770119848,14.281112753921242,11.2,-2160.530316956584
3,-37.11234344373224,-22.93396983034445,14.160714506534914,11.2,-2161.0604932914944
3,-36.86402192477859,-22.93752795643011,14.094509698683327,11.2,-2161.587122176134
3,-36.49157858855333,-22.94508870489041,14.00182703156981,11.2,-2162.108430441685
3,-36.119198973058246,-22.955317369496214,13.844925697228064,11.2,-2162.6244189984427
3,-35.870990734056925,-22.963618401272797,13.608773169114535,11.2,-2163.136861723215
3,-35.74689157017971,-22.9679170947133,13.438548950669864,11.2,-2163.647531602789
3,-35.6227824950556,-22.97191943304938,13.329548873685285,11.2,-2164.1564284955757
3,-35.6227824950556,-22.97191943304938,13.34099081515766,11.2,-2164.6653253883624
3,-35.49866421639462,-22.975625393458415,13.503340388205858,11.2,-2165.1724491628825
3,-35.49866421639462,-22.975625393458415,13.668597788340735,11.2,-2165.6795729374026
3,-35.374537441959276,-22.979034954807823,13.930081068409352,11.2,-2166.1849234722877
3,-35.374537441959276,-22.979034954807823,14.139299960040493,11.2,-2166.690274007173
3,-35.25041066752393,-22.98244451615723,13.969910737640252,11.2,-2167.193851302423
3,-34.74595532542082,-22.98244451615723,13.949690420451066,11.2,-2167.690222092786
3,-34.12541112931699,-23.00245616979993,13.681579544853765,11.2,-2168.177727966062
3,-33.50502621611374,-23.026912765423134,13.447971386628485,11.2,-2168.6563711977205
3,-32.76075190483814,-23.060704523374717,13.163940324264793,11.2,-2169.1243819392184
3,-32.140703210792935,-23.092566453832735,12.753963575843448,11.2,-2169.5835348422297
3,-31.89266910552355,-23.105015066710823,12.467341715334722,11.2,-2170.03914440088
3,-31.89266910552355,-23.105015066710823,12.62803679569651,11.2,-2170.4947539595305
3,-31.89266910552355,-23.105015066710823,12.949222751110113,11.2,-2170.950363518181
3,-31.644503342063306,-23.11450141916516,13.300332241976554,11.2,-2171.402427851639
3,-31.520404178186094,-23.118800112605662,13.369909349400219,11.2,-2171.8527193398986
3,-31.148076952813767,-23.130807127613902,13.177194388737353,11.2,-2172.297691867796
3,-30.52753157719322,-23.150818819294308,12.882309716027809,11.2,-2172.733799461756
3,-29.65876805132445,-23.178835187646875,12.494191054772065,11.2,-2173.1574961482033
3,-28.790075555375495,-23.208925984534456,12.075818336388584,11.2,-2173.5687829418516
3,-28.169632830491476,-23.23190110469635,11.59411114587983,11.2,-2173.9712062680014
3,-28.169632830491476,-23.23190110469635,11.21904375317781,11.2,-2174.373629594151
3,-27.921372201490534,-23.238423790295837,11.381664608256234,11.2,-2174.7725063398866
3,-27.797224186771423,-23.240944044573038,11.635360642757947,11.2,-2175.1696095425546
3,-27.797224186771423,-23.240944044573038,12.014830927763962,11.2,-2175.5667127452225
3,-27.67306130313298,-23.24257486243679,12.033335894601661,11.2,-2175.96204219241
3,-27.921401231718118,-23.240795758813924,11.96682909041325,11.2,-2176.360919352863
3,-27.921401231718118,-23.240795758813924,11.889592813065631,11.2,-2176.7597965133164
3,-27.921401231718118,-23.240795758813924,11.9052146483931,11.2,-2177.1586736737695
3,-28.16972983127442,-23.243760886429737,11.99817751229723,11.2,-2177.561098385645
3,-28.16972983127442,-23.243760886429737,12.101544466102908,11.2,-2177.9635230975205
3,-28.16972983127442,-23.243760886429737,12.321209412572937,11.2,-2178.365947809396
3,-28.16972983127442,-23.243760886429737,12.503620470897497,11.2,-2178.7683725212714
3,-27.921408312320764,-23.240202760344076,12.534638916582526,11.2,-2179.167249782876
3,-27.79724542868232,-23.238571942480323,12.379269347197765,11.2,-2179.564353289
3,-27.54891612109906,-23.235606806410427,12.217052998759543,11.2,-2179.957909233587
3,-27.176402687873598,-23.233382917370836,12.098220132785537,11.2,-2180.3461435576996
3,-27.176402687873598,-23.233382917370836,11.910714440075974,11.2,-2180.734377881812
3,-27.300571944087732,-23.23442072831066,11.788505148250405,11.2,-2181.124386052442
3,-27.300571944087732,-23.23442072831066,11.858698366576212,11.2,-2181.5143942230716
3,-27.300571944087732,-23.23442072831066,11.950120768562336,11.2,-2181.9044023937013
3,-27.300571944087732,-23.23442072831066,12.079976315422556,11.2,-2182.294410564331
3,-27.300571944087732,-23.23442072831066,12.199321519346618,11.2,-2182.6844187349607
3,-27.424738368032546,-23.235755046516804,12.171449366828867,11.2,-2183.076200711647
3,-27.424738368032546,-23.235755046516804,12.088996261252872,11.2,-2183.467982688333
3,-27.424738368032546,-23.235755046516804,12.000871992755817,11.2,-2183.859764665019
3,-27.424738368032546,-23.235755046516804,11.955976190727215,11.2,-2184.2515466417053
3,-27.424738368032546,-23.235755046516804,11.917636300278845,11.2,-2184.6433286183915
3,-27.424738368032546,-23.235755046516804,11.89504793702656,11.2,-2185.0351105950776
3,-27.424738368032546,-23.235755046516804,11.84174463974686,11.2,-2185.426892571764
3,-27.424738368032546,-23.235755046516804,11.751850958425504,11.2,-2185.81867454845
3,-27.424738368032546,-23.235755046516804,11.687507211647075,11.2,-2186.210456525136
3,-27.424738368032546,-23.235755046516804,11.660190151864334,11.2,-2186.6022385018223
3,-27.424738368032546,-23.235755046516804,11.575350125241565,11.2,-2186.9940204785084
3,-27.54890479197736,-23.237089364722948,11.499350497333447,11.2,-2187.387576261251
3,-27.9214040638118,-23.241092319341377,11.493486452786293,11.2,-2187.7864534621626
3,-28.418027276483915,-23.249394487294172,11.468629098335748,11.2,-2188.1924252803983
3,-29.162855891200582,-23.26718403561575,11.756675237213136,11.2,-2188.6090375074155
3,-29.90759105048956,-23.288530600891097,12.231476240566494,11.2,-2189.0362888081368
3,-30.5280856904531,-23.31002402723937,12.784829065072344,11.2,-2189.4724043180004
3,-31.27251289928853,-23.340260827264,13.327771839606413,11.2,-2189.919154502276
3,-32.51282852315991,-23.39954224648498,13.85712135934079,11.2,-2190.3836234811783
3,-33.132800543012095,-23.432884796003034,14.350037941756572,11.2,-2190.8569492032216
3,-33.132800543012095,-23.432884796003034,14.2185603575523,11.2,-2191.330274925265
3,-33.00876178467058,-23.427104739508266,13.818998444401968,11.2,-2191.801828665046
3,-32.63653083674863,-23.412430782134344,13.592355099887484,11.2,-2192.2680648198566
3,-32.388304190699806,-23.404722505366827,13.314447451911509,11.2,-2192.730754879724
3,-32.388304190699806,-23.404722505366827,13.046497622479812,11.2,-2193.1934449395912
3,-32.51243875309856,-23.40783564821418,12.839985607500118,11.2,-2193.6579083503498
3,-32.51243875309856,-23.40783564821418,12.885170719565526,11.2,-2194.1223717611083
3,-32.760715193962895,-23.413765503290367,13.007146250674223,11.2,-2194.5903819781647
3,-32.884856836469694,-23.416582209883536,13.241346073010787,11.2,-2195.0601656472572
3,-33.009004851188806,-23.419102464160737,13.580324937016071,11.2,-2195.531722859417
3,-33.257306780890275,-23.423846510536553,13.539313171809924,11.2,-2196.0068272420012
3,-33.505596438116186,-23.429183471406926,13.60504383164817,11.2,-2196.485478619689
3,-33.75387287898052,-23.435113326483112,13.715476138097918,11.2,-2196.9676768036743
3,-33.75387287898052,-23.435113326483112,13.848047305884409,11.2,-2197.4498749876598
3,-33.38141396587317,-23.42844200175553,14.11626696618884,11.2,-2197.9267523300296
3,-33.25724754192836,-23.427107683549387,13.911932400530347,11.2,-2198.401855866343
3,-32.884734108702894,-23.424883794509796,13.780189354267234,11.2,-2198.8716377821816
3,-32.512214302804836,-23.425328574853992,13.562762190437688,11.2,-2199.3360979865074
3,-31.891385723261973,-23.43200012784119,13.42579507273583,11.2,-2199.7916892111252
3,-31.518942387036713,-23.43956087630149,13.218578073777836,11.2,-2200.2419598166543
3,-31.518942387036713,-23.43956087630149,13.11489472907315,11.2,-2200.6922304221835
3,-31.643096066036062,-23.437337088711555,13.179330743500433,11.2,-2201.144274651698
3,-31.643096066036062,-23.437337088711555,13.423634225578095,11.2,-2201.596318881213
3,-31.518942387036713,-23.43956087630149,13.792185105426878,11.2,-2202.046589486742
3,-31.3947943723176,-23.44208113057869,13.89222839016119,11.2,-2202.4950865492037
3,-31.27064635759849,-23.44460138485589,13.786299144595828,11.2,-2202.941810068598
3,-30.649939324890713,-23.4586848910521,13.566841085871438,11.2,-2203.379666344668
3,-30.15344921869806,-23.472915934568988,13.362157368319311,11.2,-2203.810429904935
3,-29.532954578734522,-23.49440936091726,13.07204169836052,11.2,-2204.23232925606
3,-28.664499938242006,-23.530722526331132,12.750311735927927,11.2,-2204.6418221123204
3,-28.292382955907065,-23.548062728775225,12.39140814413397,11.2,-2205.0459990116906
3,-28.044291518815196,-23.55932664809242,12.192309568816775,11.2,-2205.4466317476736
3,-28.044291518815196,-23.55932664809242,12.240821922116206,11.2,-2205.8472644836565
3,-27.920226334353494,-23.564514253012007,12.554655176583744,11.2,-2206.2461248598615
3,-27.920226334353494,-23.564514253012007,12.913017147485503,11.2,-2206.6449852360665
3,-27.920226334353494,-23.564514253012007,13.20678904017107,11.2,-2207.0438456122715
3,-27.796127170476282,-23.56881294645251,13.096565037145249,11.2,-2207.4409331432785
3,-27.299710220685256,-23.585415025784084,12.874234778406944,11.2,-2207.830929003574
3,-26.803334802977226,-23.603202460729847,12.694413814001393,11.2,-2208.2138337864735
3,-26.05883680503503,-23.631661545140005,12.35736197598244,11.2,-2208.5861028836885
3,-25.438450712617833,-23.656118187249778,12.033308893869298,11.2,-2208.94950932244
3,-25.438450712617833,-23.656118187249778,11.853992267073906,11.2,-2209.3129157611916
3,-25.438450712617833,-23.656118187249778,11.816697036395643,11.2,-2209.676322199943
3,-25.190174507712275,-23.662048036690305,12.00361972804739,11.2,-2210.0361818357674
3,-25.190174507712275,-23.662048036690305,12.202819797367086,11.2,-2210.3960414715916
3,-25.066026492993164,-23.664568290967505,12.445115058534473,11.2,-2210.7541275643484
3,-24.941872813993815,-23.66679207855744,12.476241576614337,11.2,-2211.1104400331196
3,-24.56941177699577,-23.673463441327236,12.31146435616703,11.2,-2211.461431629934
3,-24.07280791759283,-23.682951534078867,12.038297957160449,11.2,-2211.8053288858996
3,-23.576204058189887,-23.6924396268305,11.630462048938757,11.2,-2212.1421318010166
3,-23.576204058189887,-23.6924396268305,11.316563356672411,11.2,-2212.4789347161336
3,-23.452041174551443,-23.69407044469425,11.246708546938148,11.2,-2212.8139638757702
3,-23.452041174551443,-23.69407044469425,11.443920497515133,11.2,-2213.148993035407
3,-23.452041174551443,-23.69407044469425,11.677777741542194,11.2,-2213.4840221950435
3,-23.576207598496257,-23.692736126488107,11.848096416884287,11.2,-2213.820825160736
3,-23.452038342282123,-23.69377393742793,11.730171314206142,11.2,-2214.1558542799116
3,-23.700382519293452,-23.692587859328164,11.551124780687523,11.2,-2214.494431173044
3,-23.948729528610443,-23.692587859328164,11.464202000952477,11.2,-2214.836555880596
3,-24.072900673018932,-23.693329155674693,11.517539264007526,11.2,-2215.180454461639
3,-24.32122998060219,-23.69629429174459,11.629540363726237,11.2,-2215.5279006042188
3,-24.32122998060219,-23.69629429174459,11.827952515896397,11.2,-2215.8753467467986
3,-24.817831952142665,-23.7057823484268,12.003567312413946,11.2,-2216.229887203258
3,-25.190211567637746,-23.716011013032606,12.182260860100774,11.2,-2216.58974736851
3,-25.56250835161587,-23.72890706884157,12.368302279145215,11.2,-2216.9549260592476
3,-26.058793157506155,-23.749064935524654,12.602685768956858,11.2,-2217.327194532926
3,-26.306884594598024,-23.760328854841852,12.732773549116233,11.2,-2217.703007169992
3,-26.306884594598024,-23.760328854841852,12.417363954825795,11.2,-2218.0788198070577
3,-26.182845600486377,-23.75454878736048,12.216469911022333,11.2,-2218.4528604584934
3,-26.182845600486377,-23.75454878736048,11.946555740274988,11.2,-2218.826901109929
3,-26.554962582821318,-23.77188898980459,11.77617886586037,11.2,-2219.206257718255
3,-26.679001576932965,-23.777669057285962,11.73317021496103,11.2,-2219.587386312211
3,-26.803054019913187,-23.783152909121792,11.691743116480772,11.2,-2219.970287083924
3,-26.92711920437489,-23.78834051404138,11.656818599390302,11.2,-2220.3549602154153
3,-27.175284967835132,-23.797826866495715,11.683583684186356,11.2,-2220.7431785720987
3,-27.423493206836454,-23.8061278982723,11.776083118927232,11.2,-2221.134942760768
3,-27.67173825993278,-23.81324342003075,11.911207358142075,11.2,-2221.530253307338
3,-27.795872822331535,-23.816356562878106,11.92456948752039,11.2,-2221.9273372048
3,-28.66481475912282,-23.838148562809593,11.963415550223738,11.2,-2222.336834558502
3,-29.533641058303836,-23.8640902363635,12.104881630563286,11.2,-2222.7587437164775
3,-30.402335205444317,-23.894181090447024,12.584953228528505,11.2,-2223.193062790841
3,-31.395086984359097,-23.9297559941485,13.050931804850164,11.2,-2223.6415640334744
3,-32.38775003820007,-23.967701403965837,13.605074123829061,11.2,-2224.1042461768775
3,-33.628338175409695,-24.02105868774293,14.279429655174336,11.2,-2224.5846510079546
3,-34.2486003903108,-24.048477946922077,14.816020113642342,11.2,-2225.073916727816
3,-34.372665574772505,-24.053665551841664,14.49949584587732,11.2,-2225.5649548074557
3,-34.49675388388499,-24.058260567139943,14.129367233077673,11.2,-2226.0577655772254
3,-34.2485095385754,-24.051145065669,13.915766220506269,11.2,-2226.547029999205
3,-34.50073720962695,-24.051145065669,13.757818320493996,11.2,-2227.0398976736283
3,-34.624871772025706,-24.054258208516355,13.55134113422,11.2,-2227.534538698943
3,-34.873147976931264,-24.060188057956882,13.502213919999814,11.2,-2228.032726527185
3,-35.121449670649724,-24.064932099824016,13.56730644227819,11.2,-2228.53446152248
3,-35.245608305964936,-24.06685940804592,13.741135935402227,11.2,-2229.037970212565
3,-35.36977118960338,-24.068490225909674,14.02781828223972,11.2,-2229.5432526581308
3,-35.742278250192584,-24.07160365281121,14.17904351159963,11.2,-2230.0538566331334
3,-36.23895952348137,-24.075161870201995,14.189506528420914,11.2,-2230.5715560548974
3,-36.363125947426184,-24.07649618840814,14.340732447513982,11.2,-2231.091029282718
3,-36.611455491018695,-24.079461327296066,14.561271531286074,11.2,-2231.614050075447
3,-36.363115562433556,-24.0776822236732,14.654078054938328,11.2,-2232.13352315491
3,-36.363115562433556,-24.0776822236732,14.377735985186929,11.2,-2232.6529962343734
3,-36.114769025168584,-24.077089182368844,14.257640658493099,11.2,-2233.1689215061615
3,-35.99059552051009,-24.076940921972305,14.19298402974836,11.2,-2233.68307287074
3,-35.24557927504288,-24.082278207478332,13.901302294016789,11.2,-2234.186581146098
3,-35.12142063972767,-24.08420551570024,13.654207731616022,11.2,-2234.6883157266657
3,-35.12142063972767,-24.08420551570024,13.561165856449467,11.2,-2235.1900503072334
3,-35.24558706367248,-24.082871197494097,13.746150056717036,11.2,-2235.693558693857
3,-35.24558706367248,-24.082871197494097,13.954817595222686,11.2,-2236.197067080481
3,-35.12142063972767,-24.08420551570024,14.320372231808182,11.2,-2236.6988016610485
3,-35.12142063972767,-24.08420551570024,14.471131771834425,11.2,-2237.200536241616
3,-34.86919296867612,-24.08420551570024,14.383854324654957,11.2,-2237.6986675697403
3,-34.372549930768805,-24.091321767871563,14.380125167984486,11.2,-2238.189703997323
3,-34.000106594543546,-24.098882516331862,14.073376459400913,11.2,-2238.675419805816
3,-33.131220825055024,-24.122749400412072,13.727587414631882,11.2,-2239.1487229604595
3,-32.262605963362454,-24.15491438522278,13.390475273188885,11.2,-2239.6096173313645
3,-31.394334654971864,-24.195374780686144,12.967856793115535,11.2,-2240.0581078264354
3,-30.89832589798296,-24.221456596901554,12.539772619743571,11.2,-2240.4995124821207
3,-30.774331494012525,-24.228125106805166,12.251268434875868,11.2,-2240.939145789178
3,-30.65032151948851,-24.23449750500926,12.557770301892202,11.2,-2241.3770075251705
3,-30.774360277830024,-24.22871744851449,12.912339774749373,11.2,-2241.8166412434252
3,-30.898437260470672,-24.22382612938985,13.28949186304434,11.2,-2242.2580474900033
3,-30.77433809659346,-24.228124822830353,13.674101877580235,11.2,-2242.6976808913832
3,-30.65022902146935,-24.23212716116643,13.539605645497609,11.2,-2243.1355413059755
3,-30.15377384207445,-24.247543773308422,13.232466972235942,11.2,-2243.5663095037194
3,-29.409149125070485,-24.272446868638177,12.828771752004599,11.2,-2243.986440205506
3,-28.788706400186467,-24.295421988800072,12.374535051607868,11.2,-2244.3977074397944
3,-27.547994385460754,-24.34581665550779,11.88105502207857,11.2,-2244.7912502167296
3,-27.547994385460754,-24.34581665550779,11.481088141055961,11.2,-2245.184792993665
3,-27.42390584048395,-24.35041167954017,11.732607910120297,11.2,-2245.5765630771
3,-27.548014679704718,-24.34640934881163,12.01926915326403,11.2,-2245.970106143953
3,-27.423887905269375,-24.349818910161037,12.394616829847987,11.2,-2246.3618759711712
3,-27.423887905269375,-24.349818910161037,12.564373454320426,11.2,-2246.7536457983892
3,-27.05148421807311,-24.35915833870312,12.359558120147192,11.2,-2247.140095572933
3,-26.80320777720877,-24.365088193779307,12.03228411421729,11.2,-2247.522998541179
3,-25.934265840417485,-24.386880193710834,11.695678847799819,11.2,-2247.8934880531847
3,-25.810124433875927,-24.389696894950077,11.42852122066465,11.2,-2248.262204116526
3,-25.810124433875927,-24.389696894950077,11.305084656037225,11.2,-2248.630920179867
3,-25.810124433875927,-24.389696894950077,11.490938897836424,11.2,-2248.9996362432084
3,-25.810124433875927,-24.389696894950077,11.719282812808245,11.2,-2249.3683523065497
3,-25.685961550237483,-24.39132771281383,11.961904603981194,11.2,-2249.73529461441
3,-25.685961550237483,-24.39132771281383,12.007677790288882,11.2,-2250.1022369222705
3,-25.685961550237483,-24.39132771281383,11.908373318685214,11.2,-2250.469179230131
3,-25.810130570433888,-24.39028990384665,11.840602585576512,11.2,-2250.837895381137
3,-25.934303839066576,-24.39014164373192,11.807917810430805,11.2,-2251.2083854359807
3,-26.182648016077906,-24.391327721831686,11.88056532645514,11.2,-2251.582423264782
3,-26.30681727229204,-24.39236553277151,12.054570862998364,11.2,-2251.9582349401003
3,-26.430983696236854,-24.393699850977654,12.253483896584669,11.2,-2252.335820421475
3,-26.430983696236854,-24.393699850977654,12.440625754085747,11.2,-2252.71340590285
3,-26.430983696236854,-24.393699850977654,12.416667061312735,11.2,-2253.0909913842247
3,-26.430983696236854,-24.393699850977654,12.279974060487817,11.2,-2253.4685768655995
3,-26.80345889418986,-24.39948176465325,12.23439722051737,11.2,-2253.851483421231
3,-26.92760690890897,-24.40200201893045,12.088762134854406,11.2,-2254.2361635199295
3,-26.92760690890897,-24.40200201893045,12.088613264998676,11.2,-2254.620843618628
3,-26.92760690890897,-24.40200201893045,12.03614054499929,11.2,-2255.0055237173265
3,-26.92760690890897,-24.40200201893045,12.109182192474432,11.2,-2255.390203816025
3,-26.92760690890897,-24.40200201893045,12.158462786602872,11.2,-2255.7748839147234
3,-26.92760690890897,-24.40200201893045,12.166761310178234,11.2,-2256.159564013422
3,-26.92760690890897,-24.40200201893045,12.29113514030308,11.2,-2256.5442441121204
3,-27.05175492362808,-24.40452227320765,12.197825873989702,11.2,-2256.9306977538863
3,-27.05175492362808,-24.40452227320765,12.045892034026373,11.2,-2257.317151395652
3,-27.17590860262743,-24.406746060797584,11.946781868842589,11.2,-2257.705378661404
3,-27.17590860262743,-24.406746060797584,11.830020516794923,11.2,-2258.093605927156
3,-27.17590860262743,-24.406746060797584,11.730584511219547,11.2,-2258.481833192908
3,-27.17590860262743,-24.406746060797584,11.680338827434861,11.2,-2258.87006045866
3,-27.17590860262743,-24.406746060797584,11.608261414393391,11.2,-2259.258287724412
3,-27.17590860262743,-24.406746060797584,11.568750605411479,11.2,-2259.646514990164
3,-27.424221152935093,-24.41089716055458,11.489362901017438,11.2,-2260.038289578063
3,-28.169126234090474,-24.425129286155983,11.469581064618675,11.2,-2260.4407056671216
3,-28.913908121093296,-24.444697342954445,11.712870235552995,11.2,-2260.853761497423
3,-29.658590890185646,-24.46782226116743,12.186711625136198,11.2,-2261.277455652997
3,-30.527283386134602,-24.497913058055012,12.706687762399772,11.2,-2261.7135597013703
3,-31.643867923910694,-24.54460141358713,13.290425044483046,11.2,-2262.165614957426
3,-32.5120401392368,-24.58713508390978,13.871103698101768,11.2,-2262.630072673701
3,-33.7519027908926,-24.655300551313516,14.441372083705543,11.2,-2263.1122427135706
3,-34.371793422696214,-24.6901234691992,15.07823963939894,11.2,-2263.603268333895
3,-34.619797801190664,-24.703164377306905,15.164592896854893,11.2,-2264.097836873912
3,-34.49575904284915,-24.697384320812137,14.865785592072246,11.2,-2264.590633431667
3,-33.87531985592589,-24.67440933166163,14.398624259307251,11.2,-2265.0745665724658
3,-33.378798597924,-24.661363960462655,13.856215350242495,11.2,-2265.551406552436
3,-32.63383970509294,-24.65068966336389,13.332581816949002,11.2,-2266.017604262509
3,-32.26132202342311,-24.649355324867585,12.884362678385287,11.2,-2266.478480291415
3,-32.385495528081606,-24.649503585264124,12.563304661376318,11.2,-2266.9411302275307
3,-32.385495528081606,-24.649503585264124,12.8318196569484,11.2,-2267.4037801636464
3,-32.88218860261154,-24.65068966787284,13.079538611881155,11.2,-2267.8735257151125
3,-33.13053513987651,-24.651282709177195,13.428772554061755,11.2,-2268.3468190742537
3,-33.50304857310197,-24.653506598216786,13.886162170518842,11.2,-2268.8254340538697
3,-33.87554784493641,-24.657509552835215,14.390874863140438,11.2,-2269.3093704516546
3,-33.87554784493641,-24.657509552835215,14.138875672568382,11.2,-2269.7933068494394
3,-33.7513814209916,-24.65617523462907,13.817940462377956,11.2,-2270.275469441168
3,-33.130525698949164,-24.65246875289642,13.720557001633928,11.2,-2270.7487626654383
3,-32.758005893051106,-24.652913533240618,13.460406705333876,11.2,-2271.216734178196
3,-32.3854988324619,-24.656026960142153,13.329720943595774,11.2,-2271.6793841615167
3,-32.3854988324619,-24.656026960142153,13.316191124416614,11.2,-2272.1420341448375
3,-32.3854988324619,-24.656026960142153,13.231793717674174,11.2,-2272.604684128158
3,-32.261332408517085,-24.657361278348297,13.343378143859955,11.2,-2273.065560305423
3,-32.261332408517085,-24.657361278348297,13.559283264439227,11.2,-2273.5264364826876
3,-32.261332408517085,-24.657361278348297,13.806934552810043,11.2,-2273.9873126599523
3,-32.01300310093383,-24.660326414418194,14.059024403553003,11.2,-2274.4446412756797
3,-31.76468134597832,-24.663884543885455,13.895140133539595,11.2,-2274.898422437765
3,-31.268056717349197,-24.672186735509133,13.848953185020964,11.2,-2275.3451089622986
3,-30.64734968464142,-24.686270241705344,13.567746032330763,11.2,-2275.7829282435077
3,-30.026759470940693,-24.704800008529553,13.293496859250816,11.2,-2276.2118819502352
3,-29.40631792537827,-24.727775085020948,12.98461054433497,11.2,-2276.631972206312
3,-28.662045736148908,-24.761566746626777,12.634514635951607,11.2,-2277.0414300025427
3,-27.670158442863166,-24.816098965069155,12.263728287035125,11.2,-2277.436717980298
3,-27.422253615121654,-24.830916206780806,11.985458962486595,11.2,-2277.828464460514
3,-27.422253615121654,-24.830916206780806,11.956435763797964,11.2,-2278.2202109407303
3,-27.422253615121654,-24.830916206780806,12.25053828648933,11.2,-2278.6119574209465
3,-27.298228777188985,-24.836992456947904,12.672077848505566,11.2,-2279.0019321177633
3,-27.422267771300632,-24.831212389466533,12.963284495991982,11.2,-2279.3936788002106
3,-27.29821532832041,-24.836696241302363,12.919081598297886,11.2,-2279.783653304901
3,-26.9260197749353,-24.85225905606113,12.730907129743326,11.2,-2280.168310730257
3,-26.429734497381766,-24.872416941902014,12.490004458497696,11.2,-2280.5458783659337
3,-25.68530658105147,-24.90265377066334,12.25225066527912,11.2,-2280.912811317092
3,-25.561218271938984,-24.907248785961617,12.088234934558324,11.2,-2281.2779715781194
3,-25.561218271938984,-24.907248785961617,12.024202173927383,11.2,-2281.643131839147
3,-25.312956935104882,-24.913771490158386,12.069497780686973,11.2,-2282.0047455096483
3,-25.188815292598083,-24.91658819675155,12.206483046169055,11.2,-2282.364585728114
3,-25.06466727787897,-24.91910845102875,12.339250165126924,11.2,-2282.7226524035123
3,-25.06466727787897,-24.91910845102875,12.542158277992758,11.2,-2283.0807190789105
3,-24.56806341847603,-24.928596543780383,12.382339081722849,11.2,-2283.43169141346
3,-24.31976148877456,-24.9333405901562,12.230007226869246,11.2,-2283.7791165775857
3,-23.699054456066783,-24.94742409635241,12.03908875871121,11.2,-2284.117674498387
3,-23.202531310509272,-24.960469517144148,11.628687801331973,11.2,-2284.449139231394
3,-22.954255105603714,-24.966399366584675,11.319619944699467,11.2,-2284.777057161474
3,-22.954255105603714,-24.966399366584675,11.094818959724138,11.2,-2285.1049750915545
3,-22.830096470288503,-24.968326674806583,11.120943058265036,11.2,-2285.4311193268445
3,-22.830096470288503,-24.968326674806583,11.239273759093555,11.2,-2285.7572635621345
3,-22.830096470288503,-24.968326674806583,11.376960706405155,11.2,-2286.0834077974246
3,-23.078437106932896,-24.966547566111192,11.527409055838975,11.2,-2286.413099756095
3,-23.450956912830954,-24.966102785766996,11.711248832457754,11.2,-2286.7481134262785
3,-23.947636770001232,-24.969660993012727,11.928998361083375,11.2,-2287.090222522993
3,-24.195958288954888,-24.97321911909839,12.140773123036281,11.2,-2287.435879069978
3,-24.568401625180147,-24.980779867558695,12.373382535807306,11.2,-2287.786856236052
3,-24.692536187578902,-24.98389301040605,12.596076654413219,11.2,-2288.1396067530172
3,-24.56840941314356,-24.980483449056642,12.235927352011869,11.2,-2288.4905840303477
3,-24.320148076309458,-24.97396074485988,11.958533323640951,11.2,-2288.838014717152
3,-24.444282638708213,-24.977073887707235,11.694066345965847,11.2,-2289.187218754848
3,-24.32015586427287,-24.973664326357827,11.494449938635409,11.2,-2289.534649552909
3,-24.444282638708213,-24.977073887707235,11.491381093202968,11.2,-2289.8838535906048
3,-24.568417201106968,-24.98018703055459,11.460613623548838,11.2,-2290.234830979192
3,-24.692551763505723,-24.983300173401943,11.468041664386766,11.2,-2290.5875817186707
3,-24.692551763505723,-24.983300173401943,11.474085340508749,11.2,-2290.9403324581494
3,-24.692551763505723,-24.983300173401943,11.505106369925825,11.2,-2291.293083197628
3,-24.816686325904477,-24.986413316249298,11.590280513213752,11.2,-2291.647607287998
3,-24.940827968411277,-24.98923002284247,11.597907635544903,11.2,-2292.0039048304043
3,-25.43738037822239,-25.00108972172352,11.453181585692626,11.2,-2292.3672959786645
3,-26.057970591923116,-25.019619488547736,11.374755500953652,11.2,-2292.7395527014064
3,-26.43026808355475,-25.032515568869247,11.65760680081224,11.2,-2293.117127959743
3,-27.298887898392373,-25.064680737095898,12.006977234537905,11.2,-2293.507112072577
3,-28.0433151072278,-25.09491753712053,12.44678855292892,11.2,-2293.907730859823
3,-29.283630731099187,-25.15419895634151,12.972621662665738,11.2,-2294.326068441696
3,-30.52349338275499,-25.222364423745248,13.472915727475892,11.2,-2294.762118347164
3,-31.39122137526886,-25.273188746499674,13.977935932296312,11.2,-2295.2105643668106
3,-31.8870999115657,-25.30163914872664,14.628202333885568,11.2,-2295.666094365547
3,-32.25912912799282,-25.320756307001442,14.592882853758413,11.2,-2296.1269390673756
3,-32.135076920808295,-25.315272465589178,14.250873629561045,11.2,-2296.586011594816
3,-31.886889919577513,-25.306378773473718,14.023372071829181,11.2,-2297.0415385936667
3,-31.51451030408243,-25.296150108867913,13.429465584482191,11.2,-2297.491745883725
3,-31.01788945133328,-25.287847980366507,12.955264856017157,11.2,-2297.9348585901726
3,-31.142060595741768,-25.288589276713036,12.625926221668875,11.2,-2298.3797451701116
3,-31.514574028967232,-25.290813165752628,12.445223053983886,11.2,-2298.8299533705253
3,-31.638743285181366,-25.29185097669245,12.737159958745838,11.2,-2299.2819354174567
3,-31.762914665611625,-25.29259227444802,13.143386739016588,11.2,-2299.735691341251
3,-32.259603491681055,-25.29496443290202,13.479266678430015,11.2,-2300.1965428197036
3,-32.75628476496984,-25.298522650292806,13.762700267146014,11.2,-2300.6644897449173
3,-32.880451188914655,-25.29985696849895,13.97544744868086,11.2,-2301.1342104761875
3,-33.749521986165135,-25.315423392863302,14.249846654711583,11.2,-2301.616346504561
3,-34.001749657216685,-25.315423392863302,14.671182922652429,11.2,-2302.1020857853787
3,-34.001749657216685,-25.315423392863302,14.450876752172018,11.2,-2302.5878250661963
3,-33.505147685676214,-25.30593533618109,14.276823447652458,11.2,-2303.0664700331345
3,-33.008477741448566,-25.301191091415802,13.957311252898753,11.2,-2303.5380197151553
3,-32.51178513896944,-25.301191091415802,13.753199433544943,11.2,-2304.002473788569
3,-32.01511519474179,-25.30593533618109,13.454507117661592,11.2,-2304.4598325770653
3,-31.518513223201314,-25.315423392863295,13.251368919027199,11.2,-2304.9100970516824
3,-31.642654865708113,-25.31260668627013,13.088979923526544,11.2,-2305.3621349783352
3,-31.766802880427225,-25.31008643199293,13.230748656803694,11.2,-2305.8159464480555
3,-31.766802880427225,-25.31008643199293,13.54334220047355,11.2,-2306.2697579177757
3,-31.766802880427225,-25.31008643199293,14.045787945315638,11.2,-2306.723569387496
3,-31.766802880427225,-25.31008643199293,14.229425911999114,11.2,-2307.177380857216
3,-31.518500950725755,-25.314830478368744,14.144986415072555,11.2,-2307.6276451565122
3,-31.146056906568422,-25.32239124120035,14.116263666181462,11.2,-2308.072588826606
3,-30.525385274333587,-25.33795692585024,13.888400587127926,11.2,-2308.5086657590964
3,-29.90484107822975,-25.35796857949294,13.674371447028621,11.2,-2308.9358777744997
3,-29.1604159918765,-25.388205293307568,13.385088204737567,11.2,-2309.352455145812
3,-28.168279570798962,-25.437999744819916,13.002426513979184,11.2,-2309.754859139681
3,-27.300553227640172,-25.488823970968795,12.672333612048579,11.2,-2310.1448670429327
3,-26.6809279669245,-25.528086768767714,12.401417839541885,11.2,-2310.526023156746
3,-26.55698475216482,-25.535643364497485,12.199991175322754,11.2,-2310.9054086532055
3,-26.433006625804097,-25.542607948074615,12.432371412853676,11.2,-2311.283023033574
3,-26.308996886995054,-25.548980334166217,12.787871018484257,11.2,-2311.658865846245
3,-26.060905449903185,-25.560244253483418,13.184749634731851,11.2,-2312.0311644955295
3,-25.5646206440129,-25.580402120166504,13.003248341130407,11.2,-2312.3963733618725
3,-25.06824522630487,-25.598189555112267,12.799493142547936,11.2,-2312.75449115082
3,-24.32361980161833,-25.623092674109625,12.586323087379414,11.2,-2313.1019714337
3,-23.454856275749563,-25.651109042462192,12.126779641787763,11.2,-2313.4370408090676
3,-22.089656449384357,-25.69513476415908,11.61350077104431,11.2,-2313.752607329773
3,-21.841447974488844,-25.703435803824863,11.137221495650095,11.2,-2314.064628015123
3,-20.228029997875417,-25.75546620219391,10.644046273230565,11.2,-2314.3535998722355
3,-19.855650382380336,-25.765694866799716,10.245663846966858,11.2,-2314.637252020555
3,-19.60733995600576,-25.769845931050416,10.042844119169143,11.2,-2314.9173568770693
3,-19.483170699791625,-25.77088374199024,10.099470765675955,11.2,-2315.1956878870665
3,-19.358999319361367,-25.771625039745807,10.238532332895034,11.2,-2315.4722450202003
3,-19.855691921840496,-25.771625039745807,10.46027278625196,11.2,-2315.755897761941
3,-20.352361866068147,-25.776369284511095,10.74784298817116,11.2,-2316.046645788599
3,-20.47652050138336,-25.778296592733,11.117430775534643,11.2,-2316.3391675100474
3,-21.469617770343813,-25.80201581015448,11.543923160897073,11.2,-2316.645876335338
3,-21.965991772805378,-25.819803194385397,11.97906122319525,11.2,-2316.9596762178066
3,-22.214109400247303,-25.830474651140815,12.358741358944473,11.2,-2317.27702063781
3,-22.214109400247303,-25.830474651140815,12.046939264575686,11.2,-2317.5943650578133
3,-21.965991772805378,-25.819803194385397,11.773167701380592,11.2,-2317.908164940282
3,-21.469617770343813,-25.80201581015448,11.393379963495324,11.2,-2318.2148737655725
3,-21.221372717247487,-25.79490028839603,11.052492391692802,11.2,-2318.5180362329615
3,-21.221372717247487,-25.79490028839603,10.802435745423073,11.2,-2318.8211987003506
3,-21.469634290026242,-25.8014229987919,10.799882798863836,11.2,-2319.127907761637
3,-21.717895862804998,-25.80794570918777,11.015490282058927,11.2,-2319.43816341682
3,-21.842030425203752,-25.811058852035124,11.208659378843295,11.2,-2319.750192422894
3,-22.090320082429667,-25.816395812905498,11.408056230266414,11.2,-2320.065768424072
3,-22.462764126587,-25.823956575737103,11.365274570382704,11.2,-2320.3866650544514
3,-23.083472339121005,-25.83804010870296,11.322207312986055,11.2,-2320.71642894501
3,-23.579995012789205,-25.851085517096486,11.438241758248958,11.2,-2321.0532860166213
3,-24.32467707414448,-25.874210413331852,11.859846425658938,11.2,-2321.400781403395
3,-25.069240200706524,-25.9008915657505,12.361900293340572,11.2,-2321.758913406262
3,-25.93769484119904,-25.93720473116437,12.827181012769127,11.2,-2322.1294519039934
3,-26.805967799980568,-25.97766520353396,13.303502502901162,11.2,-2322.512394301136
3,-27.550160003384367,-26.01323419028369,13.839623602866338,11.2,-2322.90596801547
3,-27.550160003384367,-26.01323419028369,13.62350463161262,11.2,-2323.2995417298043
3,-27.550160003384367,-26.01323419028369,13.23269447203539,11.2,-2323.6931154441386
3,-27.30197229453035,-26.004340472810807,12.947317992056243,11.2,-2324.0831436197745
3,-27.426090337270498,-26.00804642617565,12.795523124116375,11.2,-2324.474944910307
3,-27.798494024466763,-26.017385854717716,12.643621670965882,11.2,-2324.872066253514
3,-27.922635666973562,-26.02020256131089,12.573371486568558,11.2,-2325.2709610487564
3,-28.046783681692673,-26.02272281558809,12.61149406236908,11.2,-2325.6716293870663
3,-28.295095996007237,-26.026873911399928,12.759141199376707,11.2,-2326.075845044152
3,-28.66759455980463,-26.03087685840965,13.002092103173567,11.2,-2326.4853821092925
3,-28.79176594023489,-26.031618156165216,13.130724564958443,11.2,-2326.8966930512956
3,-28.915937320665147,-26.032359453920783,13.134021419774559,11.2,-2327.309777870162
3,-30.033433012057326,-26.044368294949948,13.265756235991214,11.2,-2327.7388269131916
3,-30.28174532637189,-26.048519390761786,13.473819641520908,11.2,-2328.171423274997
3,-30.902485399967446,-26.061120662147793,13.631464923612246,11.2,-2328.6128873521393
3,-31.150787093685906,-26.065864704014928,13.926166828177964,11.2,-2329.057898596335
3,-31.77155548868265,-26.076983641964592,14.357557488225481,11.2,-2329.511777960459
3,-31.895709167682,-26.079207429554526,14.843577885595703,11.2,-2329.9674309485686
3,-31.895709167682,-26.079207429554526,14.513929971474736,11.2,-2330.4230839366783
3,-31.647387648728344,-26.075649303468865,14.207607274321989,11.2,-2330.8751894745174
3,-30.902360782241075,-26.072091096223133,13.77526729075278,11.2,-2331.3166517714067
3,-30.15734099648566,-26.077428407091734,13.424800314040763,11.2,-2331.7474709284993
3,-29.784865798532657,-26.08321032076733,12.99293713380466,11.2,-2332.1729690113357
3,-29.784865798532657,-26.08321032076733,12.679613842323963,11.2,-2332.598467094172
3,-29.784865798532657,-26.08321032076733,12.737303395686538,11.2,-2333.0239651770084
3,-29.909019477532006,-26.080986533177395,12.997331847294157,11.2,-2333.4512368838305
3,-29.909019477532006,-26.080986533177395,13.288910686889329,11.2,-2333.8785085906525
3,-29.909019477532006,-26.080986533177395,13.541025859691116,11.2,-2334.3057802974745
3,-30.033178112847217,-26.079059224955486,13.411491981880806,11.2,-2334.7348256990867
3,-30.281507420430476,-26.07609408888559,13.45608109986089,11.2,-2335.167418662236
3,-30.15733816421634,-26.077131899825414,13.64940999678079,11.2,-2335.5982377788673
3,-29.784839600418948,-26.081134846835134,13.74324646997756,11.2,-2336.023735487445
3,-29.660680965103737,-26.083062155057043,13.476550207390268,11.2,-2336.447459501232
3,-29.28821992810569,-26.08973351782684,13.287727020502897,11.2,-2336.865862643062
3,-28.667550655384698,-26.10529914330301,13.141017328081853,11.2,-2337.275399080996
3,-28.295223430012367,-26.11730615831125,12.847900583539493,11.2,-2337.679616558568
3,-28.295223430012367,-26.11730615831125,12.655399006340172,11.2,-2338.0838340361397
3,-28.295223430012367,-26.11730615831125,12.66964321813805,11.2,-2338.4880515137115
3,-28.295223430012367,-26.11730615831125,12.88805155764696,11.2,-2338.8922689912833
3,-28.295223430012367,-26.11730615831125,13.166399017696037,11.2,-2339.296486468855
3,-28.295223430012367,-26.11730615831125,13.501439439713222,11.2,-2339.700703946427
3,-28.046978140986862,-26.124421686832203,13.418729343844978,11.2,-2340.1013750627267
3,-27.92285136655152,-26.12783124818161,13.322729252530973,11.2,-2340.500272939392
3,-27.42639807445387,-26.14324780171664,13.175322118157686,11.2,-2340.8920786261697
3,-27.054100582822237,-26.15614388203815,12.893073833280475,11.2,-2341.278565777353
3,-26.309605415123503,-26.18460285825979,12.626141688421846,11.2,-2341.6544172832832
3,-25.8133696886235,-26.205945792054674,12.264905874478218,11.2,-2342.0231797074066
3,-25.68929270598285,-26.210837111179316,11.937983000616814,11.2,-2342.3901696032062
3,-25.68929270598285,-26.210837111179316,11.967545371717572,11.2,-2342.757159499006
3,-25.56517442732187,-26.214543071588352,12.134005696040443,11.2,-2343.122376276539
3,-25.56517442732187,-26.214543071588352,12.426613471833445,11.2,-2343.487593054072
3,-25.441047652886528,-26.21795263293776,12.692100057499125,11.2,-2343.8510365919706
3,-25.316913090487773,-26.22106577578512,12.573512026390066,11.2,-2344.2127067789775
3,-24.94450940329151,-26.230405204327205,12.400610385024395,11.2,-2344.5690569133103
3,-24.94450940329151,-26.230405204327205,12.208744371850859,11.2,-2344.925407047643
3,-24.820361388572397,-26.232925458604406,12.117624623951974,11.2,-2345.2799836389086
3,-24.820361388572397,-26.232925458604406,12.059399035044995,11.2,-2345.634560230174
3,-24.69620770957305,-26.23514924619434,12.144745197695,11.2,-2345.9873631974538
3,-24.69620770957305,-26.23514924619434,12.229103546237036,11.2,-2346.3401661647335
3,-24.69620770957305,-26.23514924619434,12.323831516253668,11.2,-2346.6929691320133
3,-24.572049074257837,-26.237076554416248,12.366908994500161,11.2,-2347.043998404503
3,-24.447886190619393,-26.23870737228,12.17849775258987,11.2,-2347.3932539215116
3,-24.32371976667458,-26.240041690486144,11.98755209255749,11.2,-2347.7407356324643
3,-24.199550510460444,-26.24107950142597,11.90506715157524,11.2,-2348.0864434968994
3,-24.199550510460444,-26.24107950142597,11.95277426905575,11.2,-2348.4321513613345
3,-24.199550510460444,-26.24107950142597,11.882685877322503,11.2,-2348.7778592257696
3,-24.199550510460444,-26.24107950142597,11.785781901913941,11.2,-2349.1235670902047
3,-24.199550510460444,-26.24107950142597,11.70563963322411,11.2,-2349.46927495464
3,-24.199550510460444,-26.24107950142597,11.595828867452294,11.2,-2349.814982819075
3,-24.199550510460444,-26.24107950142597,11.488290867952609,11.2,-2350.16069068351
3,-24.199550510460444,-26.24107950142597,11.388186553353275,11.2,-2350.506398547945
3,-24.199550510460444,-26.24107950142597,11.282715799745336,11.2,-2350.85210641238
3,-24.199550510460444,-26.24107950142597,11.158323506313844,11.2,-2351.1978142768153
3,-24.447897519777435,-26.24107950142597,11.042610466388133,11.2,-2351.547069955669
3,-24.696241696788764,-26.242265579525736,10.927112996733094,11.2,-2351.8998734084803
3,-25.5653769261455,-26.25368123947592,11.201604290025987,11.2,-2352.2650930788536
3,-26.310245897823236,-26.26969212208702,11.620947519920447,11.2,-2352.6409537345367
3,-27.55137323027858,-26.308233322778307,11.98657657762777,11.2,-2353.0345447806835
3,-28.54394284205915,-26.34854905614448,12.507859734933412,11.2,-2353.4423153927128
3,-29.536195341156258,-26.395974191521265,13.045462998602925,11.2,-2353.8642610404436
3,-30.404040576100254,-26.444726183894485,13.570433251766271,11.2,-2354.298604477245
3,-31.519363925406452,-26.515399085599036,14.112546824027469,11.2,-2354.748881104751
3,-31.721146062247694,-26.515399085599036,14.57193407579374,11.2,-2355.2020403342117
3,-32.09292051201643,-26.538956719500554,14.109393234575792,11.2,-2355.6605106272405
3,-31.96894262131014,-26.53199214916152,13.749870860460259,11.2,-2356.117209807545
3,-31.348751187299886,-26.50309197655354,13.545683653202781,11.2,-2356.5650491102206
3,-31.100564186069104,-26.49419828443808,13.011259802604343,11.2,-2357.0093428843074
3,-31.224682464730083,-26.49790424484712,12.587280771644028,11.2,-2357.455409776661
3,-31.472943801564185,-26.50442694904389,12.513954337509208,11.2,-2357.9050232595405
3,-31.597085444070984,-26.507243655637055,12.802406816585181,11.2,-2358.3564101944557
3,-31.845375337268464,-26.512580621579605,13.178142518615758,11.2,-2358.811344127845
3,-32.962707469740465,-26.53526291007442,13.646337337018908,11.2,-2359.2822399488414
3,-33.58344754333602,-26.547864181460426,14.200399342829197,11.2,-2359.762003485175
3,-33.8317374365335,-26.553201147402977,14.712839511587058,11.2,-2360.2453140199823
3,-33.95588545125261,-26.555721401680177,14.35507502823659,11.2,-2360.7303980978572
3,-33.4592438293548,-26.548605169798442,14.085442942589454,11.2,-2361.2083872954195
3,-33.08673039612933,-26.54638128075885,13.670099805432018,11.2,-2361.681054872507
3,-32.714210590231275,-26.546826061103047,13.292896037155977,11.2,-2362.148400738082
3,-32.59003920980102,-26.547567358858615,13.047927807365044,11.2,-2362.6139727267932
3,-32.96255689147085,-26.54623302036231,13.013669816811767,11.2,-2363.0848663966713
3,-33.08673039612934,-26.54608475996577,13.152879396930501,11.2,-2363.557533973759
3,-33.08673039612934,-26.54608475996577,13.347957784272456,11.2,-2364.0302015508464
3,-33.08673039612934,-26.54608475996577,13.584270288427597,11.2,-2364.502869127934
3,-33.08673039612934,-26.54608475996577,13.503013402740125,11.2,-2364.9755367050216
3,-33.33507740544633,-26.54608475996577,13.445427122335929,11.2,-2365.451752096528
3,-33.58342158245765,-26.547270838065536,13.438279261838437,11.2,-2365.9315152619915
3,-33.831757262616605,-26.549642967211504,13.52683775036891,11.2,-2366.414826080029
3,-34.080078781570265,-26.553201093297165,13.609319978343791,11.2,-2366.901684348337
3,-34.204232460569614,-26.5554248808871,13.746679658826121,11.2,-2367.390316240631
3,-34.456460131621164,-26.5554248808871,13.998680205793448,11.2,-2367.8825513853685
3,-34.2081478173066,-26.55127378507526,14.352604728671949,11.2,-2368.3712392113302
3,-34.2081478173066,-26.55127378507526,14.060401075254742,11.2,-2368.859927037292
3,-33.83564925350921,-26.54727083806554,13.747738322716721,11.2,-2369.3432934551993
3,-33.33895806718089,-26.546084759965776,13.542525298296958,11.2,-2369.8195642847304
3,-32.84227821001061,-26.549642967211508,13.234016069004909,11.2,-2370.2887396877304
3,-32.221486213422274,-26.55927949000416,12.934626604114044,11.2,-2370.749046633636
3,-32.221486213422274,-26.55927949000416,12.658923182131026,11.2,-2371.209353579542
3,-32.34563989242162,-26.557055702414228,12.594186241132663,11.2,-2371.671434149434
3,-32.469798527736835,-26.555128394192323,12.831068666974403,11.2,-2372.135288414116
3,-32.593961411375275,-26.55349757632857,13.158538873194802,11.2,-2372.6009164342786
3,-32.593961411375275,-26.55349757632857,13.532507811160626,11.2,-2373.066544454441
3,-32.593961411375275,-26.55349757632857,13.42077625408299,11.2,-2373.5321724746036
3,-32.221472760459946,-26.55839002991983,13.301507680863025,11.2,-2373.9924792283246
3,-31.72484813183082,-26.56669222154351,13.218718135607897,11.2,-2374.4456913444938
3,-31.476558474604907,-26.572029182413875,12.994649847483167,11.2,-2374.8953564655594
3,-31.104178859109826,-26.58225784701968,12.795863664963209,11.2,-2375.3397018778323
3,-31.228297137770806,-26.578551886610644,12.743821452247303,11.2,-2375.785820408372
3,-31.35242391220615,-26.575142325261236,12.81225029267382,11.2,-2376.2337121785463
3,-31.228289349807394,-26.578255468108598,12.966529700954505,11.2,-2376.679830597829
3,-31.228289349807394,-26.578255468108598,13.216010826206352,11.2,-2377.125949017112
3,-31.228289349807394,-26.578255468108598,13.507696291908438,11.2,-2377.5720674363947
3,-31.228289349807394,-26.578255468108598,13.81658235332491,11.2,-2378.0181858556775
3,-30.85586442228699,-26.586705587888094,13.639460905618263,11.2,-2378.458983918853
3,-30.48343949476659,-26.59515570766759,13.468610114605669,11.2,-2378.894461625921
3,-29.862766682772815,-26.610721421904394,13.143183193796943,11.2,-2379.321072578532
3,-29.118031523483836,-26.632067987179724,12.814219152896467,11.2,-2379.737044457439
3,-28.24933902753488,-26.662158784067305,12.432468784124,11.2,-2380.1406064435464
3,-28.00119662458974,-26.672237717408848,12.098286313767453,11.2,-2380.5406235381834
3,-27.628965676667793,-26.68691167478277,11.773041319134636,11.2,-2380.93532304785
3,-27.50486651279058,-26.691210368223274,12.038442608195783,11.2,-2381.3282497123187
3,-27.62897558791469,-26.687208029887195,12.287537327862795,11.2,-2381.7229493635746
3,-27.504857309253712,-26.69091399029623,12.628436067561434,11.2,-2382.115875896564
3,-27.38073053481837,-26.69432355164564,12.742891353211515,11.2,-2382.5070291899183
3,-27.132468962039614,-26.70084626204151,12.574576384923176,11.2,-2382.894635889376
3,-26.76006527484335,-26.710185690583593,12.308530198633877,11.2,-2383.2769225361594
3,-26.76006527484335,-26.710185690583593,12.031868675783748,11.2,-2383.659209182943
3,-26.635912303807565,-26.712409465492787,11.897976511444114,11.2,-2384.0397222158545
3,-26.51174587986275,-26.71374378369893,11.93539643335357,11.2,-2384.4184614427095
3,-26.51174587986275,-26.71374378369893,12.013168607500916,11.2,-2384.7972006695645
3,-26.387576623648616,-26.714781594638755,12.204766232988494,11.2,-2385.1741660499024
3,-26.387576623648616,-26.714781594638755,12.338960063966379,11.2,-2385.5511314302403
3,-26.387576623648616,-26.714781594638755,12.465169984637686,11.2,-2385.928096810578
3,-26.263405243218358,-26.715522892394322,12.578905235523873,11.2,-2386.3032883140527
3,-26.263405243218358,-26.715522892394322,12.447043778852448,11.2,-2386.678479817527
3,-25.890891101927583,-26.717746785661024,12.252546428460306,11.2,-2387.0483496904117
3,-25.518383333285175,-26.7208602184805,12.039317373796031,11.2,-2387.412898023744
3,-25.518383333285175,-26.7208602184805,11.879491087875863,11.2,-2387.7774463570768
3,-25.76672963452474,-26.720267177739764,11.746726455713251,11.2,-2388.145542494713
3,-25.890903139183234,-26.720415438136303,11.829655042123761,11.2,-2388.5154125395584
3,-25.890903139183234,-26.720415438136303,11.917865963983319,11.2,-2388.8852825844037
3,-25.890903139183234,-26.720415438136303,12.028913853612284,11.2,-2389.255152629249
3,-25.890903139183234,-26.720415438136303,12.137275203446224,11.2,-2389.6250226740945
3,-25.890903139183234,-26.720415438136303,12.02673254918277,11.2,-2389.99489271894
3,-25.890903139183234,-26.720415438136303,11.897230539016808,11.2,-2390.364762763785
3,-25.890903139183234,-26.720415438136303,11.718628545997081,11.2,-2390.7346328086305
3,-25.890903139183234,-26.720415438136303,11.606965276897393,11.2,-2391.104502853476
3,-25.890903139183234,-26.720415438136303,11.483195914758412,11.2,-2391.4743728983212
3,-25.890903139183234,-26.720415438136303,11.433699720946182,11.2,-2391.8442429431666
3,-25.890903139183234,-26.720415438136303,11.40613584263712,11.2,-2392.214112988012
3,-25.890903139183234,-26.720415438136303,11.333197788120751,11.2,-2392.5839830328573
3,-26.139250148500224,-26.720415438136303,11.300808874605059,11.2,-2392.9574008921218
3,-26.387597157817215,-26.720415438136303,11.202920793835801,11.2,-2393.334366565805
3,-27.008452879859654,-26.724121919868953,11.037013544728255,11.2,-2393.720201606946
3,-27.62926611802377,-26.732275993688624,11.315808114310718,11.2,-2394.114905408632
3,-28.374171199179152,-26.746508119290027,11.76517575631181,11.2,-2394.5202507114773
3,-29.615387027517823,-26.782085457582617,12.214924507172118,11.2,-2394.9433276690133
3,-30.732079871283663,-26.826107329704403,12.853739712448512,11.2,-2395.38235738146
3,-31.104237200224325,-26.842558885211876,13.459886365243998,11.2,-2395.8267036271777
3,-32.84025465049443,-26.933844547907754,14.16385262041508,11.2,-2396.2958501221847
3,-33.70785880293187,-26.98674081856005,14.761238082120396,11.2,-2396.7773909622265
3,-33.95576339506777,-27.001558046189583,14.566236731249115,11.2,-2397.262473296442
3,-33.95576339506777,-27.001558046189583,14.063927521809036,11.2,-2397.747555630657
3,-33.33550825401741,-26.974139099716496,13.711953465493092,11.2,-2398.2237771771433
3,-33.211399414796645,-26.970136768987956,13.253238070896915,11.2,-2398.698225740212
3,-33.33552618923199,-26.973546330337363,12.903629728221771,11.2,-2399.174447542915
3,-33.45966075163074,-26.976659473184725,12.810410989611876,11.2,-2399.6524426965098
3,-33.83208567915115,-26.98510959296422,13.061917142744523,11.2,-2400.135758206212
3,-34.08038737286961,-26.989853634831356,13.27107301308184,11.2,-2400.622620882967
3,-34.45286327881525,-26.995635559497078,13.563759243335422,11.2,-2401.114804644093
3,-34.94948790744437,-27.003937751120755,13.942453161185236,11.2,-2401.6140830427707
3,-35.69435687912211,-27.019948633731854,14.169851310985692,11.2,-2402.124002426758
3,-36.43914088962441,-27.03951674632216,14.383870695114894,11.2,-2402.644561582324
3,-36.81149572560736,-27.050634627549286,14.640897090843211,11.2,-2403.1704400926897
3,-36.81149572560736,-27.050634627549286,14.541483360423825,11.2,-2403.6963186030553
3,-36.68737744694638,-27.046928667140243,14.279580171813606,11.2,-2404.2204239951543
3,-36.31497446760548,-27.03758925635031,14.105748429549424,11.2,-2404.7392093446915
3,-36.06666286126942,-27.033438172373913,13.797849396148388,11.2,-2405.254447385567
3,-35.81832293268428,-27.031659068751047,13.56662568491255,11.2,-2405.7661377131767
3,-35.94249572926535,-27.032103849095243,13.397286295184006,11.2,-2406.2796019378807
3,-36.190836365909746,-27.033882957790635,13.389117126927681,11.2,-2406.796613885965
3,-36.315005622123884,-27.03492076873046,13.563153307238984,11.2,-2407.3153996805668
3,-36.439177002554146,-27.035662066486026,13.823030322580466,11.2,-2407.8359593520318
3,-36.56334838298441,-27.036403364241593,14.200346537236205,11.2,-2408.35829290036
3,-36.56334838298441,-27.036403364241593,14.159056590177483,11.2,-2408.8806264486884
3,-36.31500420597308,-27.03521728614183,13.973831126623942,11.2,-2409.3994122230592
3,-36.066657196656095,-27.03521728614183,13.866949436780185,11.2,-2409.9146501830114
3,-35.69414376343063,-27.03744117518142,13.594899479584443,11.2,-2410.424566522489
3,-35.81831490783912,-27.03669987883489,13.463275015270863,11.2,-2410.936256735458
3,-35.94248841249761,-27.036551618438352,13.463768843590202,11.2,-2411.4497208556363
3,-35.94248841249761,-27.036551618438352,13.655689474771965,11.2,-2411.963184975815
3,-35.94248841249761,-27.036551618438352,13.927715113827713,11.2,-2412.4766490959933
3,-35.81831490783912,-27.03669987883489,14.260887170820304,11.2,-2412.988339308962
3,-35.694142111258046,-27.037144659179088,14.196089663580455,11.2,-2413.4982556248374
3,-35.44579769822333,-27.03833073840609,14.058198526540908,11.2,-2414.0046241633836
3,-34.94912775399568,-27.043074983171376,14.004193524741272,11.2,-2414.503897417012
3,-34.57665184805004,-27.0488569078371,13.689557726908992,11.2,-2414.9978495862697
3,-34.45249816905069,-27.051080695427032,13.487126407581568,11.2,-2415.4900281315417
3,-33.45946037192389,-27.07717131384337,13.166859483832482,11.2,-2415.968020422569
3,-32.83901882636147,-27.100146390334764,12.871977978305729,11.2,-2416.4371492629457
3,-32.71494160787803,-27.105037718756712,12.744047937103385,11.2,-2416.9045055716297
3,-32.71494160787803,-27.105037718756712,12.755427581094194,11.2,-2417.3718618803136
3,-32.71494160787803,-27.105037718756712,13.041242701766736,11.2,-2417.8392181889976
3,-32.71494160787803,-27.105037718756712,13.429330878348344,11.2,-2418.3065744976816
3,-32.466775608563964,-27.114524080226765,13.86170374850614,11.2,-2418.770385577804
3,-32.466775608563964,-27.114524080226765,13.760686670755339,11.2,-2419.2341966579265
3,-31.846332883679946,-27.13749920038869,13.60360777979077,11.2,-2419.6891442705505
3,-31.225890158795927,-27.160474320550613,13.44873677735824,11.2,-2420.135228415676
3,-30.60550406637873,-27.184930962660356,13.061934918185166,11.2,-2420.5724499023386
3,-29.861151184052954,-27.216945332926613,12.695417686394864,11.2,-2420.9990377763966
3,-28.744929764347955,-27.271631480484302,12.28345875372985,11.2,-2421.409679630173
3,-28.000915921763266,-27.310754241989194,11.8141093263312,11.2,-2421.8096927147694
3,-27.87689131957382,-27.316830480606715,11.42511795487553,11.2,-2422.207934019335
3,-27.504696473648455,-27.332393265784084,11.60004609737075,11.2,-2422.600858254673
3,-27.75288418250247,-27.323499548311197,11.844877737627513,11.2,-2422.9973280287086
3,-27.628766139762323,-27.32720550167604,12.22208893304002,11.2,-2423.392024687848
3,-27.877055089074332,-27.32186855602221,12.523902617977285,11.2,-2423.7902683319776
3,-27.75289645375912,-27.32379586424412,12.82998153824017,11.2,-2424.186738281317
3,-27.504567146175862,-27.326761000314015,12.613309347318433,11.2,-2424.5796606691197
3,-26.883735026451795,-27.333432591344728,12.283268993814875,11.2,-2424.9637140266404
3,-26.511246375536466,-27.33832504493599,11.847175301577979,11.2,-2425.3424461177196
3,-25.393865388435447,-27.358339095203114,11.417381842398807,11.2,-2425.705215623269
3,-25.269711945424223,-27.360562878566128,11.051292246974466,11.2,-2426.0662115082037
3,-25.269711945424223,-27.360562878566128,11.121221588645373,11.2,-2426.4272073931384
3,-25.269711945424223,-27.360562878566128,11.338243794221542,11.2,-2426.788203278073
3,-25.269711945424223,-27.360562878566128,11.663248799762203,11.2,-2427.149199163008
3,-25.518052582068616,-27.358783769870737,11.944669922158905,11.2,-2427.513742771323
3,-25.642225850701305,-27.358635509756006,12.020979444020597,11.2,-2427.880060283476
3,-25.766398647282376,-27.359080290100202,12.068107879755631,11.2,-2428.248151692723
3,-26.138905707871583,-27.362193717001738,12.128672485252713,11.2,-2428.6215646314067
3,-26.138905707871583,-27.362193717001738,12.190280633646974,11.2,-2428.9949775700907
3,-26.263059386870932,-27.36441750459167,12.262745607256447,11.2,-2429.3701641327602
3,-25.890584188917927,-27.358635590916077,12.258050529716897,11.2,-2429.7400296211736
3,-25.766421305279483,-27.357004773052324,11.9542620102227,11.2,-2430.108121354106
3,-25.64226266996427,-27.355077464830416,11.611897982754549,11.2,-2430.4744393922483
3,-25.76641634896362,-27.35730125242035,11.457802455335619,11.2,-2430.842531054376
3,-25.76641634896362,-27.35730125242035,11.52431513560561,11.2,-2431.210622716504
3,-25.76641634896362,-27.35730125242035,11.622516064470007,11.2,-2431.578714378632
3,-25.76641634896362,-27.35730125242035,11.794086290166646,11.2,-2431.94680604076
3,-25.76641634896362,-27.35730125242035,11.805203989541303,11.2,-2432.3148977028877
3,-25.76641634896362,-27.35730125242035,11.633149653652756,11.2,-2432.6829893650156
3,-25.89056436368273,-27.35982150669755,11.56606265314149,11.2,-2433.052854570211
3,-26.014712378401843,-27.36234176097475,11.510174079992915,11.2,-2433.4244933184737
3,-26.13886605740119,-27.364565548564684,11.427170411824703,11.2,-2433.797905690722
3,-26.13886605740119,-27.364565548564684,11.319994613966188,11.2,-2434.1713180629704
3,-26.13886605740119,-27.364565548564684,11.175158744774963,11.2,-2434.5447304352188
3,-26.511327094399235,-27.37123691133448,11.068919790984127,11.2,-2434.9234636794245
3,-27.25615358548925,-27.389026408935184,11.019852621263494,11.2,-2435.3128373020745
3,-28.12498153611612,-27.414968131798474,11.381870418856652,11.2,-2435.7146227525905
3,-28.869606253120086,-27.43987122712821,11.910459273266799,11.2,-2436.1270456990637
3,-30.482607027448516,-27.50345837574857,12.504536454539085,11.2,-2436.5625115137414
3,-30.85476435638918,-27.51990993125604,13.194678071859673,11.2,-2437.0032938616896
3,-32.59100309327487,-27.60705022140267,14.021200781551997,11.2,-2437.468879620165
3,-33.830866923281555,-27.675215753590056,14.714058681367678,11.2,-2437.952177719069
3,-34.07890102855094,-27.687664366468145,15.06195800087545,11.2,-2438.439019162334
3,-34.327018655992866,-27.69833582322356,14.678234560077069,11.2,-2438.929405143134
3,-33.8306446535313,-27.68054843899264,14.46101165335326,11.2,-2439.412700066756
3,-33.33412339552942,-27.667503067793668,14.10010974063962,11.2,-2439.888901829549
3,-32.8375001828573,-27.659200899840872,13.506822150554544,11.2,-2440.3580089750185
3,-32.71333116266089,-27.658163090873693,13.086046285557158,11.2,-2440.8253422773423
3,-32.71333116266089,-27.658163090873693,12.778557713362494,11.2,-2441.292675579666
3,-32.837504667319386,-27.658311351270232,12.601042601127102,11.2,-2441.761782789199
3,-33.08585167663637,-27.658311351270232,12.700952507055264,11.2,-2442.234437813151
3,-33.210024473217445,-27.657866570926036,12.885630163293367,11.2,-2442.7088667341973
3,-33.45836510986184,-27.656087462230644,13.136041644856238,11.2,-2443.186843378624
3,-33.95504638315062,-27.652529244839858,13.470997763117952,11.2,-2443.6719154698117
3,-34.70008528686932,-27.652529244839858,13.900039109397857,11.2,-2444.1676309739096
3,-35.32093038785133,-27.65771828967575,14.384488464026607,11.2,-2444.6722156937362
3,-35.693419038766656,-27.66261074326701,14.783617708048878,11.2,-2445.1821216800045
3,-35.693419038766656,-27.66261074326701,14.371951924276072,11.2,-2445.6920276662727
3,-35.441191367715106,-27.66261074326701,14.03249963680109,11.2,-2446.1983304000973
3,-35.441191367715106,-27.66261074326701,13.888504487814819,11.2,-2446.704633133922
3,-35.441191367715106,-27.66261074326701,13.910737073756023,11.2,-2447.2109358677467
3,-35.441191367715106,-27.66261074326701,14.079797155152074,11.2,-2447.7172386015714
3,-35.441191367715106,-27.66261074326701,14.098969624792725,11.2,-2448.223541335396
3,-35.06867156181705,-27.662165962922813,14.181900421589294,11.2,-2448.724522357708
3,-34.81959673665364,-27.662165962922813,13.920615033444077,11.2,-2449.2219451682313
3,-34.44708330342817,-27.664389851962405,13.82445594136571,11.2,-2449.7140463582805
3,-34.0745953605297,-27.66928229625421,13.642879634674806,11.2,-2450.200826292002
3,-33.70213432353165,-27.675953659024007,13.410489256370552,11.2,-2450.682285353767
3,-33.70213432353165,-27.675953659024007,13.313660320673439,11.2,-2451.1637444155317
3,-33.70213432353165,-27.675953659024007,13.270802779269959,11.2,-2451.6452034772965
3,-33.70213432353165,-27.675953659024007,13.394945709564537,11.2,-2452.1266625390613
3,-33.70213432353165,-27.675953659024007,13.552168905236858,11.2,-2452.608121600826
3,-33.70213432353165,-27.675953659024007,13.815606397001932,11.2,-2453.089580662591
3,-33.57798630881254,-27.678473913301207,14.10535554551599,11.2,-2453.569266181288
3,-33.32969641561506,-27.683810879243758,14.10511067573931,11.2,-2454.0454047015114
3,-33.08140652241758,-27.68914784518631,14.032827291656433,11.2,-2454.51799622326
3,-32.58485411260647,-27.70100754406736,13.693230287648248,11.2,-2454.9834941391546
3,-31.840118953317493,-27.72235410934269,13.339850452007829,11.2,-2455.438352981345
3,-31.467822169339367,-27.73525016515166,12.882634222694575,11.2,-2455.8878932980497
3,-30.351237631563276,-27.78193852068376,12.52866848546164,11.2,-2456.321482407072
3,-30.103145958688224,-27.79320245070605,12.176571202612362,11.2,-2456.751527349339
3,-29.979081010046436,-27.798390045765174,12.03749722570483,11.2,-2457.179799935197
3,-29.979081010046436,-27.798390045765174,12.18663503308325,11.2,-2457.608072521055
3,-29.854992465069632,-27.802985069797558,12.461261784119994,11.2,-2458.034572413413
3,-29.854992465069632,-27.802985069797558,12.784690516260913,11.2,-2458.4610723057713
3,-29.73089330119242,-27.80728376323806,12.878199193895892,11.2,-2458.8857993529314
3,-29.85500237631653,-27.803281424901982,12.910422229482226,11.2,-2459.3122993868787
3,-29.97913623086073,-27.80016829980675,12.858694828268007,11.2,-2459.740572761605
3,-29.85498255186138,-27.802392087396683,12.93663367946841,11.2,-2460.167072512346
3,-29.606670001553717,-27.80654318715368,13.019827941130396,11.2,-2460.5900249409397
3,-29.358357451246054,-27.810694286910675,13.203356324669075,11.2,-2461.009430047386
3,-29.11004490093839,-27.81484538666767,13.012819077067318,11.2,-2461.425287831685
3,-28.489306007229622,-27.827446634101502,12.904373726757333,11.2,-2461.832277917503
3,-27.992783333561423,-27.84049204249504,12.596204500523784,11.2,-2462.232174822268
3,-27.74453804453592,-27.847607571015992,12.254884516581006,11.2,-2462.6285253657616
3,-26.62755849154901,-27.88362854757285,11.808795959667737,11.2,-2463.008919058498
3,-26.379350252547688,-27.891929579349437,11.450052445659699,11.2,-2463.385766919249
3,-26.25523197388671,-27.895635539758473,11.274731199092356,11.2,-2463.760841661733
3,-26.25523197388671,-27.895635539758473,11.47827667316438,11.2,-2464.1359164042174
3,-26.379373616393508,-27.892818833165308,11.850867492541042,11.2,-2464.5127645987372
3,-26.627685222729568,-27.88866774918891,12.172353165004031,11.2,-2464.893160101919
3,-27.000192283318775,-27.885554322287376,12.509920630320355,11.2,-2465.2788771345377
3,-27.124365079899846,-27.88510954194318,12.840958840017631,11.2,-2465.6663680642505
3,-27.49688134542532,-27.886443875366933,13.066877900239037,11.2,-2466.0591806548996
3,-27.24854542925106,-27.884071743966523,12.832006120943987,11.2,-2466.448445589603
3,-26.876031996025596,-27.88184785492693,12.595242978800426,11.2,-2466.832388903832
3,-26.379337977391618,-27.88184785492693,12.252158227243815,11.2,-2467.209236589223
3,-25.882649623368962,-27.884220011126462,11.857983387949186,11.2,-2467.5789887266997
3,-25.882649623368962,-27.884220011126462,11.554716958397824,11.2,-2467.948740864176
3,-25.75847611871047,-27.884368271523,11.70521795495082,11.2,-2468.3167190944437
3,-25.75847611871047,-27.884368271523,11.925178830040462,11.2,-2468.684697324711
3,-25.75847611871047,-27.884368271523,12.206617451252242,11.2,-2469.0526755549786
3,-25.882649623368962,-27.88451653191954,12.292374501240348,11.2,-2469.422427692455
3,-25.882649623368962,-27.88451653191954,12.319464778840068,11.2,-2469.7921798299317
3,-26.13098530352791,-27.88688866106551,12.322529256045364,11.2,-2470.1654796199823
3,-26.255148187166355,-27.88851947892926,12.37647809789524,11.2,-2470.5405531655133
3,-26.255148187166355,-27.88851947892926,12.408063802296018,11.2,-2470.9156267110443
3,-25.882659536251026,-27.883627025338,12.257196627978752,11.2,-2471.2853789901337
3,-25.758496652612582,-27.88199620747425,11.981259107122543,11.2,-2471.6533575137423
3,-25.758496652612582,-27.88199620747425,11.724573662731768,11.2,-2472.021336037351
3,-25.882650095623806,-27.884219990837263,11.582377211157254,11.2,-2472.391088181574
3,-25.882650095623806,-27.884219990837263,11.557191974842876,11.2,-2472.7608403257973
3,-25.882650095623806,-27.884219990837263,11.615124072010476,11.2,-2473.1305924700205
3,-25.882650095623806,-27.884219990837263,11.649384643825924,11.2,-2473.5003446142437
3,-26.006798110342917,-27.886740245114463,11.746856190239626,11.2,-2473.8718703015343
3,-26.006798110342917,-27.886740245114463,11.892221961051828,11.2,-2474.243395988825
3,-26.130951789342266,-27.888964032704397,11.794638068292462,11.2,-2474.616695300101
3,-26.130951789342266,-27.888964032704397,11.705664818438688,11.2,-2474.9899946113774
3,-26.379253483060726,-27.89370807457153,11.572921604417573,11.2,-2475.3668410897067
3,-26.751656462401627,-27.903047485361466,11.48084977088527,11.2,-2475.7490076105983
3,-27.12398298006393,-27.915054477547084,11.606816548327235,11.2,-2476.136493081742
3,-27.74436789326717,-27.939511073170298,11.80088756526352,11.2,-2476.532841194503
3,-28.488642204542778,-27.97330283112188,12.081858593335639,11.2,-2476.939821797425
3,-28.86071671834079,-27.991531581623192,12.458643372445737,11.2,-2477.352117750544
3,-30.100575834947968,-28.059696854676165,13.014185955432556,11.2,-2477.7821259767575
3,-30.844181342421987,-28.105924363635054,13.627638805133218,11.2,-2478.222757138792
3,-31.463806603137655,-28.145187161433974,14.02046568223943,11.2,-2478.6722400902654
3,-31.71171119527356,-28.160004389063506,14.43035793356207,11.2,-2479.1252645359123
3,-31.71171119527356,-28.160004389063506,14.091246022356586,11.2,-2479.578288981559
3,-31.339637388705224,-28.141775673210937,13.898221022995957,11.2,-2480.025998087112
3,-30.84330963543623,-28.12280311255338,13.532420164255182,11.2,-2480.4666167961896
3,-30.22264036271524,-28.107237487077203,13.020859754772513,11.2,-2480.8983688013714
3,-29.72599874081742,-28.100121255195468,12.61755532899165,11.2,-2481.32302592624
3,-29.850165164762235,-28.101455573401612,12.297826835597455,11.2,-2481.749456857165
3,-30.098494708354746,-28.10442071228954,12.371962773531761,11.2,-2482.1794353529986
3,-30.346824251947258,-28.107385851177465,12.628656602142756,11.2,-2482.612961413741
3,-30.47099067589207,-28.10872016938361,12.923582920285925,11.2,-2483.048261280539
3,-30.71932659206633,-28.11109230078402,13.155359529441913,11.2,-2483.487108803283
3,-31.0918145349648,-28.11598474507582,13.258653797291434,11.2,-2483.9312775823537
3,-31.58841792240172,-28.12547282881009,13.397869862760526,11.2,-2484.3825406955307
3,-31.8367078155992,-28.13080979475264,13.654225279626587,11.2,-2484.8373508071822
3,-32.2091327431196,-28.139259914532136,13.766214167804158,11.2,-2485.297481274941
3,-32.2091327431196,-28.139259914532136,13.589091504722457,11.2,-2485.7576117427
3,-32.084991100612804,-28.13644320793897,13.535211347588334,11.2,-2486.215968758423
3,-31.836689406894344,-28.131699166071837,13.333018700216403,11.2,-2486.670778607093
3,-31.464201463995874,-28.126806721780035,13.041110339559033,11.2,-2487.1202671994356
3,-31.21586082735148,-28.125027613084644,12.830069904119432,11.2,-2487.566208068398
3,-31.464201463995874,-28.126806721780035,12.630213338358324,11.2,-2488.0156966607406
3,-31.464201463995874,-28.126806721780035,12.554678558657146,11.2,-2488.4651852530833
3,-31.58837072021001,-28.12784453271986,12.578229806624863,11.2,-2488.9164476919436
3,-31.58837072021001,-28.12784453271986,12.682741723170826,11.2,-2489.367710130804
3,-31.58837072021001,-28.12784453271986,12.830167626803233,11.2,-2489.8189725696643
3,-31.712542100640267,-28.128585830475426,13.017167272825814,11.2,-2490.2720088853875
3,-31.712542100640267,-28.128585830475426,13.215154434403802,11.2,-2490.725045201111
3,-31.836714897221338,-28.129030610819623,13.117253683613432,11.2,-2491.179855413928
3,-32.2092283304468,-28.131254499859214,13.128873832450239,11.2,-2491.6399872472202
3,-32.33339475439161,-28.132588818065358,13.226171265157523,11.2,-2492.1018928865687
3,-32.45756117833643,-28.133923136271502,13.349661338672437,11.2,-2492.5655723319737
3,-32.581730434550565,-28.134960947211326,13.536312795656059,11.2,-2493.031025623896
3,-32.45755905412031,-28.13421964945576,13.708712828047823,11.2,-2493.4947050389546
3,-32.45755905412031,-28.13421964945576,13.494560726551288,11.2,-2493.9583844540134
3,-32.08503924822225,-28.133774869111562,13.36240835122321,11.2,-2494.4167421575594
3,-31.96086645164118,-28.13421964945576,13.268013870850627,11.2,-2494.873325964011
3,-31.712525814996788,-28.13599875815115,13.012816015975197,11.2,-2495.3263620470825
3,-31.836695071210922,-28.134960947211326,12.902722163197204,11.2,-2495.7811719766714
3,-31.836695071210922,-28.134960947211326,12.868657283024092,11.2,-2496.2359819062603
3,-31.960867867791993,-28.13451616686713,13.145550482925685,11.2,-2496.692565732943
3,-31.960867867791993,-28.13451616686713,13.423920387208964,11.2,-2497.1491495596256
3,-31.960867867791993,-28.13451616686713,13.68139415242467,11.2,-2497.605733386308
3,-31.836695071210922,-28.134960947211326,13.49005300619591,11.2,-2498.060543315897
3,-31.71252227462985,-28.135405727555522,13.41244786115433,11.2,-2498.513579348392
3,-31.091693695086988,-28.14207728054272,13.195461501571906,11.2,-2498.957746401179
3,-30.719232658088945,-28.148748643312516,12.94919393343455,11.2,-2499.396592582009
3,-30.34680843846428,-28.157198747030243,12.61065632202177,11.2,-2499.830118416844
3,-30.34680843846428,-28.157198747030243,12.387905819285939,11.2,-2500.263644251679
3,-30.34680843846428,-28.157198747030243,12.357742779819107,11.2,-2500.6971700865142
3,-30.34680843846428,-28.157198747030243,12.482764716146072,11.2,-2501.1306959213493
3,-30.34680843846428,-28.157198747030243,12.660780287981705,11.2,-2501.5642217561845
3,-30.34680843846428,-28.157198747030243,12.963870681762394,11.2,-2501.9977475910196
3,-30.34680843846428,-28.157198747030243,13.201084458405035,11.2,-2502.4312734258547
3,-30.222673876065524,-28.160311889877605,13.129274126903963,11.2,-2502.8630259097986
3,-30.47096353329144,-28.15497492900724,13.195861700947024,11.2,-2503.2983253888456
3,-30.47096353329144,-28.15497492900724,13.22837381538219,11.2,-2503.7336248678926
3,-30.098503204257767,-28.16164627909628,13.319416127160356,11.2,-2504.1636034850962
3,-29.850213311060287,-28.166983245038832,13.021739482652995,11.2,-2504.590035103826
3,-29.601923417862807,-28.172320210981383,12.852090094793681,11.2,-2505.012919724081
3,-29.601923417862807,-28.172320210981383,12.667858601273002,11.2,-2505.435804344336
3,-29.601923417862807,-28.172320210981383,12.741547236149273,11.2,-2505.858688964591
3,-29.601923417862807,-28.172320210981383,12.906780658661434,11.2,-2506.281573584846
3,-29.601923417862807,-28.172320210981383,13.058426491296066,11.2,-2506.7044582051008
3,-29.601923417862807,-28.172320210981383,13.287240806628446,11.2,-2507.1273428253558
3,-29.353610867555144,-28.17647131073838,13.346654164921391,11.2,-2507.546680123464
3,-29.229457188555795,-28.178695098328312,13.178419331865108,11.2,-2507.9642437975863
3,-28.73287787410397,-28.189369020069044,13.055606078383223,11.2,-2508.374713481502
3,-28.608743311705215,-28.192482162916406,12.732154154526148,11.2,-2508.7834098145263
3,-27.98815309800449,-28.211011929740614,12.43468250876114,11.2,-2509.1832405730693
3,-27.98815309800449,-28.211011929740614,12.275358059717226,11.2,-2509.5830713316122
3,-27.98815309800449,-28.211011929740614,12.241722114332347,11.2,-2509.982902090155
3,-27.98815309800449,-28.211011929740614,12.36095610681854,11.2,-2510.382732848698
3,-27.98815309800449,-28.211011929740614,12.50992479086025,11.2,-2510.782563607241
3,-27.86401145549769,-28.21382863633378,12.740080886182334,11.2,-2511.1806209137485
3,-27.86401145549769,-28.21382863633378,12.68770581503132,11.2,-2511.578678220256
3,-27.86401145549769,-28.21382863633378,12.540360042546125,11.2,-2511.976735526763
3,-27.739852820182477,-28.21575594455569,12.481253892146418,11.2,-2512.3730191384802
3,-27.739852820182477,-28.21575594455569,12.483833926476544,11.2,-2512.7693027501973
3,-27.615689936544033,-28.21738676241944,12.451436871321276,11.2,-2513.1638126064336
3,-27.615689936544033,-28.21738676241944,12.412494616441336,11.2,-2513.55832246267
3,-27.49152351259922,-28.218721080625585,12.286200523144203,11.2,-2513.9510585128496
3,-27.367354256385084,-28.21975889156541,12.141836918964623,11.2,-2514.3420207165123
3,-27.367354256385084,-28.21975889156541,12.050493104569792,11.2,-2514.732982920175
3,-27.367354256385084,-28.21975889156541,12.030344214337008,11.2,-2515.1239451238375
3,-27.367354256385084,-28.21975889156541,12.002686987438604,11.2,-2515.5149073275
3,-27.243182875954826,-28.220500189320976,11.889183669448744,11.2,-2515.9040956542995
3,-27.243182875954826,-28.220500189320976,11.78250959387773,11.2,-2516.2932839810987
3,-27.243182875954826,-28.220500189320976,11.683473708597907,11.2,-2516.682472307898
3,-27.243182875954826,-28.220500189320976,11.602236303172198,11.2,-2517.0716606346973
3,-27.367354256385084,-28.21975889156541,11.485051595611871,11.2,-2517.46262283836
3,-27.367354256385084,-28.21975889156541,11.405236970068119,11.2,-2517.8535850420226
3,-27.367354256385084,-28.21975889156541,11.233628293284498,11.2,-2518.244547245685
3,-27.367354256385084,-28.21975889156541,11.0806009911814,11.2,-2518.635509449348
3,-27.73986839767586,-28.217534998298706,10.964964697775892,11.2,-2519.0317932836006
3,-28.36073474083929,-28.216793697725045,10.874478150184691,11.2,-2519.4369466370413
3,-29.2299145779715,-28.224058332878325,11.286254886207761,11.2,-2519.854516845298
3,-30.22311852105245,-28.24303444624274,11.640294402752012,11.2,-2520.286275681313
3,-31.340257367537692,-28.273720440060153,12.17440083496994,11.2,-2520.733993643706
3,-32.084818371230035,-28.300401516406538,12.862908854905662,11.2,-2521.1923481918666
3,-34.06931393917855,-28.39525133643745,13.618637198984592,11.2,-2521.679052676712
3,-35.30883336577794,-28.469337263353566,14.48389518247382,11.2,-2522.1834645819376
3,-36.423986891274495,-28.5426734415905,15.22030761187672,11.2,-2522.703807251813
3,-36.79576134104323,-28.566231075492013,15.268060288642262,11.2,-2523.2294609852565
3,-36.79576134104323,-28.566231075492013,14.808073522019702,11.2,-2523.7551147187
3,-36.29957988155699,-28.543703301088126,14.526424381421243,11.2,-2524.2736801455794
3,-35.92728451288346,-28.53080729430415,13.885424560388927,11.2,-2524.786927067192
3,-35.67900901585345,-28.524877461770583,13.371895498741628,11.2,-2525.29662719599
3,-35.8031626948528,-28.527101249360516,12.969690589517606,11.2,-2525.8081009487737
3,-35.92732133016801,-28.52902855758242,13.024619927904856,11.2,-2526.3213483963477
3,-36.051479965483225,-28.53095586580433,13.285877208072058,11.2,-2526.8363695387116
3,-36.67224836047997,-28.542074803753994,13.551771572625332,11.2,-2527.360258801004
3,-37.292988434075525,-28.55467607514,13.900625376675874,11.2,-2527.8930157786335
3,-37.913660066310364,-28.57024175978989,14.286819474059646,11.2,-2528.4346394938666
3,-38.782488016937236,-28.59618348265314,14.774968486820272,11.2,-2528.9886750369656
3,-38.90659709206135,-28.600185820989225,15.199729123999088,11.2,-2529.5444835668523
3,-39.03070616718546,-28.60418815932531,14.967255935420072,11.2,-2530.102065083526
3,-38.90658788852448,-28.600482198916275,14.654206766489036,11.2,-2530.6578734819336
3,-38.410012349608095,-28.58980835833029,14.469953570770004,11.2,-2531.206587944071
3,-37.91334240538044,-28.585064113565004,14.187781914165313,11.2,-2531.7482071212908
3,-37.41664980290131,-28.585064113565004,13.714465484821103,11.2,-2532.2827306899035
3,-36.919979858673656,-28.58980835833029,13.329667928073489,11.2,-2532.810158973599
3,-37.044142742312104,-28.58817754046654,13.117831209011664,11.2,-2533.3393610127746
3,-37.16830916625692,-28.586843222260395,13.248902370075436,11.2,-2533.870336858007
3,-37.41664508243118,-28.584471090859985,13.46480532359908,11.2,-2534.4048603591846
3,-37.540811506375995,-28.58313677265384,13.752568490851518,11.2,-2534.9411576664183
3,-37.540811506375995,-28.58313677265384,14.084454280455365,11.2,-2535.477454973652
3,-37.66497793032081,-28.581802454447697,14.097990961635317,11.2,-2536.0155260869424
3,-37.789149074729295,-28.581061158101168,14.217018237531011,11.2,-2536.555371073724
3,-37.789149074729295,-28.581061158101168,14.27444205340819,11.2,-2537.0952160605057
3,-37.41663564150383,-28.58328504714076,14.46168455636067,11.2,-2537.6297394268126
3,-37.41663564150383,-28.58328504714076,14.294624879613572,11.2,-2538.1642627931196
3,-36.671673208657104,-28.593959394963363,14.158607562085006,11.2,-2538.688143838958
3,-36.299248989032435,-28.60240949868109,13.87595026314337,11.2,-2539.206704538801
3,-35.678658775331705,-28.6209392655053,13.626394035564772,11.2,-2539.716399664163
3,-35.182328663532545,-28.639911916319726,13.383064354481059,11.2,-2540.2190043593564
3,-35.05826347907084,-28.645099521239313,13.144994559184926,11.2,-2540.719836694772
3,-34.934186260587396,-28.64999084966126,13.3040306846418,11.2,-2541.2188964984944
3,-35.058274805564196,-28.645395825628878,13.625453487393287,11.2,-2541.7197289957167
3,-35.18237396944141,-28.641097132188374,13.988962675562318,11.2,-2542.2223343381374
3,-34.93414661565632,-28.64880543093349,14.405665983860597,11.2,-2542.721393575504
3,-34.81001984122097,-28.652214992282897,14.31942319846092,11.2,-2543.2186795732355
3,-34.55779217016942,-28.652214992282897,14.11676684071622,11.2,-2543.7123623185234
3,-33.564885585974125,-28.683048099352952,13.995932090570452,11.2,-2544.1918606840372
3,-32.820388295593396,-28.711507156715953,13.565447289106539,11.2,-2544.660723373974
3,-31.827917785825694,-28.754192983737628,13.19759174602796,11.2,-2545.115407913772
3,-30.711696366120695,-28.808879131295317,12.63169922112834,11.2,-2545.5541464332878
3,-29.348131581978265,-28.888745468769443,12.130874009891173,11.2,-2545.9734054558876
3,-28.48065621697633,-28.94371338568789,11.538962179286557,11.2,-2546.380271973273
3,-28.108773498479707,-28.965495196894558,11.070165184587323,11.2,-2546.781825880394
3,-27.860769119985253,-28.978536105002263,11.162066701358523,11.2,-2547.1798368678224
3,-27.860769119985253,-28.978536105002263,11.437018263300436,11.2,-2547.5778478552506
3,-28.108995766034077,-28.97082782823475,11.829248917319475,11.2,-2547.9794049376223
3,-28.357284715346086,-28.96549088258092,12.221633058884468,11.2,-2548.3845090049845
3,-28.481447362978912,-28.963860067816984,12.618348379120256,11.2,-2548.7913868244555
3,-28.108948091144473,-28.967863022435413,12.931509808490445,11.2,-2549.1929432257575
3,-27.860612410985524,-28.97023515158138,12.714010507438593,11.2,-2549.590951974486
3,-27.239766129914848,-28.975424206280504,12.442392501767156,11.2,-2549.9800914906277
3,-26.494778207165076,-28.984319614490193,12.090732547371058,11.2,-2550.3585883221585
3,-25.501491187343042,-28.99855213235924,11.61965485791015,11.2,-2550.7228953391204
3,-24.880698010766974,-29.008188673468776,11.187272575143005,11.2,-2551.0783338821316
3,-24.756535363134148,-29.00981948823271,10.84710840708552,11.2,-2551.4319986730334
3,-24.756535363134148,-29.00981948823271,11.01270569753031,11.2,-2551.785663463935
3,-24.88070745164264,-29.009374710424794,11.212182449510255,11.2,-2552.1411021418157
3,-25.004878596051128,-29.010116006771323,11.429685303348005,11.2,-2552.4983146931877
3,-25.377366538949598,-29.015008451063125,11.737336197728935,11.2,-2552.860848500887
3,-25.62566823266806,-29.01975249293026,12.036725714371935,11.2,-2553.2269294756397
3,-25.50152659016126,-29.016935786337093,12.304670252406726,11.2,-2553.591236998356
3,-25.50152659016126,-29.016935786337093,12.037149247376659,11.2,-2553.9555445210726
3,-25.004947275709434,-29.00626186459636,11.696023150660244,11.2,-2554.312758053583
3,-24.75663496139487,-29.002110768784522,11.331714985311443,11.2,-2554.6664242673173
3,-24.75663496139487,-29.002110768784522,11.010322294171564,11.2,-2555.0200904810517
3,-24.88078297611398,-29.004631023061723,10.879672299104083,11.2,-2555.3755302378536
3,-25.004930990833092,-29.007151277338924,11.01202972456288,11.2,-2555.7327435377224
3,-25.004930990833092,-29.007151277338924,11.206607048956407,11.2,-2556.089956837591
3,-25.12908466983244,-29.009375064928857,11.307243668137538,11.2,-2556.448943761446
3,-25.12908466983244,-29.009375064928857,11.152931910112581,11.2,-2556.807930685301
3,-25.625662568456455,-29.02004895623652,11.05320247571836,11.2,-2557.1740115791363
3,-25.7497893428918,-29.023458517585926,11.013608021327007,11.2,-2557.541865712606
3,-26.618617293518668,-29.049400240449216,11.332427763956556,11.2,-2557.922131673942
3,-27.115033771521308,-29.066002304002375,11.568675129696308,11.2,-2558.3094892992494
3,-28.107600553325643,-29.10631792242188,11.779723328801037,11.2,-2558.711026450011
3,-28.851792049458595,-29.1418868753673,12.183153546773088,11.2,-2559.1231949078606
3,-29.719751227454005,-29.188566355965254,12.677113940868011,11.2,-2559.5477627825385
3,-30.835401503543267,-29.253911913792425,13.136684672944181,11.2,-2559.9882685183034
3,-31.579007011017286,-29.300139422751315,13.610953507440172,11.2,-2560.4393971898894
3,-31.780789147858528,-29.300139422751315,14.050630119478223,11.2,-2560.89340846343
3,-32.40050522165692,-29.337922401400174,13.776766571075285,11.2,-2561.35627282374
3,-32.27651105337186,-29.331253904171895,13.478596844044851,11.2,-2561.817365838788
3,-31.904355846590054,-29.314802442476388,13.327439745028391,11.2,-2562.273142350882
3,-31.780256918597345,-29.310503757206735,12.896382342137512,11.2,-2562.7271460211477
3,-32.15261175458029,-29.321621638433857,12.500896122506802,11.2,-2563.186469046213
3,-32.40087309141439,-29.328144342630626,12.576181552719275,11.2,-2563.6493386618044
3,-32.773298018934796,-29.336594462410122,12.908618755171196,11.2,-2564.1175286335033
3,-32.89744603365391,-29.339114716687323,13.333396241227144,11.2,-2564.5874921482696
3,-34.01482914464804,-29.35912880499672,13.853725166107472,11.2,-2565.0734182789074
3,-34.635597539644785,-29.370247742946383,14.341252419076318,11.2,-2565.568212529474
3,-35.14005288174789,-29.370247742946383,14.618376085415795,11.2,-2566.0702132849274
3,-35.26420656074724,-29.372471530536316,14.426330281223336,11.2,-2566.5739876643665
3,-35.01588504179359,-29.368913404450655,14.189769340334928,11.2,-2567.074214593535
3,-34.76754936163464,-29.366541275304687,13.77491927438569,11.2,-2567.57089387013
3,-34.51920376847048,-29.365948236254805,13.52455038488679,11.2,-2568.0640253525366
3,-34.643377273128976,-29.365799975858266,13.36814511008795,11.2,-2568.558930742153
3,-34.76755077778747,-29.365948236254805,13.337465209800188,11.2,-2569.0556100389786
3,-34.89172428244596,-29.366096496651345,13.459781047437023,11.2,-2569.5540632430134
3,-35.01589778710446,-29.365948236254805,13.611217242560038,11.2,-2570.054290354258
3,-35.01589778710446,-29.365948236254805,13.751185431002728,11.2,-2570.554517465502
3,-35.14007058368553,-29.36550345591061,13.984625280065083,11.2,-2571.0565184738407
3,-35.14007058368553,-29.36550345591061,14.203549518058333,11.2,-2571.5585194821792
3,-35.2642433802666,-29.365058675566413,14.08486664392967,11.2,-2572.0622943876115
3,-34.891724990523386,-29.366393016599005,14.065290681305573,11.2,-2572.5607476017617
3,-34.76755361009313,-29.367134314354573,13.775567027321948,11.2,-2573.0574269390486
3,-34.14674273198118,-29.37528835717613,13.632233465262557,11.2,-2573.5452375495056
3,-33.89451506092963,-29.37528835717613,13.374844260480197,11.2,-2574.029444907519
3,-33.89451506092963,-29.37528835717613,13.18056102276771,11.2,-2574.5136522655325
3,-33.89451506092963,-29.37528835717613,13.15158327553313,11.2,-2574.997859623546
3,-33.89451506092963,-29.37528835717613,13.321331324450451,11.2,-2575.4820669815595
3,-33.89451506092963,-29.37528835717613,13.550886624391985,11.2,-2575.966274339573
3,-33.89451506092963,-29.37528835717613,13.854247711848698,11.2,-2576.4504816975864
3,-33.89451506092963,-29.37528835717613,14.117660230059592,11.2,-2576.9346890556
3,-33.64621313122816,-29.380032403551947,13.931688471423314,11.2,-2577.4153492431888
3,-33.273769087070825,-29.387593166383553,13.81242624206962,11.2,-2577.8906888015754
3,-32.653097454835994,-29.403158851033442,13.520737729503583,11.2,-2578.357161622359
3,-32.03255325873216,-29.423170504676143,13.212763182309587,11.2,-2578.814769526055
3,-31.28805596835143,-29.451629562039145,12.773606895257814,11.2,-2579.261741754174
3,-30.79182071346758,-29.47297247554998,12.449830061918119,11.2,-2579.7016249072235
3,-30.79182071346758,-29.47297247554998,12.393075389641133,11.2,-2580.141508060273
3,-30.79182071346758,-29.47297247554998,12.511042242241578,11.2,-2580.581391213322
3,-31.040047359516404,-29.465264198782467,12.74676868766247,11.2,-2581.0248204613154
3,-31.41247157914107,-29.45681409506474,13.054962037107178,11.2,-2581.4735700553033
3,-31.41247157914107,-29.45681409506474,13.379641418214808,11.2,-2581.9223196492912
3,-31.040011250107398,-29.46348544515378,13.636977533681737,11.2,-2582.3657483814354
3,-30.915863235388287,-29.46600569943098,13.308057426020927,11.2,-2582.807403570512
3,-30.543419191230953,-29.473566462262585,13.111538154894548,11.2,-2583.243738130387
3,-29.42621025320825,-29.50158469463239,12.638550671731682,11.2,-2583.6641125625756
3,-28.681528191852976,-29.524709590867737,12.246772894167368,11.2,-2584.073848679602
3,-28.30920096648065,-29.536716605875977,11.922652701394716,11.2,-2584.478265836266
3,-28.18508268781967,-29.540422566285013,11.740124530516473,11.2,-2584.8809098746633
3,-28.18508268781967,-29.540422566285013,11.889691339559127,11.2,-2585.2835539130606
3,-28.060955913384326,-29.54383212763442,12.140088799099056,11.2,-2585.6844247118233
3,-28.18509047578308,-29.54071898478706,12.356121656935947,11.2,-2586.0870688614773
3,-28.18509047578308,-29.54071898478706,12.504425695010337,11.2,-2586.4897130111312
3,-27.936800818557167,-29.546055945657425,12.321144587980415,11.2,-2586.888810165682
3,-27.812647139557818,-29.54827973324736,12.180213210420703,11.2,-2587.2861336962474
3,-27.688488504242606,-29.550207041469264,12.072428869664204,11.2,-2587.6816835320224
3,-27.564325620604162,-29.551837859333016,11.959833557430663,11.2,-2588.0754596123165
3,-27.440159196659348,-29.55317217753916,11.874440524177185,11.2,-2588.4674618865547
3,-27.315989940445213,-29.554209988478984,11.815430233112085,11.2,-2588.8576903142753
3,-27.315989940445213,-29.554209988478984,11.718137906494574,11.2,-2589.247918741996
3,-27.315989940445213,-29.554209988478984,11.582083211585944,11.2,-2589.6381471697164
3,-27.688508330190846,-29.553765209825645,11.531682753644183,11.2,-2590.033697288719
3,-28.185189603479632,-29.55732342721643,11.41251666222481,11.2,-2590.436342854483
3,-28.309356027424446,-29.558657745422575,11.648529783791771,11.2,-2590.8407622263035
3,-28.557677546378102,-29.562215871508236,11.82039818387412,11.2,-2591.2487290483946
3,-29.302544394314122,-29.578226708469728,12.078331809186917,11.2,-2591.667336825456
3,-29.79899768641177,-29.593643262004758,12.49536642033826,11.2,-2592.0930367924047
3,-30.54342277276502,-29.623879975819385,12.98021211570417,11.2,-2592.529371403444
3,-30.667461766876666,-29.629660043300756,13.568369385979674,11.2,-2592.9674780001137
3,-31.03949098330379,-29.648777201575566,14.258530980130448,11.2,-2593.4108992998754
3,-31.03949098330379,-29.648777201575566,14.25212583324584,11.2,-2593.854320599637
3,-30.667461766876666,-29.629660043300756,14.540568805606089,11.2,-2594.2924271963066
3,-29.923111006821152,-29.59764576431265,14.676608911896155,11.2,-2594.7199002106895
3,-29.178434607347945,-29.574521043897875,14.858785372934328,11.2,-2595.1367349907946
3,-28.185230664266996,-29.55554493053346,14.864509111157536,11.2,-2595.5393811431413
3,-27.44022574792552,-29.548428563385528,14.86572197112123,11.2,-2595.9313843681116
3,-25.453545970291376,-29.562661108308934,14.668818102182852,11.2,-2596.2950064534016
3,-23.839916305664218,-29.606984900349765,14.480201168349982,11.2,-2596.63557668634
3,-22.103106118789086,-29.68168452968561,14.018994704995482,11.2,-2596.95133534518
3,-19.499580311426566,-29.827939950805984,13.507145356780763,11.2,-2597.2299007782003
3,-17.393183211503974,-29.966463579728696,13.061425355720298,11.2,-2597.478374824079
3,-15.411503116868438,-30.108671782282723,12.555351916742676,11.2,-2597.69853915432
3,-13.059310875003188,-30.291589317167148,12.039367730322272,11.2,-2597.8851007382486
3,-11.574135937698369,-30.412436986996735,11.550229249184287,11.2,-2598.0504455373584
3,-11.574135937698369,-30.412436986996735,10.995462378720678,11.2,-2598.215790336468
3,-9.222382730456514,-30.600971280912976,10.598181948622932,11.2,-2598.347538661189
3,-6.993387370245477,-30.766278257918916,10.157651177337923,11.2,-2598.4474441950497
3,-4.0194238564735,-30.958289996160865,9.771504053360328,11.2,-2598.5048645358565
3,-1.7876774465805814,-31.080987487656238,9.509165175576364,11.2,-2598.5304027850934
3,0.3207447982748146,-31.18428374049691,9.079931473520295,11.2,-2598.5258207165466
3,3.1742277693383616,-31.303597973276073,8.7653768327679,11.2,-2598.480474605556
3,3.9187916035244474,-31.330279151052178,8.48346524606475,11.2,-2598.424491868363
3,7.8904179403056265,-31.453611579332403,8.078133042916182,11.2,-2598.311771612073
3,10.124903784455626,-31.506980224297138,7.707163284443584,11.2,-2598.1671301294377
3,13.403863508125802,-31.506980224297138,7.398093073645082,11.2,-2597.975646365036
3,15.886880445310396,-31.55442064296848,6.910175872814598,11.2,-2597.748690930103
3,18.494107704296713,-31.601120182357068,6.386627086454119,11.2,-2597.48448939147
3,21.22542893101288,-31.653304692491037,5.822667922783622,11.2,-2597.18126897817
3,24.825721357867103,-31.726392066529886,5.227804428768612,11.2,-2596.826615815915
3,25.834632042073313,-31.726392066529886,4.60014346355403,11.2,-2596.457549643885
3,30.303850119628,-31.82245745349582,3.990381420526755,11.2,-2596.024637499319
3,32.786749051602825,-31.875827112921336,3.2618671918308313,11.2,-2595.55625537001
3,35.76622776997262,-31.939870704231957,2.4388976120282297,11.2,-2595.0453092590105
3,37.7526413197203,-31.97782303916903,1.4460278526618262,11.2,-2594.505985811586
3,38.99432680152145,-31.986718455833273,1.2377643723906235,11.2,-2593.948924000136
3,39.86348185664473,-31.977378334911947,1.651001399918295,11.2,-2593.379445687898
3,40.235883420277325,-31.968038959626245,1.9576763189792674,11.2,-2592.8046473533227
3,40.111774345153215,-31.97204129796233,2.572700633852768,11.2,-2592.231622005535
3,39.73950941781576,-31.98582634385717,3.4631634991931426,11.2,-2591.6639147281376
3,39.49139179037384,-31.996497800612584,3.8610913335853816,11.2,-2591.099751988275
3,39.36735279626219,-32.002277868093955,4.312888406911327,11.2,-2590.5373612340427
3,39.36735279626219,-32.002277868093955,4.633122973105831,11.2,-2589.9749704798105
3,39.36735279626219,-32.002277868093955,4.813954750211119,11.2,-2589.4125797255783
3,39.36735279626219,-32.002277868093955,4.864677641806046,11.2,-2588.850188971346
3,39.24331380215054,-32.00805793557532,4.843102631513927,11.2,-2588.289570202744
3,39.24331380215054,-32.00805793557532,4.730024663326849,11.2,-2587.728951434142
3,39.11927480803889,-32.01383800305669,4.474222846439991,11.2,-2587.17010465117
3,38.99523581392724,-32.01961807053806,4.355229650090454,11.2,-2586.613029853828
3,38.871183370947016,-32.025101922373885,4.455096138724821,11.2,-2586.057727234243
3,38.12682978119701,-32.05711632306621,4.925877298755509,11.2,-2585.5130582373686
3,36.88637259573766,-32.11343591965218,5.630122727014424,11.2,-2584.9861100574294
3,35.77014905434363,-32.16812217115612,6.4656446634760165,11.2,-2584.475107928082
3,34.90207923267552,-32.21272895858478,7.255882340113813,11.2,-2583.9765067961866
3,32.79445509066867,-32.33112665434832,8.01808740714193,11.2,-2583.5080145806055
3,31.67913174136247,-32.40179955605285,8.683945764213712,11.2,-2583.0554555557287
3,30.44037297204428,-32.487721831131026,9.262799507748449,11.2,-2582.6205930846995
3,29.07808463996122,-32.58711665166451,9.75358113626787,11.2,-2582.2051918755574
3,28.335083362003928,-32.642219186807985,10.195976237731962,11.2,-2581.800404970386
3,27.715861392875265,-32.68739865068684,10.562057848165555,11.2,-2581.404464093345
3,27.344203691734233,-32.71273156995102,10.311803387128112,11.2,-2581.0138326120345
3,27.344203691734233,-32.71273156995102,9.922509896723623,11.2,-2580.6232011307243
3,27.468212251972435,-32.70635924442166,9.452829712687219,11.2,-2580.2307980985534
3,27.096016698587327,-32.72192205918043,8.805916877759064,11.2,-2579.8437121457164
3,26.723785043137013,-32.736596044446294,8.478613698702341,11.2,-2579.4619437879574
3,26.351488259158888,-32.74949210025526,8.307425259839619,11.2,-2579.0854939556834
3,25.606805490066538,-32.772617018468246,8.232931080641112,11.2,-2578.7196824486823
3,24.489740982117706,-32.80597066214956,8.416441473000013,11.2,-2578.3698290060806
3,23.12443991684691,-32.84673622664895,8.783822042679066,11.2,-2578.0394798644115
3,22.255676390978145,-32.87475259500155,9.273608322245229,11.2,-2577.7215416302547
3,19.401395621802283,-32.973622544133,9.881677923871502,11.2,-2577.4443788356575
3,17.416069514120345,-33.049513363767716,10.590155472111794,11.2,-2577.1955778425986
3,14.686775612259165,-33.16689938807726,11.331236842981271,11.2,-2576.9857667624233
3,12.702042229258742,-33.25701082825561,12.159553155904796,11.2,-2576.804309016291
3,10.71730884625832,-33.34712226843396,13.025182922012917,11.2,-2576.6512046042017
3,8.732575463257897,-33.437233708612304,13.922813990467544,11.2,-2576.526453526155
3,6.747842080257474,-33.52734514879065,14.631057563332355,11.2,-2576.430055782151
3,5.507253943047848,-33.58070243256772,15.035228986711168,11.2,-2576.351380725822
3,4.886761661925303,-33.602195777207676,14.91553894921379,11.2,-2576.281569844937
3,4.39018612300892,-33.612869617793656,14.43628854957364,11.2,-2576.218852900323
3,4.266017574847176,-33.61390742281555,13.828632664554295,11.2,-2576.157909792111
3,4.14184430621449,-33.613759162700816,13.007614314067204,11.2,-2576.0987405877363
3,3.8934998931797753,-33.61257308347382,12.398307008490857,11.2,-2576.043119160691
3,3.396818619890987,-33.60901486608304,12.032192832377675,11.2,-2575.994593180407
3,3.2726521959461734,-33.607680547876896,11.672278144853411,11.2,-2575.947841006179
3,1.7826749343911097,-33.589889714549344,11.359068384053657,11.2,-2575.9223742214017
3,0.41684427099816235,-33.57521221428178,11.562551272860329,11.2,-2575.9164193032448
3,-1.1973806063121795,-33.56557536177689,11.870533147788597,11.2,-2575.933524740478
3,-2.935809671531104,-33.56557536177689,12.441991451220366,11.2,-2575.9754648786425
3,-4.922529100212212,-33.57980819075982,13.111954129855407,11.2,-2576.045786722931
3,-7.529855485883246,-33.62028158648897,13.893846716683978,11.2,-2576.1533560870153
3,-9.640259397089691,-33.6681655075561,14.7477087543208,11.2,-2576.2910740784023
3,-10.850952218137142,-33.6681655075561,15.72071352199538,11.2,-2576.4460876815187
3,-14.326382961485711,-33.76778281217431,16.692084996424974,11.2,-2576.650750295254
3,-15.815748499670406,-33.81403264860028,16.87886908296582,11.2,-2576.876689559535
3,-16.312269757672286,-33.82707801979925,16.522801610221652,11.2,-2577.1097219846447
3,-16.560589388615973,-33.830636118832174,16.072763082866924,11.2,-2577.3463018330535
3,-16.560589388615973,-33.830636118832174,15.479330401410396,11.2,-2577.5828816814624
3,-16.933087952413366,-33.82663317182245,14.976120360260467,11.2,-2577.824782937925
3,-17.181400266727927,-33.82248207601061,14.456821363886085,11.2,-2578.0702315131643
3,-17.305548281447038,-33.81996182173341,14.332851003454405,11.2,-2578.317453631471
3,-18.050376896163705,-33.80217227341183,14.286970901928697,11.2,-2578.575316158559
3,-18.67104970815748,-33.78660655917502,14.364660126348554,11.2,-2578.842045440104
3,-19.540041205705087,-33.76688961302286,14.59648218740085,11.2,-2579.1211888858998
3,-20.657422192806106,-33.74687556275574,14.874207854131857,11.2,-2579.4162949172255
3,-21.402410115555877,-33.73798015454605,15.256076206291787,11.2,-2579.7220436331622
3,-22.27160812641529,-33.73279108012034,15.617108537886523,11.2,-2580.0402094635397
3,-22.892475649707766,-33.73204977813764,15.941457795975202,11.2,-2580.367244829964
3,-23.63751455342646,-33.73382890035985,16.37757516135525,11.2,-2580.7049236092985
3,-23.761685933856718,-33.73457019811542,16.38310606325462,11.2,-2581.0443762654963
3,-23.509458262805165,-33.73457019811542,15.807396206000684,11.2,-2581.3802256692506
3,-23.13694412151439,-33.73234630484872,15.392732571755142,11.2,-2581.7107534424154
3,-22.391905217795696,-33.73234630484872,14.819778533231554,11.2,-2582.0306378026694
3,-21.895235273568044,-33.73709054961401,14.289982548869768,11.2,-2582.343426878006
3,-21.39863330202757,-33.74657860629622,13.734817597100646,11.2,-2582.649121639464
3,-20.653900266098784,-33.767925110709044,13.281197208653923,11.2,-2582.944177357551
3,-20.778009341222894,-33.763922772372965,12.810777575882463,11.2,-2583.2410060624256
3,-20.778009341222894,-33.763922772372965,12.689675612599244,11.2,-2583.5378347673004
3,-21.026236930920344,-33.75621446630197,12.830927967732976,11.2,-2583.838209580599
3,-21.150355209581328,-33.75250850589293,13.00134034370978,11.2,-2584.1403575121644
3,-21.646877883249527,-33.739463097499396,13.178490798891891,11.2,-2584.449598624782
3,-22.267616776958295,-33.72686185006556,13.431333409921164,11.2,-2584.7677074358817
3,-22.88844535650116,-33.72019029707837,13.786502542409709,11.2,-2585.094685226689
3,-23.01261815308223,-33.71974551673417,14.148123472189155,11.2,-2585.42343691459
3,-23.50930933941055,-33.720931594833935,14.235455693562248,11.2,-2585.7592841908677
3,-23.50930933941055,-33.720931594833935,13.752936597004691,11.2,-2586.095131467145
3,-23.257081668358996,-33.720931594833935,13.367887322008729,11.2,-2586.4273754909786
3,-23.008736075194836,-33.72033855578405,13.025291429642538,11.2,-2586.7560717206243
3,-22.884563278613765,-33.72078333612825,12.66878015356951,11.2,-2587.0829940531758
3,-23.13290957985333,-33.72019029538751,12.456507136107122,11.2,-2587.413464190031
3,-23.257083084511823,-33.72033855578405,12.552312089308307,11.2,-2587.745708234095
3,-23.381256589170317,-33.720486816180596,12.75874586641501,11.2,-2588.079726185369
3,-23.50543009382881,-33.72033855578405,13.067103223606358,11.2,-2588.4155180438524
3,-23.629603598487304,-33.72019029538751,12.923642171172407,11.2,-2588.753083809545
3,-23.877949899726868,-33.72078333612825,12.683730526833005,11.2,-2589.094197379541
3,-24.374631173015654,-33.72434155351903,12.544753226097598,11.2,-2589.4424063962983
3,-24.871303005364172,-33.72908581631985,12.527239944168796,11.2,-2589.7977107249462
3,-25.367961620530686,-33.735016088459645,12.601912358303077,11.2,-2590.1601101766682
3,-26.237035721609256,-33.75058257200074,12.769076556169948,11.2,-2590.5349249726914
3,-26.361177364116056,-33.7533992785939,13.024697148090462,11.2,-2590.9115132207503
3,-27.4783162106013,-33.78408527241132,13.365731395963238,11.2,-2591.3040605951874
3,-28.22299897969365,-33.8072101906243,13.80083891551588,11.2,-2591.7072462948972
3,-28.71945415908855,-33.822626802766294,14.327834922411768,11.2,-2592.1175242114555
3,-28.967699212184876,-33.82974232452474,13.999539282677375,11.2,-2592.5313484859153
3,-28.843557805643318,-33.8269256232855,13.585595968595431,11.2,-2592.94339931171
3,-28.471071278776144,-33.82203319759256,13.220142213387133,11.2,-2593.3501289014066
3,-28.719412151440558,-33.8238123079788,12.864325297502097,11.2,-2593.7604062178557
3,-28.843583531870816,-33.824553605734366,12.647691995692497,11.2,-2594.172457411168
3,-29.216101921614026,-33.82588794676696,12.67559062812835,11.2,-2594.5898302957626
3,-29.464448930931017,-33.82588794676696,12.77962674485572,11.2,-2595.0107509947757
3,-29.83696236415648,-33.82366405772737,12.962290471955567,11.2,-2595.4369933142634
3,-30.333634196505,-33.81891979492655,13.213648422688456,11.2,-2595.870330945642
3,-30.954480477575675,-33.81373074022743,13.492005672049208,11.2,-2596.3125378096074
3,-31.82368840147193,-33.81061728373605,13.854106253415257,11.2,-2596.7671619296284
3,-32.56872730519063,-33.81239640595826,14.326305475770353,11.2,-2597.2324294625596
3,-32.81707171822534,-33.81358248518526,14.888448229180744,11.2,-2597.70124477282
3,-33.56209362815852,-33.818919811271435,15.049980602758799,11.2,-2598.180703253222
3,-33.56209362815852,-33.818919811271435,14.72766421115708,11.2,-2598.660161733624
3,-33.18958019493306,-33.816695922231844,14.409642442816539,11.2,-2599.1342985935516
3,-32.817060389035,-33.81714070257604,13.963647818249239,11.2,-2599.6031137419664
3,-32.44455332844579,-33.820254129477576,13.598282382563466,11.2,-2600.066607360944
3,-32.44455332844579,-33.820254129477576,13.348491205995167,11.2,-2600.530100979922
3,-32.692882872038304,-33.81728899058965,13.221109623473136,11.2,-2600.997142163808
3,-32.692882872038304,-33.81728899058965,13.30771687167887,11.2,-2601.464183347694
3,-32.817045755676745,-33.8156581727259,13.462659484015488,11.2,-2601.932998287061
3,-32.817045755676745,-33.8156581727259,13.555040941645778,11.2,-2602.4018132264277
3,-32.941208639315185,-33.81402735486214,13.748497519198027,11.2,-2602.872401921275
3,-33.06537506326,-33.812693036656,13.66226283789851,11.2,-2603.3447644221787
3,-33.18954431947414,-33.81165522571617,13.582839599041131,11.2,-2603.8189007695996
3,-33.43788849648546,-33.81046914761641,13.63769828673949,11.2,-2604.296584890978
3,-33.43788849648546,-33.81046914761641,13.723433722735798,11.2,-2604.7742690123564
3,-33.43788849648546,-33.81046914761641,13.841491304220146,11.2,-2605.251953133735
3,-33.31371569990439,-33.810913927960605,13.646106213121165,11.2,-2605.727863358019
3,-33.18954431947414,-33.81165522571617,13.456554893238245,11.2,-2606.20199970544
3,-33.06537506326,-33.812693036656,13.43085035528755,11.2,-2606.6743622063436
3,-33.18954431947414,-33.81165522571617,13.397357354974389,11.2,-2607.1484985537645
3,-33.43788849648546,-33.81046914761641,13.399676023927556,11.2,-2607.626182675143
3,-33.43788849648546,-33.81046914761641,13.554151490687309,11.2,-2608.1038667965213
3,-33.43788849648546,-33.81046914761641,13.758273328991171,11.2,-2608.5815509178997
3,-33.06537506326,-33.812693036656,13.843103765326015,11.2,-2609.0539134188034
3,-32.941208639315185,-33.81402735486214,13.617714386655416,11.2,-2609.5245021136507
3,-32.32041664272685,-33.823663877654795,13.397594298062037,11.2,-2609.9862223514037
3,-31.947992423102182,-33.83211398137252,13.213965671119976,11.2,-2610.4426222431625
3,-31.45150231690953,-33.84634502488941,12.881842928846591,11.2,-2610.8919294191182
3,-31.57562059557051,-33.84263906448037,12.636249640954855,11.2,-2611.3430097133405
3,-31.57562059557051,-33.84263906448037,12.724847943435003,11.2,-2611.7940900075628
3,-31.57562059557051,-33.84263906448037,12.960394944749137,11.2,-2612.245170301785
3,-31.57562059557051,-33.84263906448037,13.29609663463162,11.2,-2612.6962505960073
3,-31.57562059557051,-33.84263906448037,13.551707759078198,11.2,-2613.1473308902296
3,-31.451493821135166,-33.84604862582978,13.556218966231466,11.2,-2613.5966379448173
3,-31.327367046699823,-33.84945818717919,13.509849375607219,11.2,-2614.04417175977
3,-30.955012210716877,-33.860576068406296,13.418162506099286,11.2,-2614.486386219923
3,-30.58268498534455,-33.87258308341454,13.133410737147706,11.2,-2614.923281719714
3,-29.962243439782128,-33.89555815990594,12.90830188666667,11.2,-2615.3513137688537
3,-29.838178255320425,-33.90074576482553,12.560957890044318,11.2,-2615.7775734582156
3,-29.34189344943014,-33.920903631508615,12.370789941219234,11.2,-2616.196743364636
3,-29.34189344943014,-33.920903631508615,12.25299225913627,11.2,-2616.6159132710563
3,-29.217804904453338,-33.925498655541,12.391594146849231,11.2,-2617.033310483977
3,-29.217804904453338,-33.925498655541,12.550650632678023,11.2,-2617.4507076968976
3,-29.217804904453338,-33.925498655541,12.810008222311373,11.2,-2617.868104909818
3,-29.217804904453338,-33.925498655541,13.127631287736437,11.2,-2618.2855021227388
3,-29.093705740576127,-33.9297973489815,13.060769448530062,11.2,-2618.7011264904613
