phase,x,y,alpha,ref_alpha,dE_I
0,0.0,0.0,91.44193274616288,10.879999999999999,0
0,0.0,0.0,91.44308835121124,10.879999999999999,0
0,0.0,0.0,91.44385039275565,10.879999999999999,0
0,0.0,0.0,91.44469819967664,10.879999999999999,0
0,0.0,0.0,91.44599395910426,10.879999999999999,0
0,0.0,0.0,91.44638349610202,10.879999999999999,0
0,0.0,0.0,91.44625418070814,10.879999999999999,0
0,0.0,0.0,91.44768688375562,10.879999999999999,0
0,0.0,0.0,91.44811415812775,10.879999999999999,0
0,0.0,0.0,91.44865518071121,10.879999999999999,0
0,0.0,0.0,91.45239442086277,10.879999999999999,0
0,0.0,0.0,91.45395550516487,10.879999999999999,0
0,0.0,0.0,91.45605100811775,10.879999999999999,0
0,0.0,0.0,91.45703485156545,10.879999999999999,0
0,0.0,0.0,91.4559872205603,10.879999999999999,0
0,0.0,0.0,91.45805701561237,10.879999999999999,0
0,0.0,0.0,91.46065739956913,10.879999999999999,0
0,0.0,0.0,91.46165956637856,10.879999999999999,0
0,0.0,0.0,91.46461153291439,10.879999999999999,0
0,0.0,0.0,91.4648913561155,10.879999999999999,0
0,0.0,0.0,91.46406234681781,10.879999999999999,0
0,0.0,0.0,91.46485692566982,10.879999999999999,0
0,0.0,0.0,91.46361015939418,10.879999999999999,0
0,0.0,0.0,91.46555436525759,10.879999999999999,0
0,0.0,0.0,91.46593613690474,10.879999999999999,0
0,0.0,0.0,91.46620139273487,10.879999999999999,0
0,0.0,0.0,91.4674117657668,10.879999999999999,0
0,0.0,0.0,91.46760637389747,10.879999999999999,0
0,0.0,0.0,91.46791909931763,10.879999999999999,0
0,0.0,0.0,91.46665986245199,10.879999999999999,0
0,0.0,0.0,91.46592523253653,10.879999999999999,0
0,0.0,0.0,91.46615615473169,10.879999999999999,0
0,0.0,0.0,91.4668606211637,10.879999999999999,0
0,0.0,0.0,91.46750384589555,10.879999999999999,0
0,0.0,0.0,91.46811723305869,10.879999999999999,0
0,0.0,0.0,91.46834116955404,10.879999999999999,0
0,0.0,0.0,91.46961705710349,10.879999999999999,0
0,0.0,0.0,91.46826641546228,10.879999999999999,0
0,0.0,0.0,91.47157978603694,10.879999999999999,0
0,0.0,0.0,91.47167929847774,10.879999999999999,0
0,0.0,0.0,91.47498744444111,10.879999999999999,0
0,0.0,0.0,91.47411839845792,10.879999999999999,0
0,0.0,0.0,91.47476108802692,10.879999999999999,0
0,0.0,0.0,91.47698955676584,10.879999999999999,0
0,0.0,0.0,91.47714663653609,10.879999999999999,0
0,0.0,0.0,91.47767561317364,10.879999999999999,0
0,0.0,0.0,91.47933849527656,10.879999999999999,0
0,0.0,0.0,91.47945791324632,10.879999999999999,0
0,0.0,0.0,91.48014872563303,10.879999999999999,0
0,0.0,0.0,91.47941208156612,10.879999999999999,0
0,0.0,0.0,91.46809075707131,10.879999999999999,0
0,0.0,0.0,91.42701597281292,10.879999999999999,0
0,0.0,0.0,91.42532038452515,10.879999999999999,0
0,0.0,0.0,91.420120332012,10.879999999999999,0
0,0.0,0.0,91.41216928461778,10.879999999999999,0
0,0.0,0.0,91.41136550297787,10.879999999999999,0
0,0.0,0.0,91.38735094906183,10.879999999999999,0
0,0.0,0.0,91.35477802941566,10.879999999999999,0
0,0.0,0.0,91.27632537017507,10.879999999999999,0
0,0.0,0.0,91.21494706892564,10.879999999999999,0
0,0.0,0.0,91.22676168815028,10.879999999999999,0
0,-0.12417350465849462,-0.00014826039653970113,91.10102871142831,10.879999999999999,0
0,-0.12417350465849462,-0.00014826039653970113,90.88202551451334,10.879999999999999,0
0,-0.12417350465849462,-0.00014826039653970113,90.65001580131954,10.879999999999999,0
0,-0.12417350465849462,-0.00014826039653970113,90.50297119412625,10.879999999999999,0
0,-0.12417350465849462,-0.00014826039653970113,90.38062319879621,10.879999999999999,0
0,-0.12417350465849462,-0.00014826039653970113,90.15821832903637,10.879999999999999,0
0,-0.12417350465849462,-0.00014826039653970113,89.80346875566251,10.879999999999999,0
0,-0.12417350465849462,-0.00014826039653970113,89.26964300494403,10.879999999999999,0
0,-0.12417350465849462,-0.00014826039653970113,88.51319807776062,10.879999999999999,0
0,-0.12417350465849462,-0.00014826039653970113,87.5323464897928,10.879999999999999,0
0,-0.12417350465849462,-0.00014826039653970113,86.34179791972107,10.879999999999999,0
0,-0.12417350465849462,-0.00014826039653970113,84.96828560245721,10.879999999999999,0
0,-0.12417350465849462,-0.00014826039653970113,83.48924072563817,10.879999999999999,0
0,-0.12417350465849462,-0.00014826039653970113,81.91936600060721,10.879999999999999,0
0,-0.12417350465849462,-0.00014826039653970113,80.27820721747676,10.879999999999999,0
0,-0.12417350465849462,-0.00014826039653970113,78.52375810016598,10.879999999999999,0
0,-0.12417350465849462,-0.00014826039653970113,76.60166146543266,10.879999999999999,0
0,-0.12417350465849462,-0.00014826039653970113,74.59587113346689,10.879999999999999,0
0,-0.12417350465849462,-0.00014826039653970113,72.58164002594984,10.879999999999999,0
0,-0.12417350465849462,-0.00014826039653970113,70.51062280571414,10.879999999999999,0
0,-0.12417350465849462,-0.00014826039653970113,68.37498921249396,10.879999999999999,0
0,-0.12417350465849462,-0.00014826039653970113,66.24214134406061,10.879999999999999,0
0,-0.12417350465849462,-0.00014826039653970113,64.14778168890392,10.879999999999999,0
0,-0.12417350465849462,-0.00014826039653970113,62.0563163129105,10.879999999999999,0
0,-0.12417350465849462,-0.00014826039653970113,59.764691804783595,10.879999999999999,0
0,-0.12417350465849462,-0.00014826039653970113,57.38388051471642,10.879999999999999,0
0,-0.12417350465849462,-0.00014826039653970113,55.16367934935992,10.879999999999999,0
0,-0.12417350465849462,-0.00014826039653970113,52.86271798940695,10.879999999999999,0
0,-0.12417350465849462,-0.00014826039653970113,50.62178716598381,10.879999999999999,0
0,-0.12417350465849462,-0.00014826039653970113,48.42385207118978,10.879999999999999,0
0,-0.12417350465849462,-0.00014826039653970113,46.22438205288109,10.879999999999999,0
0,-0.12417350465849462,-0.00014826039653970113,44.10619719395432,10.879999999999999,0
0,-0.12417350465849462,-0.00014826039653970113,42.004226180062226,10.879999999999999,0
0,-0.12417350465849462,-0.00014826039653970113,39.934219614509146,10.879999999999999,0
0,-0.12417350465849462,-0.00014826039653970113,37.937898506078874,10.879999999999999,0
0,-0.12417350465849462,-0.00014826039653970113,36.00805496337222,10.879999999999999,0
0,-0.12417350465849462,-0.00014826039653970113,34.178105934203465,10.879999999999999,0
0,-0.12417350465849462,-0.00014826039653970113,32.409222225068774,10.879999999999999,0
0,-0.12417350465849462,-0.00014826039653970113,30.698130363719468,10.879999999999999,0
1,0.0,0.0,29.020325673744754,10.879999999999999,0
2,0.0,0.0,27.383462646589784,10.879999999999999,0
3,0.0,0.0,25.80778510371943,10.879999999999999,0.0
3,-0.12417350465849462,0.00014826039653970113,24.42155814357807,10.879999999999999,-0.001773907209407066
3,-0.49669189440170475,0.0014826014291324796,23.336194785273666,10.879999999999999,-0.008869505700859991
3,-1.1175487965529967,0.00518909020697178,22.60877781511351,10.879999999999999,-0.024834488508759942
3,-1.7228952070767216,0.00518909020697178,22.23452891464037,10.879999999999999,-0.04944727718128454
3,-3.833808674391115,0.017791152051625386,22.080238890722967,10.879999999999999,-0.10421597252972903
3,-5.199709436782885,0.022683735837798907,22.240787312361462,10.879999999999999,-0.1784975359123417
3,-7.186481734902637,0.027428066272649917,22.497154689651044,10.879999999999999,-0.2811615606966651
3,-7.807345717807987,0.02965196799363788,23.052290994158962,10.879999999999999,-0.39269507095106493
3,-7.9315170982382455,0.030393265749205742,22.636395683038305,10.879999999999999,-0.5060024580687541
3,-7.679289427186693,0.030393265749205742,21.702460367372744,10.879999999999999,-0.6157065927428497
3,-6.810126111659445,0.021053056059856398,21.135837598200876,10.879999999999999,-0.7129941086236988
3,-6.685963228021001,0.019422238196102767,20.35261354322298,10.879999999999999,-0.8085078690239988
3,-5.196246522010004,-0.01259907053154409,19.685542015859088,10.879999999999999,-0.8827399621955703
3,-4.07935617007563,-0.05128723795845114,18.966525042823175,10.879999999999999,-0.9410164789109364
3,-2.466683607354459,-0.12257690530563956,18.163906736565824,10.879999999999999,-0.9762548161588572
3,-1.2268244907472827,-0.1907421783586109,17.370729602323816,10.879999999999999,-0.9937808803123899
3,0.3841981249172275,-0.2928252585984943,16.566448666240138,10.879999999999999,-0.9882923356707152
3,2.6135818750310245,-0.45280903033093756,15.70873266843161,10.879999999999999,-0.9509554517417005
3,4.222673116197713,-0.5818059336055,14.887480699265298,10.879999999999999,-0.8906315500817331
3,5.606322054537657,-0.5818059336055,13.96985055811289,10.879999999999999,-0.8105412350169094
3,8.452058751724836,-0.8236253422778596,13.18000962018818,10.879999999999999,-0.6897975385636975
3,9.814079960333626,-0.9262710074955463,12.495646064760106,10.879999999999999,-0.5495963962732171
3,10.681916947400506,-0.9750225365368022,12.531950527360662,10.879999999999999,-0.39699758273892416
3,11.426338496291532,-1.0052591066684222,12.675473695970906,10.879999999999999,-0.23376417564904514
3,13.288335696672497,-1.0519557168159734,12.800606476814156,10.879999999999999,-0.04393080855372375
3,14.529978694454012,-1.0667813548950436,12.352568842475083,10.879999999999999,0.16364031565276213
3,16.392570643182175,-1.0690052481617471,11.810965743247419,10.879999999999999,0.3978198962696503
3,17.137603882286317,-1.065447010480748,11.001580271795834,10.879999999999999,0.6426428088737406
3,21.60763338033517,-1.022748807593147,10.099500990745495,10.879999999999999,0.9513232857356716
3,23.842529174934743,-0.9907256423877903,9.061139899242338,10.879999999999999,1.2919308453775966
3,26.201623964065167,-0.9597401029764716,7.954337927003481,10.879999999999999,1.6662397591499563
3,28.684980765654654,-0.9360188115167966,6.813960918307624,10.879999999999999,2.0760251986593086
3,31.540922515550598,-0.9189689631387357,5.988343301940562,10.879999999999999,2.526609806024317
3,32.53423219360688,-0.9071085090358976,5.541438178630011,10.879999999999999,2.991384551647273
3,32.90665641323155,-0.89865840531817,6.05315132509775,10.879999999999999,3.4614796432648665
3,32.90665641323155,-0.89865840531817,7.240438376085402,10.879999999999999,3.93157473488246
3,32.90665641323155,-0.89865840531817,8.383158661317369,10.879999999999999,4.401669826500053
3,33.1588840842831,-0.89865840531817,8.9660850261568,10.879999999999999,4.875368170561241
3,34.27609514587189,-0.8706401196919207,9.36968401754755,10.879999999999999,5.365026672645125
3,36.014122746453275,-0.8332813935993543,9.001781228766015,10.879999999999999,5.8795141404516
3,37.8764987362183,-0.8043718252213882,8.39089068672802,10.879999999999999,6.420606979540433
3,40.23571011994995,-0.7846534548449975,7.377669215016739,10.879999999999999,6.995402838396861
3,41.9741342286269,-0.7846534548449975,6.187222228907194,10.879999999999999,7.595033327377245
3,45.947493782448106,-0.8226074129673097,4.783984096170769,10.879999999999999,8.251426095697932
3,48.18230461127916,-0.8599672752738661,3.2177657997305795,10.879999999999999,8.93974473300192
3,49.299730205138175,-0.8773130163006457,2.585849466302909,10.879999999999999,9.644026593075322
3,49.17556378119336,-0.875978698094503,3.5809258350757363,10.879999999999999,10.346534647092371
3,48.55470805915092,-0.8722722163618526,4.587596742066569,10.879999999999999,11.04017333365167
3,48.18218754517543,-0.8718274351722335,5.584616792869073,10.879999999999999,11.728490298582747
3,47.6854949426963,-0.8730135166537081,6.336184139457864,10.879999999999999,12.40971165490698
3,47.6854949426963,-0.8730135166537081,6.8353498456044255,10.879999999999999,13.090933011231213
3,48.803018248623516,-0.8636732181952846,7.105535026728433,10.879999999999999,13.788118986211549
3,49.67221791163533,-0.8584841339063096,6.924607758485363,10.879999999999999,14.49772209923491
3,50.9139399768089,-0.8525537377713108,6.427368047698613,10.879999999999999,15.225064098903609
3,52.900710386725414,-0.8478094118454125,5.71124551521003,10.879999999999999,15.980788532999686
3,54.3907881941628,-0.8513676562898362,4.604979109420215,10.879999999999999,16.7577997929163
3,55.63251025933637,-0.8572980524248347,3.3723429557593865,10.879999999999999,17.552549939478247
3,56.1292028618155,-0.8572980524248347,3.44994641977918,10.879999999999999,18.35439569464704
3,56.1292028618155,-0.8572980524248347,4.140349454727294,10.879999999999999,19.15624144981583
3,55.26001972044069,-0.8645627151950839,4.659432243266483,10.879999999999999,19.945670302964984
3,55.011698201487036,-0.8681208412807444,5.12113736250525,10.879999999999999,20.73155170584337
3,54.266793120331656,-0.8823529668821471,5.405280615869542,10.879999999999999,21.50679160756239
3,54.266793120331656,-0.8823529668821471,5.658876461328178,10.879999999999999,22.282031509281413
3,53.77024071052054,-0.8942126657631992,5.7380536753773015,10.879999999999999,23.050177805145992
3,53.64610614812178,-0.8973258086105602,5.828070648419855,10.879999999999999,23.81655075011916
3,53.397829707257436,-0.9032556636867455,5.847496221834381,10.879999999999999,24.579376888794265
3,53.27369514485868,-0.9063688065341065,5.995522369991266,10.879999999999999,25.34042967657796
3,52.65302233286491,-0.9219345207709111,6.190074548371807,10.879999999999999,26.0926157099046
3,51.90819301027188,-0.9397240859994668,6.3147923158316095,10.879999999999999,26.834161324337053
3,51.4116401285432,-0.9515837961518372,6.579577980925084,10.879999999999999,27.568613326173384
3,50.915087246814515,-0.9634435063042076,6.6963884074359905,10.879999999999999,28.295971715413593
3,50.41853436508583,-0.975303216456578,6.905242198665713,10.879999999999999,29.016236492057676
3,49.54959242829455,-0.9970952163881046,7.21903496952663,10.879999999999999,29.72408781246188
3,48.55654613717953,-1.023186057971584,7.399648770344021,10.879999999999999,30.41775275727873
3,48.43241157478077,-1.0262992008189449,7.6845533529292505,10.879999999999999,31.10964435120417
3,46.942752929594725,-1.0618783312760562,7.968245919400492,10.879999999999999,31.780255107341237
3,45.94964716613735,-1.085597751580797,8.261617551554508,10.879999999999999,32.436678638286054
3,45.204817843544326,-1.1033873168093526,8.611452739588103,10.879999999999999,33.082461750336684
3,44.211712080086954,-1.1271067371140935,8.89260612193493,10.879999999999999,33.71405763719507
3,43.21860631662958,-1.1508261574188343,9.24785939090923,10.879999999999999,34.33146629886121
3,42.22550055317221,-1.1745455777235752,9.548137287823284,10.879999999999999,34.934687735335096
3,41.3565090556246,-1.19426252387573,9.78620530251881,10.879999999999999,35.525495007558305
3,41.10821916242711,-1.199599489818282,9.990914991369573,10.879999999999999,36.112755281307265
3,39.61840900011636,-1.2280637410210877,10.24993944414516,10.879999999999999,36.6787325527375
3,38.99761582354029,-1.2377002821306222,10.374763408075397,10.879999999999999,37.235841350216646
3,38.376801405348075,-1.2458543714493904,10.416086886233021,10.879999999999999,37.784081370293045
3,37.75595630436606,-1.2510434162852826,10.485015142912433,10.879999999999999,38.32345217464113
3,37.383437914622846,-1.2523777573178754,10.487758893126564,10.879999999999999,38.85750128770717
3,37.13509090530586,-1.2523777573178754,10.346162335825346,10.879999999999999,39.388002586354396
3,37.01091810872479,-1.2519329769736778,10.173598706519812,10.879999999999999,39.91672998790761
3,36.762577472080395,-1.2501538682782851,9.944397012678923,10.879999999999999,40.441909666080186
3,36.63841104813558,-1.2488195500721424,9.692384602699544,10.879999999999999,40.96531553819641
3,36.39008952918193,-1.2452614239864819,9.394619897324537,10.879999999999999,41.48517396004186
3,36.26593585018258,-1.2430376363965492,9.143926566887549,10.879999999999999,42.00325875790161
3,36.01763392048111,-1.2382935900207337,8.976613969793592,10.879999999999999,42.51779638533706
3,35.396893846885554,-1.225692318634726,9.003786423493876,10.879999999999999,43.02346629743542
3,34.77615377329,-1.2130910472487182,9.152598109685176,10.879999999999999,43.520268494196706
3,33.907078020294556,-1.1975245341191896,9.440691704793421,10.879999999999999,44.00465532305806
3,32.66547042552627,-1.179733903690887,9.848198608150701,10.879999999999999,44.47130490056558
3,31.547972610022953,-1.1677250398356025,10.284654140569975,10.879999999999999,44.921990223565906
3,30.554610063445377,-1.1606086050540318,10.756445671560874,10.879999999999999,45.358484653043696
3,29.06453225600799,-1.157050360609608,11.236900626390744,10.879999999999999,45.773692256700954
3,28.071143274635723,-1.1570503606096083,11.652671118831352,10.879999999999999,46.17470858919575
3,27.20192874202626,-1.1580881833853862,12.018950730959826,10.879999999999999,46.5633075712247
3,26.581061218733787,-1.1588294853680847,12.314268452049042,10.879999999999999,46.943037017206606
3,26.581061218733787,-1.1588294853680847,12.21307800717686,10.879999999999999,47.322766463188515
3,26.829408464076852,-1.1588294853680847,11.78967161650184,10.879999999999999,47.70604372696104
3,27.45027126685989,-1.1610533828619267,11.233767825853375,10.879999999999999,48.09819045934476
3,27.94695301218872,-1.1646116036343992,10.539523377969093,10.879999999999999,48.49743264523317
3,27.94695301218872,-1.1646116036343992,9.77507227578623,10.879999999999999,48.89667483112158
3,27.822783755974587,-1.1635737926945744,9.55097944364802,10.879999999999999,49.294143170492646
3,27.698617332029773,-1.1622394744884317,9.795892456238596,10.879999999999999,49.689837703807356
3,27.201945971711876,-1.1574952161964966,9.956295691632798,10.879999999999999,50.07843693197467
3,26.70525761768922,-1.1551230599969657,10.193383291935056,10.879999999999999,50.45994061222738
3,25.960218005894312,-1.1533439360838966,10.581665381680947,10.879999999999999,50.83080086945444
3,25.09100347328485,-1.1523061133081187,10.845974149743531,10.879999999999999,51.189243776215655
3,24.59431087080572,-1.1534921947895933,11.125785679291614,10.879999999999999,51.54059107437002
3,23.97345396865443,-1.1571986835674326,11.313666114545125,10.879999999999999,51.88306898820794
3,23.84928258822417,-1.1579399813230005,11.547106251412036,10.879999999999999,52.22377302518257
3,24.22180097796738,-1.1566056402904077,11.668812121083503,10.879999999999999,52.569798753439244
3,24.71849405249732,-1.1554195576816948,11.325377597934374,10.879999999999999,52.92292009704635
3,25.215188071131298,-1.1554195576816948,10.864563416262211,10.879999999999999,53.28313706949108
3,26.581042100910484,-1.1668354129225653,10.209734829446981,10.879999999999999,53.66286624236123
3,27.07764407245096,-1.1763234696047715,9.480168489322432,10.879999999999999,54.04968972911053
3,27.201785714957758,-1.1791401761979365,8.803794060740296,10.879999999999999,54.438286667895646
3,27.201785714957758,-1.1791401761979365,9.39579135025287,10.879999999999999,54.82688360668076
3,26.829341670800424,-1.1715794133663318,9.861027293940634,10.879999999999999,55.21015991626362
3,26.3327170421713,-1.1632772217426526,10.180597131030963,10.879999999999999,55.58634158829464
3,26.084382070057472,-1.160905099360008,10.423379116379879,10.879999999999999,55.958975617866884
3,25.9602092734764,-1.1604603190158105,10.655675586787206,10.879999999999999,56.32983575034512
3,26.45690234800634,-1.1616464016245232,10.802198805324325,10.879999999999999,56.70779149817378
3,26.82942073774955,-1.162980742657116,10.462471111230329,10.879999999999999,57.09106893728449
3,27.450284720654903,-1.165204644378104,10.028382036494595,10.879999999999999,57.483215861865276
3,28.691984363580595,-1.1741001624924363,9.526424879397997,10.879999999999999,57.89310135277357
3,29.43697299435813,-1.1829955791562146,8.932070577421982,10.879999999999999,58.313629538407255
3,29.561139418302943,-1.1843298973623573,8.221944378779858,10.879999999999999,58.7359315300973
3,29.561139418302943,-1.1843298973623573,8.496765013680296,10.879999999999999,59.15823352178734
3,29.188619612404885,-1.1838851170181597,9.025852445824384,10.879999999999999,59.57521380196455
3,28.69193125838223,-1.1862572732176906,9.441125077628001,10.879999999999999,59.985098534227156
3,28.44359557822328,-1.188629402363658,9.766258299149717,10.879999999999999,60.39143561391606
3,28.44359557822328,-1.188629402363658,10.0410055363335,10.879999999999999,60.79777269360496
3,28.81608352112175,-1.1837369580718549,10.197665341005154,10.879999999999999,61.20943102962099
3,29.188591289764158,-1.1806235252523805,9.812329355027774,10.879999999999999,61.62641090518905
3,29.933623820798143,-1.177065290953084,9.357124464658456,10.879999999999999,62.05403410262902
3,30.67866484874911,-1.177065290953084,8.804285351161933,10.879999999999999,62.49230074332544
3,32.168667600996976,-1.191297957615871,8.11462872729519,10.879999999999999,62.95185313762539
3,32.168667600996976,-1.191297957615871,7.72202213295084,10.879999999999999,63.41140553192535
3,32.044508965681764,-1.1893706493939642,8.49077212480675,10.879999999999999,63.869184231435085
3,31.672020314766435,-1.1844781958027033,9.13350982887446,10.879999999999999,64.32164166450318
3,31.299513254177228,-1.181364768901168,9.34414279808654,10.879999999999999,64.76877756813428
3,31.299513254177228,-1.181364768901168,9.417434959373223,10.879999999999999,65.21591347176539
3,31.920376056960265,-1.18358866639501,9.388853281989682,10.879999999999999,65.67191884400768
3,32.0445453131744,-1.1846264773348347,8.82525910384603,10.879999999999999,66.12969806276732
3,32.665377432898474,-1.1912980683655483,8.589734707434689,10.879999999999999,66.59634631180873
3,32.78954385684329,-1.192632386571691,8.536875626157844,10.879999999999999,67.06476836690649
3,32.78954385684329,-1.192632386571691,8.906061561764158,10.879999999999999,67.53319042200425
3,32.54119755560372,-1.192632386571691,9.17246391367053,10.879999999999999,67.99806467279859
3,32.78711953487899,-1.192632386571691,9.304203862238266,10.879999999999999,68.46645209472544
3,33.40798351778434,-1.190408484850703,9.265482168652035,10.879999999999999,68.94370900212236
3,33.904676592314274,-1.1892224022419902,8.745695443217153,10.879999999999999,69.4280615248697
3,34.40136966684421,-1.1880363196332773,8.14373689840914,10.879999999999999,69.91950966296749
3,35.39473882216057,-1.1927805959609212,7.480447911587967,10.879999999999999,70.42514878899836
3,35.270572398215755,-1.1914462777547785,7.543157421682615,10.879999999999999,70.92901410897286
3,35.02223648204149,-1.1890741463543677,8.162038411322325,10.879999999999999,71.42933177300203
3,34.64973721020705,-1.1850711917359396,8.66371935403244,10.879999999999999,71.92432801886213
3,34.27723793837261,-1.1810682371175114,8.947022732408273,10.879999999999999,72.41400284655316
3,34.15306679396412,-1.1803269407709813,8.919017920164444,10.879999999999999,72.90190380075265
3,34.277240298622615,-1.180475201167521,8.82423170161359,10.879999999999999,73.39157866216155
3,34.40141380328111,-1.1803269407709813,8.604808513185153,10.879999999999999,73.88302743077985
3,34.40141380328111,-1.1803269407709813,8.288898812784817,10.879999999999999,74.37447619939815
3,34.52558659986218,-1.1798821604267837,8.217213122889238,10.879999999999999,74.86769886511047
3,34.1530724585714,-1.1821060536934873,8.379963664887983,10.879999999999999,75.35559990023292
3,33.90473158590699,-1.1838851640797237,8.673189961204692,10.879999999999999,75.83995320860302
3,33.65639071324257,-1.18566427446596,8.855635347955964,10.879999999999999,76.32075879022076
3,33.40804984057816,-1.1874433848521964,9.021988637294408,10.879999999999999,76.79801664508616
3,33.03554207193575,-1.1905568176716708,9.154369108982955,10.879999999999999,77.26995296039954
3,32.91137281572161,-1.1915946286114956,9.346503839718668,10.879999999999999,77.74011542919555
3,32.91137281572161,-1.1915946286114956,9.453855258679392,10.879999999999999,78.21027789799157
3,33.15729479499688,-1.1915946286114956,9.4520054611105,10.879999999999999,78.6839535379201
3,33.405635667661294,-1.1898155182252592,9.36995662539264,10.879999999999999,79.16117690460098
3,33.77815334933112,-1.188481179728954,9.107280395760267,10.879999999999999,79.64372195244857
3,34.27484784001725,-1.1884811797289538,8.606523437709539,10.879999999999999,80.13336263587739
3,34.27484784001725,-1.1884811797289538,8.0557882829844,10.879999999999999,80.6230033193062
3,34.27484784001725,-1.1884811797289538,8.449188439187472,10.879999999999999,81.11264400273502
3,34.02650153877769,-1.1878881389882165,8.697802362584765,10.879999999999999,81.59873688186042
3,33.653983149034474,-1.1865537979556238,8.841582206280993,10.879999999999999,82.07950806970376
3,33.281463343136416,-1.1869985782998214,8.972453102691233,10.879999999999999,82.55495754603429
3,32.90894920184564,-1.189222471566525,9.14508910937344,10.879999999999999,83.02508539177494
3,32.66302722257037,-1.189222471566525,9.30367158891278,10.879999999999999,83.49170006638309
3,32.66302722257037,-1.189222471566525,9.341601522774226,10.879999999999999,83.95831474099124
3,32.66302722257037,-1.189222471566525,9.309608788692438,10.879999999999999,84.4249294155994
3,32.66302722257037,-1.189222471566525,9.24158755747406,10.879999999999999,84.89154409020755
3,32.66302722257037,-1.189222471566525,9.10949053217368,10.879999999999999,85.3581587648157
3,32.66302722257037,-1.189222471566525,8.956227039321456,10.879999999999999,85.82477343942385
3,32.66302722257037,-1.189222471566525,8.774872591412146,10.879999999999999,86.291388114032
3,32.66302722257037,-1.189222471566525,8.825690265594117,10.879999999999999,86.75800278864016
3,32.53885584214011,-1.1899637693220928,8.901776382937326,10.879999999999999,87.22284358638501
3,32.53885584214011,-1.1899637693220928,8.979609188826716,10.879999999999999,87.68768438412987
3,32.41468304555904,-1.1904085496662904,8.9797309434136,10.879999999999999,88.15075128478071
3,32.41468304555904,-1.1904085496662904,8.96549581078699,10.879999999999999,88.61381818543155
3,32.290509540900544,-1.19055681006283,8.885988489328923,10.879999999999999,89.07511117887299
3,32.290509540900544,-1.19055681006283,8.849081653910684,10.879999999999999,89.53640417231442
3,32.16633603624205,-1.1904085496662904,8.909789024209472,10.879999999999999,89.99592325854645
3,32.04216323966098,-1.1899637693220928,8.871047068881136,10.879999999999999,90.45366844768446
3,32.04216323966098,-1.1899637693220928,8.86182319842451,10.879999999999999,90.91141363682247
3,32.04216323966098,-1.1899637693220928,8.814429278045509,10.879999999999999,91.36915882596048
3,32.04216323966098,-1.1899637693220928,8.734538264307725,10.879999999999999,91.82690401509849
3,31.91799185923072,-1.189222471566525,8.757751403934595,10.879999999999999,92.28287532737322
3,31.793822603016586,-1.1881846606267001,8.752457996861722,10.879999999999999,92.7370727931306
3,31.793822603016586,-1.1881846606267001,8.782335256115308,10.879999999999999,93.19127025888797
3,31.669656179071772,-1.1868503424205574,8.737696566090749,10.879999999999999,93.643693918589
3,31.545493295433328,-1.1852195245568038,8.768076470907856,10.879999999999999,94.09434382280946
3,31.421334660118116,-1.183292216334897,8.822664332184232,10.879999999999999,94.54322003223972
3,31.173022109810454,-1.1791411165779027,8.849722396886317,10.879999999999999,94.98854891952273
3,30.924700590856798,-1.1755829904922421,9.151494319697877,10.879999999999999,95.43033035653497
3,30.17969355037995,-1.1684666030543396,9.383022736415489,10.879999999999999,95.8614688358261
3,29.683005196357296,-1.1660944468548087,9.840278428403849,10.879999999999999,96.28551176720264
3,28.813800576797863,-1.169207891510235,10.200627151826861,10.879999999999999,96.69713748972832
3,28.31714196163135,-1.1751381636500278,10.629215720058317,10.879999999999999,97.1016680891802
3,27.820517333002226,-1.183440355273707,10.986706507864643,10.879999999999999,97.49910405108022
3,27.57222767577631,-1.1887773161440736,11.292694595919578,10.879999999999999,97.89299301787703
3,28.068806990228136,-1.1781033944033403,11.507046494316413,10.879999999999999,98.2939759748803
3,28.068806990228136,-1.1781033944033403,11.235147964460966,10.879999999999999,98.69495893188356
3,29.062090234023774,-1.1638709306398685,10.946823204011965,10.879999999999999,99.11013164951247
3,29.931288244883188,-1.1586818562141579,10.267220942405467,10.879999999999999,99.53772148158222
3,31.172999689028632,-1.1646122016237128,9.546546442852181,10.879999999999999,99.98305004856834
3,32.16624611437287,-1.1812165375293024,8.750930404022228,10.879999999999999,100.44256785020224
3,32.29039412909198,-1.183736791806504,8.225037312438499,10.879999999999999,100.90385919490355
3,32.29039412909198,-1.183736791806504,8.631795806481081,10.879999999999999,101.36515053960485
3,31.917895565294586,-1.179733844796783,9.109681240613288,10.879999999999999,101.82112047625192
3,31.66955469263017,-1.1779547344105468,9.462714173863247,10.879999999999999,102.27354268614664
3,31.048694250091756,-1.178696027938993,9.69797264548519,10.879999999999999,102.71709546114795
3,31.048694250091756,-1.178696027938993,9.843043457451554,10.879999999999999,103.16064823614926
3,31.42120768331722,-1.1764721388994028,9.863663852916229,10.879999999999999,103.60952263162521
3,31.793728197292705,-1.1760273577097837,9.60676505381341,10.879999999999999,104.06371874872939
3,32.53875860411864,-1.1795855818639787,9.346857551023612,10.879999999999999,104.52855815735965
3,33.28372103696537,-1.1902599296865826,8.973869865880673,10.879999999999999,105.00403988645915
3,33.78030035141719,-1.2009338514273158,8.457781395616099,10.879999999999999,105.48661560576511
3,33.90444199392399,-1.2037505580204808,8.187620413591546,10.879999999999999,105.97096477710689
3,34.02859543693521,-1.2059743413834945,8.472063402383792,10.879999999999999,106.4570875690631
3,33.65609687313782,-1.2019713943737733,8.612783225360236,10.879999999999999,106.93788895296507
3,33.40775127997366,-1.2013783553238906,8.723600937531835,10.879999999999999,107.41514254267898
3,33.159407102962334,-1.202564433423656,8.906188320038648,10.879999999999999,107.88884835843558
3,32.91107142280338,-1.2049365625696236,9.258467900727071,10.879999999999999,108.35900652161848
3,33.035237846748196,-1.2036022443634808,9.490885309044533,10.879999999999999,108.83093849085775
3,33.159407102962334,-1.202564433423656,9.36033659486162,10.879999999999999,109.30464430661435
3,33.159407102962334,-1.202564433423656,9.002875075584946,10.879999999999999,109.77835012237095
3,33.65609545698499,-1.2001922772241251,8.571087444965197,10.879999999999999,110.25915148604217
3,33.65609545698499,-1.2001922772241251,8.544770672715071,10.879999999999999,110.73995284971339
3,33.5319219523265,-1.2003405376206648,8.862628283985547,10.879999999999999,111.2189803061752
3,33.407748447668006,-1.2001922772241251,9.042090395514881,10.879999999999999,111.6962338554276
3,33.5319219523265,-1.2003405376206648,9.106657666913815,10.879999999999999,112.1752613118894
3,33.5319219523265,-1.2003405376206648,9.055120852562,10.879999999999999,112.65428876835121
3,33.5319219523265,-1.2003405376206648,8.89738962645934,10.879999999999999,113.13331622481302
3,33.5319219523265,-1.2003405376206648,8.665839318559454,10.879999999999999,113.61234368127482
3,33.65609545698499,-1.2001922772241251,8.580779796532648,10.879999999999999,114.09314504494604
3,33.5319219523265,-1.2003405376206648,8.484247799564388,10.879999999999999,114.57217250140785
3,33.407748447668006,-1.2001922772241251,8.57297931985601,10.879999999999999,115.04942605066024
3,33.407748447668006,-1.2001922772241251,8.669721314716805,10.879999999999999,115.52667959991264
3,33.159401910403034,-1.199599235919769,8.677246393662559,10.879999999999999,116.00038534148983
3,33.159401910403034,-1.199599235919769,8.591662832918823,10.879999999999999,116.47409108306702
3,33.159401910403034,-1.199599235919769,8.482264397681421,10.879999999999999,116.94779682464421
3,33.159401910403034,-1.199599235919769,8.384044037891163,10.879999999999999,117.4215025662214
3,33.159401910403034,-1.199599235919769,8.328685698123266,10.879999999999999,117.8952083077986
3,33.159401910403034,-1.199599235919769,8.242523434881956,10.879999999999999,118.36891404937579
3,33.159401910403034,-1.199599235919769,8.114572007391828,10.879999999999999,118.84261979095298
3,33.03522911382196,-1.1991544555755713,8.111647045029994,10.879999999999999,119.31455163543615
3,32.91105773339171,-1.1984131578200035,8.090477366450322,10.879999999999999,119.78470960305603
3,32.66513575411644,-1.1984131578200035,8.244325590676954,10.879999999999999,120.2513543995434
3,32.29262161282566,-1.1961892645532999,8.52007241410689,10.879999999999999,120.71267756544091
3,31.423408732396858,-1.1951514437501722,8.858898805187621,10.879999999999999,121.16158340447515
3,30.678376201362873,-1.1987096780494686,9.225603528248591,10.879999999999999,121.59984592163748
3,29.68506180313766,-1.2105701885127247,9.672658106683016,10.879999999999999,122.02391823311088
3,28.94015672198228,-1.2248023141141275,10.085114398685269,10.879999999999999,122.4373490434249
3,28.195328107265613,-1.2425918624357055,10.471114243989623,10.879999999999999,122.84013944495727
3,27.574694235088888,-1.259639669182747,10.818212660867129,10.879999999999999,123.23406364831568
3,27.202339399105945,-1.2707575504098534,11.097360657525169,10.879999999999999,123.62266849687434
3,27.202339399105945,-1.2707575504098534,11.171250495266278,10.879999999999999,124.011273345433
3,27.326480805647503,-1.2679408491706108,10.892670500596774,10.879999999999999,124.40165164265653
3,27.82312242754532,-1.2608246172888748,10.561874846323393,10.879999999999999,124.79912482019289
3,28.443982870087773,-1.2586007282492846,10.028556939048876,10.879999999999999,125.20546743262271
3,29.06483859213021,-1.262307209981935,9.602283646350203,10.879999999999999,125.62067941251028
3,29.06483859213021,-1.262307209981935,9.208617562879695,10.879999999999999,126.03589139239786
3,28.940672168185397,-1.2609728917757923,9.560706538605334,10.879999999999999,126.44932956622908
3,28.692342624592886,-1.2580077528878664,9.824446628453785,10.879999999999999,126.85922017515183
3,28.692342624592886,-1.2580077528878664,10.038879864887614,10.879999999999999,127.26911078407458
3,28.692342624592886,-1.2580077528878664,9.914985267051486,10.879999999999999,127.67900139299734
3,28.444006944433937,-1.2556356237418989,9.739955921206423,10.879999999999999,128.0853443493464
3,28.444006944433937,-1.2556356237418989,9.71680274772949,10.879999999999999,128.49168730569545
3,28.444006944433937,-1.2556356237418989,9.862814709206049,10.879999999999999,128.8980302620445
3,28.444006944433937,-1.2556356237418989,9.921317554414642,10.879999999999999,129.30437321839355
3,28.444006944433937,-1.2556356237418989,9.957701848501902,10.879999999999999,129.7107161747426
3,28.444006944433937,-1.2556356237418989,10.00570312857873,10.879999999999999,130.11705913109165
3,28.444006944433937,-1.2556356237418989,10.025177411065094,10.879999999999999,130.5234020874407
3,28.444006944433937,-1.2556356237418989,10.040487337343315,10.879999999999999,130.92974504378975
3,28.56818044909243,-1.2557838841384386,10.016050792858316,10.879999999999999,131.3378619073482
3,28.940698130762254,-1.2571182226347437,9.989840088769634,10.879999999999999,131.7513004520734
3,29.43735532987486,-1.2630484778663718,9.884454813836754,10.879999999999999,132.17183409964304
3,29.933933228498873,-1.273722369174032,9.532630001176438,10.879999999999999,132.599461717193
3,30.430423334691525,-1.2879534126909196,9.31793638675311,10.879999999999999,133.03418205054575
3,30.430423334691525,-1.2879534126909196,9.097103809454229,10.879999999999999,133.4689023838985
3,30.55455789709028,-1.2910665555382805,9.497606697678346,10.879999999999999,133.90539606814264
3,30.430410118348526,-1.288546306051514,9.799569567031023,10.879999999999999,134.34011621269048
3,30.802886024294168,-1.2943282307172348,10.017131604833416,10.879999999999999,134.78015744160896
3,31.175374675209497,-1.2992206843084957,9.748634871329422,10.879999999999999,135.2255199369691
3,31.92036330598703,-1.3081161009722737,9.337665683160104,10.879999999999999,135.68152512705464
3,32.665327862848,-1.3187904792292553,8.868003056813944,10.879999999999999,136.14817266795248
3,33.28609625784475,-1.3299094171789188,8.15114417861306,10.879999999999999,136.62368832877883
3,33.28609625784475,-1.3299094171789188,8.18696870785279,10.879999999999999,137.09920398960517
3,33.65858278471192,-1.334801842871855,8.554824282347475,10.879999999999999,137.58004088652962
3,33.41023719154776,-1.3342088038219724,8.805335171663664,10.879999999999999,138.057329989266
3,33.28606604713927,-1.3349501001685025,8.931034134887382,10.879999999999999,138.53284521851086
3,33.28606604713927,-1.3349501001685025,9.016407858105138,10.879999999999999,139.0083604477557
3,33.6585546980546,-1.3300576465772416,8.991980132953989,10.879999999999999,139.4891969434422
3,34.1552260583725,-1.3253133882853065,8.651710214293958,10.879999999999999,139.97712874427611
3,34.403570235383825,-1.324127310185541,8.172020641545444,10.879999999999999,140.4686083190673
3,34.403570235383825,-1.324127310185541,8.156837071282048,10.879999999999999,140.96008789385849
3,34.403570235383825,-1.324127310185541,8.577790473216357,10.879999999999999,141.45156746864967
3,34.03106246674142,-1.3272407430050155,8.863337421911538,10.879999999999999,141.93772550388883
3,33.9068960427966,-1.3285750612111582,9.00271530588617,10.879999999999999,142.42210973307164
3,34.52774114377862,-1.323386016375266,9.012470315059932,10.879999999999999,142.91536317798275
3,34.776087445018184,-1.3227929756345287,8.525620508902056,10.879999999999999,143.4121644271973
3,35.272780047497314,-1.3239790571160033,7.922098794090271,10.879999999999999,143.91606128501869
3,35.396952844078385,-1.3244238374602009,7.287542768882397,10.879999999999999,144.42173203993408
3,35.396952844078385,-1.3244238374602009,7.714353091939946,10.879999999999999,144.92740279484948
3,35.14860630681341,-1.3238307961558446,7.971728676379866,10.879999999999999,145.42952574208968
3,34.900259297496426,-1.3238307961558446,8.04852677682293,10.879999999999999,145.92810087491105
3,34.27940357545398,-1.327537277888495,8.106821798918098,10.879999999999999,146.41780664027468
3,33.90690430361954,-1.3315402325069232,8.344612155882114,10.879999999999999,146.90219098746925
3,33.53442910566653,-1.3373221461825164,8.531075638805133,10.879999999999999,147.38125426040736
3,32.91368903207098,-1.3499234175685242,8.732231008358584,10.879999999999999,147.85144981800838
3,32.66541282716542,-1.3558532670090502,8.93225591904734,10.879999999999999,148.31809857268217
3,32.04477895498869,-1.3729010737560914,9.13233464143599,10.879999999999999,148.775881129182
3,31.672424119005747,-1.3840189549832151,9.341444129211915,10.879999999999999,149.2283443308821
3,31.0518787433852,-1.4040306466636188,9.48449583758414,10.879999999999999,149.67194259864473
3,30.92776966826109,-1.4080329849996995,9.628143974526337,10.879999999999999,150.1137678796199
3,30.43131448886619,-1.42344959714169,9.67186962292772,10.879999999999999,150.54850094374655
3,30.30719621020521,-1.4271555575507313,9.813430477969186,10.879999999999999,150.9814608896066
3,30.183069435769866,-1.4305651189001396,9.85326811786866,10.879999999999999,151.41264759583188
3,30.307210842311424,-1.427748417660897,9.795923964322895,10.879999999999999,151.84560775072205
3,30.67968604026443,-1.4219665039853038,9.510955802320392,10.879999999999999,152.2838889798687
3,30.803852464209243,-1.420632185779161,9.108951852048683,10.879999999999999,152.72394401507168
3,30.679683207995108,-1.4216699967189859,8.789410790227974,10.879999999999999,153.16222520375732
3,30.679683207995108,-1.4216699967189859,9.011071970973855,10.879999999999999,153.60050639244295
3,30.43133903098378,-1.4228560748187513,9.119766983648464,10.879999999999999,154.03523980717128
3,30.18299485397245,-1.4240421529185168,9.32300301332225,10.879999999999999,154.46642544794233
3,29.68632349365455,-1.4287864112104518,9.407088840543079,10.879999999999999,154.89051578356597
3,29.562160610016107,-1.4304172290742054,9.545687082946952,10.879999999999999,155.31283236370905
3,29.189684704070466,-1.4361991537399261,9.787605132722343,10.879999999999999,155.72982785948147
3,29.065526068755254,-1.438126461961833,9.91721707316581,10.879999999999999,156.14504966046368
3,28.94136318511681,-1.4397572798255867,10.063339089586352,10.879999999999999,156.55849770596535
3,28.94136318511681,-1.4397572798255867,10.012046207120536,10.879999999999999,156.97194575146702
3,29.18970311370195,-1.4379781762027202,9.822351811953578,10.879999999999999,157.3889415102342
3,29.313876618360442,-1.4378299158061805,9.631067595418976,10.879999999999999,157.80771117621077
3,29.18970311370195,-1.4379781762027202,9.558540698205835,10.879999999999999,158.22470693497795
3,29.065529609043455,-1.4381264365992599,9.877950661736927,10.879999999999999,158.6399287865357
3,28.81718330780389,-1.4387194773399972,10.106876030635018,10.879999999999999,159.05160283379004
3,28.81718330780389,-1.4387194773399972,10.270954590289818,10.879999999999999,159.46327688104438
3,29.18970311370195,-1.4382746969957996,10.267190139027235,10.879999999999999,159.88027263981155
3,29.56222150344516,-1.4396090380283924,9.943937611481603,10.879999999999999,160.30259008986076
3,30.058902776733945,-1.4431672554191777,9.699981049416296,10.879999999999999,160.73200298667123
3,30.92804131016371,-1.4545829587667187,9.399135958825843,10.879999999999999,161.173832148245
3,31.67290815809973,-1.4705937957282091,8.90288022463662,10.879999999999999,161.62630226478927
3,31.672908158099727,-1.4705937957282091,8.41785151663737,10.879999999999999,162.07877238133355
3,31.672908158099727,-1.4705937957282091,8.805186813516146,10.879999999999999,162.53124249787783
3,31.424606464381267,-1.4658497538610749,9.32229953748365,10.879999999999999,162.980165447369
3,31.052118521482797,-1.4609573095692716,9.746498183150912,10.879999999999999,163.42376714053302
3,30.927949265268662,-1.4599194986294468,10.067326426196402,10.879999999999999,163.86559498717972
3,31.176290137933076,-1.461698609015683,9.87805775736569,10.879999999999999,164.31097056057877
3,31.672961498250974,-1.466442867307618,9.623028776093184,10.879999999999999,164.76344143912522
3,32.293753494839315,-1.4760793901002733,9.222761354214995,10.879999999999999,165.22478077476578
3,33.28685548295934,-1.499798720234545,8.850700887511259,10.879999999999999,165.7003072816652
3,33.53908315401089,-1.499798720234545,8.511553918763513,10.879999999999999,166.1794370410082
3,33.663209928446236,-1.5032082815839534,8.60832194459469,10.879999999999999,166.660340039986
3,33.663209928446236,-1.5032082815839534,9.04717022285042,10.879999999999999,167.1412430389638
3,33.53905648543501,-1.5009844982209397,9.388695373364852,10.879999999999999,167.62037241732716
3,33.53905648543501,-1.5009844982209397,9.648042693595102,10.879999999999999,168.09950179569051
3,34.15990276650569,-1.5061735529200637,9.700305535004455,10.879999999999999,168.5875004066406
3,34.53241690779647,-1.5083974461867673,9.300620915754447,10.879999999999999,169.08082064818055
3,35.77412009101844,-1.5172929896637306,8.856860536105291,10.879999999999999,169.59187950662366
3,37.01576662893473,-1.5321186700132123,8.18031618967629,10.879999999999999,170.1206761727513
3,37.88487707614122,-1.5456098275665604,7.385934848404952,10.879999999999999,170.66188870241047
3,38.133198595094875,-1.549167953652221,6.635450805888652,10.879999999999999,171.2066486823404
3,38.25736501903969,-1.5505022718583636,6.919186126420547,10.879999999999999,171.75318246832666
3,37.7606837457509,-1.5469440544675783,7.4684780165993665,10.879999999999999,172.29262080755166
3,37.263991143271774,-1.5469440544675783,7.838117209752788,10.879999999999999,172.8249635381698
3,36.76730986998299,-1.5505022718583636,8.094548757943146,10.879999999999999,173.35021082202672
3,36.394821927084514,-1.555394716150167,8.436015046947446,10.879999999999999,173.8701368495565
3,36.146520233366054,-1.5601387580173012,8.647854621007147,10.879999999999999,174.38651571003317
3,35.77409530584565,-1.5685888777967965,8.780062013439293,10.879999999999999,174.8975742144024
3,35.77409530584565,-1.5685888777967965,8.912199516879973,10.879999999999999,175.40863271877163
3,36.14653864207091,-1.5610281293364971,8.966896500929577,10.879999999999999,175.9250118422298
3,36.39486016102456,-1.5574700032508366,8.68926342651916,10.879999999999999,176.44493841595872
3,36.519026584969374,-1.556135685044694,8.313324509007307,10.879999999999999,176.966638795744
3,36.519026584969374,-1.556135685044694,8.475628502268753,10.879999999999999,177.48833917552926
3,36.39486016102456,-1.5574700032508366,8.755704792614509,10.879999999999999,178.0082657492582
3,35.89820107383954,-1.5634002810266892,8.882294913660775,10.879999999999999,178.5210971931702
3,35.89820107383954,-1.5634002810266892,9.022047196077185,10.879999999999999,179.0339286370822
3,35.89820107383954,-1.5634002810266892,9.032490488362182,10.879999999999999,179.5467600809942
3,36.270708134428745,-1.5602868541251538,8.867222541022317,10.879999999999999,180.06491305434318
3,36.51905254746346,-1.5591007748981538,8.581046373673235,10.879999999999999,180.58661380502122
3,36.3948811670332,-1.5598420726537217,8.286495317367383,10.879999999999999,181.10654067883598
3,36.270709786602936,-1.5605833704092895,8.472309813998914,10.879999999999999,181.62469367578746
3,36.02236914995854,-1.5623624791046822,8.58506275387526,10.879999999999999,182.13929894935828
3,35.77403323378428,-1.5647346105050932,8.647936496558676,10.879999999999999,182.65035656698376
3,35.77403323378428,-1.5647346105050932,8.634024294263106,10.879999999999999,183.16141418460924
3,35.64986397757014,-1.565772421444918,8.542788380467677,10.879999999999999,183.6706979557174
3,35.64986397757014,-1.565772421444918,8.410736317454168,10.879999999999999,184.17998172682556
3,35.64986397757014,-1.565772421444918,8.32776496315747,10.879999999999999,184.68926549793372
3,35.64986397757014,-1.565772421444918,8.225196823628213,10.879999999999999,185.19854926904188
3,35.64986397757014,-1.565772421444918,8.09426288126046,10.879999999999999,185.70783304015004
3,35.64986397757014,-1.565772421444918,7.994276170549388,10.879999999999999,186.2171168112582
3,35.52569259713988,-1.5665137192004859,7.954427608106075,10.879999999999999,186.72462670550306
3,35.40151980055881,-1.5669584995446835,7.871539682431722,10.879999999999999,187.2303627026539
3,35.277346295900315,-1.5671067599412232,7.843110679604069,10.879999999999999,187.73432479259534
3,34.90482578192483,-1.566661978751604,7.865806440667075,10.879999999999999,188.23296516090855
3,34.53230526794934,-1.566217197561985,8.11148825845633,10.879999999999999,188.72628380759355
3,34.03561077726321,-1.5662171975619852,8.33036879992258,10.879999999999999,189.2125068186973
3,32.918057732253736,-1.5702202130509006,8.703743215724417,10.879999999999999,189.68276478630094
3,31.67641473447222,-1.5850458511299708,9.143731836210488,10.879999999999999,190.1352849967934
3,30.93150965331684,-1.5992779767313736,9.684343149986985,10.879999999999999,190.5771637061265
3,29.93840483369462,-1.6229973744934776,10.196599484529278,10.879999999999999,191.0048552037507
3,28.945424621309314,-1.6514594615272526,10.66119017677345,10.879999999999999,191.4183612697694
3,28.07666109544055,-1.6794758298798587,11.149138734831846,10.879999999999999,191.81945642827569
3,27.45611571982,-1.6994875215602916,11.563505979286772,10.879999999999999,192.21168665284455
3,27.45611571982,-1.6994875215602916,11.86403698913632,10.879999999999999,192.6039168774134
3,27.45611571982,-1.6994875215602916,11.593617619716266,10.879999999999999,192.99614710198227
3,28.201117095943935,-1.692371188228898,11.238673856514247,10.879999999999999,193.3990202033529
3,28.946153875436412,-1.6941503053785463,10.68046357471266,10.879999999999999,193.81253668728772
3,29.566964753548366,-1.702304348200107,9.969599311827123,10.879999999999999,194.2349218980527
3,30.435901735357756,-1.7240962238667468,9.369726762351004,10.879999999999999,194.6697204942721
3,30.435901735357756,-1.7240962238667468,8.889497001427006,10.879999999999999,195.1045190904915
3,30.435901735357756,-1.7240962238667468,9.266849028603671,10.879999999999999,195.5393176867109
3,29.691166576068778,-1.7027496585914155,9.622962169639576,10.879999999999999,195.96347720922617
3,29.194588677444763,-1.6920757672837552,10.024675164036799,10.879999999999999,196.3805427617611
3,28.822100734546293,-1.687183322991952,10.433375665682126,10.879999999999999,196.7922870579689
3,28.44958730132083,-1.6849594339523617,10.764231075346036,10.879999999999999,197.19870973370206
3,28.82210569106404,-1.6862937749849545,10.936337601720028,10.879999999999999,197.61045410071725
3,28.94627848764511,-1.686738555329152,10.67578063520617,10.879999999999999,198.02397236482648
3,29.442966841667765,-1.689110711528683,10.361597386968537,10.879999999999999,198.4445861768503
3,30.063797781330084,-1.6957822898782182,9.80890210085409,10.879999999999999,198.87406900229786
3,31.057001724411034,-1.7147584032426306,9.223103269422731,10.879999999999999,199.31774045550372
3,31.67767453640481,-1.7303241174794355,8.752762961352623,10.879999999999999,199.77027866316666
3,31.801815942946362,-1.733140818718678,8.81625069526653,10.879999999999999,200.22459031949447
3,31.677662263947013,-1.7309170311287454,9.20652213823203,10.879999999999999,200.67712835183656
3,31.677662263947013,-1.7309170311287454,9.483661494368338,10.879999999999999,201.12966638417865
3,31.429326583788065,-1.7285449019827779,9.66525021467557,10.879999999999999,201.57865676394704
3,31.429326583788065,-1.7285449019827779,9.906411422392981,10.879999999999999,202.02764714371543
3,31.677673121053033,-1.729137943287134,9.774234534392443,10.879999999999999,202.48018533115905
3,32.050191510796246,-1.7304722843197269,9.544426300315179,10.879999999999999,202.9380452098847
3,33.04353139925155,-1.739960773850305,9.299080900336035,10.879999999999999,203.41009565844544
3,33.78846834219524,-1.7524140612858234,8.778471594978985,10.879999999999999,203.89278806333394
3,34.40920841579079,-1.7650153326718312,8.183819678001637,10.879999999999999,204.38434818355952
3,34.65751010950925,-1.7697593745389655,7.808009864357457,10.879999999999999,204.87945547083822
3,34.65751010950925,-1.7697593745389655,8.143352586198214,10.879999999999999,205.37456275811692
3,34.4091885905556,-1.766201248453305,8.60499461815187,10.879999999999999,205.86612259512486
3,34.28502216661079,-1.7648669302471622,8.951952859005157,10.879999999999999,206.35590862607646
3,33.78833334052844,-1.7636808577835672,9.196394601233223,10.879999999999999,206.83859910236973
3,33.9125047209587,-1.7629395600279993,9.335295561665967,10.879999999999999,207.32306345552627
3,34.28502240262853,-1.7616052215316942,9.336197473577558,10.879999999999999,207.81284948984953
3,34.78171500510766,-1.7627913030131688,8.834916146380024,10.879999999999999,208.30973113277963
3,35.27839627839644,-1.766349520403954,8.314387304105825,10.879999999999999,208.813708222471
3,35.40256553461058,-1.767387331343779,8.016048027191953,10.879999999999999,209.31945915867973
3,35.52673691504084,-1.7681286290993468,8.357851897984192,10.879999999999999,209.82698397175176
3,35.15421852529763,-1.766794288066754,8.592118146306383,10.879999999999999,210.32918709354172
3,34.90587151598064,-1.766794288066754,8.690275948198996,10.879999999999999,210.82784240091289
3,34.65752733896932,-1.7679803661665194,8.75192677503358,10.879999999999999,211.32294993432674
3,34.65752733896932,-1.7679803661665194,8.793309539289245,10.879999999999999,211.8180574677406
3,34.65752733896932,-1.7679803661665194,8.972538051730607,10.879999999999999,212.31316500115446
3,34.65752733896932,-1.7679803661665194,9.01312262794549,10.879999999999999,212.80827253456832
3,34.90586821163373,-1.766201255780283,8.932179008991294,10.879999999999999,213.30692779473452
3,35.27838589330356,-1.764866917283978,8.714589964065626,10.879999999999999,213.8109047360674
3,35.77507849578269,-1.7660529987654525,8.229852933407583,10.879999999999999,214.32197728600715
3,35.650905699201616,-1.765608218421255,7.91317696129159,10.879999999999999,214.83127593885288
3,35.526732902620545,-1.7651634380770573,8.09686859419544,10.879999999999999,215.3388006946046
3,35.15421451287733,-1.7638290970444646,8.340223590006344,10.879999999999999,215.84100375907428
3,34.78169470697927,-1.7642738773886621,8.503319890815659,10.879999999999999,216.33788511203113
3,34.53335407033488,-1.7660529860840548,8.60873474961376,10.879999999999999,216.83121874160733
3,34.16086612743641,-1.770945430375858,8.748272628728621,10.879999999999999,217.31923111485642
3,34.03671244843706,-1.7731692179657907,8.81605864670775,10.879999999999999,217.8054698641198
3,33.54013313398523,-1.783843139706524,8.948846193608135,10.879999999999999,218.28461462317674
3,33.41599857158648,-1.786956282553885,8.970714950936676,10.879999999999999,218.76198603134225
3,33.04361824828044,-1.7971849666021098,8.96148989863878,10.879999999999999,219.2340377206034
3,32.79139057722889,-1.7971849666021098,9.025613847501273,10.879999999999999,219.70248615742096
3,32.66726380279354,-1.800594527951518,9.067565127744558,10.879999999999999,220.16916135460372
3,32.543129240394784,-1.803707670798879,9.01443493107977,10.879999999999999,220.63406320089507
3,32.418987597887984,-1.806524377392044,8.965051463061556,10.879999999999999,221.0971915951506
3,32.29483958316887,-1.8090446316692457,8.901964165524532,10.879999999999999,221.55854644633874
3,32.04652726885431,-1.8131957274810853,8.972718512679725,10.879999999999999,222.01635397875094
3,31.922364385215868,-1.814826545344839,9.045160591981485,10.879999999999999,222.4723877556826
3,31.67402870505692,-1.8171986744908064,9.073518971103391,10.879999999999999,222.92487388004056
3,31.54985732462666,-1.8179399722463743,8.996436946902456,10.879999999999999,223.37558612753523
3,31.42568452804559,-1.8183847525905719,8.937165309330231,10.879999999999999,223.82452447793588
3,31.301511023387096,-1.8185330129871116,8.908758478528046,10.879999999999999,224.27168892112712
3,31.177337518728603,-1.8183847525905719,8.909232610648143,10.879999999999999,224.71707945710895
3,31.177337518728603,-1.8183847525905719,8.834971002706057,10.879999999999999,225.16246999309078
3,30.928993341717273,-1.8171986744908064,8.776410021114204,10.879999999999999,225.6043127551153
3,30.80482408550314,-1.8161608635509816,8.747426820600886,10.879999999999999,226.0443816706225
3,30.680657661558325,-1.814826545344839,8.754094579175717,10.879999999999999,226.48267678007332
3,30.308169010642995,-1.809934091753578,8.816677645060775,10.879999999999999,226.9156506230825
3,29.687354592450777,-1.8017800024348098,9.105610986832954,10.879999999999999,227.33975568868894
3,29.066509491468768,-1.7965909575989176,9.436141808847216,10.879999999999999,227.75499153856705
3,28.321470587750074,-1.7948118353767057,9.856692528373246,10.879999999999999,228.1595839755349
3,28.19729708309158,-1.7949600957732454,10.212850756144826,10.879999999999999,228.56240250529336
3,26.70725751158075,-1.8056347175104444,10.655191273598165,10.879999999999999,228.9439347554588
3,26.08646551499241,-1.8152712403030997,11.120765510671168,10.879999999999999,229.31659854853012
3,25.589861655589466,-1.8247593330547307,11.501968066277373,10.879999999999999,229.68216800075282
3,25.589861655589466,-1.8247593330547307,11.623054047747395,10.879999999999999,230.04773745297553
3,25.838183410544975,-1.8212012035874687,11.372235647286896,10.879999999999999,230.41685435884045
3,26.459014350207294,-1.8145296252379335,11.097064638248616,10.879999999999999,230.79484027812913
3,27.07987833311668,-1.8137883274823656,10.699303749972152,10.879999999999999,231.18169568288795
3,27.328222746151393,-1.8149744067093652,10.07973384540812,10.879999999999999,231.57209886497583
3,28.693941775022022,-1.836174394180856,9.425639647516931,10.879999999999999,231.9820123189047
3,28.693941775022022,-1.836174394180856,9.242151804995437,10.879999999999999,232.3919257728336
3,28.693941775022022,-1.836174394180856,9.81246438365823,10.879999999999999,232.80183922676247
3,28.321517555397357,-1.8277242904631283,10.336012958920099,10.879999999999999,233.20643233469673
3,28.073205241082793,-1.8235731946512888,10.429430557302027,10.879999999999999,233.60747812385506
3,28.445693891998122,-1.8284656482425496,10.454795222007348,10.879999999999999,234.01384517945505
3,28.942352979183145,-1.8343959260184017,10.243807192666651,10.879999999999999,234.42730736487195
3,29.314841630098474,-1.8392883796096626,9.700304865013129,10.879999999999999,234.8460908167305
3,29.81148514000949,-1.8464046385441861,9.344598007372024,10.879999999999999,235.2719691758735
3,30.05981444759275,-1.8493697746140825,9.423074445955589,10.879999999999999,235.7013950965534
3,30.183983703806884,-1.8504075855539073,9.717782509688117,10.879999999999999,236.13259486375063
3,30.308155084237143,-1.8511488833094751,9.940056618767636,10.879999999999999,236.56556850781115
3,30.804843910306573,-1.8535210417634744,9.88203619925522,10.879999999999999,237.00563770652982
3,31.425707893211925,-1.8557449434844624,9.582846965316783,10.879999999999999,237.45457639071856
3,31.92239624723458,-1.8581170996839933,9.078521301706827,10.879999999999999,237.9106106228219
3,33.163994401953026,-1.8759075948485973,8.38772813533771,10.879999999999999,238.38438197142125
3,33.90882301666969,-1.8936971431701752,7.650575408388041,10.879999999999999,238.86879372880225
3,33.90882301666969,-1.8936971431701752,7.557130890021182,10.879999999999999,239.35320548618324
3,33.90882301666969,-1.8936971431701752,8.1191863273544,10.879999999999999,239.83761724356424
3,33.288055801613574,-1.8825782263551067,8.535905250006175,10.879999999999999,240.313160897873
3,32.91555723781618,-1.8785752793453856,8.926172607397136,10.879999999999999,240.7833831441275
3,32.543039556146354,-1.8772409408490804,9.253121121664947,10.879999999999999,241.24828370921531
3,32.41886605148786,-1.8773892012456201,9.478632357852616,10.879999999999999,241.71141036709372
3,32.915560070121835,-1.8773892012456201,9.571686849389655,10.879999999999999,242.18163265380974
3,33.28808058409732,-1.8778339824352392,9.199957500858474,10.879999999999999,242.657176662154
3,34.15728850799358,-1.8809474389266179,8.80745294077562,10.879999999999999,243.1451379265539
3,34.778134789064254,-1.8861364936257419,8.230142546926908,10.879999999999999,243.64196842354053
3,34.90230404527839,-1.8871743045655667,7.949171411883224,10.879999999999999,244.14057276704452
3,35.026475425708654,-1.8879156023211345,8.35808137127086,10.879999999999999,244.64095098741177
3,34.653955619810596,-1.887470821976937,8.615321483839478,10.879999999999999,245.13600749626622
3,34.529782823229525,-1.8879156023211345,8.756072631623907,10.879999999999999,245.62929010802665
3,34.03311287900187,-1.8926598470864235,8.918596175463232,10.879999999999999,246.11547743486955
3,34.15727576264032,-1.89102902922267,9.089698794600867,10.879999999999999,246.60343851719298
3,34.653947122958215,-1.8862847709307349,9.139103157246748,10.879999999999999,247.09849490466382
3,35.026461264248994,-1.8840608776640313,8.67835595317025,10.879999999999999,247.59887292272452
3,35.64732760741243,-1.8833195770903686,8.137870093264826,10.879999999999999,248.10812045997326
3,35.64732760741243,-1.8833195770903686,7.726092122517126,10.879999999999999,248.617367997222
3,35.523154102753935,-1.8831713166938289,8.161039059684994,10.879999999999999,249.12484162726133
3,35.523154102753935,-1.8831713166938289,8.434482934878943,10.879999999999999,249.63231525730066
3,34.778112366724734,-1.883171316693829,8.552089653405702,10.879999999999999,250.12914543396815
3,34.52976606548517,-1.8837643574345664,8.641311427991434,10.879999999999999,250.6224278063322
3,34.28142542884078,-1.885543466129959,8.80114474480272,10.879999999999999,251.11216245531566
3,33.908926157006334,-1.8895464207483872,8.934731743869499,10.879999999999999,251.59657568613002
3,33.784763273367886,-1.8911772386121408,8.991931638035235,10.879999999999999,252.07921516146385
3,33.536450959053326,-1.8953283344239804,9.02907351740187,10.879999999999999,252.55830731802175
3,33.536450959053326,-1.8953283344239804,9.11114325141813,10.879999999999999,253.03739947457964
3,33.536450959053326,-1.8953283344239804,9.14344870854955,10.879999999999999,253.51649163113754
3,33.41229728005398,-1.897552122013913,9.167393738854518,10.879999999999999,253.99381016370975
3,33.41229728005398,-1.897552122013913,9.112779135748188,10.879999999999999,254.47112869628197
3,33.41229728005398,-1.897552122013913,8.949488864475402,10.879999999999999,254.94844722885418
3,33.41229728005398,-1.897552122013913,8.830435318926067,10.879999999999999,255.4257657614264
3,33.288138644738765,-1.89947943023582,8.897733555661105,10.879999999999999,255.9013105992084
3,33.288138644738765,-1.89947943023582,8.864747002845013,10.879999999999999,256.37685543699035
3,33.288138644738765,-1.89947943023582,8.804528275516164,10.879999999999999,256.8524002747723
3,33.288138644738765,-1.89947943023582,8.682772386431264,10.879999999999999,257.3279451125543
3,33.288138644738765,-1.89947943023582,8.526172314600078,10.879999999999999,257.80348995033626
3,33.288138644738765,-1.89947943023582,8.529105460741455,10.879999999999999,258.2790347881182
3,33.16397576110032,-1.9011102480995736,8.530397210295506,10.879999999999999,258.75280587041965
3,32.91174809004877,-1.9011102480995736,8.529526427657402,10.879999999999999,259.22297370027746
3,32.787581666103954,-1.9024445663057163,8.554294424295295,10.879999999999999,259.69136772407893
3,32.663412409889816,-1.9034823772455411,8.57732325691644,10.879999999999999,260.1579879013631
3,32.53924102945955,-1.904223675001109,8.521221679069981,10.879999999999999,260.6228342017839
3,32.41506823287848,-1.9046684553453066,8.54647893530951,10.879999999999999,261.0859066051108
3,32.166721223561495,-1.9046684553453066,8.590740827866039,10.879999999999999,261.5454311940188
3,32.042548426980424,-1.904223675001109,8.536778242480679,10.879999999999999,262.0031818858328
3,31.918377046550166,-1.9034823772455411,8.561793100832498,10.879999999999999,262.4591587007835
3,31.79420779033603,-1.9024445663057163,8.477732744981207,10.879999999999999,262.9133616692169
3,31.670041366391217,-1.9011102480995736,8.45069422081124,10.879999999999999,263.3657908315939
3,31.545878482752773,-1.89947943023582,8.414165026703163,10.879999999999999,263.8164462384904
3,31.173389831837444,-1.894586976644559,8.6169169264123,10.879999999999999,264.2617803789452
3,30.428382791360598,-1.8874705892066566,8.929839658890153,10.879999999999999,264.69647156167895
3,29.683350260326613,-1.8839123549073602,9.416540193163694,10.879999999999999,265.1205194225408
3,28.565790842632435,-1.885246695939953,9.926949902302848,10.879999999999999,265.5286021488641
3,27.69660770125762,-1.8925113587102023,10.439555274068109,10.879999999999999,265.9242679731678
3,26.82749890603394,-1.9060024906199198,10.907190254318827,10.879999999999999,266.3075179575397
3,26.082629934356206,-1.9220133732310196,11.313022574711338,10.879999999999999,266.6801269566019
3,25.58607705262752,-1.9338730833833901,11.71566701526171,10.879999999999999,267.045642343068
3,25.58607705262752,-1.9338730833833901,11.951373514334275,10.879999999999999,267.41115772953407
3,25.834389366942084,-1.9297219875715506,11.732797963386142,10.879999999999999,267.7802204347761
3,26.57939428328356,-1.922605620423617,11.49839045854109,10.879999999999999,268.1599260673944
3,27.324433187002253,-1.922605620423617,10.983201902270425,10.879999999999999,268.550275112923
3,28.19359319836226,-1.9319457946056913,10.361655991609735,10.879999999999999,268.95304073004246
3,29.186748995610294,-1.9532935772210118,9.657368162939651,10.879999999999999,269.3699942871226
3,30.17965557980559,-1.984126684291068,8.803899674551529,10.879999999999999,269.801132223977
3,30.17965557980559,-1.984126684291068,8.477432407692433,10.879999999999999,270.2322701608314
3,30.17965557980559,-1.984126684291068,9.103105508797118,10.879999999999999,270.66340809768576
3,29.434975641659122,-1.961001853988526,9.597182242049952,10.879999999999999,271.08390774970945
3,29.062551422034456,-1.9525517502707983,10.07000063454543,10.879999999999999,271.4990870557385
3,28.814230611085545,-1.9489936343299303,10.40189030196611,10.879999999999999,271.9107189216112
3,28.565889974441152,-1.9472145256345377,10.645528010966801,10.879999999999999,272.31880306410324
3,28.814234387475864,-1.9484006048615374,10.842508442310455,10.879999999999999,272.73043498392434
3,29.18674852876664,-1.950624498128241,10.598448835261623,10.879999999999999,273.1473885343353
3,29.931771146759882,-1.9559618292869496,10.124757679562313,10.879999999999999,273.57498526500325
3,30.42844250707778,-1.9607060875788846,9.54931885751871,10.879999999999999,274.0096773008186
3,32.16662375143019,-1.9897636754136665,8.816676728000896,10.879999999999999,274.46920049726765
3,32.911452366146854,-2.0075532237352443,8.001353386768582,10.879999999999999,274.9393641024983
3,33.035586928545605,-2.0106663665826052,7.848411490954234,10.879999999999999,275.4113010586204
3,33.035586928545605,-2.0106663665826052,8.560380810617565,10.879999999999999,275.88323801474246
3,32.787297271319694,-2.0053294057122386,9.115624306459015,10.879999999999999,276.3516279757613
3,32.414822073366686,-1.9995474920366454,9.53347579584246,10.879999999999999,276.81469686252365
3,32.16648214478155,-1.997768388413779,9.698475314949881,10.879999999999999,277.2742180360205
3,32.663170498804206,-2.0001405446133096,9.690925875239921,10.879999999999999,277.74083475743197
3,33.035684640094985,-2.002364437880013,9.30722252088151,10.879999999999999,278.21277310943333
3,33.9048843031068,-2.007553522168988,8.77323315161214,10.879999999999999,278.6971285994777
3,34.77406909660574,-2.014818198747762,8.081283899025637,10.879999999999999,279.1939010151435
3,35.022409733250136,-2.0165973074431545,7.339570740453878,10.879999999999999,279.69422115418996
3,35.022409733250136,-2.0165973074431545,7.7687877665701395,10.879999999999999,280.1945412932364
3,34.64988992735208,-2.016152527098957,8.182353532967161,10.879999999999999,280.68953972077
3,34.15320157332942,-2.0185246832984878,8.506251939563946,10.879999999999999,281.177442600389
3,33.65653021301152,-2.023268941590423,8.85367998819156,10.879999999999999,281.6582501748606
3,33.15988717510421,-2.030385193761744,9.142235646891095,10.879999999999999,282.13196284879064
3,33.15988717510421,-2.030385193761744,9.319565884865646,10.879999999999999,282.6056755227207
3,33.53237511800268,-2.0254927494699406,9.379075042057481,10.879999999999999,283.08470945297785
3,33.90488288664509,-2.022379316650466,8.995446504804308,10.879999999999999,283.56906492278705
3,34.525745689428135,-2.0201554191566244,8.652000162688502,10.879999999999999,284.06228986120743
3,35.02243262731209,-2.0225275685927544,8.15831054946196,10.879999999999999,284.5626103273119
3,35.02243262731209,-2.0225275685927544,7.764325173925235,10.879999999999999,285.0629307934164
3,35.02243262731209,-2.0225275685927544,8.20596563553732,10.879999999999999,285.5632512595209
3,34.64993335547765,-2.0185246139743263,8.547890422486265,10.879999999999999,286.05825030745626
3,34.27743408364321,-2.014521659355898,8.74766442633496,10.879999999999999,286.5479279372226
3,34.029093446998814,-2.0127425506605054,8.80776918837359,10.879999999999999,287.0340578436083
3,33.656573641100756,-2.012297770316308,8.756690879259367,10.879999999999999,287.51486603848116
3,33.532400844519685,-2.0127425506605054,8.989988506271526,10.879999999999999,287.99390033626
3,33.532400844519685,-2.0127425506605054,9.132905245347686,10.879999999999999,288.4729346340389
3,33.28405643148497,-2.013928629887505,9.209566722544464,10.879999999999999,288.9484211544887
3,32.91154937089576,-2.0170420567890406,9.192787961636414,10.879999999999999,289.4185861455015
3,32.6632278519421,-2.020600182874701,9.085718043668832,10.879999999999999,289.8852036862435
3,32.6632278519421,-2.020600182874701,9.277902288095802,10.879999999999999,290.3518212269856
3,32.539074172942755,-2.022823970464634,9.37875315716793,10.879999999999999,290.8166651437419
3,32.539074172942755,-2.022823970464634,9.373921690186187,10.879999999999999,291.2815090604982
3,32.539074172942755,-2.022823970464634,9.285759609492278,10.879999999999999,291.7463529772545
3,32.41491553762754,-2.0247512786865407,9.217380549626325,10.879999999999999,292.2094231992206
3,32.41491553762754,-2.0247512786865407,9.108352143975946,10.879999999999999,292.67249342118674
3,32.41491553762754,-2.0247512786865407,9.187410396982193,10.879999999999999,293.13556364315286
3,32.41491553762754,-2.0247512786865407,9.21282681821126,10.879999999999999,293.598633865119
3,32.29075690231233,-2.0266785869084476,9.174971578366716,10.879999999999999,294.05993039229486
3,32.29075690231233,-2.0266785869084476,9.065439517454386,10.879999999999999,294.52122691947073
3,32.29075690231233,-2.0266785869084476,9.09901643704175,10.879999999999999,294.9825234466466
3,32.29075690231233,-2.0266785869084476,9.107003412473768,10.879999999999999,295.4438199738225
3,32.29075690231233,-2.0266785869084476,9.05958333927778,10.879999999999999,295.90511650099836
3,32.29075690231233,-2.0266785869084476,9.0102824203068,10.879999999999999,296.36641302817424
3,32.29075690231233,-2.0266785869084476,9.025706756767816,10.879999999999999,296.8277095553501
3,32.29075690231233,-2.0266785869084476,8.9956456654988,10.879999999999999,297.289006082526
3,32.29075690231233,-2.0266785869084476,8.969982700832265,10.879999999999999,297.75030260970186
3,32.29075690231233,-2.0266785869084476,8.954800596318995,10.879999999999999,298.21159913687774
3,32.29075690231233,-2.0266785869084476,8.96081825184861,10.879999999999999,298.6728956640536
3,32.166594018673884,-2.0283094047722012,8.955756615193168,10.879999999999999,299.13241843574895
3,32.166594018673884,-2.0283094047722012,8.997541953843943,10.879999999999999,299.5919412074443
3,32.04242759472907,-2.029643722978344,9.0637914233154,10.879999999999999,300.04969017308326
3,31.918258338514935,-2.0306815339181687,9.102483369091766,10.879999999999999,300.5056652922049
3,31.918258338514935,-2.0306815339181687,9.170551132047192,10.879999999999999,300.9616404113266
3,31.794086958084677,-2.0314228316737366,9.196395571182846,10.879999999999999,301.41584165358495
3,31.794086958084677,-2.0314228316737366,9.157701993958984,10.879999999999999,301.8700428958433
3,31.794086958084677,-2.0314228316737366,9.167094313365604,10.879999999999999,302.3242441381017
3,31.794086958084677,-2.0314228316737366,9.141616259456063,10.879999999999999,302.77844538036004
3,31.794086958084677,-2.0314228316737366,9.136912954605139,10.879999999999999,303.2326466226184
3,31.794086958084677,-2.0314228316737366,9.13083611184071,10.879999999999999,303.68684786487677
3,31.794086958084677,-2.0314228316737366,9.118085587119765,10.879999999999999,304.14104910713513
3,31.794086958084677,-2.0314228316737366,9.123438925493753,10.879999999999999,304.5952503493935
3,31.794086958084677,-2.0314228316737366,9.11503764219887,10.879999999999999,305.04945159165186
3,31.794086958084677,-2.0314228316737366,9.120912109332492,10.879999999999999,305.5036528339102
3,31.794086958084677,-2.0314228316737366,9.116468653005214,10.879999999999999,305.9578540761686
3,31.794086958084677,-2.0314228316737366,9.118838315324297,10.879999999999999,306.41205531842695
3,31.794086958084677,-2.0314228316737366,9.110990989761191,10.879999999999999,306.8662565606853
3,31.794086958084677,-2.0314228316737366,9.11325097795475,10.879999999999999,307.3204578029437
3,31.794086958084677,-2.0314228316737366,9.110554931534091,10.879999999999999,307.77465904520204
3,31.794086958084677,-2.0314228316737366,9.114701603870522,10.879999999999999,308.2288602874604
3,31.794086958084677,-2.0314228316737366,9.120825888876874,10.879999999999999,308.68306152971877
3,31.794086958084677,-2.0314228316737366,9.125058368471583,10.879999999999999,309.13726277197713
3,31.794086958084677,-2.0314228316737366,9.12484479059936,10.879999999999999,309.5914640142355
3,31.794086958084677,-2.0314228316737366,9.126683068038359,10.879999999999999,310.04566525649386
3,31.794086958084677,-2.0314228316737366,9.133173896623823,10.879999999999999,310.4998664987522
3,31.794086958084677,-2.0314228316737366,9.139359300140505,10.879999999999999,310.9540677410106
3,31.794086958084677,-2.0314228316737366,9.149812055998014,10.879999999999999,311.40826898326895
3,31.794086958084677,-2.0314228316737366,9.156013832582621,10.879999999999999,311.8624702255273
3,31.794086958084677,-2.0314228316737366,9.164773917379739,10.879999999999999,312.3166714677857
3,31.794086958084677,-2.0314228316737366,9.172629896301387,10.879999999999999,312.77087271004405
3,31.794086958084677,-2.0314228316737366,9.182385100245396,10.879999999999999,313.2250739523024
3,31.794086958084677,-2.0314228316737366,9.192190684191736,10.879999999999999,313.6792751945608
3,31.794086958084677,-2.0314228316737366,9.2057078902079,10.879999999999999,314.13347643681914
3,31.794086958084677,-2.0314228316737366,9.222807221408182,10.879999999999999,314.5876776790775
3,31.794086958084677,-2.0314228316737366,9.236735377580873,10.879999999999999,315.04187892133587
3,31.794086958084677,-2.0314228316737366,9.25208820126017,10.879999999999999,315.49608016359423
3,31.794086958084677,-2.0314228316737366,9.26628067622412,10.879999999999999,315.9502814058526
3,31.794086958084677,-2.0314228316737366,9.28185164240633,10.879999999999999,316.40448264811096
3,31.794086958084677,-2.0314228316737366,9.300969161350789,10.879999999999999,316.8586838903693
3,31.794086958084677,-2.0314228316737366,9.32323016881303,10.879999999999999,317.3128851326277
3,31.794086958084677,-2.0314228316737366,9.347453606891127,10.879999999999999,317.76708637488605
3,31.794086958084677,-2.0314228316737366,9.370022917689143,10.879999999999999,318.2212876171444
3,31.794086958084677,-2.0314228316737366,9.393574103554112,10.879999999999999,318.6754888594028
3,31.794086958084677,-2.0314228316737366,9.42224221079598,10.879999999999999,319.12969010166114
3,31.794086958084677,-2.0314228316737366,9.455473411665771,10.879999999999999,319.5838913439195
3,31.794086958084677,-2.0314228316737366,9.490127316253803,10.879999999999999,320.03809258617787
3,31.794086958084677,-2.0314228316737366,9.527157078894525,10.879999999999999,320.49229382843623
3,31.794086958084677,-2.0314228316737366,9.567262998360228,10.879999999999999,320.9464950706946
3,31.918259754665748,-2.030978051329539,9.60386773154626,10.879999999999999,321.40247021004694
3,32.290779560563806,-2.0314228316737366,9.618817401332308,10.879999999999999,321.86376706091215
3,32.66328662115301,-2.034536258575272,9.475113970213368,10.879999999999999,322.33038544121433
3,33.03576181910602,-2.040318172250865,9.133679374736495,10.879999999999999,322.802324895773
3,33.6564688518138,-2.054401678447078,8.837075901766772,10.879999999999999,323.28313159365604
3,33.6564688518138,-2.054401678447078,8.498610724395954,10.879999999999999,323.7639382915391
3,33.532327209307,-2.051584971853913,8.795708117188656,10.879999999999999,324.2429715373863
3,33.4081855668002,-2.048768265260748,9.093050340929086,10.879999999999999,324.72023133119774
3,33.03572523776653,-2.0420969151717068,9.36851998746572,10.879999999999999,325.19217026316585
3,32.78739593018327,-2.0391317791018104,9.544739631602559,10.879999999999999,325.660561633597
3,32.66322478577479,-2.0383904827552803,9.637728451290586,10.879999999999999,326.12717913053666
3,32.78739758235586,-2.038835263099478,9.652327489145499,10.879999999999999,326.5955705245703
3,33.15991172364663,-2.0410591563661815,9.409402572593972,10.879999999999999,327.0692835491938
3,33.65658308396453,-2.0458034146581165,9.102090309297164,10.879999999999999,327.55009187896474
3,34.27737508055287,-2.055439937450772,8.712609981360918,10.879999999999999,328.0397686658298
3,34.27737508055287,-2.055439937450772,8.233027342487798,10.879999999999999,328.52944545269486
3,34.27737508055287,-2.055439937450772,8.453549718119527,10.879999999999999,329.0191222395599
3,34.02904577296962,-2.0524748013808756,8.814390214912518,10.879999999999999,329.50525146488803
3,33.65653233974415,-2.0502509123412853,9.05581545192164,10.879999999999999,329.98605906974154
3,33.15983832111017,-2.0502509123412853,9.201819621240316,10.879999999999999,330.4597710457574
3,32.911494144098846,-2.0514369904410508,9.427735517860793,10.879999999999999,330.92993524781593
3,32.911494144098846,-2.0514369904410508,9.650753573958509,10.879999999999999,331.40009944987446
3,33.0356655245291,-2.050695692685483,9.793362886142484,10.879999999999999,331.8720375287963
3,33.656531867692536,-2.0499543921118204,9.402708915923991,10.879999999999999,332.3528451269062
3,34.153211724862814,-2.0535125993575534,8.943940284332106,10.879999999999999,332.8407481515471
3,34.649854762770126,-2.0606288515288744,8.695105501707845,10.879999999999999,333.3357460767295
3,34.77401339808534,-2.0625561597507813,8.403732065409462,10.879999999999999,333.83251769670215
3,34.77401339808534,-2.0625561597507813,8.683075714729346,10.879999999999999,334.3292893166748
3,34.64985051444689,-2.0609253418870277,8.892222116847915,10.879999999999999,334.82428718116694
3,34.64985051444689,-2.0609253418870277,8.977586810240373,10.879999999999999,335.31928504565906
3,34.64985051444689,-2.0609253418870277,8.876000615051941,10.879999999999999,335.8142829101512
3,34.7740169383917,-2.0622596600931704,8.646984277189201,10.879999999999999,336.31105458069965
3,34.7740169383917,-2.0622596600931704,8.618747042534626,10.879999999999999,336.8078262512481
3,34.7740169383917,-2.0622596600931704,8.502767561032895,10.879999999999999,337.3045979217966
3,34.7740169383917,-2.0622596600931704,8.353724208981637,10.879999999999999,337.80136959234505
3,34.64985051444689,-2.0609253418870277,8.237037913758654,10.879999999999999,338.2963674568372
3,34.64985051444689,-2.0609253418870277,8.235322808019191,10.879999999999999,338.7913653213293
3,34.64985051444689,-2.0609253418870277,8.20590640527871,10.879999999999999,339.2863631858214
3,34.64985051444689,-2.0609253418870277,8.150299912043707,10.879999999999999,339.78136105031354
3,34.64985051444689,-2.0609253418870277,8.055596194799493,10.879999999999999,340.27635891480566
3,34.64985051444689,-2.0609253418870277,7.9447719859185275,10.879999999999999,340.7713567792978
3,34.52568763080844,-2.059294524023274,7.923009115000099,10.879999999999999,341.2645808883093
3,34.27736587585293,-2.0557363945560123,7.908526794859733,10.879999999999999,341.75425754367865
3,33.9048772249376,-2.0508439409647514,8.103388520799093,10.879999999999999,342.2386129326063
3,33.4082058646197,-2.0460996826728164,8.350221618741372,10.879999999999999,342.7158730163866
3,32.78734306183666,-2.0438757851789746,8.721974416598917,10.879999999999999,343.18426363155567
3,32.29065045935753,-2.045061866660449,9.15561327733076,10.879999999999999,343.6455586381179
3,31.049013361787175,-2.059887434288997,9.640697933505308,10.879999999999999,344.0891159718577
3,30.552462367727163,-2.071747099356133,10.040111647684778,10.879999999999999,344.5255797199681
3,29.68370049318179,-2.0997634144559125,10.356436773350634,10.879999999999999,344.9496325841564
3,29.311434858251378,-2.1135484865530665,10.618499120683758,10.879999999999999,345.36836736784574
3,29.559642389570932,-2.1052474784440642,10.72690899287154,10.879999999999999,345.790647973411
3,29.559642389570932,-2.1052474784440642,10.353123088424875,10.879999999999999,346.2129285789763
3,30.056263242320085,-2.0969453499426627,9.938909336496925,10.879999999999999,346.6423037681523
3,30.18043249853422,-2.095907539002838,9.529658963953695,10.879999999999999,347.07345280384567
3,30.18043249853422,-2.095907539002838,9.251651052302414,10.879999999999999,347.504601839539
3,30.05626111810396,-2.0966488367584057,9.646401063448945,10.879999999999999,347.9339769983691
3,29.559579844815175,-2.100207054149191,9.921796148372367,10.879999999999999,348.3562567104379
3,29.187080572980737,-2.104210008767619,10.07611860718707,10.879999999999999,348.7732150043376
3,28.938751029388225,-2.1071751476555454,10.345456731769913,10.879999999999999,349.18662573332887
3,28.69042951043457,-2.110733273741206,10.537991339345355,10.879999999999999,349.59648901204935
3,28.81458814574978,-2.108805965519299,10.629799516278894,10.879999999999999,350.00812598556007
3,29.187086709547174,-2.104803018509578,10.410445161531246,10.879999999999999,350.425084367125
3,29.559604391216997,-2.1034686800132727,9.91316334213367,10.879999999999999,350.84736442985667
3,30.180467194000034,-2.1056925775071145,9.431651301542901,10.879999999999999,351.2785139611995
3,30.180467194000034,-2.1056925775071145,9.252861433363574,10.879999999999999,351.70966349254235
3,30.0562979377859,-2.1046547665672897,9.643190611991058,10.879999999999999,352.13903917736786
3,29.932131513841085,-2.103320448361147,9.98424527708768,10.879999999999999,352.56664105613703
3,30.0562979377859,-2.1046547665672897,10.140691094038072,10.879999999999999,352.99601674096255
3,30.180464361730714,-2.1059890847734324,9.897306899816076,10.879999999999999,353.4271662318444
3,30.677107399638025,-2.1131053369447534,9.637544137769448,10.879999999999999,353.8654106232678
3,31.173732500253358,-2.121407536458742,9.300607221234978,10.879999999999999,354.3107496589857
3,31.173732500253358,-2.121407536458742,8.911727044019251,10.879999999999999,354.7560886947036
3,31.173732500253358,-2.121407536458742,9.208314069662896,10.879999999999999,355.20142773042147
3,31.049566076308544,-2.120073218252599,9.544817530837156,10.879999999999999,355.644992960083
3,31.049566076308544,-2.120073218252599,9.768879472074369,10.879999999999999,356.08855818974456
3,31.049566076308544,-2.120073218252599,9.65711100900191,10.879999999999999,356.5321234194061
3,31.173732500253358,-2.121407536458742,9.589443447325156,10.879999999999999,356.977462455124
3,31.91869705711433,-2.1320819147157235,9.332695402987662,10.879999999999999,357.4334438416542
3,32.5394359508231,-2.1446831621495557,8.963945500394525,10.879999999999999,357.89829292666593
3,32.5394359508231,-2.1446831621495557,8.517269795892023,10.879999999999999,358.36314201167767
3,32.5394359508231,-2.1446831621495557,8.810990442061973,10.879999999999999,358.8279910966894
3,32.5394359508231,-2.1446831621495557,9.1026254569486,10.879999999999999,359.29284018170114
3,32.41528227182375,-2.142459374559623,9.292725255331101,10.879999999999999,359.7559156427272
3,32.53944090713896,-2.14438668278153,9.421332584686741,10.879999999999999,360.2207647985435
3,32.53944090713896,-2.14438668278153,9.382552066437016,10.879999999999999,360.6856139543598
3,33.160234083715025,-2.1540232238910644,9.150951578703282,10.879999999999999,361.15933158412713
3,33.656837471151945,-2.163511307625333,8.836645299455654,10.879999999999999,361.6401435480007
3,33.656837471151945,-2.163511307625333,8.424484370547992,10.879999999999999,362.1209555118743
3,33.9051589901056,-2.1670694337109935,8.498831068739428,10.879999999999999,362.60531492601865
3,34.02932541405041,-2.168403751917136,8.683051131044746,10.879999999999999,363.09144814621936
3,34.02932541405041,-2.168403751917136,8.748405048027823,10.879999999999999,363.5775813664201
3,34.02932541405041,-2.168403751917136,8.819553266460487,10.879999999999999,364.0637145866208
3,34.15349467026455,-2.169441562856961,8.912758827146995,10.879999999999999,364.5516216533388
3,34.27766605069481,-2.170182860612529,8.883798654189585,10.879999999999999,365.04130259692016
3,34.40183884727588,-2.1706276409567264,8.759232852143892,10.879999999999999,365.53275743759554
3,34.40183884727588,-2.1706276409567264,8.545946850344988,10.879999999999999,366.0242122782709
3,34.40183884727588,-2.1706276409567264,8.305330459137199,10.879999999999999,366.5156671189463
3,34.40183884727588,-2.1706276409567264,8.472370381065867,10.879999999999999,367.00712195962166
3,34.40183884727588,-2.1706276409567264,8.625099868800032,10.879999999999999,367.49857680029703
3,34.40183884727588,-2.1706276409567264,8.66074893159415,10.879999999999999,367.9900316409724
3,34.40183884727588,-2.1706276409567264,8.639764811591707,10.879999999999999,368.4814864816478
3,34.27766605069481,-2.170182860612529,8.60032018842722,10.879999999999999,368.9711674252291
3,34.27766605069481,-2.170182860612529,8.508766907585104,10.879999999999999,369.46084836881045
3,34.27766605069481,-2.170182860612529,8.377068530631904,10.879999999999999,369.9505293123918
3,34.27766605069481,-2.170182860612529,8.424402171804372,10.879999999999999,370.4402102559731
3,34.15349325411374,-2.1697380802683313,8.393853198853275,10.879999999999999,370.92811730246046
3,34.15349325411374,-2.1697380802683313,8.378021472252787,10.879999999999999,371.4160243489478
3,34.02931974945525,-2.1695898198717916,8.525572282109016,10.879999999999999,371.9021574882257
3,33.53262714697612,-2.170775901353266,8.749257678162706,10.879999999999999,372.3811950188968
3,33.16011300568534,-2.1729997946199697,8.903916379575733,10.879999999999999,372.854910918978
3,32.78760523704293,-2.176113227439444,9.097957387818193,10.879999999999999,373.3233052795072
3,32.53927592945968,-2.1790783635093405,9.270140376435391,10.879999999999999,373.7881520784995
3,32.166815600426006,-2.1857497135983817,9.334037832113001,10.879999999999999,374.24767801564843
3,31.7943906729056,-2.1941998333778767,9.448954176482403,10.879999999999999,374.7018835966899
3,31.7943906729056,-2.1941998333778767,9.555692196791485,10.879999999999999,375.1560891777314
3,31.670256110506845,-2.1973129762252377,9.561657686909353,10.879999999999999,375.60852140788154
3,31.670256110506845,-2.1973129762252377,9.500610569193094,10.879999999999999,376.06095363803166
3,31.670256110506845,-2.1973129762252377,9.457209593177396,10.879999999999999,376.5133858681818
3,31.670256110506845,-2.1973129762252377,9.327485369133564,10.879999999999999,376.9658180983319
3,31.670256110506845,-2.1973129762252377,9.147189837463097,10.879999999999999,377.41825032848203
3,31.670256110506845,-2.1973129762252377,9.244384969172556,10.879999999999999,377.87068255863215
3,31.54612154810809,-2.2004261190725987,9.31244787500653,10.879999999999999,378.32134143789085
3,31.54612154810809,-2.2004261190725987,9.384258594143686,10.879999999999999,378.77200031714955
3,31.42197990560129,-2.2032428256657637,9.404265360261531,10.879999999999999,379.2208857443724
3,31.42197990560129,-2.2032428256657637,9.34972768206406,10.879999999999999,379.6697711715953
3,31.29783189088218,-2.2057630799429653,9.336002333903542,10.879999999999999,380.11688305575075
3,31.17367821188283,-2.207986867532898,9.463358232584948,10.879999999999999,380.5622213159205
3,31.17367821188283,-2.207986867532898,9.495302946428312,10.879999999999999,381.0075595760903
3,31.17367821188283,-2.207986867532898,9.42355983196772,10.879999999999999,381.45289783626004
3,31.17367821188283,-2.207986867532898,9.270488905829074,10.879999999999999,381.8982360964298
3,31.17367821188283,-2.207986867532898,9.370565339566484,10.879999999999999,382.34357435659956
3,31.17367821188283,-2.207986867532898,9.40066215733139,10.879999999999999,382.7889126167693
3,31.17367821188283,-2.207986867532898,9.319787679342024,10.879999999999999,383.2342508769391
3,31.17367821188283,-2.207986867532898,9.335355640974605,10.879999999999999,383.67958913710885
3,31.17367821188283,-2.207986867532898,9.384952329844145,10.879999999999999,384.1249273972786
3,31.17367821188283,-2.207986867532898,9.362065725325829,10.879999999999999,384.5702656574484
3,31.17367821188283,-2.207986867532898,9.391919787028662,10.879999999999999,385.01560391761814
3,31.17367821188283,-2.207986867532898,9.437000077766255,10.879999999999999,385.4609421777879
3,31.297840859515656,-2.2063560527689634,9.457399916771871,10.879999999999999,385.9080541900667
3,31.918701302058107,-2.204132163729373,9.43687105971789,10.879999999999999,386.36403563723894
3,32.042874098639174,-2.2045769440735707,9.149390665900075,10.879999999999999,386.8217909815052
3,32.042874098639174,-2.2045769440735707,8.875584114116682,10.879999999999999,387.2795463257715
3,32.042874098639174,-2.2045769440735707,9.109482687180515,10.879999999999999,387.73730167003777
3,31.918702718208916,-2.203835646318003,9.347676533930349,10.879999999999999,388.19328313744074
3,31.918702718208916,-2.203835646318003,9.537265417823807,10.879999999999999,388.6492646048437
3,32.04287197442305,-2.2048734572578277,9.566806700510663,10.879999999999999,389.107019918764
3,32.04287197442305,-2.2048734572578277,9.381550362114506,10.879999999999999,389.5647752326843
3,32.41537124625749,-2.208876411876256,9.261878365103142,10.879999999999999,390.02785196477373
3,32.29120482231268,-2.207542093670113,9.071384688924478,10.879999999999999,390.4891548908068
3,32.29120482231268,-2.207542093670113,9.253043214092676,10.879999999999999,390.95045781683984
3,32.16703556609854,-2.2065042827302883,9.450603358489854,10.879999999999999,391.4099868963555
3,32.291206946528796,-2.207245580485856,9.553665132141788,10.879999999999999,391.8712898527345
3,32.41537832695905,-2.207986878241424,9.469353137079958,10.879999999999999,392.33436668597676
3,32.66130030623432,-2.207986878241424,9.332042993998382,10.879999999999999,392.80095669035154
3,32.66130030623432,-2.207986878241424,9.261879337527011,10.879999999999999,393.2675466947263
3,33.282131245896636,-2.2146584565909593,8.916627758743894,10.879999999999999,393.74300571252485
3,33.65459157493031,-2.2213298066800005,8.453322381670707,10.879999999999999,394.22378559216673
3,33.65459157493031,-2.2213298066800005,8.276492516414748,10.879999999999999,394.7045654718086
3,33.5304435602112,-2.218809552402799,8.680524820462317,10.879999999999999,395.1835718083831
3,33.406295545492085,-2.2162892981255973,8.963494891231576,10.879999999999999,395.6608046018901
3,33.282147530772974,-2.2137690438483957,9.12185419429789,10.879999999999999,396.1362638523297
3,33.282147530772974,-2.2137690438483957,9.137075406183484,10.879999999999999,396.6117231027693
3,33.282147530772974,-2.2137690438483957,8.95278884862491,10.879999999999999,397.0871823532089
3,33.40630120977232,-2.2159928314383284,8.68607474641631,10.879999999999999,397.56441522763424
3,33.40630120977232,-2.2159928314383284,8.608724901339462,10.879999999999999,398.0416481020596
3,33.40630120977232,-2.2159928314383284,8.57027524767481,10.879999999999999,398.5188809764849
3,33.40630120977232,-2.2159928314383284,8.459986237029112,10.879999999999999,398.99611385091026
3,33.40630120977232,-2.2159928314383284,8.443335129271254,10.879999999999999,399.4733467253356
3,33.282147530772974,-2.2137690438483957,8.526832351883955,10.879999999999999,399.9488059757752
3,33.282147530772974,-2.2137690438483957,8.59284035844979,10.879999999999999,400.4242652262148
3,33.15799951605386,-2.211248789571194,8.582486268090845,10.879999999999999,400.897950933587
3,33.15799951605386,-2.211248789571194,8.52306025295644,10.879999999999999,401.37163664095925
3,33.15799951605386,-2.211248789571194,8.46554608055678,10.879999999999999,401.8453223483315
3,33.15799951605386,-2.211248789571194,8.381452063065083,10.879999999999999,402.3190080557037
3,33.15799951605386,-2.211248789571194,8.324928433946493,10.879999999999999,402.79269376307593
3,33.15799951605386,-2.211248789571194,8.283275750786874,10.879999999999999,403.26637947044816
3,32.9096978223354,-2.20650474770406,8.41336049014359,10.879999999999999,403.7365180107672
3,32.66137630338175,-2.2029466216183993,8.591307294109852,10.879999999999999,404.20310910081554
3,32.04052294155298,-2.1992401539761266,8.890147053789917,10.879999999999999,404.6608308571234
3,31.419669579724207,-2.2029466216183993,9.142825142549732,10.879999999999999,405.1096832796909
3,30.79890472454529,-2.214065496164359,9.498656184288963,10.879999999999999,405.54966763289866
3,30.178272032053492,-2.231113270507367,9.801333322932265,10.879999999999999,405.9807858047851
3,29.557777392089953,-2.2526066968556484,10.148471347501802,10.879999999999999,406.40303976752926
3,29.185545736639636,-2.2672806821215126,10.437192192001756,10.879999999999999,406.81997613519553
3,29.309634045752123,-2.2626856668232334,10.676388162168474,10.879999999999999,407.23868519299197
3,29.433743120876233,-2.258683328487147,10.447660578054787,10.879999999999999,407.6591672375759
3,29.806122736371314,-2.248454663881342,10.196951148012015,10.879999999999999,408.08496899095263
3,30.42690883304122,-2.2388182326728225,9.937360799464615,10.879999999999999,408.5196391171389
3,30.799426514711044,-2.2374838941765174,9.513501379094492,10.879999999999999,408.95963092449193
3,30.799426514711044,-2.2374838941765174,9.208037847723224,10.879999999999999,409.39962273184494
3,30.55107926936798,-2.2374838941765174,9.679521691919646,10.879999999999999,409.83606672140735
3,30.426905764709485,-2.2373356337799777,10.033953082013275,10.879999999999999,410.2707368037603
3,30.426905764709485,-2.2373356337799777,10.076199077970449,10.879999999999999,410.7054068861133
3,30.675252301974453,-2.237928675084334,9.862985024612543,10.879999999999999,411.1436247761415
3,30.923596478985782,-2.2391147531840994,9.590580743246607,10.879999999999999,411.585390440127
3,31.29610424762819,-2.2422281860035738,9.421590826337148,10.879999999999999,412.03247764366455
3,31.29610424762819,-2.2422281860035738,9.249240635404304,10.879999999999999,412.4795648472021
3,31.171934991414055,-2.241190375063749,9.591419153804381,10.879999999999999,412.9248782042223
3,31.171934991414055,-2.241190375063749,9.851269775505706,10.879999999999999,413.3701915612425
3,31.296106371844314,-2.241931672819317,10.044782250591018,10.879999999999999,413.817278795126
3,31.420277752274572,-2.2426729705748847,9.880043712155889,10.879999999999999,414.2661399058728
3,31.668618624938986,-2.244452080961121,9.722565277826233,10.879999999999999,414.71854874337197
3,32.165289985256884,-2.249196339253056,9.567265777118468,10.879999999999999,415.1780528860185
3,32.661933023164195,-2.256312591424377,9.233039920581971,10.879999999999999,415.6446519292066
3,33.40679987110022,-2.2723234283858673,8.950741980757702,10.879999999999999,416.12189192736514
3,33.40679987110022,-2.2723234283858673,8.608272639718404,10.879999999999999,416.5991319255237
3,33.53094788581933,-2.274843682663069,8.903579592661183,10.879999999999999,417.0781454667497
3,33.53094788581933,-2.274843682663069,9.175880580427867,10.879999999999999,417.55715900797566
3,33.53094788581933,-2.274843682663069,9.361937503042842,10.879999999999999,418.03617254920164
3,33.65510156481868,-2.2770674702530016,9.408041441950992,10.879999999999999,418.51695971441336
3,34.02757747076432,-2.2828493949187223,9.299264203591724,10.879999999999999,419.0030679639957
3,34.77251441370801,-2.295302682354241,9.141937994218194,10.879999999999999,419.49981816990584
3,35.51738338538575,-2.311313564965341,8.764844864746433,10.879999999999999,420.00720936112566
3,35.88978707258201,-2.320652993507424,8.288976424173832,10.879999999999999,420.5199206050197
3,35.88978707258201,-2.320652993507424,7.799278585562913,10.879999999999999,421.03263184891375
3,36.01393508730112,-2.3231732477846254,8.142041931770775,10.879999999999999,421.54711663587517
3,35.64145988934811,-2.317391334109032,8.463684834810822,10.879999999999999,422.0562803485801
3,35.268952828758906,-2.314277907207497,8.69742122869096,10.879999999999999,422.5601225318481
3,35.02060652751934,-2.3136848664667595,8.977427768664349,10.879999999999999,423.06041691081265
3,34.89643302286085,-2.3138331268632992,9.182997619375072,10.879999999999999,423.5589373825678
3,34.89643302286085,-2.3138331268632992,9.334719766838521,10.879999999999999,424.057457854323
3,35.268947164151626,-2.3116092335965956,9.338647133444795,10.879999999999999,424.561299956668
3,35.889811147056975,-2.3093853318756077,9.01403683519862,10.879999999999999,425.0740115444831
3,36.386505165690956,-2.3093853318756077,8.597138385428323,10.879999999999999,425.5938187611358
3,37.37986488003151,-2.3165017463670736,8.06288742988415,10.879999999999999,426.1278168308506
3,37.504031303976326,-2.3178360645732163,7.439147548953331,10.879999999999999,426.6635887066217
3,37.504031303976326,-2.3178360645732163,7.586062363880266,10.879999999999999,427.1993605823928
3,37.13151787075086,-2.315612175533626,7.967152152122534,10.879999999999999,427.72981083768923
3,36.758998064852804,-2.3160569558778237,8.220590395594655,10.879999999999999,428.25493938147287
3,36.3864910042636,-2.319170382779359,8.477457244167224,10.879999999999999,428.7747463958195
3,36.01400235334827,-2.32406283637062,8.790883161403373,10.879999999999999,429.28923214372446
3,35.76569003903371,-2.3282139321824595,9.012428067450536,10.879999999999999,429.8001705728535
3,35.393245994876374,-2.3357746950140643,9.17747251530133,10.879999999999999,430.30578837278034
3,35.765706323910045,-2.329103344925023,9.179014704327116,10.879999999999999,430.81672703455047
3,36.13820488770744,-2.325100397915302,8.75090374972508,10.879999999999999,431.33298710437487
3,36.38654576037185,-2.323321287529066,8.422374606574127,10.879999999999999,431.8527949009516
3,36.38654576037185,-2.323321287529066,8.234726039395259,10.879999999999999,432.37260269752835
3,36.13820488770744,-2.325100397915302,8.523918034458491,10.879999999999999,432.88886276735275
3,35.88986920754849,-2.3274725270612695,8.658235155482846,10.879999999999999,433.4015751846034
3,35.88986920754849,-2.3274725270612695,8.71599370526944,10.879999999999999,433.9142876018541
3,35.393245994876374,-2.3357746950140643,8.837092831744801,10.879999999999999,434.4199054017809
3,35.26909798015726,-2.338294949291266,8.921326332957932,10.879999999999999,434.9237496586403
3,35.26909798015726,-2.338294949291266,8.912628244513401,10.879999999999999,435.4275939154997
3,35.26909798015726,-2.338294949291266,8.81777418759606,10.879999999999999,435.9314381723591
3,35.26909798015726,-2.338294949291266,8.695255959194267,10.879999999999999,436.4352824292185
3,35.26909798015726,-2.338294949291266,8.517904886191687,10.879999999999999,436.9391266860779
3,35.26909798015726,-2.338294949291266,8.46099196067288,10.879999999999999,437.4429709429373
3,35.14494430115791,-2.3405187368811986,8.47501378588952,10.879999999999999,437.945041575811
3,35.14494430115791,-2.3405187368811986,8.393895280405058,10.879999999999999,438.4471122086847
3,35.14494430115791,-2.3405187368811986,8.276330530772807,10.879999999999999,438.9491828415584
3,35.14494430115791,-2.3405187368811986,8.106095715494426,10.879999999999999,439.4512534744321
3,35.14494430115791,-2.3405187368811986,8.05825357253081,10.879999999999999,439.95332410730583
3,35.0207856658427,-2.3424460451031055,7.98276429560785,10.879999999999999,440.4536210453893
3,35.0207856658427,-2.3424460451031055,7.881310682096662,10.879999999999999,440.95391798347276
3,34.896622782204254,-2.344076862966859,7.830243103033156,10.879999999999999,441.4524411660757
3,34.77245635825944,-2.345411181173002,7.84464666325493,10.879999999999999,441.94919054262226
3,34.399942925033976,-2.347635070212592,7.785660677695755,10.879999999999999,442.4406182986942
3,34.02742453529076,-2.348969411245185,7.970814976719913,10.879999999999999,442.926724363484
3,33.406567633139474,-2.352675900023024,8.235968024950918,10.879999999999999,443.40396104395745
3,32.289071941747295,-2.3646847410521876,8.737717322742778,10.879999999999999,443.8652335002681
3,31.29582268448905,-2.381289124299546,9.261686298647463,10.879999999999999,444.3123166814751
3,30.302664055585403,-2.4026369677810124,9.880249095788164,10.879999999999999,444.7452118822692
3,29.061357371414903,-2.4352504887648587,10.434804842664473,10.879999999999999,445.1603741304323
3,27.94429286346607,-2.468604132446178,11.031574210060379,10.879999999999999,445.5595783141961
3,27.075529337597306,-2.4966205007987434,11.563600534785742,10.879999999999999,445.9463715904475
3,26.45503351821125,-2.5181139680012614,12.041542070884473,10.879999999999999,446.32430064070763
3,26.45503351821125,-2.5181139680012614,12.378782826186855,10.879999999999999,446.7022296909678
3,26.579151796872228,-2.514408007592226,12.213432685499834,10.879999999999999,447.08193185949455
3,27.19985646993159,-2.5003245549351574,12.018597184837514,10.879999999999999,447.4705012376364
3,27.820669708095707,-2.4921704811154854,11.38529483142709,10.879999999999999,447.86793937632353
3,28.441530150638158,-2.489946592075895,10.735891704183874,10.879999999999999,448.27424694990407
3,30.05554639058205,-2.515000884607714,9.85262197074466,10.879999999999999,448.70361189834097
3,30.80016898454071,-2.5399039089347206,8.966120978309053,10.879999999999999,449.1436143124058
3,31.052396655592265,-2.5399039089347206,8.669750038400723,10.879999999999999,449.5872199789143
3,30.92830811061546,-2.535308884902336,9.221868895246635,10.879999999999999,450.02905295192306
3,30.55598159295316,-2.523301892716716,9.664159480625148,10.879999999999999,450.4655669746795
3,30.059430598893147,-2.5114422276495802,9.931973185822823,10.879999999999999,450.89498741180654
3,29.811109787944236,-2.5078841117087123,10.194126102049802,10.879999999999999,451.32086040877715
3,29.811109787944236,-2.5078841117087123,10.381284579548252,10.879999999999999,451.74673340574776
3,30.183609059778675,-2.5118870663271404,10.250409690139154,10.879999999999999,452.1779278208875
3,30.431938603371187,-2.5148522052150666,9.825982840922624,10.879999999999999,452.61266980093563
3,31.052753021563404,-2.5230062945338347,9.480951719991076,10.879999999999999,453.05628055838656
3,31.921827122641975,-2.538572778074931,9.092623222740409,10.879999999999999,453.51230666013856
3,32.04597513736108,-2.5410930323521326,8.771379817852546,10.879999999999999,453.970106304958
3,32.04597513736108,-2.5410930323521326,9.068273139315012,10.879999999999999,454.4279059497774
3,31.797645829777824,-2.5381278962822362,9.34365086708364,10.879999999999999,454.88215803305997
3,31.797645829777824,-2.5381278962822362,9.6456854565396,10.879999999999999,455.3364101163425
3,31.92181225372264,-2.539462214488379,9.885148629818723,10.879999999999999,455.7924360056814
3,32.04597513736108,-2.5410930323521326,9.749914443194918,10.879999999999999,456.2502356505008
3,32.41846378827641,-2.5459854859433935,9.606575736841501,10.879999999999999,456.71335656176194
3,33.03925578486476,-2.555622008736049,9.412991484513421,10.879999999999999,457.18534593011714
3,33.90824563065565,-2.575338917410747,9.169414927999467,10.879999999999999,457.6697494391265
3,34.65298078994463,-2.596685482686078,8.610254516525794,10.879999999999999,458.16479202184
3,35.397605506948594,-2.621588578015831,7.977114775614356,10.879999999999999,458.6704721005107
3,35.769932024610895,-2.6335955702014506,7.522451394044987,10.879999999999999,459.18147112943376
3,35.89405879904624,-2.637005131550859,7.751369604352275,10.879999999999999,459.69424339799156
3,35.645782594140684,-2.631075282110333,8.324388857721342,10.879999999999999,460.20346886362216
3,35.27332226510701,-2.6244039320212917,8.748550497389385,10.879999999999999,460.7073734674094
3,34.77665232087936,-2.6196596872560027,9.038513109376817,10.879999999999999,461.2041827862791
3,34.652479052246676,-2.61951142714127,9.216598368142218,10.879999999999999,461.69921820131117
3,35.14917307088066,-2.61951142714127,9.31342369177264,10.879999999999999,462.2013492451809
3,35.52169146062387,-2.620845768173863,9.075192591727092,10.879999999999999,462.7088019803327
3,36.018380286693294,-2.6232179266278624,8.583731419747355,10.879999999999999,463.2233502701426
3,36.63923718884458,-2.6269244154057017,8.06025037457908,10.879999999999999,463.7467679442689
3,36.88758136585591,-2.628110493505467,7.837882146026136,10.879999999999999,464.2737333923526
3,36.763407861197415,-2.6279622331089274,8.01717502549423,10.879999999999999,464.79892493322683
3,36.39088734722193,-2.6284070142985465,8.073323652284452,10.879999999999999,465.31879475247285
3,36.1425431702106,-2.629593092398312,8.325541087665203,10.879999999999999,465.8351167977616
3,35.77004460641321,-2.633596039408033,8.502688810853869,10.879999999999999,466.3461174349961
3,35.645885971098,-2.63552334762994,8.746159920276975,10.879999999999999,466.8553443774403
3,35.27342493409995,-2.642194710399738,8.88255222039863,10.879999999999999,467.3592504479274
3,35.27342493409995,-2.642194710399738,8.886740183671995,10.879999999999999,467.86315651841454
3,35.1492712551006,-2.6444184979896708,8.829042498165023,10.879999999999999,468.365288964916
3,35.1492712551006,-2.6444184979896708,8.811091429832482,10.879999999999999,468.8674214114174
3,35.1492712551006,-2.6444184979896708,8.711359944286425,10.879999999999999,469.36955385791885
3,35.1492712551006,-2.6444184979896708,8.608527438020133,10.879999999999999,469.8716863044203
3,35.1492712551006,-2.6444184979896708,8.68071862336557,10.879999999999999,470.3738187509217
3,35.1492712551006,-2.6444184979896708,8.629693809035112,10.879999999999999,470.87595119742315
3,35.1492712551006,-2.6444184979896708,8.571224229659382,10.879999999999999,471.3780836439246
3,35.1492712551006,-2.6444184979896708,8.459608711049967,10.879999999999999,471.880216090426
3,35.1492712551006,-2.6444184979896708,8.464479397611433,10.879999999999999,472.38234853692745
3,35.1492712551006,-2.6444184979896708,8.390128085246243,10.879999999999999,472.8844809834289
3,35.1492712551006,-2.6444184979896708,8.282201953337438,10.879999999999999,473.3866134299303
3,35.1492712551006,-2.6444184979896708,8.211497891921958,10.879999999999999,473.88874587643176
3,35.1492712551006,-2.6444184979896708,8.144742528567424,10.879999999999999,474.3908783229332
3,35.1492712551006,-2.6444184979896708,8.075823136820308,10.879999999999999,474.8930107694346
3,34.90094973614695,-2.6479766240753313,8.083346150667676,10.879999999999999,475.3915957656653
3,34.652614055988,-2.650348753221299,8.108851804249571,10.879999999999999,475.88663310932225
3,34.52844267555774,-2.6510900509768667,8.07368695498412,10.879999999999999,476.3798965761159
3,34.40426987897667,-2.6515348313210643,8.095013441205207,10.879999999999999,476.8713861458156
3,34.15592286965968,-2.6515348313210643,8.069200300745154,10.879999999999999,477.3593279010965
3,33.90757869264836,-2.650348753221299,8.106967089886354,10.879999999999999,477.84372188242
3,33.41089694731953,-2.646790532448826,8.323437060351235,10.879999999999999,478.3210204102389
3,33.03838917867712,-2.6436770996293517,8.693829826424341,10.879999999999999,478.7929973985057
3,31.672506590183755,-2.635522839817521,9.179328116138201,10.879999999999999,479.24546177836544
3,30.927465562232786,-2.635522839817521,9.605917998641962,10.879999999999999,479.6872827149688
3,29.934088854187472,-2.6402671522165826,10.171522293819224,10.879999999999999,480.1149125557429
3,28.816593162795293,-2.652275993245746,10.649891927236986,10.879999999999999,480.5265781723542
3,28.071656219851608,-2.664729280681265,11.079854047834795,10.879999999999999,480.92760183263783
3,27.450916146256052,-2.6773305520672728,11.464770385519286,10.879999999999999,481.31975777758436
3,27.575069589267276,-2.675106768704259,11.718286109697102,10.879999999999999,481.7136873431453
3,27.575069589267276,-2.675106768704259,11.457158402945533,10.879999999999999,482.10761690870623
3,27.94756815306467,-2.6711038216945377,11.17964777031911,10.879999999999999,482.50686788232144
3,28.81677277261845,-2.6721416326343626,10.860861495463128,10.879999999999999,482.9185360647874
3,29.437586010782567,-2.6802957064540345,10.166707261920868,10.879999999999999,483.3390730077986
3,29.81004704778061,-2.6869670692238325,9.565379365962691,10.879999999999999,483.7649308227669
3,29.93420072677996,-2.6891908568137652,9.502076409395452,10.879999999999999,484.1925622617209
3,29.81004704778061,-2.6869670692238325,9.892282012645783,10.879999999999999,484.61842007668923
3,29.437586010782567,-2.6802957064540345,10.266294252775854,10.879999999999999,485.03895701970043
3,29.31342336314974,-2.6786648916901,10.551880143681755,10.879999999999999,485.4577202106026
3,29.31342336314974,-2.6786648916901,10.735400471874206,10.879999999999999,485.87648340150474
3,29.437596159730813,-2.6791096720342975,10.668519898446005,10.879999999999999,486.2970204895009
3,29.934289234260753,-2.6802957546430104,10.415125987955674,10.879999999999999,486.7246531928475
3,30.430977588283408,-2.6826679108425413,10.107436569780624,10.879999999999999,487.1593814441087
3,31.548473279675587,-2.6946767518717047,9.54044357977661,10.879999999999999,487.6100739195326
3,32.41754738075416,-2.710243235412801,8.81936496512344,10.879999999999999,488.0731817392577
3,32.665823585659716,-2.716173084853327,8.249183872703407,10.879999999999999,488.53983636191
3,33.28649639765349,-2.731738799090132,7.841171836472848,10.879999999999999,489.0153577390193
3,33.162361835254735,-2.728625656242771,8.193469825265536,10.879999999999999,489.48910576523724
3,32.91408563034918,-2.722695806802245,8.521138691273386,10.879999999999999,489.95930698852794
3,32.41746241767706,-2.71439363884945,8.802717908627622,10.879999999999999,490.42241359449474
3,32.04495535708785,-2.7112802119479147,9.122594090779616,10.879999999999999,490.8801986710246
3,31.42408901392442,-2.710538911374252,9.440731049071024,10.879999999999999,491.32911422836634
3,31.17574483691309,-2.7117249894740176,9.641314638542191,10.879999999999999,491.7744820117508
3,31.051578648980623,-2.7130593051439247,9.811701210183147,10.879999999999999,492.21807599245057
3,31.424067299895952,-2.708166851552664,9.8961181066865,10.879999999999999,492.66699123959194
3,31.79657436048516,-2.7050534246511284,9.578612534746139,10.879999999999999,493.1212280161703
3,32.29326696296429,-2.703867343169654,9.1179381150626,10.879999999999999,493.58256040135547
3,33.03830586668298,-2.7056464653918657,8.725365663070129,10.879999999999999,494.0545361994509
3,33.03830586668298,-2.7056464653918657,8.401928469454575,10.879999999999999,494.5265119975464
3,32.91413448625273,-2.704905167636298,8.83934348382378,10.879999999999999,494.99671391877854
3,32.91413448625273,-2.704905167636298,9.14212580527587,10.879999999999999,495.4669158400107
3,32.91413448625273,-2.704905167636298,9.211603094835262,10.879999999999999,495.93711776124286
3,32.91413448625273,-2.704905167636298,8.98634817556803,10.879999999999999,496.407319682475
3,33.03830586668298,-2.7056464653918657,8.808410756437514,10.879999999999999,496.8792954805705
3,33.162478663264054,-2.7060912457360633,8.603056456100116,10.879999999999999,497.35304517576
3,33.162478663264054,-2.7060912457360633,8.64294759749418,10.879999999999999,497.82679487094947
3,33.162478663264054,-2.7060912457360633,8.768394256439692,10.879999999999999,498.30054456613897
3,33.162478663264054,-2.7060912457360633,8.773983152685606,10.879999999999999,498.77429426132846
3,33.162478663264054,-2.7060912457360633,8.82374056637399,10.879999999999999,499.24804395651796
3,33.162478663264054,-2.7060912457360633,8.821312702099485,10.879999999999999,499.72179365170746
3,33.162478663264054,-2.7060912457360633,8.740404081240301,10.879999999999999,500.19554334689695
3,33.162478663264054,-2.7060912457360633,8.682441790587934,10.879999999999999,500.66929304208645
3,33.162478663264054,-2.7060912457360633,8.685926869096154,10.879999999999999,501.14304273727595
3,33.162478663264054,-2.7060912457360633,8.696529675082715,10.879999999999999,501.61679243246545
3,33.162478663264054,-2.7060912457360633,8.723770146452562,10.879999999999999,502.09054212765494
3,33.162478663264054,-2.7060912457360633,8.683632908413808,10.879999999999999,502.56429182284444
3,33.162478663264054,-2.7060912457360633,8.60845078168123,10.879999999999999,503.03804151803394
3,33.162478663264054,-2.7060912457360633,8.532761881091945,10.879999999999999,503.51179121322343
3,33.162478663264054,-2.7060912457360633,8.523004634978877,10.879999999999999,503.98554090841293
3,33.162478663264054,-2.7060912457360633,8.494849083503347,10.879999999999999,504.4592906036024
3,33.162478663264054,-2.7060912457360633,8.429102852932793,10.879999999999999,504.9330402987919
3,33.162478663264054,-2.7060912457360633,8.317298155675138,10.879999999999999,505.4067899939814
3,33.162478663264054,-2.7060912457360633,8.297790552811339,10.879999999999999,505.8805396891709
3,33.03830586668298,-2.7056464653918657,8.279589497314792,10.879999999999999,506.3525154872664
3,33.03830586668298,-2.7056464653918657,8.238401342655196,10.879999999999999,506.82449128536183
3,32.66578747693978,-2.704312124359273,8.355863032881452,10.879999999999999,507.2911453921753
3,32.29326696296429,-2.703867343169654,8.609084018680631,10.879999999999999,507.75247777736047
3,31.67240416018125,-2.7060912406634956,8.88679480783615,10.879999999999999,508.2049406939345
3,30.927397119704406,-2.713207628101398,9.262010928252364,10.879999999999999,508.6467606527874
3,30.182432562843434,-2.7238820063583797,9.65331550485495,10.879999999999999,509.07793826082803
3,29.561693669134666,-2.736483253792212,10.03425528653652,10.879999999999999,509.5002481703871
3,28.816909658632365,-2.7560513663825197,10.40428474618531,10.879999999999999,509.9119183083676
3,28.692791379971386,-2.759757326791555,10.716820749535064,10.879999999999999,510.32181532808147
3,28.072246004350838,-2.779769018471959,10.951865360586847,10.879999999999999,510.7228474138579
3,28.196364047090984,-2.7760630651071176,11.086407510503372,10.879999999999999,511.1256526145306
3,28.444640251996542,-2.7701332156665917,10.751021069461013,10.879999999999999,511.5320046181306
3,29.189599144827607,-2.7594589185678293,10.370476722619724,10.879999999999999,511.94899889162815
3,29.810461947610644,-2.7572350210739875,9.858556337162227,10.879999999999999,512.3748626337368
3,30.431315309439416,-2.76094148871626,9.39122166323193,10.879999999999999,512.809595709586
3,30.55548173338423,-2.762275806922403,9.095651131664901,10.879999999999999,513.2461025914915
3,30.431315309439416,-2.76094148871626,9.547294600686993,10.879999999999999,513.6808356673407
3,30.058816037604977,-2.756938534097832,9.984085147263436,10.879999999999999,514.1102473250207
3,29.686302604379513,-2.754714645058242,10.331381392332563,10.879999999999999,514.5343373622262
3,29.686302604379513,-2.754714645058242,10.592172455230607,10.879999999999999,514.9584273994317
3,29.810476109038007,-2.7548629054547815,10.501127458184383,10.879999999999999,515.3842913438465
3,29.9346496136965,-2.755011165851321,10.282289134941603,10.879999999999999,515.8119291954707
3,30.80385918976399,-2.7581246282607044,9.970065506725195,10.879999999999999,516.251984326753
3,31.424704290746,-2.763313673096597,9.406444383881182,10.879999999999999,516.7009086737637
3,31.79719294166133,-2.7682061266878577,8.852542098007289,10.879999999999999,517.155154287216
3,33.038697870512514,-2.7919262683933734,8.322065150392786,10.879999999999999,517.6271356853662
3,33.162839513019314,-2.7947429749865385,8.32601228187095,10.879999999999999,518.1008905355521
3,33.0386914983002,-2.792222720709337,8.785341494157526,10.879999999999999,518.5728718426707
3,32.666216300347195,-2.7864408070337436,9.16036963986128,10.879999999999999,519.0395320755327
3,32.169536443176916,-2.7828825997880107,9.448538647029851,10.879999999999999,519.4990968818638
3,32.29370994783541,-2.7830308601845504,9.632204563376586,10.879999999999999,519.9604355954043
3,32.542056249074975,-2.7836239009252877,9.540789687149262,10.879999999999999,520.4253221132483
3,32.91457463881819,-2.7849582419578804,9.312748958665043,10.879999999999999,520.8955303223743
3,33.41126299284085,-2.7873303981574113,9.022294138937015,10.879999999999999,521.3728340794148
3,34.156270033317696,-2.794446785595314,8.64191163438884,10.879999999999999,521.8607807941765
3,34.28043645726251,-2.7957811038014566,8.17071861982138,10.879999999999999,522.3505013149946
3,34.40460571347665,-2.7968189147412814,8.342185185274724,10.879999999999999,522.84199568233
3,34.28043433304639,-2.7960776169857136,8.668820570015399,10.879999999999999,523.3317161728021
3,34.03208992001167,-2.794891537758714,8.92945688003945,10.879999999999999,523.8178888859451
3,34.03208992001167,-2.794891537758714,9.080116620908376,10.879999999999999,524.3040615990881
3,33.78374361877211,-2.795484578499451,9.119636604697444,10.879999999999999,524.7866865079277
3,34.03208803180682,-2.7942984992724513,9.053935255552691,10.879999999999999,525.2728591940963
3,34.40460783770488,-2.7938537189282537,8.836163245210994,10.879999999999999,525.7643535917779
3,34.77712622744809,-2.7951880599608465,8.568687521935384,10.879999999999999,526.2611696807414
3,34.77712622744809,-2.7951880599608465,8.268887958938997,10.879999999999999,526.757985769705
3,34.77712622744809,-2.7951880599608465,8.569377413439044,10.879999999999999,527.2548018586685
3,34.528778982105024,-2.7951880599608465,8.742668932996368,10.879999999999999,527.7480701298415
3,34.40460547744653,-2.795336320357386,8.798298255180573,10.879999999999999,528.239564493805
3,34.40460547744653,-2.795336320357386,8.724067088240904,10.879999999999999,528.7310588577685
3,34.40460547744653,-2.795336320357386,8.709172050300051,10.879999999999999,529.222553221732
3,34.40460547744653,-2.795336320357386,8.630746162355496,10.879999999999999,529.7140475856955
3,34.40460547744653,-2.795336320357386,8.437389935997803,10.879999999999999,530.205541949659
3,34.40460547744653,-2.795336320357386,8.229215468038722,10.879999999999999,530.6970363136226
3,34.40460547744653,-2.795336320357386,8.11191294319836,10.879999999999999,531.1885306775861
3,34.28043197278804,-2.795484580753926,8.163712045660159,10.879999999999999,531.6782511343401
3,34.28043197278804,-2.795484580753926,8.148312770494982,10.879999999999999,532.1679715910942
3,34.15625846812954,-2.795336320357386,8.085650936772433,10.879999999999999,532.655918140639
3,34.15625846812954,-2.795336320357386,7.910500362491538,10.879999999999999,533.1438646901837
3,33.90791193086457,-2.7947432790530295,7.817705759285231,10.879999999999999,533.6282634320532
3,33.6595653935996,-2.794150237748673,8.030024428624742,10.879999999999999,534.1091143662476
3,33.038697870307125,-2.7934089357659744,8.263260950191954,10.879999999999999,534.5810957643948
3,32.293667463481185,-2.7969671599201695,8.56826773514957,10.879999999999999,535.042433871016
3,31.548679540731413,-2.8058625681298586,8.839067078957182,10.879999999999999,535.4931292930264
3,31.30036722641685,-2.810013663941698,9.218778737497109,10.879999999999999,535.940277396261
3,30.05898974126682,-2.839662826609538,9.50917461157583,10.879999999999999,536.3696915354219
3,29.190227866721447,-2.8676791417093175,9.805335907079384,10.879999999999999,536.7866947906608
3,28.44573057634072,-2.8961381990723183,10.0779189175068,10.879999999999999,537.1930623703229
3,27.94944529878719,-2.9162960849132022,10.352637881079477,10.879999999999999,537.5923401603055
3,27.45321004390334,-2.9376389984240396,10.558870820356981,10.879999999999999,537.9845288752184
3,26.832947829002233,-2.9650582576031885,10.80457502948013,10.879999999999999,538.367856701347
3,27.081112884901813,-2.9555719321959755,10.973108732894529,10.879999999999999,538.7547297425599
3,27.081112884901813,-2.9555719321959755,10.601431826292432,10.879999999999999,539.1416027837728
3,27.577688423818195,-2.944898091609992,10.268342242836932,10.879999999999999,539.5355697612559
3,27.826023395932022,-2.942525969227347,9.853893304432892,10.879999999999999,539.9330843811978
3,27.826023395932022,-2.942525969227347,9.515440318730624,10.879999999999999,540.3305990011396
3,27.826023395932022,-2.942525969227347,9.795222512626383,10.879999999999999,540.7281136210814
3,27.453505006188813,-2.94386031025994,9.97550760669623,10.879999999999999,541.1203065497413
3,27.453505006188813,-2.94386031025994,10.232013552456543,10.879999999999999,541.5124994784011
3,27.32933150153032,-2.9440085706564796,10.153806845668935,10.879999999999999,541.9029184998515
3,27.32933150153032,-2.9440085706564796,10.095434265833592,10.879999999999999,542.2933375213019
3,27.32933150153032,-2.9440085706564796,9.995942327717707,10.879999999999999,542.6837565427522
3,27.205157996871826,-2.94386031025994,9.876324818312566,10.879999999999999,543.0724016569933
3,27.205157996871826,-2.94386031025994,9.801545860757107,10.879999999999999,543.4610467712344
3,27.205157996871826,-2.94386031025994,9.874028698041714,10.879999999999999,543.8496918854754
3,27.205157996871826,-2.94386031025994,9.960857699258032,10.879999999999999,544.2383369997165
3,27.205157996871826,-2.94386031025994,10.053364095153825,10.879999999999999,544.6269821139575
3,27.205157996871826,-2.94386031025994,10.11262310604275,10.879999999999999,545.0156272281986
3,27.205157996871826,-2.94386031025994,10.175405562004649,10.879999999999999,545.4042723424396
3,27.329330793452897,-2.9443050906041375,10.198155517861247,10.879999999999999,545.7946913537747
3,27.701837854042104,-2.947418517505673,10.200551415748846,10.879999999999999,546.1904318945468
3,28.322652272234322,-2.955572606824441,9.965297408339273,10.879999999999999,546.5950412127215
3,28.695112601267994,-2.962243956913482,9.583994661564633,10.879999999999999,547.0049713927397
3,29.315820813802,-2.9763274898793073,9.350115707021752,10.879999999999999,547.4237688329368
3,29.4399624563088,-2.9791441964724723,9.25798305219995,10.879999999999999,547.8443397251698
3,29.4399624563088,-2.9791441964724723,9.564410315616449,10.879999999999999,548.2649106174027
3,29.4399624563088,-2.9791441964724723,9.7651144246232,10.879999999999999,548.6854815096357
3,29.315814441589687,-2.9766239421952707,9.964480476740937,10.879999999999999,549.1042788588012
3,29.564116371291156,-2.981367988571086,9.931408322886991,10.879999999999999,549.526623378391
3,29.93656041544849,-2.9889287514026908,9.700726976553355,10.879999999999999,549.9542885271832
3,30.557232047683325,-3.0044944360525814,9.426516680067552,10.879999999999999,550.3908204135787
3,31.3019141090386,-3.0276193322879474,8.976716421309435,10.879999999999999,550.8379906151364
3,31.42603215177874,-3.031325285652791,8.603916100341577,10.879999999999999,551.2869339315904
3,31.42603215177874,-3.031325285652791,8.924354813443648,10.879999999999999,551.7358772480444
3,31.42603215177874,-3.031325285652791,9.153612021724264,10.879999999999999,552.1848205644984
3,31.42603215177874,-3.031325285652791,9.287557809128105,10.879999999999999,552.6337638809524
3,31.42603215177874,-3.031325285652791,9.48741697359604,10.879999999999999,553.0827071974064
3,31.550203532209,-3.032066583408359,9.407800545241114,10.879999999999999,553.5334243907237
3,31.92272192195221,-3.0334009244409517,9.202911733403434,10.879999999999999,553.989463275323
3,32.41941027597487,-3.0357730806404826,9.054287754084001,10.879999999999999,554.452597707837
3,32.916081636292766,-3.0405173389324176,8.812897675654577,10.879999999999999,554.9228274454982
3,33.168309307344316,-3.0405173389324176,8.318258897821243,10.879999999999999,555.3966604356032
3,33.78914142706838,-3.047188929963131,7.917784109374198,10.879999999999999,555.8793624559898
3,33.78914142706838,-3.047188929963131,8.226357408062395,10.879999999999999,556.3620644763765
3,33.78914142706838,-3.047188929963131,8.559141946578261,10.879999999999999,556.8447664967632
3,33.91331068328252,-3.048226740902956,8.699281338035254,10.879999999999999,557.3292423636673
3,33.91331068328252,-3.048226740902956,8.493048609860047,10.879999999999999,557.8137182305713
3,34.03748206371278,-3.048968038658524,8.412716730615099,10.879999999999999,558.2999679743386
3,34.03748206371278,-3.048968038658524,8.260317670696807,10.879999999999999,558.786217718106
3,34.03748206371278,-3.048968038658524,8.303446402697038,10.879999999999999,559.2724674618732
3,34.03748206371278,-3.048968038658524,8.396440304812234,10.879999999999999,559.7587172056406
3,34.03748206371278,-3.048968038658524,8.516084442048482,10.879999999999999,560.2449669494079
3,33.91331068328252,-3.048226740902956,8.530644830758511,10.879999999999999,560.7294428163119
3,33.91331068328252,-3.048226740902956,8.540160107483908,10.879999999999999,561.213918683216
3,33.91331068328252,-3.048226740902956,8.434835844658435,10.879999999999999,561.69839455012
3,33.91331068328252,-3.048226740902956,8.332664712425425,10.879999999999999,562.1828704170241
3,33.91331068328252,-3.048226740902956,8.240866825366604,10.879999999999999,562.6673462839282
3,33.91331068328252,-3.048226740902956,8.23976584672858,10.879999999999999,563.1518221508322
3,33.91331068328252,-3.048226740902956,8.218997742967101,10.879999999999999,563.6362980177363
3,33.91331068328252,-3.048226740902956,8.148014590026275,10.879999999999999,564.1207738846404
3,33.91331068328252,-3.048226740902956,8.023727879745291,10.879999999999999,564.6052497515444
3,33.91331068328252,-3.048226740902956,7.915078716026403,10.879999999999999,565.0897256184485
3,33.91331068328252,-3.048226740902956,7.8508646307275045,10.879999999999999,565.5742014853525
3,33.91331068328252,-3.048226740902956,7.759062709230871,10.879999999999999,566.0586773522566
3,33.6649698106181,-3.0464476305167194,7.682932031179385,10.879999999999999,566.5396054924083
3,33.540800554403965,-3.0454098195768946,7.9102703728361226,10.879999999999999,567.0187597860427
3,32.54742667863605,-3.0406655207046347,8.239392014676355,10.879999999999999,567.4837230243089
3,31.802396271810114,-3.0442237448588294,8.627613165780117,10.879999999999999,567.9380429710491
3,30.809113028014476,-3.0584562086223013,9.134651455296853,10.879999999999999,568.3781731571636
3,29.940123182223587,-3.0781731172969993,9.565037593664238,10.879999999999999,568.8058892026239
3,29.07129688304257,-3.10411479085089,10.022531231013412,10.879999999999999,569.2211934438102
3,28.20267871925518,-3.1362798979388438,10.467575956456624,10.879999999999999,569.6240888540852
3,27.33431326896351,-3.174666787824684,10.827899752180418,10.879999999999999,570.0145790436419
3,27.086249201162243,-3.1865231167412604,11.14837301410554,10.879999999999999,570.4015254608014
3,27.086249201162243,-3.1865231167412604,11.216935016435084,10.879999999999999,570.7884718779609
3,27.086249201162243,-3.1865231167412604,10.921050101890554,10.879999999999999,571.1754182951204
3,27.582768099725644,-3.1734778075330925,10.629516251956023,10.879999999999999,571.5694578394022
3,28.203578977837598,-3.1653237647115318,10.16467570041504,10.879999999999999,571.9723661105141
3,28.700270164165914,-3.1641376866117663,9.7036835350845,10.879999999999999,572.3823699700022
3,28.700270164165914,-3.1641376866117663,9.33657907829017,10.879999999999999,572.7923738294902
3,28.700270164165914,-3.1641376866117663,9.72696357724747,10.879999999999999,573.2023776889782
3,28.32774965019043,-3.163692905422147,10.008240828130347,10.879999999999999,573.607059826838
3,27.8310570477113,-3.164878986903622,10.20808765393446,10.879999999999999,574.004646356091
3,27.582716411066908,-3.1666580955990145,10.442773798796168,10.879999999999999,574.3986851619634
3,27.458549987122094,-3.167992413805157,10.6436902435077,10.879999999999999,574.7909501617794
3,27.582716411066908,-3.1666580955990145,10.753221254252834,10.879999999999999,575.1849889676517
3,27.955229844292372,-3.164434206559424,10.412040001086785,10.879999999999999,575.5843493939988
3,28.576096187455803,-3.1651755071330867,10.152102918353402,10.879999999999999,575.9925793395338
3,28.824436824100196,-3.1669546158284794,9.770763993844295,10.879999999999999,576.4043570084496
3,29.6935423153639,-3.1804456964509917,9.263144322703091,10.879999999999999,576.8285504700976
3,29.94183220856138,-3.1857826623935437,8.895871521948763,10.879999999999999,577.25629093022
3,29.94183220856138,-3.1857826623935437,9.360580164966994,10.879999999999999,577.6840313903423
3,29.569388164404046,-3.178221899561939,9.807836576694443,10.879999999999999,578.1064512212623
3,29.321067353455135,-3.174663783621071,10.16051746299621,10.879999999999999,578.525323612026
3,29.196898097241,-3.173625972681246,10.427451304900929,10.879999999999999,578.9424221562723
3,29.445238969905414,-3.1754050830674827,10.510643717717725,10.879999999999999,579.363068427271
3,29.569410350335673,-3.1761463808230506,10.266004435871015,10.879999999999999,579.7854885751328
3,30.314443589439815,-3.1797046185040503,9.983830899527625,10.879999999999999,580.218552054982
3,31.18362673081463,-3.1869692812742993,9.666775804527516,10.879999999999999,580.6640324368508
3,32.176912806629254,-3.2012017856169415,8.997651315566491,10.879999999999999,581.1237026198027
3,33.045988559624696,-3.2167682987464703,8.24113186576932,10.879999999999999,581.5957881706545
3,33.29430087393926,-3.22091939455831,7.979022986629826,10.879999999999999,582.0714210402822
3,33.418463757577705,-3.2225502124220635,8.478682941776674,10.879999999999999,582.5488276653905
3,32.92179239725981,-3.2178059541301285,8.860449105909657,10.879999999999999,583.0191389853513
3,32.797621016829545,-3.2170646563745606,9.147672855521298,10.879999999999999,583.4876764284489
3,32.67344822024767,-3.2172129159256744,9.332686616958334,10.879999999999999,583.9544399744525
3,33.04596236153845,-3.214989022658971,9.457485626250254,10.879999999999999,584.4265251510459
3,33.54265118760787,-3.2126168642049717,9.128888743737317,10.879999999999999,584.9057058822974
3,34.28769009132657,-3.21083774198276,8.70336544781207,10.879999999999999,585.3955300264593
3,35.15689801522282,-3.2139511984741387,8.247622994024903,10.879999999999999,585.8977714266767
3,36.02606133075007,-3.223291408163488,7.791395712305132,10.879999999999999,586.4124294456875
3,36.150224214388516,-3.2249222260272417,7.438864886211375,10.879999999999999,586.9288612201788
3,36.150224214388516,-3.2249222260272417,7.8574413999439585,10.879999999999999,587.44529299467
3,35.90188853422957,-3.222550096881274,8.241392636267594,10.879999999999999,587.9581771165875
3,35.77771715379931,-3.2218087991257063,8.448039321982126,10.879999999999999,588.4692873616418
3,35.65354388516663,-3.2216605390109736,8.507373570567273,10.879999999999999,588.9786237028585
3,35.529371088585556,-3.222105319355171,8.588183020438448,10.879999999999999,589.4861861469811
3,35.40520206838916,-3.2231431283223495,8.5941710666082,10.879999999999999,589.9919747479581
3,35.40520206838916,-3.2231431283223495,8.642789638181611,10.879999999999999,590.4977633489351
3,35.52935574738851,-3.220919340732417,8.662150959921961,10.879999999999999,591.0053255738978
3,35.653509426387856,-3.218695553142484,8.59509700091347,10.879999999999999,591.5146614228462
3,36.15016662550046,-3.212765297910856,8.298413346643876,10.879999999999999,592.031092374639
3,36.02599736928632,-3.213803108850681,8.002025997434886,10.879999999999999,592.5457494799145
3,36.02599736928632,-3.213803108850681,8.1941421460079,10.879999999999999,593.0604065851901
3,35.901828113072185,-3.2148409197905057,8.418121295515016,10.879999999999999,593.5732898439483
3,35.901828113072185,-3.2148409197905057,8.471515794530612,10.879999999999999,594.0861731027064
3,35.77765673264192,-3.2155822175460735,8.374967603682855,10.879999999999999,594.5972824846014
3,35.77765673264192,-3.2155822175460735,8.20588270020811,10.879999999999999,595.1083918664963
3,35.77765673264192,-3.2155822175460735,8.175992215742081,10.879999999999999,595.6195012483912
3,35.65348535221166,-3.2163235153016414,8.033339763634318,10.879999999999999,596.1288367534228
3,35.65348535221166,-3.2163235153016414,7.89657857590125,10.879999999999999,596.6381722584543
3,35.65348535221166,-3.2163235153016414,7.86194523556582,10.879999999999999,597.1475077634859
3,35.65348535221166,-3.2163235153016414,7.767987259800783,10.879999999999999,597.6568432685175
3,35.65348535221166,-3.2163235153016414,7.63939965674276,10.879999999999999,598.1661787735491
3,35.5293139717814,-3.2170648130572093,7.518601254659127,10.879999999999999,598.6737404017174
3,35.40514117520033,-3.217509593401407,7.495258909941474,10.879999999999999,599.1795281327917
3,34.90844810067039,-3.2186956760101193,7.56113639718776,10.879999999999999,599.6782202485156
3,34.53592971092718,-3.220030017042712,7.820182286915013,10.879999999999999,600.1715906729573
3,33.790907800994,-3.22536734312889,8.175565351833853,10.879999999999999,600.6543179272572
3,32.673443972298585,-3.2400446760043,8.580131806053826,10.879999999999999,601.1210814125758
3,31.556113963622803,-3.2627269213851977,9.164510355795494,10.879999999999999,601.5718830406275
3,30.563068616286404,-3.2888177381722747,9.717680834315864,10.879999999999999,602.0084983065744
3,29.57015920114604,-3.3196509331527397,10.267290459896687,10.879999999999999,602.4309291523051
3,28.949663381759983,-3.3411444003552577,10.7612806651948,10.879999999999999,602.8444957720445
3,27.708723658116508,-3.385613029982101,11.222360819654991,10.879999999999999,603.2403346814461
3,27.58461481889574,-3.389615360710641,11.590102501502928,10.879999999999999,603.6344006074304
3,27.58461481889574,-3.389615360710641,11.386412768186997,10.879999999999999,604.0284665334146
3,28.20535371260451,-3.377014113276809,11.117621834167245,10.879999999999999,604.4314001578804
3,28.702010911717114,-3.3710838580451807,10.646441357950348,10.879999999999999,604.8414288851906
3,29.3228748946265,-3.370342560289613,9.967828279035523,10.879999999999999,605.260327097971
3,29.943703474169364,-3.377014113276809,9.291452177463261,10.879999999999999,605.688094290459
3,29.943703474169364,-3.377014113276809,9.339970619599132,10.879999999999999,606.1158614829471
3,29.819544838854153,-3.375086805054902,9.877586523210118,10.879999999999999,606.5418549806451
3,29.69538195521571,-3.3734559871911483,10.164944508389913,10.879999999999999,606.9660747228625
3,29.44704627505676,-3.3710838580451807,10.24362508835813,10.879999999999999,607.3867468125061
3,29.19870209804543,-3.3698977799454153,10.230422366469618,10.879999999999999,607.8038711281924
3,28.95035508872844,-3.3698977799454153,10.143497306149891,10.879999999999999,608.21744762946
3,28.82618229214737,-3.370342560289613,10.017896076738287,10.879999999999999,608.6292502336336
3,28.70201091171711,-3.3710838580451807,10.203098174591485,10.879999999999999,609.0392789609438
3,28.70201091171711,-3.3710838580451807,10.322664632886784,10.879999999999999,609.449307688254
3,28.95035508872844,-3.3698977799454153,10.377842691252823,10.879999999999999,609.8628841895215
3,29.57122143189187,-3.370639080519078,10.357633118243406,10.879999999999999,610.2853302099771
3,29.819562068536264,-3.3724181892144705,9.960063598023348,10.879999999999999,610.7113239538133
3,30.440375306700382,-3.3805722630341424,9.493524796655347,10.879999999999999,611.1461864581947
3,31.309361848983485,-3.4002890967540385,8.995841790187413,10.879999999999999,611.5934630560373
3,31.309361848983485,-3.4002890967540385,8.689265496557132,10.879999999999999,612.0407396538799
3,31.433503491490285,-3.4031058033472035,8.999070074675423,10.879999999999999,612.4897897037583
3,31.309355476771174,-3.400585549070002,9.253621799438804,10.879999999999999,612.9370662105694
3,31.309355476771174,-3.400585549070002,9.40526555889505,10.879999999999999,613.3843427173804
3,31.433509155770523,-3.4028093366599346,9.378756369558639,10.879999999999999,613.8333928481771
3,31.557667791085734,-3.4047366448818415,9.224922484822033,10.879999999999999,614.284216673764
3,31.68183067472418,-3.406367462745595,9.069121280778473,10.879999999999999,614.7368142548315
3,31.68183067472418,-3.406367462745595,8.82304639180803,10.879999999999999,615.189411835899
3,31.805997098668993,-3.407701780951738,8.970622962522937,10.879999999999999,615.6437832230229
3,31.68183067472418,-3.406367462745595,9.160011123986598,10.879999999999999,616.0963808040904
3,31.68183067472418,-3.406367462745595,9.246708716345236,10.879999999999999,616.5489783851579
3,31.68183067472418,-3.406367462745595,9.234165718207759,10.879999999999999,617.0015759662253
3,31.805997098668993,-3.407701780951738,9.167640969494707,10.879999999999999,617.4559473533492
3,31.805997098668993,-3.407701780951738,9.16999733438613,10.879999999999999,617.910318740473
3,31.805997098668993,-3.407701780951738,9.12300742154869,10.879999999999999,618.3646901275969
3,31.805997098668993,-3.407701780951738,9.216701203099511,10.879999999999999,618.8190615147207
3,31.805997098668993,-3.407701780951738,9.275721496285595,10.879999999999999,619.2734329018446
3,31.805997098668993,-3.407701780951738,9.307390742956004,10.879999999999999,619.7278042889684
3,31.805997098668993,-3.407701780951738,9.301241064892093,10.879999999999999,620.1821756760922
3,31.930166354883127,-3.4087395918915626,9.26006624714255,10.879999999999999,620.6383209097335
3,31.930166354883127,-3.4087395918915626,9.31643566128867,10.879999999999999,621.0944661433747
3,32.05433773531338,-3.4094808896471305,9.315132170170461,10.879999999999999,621.5523852538792
3,32.05433773531338,-3.4094808896471305,9.233838878304306,10.879999999999999,622.0103043643836
3,32.17851053189445,-3.409925669991328,9.120010629139658,10.879999999999999,622.4699973719821
3,32.30268403655295,-3.4100739303878678,9.100226563089349,10.879999999999999,622.9314642867901
3,32.30268403655295,-3.4100739303878678,9.146635791150718,10.879999999999999,623.392931201598
3,32.42685754121144,-3.409925669991328,9.078206149722183,10.879999999999999,623.8561720236153
3,32.42685754121144,-3.409925669991328,9.083814735400413,10.879999999999999,624.3194128456325
3,32.55103033779251,-3.4094808896471305,9.041763673237922,10.879999999999999,624.7844275647439
3,32.55103033779251,-3.4094808896471305,9.008504705416653,10.879999999999999,625.2494422838552
3,32.67520171822277,-3.4087395918915626,9.018336385681282,10.879999999999999,625.7162308798298
3,32.67520171822277,-3.4087395918915626,8.99539656282488,10.879999999999999,626.1830194758045
3,32.67520171822277,-3.4087395918915626,8.916803595488302,10.879999999999999,626.6498080717791
3,32.67520171822277,-3.4087395918915626,8.86711501542167,10.879999999999999,627.1165966677538
3,32.67520171822277,-3.4087395918915626,8.930203769702882,10.879999999999999,627.5833852637285
3,32.67520171822277,-3.4087395918915626,8.92271844590667,10.879999999999999,628.0501738597031
3,32.67520171822277,-3.4087395918915626,8.94250093773213,10.879999999999999,628.5169624556778
3,32.67520171822277,-3.4087395918915626,8.870832537107383,10.879999999999999,628.9837510516525
3,32.67520171822277,-3.4087395918915626,8.859363455143221,10.879999999999999,629.4505396476271
3,32.67520171822277,-3.4087395918915626,8.8579681075561,10.879999999999999,629.9173282436018
3,32.67520171822277,-3.4087395918915626,8.799519561076027,10.879999999999999,630.3841168395764
3,32.67520171822277,-3.4087395918915626,8.784641933195736,10.879999999999999,630.8509054355511
3,32.67520171822277,-3.4087395918915626,8.740824468055683,10.879999999999999,631.3176940315258
3,32.67520171822277,-3.4087395918915626,8.705923267447162,10.879999999999999,631.7844826275004
3,32.67520171822277,-3.4087395918915626,8.66239838660177,10.879999999999999,632.2512712234751
3,32.67520171822277,-3.4087395918915626,8.605309926446637,10.879999999999999,632.7180598194498
3,32.67520171822277,-3.4087395918915626,8.560848305151392,10.879999999999999,633.1848484154244
3,32.67520171822277,-3.4087395918915626,8.490718793612754,10.879999999999999,633.6516370113991
3,32.67520171822277,-3.4087395918915626,8.433973475651113,10.879999999999999,634.1184256073738
3,32.67520171822277,-3.4087395918915626,8.364696131166415,10.879999999999999,634.5852142033484
3,32.67520171822277,-3.4087395918915626,8.29116259528921,10.879999999999999,635.0520027993231
3,32.67520171822277,-3.4087395918915626,8.229301742810687,10.879999999999999,635.5187913952977
3,32.55103033779251,-3.4094808896471305,8.184415749461824,10.879999999999999,635.983806114409
3,32.42685754121144,-3.409925669991328,8.158210512862517,10.879999999999999,636.4470469364263
3,32.30268403655295,-3.4100739303878678,8.165342385948758,10.879999999999999,636.9085138512343
3,32.17851053189445,-3.409925669991328,8.15648922309464,10.879999999999999,637.3682068588328
3,31.930163994629485,-3.4093326286869714,8.1894200286432,10.879999999999999,637.8243520587561
3,31.30929647133701,-3.408591326704273,8.457286062744283,10.879999999999999,638.2716277226323
3,30.688428948044535,-3.4093326286869714,8.712052766593104,10.879999999999999,638.7100338504615
3,29.94339641701055,-3.4128908629862678,9.15611608997455,10.879999999999999,639.1377966564188
3,28.950053696374756,-3.422379379570138,9.603549367823108,10.879999999999999,639.5513688520813
3,28.080944901151078,-3.4358705114798553,10.08035767990706,10.879999999999999,639.952525207812
3,27.336075929473342,-3.451881394090955,10.544675525767731,10.879999999999999,640.3430405782331
3,26.59129191897104,-3.471449506681263,10.95773009602745,10.879999999999999,640.7229161770755
3,26.218937082988095,-3.4825673879083694,11.286953379830733,10.879999999999999,641.0974724211181
3,26.094803228443897,-3.4856805130036035,11.548388018492465,10.879999999999999,641.4702553243816
3,26.094803228443897,-3.4856805130036035,11.342080521315374,10.879999999999999,641.843038227645
3,26.83978548698611,-3.476785172426475,11.10695897821544,10.879999999999999,642.226463734602
3,27.46065183014954,-3.4760438718528124,10.464356988589163,10.879999999999999,642.618758760747
3,27.957340184172196,-3.4784160280523433,9.832842315146047,10.879999999999999,643.0181493348066
3,27.957340184172196,-3.4784160280523433,9.801448383771982,10.879999999999999,643.4175399088662
3,27.957340184172196,-3.4784160280523433,10.245116103653977,10.879999999999999,643.8169304829257
3,27.957340184172196,-3.4784160280523433,10.574797009626293,10.879999999999999,644.2163210569853
3,28.08150944038633,-3.479453838992168,10.576395827857356,10.879999999999999,644.6174854775622
3,28.205675864331145,-3.480788157198311,10.27836702422045,10.879999999999999,645.0204237041955
3,28.826467860919486,-3.490424679990966,10.099100114942665,10.879999999999999,645.4322303879229
3,29.32304717537131,-3.5010986017316994,9.83398636968736,10.879999999999999,645.8511310618568
3,29.94367986786311,-3.518146376074717,9.474979253905552,10.879999999999999,646.278897917112
3,30.06779814652409,-3.521852336483758,9.025805048010627,10.879999999999999,646.7084378906337
3,30.06779814652409,-3.521852336483758,9.229442953595484,10.879999999999999,647.1379778641555
3,30.06779814652409,-3.521852336483758,9.428218470355135,10.879999999999999,647.5675178376772
3,30.06779814652409,-3.521852336483758,9.726616125031018,10.879999999999999,647.9970578111989
3,29.943650367782336,-3.5193320869969917,9.816196406273829,10.879999999999999,648.4248242450244
3,29.943650367782336,-3.5193320869969917,9.808997921022149,10.879999999999999,648.8525906788499
3,30.316139018697665,-3.5242245405882526,9.628447167845877,10.879999999999999,649.285678379117
3,30.936932195273734,-3.533861081697787,9.185840136439833,10.879999999999999,649.7276345533352
3,31.06109484290656,-3.5354918964617217,8.765888628278802,10.879999999999999,650.1713644796624
3,31.185264099120694,-3.5365297074015465,8.872849143412497,10.879999999999999,650.6168682525071
3,31.309435479550952,-3.5372710051571143,9.09192339714404,10.879999999999999,651.0641459022149
3,31.309435479550952,-3.5372710051571143,9.21170573108303,10.879999999999999,651.5114235519228
3,31.433608276132023,-3.537715785501312,9.306548654044404,10.879999999999999,651.9604750987247
3,31.433608276132023,-3.537715785501312,9.29707218338968,10.879999999999999,652.4095266455266
3,31.806126665875233,-3.5390501265339047,9.135588075234224,10.879999999999999,652.8638998836105
3,32.17864080716601,-3.5412740198006083,8.862659930744917,10.879999999999999,653.3235947522843
3,32.17864080716601,-3.5412740198006083,8.628717986636572,10.879999999999999,653.783289620958
3,32.30281218759627,-3.542015317556176,8.638035687963262,10.879999999999999,654.2447583664951
3,32.42698498417734,-3.5424600979003737,8.86354332036473,10.879999999999999,654.7080010091263
3,32.42698498417734,-3.5424600979003737,8.97613672040356,10.879999999999999,655.1712436517574
3,32.42698498417734,-3.5424600979003737,8.969940419682812,10.879999999999999,655.6344862943886
3,32.55115848883583,-3.5426083582969135,8.952515879739677,10.879999999999999,656.099502844229
3,32.55115848883583,-3.5426083582969135,8.955238333363411,10.879999999999999,656.5645193940695
3,32.55115848883583,-3.5426083582969135,8.844665126321637,10.879999999999999,657.02953594391
3,32.55115848883583,-3.5426083582969135,8.645913632236434,10.879999999999999,657.4945524937505
3,32.55115848883583,-3.5426083582969135,8.583179742993552,10.879999999999999,657.9595690435909
3,32.55115848883583,-3.5426083582969135,8.78114853264436,10.879999999999999,658.4245855934314
3,32.42698498417734,-3.5424600979003737,8.864911991906656,10.879999999999999,658.8878282360625
3,32.42698498417734,-3.5424600979003737,8.826842335177155,10.879999999999999,659.3510708786937
3,32.42698498417734,-3.5424600979003737,8.718578310336557,10.879999999999999,659.8143135213248
3,32.42698498417734,-3.5424600979003737,8.691671624519543,10.879999999999999,660.277556163956
3,32.42698498417734,-3.5424600979003737,8.63399782220897,10.879999999999999,660.7407988065871
3,32.42698498417734,-3.5424600979003737,8.621712565885423,10.879999999999999,661.2040414492183
3,32.42698498417734,-3.5424600979003737,8.588497703026938,10.879999999999999,661.6672840918494
3,32.17863844691237,-3.541867056596017,8.501261253714606,10.879999999999999,662.1269789268054
3,32.17863844691237,-3.541867056596017,8.460952292171266,10.879999999999999,662.5866737617613
3,32.17863844691237,-3.541867056596017,8.365655187265933,10.879999999999999,663.0463685967172
3,32.17863844691237,-3.541867056596017,8.27549996291052,10.879999999999999,663.5060634316732
3,32.17863844691237,-3.541867056596017,8.183194410780388,10.879999999999999,663.9657582666291
3,32.17863844691237,-3.541867056596017,8.062835916833825,10.879999999999999,664.425453101585
3,32.17863844691237,-3.541867056596017,7.9496837103737725,10.879999999999999,664.885147936541
3,32.17863844691237,-3.541867056596017,7.81729428539116,10.879999999999999,665.3448427714969
3,32.17863844691237,-3.541867056596017,7.689628509560469,10.879999999999999,665.8045376064529
3,32.05446494225388,-3.5417187961994774,7.649932006003871,10.879999999999999,666.2624585341994
3,31.55777233977475,-3.542904877680952,7.834860309554513,10.879999999999999,666.713283853339
3,30.688589198399935,-3.550169540451201,8.222395723582821,10.879999999999999,667.151692270459
3,29.819480403176257,-3.5636606723609185,8.645892635410052,10.879999999999999,667.5776848476472
3,28.826378415056233,-3.5873800024951903,9.259474476521401,10.879999999999999,667.9894902535766
3,28.08169635370096,-3.610504898730539,9.874400515011516,10.879999999999999,668.3906573443437
3,26.220548689362822,-3.6838744066813067,10.507743954897636,10.879999999999999,668.7652366113346
3,25.352275730581294,-3.7243348790508963,11.078379589214965,10.879999999999999,669.1274119789143
3,24.608001419305687,-3.7581266370024955,11.576753744057786,10.879999999999999,669.478954856333
3,24.608001419305687,-3.7581266370024955,11.748827660758677,10.879999999999999,669.8304977337516
3,24.48388337656554,-3.761832590367337,11.5960811637258,10.879999999999999,670.1802674962739
3,24.85632529692908,-3.7542718706495966,11.39284425273707,10.879999999999999,670.5353578576586
3,25.35299524115673,-3.7495276258843075,10.941690976745786,10.879999999999999,670.8975435039608
3,25.725515047054788,-3.74908284554011,10.37212056630876,10.879999999999999,671.2650508617759
3,25.84968784363586,-3.7495276258843075,9.834753783200833,10.879999999999999,671.634332116685
3,25.84968784363586,-3.7495276258843075,10.20936825378567,10.879999999999999,672.003613371594
3,25.35299524115673,-3.748341544402833,10.501291471362023,10.879999999999999,672.3657990178963
3,24.980477559486907,-3.749675882899138,10.782620347949063,10.879999999999999,672.7226629830318
3,24.980477559486907,-3.749675882899138,10.986280050378651,10.879999999999999,673.0795269481673
3,25.35299524115673,-3.748341544402833,11.099526738124323,10.879999999999999,673.4417125944695
3,25.601341542396295,-3.7489345851435703,10.776589069736616,10.879999999999999,673.8074460450753
3,26.34634645873777,-3.7560509522915035,10.597703730509025,10.879999999999999,674.1838224230572
3,27.09124941604848,-3.7702830373148126,10.256588778507075,10.879999999999999,674.570840271858
3,27.58777208971668,-3.783328445708351,9.794101311435309,10.879999999999999,674.964951301711
3,27.711898864152023,-3.7867380070577594,9.313740650147915,10.879999999999999,675.3608355711989
3,27.836033426550777,-3.7898511499051204,9.724496796818961,10.879999999999999,675.7584931915782
3,27.587743769324863,-3.784514189034754,10.096644828797704,10.879999999999999,676.1526038168543
3,27.587743769324863,-3.784514189034754,10.395048358680535,10.879999999999999,676.5467144421303
3,28.08438727923588,-3.791630447969278,10.459855596503587,10.879999999999999,676.9479199746909
3,28.705201697428098,-3.7997845372880463,10.161179347220978,10.879999999999999,677.3579942846542
3,29.45016625428907,-3.810458915545028,9.821921915251682,10.879999999999999,677.7787109454298
3,30.19507133544445,-3.8246910411464308,9.270070625141539,10.879999999999999,678.2100691073647
3,31.06401162057322,-3.8464829996562777,8.864570780068195,10.879999999999999,678.6538407019443
3,31.43641459991412,-3.855822410446212,8.425519987893635,10.879999999999999,679.1029323390859
3,31.68471629363258,-3.8605664523133463,8.75772691644454,10.879999999999999,679.5555711432806
3,31.80887492894779,-3.862493760535253,9.031249812028241,10.879999999999999,680.0099836422656
3,31.80887492894779,-3.862493760535253,9.21352298379636,10.879999999999999,680.4643961412506
3,31.933044185161926,-3.863531571475078,9.172968059355991,10.879999999999999,680.9205824867529
3,32.30555195380433,-3.8666450042945524,9.125418661761758,10.879999999999999,681.3820903718073
3,32.92639823487501,-3.8718340589936764,9.014544541539555,10.879999999999999,681.8524674894484
3,33.547229174537335,-3.8785056373432116,8.688850639402286,10.879999999999999,682.3317136205131
3,34.04387268444835,-3.8856218962777356,8.242008024408577,10.879999999999999,682.8180546588624
3,34.29220199203161,-3.888587032347632,7.889368935376578,10.879999999999999,683.3079432587485
3,34.540542628676,-3.8903661410430246,8.169185844479646,10.879999999999999,683.8013795820153
3,34.41636983209493,-3.889921360698827,8.35058111125026,10.879999999999999,684.2930420081881
3,34.41636983209493,-3.889921360698827,8.712284471152884,10.879999999999999,684.7847044343608
3,34.41636983209493,-3.889921360698827,8.7353975663645,10.879999999999999,685.2763668605336
3,34.91306385072891,-3.889921360698827,8.511621364115795,10.879999999999999,685.775124915544
3,35.285582240472124,-3.8912557017314198,8.277409871561133,10.879999999999999,686.2792046618364
3,35.409755037053195,-3.8917004820756174,7.989933395352811,10.879999999999999,686.7850583052228
3,35.53392854171169,-3.891848742472157,8.102646270684877,10.879999999999999,687.2926858558187
3,35.53392854171169,-3.891848742472157,8.337294328653822,10.879999999999999,687.8003134064146
3,35.53392854171169,-3.891848742472157,8.471202451350765,10.879999999999999,688.3079409570105
3,35.53392854171169,-3.891848742472157,8.500984297442113,10.879999999999999,688.8155685076064
3,35.53392854171169,-3.891848742472157,8.581142785857006,10.879999999999999,689.3231960582023
3,35.65810204637018,-3.8917004820756174,8.568775694713285,10.879999999999999,689.8325975160076
3,35.65810204637018,-3.8917004820756174,8.454132000195635,10.879999999999999,690.3419989738129
3,35.78227484295125,-3.8912557017314198,8.26558888434407,10.879999999999999,690.8531743287122
3,35.906446223381515,-3.890514403975852,8.026090946595456,10.879999999999999,691.3661235604748
3,35.906446223381515,-3.890514403975852,8.1090130150088,10.879999999999999,691.8790727922374
3,35.906446223381515,-3.890514403975852,8.184055115786991,10.879999999999999,692.392022024
3,35.78227484295125,-3.8912557017314198,8.157447164457325,10.879999999999999,692.9031973788992
3,35.65810346252099,-3.8919969994869876,8.063989928598879,10.879999999999999,693.4125988569352
3,35.65810346252099,-3.8919969994869876,7.922373948206675,10.879999999999999,693.9220003349712
3,35.65810346252099,-3.8919969994869876,7.875159135005712,10.879999999999999,694.4314018130073
3,35.65810346252099,-3.8919969994869876,7.779826056784377,10.879999999999999,694.9408032910433
3,35.65810346252099,-3.8919969994869876,7.65280673165464,10.879999999999999,695.4502047690793
3,35.65810346252099,-3.8919969994869876,7.522584739106441,10.879999999999999,695.9596062471153
3,35.65810346252099,-3.8919969994869876,7.394734419261303,10.879999999999999,696.4690077251513
3,35.53393208209073,-3.8927382972425555,7.299720475535974,10.879999999999999,696.9766353263241
3,35.16141794079995,-3.894962190509259,7.409276465926311,10.879999999999999,697.4789412969069
3,34.540571659729274,-3.900151245208383,7.673783641408229,10.879999999999999,697.972378034903
3,33.42310783103386,-3.914828578083793,8.005974364001498,10.879999999999999,698.4498510039178
3,32.42990105616002,-3.93380474555233,8.431099436098629,10.879999999999999,698.9131353047201
3,31.560960771031255,-3.9555967040621764,9.058939238694517,10.879999999999999,699.3640061728777
3,30.319824002105797,-3.9941381977877577,9.665782224716857,10.879999999999999,699.7971465157649
3,28.7066759836435,-4.053873396665385,10.27258240264421,10.879999999999999,700.2072418869598
3,27.838219692411574,-4.090186631102508,10.876791669202005,10.879999999999999,700.6049307397085
3,26.721747705589582,-4.139541297624977,11.415510482343683,10.879999999999999,700.9866699926455
3,26.101485490688475,-4.166960556804126,11.892238211174904,10.879999999999999,701.3595483567982
3,25.853343087743333,-4.177039490145663,12.062539336719778,10.879999999999999,701.7288818294802
3,25.853343087743333,-4.177039490145663,11.882816774590253,10.879999999999999,702.0982153021622
3,26.22569721596377,-4.165921630051139,11.660190647327003,10.879999999999999,702.4728681195331
3,26.598121435588435,-4.157471526333412,11.121111858300615,10.879999999999999,702.8528412828987
3,27.715623500028705,-4.1481314054120855,10.384138456875089,10.879999999999999,703.2487787614705
3,28.212303357198984,-4.151689612657818,9.613281947569128,10.879999999999999,703.6518116665733
3,28.212303357198984,-4.151689612657818,9.27608466240504,10.879999999999999,704.0548445716761
3,28.212303357198984,-4.151689612657818,9.799333342559505,10.879999999999999,704.4578774767789
3,27.839804085364545,-4.14768665803939,10.217919808898335,10.879999999999999,704.8555889637126
3,27.467296316722138,-4.144573225219916,10.536828991995327,10.879999999999999,705.2479789110944
3,27.218952139710808,-4.14338714712015,10.768561034024742,10.879999999999999,705.6368210845188
3,27.591470529454018,-4.144721488152743,10.684339805911677,10.879999999999999,706.0309849492253
3,27.83981494248873,-4.1459075673797425,10.342663446126648,10.879999999999999,706.4286965912609
3,28.584836852421912,-4.151244893465921,9.970669436030388,10.879999999999999,706.8370514034383
3,29.08147847431973,-4.158361125347657,9.3288412185587,10.879999999999999,707.2525010959286
3,29.702218547915287,-4.170962396733665,8.821352876384395,10.879999999999999,707.676818503756
3,29.702218547915287,-4.170962396733665,8.77763574152958,10.879999999999999,708.1011359115834
3,29.453928654717807,-4.1656254307911125,9.24616632770258,10.879999999999999,708.5219063209365
3,29.329780639998695,-4.163105176513911,9.61962447932066,10.879999999999999,708.9409031872223
3,28.833139018100876,-4.155988944632175,9.911228984804502,10.879999999999999,709.3528051731952
3,28.584798381456483,-4.154209835936783,10.1451045025164,10.879999999999999,709.7611594357874
3,28.708971178037554,-4.154654616280981,10.320147879186521,10.879999999999999,710.1712875954736
3,29.081489567780764,-4.155988957313573,10.469258766102163,10.879999999999999,710.5867374464419
3,29.45400370907154,-4.158212850580276,10.257539711883581,10.879999999999999,711.0075089280001
3,30.074849990142216,-4.1634019052794,10.012389630092391,10.879999999999999,711.437149642145
3,31.068133233937854,-4.177634369042872,9.745648898670574,10.879999999999999,711.8809801169155
3,31.937123079728742,-4.19735127771757,9.2683965878351,10.879999999999999,712.3372247323401
3,33.17825630997286,-4.23589266155514,8.687147401879201,10.879999999999999,712.8111998224826
3,34.0467951884574,-4.27013189542764,8.070504507855015,10.879999999999999,713.2975826108892
3,34.294937591402544,-4.280210828769183,7.941242213411318,10.879999999999999,713.7875102907664
3,34.294937591402544,-4.280210828769183,8.545206356345217,10.879999999999999,714.2774379706435
3,34.04669324609295,-4.273095327298238,9.023885198720594,10.879999999999999,714.7638193027306
3,34.04669324609295,-4.273095327298238,9.355617560197107,10.879999999999999,715.2502006348176
3,34.17085943402541,-4.274429642968145,9.536920276943823,10.879999999999999,715.7383557695894
3,34.54336720266782,-4.277543075787619,9.685096729840803,10.879999999999999,716.2318324439132
3,35.2883749511906,-4.284659469988853,9.28761703806896,10.879999999999999,716.735952086073
3,36.03336287394037,-4.293554878198542,8.807767313056813,10.879999999999999,717.2507144128435
3,37.52316878856179,-4.322019048245161,8.25765029598886,10.879999999999999,717.7867596812515
3,38.39211072535307,-4.343811048176687,7.520130518942079,10.879999999999999,718.3352184058995
3,38.64038693025863,-4.349740897617213,7.160721053198411,10.879999999999999,718.8872239334746
3,39.0128472592923,-4.356412247706254,7.537823725026682,10.879999999999999,719.4445503228931
3,38.88868107135984,-4.355077932036347,7.798825477294674,10.879999999999999,720.0001029096268
3,38.88868107135984,-4.355077932036347,8.046217939110234,10.879999999999999,720.5556554963605
3,38.76450827477796,-4.354929672485234,8.182171255763164,10.879999999999999,721.1094341860002
3,39.13701533536717,-4.351816245583699,8.194019149614144,10.879999999999999,721.6685344050768
3,39.633686695685064,-4.347071987291764,8.115298089585124,10.879999999999999,722.2347299293009
3,40.13037504970772,-4.344699831092233,7.7794739376121775,10.879999999999999,722.8080210014396
3,40.75124139287116,-4.345441131665895,7.565608354759918,10.879999999999999,723.3901815927663
3,40.75124139287116,-4.345441131665895,7.283491400923382,10.879999999999999,723.9723421840931
3,40.627067888212665,-4.345292871269356,7.647691074936783,10.879999999999999,724.5527288682105
3,40.627067888212665,-4.345292871269356,7.9241724442219015,10.879999999999999,725.1331155523278
3,40.50289438355417,-4.345144610872817,8.085262965828948,10.879999999999999,725.7117283292357
3,40.50289438355417,-4.345144610872817,8.176340894881058,10.879999999999999,726.2903411061436
3,40.50289438355417,-4.345144610872817,8.208069470092381,10.879999999999999,726.8689538830515
3,40.62706576398443,-4.344403313117249,8.149389276065506,10.879999999999999,727.4493405368228
3,40.75123502019857,-4.3433655021774245,8.010727724376519,10.879999999999999,728.0315010371113
3,40.75123502019857,-4.3433655021774245,7.79935131848131,10.879999999999999,728.6136615373998
3,40.75123502019857,-4.3433655021774245,7.774487389715978,10.879999999999999,729.1958220376883
3,40.75123502019857,-4.3433655021774245,7.877878351034471,10.879999999999999,729.7779825379769
3,40.62706576398443,-4.344403313117249,7.991132462468781,10.879999999999999,730.3583691917481
3,40.62706576398443,-4.344403313117249,7.962711481143225,10.879999999999999,730.9387558455194
3,40.62706576398443,-4.344403313117249,7.854393417623918,10.879999999999999,731.5191424992906
3,40.62706576398443,-4.344403313117249,7.9302819408802545,10.879999999999999,732.0995291530619
3,40.62706576398443,-4.344403313117249,7.884933220148164,10.879999999999999,732.6799158068332
3,40.62706576398443,-4.344403313117249,7.821553365004921,10.879999999999999,733.2603024606044
3,40.62706576398443,-4.344403313117249,7.8153540925751335,10.879999999999999,733.8406891143757
3,40.62706576398443,-4.344403313117249,7.714696674904652,10.879999999999999,734.4210757681469
3,40.62706576398443,-4.344403313117249,7.690175426998529,10.879999999999999,735.0014624219182
3,40.62706576398443,-4.344403313117249,7.620002036296934,10.879999999999999,735.5818490756894
3,40.62706576398443,-4.344403313117249,7.538157705079056,10.879999999999999,736.1622357294607
3,40.62706576398443,-4.344403313117249,7.442243178984629,10.879999999999999,736.742622383232
3,40.62706576398443,-4.344403313117249,7.34024037689985,10.879999999999999,737.3230090370032
3,40.62706576398443,-4.344403313117249,7.245867907578387,10.879999999999999,737.9033956907745
3,40.37872489132002,-4.346182423503485,7.190735271303747,10.879999999999999,738.4802346177934
3,39.88205353100212,-4.35092668179542,7.460093265188456,10.879999999999999,739.0499782396648
3,39.13708897414115,-4.361601060052402,7.704024256783452,10.879999999999999,739.609079510724
3,38.26801322114571,-4.37716757318193,8.11259390085294,10.879999999999999,740.1557654138832
3,37.52314424946797,-4.39317845579303,8.637318917219377,10.879999999999999,740.6918103317327
3,36.157752325986,-4.4306835593476475,9.185646201088453,10.879999999999999,741.2083496506754
3,35.164919369980716,-4.463887686453985,9.717423442118612,10.879999999999999,741.7107056416751
3,34.296299555143094,-4.496052854680678,10.264448422543738,10.879999999999999,742.2006527781771
3,33.6759134627259,-4.520509496790423,10.772431553423717,10.879999999999999,742.681737256216
3,32.55921849637495,-4.564531452587963,11.220893497219194,10.879999999999999,743.1468689490214
3,32.43511956838225,-4.56883013785762,11.370420990421136,10.879999999999999,743.6102277999983
3,32.31099302988389,-4.572239692726221,11.24497209074449,10.879999999999999,744.0718134147108
3,32.80759500142436,-4.562751636044015,11.079854443427061,10.879999999999999,744.5404933433026
3,33.30426494565201,-4.558007391278727,10.586590795894011,10.879999999999999,745.016268556812
3,33.92512892856139,-4.558748689034294,10.066614174122222,10.879999999999999,745.5009132557914
3,34.794229463899256,-4.572239692726221,9.417297120575743,10.879999999999999,745.9979736767042
3,34.794229463899256,-4.572239692726221,8.764674841806034,10.879999999999999,746.495034097617
3,34.794229463899256,-4.572239692726221,9.131787866318202,10.879999999999999,746.9920945185298
3,34.29762560449632,-4.5627515999745905,9.484867761543152,10.879999999999999,747.4820605985941
3,33.800983982598495,-4.5556353680928545,9.78262579962616,10.879999999999999,747.9649317983456
3,33.55264051365652,-4.554449293374789,9.992973117231342,10.879999999999999,748.4442552342549
3,33.180122831986694,-4.555783631871094,10.154732871736392,10.879999999999999,748.9182569889975
3,33.055953575772556,-4.556821442810919,10.305543840225027,10.879999999999999,749.3904848972229
3,33.30429421241695,-4.555042334115527,10.411687327120898,10.879999999999999,749.8662605288289
3,33.42846700899802,-4.554597553771329,10.082316424521302,10.879999999999999,750.3438100575289
3,34.049333352161455,-4.555338854344991,9.874583058025586,10.879999999999999,750.830229105417
3,34.67017845314347,-4.560527899180883,9.524777792760696,10.879999999999999,751.3255173690333
3,35.29094330832239,-4.571646773726843,9.112620766512755,10.879999999999999,751.8296737020092
3,35.41508495082919,-4.5744634803200075,8.767306005066924,10.879999999999999,752.3356034870211
3,35.41508495082919,-4.5744634803200075,9.070496741455377,10.879999999999999,752.841533272033
3,35.5392329655483,-4.576983734597209,9.453437469183681,10.879999999999999,753.3492366001122
3,35.5392329655483,-4.576983734597209,9.735746330876879,10.879999999999999,753.8569399281915
3,35.5392329655483,-4.576983734597209,9.760315686240874,10.879999999999999,754.3646432562708
3,35.911677009705635,-4.584544497428814,9.516140347822239,10.879999999999999,754.8776672135523
3,36.40822941951675,-4.596404196309866,9.20198409578854,10.879999999999999,755.3977847766882
3,36.90475256507426,-4.609449617101605,8.784532910716614,10.879999999999999,755.9249955276179
3,37.27715625227052,-4.618789045643688,8.398137820500708,10.879999999999999,756.4575263312217
3,37.52544590949643,-4.6241260065140555,8.405562547908549,10.879999999999999,756.9936041299288
3,37.64959958849578,-4.626349794103988,8.619631429140572,10.879999999999999,757.5314555526217
3,37.52544095318057,-4.624422485882081,8.740120956017657,10.879999999999999,758.0675332805242
3,37.773770260763825,-4.627387621951978,8.810076517672341,10.879999999999999,758.6071585699638
3,37.773770260763825,-4.627387621951978,8.82729572987688,10.879999999999999,759.1467838594033
3,37.897939516977964,-4.628425432891802,8.837160200666439,10.879999999999999,759.6881829953601
3,37.897939516977964,-4.628425432891802,8.796246770700353,10.879999999999999,760.2295821313169
3,38.022110897408226,-4.62916673064737,8.724781161707458,10.879999999999999,760.772755144137
3,38.1462836939893,-4.629611510991568,8.618523813754969,10.879999999999999,761.3177020540512
3,38.27045719864779,-4.629759771388107,8.503864190329603,10.879999999999999,761.8644228711747
3,38.27045719864779,-4.629759771388107,8.401555068992929,10.879999999999999,762.4111436882982
3,38.394630703306284,-4.629611510991568,8.465610298863545,10.879999999999999,762.9596384126312
3,38.394630703306284,-4.629611510991568,8.45126769410067,10.879999999999999,763.5081331369641
3,38.394630703306284,-4.629611510991568,8.457809395460716,10.879999999999999,764.0566278612971
3,38.518803499887355,-4.62916673064737,8.468847110721583,10.879999999999999,764.6068964827241
3,38.518803499887355,-4.62916673064737,8.495359718543043,10.879999999999999,765.1571651041511
3,38.64297488031762,-4.628425432891802,8.45301294065092,10.879999999999999,765.7092076024413
3,38.64297488031762,-4.628425432891802,8.401788025990536,10.879999999999999,766.2612501007316
3,38.64297488031762,-4.628425432891802,8.344413970636452,10.879999999999999,766.8132925990218
3,38.64297488031762,-4.628425432891802,8.299429212511678,10.879999999999999,767.365335097312
3,38.64297488031762,-4.628425432891802,8.317328853831928,10.879999999999999,767.9173775956023
3,38.64297488031762,-4.628425432891802,8.279303607386034,10.879999999999999,768.4694200938925
3,38.64297488031762,-4.628425432891802,8.23680995800987,10.879999999999999,769.0214625921827
3,38.64297488031762,-4.628425432891802,8.20168494673613,10.879999999999999,769.573505090473
3,38.64297488031762,-4.628425432891802,8.152707087346583,10.879999999999999,770.1255475887632
3,38.64297488031762,-4.628425432891802,8.098459607584434,10.879999999999999,770.6775900870534
3,38.64297488031762,-4.628425432891802,8.033130299223128,10.879999999999999,771.2296325853437
3,38.64297488031762,-4.628425432891802,7.979075250290196,10.879999999999999,771.7816750836339
3,38.64297488031762,-4.628425432891802,7.924035483676493,10.879999999999999,772.3337175819241
3,38.518803499887355,-4.62916673064737,7.8790242972579625,10.879999999999999,772.8839862033511
3,38.394630703306284,-4.629611510991568,7.864006882956829,10.879999999999999,773.4324809276841
3,38.27045719864779,-4.629759771388107,7.861384609106872,10.879999999999999,773.9792017448076
3,38.1462836939893,-4.629611510991568,7.853746700825788,10.879999999999999,774.5241486547218
3,38.022110897408226,-4.62916673064737,7.798356279603276,10.879999999999999,775.0673216675419
3,37.897939516977964,-4.628425432891802,7.789891781921966,10.879999999999999,775.6087208034987
3,37.64960383681902,-4.6260533037458345,7.725264151972021,10.879999999999999,776.1465722868819
3,37.401282317865366,-4.6224951776601735,7.706065457930427,10.879999999999999,776.6808763199942
3,37.028806411919724,-4.616713252994453,7.905102344230563,10.879999999999999,777.209859268736
3,36.28381848916995,-4.607817844784764,8.204326545833878,10.879999999999999,777.7281995328669
3,35.16627818949356,-4.601146177665993,8.685241258413535,10.879999999999999,778.2305749355739
3,34.297065309064756,-4.602183998469121,9.243140860998198,10.879999999999999,778.7205330114177
3,33.055362125842784,-4.611079541946085,9.787046811108056,10.879999999999999,779.1927524703583
3,32.68286285400834,-4.615082496564513,10.408892924736238,10.879999999999999,779.6596505111298
3,30.69646440713455,-4.653034542946702,11.062494526598671,10.879999999999999,780.0981714312318
3,29.827576986087134,-4.67690147239256,11.682335494145605,10.879999999999999,780.5242796738902
3,29.33112227851695,-4.692318069882804,12.267955951065275,10.879999999999999,780.9432957064404
3,29.33112227851695,-4.692318069882804,12.456454204227214,10.879999999999999,781.3623117389906
3,29.703476406737387,-4.6812002097882734,12.021639351269005,10.879999999999999,781.7866471162297
3,30.324183439445164,-4.667116703592061,11.493459581382766,10.879999999999999,782.2198497367932
3,30.820825061342983,-4.660000471710325,10.668000981802631,10.879999999999999,782.6601472376695
3,32.435049938705816,-4.661927820230309,9.834020540715896,10.879999999999999,783.1235050939367
3,33.17998475771399,-4.674381072159501,9.164667464180315,10.879999999999999,783.5975048761898
3,33.3041327724331,-4.6769013264367025,8.590276502981796,10.879999999999999,784.0732782015102
3,33.3041327724331,-4.6769013264367025,8.964668410090026,10.879999999999999,784.5490515268307
3,33.05190510138155,-4.6769013264367025,9.22505865427404,10.879999999999999,785.0212215997076
3,32.67942990342854,-4.67111941276111,9.48722869084617,10.879999999999999,785.488070598328
3,32.18275004625826,-4.667561205515377,9.637295180390268,10.879999999999999,785.9478241704174
3,32.05857654159977,-4.667412945118837,9.84637518288983,10.879999999999999,786.4058038352974
3,31.81023307265779,-4.668599019836902,10.016080667579427,10.879999999999999,786.8602357363354
3,31.561903765074533,-4.671564155906799,10.17209301607998,10.879999999999999,787.3111200758365
3,31.934392415989862,-4.666671702315538,10.303619669237191,10.879999999999999,787.7673256817792
3,32.182728096148814,-4.66429957316957,10.072437056389091,10.879999999999999,788.2270789402957
3,32.67941645017147,-4.661927416970039,9.733429803816732,10.879999999999999,788.6939277467267
3,33.548621069730906,-4.6650408616254655,9.460341776693655,10.879999999999999,789.1731937620085
3,34.04527968489742,-4.670971133765258,9.003930008797726,10.879999999999999,789.6595549003642
3,34.16944256853587,-4.672601951629012,8.643034863962402,10.879999999999999,790.1476897942005
3,34.293608992480685,-4.6739362698351545,9.00993205533435,10.879999999999999,790.637598494093
3,34.04526835583629,-4.672157161139761,9.276922078699469,10.879999999999999,791.123959470605
3,34.16944115241736,-4.6726019414839595,9.468644059733933,10.879999999999999,791.612094344211
3,33.921094143100376,-4.6726019414839595,9.519736653307215,10.879999999999999,792.0966814033981
3,34.04526693968145,-4.672157161139761,9.43652216399407,10.879999999999999,792.5830423596792
3,34.29361135271616,-4.670971081912762,9.444912551567844,10.879999999999999,793.0729510932895
3,34.79030395519529,-4.669785000431287,9.411664417439377,10.879999999999999,793.5699554355066
3,35.411166757978336,-4.672008897925129,9.057183556764974,10.879999999999999,794.0758292463348
3,36.15615255664724,-4.680904280772571,8.65897175939922,10.879999999999999,794.5923457114297
3,36.65275594408416,-4.69039236450684,8.136393121261792,10.879999999999999,795.1159565106309
3,36.776903958803274,-4.6929126187840415,7.70874401042883,10.879999999999999,795.6413408528995
3,36.776903958803274,-4.6929126187840415,8.176671968464303,10.879999999999999,796.166725195168
3,36.404415307887945,-4.68802016519278,8.497839931882073,10.879999999999999,796.6867882709951
3,36.156075379302806,-4.6862410615699135,8.688019108646568,10.879999999999999,797.2033036335565
3,36.031902110670124,-4.686389321684646,8.787444844597259,10.879999999999999,797.7180450922804
3,35.90773309047373,-4.687427130651825,8.867083926328078,10.879999999999999,798.2310127078586
3,36.03189951441854,-4.686092812445683,8.907852530298793,10.879999999999999,798.7457541294931
3,36.52858078770733,-4.682534595054897,9.012489143255932,10.879999999999999,799.2675909978889
3,36.6527535842884,-4.6820898147107,8.778424929434825,10.879999999999999,799.7912017633787
3,37.14944760292238,-4.6820898147107,8.467173298653108,10.879999999999999,800.3219081577062
3,37.14944760292238,-4.6820898147107,8.132334994117555,10.879999999999999,800.8526145520336
3,37.14944760292238,-4.6820898147107,8.379853108809113,10.879999999999999,801.3833209463611
3,37.025274098263885,-4.681941554314161,8.679995673397118,10.879999999999999,801.9122534334791
3,36.65275641659406,-4.683275892810466,8.861248099894839,10.879999999999999,802.4358642394304
3,36.404420736435114,-4.685648021956434,8.919516954895899,10.879999999999999,802.9559273928081
3,36.52858362007356,-4.6840172040926795,9.042582280146913,10.879999999999999,803.4777643016663
3,36.65274650371201,-4.6823863862289254,9.138894925898787,10.879999999999999,804.0013749660051
3,36.901082183870955,-4.6800142570829575,9.157315149874485,10.879999999999999,804.5285332829175
3,37.14942636088228,-4.678828178983192,8.845664518852674,10.879999999999999,805.0592393737872
3,37.89446314037476,-4.68060729613284,8.514148260445161,10.879999999999999,805.6005888472212
3,38.0186323965889,-4.681645107072665,8.137166649365145,10.879999999999999,806.1437121671725
3,38.26696831276316,-4.684017238473076,7.769626323640893,10.879999999999999,806.6903831430691
3,38.26696831276316,-4.684017238473076,8.038881494586098,10.879999999999999,807.2370541189657
3,37.894460544120754,-4.680903805653601,8.293505284920604,10.879999999999999,807.7784035553103
3,37.64611636710943,-4.679717727553836,8.402888715735449,10.879999999999999,808.3162052176976
3,37.27359656121137,-4.680162507898034,8.388707431688886,10.879999999999999,808.848685168572
3,37.02525592456698,-4.681941616593427,8.596452516698992,10.879999999999999,809.3776173960658
3,36.776920008392715,-4.684313747993838,8.727822582319169,10.879999999999999,809.9030019676143
3,36.776920008392715,-4.684313747993838,8.792407624839878,10.879999999999999,810.4283865391627
3,36.65275075217858,-4.685351558933663,8.789304158236243,10.879999999999999,810.9519972641939
3,36.65275075217858,-4.685351558933663,8.657214400692954,10.879999999999999,811.4756079892251
3,36.65275075217858,-4.685351558933663,8.511812547812742,10.879999999999999,811.9992187142562
3,36.65275075217858,-4.685351558933663,8.362826905675133,10.879999999999999,812.5228294392874
3,36.528579371748314,-4.68609285668923,8.278634394409465,10.879999999999999,813.0446662874552
3,36.40440657516724,-4.686537637033428,8.149597265964506,10.879999999999999,813.564729238529
3,36.28023307050875,-4.686685897429967,8.11233269940439,10.879999999999999,814.0830182823935
3,36.28023307050875,-4.686685897429967,8.134923477371043,10.879999999999999,814.6013073262579
3,36.031886769269185,-4.68609285668923,8.056470605636363,10.879999999999999,815.1160485658189
3,35.78354046802962,-4.685499815948493,8.035299307563177,10.879999999999999,815.6272420010765
3,35.41101995405413,-4.685055034758873,8.270920382927228,10.879999999999999,816.1331137147058
3,34.79015243076166,-4.684313732776175,8.481872536241507,10.879999999999999,816.6301158922881
3,33.9209445068654,-4.687427189267554,8.77465789718245,10.879999999999999,817.1147008138148
3,33.300113567203084,-4.694098767617089,9.101731835271957,10.879999999999999,817.5904167219177
3,32.306864309944835,-4.710703150864448,9.50825633818695,10.879999999999999,818.051943354917
3,31.31370568104119,-4.732050994345914,9.949504115279797,10.879999999999999,818.4992820075032
3,30.568921670538888,-4.751619106936222,10.429371260617772,10.879999999999999,818.9359808885109
3,29.82418580346237,-4.772965692499082,10.827063859513007,10.879999999999999,819.3620406857033
3,29.203551931285645,-4.790013499246124,11.189639954741745,10.879999999999999,819.7792342847216
3,29.203551931285645,-4.790013499246124,11.539048440178366,10.879999999999999,820.19642788374
3,29.57599597544298,-4.782452736414519,11.339771236491112,10.879999999999999,820.6189421119606
3,30.072637597340798,-4.775336504532783,10.942445254533052,10.879999999999999,821.048551220494
3,30.817668004166734,-4.771778280378588,10.342552210705229,10.879999999999999,821.4888036205535
3,31.935178565172713,-4.781118472314502,9.677282574901751,10.879999999999999,821.9450204571989
3,32.55591745888148,-4.793719719748334,8.810825998558192,10.879999999999999,822.4101049923257
3,32.55591745888148,-4.793719719748334,8.085326447351514,10.879999999999999,822.8751895274526
3,32.43177581637468,-4.7909030131551695,8.599242967071225,10.879999999999999,823.3385006105436
3,31.811035742779126,-4.778301741769162,8.968005107140034,10.879999999999999,823.7929439782977
3,31.190243746190784,-4.768665218976507,9.428898823416183,10.879999999999999,824.2385188889575
3,30.569398645208775,-4.763476174140615,9.981073244022017,10.879999999999999,824.6752245838891
3,30.32105234396921,-4.762883133399877,10.426508630104712,10.879999999999999,825.1083824745172
3,29.824374846991066,-4.7664413237372285,10.750989195241694,10.879999999999999,825.5344449723314
3,30.072704154574325,-4.763476187667332,10.791168074305213,10.879999999999999,825.9640550316824
3,30.445211923216732,-4.760362754847858,10.333817004573564,10.879999999999999,826.3989866305855
3,30.69355610022806,-4.759176676748092,9.842823606854514,10.879999999999999,826.8374660034459
3,31.314422443391493,-4.759917977321755,9.324920988797674,10.879999999999999,827.2848148954944
3,32.307762331846796,-4.769406466852333,9.045912816650084,10.879999999999999,827.7463543573779
3,32.18359944820835,-4.767775648988579,8.721634232058516,10.879999999999999,828.2061200637809
3,32.18359944820835,-4.767775648988579,9.019928245687323,10.879999999999999,828.6658857701839
3,31.9352637680494,-4.765403519842611,9.366420450006208,10.879999999999999,829.1221038240132
3,31.9352637680494,-4.765403519842611,9.601990930754681,10.879999999999999,829.5783218778424
3,31.9352637680494,-4.765403519842611,9.561272306847318,10.879999999999999,830.0345399316717
3,32.05943514847966,-4.766144817598178,9.335979026539565,10.879999999999999,830.4925318623642
3,32.18360794506073,-4.766589597942376,9.262158139796309,10.879999999999999,830.9522976901508
3,32.18360794506073,-4.766589597942376,9.096060483264464,10.879999999999999,831.4120635179373
3,32.18360794506073,-4.766589597942376,9.063585959337809,10.879999999999999,831.8718293457239
3,32.18360794506073,-4.766589597942376,9.171511190070621,10.879999999999999,832.3315951735104
3,32.18360794506073,-4.766589597942376,9.31133832166399,10.879999999999999,832.791361001297
3,32.18360794506073,-4.766589597942376,9.35991527670804,10.879999999999999,833.2511268290835
3,32.30778144971922,-4.7667378583389155,9.386866462709898,10.879999999999999,833.7126665640795
3,32.30778144971922,-4.7667378583389155,9.33731705524459,10.879999999999999,834.1742062990755
3,32.431954954377716,-4.766589597942376,9.296963214215664,10.879999999999999,834.637519941281
3,32.431954954377716,-4.766589597942376,9.275068861151453,10.879999999999999,835.1008335834864
3,32.431954954377716,-4.766589597942376,9.386421001402717,10.879999999999999,835.5641472256918
3,32.431954954377716,-4.766589597942376,9.411826671605056,10.879999999999999,836.0274608678973
3,32.8044754683532,-4.766144816752758,9.444604832302264,10.879999999999999,836.4960962317309
3,33.05282176959277,-4.766737857493495,9.483980557679999,10.879999999999999,836.9682793998679
3,33.79784367952595,-4.772075183579672,9.125397250228595,10.879999999999999,837.4511057381469
3,34.418656917690065,-4.780229257399345,8.67414682337675,10.879999999999999,837.9428008369711
3,34.915260305126985,-4.789717341133613,8.15380586500638,10.879999999999999,838.4415902699014
3,34.915260305126985,-4.789717341133613,7.849269629449592,10.879999999999999,838.9403797028318
3,35.0394189404422,-4.79164464935552,8.154336420575554,10.879999999999999,839.4409428305524
3,34.54276032527568,-4.785714377215728,8.33936607611189,10.879999999999999,839.9344108351993
3,34.170246892050216,-4.783490488176137,8.599265755125927,10.879999999999999,840.4225572193715
3,33.79772637807473,-4.783045706986518,8.85166418002614,10.879999999999999,840.9053818819154
3,33.3010337755956,-4.784231788467992,9.190442534024605,10.879999999999999,841.3811109358526
3,33.052693138951206,-4.786010897163385,9.450461443140918,10.879999999999999,841.853292266409
3,33.052693138951206,-4.786010897163385,9.663814494625028,10.879999999999999,842.3254735969654
3,33.54937441223999,-4.782452679772599,9.717454468912093,10.879999999999999,842.8047503742831
3,33.54937441223999,-4.782452679772599,9.341971612345883,10.879999999999999,843.2840271516009
3,34.54275961719825,-4.782452679772599,8.912102056657263,10.879999999999999,843.7774951461323
3,35.039429561425905,-4.787196924537888,8.248471833146686,10.879999999999999,844.2780584255812
3,35.16359244506435,-4.788827742401642,7.880088195482804,10.879999999999999,844.7803954605107
3,35.039429561425905,-4.787196924537888,8.16806741135042,10.879999999999999,845.2809587399596
3,34.666940910510576,-4.7823044709466265,8.323676896301258,10.879999999999999,845.7762007529669
3,34.04609580952856,-4.7771154261107345,8.558769495471244,10.879999999999999,846.2625735502459
3,33.54940320704943,-4.77592934462926,8.802103492457583,10.879999999999999,846.741850738918
3,33.425229702390936,-4.776077605025799,9.10749035352865,10.879999999999999,847.2193540203807
3,32.80436571948559,-4.778301506746787,9.330863994311164,10.879999999999999,847.6879878163734
3,32.556025082841195,-4.780080615442179,9.447497559554483,10.879999999999999,848.1530738889854
3,32.30769577525794,-4.783045751512075,9.465969464207426,10.879999999999999,848.6146124000605
3,32.18354233224672,-4.785269534875089,9.412483714147763,10.879999999999999,849.0743772905212
3,31.931314661195163,-4.785269534875089,9.444247360166873,10.879999999999999,849.5305389285382
3,31.807173018688363,-4.788086241468253,9.538538514152169,10.879999999999999,849.9849271145196
3,31.931314661195163,-4.785269534875088,9.560259863253155,10.879999999999999,850.4410887525366
3,31.931314661195163,-4.785269534875088,9.493635435883256,10.879999999999999,850.8972503905537
3,32.67627355402623,-4.774595237776325,9.198031895052532,10.879999999999999,851.3640542984684
3,32.92461773103756,-4.77340915967656,8.882865808585871,10.879999999999999,851.8344059803404
3,32.92461773103756,-4.77340915967656,8.66786344837981,10.879999999999999,852.3047576622124
3,32.92461773103756,-4.77340915967656,9.055105502946601,10.879999999999999,852.7751093440844
3,32.67627355402623,-4.774595237776325,9.314330781204388,10.879999999999999,853.2419132519991
3,32.67627355402623,-4.774595237776325,9.46491921113139,10.879999999999999,853.7087171599138
3,32.67627355402623,-4.774595237776325,9.345882958999372,10.879999999999999,854.1755210678285
3,33.04878769531701,-4.772371344509621,8.947108066706983,10.879999999999999,854.6476466063331
3,33.04878769531701,-4.772371344509621,8.45909669912184,10.879999999999999,855.1197721448376
3,32.924616314886755,-4.77311264226519,8.689590068917182,10.879999999999999,855.5901238064788
3,32.80044493445649,-4.773853940020757,9.068644888255857,10.879999999999999,856.0587015912567
3,32.55452295518123,-4.773853940020757,9.316773655925894,10.879999999999999,856.5237662049022
3,32.430350158600156,-4.774298720364955,9.464482010150558,10.879999999999999,856.9870569214537
3,32.30617665394166,-4.774446980761494,9.506876492401906,10.879999999999999,857.4485737307957
3,32.430350158600156,-4.774298720364955,9.446345867054678,10.879999999999999,857.9118644473472
3,32.430350158600156,-4.774298720364955,9.289189678660284,10.879999999999999,858.3751551638986
3,32.430350158600156,-4.774298720364955,9.035496741184788,10.879999999999999,858.8384458804501
3,32.55452295518123,-4.773853940020757,8.980508153356224,10.879999999999999,859.3035104940956
3,32.430350158600156,-4.774298720364955,9.174769630012356,10.879999999999999,859.766801210647
3,32.30617665394166,-4.774446980761494,9.318928433631557,10.879999999999999,860.228318019989
3,32.30617665394166,-4.774446980761494,9.400994091745671,10.879999999999999,860.6898348293311
3,32.30617665394166,-4.774446980761494,9.376505651892305,10.879999999999999,861.1513516386731
3,32.30617665394166,-4.774446980761494,9.256344223472889,10.879999999999999,861.6128684480151
3,32.30617665394166,-4.774446980761494,9.2673788836505,10.879999999999999,862.0743852573571
3,32.30617665394166,-4.774446980761494,9.300292157443806,10.879999999999999,862.5359020666991
3,32.430350158600156,-4.774298720364955,9.282689323773479,10.879999999999999,862.9991927832506
3,32.430350158600156,-4.774298720364955,9.272717453388935,10.879999999999999,863.462483499802
3,32.430350158600156,-4.774298720364955,9.2760286327707,10.879999999999999,863.9257742163535
3,32.430350158600156,-4.774298720364955,9.257092117376597,10.879999999999999,864.389064932905
3,32.430350158600156,-4.774298720364955,9.270678375344813,10.879999999999999,864.8523556494564
3,32.430350158600156,-4.774298720364955,9.317532146923838,10.879999999999999,865.3156463660079
3,32.430350158600156,-4.774298720364955,9.330820455954447,10.879999999999999,865.7789370825593
3,32.55452295518123,-4.773853940020757,9.295122204943073,10.879999999999999,866.2440016962048
3,32.55452295518123,-4.773853940020757,9.344421914022771,10.879999999999999,866.7090663098503
3,32.55452295518123,-4.773853940020757,9.338566963108837,10.879999999999999,867.1741309234958
3,33.051215557660356,-4.7726678585392825,9.2698855528945,10.879999999999999,867.6462911457481
3,33.42373323933018,-4.774002197035587,9.163485775471058,10.879999999999999,868.1237730491671
3,33.92040459964808,-4.778746455327522,8.760556064904652,10.879999999999999,868.6083502577335
3,34.044571023592894,-4.7800807735336655,8.355738406149692,10.879999999999999,869.0947012723562
3,34.044571023592894,-4.7800807735336655,8.500908974904489,10.879999999999999,869.581052286979
3,34.044571023592894,-4.7800807735336655,8.786028550682772,10.879999999999999,870.0674033016018
3,33.920401767378756,-4.779042962593841,8.943861204211467,10.879999999999999,870.5519804697071
3,33.920401767378756,-4.779042962593841,8.933085353148103,10.879999999999999,871.0365576378125
3,34.04457314780902,-4.779784260349409,8.885164002267583,10.879999999999999,871.5229086827812
3,34.04457314780902,-4.779784260349409,8.768749043580648,10.879999999999999,872.00925972775
3,34.16874594439009,-4.780229040693607,8.54060027502924,10.879999999999999,872.4973846698127
3,34.04457314780902,-4.779784260349409,8.436081668044338,10.879999999999999,872.9837357147815
3,34.04457314780902,-4.779784260349409,8.54538195280701,10.879999999999999,873.4700867597502
3,33.796232511164625,-4.778005151654016,8.589551871866764,10.879999999999999,873.9528900813383
3,33.796232511164625,-4.778005151654016,8.638442985865737,10.879999999999999,874.4356934029264
3,33.796232511164625,-4.778005151654016,8.603162022689618,10.879999999999999,874.9184967245145
3,33.67206608721981,-4.776670833447874,8.529303558346424,10.879999999999999,875.3995262400463
3,33.67206608721981,-4.776670833447874,8.374537712291042,10.879999999999999,875.880555755578
3,33.67206608721981,-4.776670833447874,8.311337565708447,10.879999999999999,876.3615852711098
3,33.67206608721981,-4.776670833447874,8.219724092416426,10.879999999999999,876.8426147866415
3,33.547899663275,-4.775336515241731,8.178229052112888,10.879999999999999,877.321870496117
3,33.17538623004953,-4.773112626202141,8.31251197650529,10.879999999999999,877.7958045851177
3,32.802866424151475,-4.773557406546338,8.395447858219406,10.879999999999999,878.2644169626055
3,32.30618515086269,-4.7771156239371235,8.677944022474096,10.879999999999999,878.7259338933321
3,31.31290190706705,-4.791348087700595,9.027119889575593,10.879999999999999,879.1732610634331
3,30.692161833471495,-4.803949359086603,9.4300433002877,10.879999999999999,879.611720518197
3,30.568020190964695,-4.806766065679769,9.745255862417329,10.879999999999999,880.048406520925
3,29.32679846441672,-4.842343573034497,10.069736991343866,10.879999999999999,880.4673607847025
3,28.70630264503066,-4.863837040236986,10.324342649435481,10.879999999999999,880.8774508224886
3,28.458114700301966,-4.872730766162356,10.60980966453268,10.879999999999999,881.2839953182072
3,28.582223539522733,-4.868728435433815,10.822809882673516,10.879999999999999,881.6923127973432
3,28.582223539522733,-4.868728435433815,10.595571894580445,10.879999999999999,882.1006302764793
3,28.954698737475738,-4.8629465217582215,10.377557186446404,10.879999999999999,882.5142688298718
3,29.451378594646016,-4.859388314512489,9.917037721476197,10.879999999999999,882.9350028097953
3,29.948069780974333,-4.860574392612254,9.339516969605105,10.879999999999999,883.3628323780949
3,30.072239037188467,-4.861612203552079,8.942444515018156,10.879999999999999,883.7924357929119
3,29.948072613243653,-4.860277885345937,9.284820582994485,10.879999999999999,884.2202654016725
3,29.69974306965114,-4.857312746458011,9.64826684675651,10.879999999999999,884.6445474455246
3,29.327243797816703,-4.8533097918395836,9.840963237872655,10.879999999999999,885.0635080712077
3,28.954736029174295,-4.850196359020109,9.926277237518512,10.879999999999999,885.4771471573388
3,28.706391852162966,-4.849010280920344,9.96017233426519,10.879999999999999,885.8872384695126
3,28.582218583530278,-4.849158541035076,10.050063558415204,10.879999999999999,886.2955558778488
3,28.333877946885885,-4.850937649730469,10.250332089305802,10.879999999999999,886.7003255628043
3,28.20970869067175,-4.851975460670293,10.468929450292118,10.879999999999999,887.1033214012425
3,28.45805286768308,-4.850789382570528,10.56137505189181,10.879999999999999,887.509865013638
3,28.830573381658564,-4.850344601380909,10.165240636918826,10.879999999999999,887.9217303476617
3,29.32726031954252,-4.852716750817039,9.824484407894882,10.879999999999999,888.3406912093694
3,29.94807355770664,-4.860870824636711,9.615444583090934,10.879999999999999,888.7685208316224
3,29.94807355770664,-4.860870824636711,9.39846989592949,10.879999999999999,889.1963504538753
3,29.94807355770664,-4.860870824636711,9.745653916721647,10.879999999999999,889.6241800761283
3,30.072239981651453,-4.862205142842853,9.996682817425098,10.879999999999999,890.0537835044375
3,30.072239981651453,-4.862205142842853,10.12254786370153,10.879999999999999,890.4833869327468
3,30.320575897825712,-4.864577274243264,9.875510139773628,10.879999999999999,890.9165380170015
3,30.817234512992226,-4.870507546383057,9.85000101246275,10.879999999999999,891.3567842243299
3,31.438027689568294,-4.880144087492591,9.514611389313508,10.879999999999999,891.8058989056094
3,32.182932770723674,-4.894376213093994,9.097168157936602,10.879999999999999,892.2656550880483
3,33.051815237100065,-4.918243006443073,8.520160977365752,10.879999999999999,892.7378238771497
3,33.051815237100065,-4.918243006443073,8.034763324005016,10.879999999999999,893.2099926662511
3,33.17594201153541,-4.921652567792481,8.541839162946944,10.879999999999999,893.6839346949873
3,33.05180744913665,-4.91853942494512,8.94263938192111,10.879999999999999,894.1561033728321
3,32.9276596703949,-4.916019175458353,9.224310270749163,10.879999999999999,894.6264985109807
3,32.80349702276208,-4.914388360694419,9.389967141940051,10.879999999999999,895.0951198970201
3,32.92766627897622,-4.915426171634244,9.463150463011367,10.879999999999999,895.565515129577
3,33.42434802430505,-4.918984392406716,9.316411677016855,10.879999999999999,896.0430058156385
3,33.921029769633876,-4.922542613179188,8.854731485115597,10.879999999999999,896.5275919552047
3,34.417711514962704,-4.9261008339516605,8.307934105589867,10.879999999999999,897.0192735482756
3,34.66605569197403,-4.927286912051426,7.834266553689649,10.879999999999999,897.5145029153038
3,34.66605569197403,-4.927286912051426,8.14854328374128,10.879999999999999,898.0097322823319
3,34.41770868265704,-4.927286912051426,8.580804735390348,10.879999999999999,898.5014138349413
3,34.16936214539207,-4.927879953355783,8.884701901510914,10.879999999999999,898.9895475798755
3,33.79684871216661,-4.930103842395373,9.082096991656618,10.879999999999999,899.4723597043351
3,33.79684871216661,-4.930103842395373,9.170404976621702,10.879999999999999,899.9551718287946
3,34.16936214539207,-4.927879953355783,9.08399721313203,10.879999999999999,900.4433055737288
3,34.54188265936756,-4.927435172166163,8.669150206059017,10.879999999999999,900.9367610402912
3,35.41105754014998,-4.934699765894097,8.349977827912923,10.879999999999999,901.4426332908648
3,35.41105754014998,-4.934699765894097,7.909459183984152,10.879999999999999,901.9485055414384
3,35.41105754014998,-4.934699765894097,8.102036336456289,10.879999999999999,902.454377792012
3,35.03855826831554,-4.930696811275668,8.431730868838825,10.879999999999999,902.9549286244165
3,34.79021763167115,-4.928917702580275,8.612700363966443,10.879999999999999,903.4519317334405
3,34.41769782577309,-4.928472922236077,8.712366473482852,10.879999999999999,903.9436131309515
3,34.293526681364604,-4.929214218582607,8.94080049729293,10.879999999999999,904.433520654971
3,34.16936025741979,-4.93054853678875,9.09551312198506,10.879999999999999,904.9216543729341
3,34.04519737378134,-4.932179354652504,9.145205394292422,10.879999999999999,905.4080143354166
3,34.54185598894786,-4.926249082512712,9.013396146637877,10.879999999999999,905.9014694209731
3,34.666025245162,-4.925211271572887,8.610318284965748,10.879999999999999,906.3966983530468
3,34.41768956500305,-4.927583400718854,8.34362815038991,10.879999999999999,906.8883796325468
3,34.41768956500305,-4.927583400718854,8.670069145524511,10.879999999999999,907.3800609120469
3,34.293526681364604,-4.929214218582608,8.87434021124543,10.879999999999999,907.8699684360664
3,34.16936804604939,-4.931141526804515,8.959242004009072,10.879999999999999,908.3581022652957
3,34.04521436705004,-4.933365314394448,8.9304739160829,10.879999999999999,908.8444624705393
3,33.796912437348574,-4.938109360770263,8.958222668937848,10.879999999999999,909.3272755053586
3,33.42445140035053,-4.944780723540061,8.9132211572753,10.879999999999999,909.8047676682207
3,33.42445140035053,-4.944780723540061,8.939701725660786,10.879999999999999,910.2822598310829
3,33.42445140035053,-4.944780723540061,8.885657753584141,10.879999999999999,910.7597519939451
3,33.300292765035316,-4.946708031761968,8.817959513157875,10.879999999999999,911.235470462017
3,33.17612988139687,-4.948338849625722,8.87848961795479,10.879999999999999,911.7094151746084
3,33.051963457452054,-4.949673167831865,8.960287422732376,10.879999999999999,912.1815860811433
3,33.051963457452054,-4.949673167831865,8.971903223445207,10.879999999999999,912.6537569876783
3,32.927794201237916,-4.950710978771689,8.969054958499337,10.879999999999999,913.124154047696
3,32.803622820807654,-4.951452276527258,9.013012277782488,10.879999999999999,913.5927772308504
3,32.803622820807654,-4.951452276527258,8.947520983901583,10.879999999999999,914.0614004140048
3,32.803622820807654,-4.951452276527258,8.825210441167204,10.879999999999999,914.5300235971591
3,32.803622820807654,-4.951452276527258,8.855402001092198,10.879999999999999,914.9986467803135
3,32.803622820807654,-4.951452276527258,8.782930231450115,10.879999999999999,915.4672699634679
3,32.803622820807654,-4.951452276527258,8.726745204059764,10.879999999999999,915.9358931466222
3,32.803622820807654,-4.951452276527258,8.709445424244027,10.879999999999999,916.4045163297766
3,32.803622820807654,-4.951452276527258,8.6590085058317,10.879999999999999,916.873139512931
3,32.803622820807654,-4.951452276527258,8.633563347642738,10.879999999999999,917.3417626960853
3,32.6794514403774,-4.952193574282825,8.593059877091079,10.879999999999999,917.8086120023764
3,32.6794514403774,-4.952193574282825,8.525062018150116,10.879999999999999,918.2754613086676
3,32.6794514403774,-4.952193574282825,8.51087670905228,10.879999999999999,918.7423106149587
3,32.55528005994714,-4.9529348720383926,8.5246652781465,10.879999999999999,919.2073860443865
3,32.431107263366066,-4.953379652382591,8.5783883645824,10.879999999999999,919.6706875767203
3,32.18276025404908,-4.953379652382591,8.648903792663699,10.879999999999999,920.1304412946353
3,32.05858745746801,-4.9529348720383926,8.68714960038154,10.879999999999999,920.5884211154562
3,31.93441607703775,-4.952193574282825,8.697379808633393,10.879999999999999,921.0446270594139
3,31.810246820823615,-4.951155763343,8.714199836559315,10.879999999999999,921.4990591568542
3,31.6860803968788,-4.949821445136857,8.750937901352629,10.879999999999999,921.9517174482381
3,31.561917513240356,-4.948190627273103,8.75548208383404,10.879999999999999,922.4026019841416
3,31.313595758284848,-4.944632497805841,8.869320994967314,10.879999999999999,922.8499390664028
3,31.189432874646403,-4.943001679942087,9.159279003924226,10.879999999999999,923.2955023931835
3,30.071911692878782,-4.933661399237481,9.447832261568786,10.879999999999999,923.7251011316532
3,29.575219090399653,-4.932475317756007,9.912041851920382,10.879999999999999,924.1476042615161
3,28.706011166503398,-4.935588774247385,10.452025276231264,10.879999999999999,924.5576901353234
3,27.961004126026552,-4.942705161685288,10.962533764585114,10.879999999999999,924.9571330514094
3,27.588528928073547,-4.948487075360882,11.41019168525167,10.879999999999999,925.351254893239
3,27.588528928073547,-4.948487075360882,11.735418138364054,10.879999999999999,925.7453767350686
3,27.71268756338876,-4.946559767138975,11.579209112968798,10.879999999999999,926.1412722716884
3,27.83684619870397,-4.944632458917068,11.384242817280139,10.879999999999999,926.5389415030985
3,28.706026035836178,-4.937367823763787,11.170215697959032,10.879999999999999,926.9490275893247
3,29.451062815328655,-4.939146940913435,10.539038511917283,10.879999999999999,927.3697570581152
3,30.444341339103406,-4.953379337045118,9.861991815965283,10.879999999999999,927.8046762201024
3,31.18912322610623,-4.972947393843572,9.144051549768553,10.879999999999999,928.2502351233325
3,31.437368279202555,-4.980062915602016,9.164795301043139,10.879999999999999,928.6993403844639
3,31.56150284160131,-4.983176058449377,9.708816704116675,10.879999999999999,929.1502189964867
3,31.56150284160131,-4.983176058449377,10.153097898348731,10.879999999999999,929.6010976085096
3,31.56150284160131,-4.983176058449377,10.368216551913404,10.879999999999999,930.0519762205324
3,32.05816145676783,-4.98910633058917,10.121932914915211,10.879999999999999,930.509949955629
3,32.678974694931945,-4.997260404408842,9.826100399189546,10.879999999999999,930.976792451271
3,33.299713588640714,-5.009861651842674,9.283336396312723,10.879999999999999,931.4525026453944
3,34.29275893597711,-5.035952468629751,8.713486386526007,10.879999999999999,931.9423992016226
3,35.16152081052248,-5.06396878372953,8.171001121737323,10.879999999999999,932.4447066417729
3,35.533847328184784,-5.0759757759151505,7.608823194095355,10.879999999999999,932.9523330321755
3,35.65797410262013,-5.079385337264559,7.954958704466136,10.879999999999999,933.461732662213
3,35.53383954022137,-5.076272194417198,8.420135508906368,10.879999999999999,933.969358941359
3,34.91305344355147,-5.066635763208679,8.749543842147194,10.879999999999999,934.4681168476955
3,34.54053576188164,-5.0653014247123735,8.971266328730685,10.879999999999999,934.9615530728652
3,34.54053576188164,-5.0653014247123735,9.212231670127613,10.879999999999999,935.4549892980349
3,34.664707142311904,-5.064560126956806,9.375017840853712,10.879999999999999,935.950199400068
3,35.03722128360268,-5.062336233690102,9.24286718662524,10.879999999999999,936.4507311326909
3,35.53391010967211,-5.059964075236103,8.877739138350876,10.879999999999999,936.9583584199719
3,35.90642849941532,-5.058629734203509,8.466549267600813,10.879999999999999,937.4713073985349
3,37.148139943560764,-5.064560079613064,8.016887528015138,10.879999999999999,938.0019951120144
3,37.27230896375716,-5.065597888580243,7.399163688449326,10.879999999999999,938.5344566686395
3,37.27230896375716,-5.065597888580243,7.3976787369628445,10.879999999999999,939.0669182252645
3,37.27230896375716,-5.065597888580243,7.760796124367164,10.879999999999999,939.5993797818896
3,36.77561636127803,-5.064411807098768,7.96730208311497,10.879999999999999,940.1247457299079
3,36.403098679608206,-5.065746145595073,8.220177384884744,10.879999999999999,940.6447899967594
3,35.90642731929031,-5.070490403887008,8.44989752506164,10.879999999999999,941.1577389584636
3,35.90642731929031,-5.070490403887008,8.6965293048356,10.879999999999999,941.6706879201678
3,35.782260895345495,-5.071824722093151,8.814114204115546,10.879999999999999,942.1818630758156
3,35.65809163913136,-5.072862533032976,8.80727937765365,10.879999999999999,942.6912643849461
3,35.65809163913136,-5.072862533032976,8.701895023655952,10.879999999999999,943.2006656940765
3,35.65809163913136,-5.072862533032976,8.539617378864486,10.879999999999999,943.710067003207
3,35.65809163913136,-5.072862533032976,8.353001538803621,10.879999999999999,944.2194683123374
3,35.65809163913136,-5.072862533032976,8.168883306417321,10.879999999999999,944.7288696214679
3,35.65809163913136,-5.072862533032976,8.176658773466368,10.879999999999999,945.2382709305983
3,35.65809163913136,-5.072862533032976,8.107574228154652,10.879999999999999,945.7476722397288
3,35.65809163913136,-5.072862533032976,7.980745783273552,10.879999999999999,946.2570735488592
3,35.65809163913136,-5.072862533032976,7.801540212516773,10.879999999999999,946.7664748579897
3,35.65809163913136,-5.072862533032976,7.636950993996776,10.879999999999999,947.2758761671201
3,35.40974746212003,-5.074048611132741,7.624521126247609,10.879999999999999,947.7817297022933
3,35.16140092485506,-5.074641652437098,7.639719614447439,10.879999999999999,948.2840354297913
3,34.66470785032512,-5.07582773504581,7.885059816025107,10.879999999999999,948.7792455419387
3,33.79549827425763,-5.078941197455193,8.15603823523632,10.879999999999999,949.2620383744281
3,33.54715386122292,-5.080127276682193,8.569397942018636,10.879999999999999,949.7412834295884
3,31.808809056426142,-5.096732133360704,9.085476059946501,10.879999999999999,950.1956949875373
3,30.815559799167897,-5.113336516608062,9.666150840181707,10.879999999999999,950.6359172703826
3,29.450004327210785,-5.14432023023973,10.139896927052153,10.879999999999999,951.0566316179141
3,28.58111690616337,-5.168187159685588,10.67522019789233,10.879999999999999,951.4649332880022
3,27.7122889555365,-5.194128882548837,11.128079934961484,10.879999999999999,951.8608231302242
3,26.96760618644415,-5.2172538007618225,11.493731554419416,10.879999999999999,952.2460746471734
3,26.96760618644415,-5.2172538007618225,11.586609939580475,10.879999999999999,952.6313261641226
3,26.96760618644415,-5.2172538007618225,11.263502918333886,10.879999999999999,953.0165776810718
3,27.58839582306108,-5.207617314602885,10.89242356158419,10.879999999999999,953.4106976214013
3,28.08508276094504,-5.2052451651667555,10.315467329962159,10.879999999999999,953.8119130894147
3,28.581769698828996,-5.207617314602885,9.653081687035623,10.879999999999999,954.2202240851122
3,28.45760044261486,-5.20657950366306,9.407560544749085,10.879999999999999,954.6267612342924
3,28.45760044261486,-5.20657950366306,9.798853316878276,10.879999999999999,955.0332983834726
3,27.83674354046357,-5.2028730148852205,10.064876277986263,10.879999999999999,955.4309661483363
3,27.46422515072036,-5.201538673852628,10.223733897427596,10.879999999999999,955.8233122219181
3,26.843357627427885,-5.200797371869929,10.40950254303712,10.879999999999999,956.2067887594527
3,26.59501132618832,-5.2013904126106665,10.665833929254129,10.879999999999999,956.586717492684
3,26.098330052899534,-5.204948630001452,10.866938260885348,10.879999999999999,956.959550779154
3,26.098330052899534,-5.204948630001452,10.994763672790832,10.879999999999999,957.3323840656241
3,26.470843486125,-5.2027247409618615,11.040575205626167,10.879999999999999,957.7105389725687
3,26.843364000100483,-5.202279959772243,10.571615101168303,10.879999999999999,958.0940156011416
3,27.58839440692642,-5.205838183926438,10.298858043499434,10.879999999999999,958.4881355212406
3,27.712560830871233,-5.207172502132581,9.982505081193422,10.879999999999999,958.8840292473959
3,28.95405986016735,-5.230892531121449,9.58898834224621,10.879999999999999,959.2976586739697
3,29.202321432946107,-5.2374152415173185,9.057903291126623,10.879999999999999,959.7148346944404
3,29.450597637851665,-5.2433450909578445,9.024697023371196,10.879999999999999,960.1355575178383
3,29.326449623132554,-5.240824836680643,9.35310095280515,10.879999999999999,960.5545067981687
3,29.326449623132554,-5.240824836680643,9.797230235656633,10.879999999999999,960.9734560784992
3,28.95397442517955,-5.23504292300505,10.051693036134445,10.879999999999999,961.3870842845732
3,28.95397442517955,-5.23504292300505,10.190434901788551,10.879999999999999,961.8007124906472
3,29.20230396877206,-5.238008061892976,10.1525706607017,10.879999999999999,962.2178882616297
3,29.450633512364572,-5.240973200780902,9.914985601124142,10.879999999999999,962.6386115975206
3,29.947292599549595,-5.246903478556754,9.687857354188905,10.879999999999999,963.0664300632285
3,30.568084596137936,-5.256540001349409,9.397476690029885,10.879999999999999,963.5031169860305
3,31.188791628845713,-5.270623507545621,9.045349682693667,10.879999999999999,963.9486711521569
3,31.43706783375127,-5.276553356986147,8.733011778012418,10.879999999999999,964.3977721212104
3,31.809528162784943,-5.283224707075188,8.925843861144713,10.879999999999999,964.8521939521073
3,31.933691046423387,-5.284855524938942,9.032456832778447,10.879999999999999,965.3083895384848
3,31.933691046423387,-5.284855524938942,9.059222423169517,10.879999999999999,965.7645851248623
3,32.0578574703682,-5.286189843145085,9.2516934459296,10.879999999999999,966.2225545172961
3,32.30619810701259,-5.287968951840478,9.291626613842551,10.879999999999999,966.6840716331105
3,32.554542520047306,-5.2891550310674775,9.15732920006027,10.879999999999999,967.1491365262541
3,32.92705666133808,-5.291378924334181,8.929906669325296,10.879999999999999,967.6195230499875
3,33.42373840666691,-5.294937145106653,8.611233001509392,10.879999999999999,968.0970050272256
3,33.67208258367823,-5.296123223206418,8.195594032744022,10.879999999999999,968.5780347784209
3,33.92042959299522,-5.296123223206418,8.20503450457355,10.879999999999999,969.0626123440352
3,33.79625679641415,-5.296568003550616,8.302649919328738,10.879999999999999,969.5454160125554
3,33.79625679641415,-5.296568003550616,8.704344399370427,10.879999999999999,970.0282196810756
3,33.67208541598389,-5.297309301306184,8.94191303284525,10.879999999999999,970.5092494727326
3,33.79625679641415,-5.296568003550616,8.958243480870264,10.879999999999999,970.9920531412528
3,34.044601209448864,-5.295381924323617,8.73026316047961,10.879999999999999,971.4784045871021
3,34.41712101534692,-5.2949371439794195,8.395237689146091,10.879999999999999,971.9700777444642
3,34.541294520005415,-5.295085404375959,7.95188834965558,10.879999999999999,972.4635248090357
3,34.541294520005415,-5.295085404375959,8.0570202986222,10.879999999999999,972.9569718736071
3,34.541294520005415,-5.295085404375959,8.369906961654147,10.879999999999999,973.4504189381786
3,34.16877400602993,-5.294640623186339,8.531956718928,10.879999999999999,973.9385442811218
3,34.16877400602993,-5.294640623186339,8.5520263580202,10.879999999999999,974.4266696240651
3,34.16877400602993,-5.294640623186339,8.438768837076701,10.879999999999999,974.9147949670083
3,34.16877400602993,-5.294640623186339,8.450099585235828,10.879999999999999,975.4029203099516
3,34.16877400602993,-5.294640623186339,8.330931475545588,10.879999999999999,975.8910456528948
3,34.16877400602993,-5.294640623186339,8.096337530195816,10.879999999999999,976.3791709958381
3,34.16877400602993,-5.294640623186339,7.914376298836452,10.879999999999999,976.8672963387813
3,34.04460120944886,-5.294195842842141,7.937369651287633,10.879999999999999,977.3536477846307
3,33.920429829018595,-5.293454545086574,8.00050572823746,10.879999999999999,977.8382253536166
3,33.54791214734877,-5.292120206590269,8.003590335312001,10.879999999999999,978.3174812414359
3,33.2995649020057,-5.292120206590269,8.215447506526774,10.879999999999999,978.7931893114645
3,32.55453449517976,-5.295678430744464,8.377398571833528,10.879999999999999,979.2582540899671
3,32.05787588001324,-5.3016087028842565,8.503929626652003,10.879999999999999,979.7162237453958
3,31.437108664957123,-5.312727619699325,8.82877101359593,10.879999999999999,980.1653252977524
3,30.692280050240456,-5.330517168020903,9.119756863847952,10.879999999999999,980.6037864413272
3,29.82345375105944,-5.356458841574807,9.426645550190731,10.879999999999999,981.0298357806281
3,29.203012205497018,-5.379433918066202,9.77450640915852,10.879999999999999,981.4470216692781
3,28.582686283188497,-5.405371942664147,10.059981578797895,10.879999999999999,981.855345759038
3,27.83841197191289,-5.43916370061573,10.370240470784148,10.879999999999999,982.2530373586367
3,27.46629498957795,-5.456503903059839,10.594265531640037,10.879999999999999,982.6454130013449
3,27.590371500533823,-5.451612602529789,10.74305395485274,10.879999999999999,983.0395611656382
3,27.466262425409713,-5.455614940865875,10.453846857737553,10.879999999999999,983.4319363431441
3,27.590388963908076,-5.4522053859972734,10.11200707604546,10.879999999999999,983.8260847569143
3,28.08700981665723,-5.4439032574958715,9.786820593971461,10.879999999999999,984.2273277542951
3,28.211179072871364,-5.442865446556047,9.581321759857884,10.879999999999999,984.6303445981932
3,28.087007692441105,-5.443606744311614,9.858017355911628,10.879999999999999,985.031587565228
3,27.71449355115033,-5.445830637578317,10.04239078325215,10.879999999999999,985.427508901673
3,27.71449355115033,-5.445830637578317,10.209421727178109,10.879999999999999,985.823430238118
3,27.59032217072007,-5.4465719353338855,10.336525445449416,10.879999999999999,986.2175776976998
3,27.466150790289813,-5.447313233089453,10.414476128806143,10.879999999999999,986.6099512804182
3,27.714491662954227,-5.445534122703217,10.180598802560759,10.879999999999999,987.0058725898889
3,28.211182849282544,-5.444348044603451,9.793263441682464,10.879999999999999,987.4088894877358
3,28.459527026293873,-5.445534122703217,9.64227368717132,10.879999999999999,987.81545415954
3,28.335355645863615,-5.444792824947649,9.43549934074863,10.879999999999999,988.2202449544809
3,28.335355645863615,-5.444792824947649,9.722386395053611,10.879999999999999,988.6250357494218
3,28.211182849282544,-5.444348044603451,9.942146005842371,10.879999999999999,989.0280526472687
3,28.211182849282544,-5.444348044603451,10.06620539173314,10.879999999999999,989.4310695451156
3,28.211182849282544,-5.444348044603451,10.03436606768422,10.879999999999999,989.8340864429625
3,28.583701239025753,-5.445682385636044,9.947581303335157,10.879999999999999,990.2424250320914
3,28.95621538031653,-5.447906278902747,9.790842288703521,10.879999999999999,990.6560852518103
3,29.204551060475477,-5.450278408048714,9.55419369273992,10.879999999999999,991.0732931241027
3,29.204551060475477,-5.450278408048714,9.294211202619657,10.879999999999999,991.4905009963952
3,29.204551060475477,-5.450278408048714,9.512371137901276,10.879999999999999,991.9077088686877
3,29.204551060475477,-5.450278408048714,9.756963780286457,10.879999999999999,992.3249167409801
3,29.328720316689612,-5.451316218988539,9.909617069441861,10.879999999999999,992.74389845979
3,29.452886740634426,-5.452650537194682,10.003821265948421,10.879999999999999,993.1646539846562
3,29.701216284226938,-5.455615676082608,9.942517337132411,10.879999999999999,993.5889570744308
3,30.19785932213425,-5.462731928253929,9.712212929056347,10.879999999999999,994.020355064747
3,30.94272617007027,-5.478742765215419,9.364455393193438,10.879999999999999,994.4623940100338
3,31.687461329359248,-5.50008933049075,8.851726688252244,10.879999999999999,994.9150720290246
3,31.935706382455574,-5.507204852249194,8.377629188196162,10.879999999999999,995.3712964059168
3,32.18398258736113,-5.51313470168972,8.649138526938483,10.879999999999999,995.8310675857363
3,31.93568089364267,-5.508390659822585,8.913667307201589,10.879999999999999,996.2872915985026
3,31.687352294086367,-5.505425532206771,9.071263124715701,10.879999999999999,996.7399680598468
3,31.439006700922207,-5.504832493156888,9.336365908831867,10.879999999999999,997.1890967270028
3,31.314833904341135,-5.505277273501086,9.545309737467184,10.879999999999999,997.6364514970649
3,31.935700247504567,-5.504535972927424,9.678179122543797,10.879999999999999,998.0926757863149
3,32.43238860152722,-5.506908129126955,9.29841630730497,10.879999999999999,998.5559956234796
3,33.05321954118954,-5.51357970747649,8.96900346492424,10.879999999999999,999.028184474068
3,33.67398675624566,-5.524698624291559,8.559909998409877,10.879999999999999,999.5092414277286
3,33.92228844996412,-5.529442666158693,8.231958013221234,10.879999999999999,999.9938455484424
3,33.92228844996412,-5.529442666158693,8.518252763767357,10.879999999999999,1000.4784496691562
3,33.92228844996412,-5.529442666158693,8.683197741344808,10.879999999999999,1000.9630537898701
3,34.04645983039438,-5.530183963914261,8.777883476255612,10.879999999999999,1001.4494317874471
3,34.29480613163395,-5.530777004654999,8.741325373643617,10.879999999999999,1001.9393575893276
3,34.54315337697702,-5.530777004654999,8.657087284507364,10.879999999999999,1002.4328312089988
3,34.66732688163551,-5.530925265051538,8.428427618996647,10.879999999999999,1002.9280787358792
3,34.791500386294004,-5.531073525448077,8.21303313553627,10.879999999999999,1003.4251001699691
3,34.791500386294004,-5.531073525448077,8.481398436433444,10.879999999999999,1003.922121604059
3,34.66732688163551,-5.531221785844616,8.674385835366637,10.879999999999999,1004.4173691309395
3,34.66732688163551,-5.531221785844616,8.767101417107208,10.879999999999999,1004.91261665782
3,34.66732688163551,-5.531221785844616,8.773613081219635,10.879999999999999,1005.4078641847004
3,34.79149967821658,-5.530777005500418,8.701931842479585,10.879999999999999,1005.9048856086749
3,34.79149967821658,-5.530777005500418,8.606439199981644,10.879999999999999,1006.4019070326494
3,34.91567105864684,-5.530035707744851,8.468873553459051,10.879999999999999,1006.9007023334873
3,34.91567105864684,-5.530035707744851,8.33579837006207,10.879999999999999,1007.3994976343251
3,34.91567105864684,-5.530035707744851,8.350388985041125,10.879999999999999,1007.898292935163
3,34.91567105864684,-5.530035707744851,8.46581591996289,10.879999999999999,1008.3970882360009
3,34.91567105864684,-5.530035707744851,8.442043931504545,10.879999999999999,1008.8958835368387
3,34.91567105864684,-5.530035707744851,8.385895793478323,10.879999999999999,1009.3946788376766
3,34.79149967821658,-5.530777005500418,8.356091509806483,10.879999999999999,1009.8917002616511
3,34.79149967821658,-5.530777005500418,8.219154446005643,10.879999999999999,1010.3887216856256
3,34.79149967821658,-5.530777005500418,8.221708733721353,10.879999999999999,1010.8857431096001
3,34.79149967821658,-5.530777005500418,8.146157342954563,10.879999999999999,1011.3827645335746
3,34.66732829778632,-5.531518303255986,8.144807332345662,10.879999999999999,1011.8780120806858
3,34.66732829778632,-5.531518303255986,8.055139894556715,10.879999999999999,1012.3732596277971
3,34.66732829778632,-5.531518303255986,7.942388184250504,10.879999999999999,1012.8685071749084
3,34.66732829778632,-5.531518303255986,7.84758039018413,10.879999999999999,1013.3637547220196
3,34.66732829778632,-5.531518303255986,7.716745624220891,10.879999999999999,1013.8590022691309
3,34.66732829778632,-5.531518303255986,7.615690977594218,10.879999999999999,1014.3542498162421
3,34.29482052914391,-5.53463173607546,7.6781630175474564,10.879999999999999,1014.8441758238014
3,33.798161913977395,-5.540562008215253,7.943728644324535,10.879999999999999,1015.3270067082867
3,33.17736873740133,-5.550198549324787,8.323230122840108,10.879999999999999,1015.8009691188211
3,31.81174317124204,-5.577921293679219,8.78684375562333,10.879999999999999,1016.2554225926959
3,30.942801234450755,-5.599713293610746,9.363899629579961,10.879999999999999,1016.697462610331
3,29.94982102206545,-5.628175380644521,9.934489523598504,10.879999999999999,1017.1253171963605
3,29.081057496196685,-5.656191748997127,10.440084522435951,10.879999999999999,1017.5407608748776
3,27.96416502130178,-5.694879989961608,10.940304525033318,10.879999999999999,1017.9402489466105
3,27.591867529670147,-5.707776070283101,11.407619456235187,10.879999999999999,1018.3344184827487
3,27.343640175885056,-5.715484369028223,11.66296037615045,10.879999999999999,1018.7250419138328
3,27.343640175885056,-5.715484369028223,11.478371459132536,10.879999999999999,1019.1156653449169
3,27.84024214742553,-5.705996312346017,11.254723871562218,10.879999999999999,1019.5133830898801
3,28.336912091653183,-5.701252067580729,10.702338346404515,10.879999999999999,1019.9181961197609
3,29.33028974381788,-5.703624212507919,10.08747711883522,10.879999999999999,1020.3372002589583
3,29.826948358984392,-5.709554484647712,9.337221201765194,10.879999999999999,1020.7632995212296
3,29.951106994299604,-5.711481792869619,9.266368189784055,10.879999999999999,1021.1911724782909
3,29.826948358984392,-5.709554484647712,9.78586130448902,10.879999999999999,1021.6172717405622
3,29.702785475345948,-5.707923666783959,10.182420710659933,10.879999999999999,1022.0415972473528
3,29.702785475345948,-5.707923666783959,10.31273333406626,10.879999999999999,1022.4659227541434
3,29.826948358984392,-5.709554484647713,9.924280042197477,10.879999999999999,1022.8920220164147
3,30.0752701139399,-5.713112614114975,9.46866214508947,10.879999999999999,1023.3216687323281
3,30.0752701139399,-5.713112614114975,9.28662358107023,10.879999999999999,1023.7513154482416
3,30.0752701139399,-5.713112614114975,9.494986365789496,10.879999999999999,1024.180962164155
3,30.0752701139399,-5.713112614114975,9.67967266327475,10.879999999999999,1024.6106088800684
3,30.0752701139399,-5.713112614114975,9.783049681341925,10.879999999999999,1025.0402555959818
3,30.0752701139399,-5.713112614114975,9.809533528197308,10.879999999999999,1025.469902311895
3,30.0752701139399,-5.713112614114975,9.805529395313833,10.879999999999999,1025.8995490278085
3,30.199439370154035,-5.714150425054799,9.841919882821394,10.879999999999999,1026.3309695902392
3,30.447775050312984,-5.7165225542007665,9.785247402671489,10.879999999999999,1026.7659378052438
3,30.9444180882203,-5.7236388063720876,9.544674101718362,10.879999999999999,1027.2080009207898
3,31.441043188835632,-5.7319410058860765,9.059555630778712,10.879999999999999,1027.6571586806303
3,31.689364707789288,-5.735499131971737,8.642977877775525,10.879999999999999,1028.1098638907415
3,31.689364707789288,-5.735499131971737,8.86305053347664,10.879999999999999,1028.5625691008527
3,31.689364707789288,-5.735499131971737,9.145210995589386,10.879999999999999,1029.0152743109638
3,31.689364707789288,-5.735499131971737,9.322948209303938,10.879999999999999,1029.467979521075
3,31.813531131734102,-5.73683345017788,9.193031136419863,10.879999999999999,1029.9224585372426
3,31.813531131734102,-5.73683345017788,9.140348163179342,10.879999999999999,1030.3769375534102
3,31.813531131734102,-5.73683345017788,9.018337790155872,10.879999999999999,1030.8314165695779
3,31.813531131734102,-5.73683345017788,8.925336709845917,10.879999999999999,1031.2858955857455
3,31.813531131734102,-5.73683345017788,9.07661604339279,10.879999999999999,1031.7403746019131
3,31.813531131734102,-5.73683345017788,9.152463978682343,10.879999999999999,1032.1948536180807
3,31.937700387948237,-5.7378712611177045,9.162115049559574,10.879999999999999,1032.6511064807657
3,31.937700387948237,-5.7378712611177045,9.24087789643923,10.879999999999999,1033.1073593434508
3,31.937700387948237,-5.7378712611177045,9.226222462883587,10.879999999999999,1033.5636122061358
3,31.937700387948237,-5.7378712611177045,9.115762115182573,10.879999999999999,1034.0198650688208
3,32.061871768378495,-5.738612558873273,9.01202039777338,10.879999999999999,1034.4778918083691
3,32.186044564959566,-5.739057339217471,9.104610781389638,10.879999999999999,1034.9376924450114
3,32.186044564959566,-5.739057339217471,9.098760064222787,10.879999999999999,1035.3974930816537
3,32.186044564959566,-5.739057339217471,8.99822060165803,10.879999999999999,1035.857293718296
3,32.31021806961806,-5.73920559961401,8.984353047597786,10.879999999999999,1036.3188682621476
3,32.31021806961806,-5.73920559961401,9.049474538268042,10.879999999999999,1036.7804428059992
3,32.31021806961806,-5.73920559961401,9.06049468025339,10.879999999999999,1037.2420173498508
3,32.31021806961806,-5.73920559961401,8.989267113501237,10.879999999999999,1037.7035918937024
3,32.31021806961806,-5.73920559961401,8.974134837635473,10.879999999999999,1038.165166437554
3,32.31021806961806,-5.73920559961401,9.021505430039873,10.879999999999999,1038.6267409814056
3,32.31021806961806,-5.73920559961401,8.967471369065008,10.879999999999999,1039.0883155252573
3,32.31021806961806,-5.73920559961401,8.982920006449083,10.879999999999999,1039.5498900691089
3,32.31021806961806,-5.73920559961401,8.98103755686549,10.879999999999999,1040.0114646129605
3,32.31021806961806,-5.73920559961401,8.916972217418483,10.879999999999999,1040.473039156812
3,32.31021806961806,-5.73920559961401,8.949337414554304,10.879999999999999,1040.9346137006637
3,32.31021806961806,-5.73920559961401,8.987894839434796,10.879999999999999,1041.3961882445153
3,32.186044564959566,-5.739057339217471,8.920532794747649,10.879999999999999,1041.8559888811576
3,32.186044564959566,-5.739057339217471,8.954713934585143,10.879999999999999,1042.3157895177999
3,32.186044564959566,-5.739057339217471,8.91165456155505,10.879999999999999,1042.7755901544422
3,32.186044564959566,-5.739057339217471,8.8728252731588,10.879999999999999,1043.2353907910845
3,32.186044564959566,-5.739057339217471,8.844215662979646,10.879999999999999,1043.6951914277267
3,32.186044564959566,-5.739057339217471,8.792421837350352,10.879999999999999,1044.154992064369
3,32.186044564959566,-5.739057339217471,8.755199503737499,10.879999999999999,1044.6147927010113
3,32.186044564959566,-5.739057339217471,8.702555427193955,10.879999999999999,1045.0745933376536
3,32.186044564959566,-5.739057339217471,8.655314456636502,10.879999999999999,1045.5343939742959
3,32.186044564959566,-5.739057339217471,8.599592341318134,10.879999999999999,1045.9941946109382
3,32.186044564959566,-5.739057339217471,8.537687802871151,10.879999999999999,1046.4539952475805
3,32.186044564959566,-5.739057339217471,8.470980924088606,10.879999999999999,1046.9137958842227
3,32.186044564959566,-5.739057339217471,8.399440837080535,10.879999999999999,1047.373596520865
3,32.186044564959566,-5.739057339217471,8.321261817353342,10.879999999999999,1047.8333971575073
3,32.186044564959566,-5.739057339217471,8.238196638499408,10.879999999999999,1048.2931977941496
3,32.186044564959566,-5.739057339217471,8.147828513424242,10.879999999999999,1048.7529984307919
3,32.186044564959566,-5.739057339217471,8.069655212405182,10.879999999999999,1049.2127990674342
3,31.937698027694598,-5.738464297913114,8.07096409453814,10.879999999999999,1049.6690518964012
3,31.565177513719114,-5.7380195167234955,8.356949857966915,10.879999999999999,1050.1199830037401
3,30.69596958982286,-5.741132973214874,8.644990929971648,10.879999999999999,1050.5584968550233
3,30.447628717158445,-5.7429120836011105,9.085408046987926,10.879999999999999,1050.9934629795541
3,29.20598571937693,-5.757737721680181,9.583602062014936,10.879999999999999,1051.4106913469739
3,27.964477250784633,-5.7814579310158525,10.050999193764243,10.879999999999999,1051.8101838791279
3,27.343805618549798,-5.797023615665743,10.591214410039852,10.879999999999999,1052.2008096736786
3,26.599123557194524,-5.820148511901092,11.044198590111979,10.879999999999999,1052.5807971530671
3,26.102706607403498,-5.836750591232665,11.413536518267696,10.879999999999999,1052.9536929617443
3,26.350950952713095,-5.829635089761722,11.719424647755954,10.879999999999999,1053.3301351182117
3,26.350950952713095,-5.829635089761722,11.493793619606592,10.879999999999999,1053.7065772746791
3,26.475092595219895,-5.826818383168558,11.216741989247145,10.879999999999999,1054.0847928831822
3,27.46839566506229,-5.81495800797003,10.72770325584338,10.879999999999999,1054.4771985355403
3,28.46174405050321,-5.822074341301423,10.075761957639191,10.879999999999999,1054.883794879119
3,29.08248294421198,-5.834675588735255,9.561689011803066,10.879999999999999,1055.2992589211792
3,29.206624586718778,-5.8374922953284205,9.213484158139591,10.879999999999999,1055.7164964152753
3,29.33077260143789,-5.840012549605622,9.59805012383297,10.879999999999999,1056.1355074524388
3,29.206624586718778,-5.8374922953284205,9.993088976762978,10.879999999999999,1056.5527449465349
3,29.206624586718778,-5.8374922953284205,10.201393584624812,10.879999999999999,1056.969982440631
3,29.33077260143789,-5.840012549605622,9.966317888004436,10.879999999999999,1057.3889934777944
3,29.703216645595223,-5.847573312437227,9.645913541577142,10.879999999999999,1057.81332514416
3,29.703216645595223,-5.847573312437227,9.295445710390304,10.879999999999999,1058.2376568105256
3,29.827375280910434,-5.849500620659134,9.450587945234195,10.879999999999999,1058.6637621716814
3,29.95153816454888,-5.851131438522888,9.583676331059952,10.879999999999999,1059.0916412883178
3,30.075704588493693,-5.85246575672903,9.62194193144487,10.879999999999999,1059.5212942110106
3,30.075704588493693,-5.85246575672903,9.588269748165335,10.879999999999999,1059.9509471337035
3,30.075704588493693,-5.85246575672903,9.495935054601322,10.879999999999999,1060.3806000563964
3,30.324045225138086,-5.854244865424423,9.455796023508686,10.879999999999999,1060.8138007024697
3,30.57239152637765,-5.8548379061651605,9.549303004255428,10.879999999999999,1061.2505491528466
3,30.696565031036144,-5.854689645768621,9.572017326545664,10.879999999999999,1061.6890715104328
3,31.19325904967012,-5.854689645768621,9.523738008274611,10.879999999999999,1062.1346894968567
3,31.81411477171256,-5.858396127501272,9.305786566365935,10.879999999999999,1062.5891768507383
3,32.31077338687908,-5.864326399641064,8.880751237567079,10.879999999999999,1063.0507593276939
3,32.8073980155082,-5.872628591264744,8.530258702878054,10.879999999999999,1063.5194364422011
3,32.93155169450755,-5.874852378854676,8.295286310155303,10.879999999999999,1063.989887180694
3,33.05571032982276,-5.876779687076583,8.645360511976927,10.879999999999999,1064.4621116139772
3,32.807381022239504,-5.873814551006687,8.870774114459218,10.879999999999999,1064.9307884857235
3,32.807381022239504,-5.873814551006687,8.987992792029479,10.879999999999999,1065.3994653574698
3,32.55903472099994,-5.873814551006687,9.016632411213628,10.879999999999999,1065.8645944249126
3,32.6832061014302,-5.873073253251119,9.13044809044887,10.879999999999999,1066.3314973692188
3,32.6832061014302,-5.873073253251119,9.133299692396944,10.879999999999999,1066.798400313525
3,33.30406300358149,-5.8693667644732805,9.006277636180563,10.879999999999999,1067.2741726421475
3,33.80075560606062,-5.868180682991806,8.661705559402861,10.879999999999999,1067.757040579377
3,33.92492911071911,-5.868328943388345,8.27231799832499,10.879999999999999,1068.2416824238157
3,33.92492911071911,-5.868328943388345,7.9854377409258515,10.879999999999999,1068.7263242682545
3,33.92492911071911,-5.868328943388345,8.296826058598757,10.879999999999999,1069.2109661126933
3,33.5524107209759,-5.869663284420938,8.6037976575897,10.879999999999999,1069.69028626585
3,33.42823934054564,-5.870404582176507,8.862555672428488,10.879999999999999,1070.1678325421435
3,33.05573157190323,-5.873518014995981,8.995474296606643,10.879999999999999,1070.640057278885
3,32.807402264319975,-5.8764831510658775,9.012640277319301,10.879999999999999,1071.1087344540897
3,32.683243629004764,-5.878410459287784,9.03475383279671,10.879999999999999,1071.5756379345041
3,32.559089950005415,-5.880634246877717,9.075827519338945,10.879999999999999,1072.0407677909327
3,32.559089950005415,-5.880634246877717,9.162831132504529,10.879999999999999,1072.5058976473613
3,32.683243629004764,-5.878410459287784,9.142276217404616,10.879999999999999,1072.9728011277757
3,32.93156514795842,-5.874852333202124,9.049476651582731,10.879999999999999,1073.4432520584608
3,33.17990082811737,-5.872480204056156,8.884703125585762,10.879999999999999,1073.9172506417196
3,33.17990082811737,-5.872480204056156,8.658946317511697,10.879999999999999,1074.3912492249785
3,33.05573157190323,-5.873518014995981,8.736888949667211,10.879999999999999,1074.86347396172
3,33.05573157190323,-5.873518014995981,8.957837456030735,10.879999999999999,1075.3356986984616
3,33.05573157190323,-5.873518014995981,9.056744133517215,10.879999999999999,1075.807923435203
3,32.93156231568909,-5.874555825935806,9.041075740517087,10.879999999999999,1076.2783743254272
3,32.93156231568909,-5.874555825935806,8.889081912421078,10.879999999999999,1076.7488252156513
3,32.93156231568909,-5.874555825935806,8.860654086807479,10.879999999999999,1077.2192761058755
3,32.93156231568909,-5.874555825935806,8.752778937258123,10.879999999999999,1077.6897269960996
3,32.93156231568909,-5.874555825935806,8.798697321198802,10.879999999999999,1078.1601778863237
3,32.80739093525883,-5.875297123691373,8.786154088575092,10.879999999999999,1078.6288548996845
3,32.80739093525883,-5.875297123691373,8.790282343458257,10.879999999999999,1079.0975319130453
3,32.80739093525883,-5.875297123691373,8.712841394778952,10.879999999999999,1079.566208926406
3,32.80739093525883,-5.875297123691373,8.612763285808676,10.879999999999999,1080.0348859397668
3,32.80739093525883,-5.875297123691373,8.588957833583741,10.879999999999999,1080.5035629531276
3,32.80739093525883,-5.875297123691373,8.562662046004812,10.879999999999999,1080.9722399664884
3,32.683219554828575,-5.876038421446941,8.51490350525256,10.879999999999999,1081.439143102986
3,32.683219554828575,-5.876038421446941,8.489923930686558,10.879999999999999,1081.9060462394837
3,32.683219554828575,-5.876038421446941,8.40724463209374,10.879999999999999,1082.3729493759813
3,32.683219554828575,-5.876038421446941,8.376127779571544,10.879999999999999,1082.839852512479
3,32.683219554828575,-5.876038421446941,8.326785003820335,10.879999999999999,1083.3067556489766
3,32.55904817439831,-5.876779719202508,8.345268320223056,10.879999999999999,1083.771884908611
3,32.43487537781724,-5.877224499546706,8.38862436121637,10.879999999999999,1084.235240271151
3,32.186528368500255,-5.877224499546706,8.442733216761152,10.879999999999999,1084.6950478192725
3,31.938184191488926,-5.876038421446941,8.483507901144963,10.879999999999999,1085.1513075934367
3,31.81401493527479,-5.875000610507116,8.512552880476482,10.879999999999999,1085.6057935210836
3,31.81401493527479,-5.875000610507116,8.536333173092803,10.879999999999999,1086.0602794487304
3,31.317356320108278,-5.869070338367323,8.601422011949373,10.879999999999999,1086.5076702533033
3,30.94486766919295,-5.864177884776063,8.871892413530016,10.879999999999999,1086.9497397914347
3,30.32403554946888,-5.857506293745349,9.163447209424016,10.879999999999999,1087.3829402992842
3,29.5790136395357,-5.85216896765917,9.655362544246088,10.879999999999999,1087.805497636992
3,28.585628434577437,-5.85216896765917,10.11615415551261,10.879999999999999,1088.213863757486
3,27.840606524644254,-5.857506293745349,10.53479083872538,10.879999999999999,1088.6115867078381
3,27.219793286480137,-5.865660367565021,10.923887639549791,10.879999999999999,1089.000440897645
3,26.971480736172474,-5.869811467322015,11.293732158216521,10.879999999999999,1089.3857477653046
3,26.226575655017093,-5.884043592923418,11.642020188527322,10.879999999999999,1089.7604131318049
3,26.474865548214574,-5.8787066269808665,11.945683302834752,10.879999999999999,1090.1386254967792
3,26.723155441412054,-5.873369661038315,11.719691249323866,10.879999999999999,1090.520384860228
3,27.592260932675757,-5.859878580415803,11.374160702326009,10.879999999999999,1090.914560016409
3,28.337291339501693,-5.856320356261608,10.8103523266452,10.879999999999999,1091.3193784641162
3,29.33064633345798,-5.863436736936309,10.124803390756894,10.879999999999999,1091.7383876974513
3,29.827248304998456,-5.872924793618515,9.297757734910444,10.879999999999999,1092.1644912446657
3,31.31647650862598,-5.9227302742529915,8.642565920804397,10.879999999999999,1092.6118694805032
3,31.568704179677532,-5.9227302742529915,8.158577730180207,10.879999999999999,1093.0628509687842
3,31.568704179677532,-5.9227302742529915,8.537691071966929,10.879999999999999,1093.5138324570653
3,31.07237406787837,-5.903757623438565,8.935264212053996,10.879999999999999,1093.9577235151778
3,30.700019939657935,-5.892639763344035,9.193223208861198,10.879999999999999,1094.3962952286015
3,30.32759572003327,-5.8841896596263075,9.540300737641353,10.879999999999999,1094.8295465960305
3,29.955109193166095,-5.879297233933371,9.79271823144387,10.879999999999999,1095.2574767273613
3,29.706765016154765,-5.878111155833605,9.98027730126899,10.879999999999999,1095.681859084735
3,29.458419422990605,-5.878704194883488,10.268222870917924,10.879999999999999,1096.1026936479204
3,29.582590803420864,-5.8779628971279205,10.559621149790326,10.879999999999999,1096.5253020879693
3,29.955109193164073,-5.876628556095328,10.415962459323016,10.879999999999999,1096.9532322193002
3,30.327627582907283,-5.875294215062736,10.202325476897277,10.879999999999999,1097.386484041913
3,30.948491565812635,-5.8730703133417475,9.96140649298882,10.879999999999999,1097.828605349996
3,31.94187393846927,-5.875442469541278,9.657593258821745,10.879999999999999,1098.2849178348313
3,32.93515246224403,-5.889674865672961,9.093950768431982,10.879999999999999,1098.7554200128634
3,33.183428667149585,-5.895604715113487,8.400721494938562,10.879999999999999,1099.2294689938226
3,33.68788400925269,-5.895604715113487,8.224018356196726,10.879999999999999,1099.7107244796691
3,33.812025415794245,-5.89842141635273,8.682137161027699,10.879999999999999,1100.1937534141805
3,33.68786701647658,-5.896494111794199,9.028917582192646,10.879999999999999,1100.675008657273
3,33.56369799628018,-5.895456302827021,9.276667846846458,10.879999999999999,1101.15449005722
3,33.56369799628018,-5.895456302827021,9.442645258410701,10.879999999999999,1101.633971457167
3,33.93621851025567,-5.895011521637401,9.20589585103769,10.879999999999999,1102.1187745787422
3,34.43291158478561,-5.893825439028689,8.87046691480629,10.879999999999999,1102.6106733156678
3,34.805432098761095,-5.893380657839069,8.669104605567322,10.879999999999999,1103.1078937742216
3,35.79880597452901,-5.898124956711329,8.316112658081785,10.879999999999999,1103.6193052881433
3,36.419638094253074,-5.904796547742042,7.895485964305157,10.879999999999999,1104.139585832347
3,36.54380451819789,-5.906130865948185,7.75323744561562,10.879999999999999,1104.661640182607
3,36.41963526198375,-5.9050930550083605,8.143603786701581,10.879999999999999,1105.1819206863497
3,36.29546270142714,-5.904648275509592,8.412549034856895,10.879999999999999,1105.7004272963702
3,35.922945019757314,-5.905982614005897,8.563974311450773,10.879999999999999,1106.2136122252239
3,35.922945019757314,-5.905982614005897,8.61237446402858,10.879999999999999,1106.7267971540775
3,36.04710790339576,-5.904351796142143,8.569566324241087,10.879999999999999,1107.2417558384118
3,36.54376651856228,-5.89842152400235,8.48148268980307,10.879999999999999,1107.7638096458197
3,36.916274287204686,-5.8953080911828755,8.19539774006606,10.879999999999999,1108.2911849927798
3,37.040443543418824,-5.894270280243051,7.966762621324359,10.879999999999999,1108.8203341862572
3,37.040443543418824,-5.894270280243051,7.913810984116388,10.879999999999999,1109.3494833797347
3,36.916274287204686,-5.8953080911828755,8.135658112656898,10.879999999999999,1109.8768587266948
3,36.916274287204686,-5.8953080911828755,8.295017301735056,10.879999999999999,1110.4042340736548
3,36.66793341454027,-5.897087201569112,8.371693548782055,10.879999999999999,1110.9280616938624
3,36.66793341454027,-5.897087201569112,8.349766670273944,10.879999999999999,1111.45188931407
3,36.66793341454027,-5.897087201569112,8.285035500781344,10.879999999999999,1111.9757169342777
3,36.66793341454027,-5.897087201569112,8.179888234922986,10.879999999999999,1112.4995445544853
3,36.66793341454027,-5.897087201569112,8.0423452758363,10.879999999999999,1113.023372174693
3,36.66793341454027,-5.897087201569112,7.8744918885738295,10.879999999999999,1113.5471997949005
3,36.66793341454027,-5.897087201569112,7.826634457022099,10.879999999999999,1114.0710274151081
3,36.66793341454027,-5.897087201569112,7.785079388973978,10.879999999999999,1114.5948550353157
3,36.54376203411001,-5.89782849932468,7.765805580561116,10.879999999999999,1115.1169087786602
3,36.295417621075295,-5.89901457855168,7.749051848668343,10.879999999999999,1115.6354147446755
3,35.922903479784516,-5.901238471818384,7.741404987854102,10.879999999999999,1116.148599080101
3,35.42623211946662,-5.905982730110319,7.882846620449523,10.879999999999999,1116.654688110379
3,35.177910600512966,-5.90954085619598,8.089318711823719,10.879999999999999,1117.1572296903864
3,34.308876149320696,-5.927182602603344,8.288066748644548,10.879999999999999,1117.6473564925195
3,33.68824345682889,-5.9442303769463525,8.579569137779849,10.879999999999999,1118.1286171133313
3,32.81955096087994,-5.974321173833947,8.917109227886545,10.879999999999999,1118.5974678413438
3,32.447319305429616,-5.988995159099794,9.225801631122112,10.879999999999999,1119.0610009742786
3,31.206865656714008,-6.0453145951095255,9.527732527518232,10.879999999999999,1119.506813340803
3,30.586815784093933,-6.077176586129968,9.882885148867956,10.879999999999999,1119.9437678520044
3,29.71885495630088,-6.123856155455284,10.21488510382951,10.879999999999999,1120.3683229228086
3,29.222846199311977,-6.149937971670695,10.595962594066457,10.879999999999999,1120.7857921542272
3,28.974755469568855,-6.161201858872641,10.82994274276626,10.879999999999999,1121.199717232364
3,28.850667160456368,-6.16579687417092,10.715615069031225,10.879999999999999,1121.6118696203705
3,28.850667160456368,-6.16579687417092,10.622316171647931,10.879999999999999,1122.024022008377
3,28.974785203196515,-6.162090920806079,10.46758426271307,10.879999999999999,1122.4379475112798
3,29.719732768045283,-6.151416786022646,10.191347377519694,10.879999999999999,1122.8625151222518
3,29.719732768045283,-6.151416786022646,9.571829774318148,10.879999999999999,1123.2870827332238
3,29.719732768045283,-6.151416786022646,9.570207718966868,10.879999999999999,1123.7116503441957
3,29.471386230780315,-6.15082374471829,10.02650352779569,10.879999999999999,1124.1326701474925
3,29.223039693515346,-6.150230703413933,10.371260596174507,10.879999999999999,1124.550142143114
3,28.974693156250378,-6.149637662109576,10.622976995392944,10.879999999999999,1124.9640663310604
3,29.09886666090887,-6.1497859225061156,10.531318484037843,10.879999999999999,1125.3797644262163
3,29.09886666090887,-6.1497859225061156,10.220119709521802,10.879999999999999,1125.7954625213722
3,29.59555359879283,-6.152158071942245,9.713328229942393,10.879999999999999,1126.218256144212
3,30.092212213959343,-6.158088344082038,9.510298338908418,10.879999999999999,1126.6481448901259
3,30.092212213959343,-6.158088344082038,9.229765445159389,10.879999999999999,1127.0780336360397
3,29.843890459003834,-6.154530214614776,9.492273355658526,10.879999999999999,1127.504374928311
3,29.843890459003834,-6.154530214614776,9.70747716950405,10.879999999999999,1127.9307162205826
3,29.71972757536539,-6.152899396751023,9.850392507996066,10.879999999999999,1128.3552837573734
3,29.71972757536539,-6.152899396751023,9.935980971052492,10.879999999999999,1128.7798512941642
3,29.71972757536539,-6.152899396751023,9.90168416113411,10.879999999999999,1129.204418830955
3,29.843893999310204,-6.154233714957165,9.818491530303058,10.879999999999999,1129.6307601738024
3,29.843893999310204,-6.154233714957165,9.669160467751029,10.879999999999999,1130.0571015166497
3,29.96806325552434,-6.15527152589699,9.591444493735015,10.879999999999999,1130.4852167060144
3,29.96806325552434,-6.15527152589699,9.723097207479878,10.879999999999999,1130.913331895379
3,29.96806325552434,-6.15527152589699,9.818252404838045,10.879999999999999,1131.3414470847438
3,30.092232511738473,-6.156309336836815,9.848062858962535,10.879999999999999,1131.7713361206258
3,30.34056181932173,-6.159274472906711,10.006880822832061,10.879999999999999,1132.2047727180448
3,30.837186447950856,-6.16757666453039,9.844217964696286,10.879999999999999,1132.6453039530154
3,31.333737442010868,-6.179436329597526,9.604461093633377,10.879999999999999,1133.0929287736155
3,31.83019214958105,-6.19485292708777,9.340328687188705,10.879999999999999,1133.5476458043238
3,32.07841950336614,-6.202561225832892,9.005867068011032,10.879999999999999,1134.005908940086
3,32.32668084020024,-6.209083930029662,9.041333100931489,10.879999999999999,1134.4677186663746
3,32.45082248270704,-6.211900636622827,9.221716801901877,10.879999999999999,1134.931301844699
3,32.57497049742615,-6.214420890900029,9.311814075523186,10.879999999999999,1135.3966585660908
3,32.57497049742615,-6.214420890900029,9.205173542766037,10.879999999999999,1135.8620152874826
3,32.9474315344242,-6.221092253669827,9.21699390888813,10.879999999999999,1136.3326928808315
3,33.07159016973941,-6.223019561891734,9.172386069378462,10.879999999999999,1136.8051441689706
3,33.32381784079096,-6.223019561891734,9.047998091385244,10.879999999999999,1137.2811987095533
3,33.94461101736702,-6.232656103001268,8.85556263888651,10.879999999999999,1137.766121724087
3,34.192932536320676,-6.236214229086929,8.695302267461393,10.879999999999999,1138.2545921888916
3,34.31709896026549,-6.237548547293072,8.820737181261256,10.879999999999999,1138.7448364597526
3,34.44126821647963,-6.238586358232896,8.84510014431071,10.879999999999999,1139.236854577131
3,34.44126821647963,-6.238586358232896,8.773298995954729,10.879999999999999,1139.7288726945094
3,34.81378660622284,-6.23992069926549,8.61280082313615,10.879999999999999,1140.2262125031698
3,35.18630074751362,-6.242144592532194,8.303084644974044,10.879999999999999,1140.72887394242
3,35.31047212794388,-6.242885890287761,8.241264833050108,10.879999999999999,1141.2333092585336
3,35.43464492452495,-6.243330670631959,8.23915750056886,10.879999999999999,1141.7395184717411
3,35.43464492452495,-6.243330670631959,8.50922570520056,10.879999999999999,1142.2457276849486
3,35.43464492452495,-6.243330670631959,8.62325242936911,10.879999999999999,1142.7519368981561
3,35.55881842918345,-6.243478931028498,8.63605917182828,10.879999999999999,1143.259920018573
3,35.55881842918345,-6.243478931028498,8.556800589383146,10.879999999999999,1143.7679031389898
3,35.55881842918345,-6.243478931028498,8.410969768756452,10.879999999999999,1144.2758862594067
3,35.55881842918345,-6.243478931028498,8.201945727380634,10.879999999999999,1144.7838693798235
3,35.55881842918345,-6.243478931028498,7.970491826796317,10.879999999999999,1145.2918525002403
3,35.55881842918345,-6.243478931028498,8.147847001573053,10.879999999999999,1145.7998356206572
3,35.43464492452495,-6.243330670631959,8.249629498009282,10.879999999999999,1146.3060448338647
3,35.31047212794388,-6.242885890287761,8.243361744047588,10.879999999999999,1146.8104801499783
3,35.31047212794388,-6.242885890287761,8.233736264798907,10.879999999999999,1147.3149154660919
3,35.31047212794388,-6.242885890287761,8.190409218736537,10.879999999999999,1147.8193507822054
3,35.31047212794388,-6.242885890287761,8.135567195472362,10.879999999999999,1148.323786098319
3,35.31047212794388,-6.242885890287761,8.083605910448766,10.879999999999999,1148.8282214144326
3,35.31047212794388,-6.242885890287761,7.992436190825462,10.879999999999999,1149.3326567305462
3,35.18629933136281,-6.242441109943563,7.925584211566999,10.879999999999999,1149.8353181495656
3,35.18629933136281,-6.242441109943563,7.841659518742397,10.879999999999999,1150.337979568585
3,35.18629933136281,-6.242441109943563,7.753767822832969,10.879999999999999,1150.8406409876045
3,35.18629933136281,-6.242441109943563,7.665276629030037,10.879999999999999,1151.343302406624
3,35.06212653478174,-6.241996329599365,7.597674692673428,10.879999999999999,1151.8441899285494
3,34.68960814503853,-6.240661988566772,7.621791499729679,10.879999999999999,1152.339755759193
3,34.19291507050859,-6.239475905958059,7.905536375622241,10.879999999999999,1152.828225974486
3,33.44787404255762,-6.239475905958059,8.271869583934004,10.879999999999999,1153.3060527465225
3,32.454514328217066,-6.246592320449525,8.833543491721358,10.879999999999999,1153.769688665497
3,31.088771935722715,-6.267792670593367,9.389862829623809,10.879999999999999,1154.2138139788644
3,30.095613306819068,-6.289140514074833,10.027457028731396,10.879999999999999,1154.643751311819
3,29.350829296316768,-6.308708626665141,10.565346691282349,10.879999999999999,1155.063048873195
3,28.109791639719003,-6.350213667210153,11.133963861167636,10.879999999999999,1155.4646173251908
3,27.489348914834984,-6.373188787372077,11.65397689267738,10.879999999999999,1155.8573223096885
3,27.365240075614217,-6.377191118100617,11.710726457520343,10.879999999999999,1156.2482543107687
3,27.613485364639722,-6.370075589579664,11.53530443968487,10.879999999999999,1156.6427326731207
3,28.110036358699734,-6.358215924512528,11.21997394892972,10.879999999999999,1157.0443046211021
3,28.85499879154646,-6.347541576689925,10.766326532722207,10.879999999999999,1157.4565188895529
3,29.47585923408891,-6.3453176876503345,10.152426764471992,10.879999999999999,1157.877602592897
3,29.972547588111567,-6.3476898438498655,9.429151004008878,10.879999999999999,1158.3057818441557
3,30.220883268270516,-6.350061972995833,9.033972150133614,10.879999999999999,1158.7375087479882
3,30.220883268270516,-6.350061972995833,9.501195757843934,10.879999999999999,1159.1692356518206
3,29.848383996436077,-6.346059018377406,9.892602018887601,10.879999999999999,1159.5956411374839
3,29.475870563210613,-6.3438351293378155,10.324913657215093,10.879999999999999,1160.0167250026725
3,29.475870563210613,-6.3438351293378155,10.68680501769567,10.879999999999999,1160.4378088678611
3,29.600044067869106,-6.343686868941276,10.551551752613051,10.879999999999999,1160.8606666402593
3,29.97256174953893,-6.345021207437581,10.349746698816354,10.879999999999999,1161.288846093824
3,30.220902622203344,-6.346800317823817,10.123973149886671,10.879999999999999,1161.7205732741413
3,31.09003785156008,-6.358215977774002,9.67017540541718,10.879999999999999,1162.1647166720209
3,31.95902769735097,-6.3779328864487,9.333981454226237,10.879999999999999,1162.6212742105545
3,32.20730390225653,-6.383862735889226,8.975565004225784,10.879999999999999,1163.0813785520154
3,32.33145191697564,-6.386382990166427,9.298019092159787,10.879999999999999,1163.5432564365435
3,32.45560559597499,-6.38860677775636,9.647417268685446,10.879999999999999,1164.0069079450575
3,32.45560559597499,-6.38860677775636,9.889490763816243,10.879999999999999,1164.4705594535715
3,32.82808150192063,-6.394388702422081,9.719705754117221,10.879999999999999,1164.939532046456
3,33.08030917297218,-6.394388702422081,9.59799882240129,10.879999999999999,1165.4121078917842
3,34.44605416143953,-6.415589092863057,9.324474951150103,10.879999999999999,1165.9041943798047
3,35.31512991443497,-6.431155605992585,8.871078175801195,10.879999999999999,1166.4086962357253
3,36.43240257330897,-6.456505917145768,8.347967666585166,10.879999999999999,1166.9291591296296
3,37.17713773259795,-6.477852482421099,7.682162790774291,10.879999999999999,1167.4602610972381
3,37.6736278387906,-6.4920835259379865,7.0099576265543835,10.879999999999999,1167.9984557806495
3,37.6736278387906,-6.4920835259379865,7.369630898313841,10.879999999999999,1168.5366504640608
3,37.42532614507214,-6.487339484070852,7.79735399462608,10.879999999999999,1169.0712979804189
3,37.17700462611849,-6.483781357985192,8.167942831456447,10.879999999999999,1169.6023980465063
3,36.43197775963122,-6.480223150739459,8.63123884917556,10.879999999999999,1170.122854871644
3,36.1836335826199,-6.481409228839224,8.977280292874447,10.879999999999999,1170.6397639228244
3,36.1836335826199,-6.481409228839224,9.226294004018184,10.879999999999999,1171.1566729740048
3,36.30780000656471,-6.480074910633082,9.351092522762032,10.879999999999999,1171.6753558312414
3,36.680299278399154,-6.476071956014653,9.157460468265468,10.879999999999999,1172.1993601066472
3,36.928628821991666,-6.473106817126728,8.945392224529156,10.879999999999999,1172.7269119469613
3,37.673635862468515,-6.4659904296888255,8.72854131417657,10.879999999999999,1173.2651067449965
3,37.79780724289878,-6.465249131933257,8.431792880204362,10.879999999999999,1173.805075419895
3,39.28787372114582,-6.4688073493240426,7.8084198713119015,10.879999999999999,1174.3663307587685
3,39.660372992980264,-6.472810303942471,7.330629841562837,10.879999999999999,1174.9329075158112
3,39.78453941692508,-6.474144622148614,7.419957691964574,10.879999999999999,1175.50125807891
3,39.78453941692508,-6.474144622148614,7.738199627246094,10.879999999999999,1176.069608642009
3,39.78453941692508,-6.474144622148614,7.976325541568033,10.879999999999999,1176.6379592051078
3,39.66036827251659,-6.473403325802084,8.073176536045153,10.879999999999999,1177.2045358947153
3,39.287848466618534,-6.473848106146281,8.037232514384975,10.879999999999999,1177.7657908728097
3,39.03951349450471,-6.476220228528926,8.080970979903753,10.879999999999999,1178.3234982084455
3,39.03951349450471,-6.476220228528926,8.2036213981572,10.879999999999999,1178.8812055440812
3,38.7911917395492,-6.479778357996188,8.254463973199847,10.879999999999999,1179.435365426075
3,38.54287942523464,-6.483929453808027,8.411055720364358,10.879999999999999,1179.9859779892925
3,38.54287942523464,-6.483929453808027,8.45976402959002,10.879999999999999,1180.53659055251
3,38.54287942523464,-6.483929453808027,8.423986381076991,10.879999999999999,1181.0872031157276
3,38.54287942523464,-6.483929453808027,8.389184366300631,10.879999999999999,1181.6378156789451
3,38.54287942523464,-6.483929453808027,8.295990609052295,10.879999999999999,1182.1884282421627
3,38.41872574623529,-6.48615324139796,8.183410988405585,10.879999999999999,1182.7372671813946
3,38.41872574623529,-6.48615324139796,8.197800241844147,10.879999999999999,1183.2861061206265
3,38.41872574623529,-6.48615324139796,8.121375483035228,10.879999999999999,1183.8349450598585
3,38.41872574623529,-6.48615324139796,7.999568365912915,10.879999999999999,1184.3837839990904
3,38.41872574623529,-6.48615324139796,7.915506903969345,10.879999999999999,1184.9326229383223
3,38.29456711092008,-6.488080549619867,7.829474206978395,10.879999999999999,1185.479688182764
3,38.29456711092008,-6.488080549619867,7.708779645871615,10.879999999999999,1186.0267534272057
3,38.170408475604866,-6.490007857841774,7.600933549750243,10.879999999999999,1186.5720449768571
3,38.170408475604866,-6.490007857841774,7.476305527919005,10.879999999999999,1187.1173365265086
3,37.79794743860682,-6.496679220611572,7.588175830435294,10.879999999999999,1187.6573072042029
3,37.05307846692908,-6.512690103222671,7.80680288082157,10.879999999999999,1188.1866368965875
3,36.432370254395074,-6.526773636188496,8.15859958407205,10.879999999999999,1188.7070993287932
3,35.56342996926631,-6.548565594698343,8.501686387882716,10.879999999999999,1189.2151483283542
3,34.44636546131748,-6.581919238379663,8.994742884986577,10.879999999999999,1189.707239263516
3,33.43745477711127,-6.581919238379663,9.415523956148618,10.879999999999999,1190.1849171889032
3,33.06512755173894,-6.593926253387905,9.945938174378885,10.879999999999999,1190.657276153928
3,31.700036749089612,-6.641211881233444,10.393592637499058,10.879999999999999,1191.1101338217723
3,30.459097025446138,-6.685680510860287,10.816832475859158,10.879999999999999,1191.5452637792787
3,30.086799533814503,-6.698576591181798,11.227153197362348,10.879999999999999,1191.9750752011903
3,30.086799533814503,-6.698576591181798,11.435554689559662,10.879999999999999,1192.404886623102
3,29.962641134496835,-6.700503895740329,11.213859130874324,10.879999999999999,1192.8329243535948
3,30.459320991667113,-6.696945688494597,10.89584849808701,10.879999999999999,1193.2680575106185
3,30.95601217799543,-6.698131766594362,10.346507396714635,10.879999999999999,1193.7102862560184
3,31.204347858154378,-6.700503895740329,9.736922676935095,10.879999999999999,1194.156062653992
3,32.197547081591274,-6.719479918931424,9.044493456500605,10.879999999999999,1194.6160276123005
3,32.07342030715593,-6.716070357582016,8.749920760729236,10.879999999999999,1195.074219330974
3,31.821192636104374,-6.716070357582016,9.108073420185505,10.879999999999999,1195.528807797204
3,31.448837800121428,-6.704952476354909,9.361370700968541,10.879999999999999,1195.9780769086344
3,30.455795284117663,-6.678861733956969,9.688191537348773,10.879999999999999,1196.4131596984075
3,29.959191896680743,-6.669373650222701,10.136779091883067,10.879999999999999,1196.8411481540743
3,29.46254885877343,-6.66225739805138,10.487696657311249,10.879999999999999,1197.2620417091996
3,29.21421931518092,-6.659292259163453,10.74384069193981,10.879999999999999,1197.6793876994166
3,28.220850159864565,-6.654547982835809,10.97986220795011,10.879999999999999,1198.0825427017003
3,28.096677363283494,-6.654992763180006,11.167618233214187,10.879999999999999,1198.48392380689
3,28.469195753026703,-6.653658422147414,11.291768039889119,10.879999999999999,1198.8906266033619
3,28.717542762343694,-6.653658422147414,10.90206732211155,10.879999999999999,1199.3008772142525
3,29.338398484386133,-6.657364903880064,10.45903835254941,10.879999999999999,1199.7199971926009
3,29.95921172255025,-6.665518977699737,10.011890490544461,10.879999999999999,1200.1479859314945
3,30.455789621174265,-6.676192869007397,9.508300127426237,10.879999999999999,1200.5830686403685
3,30.82819330837053,-6.6855322975494795,9.161901753354305,10.879999999999999,1201.0234714019166
3,30.95233495087733,-6.688349004142644,9.573388163441233,10.879999999999999,1201.4656476155005
3,30.70403325715887,-6.68360496227551,9.912383057714308,10.879999999999999,1201.9042766620314
3,30.70403325715887,-6.68360496227551,10.18172857746505,10.879999999999999,1202.3429057085623
3,31.0765219080742,-6.68849741586677,10.0983022181492,10.879999999999999,1202.7868560215347
3,31.449010558989528,-6.693389869458031,9.727048716286225,10.879999999999999,1203.236127600949
3,32.069824977181746,-6.701543958776799,9.318871569873561,10.879999999999999,1203.6942679577658
3,32.56644960581087,-6.7098461504004785,8.827027202500506,10.879999999999999,1204.1595029521345
3,32.938910642808914,-6.716517513170277,8.543277323679327,10.879999999999999,1204.6300588184604
3,33.063069278124125,-6.7184448213921835,8.895213175306786,10.879999999999999,1205.1023883795765
3,32.93890639448568,-6.71681400352843,9.264613263262685,10.879999999999999,1205.572944185212
3,32.81473997054086,-6.715479685322288,9.536854255710354,10.879999999999999,1206.041726184791
3,33.06696764159241,-6.715479685322288,9.69069126129448,10.879999999999999,1206.514111436814
3,33.315303557766676,-6.717851816722699,9.454521124575098,10.879999999999999,1206.990044344782
3,33.81196217293319,-6.7237820888624915,9.131145112916691,10.879999999999999,1207.473072375824
3,34.30858680156232,-6.732084280486171,8.66725049641376,10.879999999999999,1207.9631950444177
3,35.42585946043632,-6.7574345916393534,8.009155322653497,10.879999999999999,1208.4692787509953
3,35.67413566534188,-6.763364441079879,7.46853232044343,10.879999999999999,1208.9789092605001
3,35.67413566534188,-6.763364441079879,7.880699288493735,10.879999999999999,1209.488539770005
3,35.42582311503421,-6.7592133413228845,8.19418773827425,10.879999999999999,1209.9946229573627
3,35.05333517213574,-6.754320897031081,8.51352451325304,10.879999999999999,1210.4953848883931
3,34.680821738910275,-6.752097007991491,8.707482861290936,10.879999999999999,1210.9908251989489
3,34.556648470277594,-6.752245268106224,9.018924871440406,10.879999999999999,1211.484491605667
3,34.556648470277594,-6.752245268106224,9.258300080490592,10.879999999999999,1211.9781580123852
3,34.680819850707856,-6.751503970350656,9.415785863124126,10.879999999999999,1212.4735982959667
3,35.053333991998635,-6.749280077083952,9.19076456309772,10.879999999999999,1212.974360210138
3,35.550026594477764,-6.748093995602478,8.907690942796531,10.879999999999999,1213.4822177329163
3,36.17088939726081,-6.7503178930963195,8.511182607018416,10.879999999999999,1213.9989447243058
3,36.791720336923134,-6.756989471445855,8.085706023237972,10.879999999999999,1214.524540729119
3,36.91588322056158,-6.758620289309608,7.783341789492827,10.879999999999999,1215.0519104894129
3,36.91588322056158,-6.758620289309608,7.950766470464716,10.879999999999999,1215.5792802497067
3,36.91588322056158,-6.758620289309608,8.285621664767183,10.879999999999999,1216.1066500100005
3,36.54338394872714,-6.754617334691179,8.515996239175667,10.879999999999999,1216.6286983521252
3,36.295040479785165,-6.753431259973114,8.66618836453309,10.879999999999999,1217.1471989304077
3,36.170867919228556,-6.753876039471883,8.721590836676855,10.879999999999999,1217.663925614968
3,35.92253223906961,-6.75624816861785,8.904517354148096,10.879999999999999,1218.1771046469548
3,35.92253223906961,-6.75624816861785,9.020285411270834,10.879999999999999,1218.6902836789416
3,36.046698663014425,-6.754913850411707,9.074927341234725,10.879999999999999,1219.2052365169845
3,36.29503929965882,-6.753134741716314,9.02180463574611,10.879999999999999,1219.7237370784082
3,36.29503929965882,-6.753134741716314,8.892239256418163,10.879999999999999,1220.242237639832
3,36.91590564282225,-6.752393441142652,8.641383851268566,10.879999999999999,1220.7696077204437
3,36.79173237418957,-6.7525417012573845,8.349991088091112,10.879999999999999,1221.2952038972178
3,36.79173237418957,-6.7525417012573845,8.582743967669344,10.879999999999999,1221.820800073992
3,36.79173237418957,-6.7525417012573845,8.764315671590754,10.879999999999999,1222.346396250766
3,36.79173237418957,-6.7525417012573845,8.855069549383359,10.879999999999999,1222.8719924275401
3,36.91590375461983,-6.751800403501816,8.863748914413762,10.879999999999999,1223.3993624811776
3,36.91590375461983,-6.751800403501816,8.76209195998138,10.879999999999999,1223.926732534815
3,36.91590375461983,-6.751800403501816,8.72121932467742,10.879999999999999,1224.4541025884525
3,36.91590375461983,-6.751800403501816,8.689063723072945,10.879999999999999,1224.98147264209
3,36.91590375461983,-6.751800403501816,8.603294120019761,10.879999999999999,1225.5088426957275
3,36.91590375461983,-6.751800403501816,8.482300963606551,10.879999999999999,1226.036212749365
3,36.91590375461983,-6.751800403501816,8.50419258020715,10.879999999999999,1226.5635828030024
3,36.91590375461983,-6.751800403501816,8.615956880410243,10.879999999999999,1227.09095285664
3,36.79173237418957,-6.752541701257384,8.634896878524502,10.879999999999999,1227.616549033414
3,36.79173237418957,-6.752541701257384,8.659406026469037,10.879999999999999,1228.1421452101881
3,36.79173237418957,-6.752541701257384,8.619987763449227,10.879999999999999,1228.6677413869622
3,36.79173237418957,-6.752541701257384,8.617830084642094,10.879999999999999,1229.1933375637363
3,36.79173237418957,-6.752541701257384,8.612489838289692,10.879999999999999,1229.7189337405105
3,36.79173237418957,-6.752541701257384,8.60096449202872,10.879999999999999,1230.2445299172846
3,36.79173237418957,-6.752541701257384,8.58017584032099,10.879999999999999,1230.7701260940587
3,36.79173237418957,-6.752541701257384,8.564354606374394,10.879999999999999,1231.2957222708328
3,36.79173237418957,-6.752541701257384,8.53714089361544,10.879999999999999,1231.821318447607
3,36.79173237418957,-6.752541701257384,8.515704118797077,10.879999999999999,1232.346914624381
3,36.79173237418957,-6.752541701257384,8.49119061168529,10.879999999999999,1232.8725108011552
3,36.79173237418957,-6.752541701257384,8.46029080948427,10.879999999999999,1233.3981069779293
3,36.79173237418957,-6.752541701257384,8.425900542153139,10.879999999999999,1233.9237031547034
3,36.79173237418957,-6.752541701257384,8.38949386695342,10.879999999999999,1234.4492993314775
3,36.79173237418957,-6.752541701257384,8.369901221320294,10.879999999999999,1234.9748955082516
3,36.543387961154856,-6.753727780484383,8.386555519382746,10.879999999999999,1235.4969439076967
3,36.419215164573785,-6.7541725608285805,8.374556089219544,10.879999999999999,1236.0172184100477
3,36.419215164573785,-6.7541725608285805,8.392969149413155,10.879999999999999,1236.5374929123986
3,36.29504165991529,-6.75432082122512,8.342595304835491,10.879999999999999,1237.0559935075403
3,36.29504165991529,-6.75432082122512,8.35238710616763,10.879999999999999,1237.574494102682
3,36.1708681552568,-6.7541725608285805,8.294363178271,10.879999999999999,1238.0912207906142
3,36.1708681552568,-6.7541725608285805,8.296292438312209,10.879999999999999,1238.6079474785465
3,35.92252397824547,-6.752986482728815,8.348595572662516,10.879999999999999,1239.1211263925215
3,35.798354722031334,-6.75194867178899,8.33940094048795,10.879999999999999,1239.6325314599792
3,35.67418829808652,-6.750614353582847,8.36727267356598,10.879999999999999,1240.1421627213804
3,35.55002541444807,-6.748983535719093,8.376910892109985,10.879999999999999,1240.650020227301
3,35.17753676353274,-6.744091082127832,8.517542489536185,10.879999999999999,1241.15255646678
3,34.68087767634772,-6.738160804351979,8.779476484337918,10.879999999999999,1241.647997576442
3,34.0600325753657,-6.732971759516087,9.06165711340238,10.879999999999999,1242.134569470376
3,33.1908196949369,-6.7319339387129595,9.55014169852137,10.879999999999999,1242.6087240374466
3,32.44579990918148,-6.737271249581559,10.058044039947587,10.879999999999999,1243.0722354647205
3,31.70083535232051,-6.747945627838541,10.487824753261894,10.879999999999999,1243.5251045411821
3,30.95593027116513,-6.762177753439944,10.890756951769491,10.879999999999999,1243.9673321164846
3,30.335222058631125,-6.776261286405769,11.241572211905149,10.879999999999999,1244.400692431608
3,30.335222058631125,-6.776261286405769,11.565704723093246,10.879999999999999,1244.8340527467312
3,30.459363701137924,-6.773444579812605,11.455699991181211,10.879999999999999,1245.2691865138904
3,30.955967088574845,-6.763956496078336,11.123768722393985,10.879999999999999,1245.7114146151557
3,31.576795668117708,-6.75728494309114,10.777593198493152,10.879999999999999,1246.1625116961288
3,32.44600524419085,-6.758322759948935,10.175046365600004,10.879999999999999,1246.62602605676
3,33.31514047354759,-6.769738419899119,9.541999464819574,10.879999999999999,1247.1019566349537
3,34.0599669646376,-6.787527917499823,8.843036058504563,10.879999999999999,1247.5885275915914
3,34.31219463568915,-6.787527917499823,8.183590677871099,10.879999999999999,1248.0787018006727
3,34.4363214101245,-6.790937478849231,8.666425751586818,10.879999999999999,1248.5706492493887
3,33.81564859813072,-6.775371764612426,9.062564795588354,10.879999999999999,1249.0537299436478
3,33.44320526190546,-6.767811016152127,9.358558331198648,10.879999999999999,1249.531490018818
3,33.07071731900699,-6.7629185718603235,9.707161034128696,10.879999999999999,1250.0039288376609
3,32.9465461745985,-6.762177275513793,10.008647339306666,10.879999999999999,1250.4745937830123
3,32.698199165281515,-6.762177275513793,10.259429714227137,10.879999999999999,1250.941710913945
3,32.94727399044493,-6.762177275513793,10.464562290469933,10.879999999999999,1251.4123862566655
3,33.31979238018814,-6.7608429344812,10.270031423276613,10.879999999999999,1251.8883832906681
3,33.94065636309349,-6.758619032760213,10.075105408479798,10.879999999999999,1252.3732498101408
3,34.68569739104446,-6.758619032760213,9.844299565201057,10.879999999999999,1252.86875977287
3,35.55489540190387,-6.763808107185923,9.32108064755706,10.879999999999999,1253.37668685004
3,36.79644753377676,-6.784563428439427,8.778204602582347,10.879999999999999,1253.9023503862368
3,37.54123154427906,-6.804131541029735,8.102785917297897,10.879999999999999,1254.4386536940121
3,37.789492881113155,-6.8106542452265035,7.697052037596447,10.879999999999999,1254.9785035923137
3,37.913634523619955,-6.813470951819669,8.151930128273944,10.879999999999999,1255.5201269426511
3,37.789476596296566,-6.811543654587881,8.531819204782016,10.879999999999999,1256.0599766083126
3,37.54113595965217,-6.809764545892488,8.779129942752864,10.879999999999999,1256.5962785505933
3,37.41696269101949,-6.809616285777755,8.921139415310034,10.879999999999999,1257.1308065890364
3,38.03782903418293,-6.810357586351418,8.984569577849804,10.879999999999999,1257.6742041466675
3,38.410343175473706,-6.812581479618122,8.612110076170392,10.879999999999999,1258.2229233348885
3,38.78285094411611,-6.815694912437596,8.081795067111301,10.879999999999999,1258.7769640626616
3,39.527838866865885,-6.824590320647285,7.696612326094565,10.879999999999999,1259.3416474750454
3,39.527838866865885,-6.824590320647285,7.579750434561518,10.879999999999999,1259.9063308874292
3,39.65200812308002,-6.82562813158711,7.839343864963078,10.879999999999999,1260.4727881463305
3,39.279490441410196,-6.8242937930908045,8.10557757358233,10.879999999999999,1261.0339237240648
3,39.15531788085359,-6.824738572589573,8.319708620722258,10.879999999999999,1261.593285408077
3,38.90698220069464,-6.82711070173554,8.519714326012611,10.879999999999999,1262.1490994395156
3,38.90698220069464,-6.82711070173554,8.597936042852051,10.879999999999999,1262.7049134709541
3,38.90698220069464,-6.82711070173554,8.566772734892128,10.879999999999999,1263.2607275023927
3,39.279481472529085,-6.8231077471171115,8.42562135523189,10.879999999999999,1263.8218629520002
3,39.15531504858427,-6.824442065323254,8.237904784779998,10.879999999999999,1264.3812245955514
3,39.27947793222272,-6.8228112474595,8.057614616626163,10.879999999999999,1264.9423599945833
3,39.27947793222272,-6.8228112474595,8.160190239717554,10.879999999999999,1265.5034953936151
3,39.27947793222272,-6.8228112474595,8.24753891288935,10.879999999999999,1266.064630792647
3,39.15531504858427,-6.824442065323254,8.235546297177837,10.879999999999999,1266.6239924361983
3,39.15531504858427,-6.824442065323254,8.183286433270947,10.879999999999999,1267.1833540797495
3,39.15531504858427,-6.824442065323254,8.07029704813378,10.879999999999999,1267.7427157233008
3,39.03114862463946,-6.825776383529396,8.016027631942363,10.879999999999999,1268.3003035607956
3,39.03114862463946,-6.825776383529396,8.016397540769942,10.879999999999999,1268.8578913982903
3,38.90697936842532,-6.826814194469221,7.873510930005493,10.879999999999999,1269.4137053892678
3,38.90697936842532,-6.826814194469221,7.827043991987837,10.879999999999999,1269.9695193802452
3,38.78280798799506,-6.827555492224789,7.7461146781604,10.879999999999999,1270.5235594943595
3,38.658636607564794,-6.828296789980357,7.694002742376335,10.879999999999999,1271.0758257316104
3,38.53446522713453,-6.829038087735924,7.661047732448788,10.879999999999999,1271.626318091998
3,38.28611892589497,-6.829631128476661,7.611281832972304,10.879999999999999,1272.1732626480823
3,38.161945421236474,-6.829482868080122,7.614959396778154,10.879999999999999,1272.718433296957
3,37.66525234670654,-6.828296785471409,7.787972276843672,10.879999999999999,1273.2565083304814
3,36.796037814097076,-6.827258962695631,7.980529852596936,10.879999999999999,1273.78216601354
3,36.17517501131403,-6.829482860189473,8.386151990780368,10.879999999999999,1274.2989542279875
3,35.305990217815086,-6.836747536768247,8.77666143268715,10.879999999999999,1274.8033255168134
3,34.31267298748206,-6.848608081047832,9.166122908428958,10.879999999999999,1275.2935065594918
3,33.19529200038104,-6.868622131314956,9.701136481672519,10.879999999999999,1275.76772501664
3,32.20218718075881,-6.8923415290770595,10.167509572537407,10.879999999999999,1276.2277562620795
3,31.581553308582087,-6.909389335824101,10.57420832130542,10.879999999999999,1276.678921309345
3,30.09218918587154,-6.9556391282947985,11.064853942692473,10.879999999999999,1277.108809726286
3,29.719861960499212,-6.967646143303041,11.510322763357335,10.879999999999999,1277.5333791828646
3,29.968122589500155,-6.961123457703556,11.768139780450113,10.879999999999999,1277.9614952198574
3,29.968122589500155,-6.961123457703556,11.476301301999271,10.879999999999999,1278.3896112568502
3,30.837228080763857,-6.947632377081043,11.007496869294387,10.879999999999999,1278.8301430865754
3,31.333915018647815,-6.945260227644914,10.287583004259568,10.879999999999999,1279.2777704439845
3,31.954777821430852,-6.947484125138756,9.450946426529363,10.879999999999999,1279.734267270005
3,32.07894707764499,-6.94852193607858,8.651426897189475,10.879999999999999,1280.1925379425427
3,32.07894707764499,-6.94852193607858,9.0263421840602,10.879999999999999,1280.6508086150805
3,31.582275245296472,-6.943777673277759,9.37628634585718,10.879999999999999,1281.1019839757275
3,30.837267496773695,-6.936661279076525,9.550918211951227,10.879999999999999,1281.5425163685386
3,30.34058622348491,-6.93310306168574,9.972066033795103,10.879999999999999,1281.9759533145884
3,29.9680678337417,-6.931768720653148,10.322066143106852,10.879999999999999,1282.4040685693562
3,29.347200310449225,-6.931027418670449,10.555884746757435,10.879999999999999,1282.823314288077
3,29.098856841507246,-6.932213493388514,10.703956855789825,10.879999999999999,1283.2390122429556
3,28.97469041756243,-6.933547811594657,10.783828932660384,10.879999999999999,1283.652936391778
3,29.47137027473271,-6.929989604348925,10.724761246128303,10.879999999999999,1284.0739559671313
3,29.843890788708194,-6.929544823159306,10.237332899925528,10.879999999999999,1284.5002972641128
3,30.216408470378017,-6.930879161655611,9.701542461340724,10.879999999999999,1284.931960242261
3,30.837239410040336,-6.937550740005146,9.322996457479768,10.879999999999999,1285.372492233833
3,31.209728060955666,-6.942443193596406,9.125076903743533,10.879999999999999,1285.8183454918467
3,31.08556163701085,-6.941108875390263,9.405649048103474,10.879999999999999,1286.262424943804
3,31.08556163701085,-6.941108875390263,9.638634834870972,10.879999999999999,1286.7065043957614
3,31.08556163701085,-6.941108875390263,9.782807780947214,10.879999999999999,1287.1505838477187
3,31.08556163701085,-6.941108875390263,9.768840167858073,10.879999999999999,1287.594663299676
3,31.333906050045563,-6.942294954617263,9.702706411333775,10.879999999999999,1288.0422905289624
3,31.70642019133634,-6.944518847883966,9.52228146094676,10.879999999999999,1288.4952393888386
3,32.07891875513373,-6.948521794893687,9.100218002444443,10.879999999999999,1288.953509656769
3,32.07891875513373,-6.948521794893687,8.725981192970835,10.879999999999999,1289.4117799246994
3,32.07891875513373,-6.948521794893687,9.065408645323966,10.879999999999999,1289.8700501926298
3,32.07891875513373,-6.948521794893687,9.341759056102834,10.879999999999999,1290.3283204605602
3,32.07891875513373,-6.948521794893687,9.490421518598286,10.879999999999999,1290.7865907284906
3,32.07891875513373,-6.948521794893687,9.4928703257085,10.879999999999999,1291.244860996421
3,32.07891875513373,-6.948521794893687,9.489253903152198,10.879999999999999,1291.7031312643514
3,32.203088011347866,-6.949559605833512,9.518743022765914,10.879999999999999,1292.1631753787992
3,32.32725939177812,-6.9503009035890795,9.459665975486255,10.879999999999999,1292.6249933701104
3,32.575603804812836,-6.951486982816079,9.313191363422058,10.879999999999999,1293.0903591387505
3,32.94811794610361,-6.953710876082782,9.085935265956085,10.879999999999999,1293.5610465379805
3,33.07228932653387,-6.95445217383835,8.788997608977452,10.879999999999999,1294.0335078140738
3,33.19646212311494,-6.954896954182548,8.578842061947842,10.879999999999999,1294.507742987261
3,33.320635627773434,-6.955045214579087,8.729184500164967,10.879999999999999,1294.9837520676579
3,33.320635627773434,-6.955045214579087,8.971366556656552,10.879999999999999,1295.4597611480547
3,33.44480913243193,-6.954896954182548,9.114911126887426,10.879999999999999,1295.9375441356608
3,33.44480913243193,-6.954896954182548,9.150590476937664,10.879999999999999,1296.415327123267
3,33.56898263709042,-6.954748693786009,9.077101760714918,10.879999999999999,1296.8948840180826
3,33.693156141748915,-6.954896954182548,8.927938108938088,10.879999999999999,1297.3762148201076
3,33.81732964640741,-6.955045214579087,8.832928640095966,10.879999999999999,1297.859319529342
3,33.81732964640741,-6.955045214579087,8.828529387036868,10.879999999999999,1298.3424242385763
3,33.94150102683767,-6.95430391682352,8.984311059613761,10.879999999999999,1298.827302824674
3,33.94150102683767,-6.95430391682352,9.04274491703357,10.879999999999999,1299.3121814107717
3,33.94150102683767,-6.95430391682352,9.00521032299193,10.879999999999999,1299.7970599968694
3,34.189845203848996,-6.953117838723754,8.871597347093024,10.879999999999999,1300.2854863569244
3,34.562365717824484,-6.952673057534135,8.840935140722078,10.879999999999999,1300.7792344386075
3,34.562365717824484,-6.952673057534135,8.695380951123147,10.879999999999999,1301.2729825202907
3,34.562365717824484,-6.952673057534135,8.469859155029786,10.879999999999999,1301.766730601974
3,34.562365717824484,-6.952673057534135,8.524786129479947,10.879999999999999,1302.260478683657
3,34.562365717824484,-6.952673057534135,8.677929196735569,10.879999999999999,1302.7542267653403
3,34.562365717824484,-6.952673057534135,8.70127934826816,10.879999999999999,1303.2479748470234
3,34.562365717824484,-6.952673057534135,8.63543702292667,10.879999999999999,1303.7417229287066
3,34.562365717824484,-6.952673057534135,8.589362936777917,10.879999999999999,1304.2354710103898
3,34.562365717824484,-6.952673057534135,8.510000698335233,10.879999999999999,1304.729219092073
3,34.562365717824484,-6.952673057534135,8.346296162158314,10.879999999999999,1305.2229671737562
3,34.562365717824484,-6.952673057534135,8.263595327885197,10.879999999999999,1305.7167152554393
3,34.43819221316599,-6.952524797137595,8.326206789646042,10.879999999999999,1306.2086894299132
3,34.43819221316599,-6.952524797137595,8.295597313496094,10.879999999999999,1306.700663604387
3,34.18984567590102,-6.951931755833239,8.279047892624826,10.879999999999999,1307.1890899711857
3,33.94149866658403,-6.951931755833239,8.326571996644825,10.879999999999999,1307.6739685235655
3,33.444805592054095,-6.953117838441951,8.577877819206936,10.879999999999999,1308.1517514605948
3,33.07228720231088,-6.954452179474544,8.738425228242864,10.879999999999999,1308.6242127063422
3,32.6997730610201,-6.956676072741248,8.979218659247994,10.879999999999999,1309.0913523214997
3,31.954766020543257,-6.963792460179151,9.206245133431024,10.879999999999999,1309.547848978936
3,31.458122982635945,-6.9709087123504725,9.401978661421694,10.879999999999999,1309.9972507358307
3,31.209810432328283,-6.9750598121074665,9.656904594932307,10.879999999999999,1310.4431051705783
3,30.464905351172902,-6.989291937708869,9.78091336713274,10.879999999999999,1310.8783181041665
3,30.09246130701557,-6.996852700540474,9.81258968154051,10.879999999999999,1311.3082104085524
3,29.844171649789654,-7.00218966141084,9.960060633434706,10.879999999999999,1311.734555717835
3,29.471746722269252,-7.010639781190335,10.073036719081113,10.879999999999999,1312.1555806710103
3,29.471746722269252,-7.010639781190335,10.177850350113369,10.879999999999999,1312.5766056241855
3,29.223445028550792,-7.015383823057469,10.183071590158164,10.879999999999999,1312.9940834103077
3,29.471773628107094,-7.012418695441655,10.1524152087581,10.879999999999999,1313.415108747852
3,29.844291309776917,-7.01108435694535,10.007628760597179,10.879999999999999,1313.841455766563
3,29.96846481443541,-7.010936096548811,9.56631039774024,10.879999999999999,1314.2695766924835
3,29.96846481443541,-7.010936096548811,9.240717353055567,10.879999999999999,1314.697697618404
3,29.720118277170442,-7.011529137853167,9.501169287401254,10.879999999999999,1315.1222707366492
3,29.59594548058937,-7.011973918197365,9.813740104003541,10.879999999999999,1315.5450699578005
3,29.34760106755466,-7.013159997424364,10.051478676343146,10.879999999999999,1315.9643214016228
3,28.850919794265874,-7.01671821481515,10.237499092533074,10.879999999999999,1316.3764773986836
3,29.099260430910267,-7.014939106119757,10.356021672504658,10.879999999999999,1316.7921811191252
3,29.34760484394498,-7.013753026892757,10.065480819888318,10.879999999999999,1317.2114326168958
3,29.844297446424108,-7.013753026892757,9.700153423390312,10.879999999999999,1317.6377797232733
3,30.340978719712894,-7.017311244283542,9.343611744073216,10.879999999999999,1318.071222276412
3,30.340978719712894,-7.017311244283542,9.031607040943564,10.879999999999999,1318.5046648295508
3,30.465147975927028,-7.018349055223367,9.279870888609372,10.879999999999999,1318.939881229207
3,30.216807103262614,-7.016569944837131,9.57107932365492,10.879999999999999,1319.3715499021107
3,30.216807103262614,-7.016569944837131,9.741210508389422,10.879999999999999,1319.8032185750144
3,30.340979899843685,-7.017014725181328,9.639515149412727,10.879999999999999,1320.2366611450122
3,30.465152696424756,-7.017459505525526,9.49097340139466,10.879999999999999,1320.671877612104
3,30.58932620108325,-7.017607765922065,9.267928625158515,10.879999999999999,1321.1088679864051
3,30.58932620108325,-7.017607765922065,9.188827423120568,10.879999999999999,1321.5458583607062
3,30.58932620108325,-7.017607765922065,9.423959538276208,10.879999999999999,1321.9828487350073
3,30.58932620108325,-7.017607765922065,9.692569708037894,10.879999999999999,1322.4198391093084
3,30.58932620108325,-7.017607765922065,9.852378234632104,10.879999999999999,1322.8568294836095
3,30.837672502322814,-7.0182008066628025,9.723974702414555,10.879999999999999,1323.2973676622141
3,31.21018664361359,-7.020424699929506,9.480086968281134,10.879999999999999,1323.7432274714085
3,31.955172442282496,-7.029320082776947,9.110754431834488,10.879999999999999,1324.1997299348698
3,32.32764834822814,-7.035102007442668,8.65056858962291,10.879999999999999,1324.6615534827015
3,32.32764834822814,-7.035102007442668,8.533770096756722,10.879999999999999,1325.1233770305332
3,32.32764834822814,-7.035102007442668,8.91039808584809,10.879999999999999,1325.585200578365
3,31.955149784430745,-7.031099060432947,9.15595416710649,10.879999999999999,1326.0417027181425
3,31.955149784430745,-7.031099060432947,9.282582104020063,10.879999999999999,1326.49820485792
3,31.706804191266585,-7.030506021383064,9.455834115602885,10.879999999999999,1326.9511592035094
3,31.706804191266585,-7.030506021383064,9.621708430609083,10.879999999999999,1327.4041135490988
3,32.07932399716464,-7.030950801727261,9.590369227863725,10.879999999999999,1327.862389606201
3,32.451838138455415,-7.033174694993965,9.131514844173962,10.879999999999999,1328.3259872938934
3,33.072669078117734,-7.0398462733435005,8.619014536660401,10.879999999999999,1328.7984539950094
3,33.32099838570099,-7.042811409413397,8.225351618008112,10.879999999999999,1329.2744682576622
3,33.196831961756175,-7.041477091207254,8.521945298185603,10.879999999999999,1329.7487087142588
3,33.07266553781136,-7.0401427730011115,8.910311296252846,10.879999999999999,1330.221175364799
3,32.82432490116697,-7.038363664305718,9.183403187138648,10.879999999999999,1330.6900942919585
3,32.70015163253428,-7.038215404190986,9.329857541640093,10.879999999999999,1331.1572393152805
3,32.82432442911535,-7.037770623846788,9.36023596641026,10.879999999999999,1331.6261582356965
3,33.07024640839062,-7.037770623846788,9.096583647732224,10.879999999999999,1332.098590327245
3,33.31859082142533,-7.036584544619788,8.640108460670993,10.879999999999999,1332.5745701961223
3,33.442762201855594,-7.03584324686422,8.086339697666745,10.879999999999999,1333.052323941863
3,33.442762201855594,-7.03584324686422,8.38025809560871,10.879999999999999,1333.5300776876038
3,33.07025443321319,-7.038956679683694,8.70213072642409,10.879999999999999,1334.0025098937926
3,32.56579909111008,-7.038956679683694,8.944847574903285,10.879999999999999,1334.4677355950942
3,32.317469783526825,-7.04192181575359,9.07479271079547,10.879999999999999,1334.9294137348588
3,32.06914047594357,-7.044886951823487,9.172565892632978,10.879999999999999,1335.3875443130867
3,32.06914047594357,-7.044886951823487,9.362724137538853,10.879999999999999,1335.8456748913145
3,32.06914047594357,-7.044886951823487,9.419771686580384,10.879999999999999,1336.3038054695423
3,32.441653909169034,-7.042663062783896,9.362561788161802,10.879999999999999,1336.7672576682448
3,32.69000091848602,-7.042663062783896,8.926373187617205,10.879999999999999,1337.234257681366
3,33.31085664052846,-7.046369544516547,8.365196414951706,10.879999999999999,1337.710127061945
3,33.31085664052846,-7.046369544516547,7.923796253299889,10.879999999999999,1338.1859964425241
3,33.18669021658365,-7.045035226310404,8.2474227871144,10.879999999999999,1338.6600920170467
3,32.68223487448054,-7.045035226310404,8.51855648950328,10.879999999999999,1339.1269810866822
3,32.06138977349853,-7.039846181474512,8.766025514672716,10.879999999999999,1339.5850009405895
3,31.564697171019404,-7.038660099993037,9.045881318186153,10.879999999999999,1340.0359251858897
3,31.068004568540275,-7.039846181474512,9.250127417890592,10.879999999999999,1340.4797538225832
3,30.943833188110016,-7.04058747923008,9.489208485755993,10.879999999999999,1340.9218085824134
3,30.19882614763317,-7.047703866667983,9.692462409832336,10.879999999999999,1341.3532203845225
3,29.82633749671784,-7.052596320259243,9.860737103120668,10.879999999999999,1341.7793109201898
3,29.70217886140263,-7.05452362848115,9.973755316911125,10.879999999999999,1342.203627761067
3,29.950500380356285,-7.05096550239549,10.014494158689583,10.879999999999999,1342.631492052215
3,30.323007440945492,-7.047852075493955,9.862471006789251,10.879999999999999,1343.0646778727998
3,30.69552724684355,-7.047407295149757,9.394057910247533,10.879999999999999,1343.5031854048975
3,31.192215600866206,-7.049779451349288,8.939772861844881,10.879999999999999,1343.94878848491
3,31.31638485708034,-7.0508172622891125,8.594731350608681,10.879999999999999,1344.3961654114396
3,31.06804894090608,-7.048445130888702,8.946071779965663,10.879999999999999,1344.8399946820239
3,30.943882516961267,-7.0471108126825595,9.23542986314174,10.879999999999999,1345.282050146552
3,30.695552973368756,-7.044145673794633,9.44159306459693,10.879999999999999,1345.7205580461714
3,30.81971939731357,-7.045479992000775,9.441023259028409,10.879999999999999,1346.1608397518473
3,30.81971939731357,-7.045479992000775,9.251279440959722,10.879999999999999,1346.6011214575233
3,30.943888653527704,-7.0465178029406,9.080199791210003,10.879999999999999,1347.0431770097166
3,30.943888653527704,-7.0465178029406,8.822011942220414,10.879999999999999,1347.48523256191
3,30.943888653527704,-7.0465178029406,8.859485019810487,10.879999999999999,1347.9272881141032
3,30.943888653527704,-7.0465178029406,8.994287782406818,10.879999999999999,1348.3693436662966
3,30.81971939731357,-7.045479992000775,9.017548150326414,10.879999999999999,1348.8096253719725
3,30.81971939731357,-7.045479992000775,9.115145383535568,10.879999999999999,1349.2499070776485
3,30.695552973368756,-7.044145673794633,9.113573733982667,10.879999999999999,1349.688414977268
3,30.695552973368756,-7.044145673794633,9.1261019148132,10.879999999999999,1350.1269228768874
3,30.695552973368756,-7.044145673794633,9.06537860050109,10.879999999999999,1350.565430776507
3,30.695552973368756,-7.044145673794633,9.111195668843585,10.879999999999999,1351.0039386761264
3,30.695552973368756,-7.044145673794633,9.136249366786226,10.879999999999999,1351.4424465757459
3,30.695552973368756,-7.044145673794633,9.183557655080445,10.879999999999999,1351.8809544753653
3,30.695552973368756,-7.044145673794633,9.180149672537226,10.879999999999999,1352.3194623749848
3,30.695552973368756,-7.044145673794633,9.181236039467878,10.879999999999999,1352.7579702746043
3,30.695552973368756,-7.044145673794633,9.172345696612338,10.879999999999999,1353.1964781742238
3,30.695552973368756,-7.044145673794633,9.221348158980414,10.879999999999999,1353.6349860738433
3,30.695552973368756,-7.044145673794633,9.259246897174634,10.879999999999999,1354.0734939734627
3,30.695552973368756,-7.044145673794633,9.279846998332193,10.879999999999999,1354.5120018730822
3,30.695552973368756,-7.044145673794633,9.281050747596764,10.879999999999999,1354.9505097727017
3,30.695552973368756,-7.044145673794633,9.321220526448348,10.879999999999999,1355.3890176723212
3,30.695552973368756,-7.044145673794633,9.355242314624254,10.879999999999999,1355.8275255719407
3,30.695552973368756,-7.044145673794633,9.33625213983225,10.879999999999999,1356.2660334715601
3,30.81971939731357,-7.045479992000775,9.360325428311942,10.879999999999999,1356.706315177236
3,30.81971939731357,-7.045479992000775,9.357326172899265,10.879999999999999,1357.146596882912
3,30.943888653527704,-7.0465178029406,9.33496149561139,10.879999999999999,1357.5886524351054
3,30.943888653527704,-7.0465178029406,9.312966946016543,10.879999999999999,1358.0307079872987
3,30.943888653527704,-7.0465178029406,9.411811502030782,10.879999999999999,1358.472763539492
3,30.943888653527704,-7.0465178029406,9.440020417009839,10.879999999999999,1358.9148190916853
3,31.068060033957963,-7.047259100696168,9.449908459917266,10.879999999999999,1359.3586485207418
3,31.068060033957963,-7.047259100696168,9.464089304019582,10.879999999999999,1359.8024779497982
3,31.192232830539034,-7.047703881040366,9.423723931676133,10.879999999999999,1360.2480812759488
3,31.316406335197527,-7.0478521414369055,9.435266611072175,10.879999999999999,1360.6954585093088
3,31.316406335197527,-7.0478521414369055,9.522609044408828,10.879999999999999,1361.1428357426687
3,31.316406335197527,-7.0478521414369055,9.530113160747456,10.879999999999999,1361.5902129760286
3,31.316406335197527,-7.0478521414369055,9.59486435739198,10.879999999999999,1362.0375902093886
3,31.44057983985602,-7.047703881040366,9.669259520224085,10.879999999999999,1362.486741349958
3,31.564753344514514,-7.047555620643827,9.689938037570757,10.879999999999999,1362.9376663977368
3,31.937271026184337,-7.048889959140132,9.666215416812495,10.879999999999999,1363.3939131266823
3,32.55810196584666,-7.055561537489667,9.463603104776814,10.879999999999999,1363.8590288690516
3,32.9305778717923,-7.061343462155388,9.192702172480146,10.879999999999999,1364.3294656957914
3,32.9305778717923,-7.061343462155388,8.960207036269559,10.879999999999999,1364.7999025225313
3,32.9305778717923,-7.061343462155388,9.263365785260886,10.879999999999999,1365.2703393492711
3,33.17891355195125,-7.063715591301355,9.478719036465977,10.879999999999999,1365.7443238285848
3,33.42725442461566,-7.065494701687591,9.58525130746092,10.879999999999999,1366.2218560346507
3,33.67559860162699,-7.066680779787356,9.33560915789504,10.879999999999999,1366.702936014674
3,34.172291676156924,-7.06786686239607,8.999753631513888,10.879999999999999,1367.1911116100475
3,34.79315565906227,-7.070090764117057,8.5214800461902,10.879999999999999,1367.6881566908912
3,34.79315565906227,-7.070090764117057,7.941491990397334,10.879999999999999,1368.185201771735
3,34.79315565906227,-7.070090764117057,8.316255929125061,10.879999999999999,1368.6822468525786
3,34.66898215440378,-7.070239024513597,8.603236821569531,10.879999999999999,1369.177518026213
3,34.17229380038112,-7.072611180713128,8.784893982695426,10.879999999999999,1369.6656936519328
3,34.04812761244866,-7.073945496383035,8.862909971338148,10.879999999999999,1370.1520954749678
3,33.92396897713345,-7.075872804604942,8.91301279272527,10.879999999999999,1370.6367236032127
3,33.7998152981341,-7.078096592194875,9.003043286957546,10.879999999999999,1371.1195781074716
3,33.92396331285321,-7.075576337917673,9.11021634349243,10.879999999999999,1371.604206154798
3,34.04811132757232,-7.073056083640472,9.146703299426878,10.879999999999999,1372.0906077451918
3,34.42058652552533,-7.067274169964879,9.116965899409472,10.879999999999999,1372.5823304098421
3,34.668922205684275,-7.064902040818911,8.797563858550781,10.879999999999999,1373.0776007270663
3,35.28978500846732,-7.062678143325069,8.564417118791647,10.879999999999999,1373.5817405129014
3,35.28978500846732,-7.062678143325069,8.249073967432956,10.879999999999999,1374.0858802987366
3,35.28978500846732,-7.062678143325069,8.324506947272292,10.879999999999999,1374.5900200845717
3,35.165611503808826,-7.06252988292853,8.568261969259256,10.879999999999999,1375.0923859631976
3,34.91726449449184,-7.06252988292853,8.789903991995551,10.879999999999999,1375.5912040274045
3,34.544751061266375,-7.06475377196812,8.89093707298261,10.879999999999999,1376.0847004711368
3,34.42058463732156,-7.066088090174263,8.93491859095181,10.879999999999999,1376.5764231088128
3,34.42058463732156,-7.066088090174263,9.123229883724765,10.879999999999999,1377.0681457464889
3,34.42058463732156,-7.066088090174263,9.208935628264717,10.879999999999999,1377.559868384165
3,34.66890615627521,-7.062529964088602,9.051240460588502,10.879999999999999,1378.0551384721118
3,35.041405428109655,-7.058527009470174,8.698018579351357,10.879999999999999,1378.5557299782276
3,35.53809236599361,-7.056154860034043,8.367266696589517,10.879999999999999,1379.0634170120275
3,35.53809236599361,-7.056154860034043,8.058828014776626,10.879999999999999,1379.5711040458273
3,35.41391886133512,-7.056006599637504,8.317927795064637,10.879999999999999,1380.0770171724178
3,35.41391886133512,-7.056006599637504,8.5167320260445,10.879999999999999,1380.5829302990082
3,35.16557232407015,-7.055413558333147,8.559340413575445,10.879999999999999,1381.0852956179235
3,35.16557232407015,-7.055413558333147,8.556303955120233,10.879999999999999,1381.5876609368388
3,35.16557232407015,-7.055413558333147,8.47563511157301,10.879999999999999,1382.090026255754
3,35.16557232407015,-7.055413558333147,8.278480787294427,10.879999999999999,1382.5923915746694
3,35.16557232407015,-7.055413558333147,8.108693621055084,10.879999999999999,1383.0947568935846
3,35.16557232407015,-7.055413558333147,7.868054869403048,10.879999999999999,1383.5971222125
3,35.16557232407015,-7.055413558333147,7.734929727040466,10.879999999999999,1384.0994875314152
3,35.16557232407015,-7.055413558333147,7.694837773352303,10.879999999999999,1384.6018528503305
3,34.79305181009466,-7.054968777143528,7.691433451071581,10.879999999999999,1385.0988964476176
3,34.42053129611917,-7.055413558333147,7.9775253060833045,10.879999999999999,1385.5906183232764
3,33.79967557407673,-7.059120040065798,8.258936934581481,10.879999999999999,1386.0734708314776
3,32.8063583437437,-7.070980584345383,8.726662077910941,10.879999999999999,1386.542133093531
3,31.937284242665136,-7.086547067886479,9.163159628022242,10.879999999999999,1386.9983800112834
3,30.944179423042915,-7.110266465648583,9.720451027105172,10.879999999999999,1387.4404397173269
3,29.827117038381605,-7.143620045932156,10.20626605449011,10.879999999999999,1387.8665413893036
3,29.57890856348609,-7.151921085597943,10.627273282607712,10.879999999999999,1388.289097225925
3,28.58615772807003,-7.187495955489496,10.993879719101152,10.879999999999999,1388.6974709077545
3,28.462058800077322,-7.191794640759152,11.273075875796048,10.879999999999999,1389.1040717477556
3,28.337940521416343,-7.195500601168188,11.068787170972119,10.879999999999999,1389.5088994694902
3,28.586201858250444,-7.188977896971419,10.832524246576456,10.879999999999999,1389.917273781751
3,29.331104815561154,-7.17474581194811,10.558468900812478,10.879999999999999,1390.3362895648304
3,29.827774759788806,-7.170001567182822,10.078969383920741,10.879999999999999,1390.7624006328274
3,30.324467362267935,-7.170001567182822,9.498052546886056,10.879999999999999,1391.1956073094311
3,30.448640158849006,-7.170446347527019,9.169027150828596,10.879999999999999,1391.630587883129
3,30.324467362267935,-7.170001567182821,9.60381126196536,10.879999999999999,1392.0637945597327
3,30.200294565686864,-7.169556786838623,9.931065412142628,10.879999999999999,1392.4952273392425
3,30.07612106102837,-7.1694085264420835,10.154455376585043,10.879999999999999,1392.924886211543
3,29.827774759788806,-7.170001567182821,10.254130373910323,10.879999999999999,1393.35099727954
3,30.076119172823518,-7.168815487955821,10.098750246977014,10.879999999999999,1393.780656124866
3,30.200290553253776,-7.168074190200253,9.828200783924187,10.879999999999999,1394.2120888470554
3,30.69697890727643,-7.165702034000722,9.631776387350738,10.879999999999999,1394.6506171171593
3,30.9453254445414,-7.165108992696366,9.392341528264394,10.879999999999999,1395.0926931949384
3,31.06949824112247,-7.164664212352168,9.083255040001324,10.879999999999999,1395.5365431698117
3,31.06949824112247,-7.164664212352168,9.394826307840608,10.879999999999999,1395.980393144685
3,30.945326860692212,-7.165405510107735,9.7155743167773,10.879999999999999,1396.422469242695
3,31.06949824112247,-7.164664212352168,9.95573770186764,10.879999999999999,1396.8663192175682
3,31.06949824112247,-7.164664212352168,9.898859798437371,10.879999999999999,1397.3101691924414
3,31.317842654157182,-7.163478133125168,9.659865741776049,10.879999999999999,1397.7575669446437
3,31.81453525663631,-7.162292051643694,9.542394069174698,10.879999999999999,1398.2120603054527
3,32.559551502103524,-7.1676293371497195,9.233541248320934,10.879999999999999,1398.6771967554828
3,33.056176130732645,-7.175931528773399,8.90798783783839,10.879999999999999,1399.1494278430646
3,33.056176130732645,-7.175931528773399,8.67549262381438,10.879999999999999,1399.6216589306464
3,33.180329809731994,-7.178155316363331,9.155032820051268,10.879999999999999,1400.095663642214
3,32.93200829077834,-7.174597190277671,9.545405950456432,10.879999999999999,1400.5661209035109
3,33.056174714723156,-7.175931508483814,9.858214704658769,10.879999999999999,1401.0383519708641
3,33.30451063089742,-7.178303639884224,9.693348762577806,10.879999999999999,1401.5141306941628
3,33.55284654707168,-7.180675771284635,9.34658885276264,10.879999999999999,1401.9934570734067
3,34.79449308498797,-7.195501451634117,8.957109978565155,10.879999999999999,1402.490521260335
3,35.53943002793166,-7.207954739069636,8.276648598779008,10.879999999999999,1402.9982274035913
3,36.03600934238349,-7.218628660810369,7.884225385870682,10.879999999999999,1403.5130275370539
3,36.16015098489029,-7.221445367403534,7.850739284318369,10.879999999999999,1404.0296011225523
3,36.16015098489029,-7.221445367403534,8.280715013816483,10.879999999999999,1404.5461747080508
3,36.035988337257464,-7.2198145526396,8.567654109596875,10.879999999999999,1405.0609745414401
3,35.78764770061307,-7.218035443944208,8.7492872107686,10.879999999999999,1405.572226651449
3,35.66347443198039,-7.217887183829475,8.857330957041004,10.879999999999999,1406.0817048576203
3,35.91182144129738,-7.217887183829475,8.901976682015865,10.879999999999999,1406.5947308782102
3,36.408509795320036,-7.220259340029006,8.80811253280098,10.879999999999999,1407.1148524467146
3,36.781023936610815,-7.22248323329571,8.360640047404559,10.879999999999999,1407.6402956458091
3,37.401880838762104,-7.226189722073549,7.959056914734021,10.879999999999999,1408.17460822922
3,37.401880838762104,-7.226189722073549,7.670673532229099,10.879999999999999,1408.7089208126308
3,37.401880838762104,-7.226189722073549,7.943142918770758,10.879999999999999,1409.2432333960417
3,37.401880838762104,-7.226189722073549,8.243257702620157,10.879999999999999,1409.7775459794525
3,37.27770733410361,-7.22604146167701,8.408733564306846,10.879999999999999,1410.310084655654
3,37.27770733410361,-7.22604146167701,8.407161629842394,10.879999999999999,1410.8426233318555
3,37.27770733410361,-7.22604146167701,8.327539242436353,10.879999999999999,1411.375162008057
3,37.27770733410361,-7.22604146167701,8.286309940853164,10.879999999999999,1411.9077006842585
3,37.27770733410361,-7.22604146167701,8.155736706701173,10.879999999999999,1412.44023936046
3,37.27770733410361,-7.22604146167701,8.119396103773239,10.879999999999999,1412.9727780366616
3,37.15353382944512,-7.225893201280471,8.024612676504656,10.879999999999999,1413.5035428056538
3,37.15353382944512,-7.225893201280471,8.036341617389468,10.879999999999999,1414.034307574646
3,37.15353382944512,-7.225893201280471,8.02077118683214,10.879999999999999,1414.5650723436381
3,37.15353382944512,-7.225893201280471,7.973736487104341,10.879999999999999,1415.0958371126303
3,37.15353382944512,-7.225893201280471,7.919309333776037,10.879999999999999,1415.6266018816225
3,37.029361032864045,-7.225448420936273,7.870540747767824,10.879999999999999,1416.1555927535205
3,36.90518965243378,-7.224707123180705,7.84385061508232,10.879999999999999,1416.6828097485552
3,36.781020396219645,-7.22366931224088,7.818689196116104,10.879999999999999,1417.2082528970727
3,36.781020396219645,-7.22366931224088,7.7645329628057365,10.879999999999999,1417.7336960455902
3,36.65685397227483,-7.222334994034737,7.654468566170454,10.879999999999999,1418.2573653880513
3,36.65685397227483,-7.222334994034737,7.517415166460111,10.879999999999999,1418.7810347305124
3,36.28435470044039,-7.218332039416309,7.688142598684673,10.879999999999999,1419.2993826548043
3,35.66350841936971,-7.213142984717185,7.974328661406964,10.879999999999999,1419.8088613465095
3,34.67012604671308,-7.210770828517654,8.421844128316478,10.879999999999999,1420.3041488614626
3,33.800928035853666,-7.215959902943364,8.87979463138009,10.879999999999999,1420.7870192619748
3,32.80761080552064,-7.22782044722295,9.4480816341055,10.879999999999999,1421.2556994163394
3,31.317804890899218,-7.256284617269568,10.017345476003605,10.879999999999999,1421.7030966290665
3,30.697132078905444,-7.271850331506373,10.604354865064902,10.879999999999999,1422.1416270873367
3,29.580069694244134,-7.305203911789947,11.119859965397438,10.879999999999999,1422.5641995115402
3,28.711375547103653,-7.335294765873472,11.574789328367556,10.879999999999999,1422.974362019356
3,28.587276383226442,-7.339593459313976,11.852437104888491,10.879999999999999,1423.3827516819736
3,28.835484858121955,-7.33129241964819,11.627746717405136,10.879999999999999,1423.7946871799468
3,29.083712211907045,-7.3235841209030745,11.27143358077117,10.879999999999999,1424.210168782974
3,29.952738403920062,-7.305942542160345,10.770575619675972,10.879999999999999,1424.6380650458873
3,30.57358350490207,-7.300753497324453,9.958911305955784,10.879999999999999,1425.0748305245288
3,31.0702761073812,-7.300753497324453,9.161419502999518,10.879999999999999,1425.518691611777
3,31.318616744025594,-7.302532606019845,9.112004392618982,10.879999999999999,1425.966100422406
3,30.94611747219115,-7.2985296514014175,9.729401881697774,10.879999999999999,1426.4081878148659
3,30.821951048246337,-7.297195333195274,10.226836132997404,10.879999999999999,1426.8485014012695
3,30.573610411601944,-7.295416224499881,10.415803495184235,10.879999999999999,1427.2852672642923
3,30.573610411601944,-7.295416224499881,10.40150547271435,10.879999999999999,1427.7220331273152
3,30.946130925577428,-7.2958610056895,10.167559849291543,10.879999999999999,1428.1641207119662
3,31.194477462842396,-7.296454046993857,9.639730975996294,10.879999999999999,1428.6097561042925
3,31.318650259423467,-7.296898827338055,9.138148989145883,10.879999999999999,1429.057165393713
3,31.815339085492898,-7.299270985792055,8.873527535603095,10.879999999999999,1429.5116702377913
3,31.691166288911827,-7.298826205447858,9.124865287597919,10.879999999999999,1429.9644011847759
3,31.566992784253333,-7.298677945051319,9.437107797011311,10.879999999999999,1430.4153582245508
3,31.318645538910268,-7.298677945051319,9.642466614322347,10.879999999999999,1430.8627674465351
3,31.194472034251774,-7.298826205447858,9.7464096851048,10.879999999999999,1431.3084027613102
3,31.194472034251774,-7.298826205447858,9.817823441069251,10.879999999999999,1431.7540380760852
3,31.442816211263104,-7.297640127348092,9.853274883042342,10.879999999999999,1432.2032211648175
3,31.691163220580094,-7.297640127348092,9.680352231115123,10.879999999999999,1432.6559520679687
3,32.31201894262254,-7.301346609080743,9.435601514172074,10.879999999999999,1433.1175523385775
3,32.932832180786654,-7.309500682900415,9.126867896615792,10.879999999999999,1433.5880213697317
3,33.056990816101866,-7.311427991122322,8.721995040895466,10.879999999999999,1434.060264095676
3,33.056990816101866,-7.311427991122322,8.889907423486305,10.879999999999999,1434.5325068216205
3,33.056990816101866,-7.311427991122322,9.143938767176046,10.879999999999999,1435.0047495475649
3,32.93282155988773,-7.310390180182497,9.364442850560321,10.879999999999999,1435.475218426992
3,32.93282155988773,-7.310390180182497,9.484395720158869,10.879999999999999,1435.945687306419
3,33.18116243255214,-7.312169290568734,9.38064197545221,10.879999999999999,1436.4197039125982
3,33.67783379287004,-7.316913548860669,9.21745562362173,10.879999999999999,1436.9008158239249
3,34.29864821106226,-7.325067638179437,8.856797939957856,10.879999999999999,1437.3907965126543
3,34.422811094700705,-7.326698456043191,8.358742850063939,10.879999999999999,1437.8825509568644
3,34.422811094700705,-7.326698456043191,8.58849416310566,10.879999999999999,1438.3743054010745
3,34.29864207450431,-7.325660647076012,8.835313720031687,10.879999999999999,1438.864286002139
3,33.92612226860625,-7.325215866731815,9.016634837130455,10.879999999999999,1439.3489448916905
3,33.80194947202518,-7.325660647076013,9.146388583726175,10.879999999999999,1439.831829884148
3,33.80194947202518,-7.325660647076013,9.240789784073751,10.879999999999999,1440.3147148766054
3,34.174457240667586,-7.322547214256539,9.25727544050125,10.879999999999999,1440.802921408615
3,34.42280141767891,-7.321361136156773,8.942612652525897,10.879999999999999,1441.294675714582
3,34.7953219316544,-7.320916354967154,8.610707959781044,10.879999999999999,1441.791751742177
3,34.7953219316544,-7.320916354967154,8.378050489785368,10.879999999999999,1442.288827769772
3,34.7953219316544,-7.320916354967154,8.706389575479067,10.879999999999999,1442.7859037973672
3,34.54697468631133,-7.320916354967154,8.917944682815637,10.879999999999999,1443.2794320071716
3,34.54697468631133,-7.320916354967154,9.015932971439698,10.879999999999999,1443.7729602169761
3,34.54697468631133,-7.320916354967154,8.957643514065449,10.879999999999999,1444.2664884267806
3,34.671148190969824,-7.320768094570614,8.878107934776278,10.879999999999999,1444.7617905437944
3,34.671148190969824,-7.320768094570614,8.794260931149672,10.879999999999999,1445.2570926608082
3,34.795320987550895,-7.320323314226416,8.628983223567664,10.879999999999999,1445.7541686749162
3,34.795320987550895,-7.320323314226416,8.404844692484382,10.879999999999999,1446.2512446890241
3,34.795320987550895,-7.320323314226416,8.42757696929924,10.879999999999999,1446.748320703132
3,34.795320987550895,-7.320323314226416,8.506983966993392,10.879999999999999,1447.24539671724
3,34.795320987550895,-7.320323314226416,8.504183522460329,10.879999999999999,1447.742472731348
3,34.795320987550895,-7.320323314226416,8.469271321223303,10.879999999999999,1448.239548745456
3,34.795320987550895,-7.320323314226416,8.365980009637193,10.879999999999999,1448.736624759564
3,34.795320987550895,-7.320323314226416,8.232546593232199,10.879999999999999,1449.233700773672
3,34.795320987550895,-7.320323314226416,8.167498095225804,10.879999999999999,1449.7307767877799
3,34.795320987550895,-7.320323314226416,8.13272323205958,10.879999999999999,1450.2278528018878
3,34.67114960712063,-7.321064611981983,8.071549878203443,10.879999999999999,1450.7231549391324
3,34.54697822669037,-7.3218059097375505,8.068197901006979,10.879999999999999,1451.2166831995137
3,34.42280684626011,-7.322547207493118,8.227243228022727,10.879999999999999,1451.7084375830316
3,33.80196056518943,-7.327736262192242,8.465221944435987,10.879999999999999,1452.1913227339628
3,33.18112844546537,-7.334407853222955,8.703318054110264,10.879999999999999,1452.6653388546124
3,32.4361638886044,-7.345082231479936,9.065257720590987,10.879999999999999,1453.1287126244497
3,31.815395493607657,-7.3562011694296,9.385395084031106,10.879999999999999,1453.5832182743584
3,31.1946554200121,-7.368802440815608,9.83686040120324,10.879999999999999,1454.02885620893
3,30.325663922464493,-7.388519386967763,10.197515569177364,10.879999999999999,1454.4620799792508
3,29.95323899494409,-7.396969506747258,10.487658091918576,10.879999999999999,1454.8899833934643
3,29.95323899494409,-7.396969506747258,10.717419676647234,10.879999999999999,1455.3178868076777
3,30.077396922267475,-7.39504220951547,10.599904402563604,10.879999999999999,1455.7475639065672
3,30.44991035549294,-7.39281832047588,10.200307316483904,10.879999999999999,1456.1825626259313
3,30.822430161390997,-7.393263100820077,9.74034877033795,10.879999999999999,1456.6228830568082
3,31.319111434679783,-7.396821318210862,9.39012681562359,10.879999999999999,1457.0702989344466
3,31.319111434679783,-7.396821318210862,9.11291177949465,10.879999999999999,1457.517714812085
3,31.19494501073497,-7.395487000004719,9.42838030175953,10.879999999999999,1457.9633568836668
3,30.94660933057602,-7.393114870858751,9.637008464597534,10.879999999999999,1458.4054513026751
3,30.822437950145762,-7.392373573103184,9.746039828439637,10.879999999999999,1458.84577184482
3,30.449918144247704,-7.391928792758986,9.820040708967507,10.879999999999999,1459.2807706754522
3,30.201573967236374,-7.393114870858751,9.877583083077221,10.879999999999999,1459.712221732127
3,30.07740471102224,-7.394152681798576,10.111133882648595,10.879999999999999,1460.1418989422846
3,30.325745347666633,-7.392373573103184,10.2657021769389,10.879999999999999,1460.5751238758226
3,30.574091648906197,-7.391780532362446,10.044856079664115,10.879999999999999,1461.011896613664
3,31.070784251385327,-7.392966613843921,9.796001965053796,10.879999999999999,1461.4557649601124
3,31.443298392676102,-7.395190507110624,9.535996423525694,10.879999999999999,1461.9049549371507
3,32.43657691645085,-7.409422903242307,9.107664928526043,10.879999999999999,1462.3683346073858
3,32.560724931169965,-7.4119431575195085,8.582065884256721,10.879999999999999,1462.8334878206883
3,32.560724931169965,-7.4119431575195085,8.846575404238193,10.879999999999999,1463.2986410339909
3,32.560724931169965,-7.4119431575195085,9.177323153670502,10.879999999999999,1463.7637942472934
3,32.436571252170616,-7.409719369929576,9.410672815699686,10.879999999999999,1464.22717383661
3,32.56072988748583,-7.411646678151483,9.470472310489388,10.879999999999999,1464.692327120717
3,32.68489277112427,-7.413277496015237,9.425975873012305,10.879999999999999,1465.1592541603045
3,32.80905919506908,-7.414611814221379,9.312132545655011,10.879999999999999,1465.6279550059483
3,32.93322845128322,-7.415649625161204,9.144147538800395,10.879999999999999,1466.0984296981094
3,32.93322845128322,-7.415649625161204,9.083487862522565,10.879999999999999,1466.5689043902705
3,33.057399831713475,-7.416390922916772,9.268470157890272,10.879999999999999,1467.041152959295
3,33.30574424474819,-7.417577002143772,9.40753406771638,10.879999999999999,1467.5169493056485
3,33.67825838603897,-7.419800895410476,9.487865343168819,10.879999999999999,1467.9980672825918
3,34.17492974635687,-7.424545153702411,9.186672014059488,10.879999999999999,1468.4862805646826
3,34.67157278426418,-7.431661405873732,8.789156842622088,10.879999999999999,1468.9815887473148
3,35.1681761717011,-7.441149489608001,8.49309880862164,10.879999999999999,1469.4839912640534
3,35.54062021585843,-7.448710252439605,8.125371865403437,10.879999999999999,1469.9917144099943
3,35.54062021585843,-7.448710252439605,8.36955668650614,10.879999999999999,1470.4994375559352
3,35.54062021585843,-7.448710252439605,8.654348332190622,10.879999999999999,1471.007160701876
3,35.54062021585843,-7.448710252439605,8.83905534511541,10.879999999999999,1471.514883847817
3,35.54062021585843,-7.448710252439605,8.927909743719583,10.879999999999999,1472.0226069937578
3,35.78894952344169,-7.451675388509502,8.893540767651418,10.879999999999999,1472.5338777012355
3,35.913118779655825,-7.4527131994493265,8.79305306342388,10.879999999999999,1473.0469222552306
3,36.03729016008609,-7.453454497204895,8.651330465337821,10.879999999999999,1473.561740686089
3,36.28563646132565,-7.454047537945632,8.519148736155536,10.879999999999999,1474.0801069212507
3,36.409809965984145,-7.453899277549093,8.342612660841818,10.879999999999999,1474.600247063622
3,36.409809965984145,-7.453899277549093,8.252633352416265,10.879999999999999,1475.1203872059932
3,36.409809965984145,-7.453899277549093,8.3717735672946,10.879999999999999,1475.6405273483645
3,36.533982762565216,-7.453454497204895,8.414490833488832,10.879999999999999,1476.1624413878296
3,36.533982762565216,-7.453454497204895,8.37999992339228,10.879999999999999,1476.6843554272948
3,36.533982762565216,-7.453454497204895,8.317565038124775,10.879999999999999,1477.20626946676
3,36.533982762565216,-7.453454497204895,8.307614510725761,10.879999999999999,1477.7281835062252
3,36.533982762565216,-7.453454497204895,8.35347305009602,10.879999999999999,1478.2500975456903
3,36.533982762565216,-7.453454497204895,8.388219033417066,10.879999999999999,1478.7720115851555
3,36.409809965984145,-7.453899277549093,8.40908035529736,10.879999999999999,1479.2921517275267
3,36.409809965984145,-7.453899277549093,8.424369736193961,10.879999999999999,1479.812291869898
3,36.409809965984145,-7.453899277549093,8.325830096360512,10.879999999999999,1480.3324320122692
3,36.409809965984145,-7.453899277549093,8.266296289628045,10.879999999999999,1480.8525721546405
3,36.409809965984145,-7.453899277549093,8.233223037107,10.879999999999999,1481.3727122970117
3,36.409809965984145,-7.453899277549093,8.123267359949077,10.879999999999999,1481.892852439383
3,36.409809965984145,-7.453899277549093,8.077218239989662,10.879999999999999,1482.4129925817542
3,36.28563646132565,-7.454047537945632,8.00400196273074,10.879999999999999,1482.931358816916
3,36.28563646132565,-7.454047537945632,7.9436834712182245,10.879999999999999,1483.4497250520776
3,36.16146295666716,-7.453899277549093,7.882394619102217,10.879999999999999,1483.96631738003
3,36.16146295666716,-7.453899277549093,7.75268068018392,10.879999999999999,1484.4829097079823
3,36.03729016008609,-7.453454497204895,7.730516794590194,10.879999999999999,1484.9977281388408
3,35.913118779655825,-7.452713199449327,7.772042765646268,10.879999999999999,1485.5107726928359
3,35.04391911664401,-7.447524115160353,8.016660362265016,10.879999999999999,1486.011400108788
3,34.54722651416488,-7.446338033678878,8.295774727356802,10.879999999999999,1486.504931916133
3,33.67801859026863,-7.449451490170257,8.64675460945427,10.879999999999999,1486.9860464674225
3,32.933011549791786,-7.456567877608159,9.165464417037816,10.879999999999999,1487.456518060991
3,31.443141911775438,-7.481474381466543,9.660270649149249,10.879999999999999,1487.9057058025876
3,30.69831329705877,-7.499263929788121,10.231159163729567,10.879999999999999,1488.3442531354028
3,29.705333084673466,-7.527726016821896,10.721576470342505,10.879999999999999,1488.7686150366123
3,29.084787709052918,-7.5477377085023,11.13908994160354,10.879999999999999,1489.1841120038846
3,28.34016228436638,-7.572640827499659,11.487265593889969,10.879999999999999,1489.5889714650898
3,28.34016228436638,-7.572640827499659,11.68525114586134,10.879999999999999,1489.993830926295
3,28.34016228436638,-7.572640827499659,11.415190685384152,10.879999999999999,1490.3986903875002
3,28.960833916601214,-7.557075142849769,11.118374741820052,10.879999999999999,1490.8124165863087
3,29.70579280943228,-7.546400845751006,10.7346397905183,10.879999999999999,1491.236785055015
3,30.326655612215315,-7.544176948257165,9.99143780824227,10.879999999999999,1491.6700229923324
3,31.071686019041252,-7.547735172411359,9.193324329984716,10.879999999999999,1492.1139042211757
3,31.071686019041252,-7.547735172411359,8.765480355383609,10.879999999999999,1492.557785450019
3,31.071686019041252,-7.547735172411359,9.292991754934457,10.879999999999999,1493.0016666788624
3,30.69918674720681,-7.543732217792932,9.68664713972155,10.879999999999999,1493.4402264895368
3,30.202515386888912,-7.5389879595009965,9.947444559105339,10.879999999999999,1493.8716909950638
3,30.078342826332303,-7.538543180002228,10.084195797564275,10.879999999999999,1494.3013816068685
3,29.70582514466248,-7.539877518498534,10.11762452464595,10.879999999999999,1494.7257505375067
3,29.829994400876615,-7.538839707558709,10.061360929635656,10.879999999999999,1495.151893314662
3,30.3266756741654,-7.5352814901679235,9.921423977105029,10.879999999999999,1495.5851315385787
3,30.45084847074647,-7.534836709823725,9.49270498082745,10.879999999999999,1496.0201436595894
3,30.94754248938045,-7.534836709823725,9.237819572127133,10.879999999999999,1496.4622514094376
3,30.69919595211548,-7.534243668519369,9.09632131571923,10.879999999999999,1496.9008113516106
3,30.69919595211548,-7.534243668519369,9.525207924355572,10.879999999999999,1497.3393712937836
3,30.326675438139997,-7.53379888732975,9.835962571573884,10.879999999999999,1497.7726095143285
3,30.45084894279849,-7.533650626933211,10.047734639189715,10.879999999999999,1498.2076216420828
3,30.69919595211548,-7.533650626933211,9.776332889035492,10.879999999999999,1498.6461815842558
3,30.94754012912681,-7.534836705032976,9.454899516161905,10.879999999999999,1499.0882893003861
3,31.195881001791225,-7.536615815419212,9.291124767719097,10.879999999999999,1499.5339447432689
3,31.320052382221483,-7.53735711317478,9.122732777460971,10.879999999999999,1499.981374063015
3,31.320052382221483,-7.53735711317478,9.378200085435305,10.879999999999999,1500.428803382761
3,31.444225178802554,-7.537801893518978,9.539510603500482,10.879999999999999,1500.8780065996011
3,31.568397975383625,-7.538246673863176,9.631446423164716,10.879999999999999,1501.328983713535
3,31.692570771964697,-7.538691454207374,9.59293617995997,10.879999999999999,1501.7817347245632
3,31.940917309229665,-7.539284495511731,9.504356532105353,10.879999999999999,1502.2380335432665
3,32.06509010581073,-7.539729275855928,9.342554129519762,10.879999999999999,1502.6961062590638
3,32.31343451884545,-7.5409153550829275,9.14491021192243,10.879999999999999,1503.1577267521902
3,33.30674419690173,-7.552775809185766,8.905433523848,10.879999999999999,1503.6335373835745
3,33.18258579758407,-7.5508485046272344,8.65749806911482,10.879999999999999,1504.1075743235401
3,33.18258579758407,-7.5508485046272344,8.88634384406296,10.879999999999999,1504.5816112635057
3,33.18258579758407,-7.5508485046272344,9.138323204828705,10.879999999999999,1505.0556482034713
3,33.18258579758407,-7.5508485046272344,9.341815486794454,10.879999999999999,1505.5296851434368
3,33.430929974595394,-7.552034582727,9.459100461284995,10.879999999999999,1506.0072698573597
3,33.679276511860365,-7.552627624031357,9.227331634908795,10.879999999999999,1506.4884023789577
3,34.05179490160358,-7.55396196506395,8.898702668961603,10.879999999999999,1506.9748565918378
3,34.79681681153676,-7.559299291150127,8.549877457960841,10.879999999999999,1507.4719539748598
3,34.79681681153676,-7.559299291150127,8.27955611489149,10.879999999999999,1507.9690513578819
3,34.79681681153676,-7.559299291150127,8.523609589395116,10.879999999999999,1508.466148740904
3,34.67264401495569,-7.558854510805929,8.804904883326394,10.879999999999999,1508.9614722268318
3,34.4242970056387,-7.558854510805929,8.97827616573624,10.879999999999999,1509.453247898341
3,34.67264354290367,-7.5582614695015735,9.059251027679178,10.879999999999999,1509.9485713775255
3,34.92099055222066,-7.5582614695015735,8.882297464048754,10.879999999999999,1510.4474426711286
3,35.54185453512601,-7.560485371222561,8.590430709534411,10.879999999999999,1510.9551834502017
3,35.914368676416785,-7.562709264489265,8.231722565287525,10.879999999999999,1511.4682458598647
3,35.914368676416785,-7.562709264489265,7.806664160760544,10.879999999999999,1511.9813082695277
3,36.03854005684705,-7.563450562244833,8.015203077518764,10.879999999999999,1512.496144556054
3,35.914368676416785,-7.562709264489266,8.259603138694507,10.879999999999999,1513.009206965717
3,35.79019942020265,-7.561671453549441,8.440288346379198,10.879999999999999,1513.520495528863
3,35.914368676416785,-7.562709264489266,8.44879006547147,10.879999999999999,1514.033557938526
3,35.914368676416785,-7.562709264489266,8.309851770726395,10.879999999999999,1514.546620348189
3,35.914368676416785,-7.562709264489266,8.2115381124459,10.879999999999999,1515.059682757852
3,35.914368676416785,-7.562709264489266,8.140733531463537,10.879999999999999,1515.572745167515
3,35.914368676416785,-7.562709264489266,8.015056494246839,10.879999999999999,1516.085807577178
3,35.79019942020265,-7.561671453549441,7.938041292416851,10.879999999999999,1516.5970961403239
3,35.66603299625783,-7.560337135343298,7.841044646539302,10.879999999999999,1517.1066108974132
3,35.66603299625783,-7.560337135343298,7.762449165681946,10.879999999999999,1517.6161256545026
3,35.66603299625783,-7.560337135343298,7.690302581386943,10.879999999999999,1518.125640411592
3,35.54186657231302,-7.559002817137156,7.711843145045392,10.879999999999999,1518.6333813626252
3,34.92102029124234,-7.553813762438032,7.943044663658827,10.879999999999999,1519.1322530810714
3,34.42432910491402,-7.552627684338266,8.239955964169614,10.879999999999999,1519.6240292111415
3,33.430969390573466,-7.559744098829732,8.574161144688219,10.879999999999999,1520.1016144881498
3,32.56186059534979,-7.573235230739449,9.00964324259399,10.879999999999999,1520.5667839252262
3,31.692870749558903,-7.592952139414147,9.431630034544632,10.879999999999999,1521.0195392216485
3,30.948135590269924,-7.614298704689479,9.894107435157085,10.879999999999999,1521.4616554443667
3,30.07944309432097,-7.6443895015770735,10.337192503628305,10.879999999999999,1521.8913617742855
3,29.831277095006904,-7.653875863047127,10.69537430102633,10.879999999999999,1522.3175228756427
3,28.962736565622833,-7.68811516200077,10.9789310189261,10.879999999999999,1522.7312762551517
3,28.962736565622833,-7.68811516200077,11.195374411566673,10.879999999999999,1523.1450296346607
3,28.962736565622833,-7.68811516200077,10.91830883689226,10.879999999999999,1523.5587830141696
3,29.58344359833061,-7.674031655804558,10.527677985078164,10.879999999999999,1523.981403637003
3,30.08008522022843,-7.666915423922822,9.932849009550774,10.879999999999999,1524.4111191401491
3,30.70094566277088,-7.664691534883231,9.236907678654854,10.879999999999999,1524.8497040781888
3,30.70094566277088,-7.664691534883231,9.069606971113481,10.879999999999999,1525.2882890162284
3,30.70094566277088,-7.664691534883231,9.612741091093314,10.879999999999999,1525.726873954268
3,30.328425148795397,-7.664246753693613,10.028586787861817,10.879999999999999,1526.1601371706795
3,30.08007790345233,-7.664246753693613,10.313833771625553,10.879999999999999,1526.5898525693003
3,29.955904398793837,-7.664395014090152,10.426902899805322,10.879999999999999,1527.0177940607116
3,30.204248575805167,-7.6632089359903865,10.299607629602276,10.879999999999999,1527.4492833260801
3,30.45258944846958,-7.66142982560415,10.021866958552556,10.879999999999999,1527.8843203182012
3,30.70093362548091,-7.660243747504385,9.68541601259712,10.879999999999999,1528.3229050842795
3,30.9492806347979,-7.660243747504385,9.094774801587448,10.879999999999999,1528.7650376647766
3,32.0667975682536,-7.669583992701461,8.746298251339027,10.879999999999999,1529.2231347728946
3,31.942634684615154,-7.667953174837708,8.490801310324251,10.879999999999999,1529.679458125532
3,31.942634684615154,-7.667953174837708,8.676055688482014,10.879999999999999,1530.1357814781693
3,31.694305141022642,-7.664988035949781,9.06033087076693,10.879999999999999,1530.588557265898
3,31.44597559743013,-7.6620228970618545,9.350703319685826,10.879999999999999,1531.0377854887186
3,31.073476325595692,-7.658019942443427,9.646685080598102,10.879999999999999,1531.4816922933699
3,30.8251356889513,-7.6562408337480345,9.831361076716576,10.879999999999999,1531.9220513746407
3,30.576789387711734,-7.655647793007297,9.920316695517629,10.879999999999999,1532.358862651608
3,30.576789387711734,-7.655647793007297,9.922145134672306,10.879999999999999,1532.7956739285753
3,30.9493028209372,-7.653423903967707,9.843130432106575,10.879999999999999,1533.2378068260173
3,31.57016916410063,-7.6541652045413695,9.680000843063038,10.879999999999999,1533.6888092426473
3,31.942683305391405,-7.656389097808073,9.39139300990023,10.879999999999999,1534.145133289867
3,32.563514245053724,-7.663060676157608,9.05746397369418,10.879999999999999,1534.6103263505106
3,32.687677128692165,-7.664691494021362,8.708773607934683,10.879999999999999,1535.0772931666347
3,32.687677128692165,-7.664691494021362,9.027483049881042,10.879999999999999,1535.5442599827588
3,32.687677128692165,-7.664691494021362,9.24765697572108,10.879999999999999,1536.011226798883
3,32.81184355263698,-7.666025812227504,9.329615954054102,10.879999999999999,1536.4799674210635
3,32.93601280885112,-7.667063623167329,9.21119427899724,10.879999999999999,1536.9504818897615
3,33.06018418928137,-7.667804920922897,9.010777522064433,10.879999999999999,1537.4227702353226
3,33.18435698586244,-7.668249701267095,8.787215990230566,10.879999999999999,1537.8968324779778
3,33.30853049052094,-7.668397961663635,8.879648272942829,10.879999999999999,1538.3726686278424
3,33.43270399517943,-7.668249701267095,8.941912082354204,10.879999999999999,1538.8502786849162
3,33.43270399517943,-7.668249701267095,8.94481804512775,10.879999999999999,1539.3278887419901
3,33.43270399517943,-7.668249701267095,8.987563922131779,10.879999999999999,1539.805498799064
3,33.5568767917605,-7.667804920922897,8.954394866361662,10.879999999999999,1540.284882753232
3,33.68104817219076,-7.66706362316733,8.829189438962368,10.879999999999999,1540.7660405842635
3,33.68104817219076,-7.66706362316733,8.641559864709794,10.879999999999999,1541.2471984152949
3,33.68104817219076,-7.66706362316733,8.745743826095516,10.879999999999999,1541.7283562463263
3,33.68104817219076,-7.66706362316733,8.879328273634579,10.879999999999999,1542.2095140773577
3,33.68104817219076,-7.66706362316733,8.901559457252505,10.879999999999999,1542.690671908389
3,33.68104817219076,-7.66706362316733,8.814167554148588,10.879999999999999,1543.1718297394204
3,33.68104817219076,-7.66706362316733,8.650426045463462,10.879999999999999,1543.6529875704518
3,33.68104817219076,-7.66706362316733,8.644433749471462,10.879999999999999,1544.1341454014832
3,33.68104817219076,-7.66706362316733,8.767030330337652,10.879999999999999,1544.6153032325146
3,33.5568767917605,-7.667804920922897,8.773382220467413,10.879999999999999,1545.0946871866827
3,33.43270399517943,-7.668249701267095,8.807400057468254,10.879999999999999,1545.5722972437566
3,33.43270399517943,-7.668249701267095,8.749577595659346,10.879999999999999,1546.0499073008305
3,33.43270399517943,-7.668249701267095,8.679478257571262,10.879999999999999,1546.5275173579043
3,33.43270399517943,-7.668249701267095,8.665701117866085,10.879999999999999,1547.0051274149782
3,33.43270399517943,-7.668249701267095,8.625830537325406,10.879999999999999,1547.4827374720521
3,33.43270399517943,-7.668249701267095,8.521356208512598,10.879999999999999,1547.960347529126
3,33.43270399517943,-7.668249701267095,8.395426156892276,10.879999999999999,1548.4379575862
3,33.30853049052094,-7.668397961663635,8.380666729900677,10.879999999999999,1548.9137937360645
3,33.30853049052094,-7.668397961663635,8.375426729459104,10.879999999999999,1549.389629885929
3,33.18435698586244,-7.668249701267095,8.286996325339851,10.879999999999999,1549.8636921285843
3,33.18435698586244,-7.668249701267095,8.217474061215812,10.879999999999999,1550.3377543712395
3,33.06018418928137,-7.667804920922897,8.183035644758574,10.879999999999999,1550.8100427168006
3,32.814262210006106,-7.667804920922897,8.216659981619664,10.879999999999999,1551.2788178912292
3,32.317573383936676,-7.665432762468898,8.483332738825835,10.879999999999999,1551.7404975109998
3,31.820880781457547,-7.664246680987423,8.69676904357577,10.879999999999999,1552.1950815221635
3,30.95167285756129,-7.667360137478802,9.065844402561899,10.879999999999999,1552.6372482772715
3,30.330841917898972,-7.674031715828337,9.388148493863294,10.879999999999999,1553.0705460189558
3,29.585904974955287,-7.686485003263856,9.692070853075318,10.879999999999999,1553.4932018043123
3,28.96519794224751,-7.700568509460068,10.0765070663148,10.879999999999999,1553.9069903463444
3,28.592817618941474,-7.710797193508293,10.404194305453002,10.879999999999999,1554.3154591694722
3,27.599836462839452,-7.739259307592105,10.767346545820228,10.879999999999999,1554.7097425475129
3,27.22748162685651,-7.750377188819211,11.118704154948105,10.879999999999999,1555.0987065707536
3,27.35160816535487,-7.74696763395061,11.389381644045217,10.879999999999999,1555.4894438302588
3,27.599897822580786,-7.741630673080243,11.193212265945359,10.879999999999999,1555.883728084867
3,28.220689819169127,-7.731994150287588,10.83579146840989,10.879999999999999,1556.2868807965694
3,28.8415431809979,-7.728287682645315,10.307504646277913,10.879999999999999,1556.6989028420123
3,29.834898174954187,-7.735404063320017,9.590454851039404,10.879999999999999,1557.1251156730832
3,30.08321048926875,-7.739555159131856,8.815990095512465,10.879999999999999,1557.55487582293
3,30.455654533426085,-7.747115921963461,8.867880753483819,10.879999999999999,1557.989956601979
3,30.331512890919285,-7.744299215370296,9.342253058002017,10.879999999999999,1558.4232639289921
3,29.959069554694025,-7.736738466909996,9.666412427789142,10.879999999999999,1558.8512506369163
3,29.71074803574037,-7.733180340824335,9.856630069160722,10.879999999999999,1559.2756898945697
3,29.338240975151162,-7.7300669139227995,9.919742878139884,10.879999999999999,1559.6948076227861
3,29.214067706518474,-7.729918653808067,9.87883312993478,10.879999999999999,1560.112151447165
3,29.089896562109985,-7.730659950154597,9.789675182151443,10.879999999999999,1560.527721398052
3,29.089896562109985,-7.730659950154597,9.910616912760858,10.879999999999999,1560.9432913489393
3,29.46240999533545,-7.728436061115007,9.957575136252775,10.879999999999999,1561.3641829203011
3,29.71075700465244,-7.728436061115007,9.710902869789479,10.879999999999999,1561.7886223060818
3,29.95910118166377,-7.729622139214772,9.477101090826835,10.879999999999999,1562.2166094658198
3,30.207436861822718,-7.73199426836074,9.140804727258303,10.879999999999999,1562.6481442781317
3,30.207436861822718,-7.73199426836074,9.401387308003619,10.879999999999999,1563.0796790904435
3,30.083270437877903,-7.730659950154598,9.711796989527716,10.879999999999999,1563.5094400966989
3,30.083270437877903,-7.730659950154598,9.894799003364085,10.879999999999999,1563.9392011029543
3,30.207436861822718,-7.73199426836074,9.742043535295934,10.879999999999999,1564.370735915266
3,30.45576640541523,-7.734959407248667,9.671118644693648,10.879999999999999,1564.8058182924863
3,30.95240944332254,-7.742075659419988,9.509671981391127,10.879999999999999,1565.2479955702481
3,31.573177838319285,-7.753194597369651,9.232002179085493,10.879999999999999,1565.6990409679383
3,31.697331517318634,-7.755418384959584,8.837649552893211,10.879999999999999,1566.1518599896144
3,31.697331517318634,-7.755418384959584,8.662128965745609,10.879999999999999,1566.6046790112905
3,31.821490152633846,-7.757345693181491,8.713951777878014,10.879999999999999,1567.0592717277566
3,31.821490152633846,-7.757345693181491,8.82000735675493,10.879999999999999,1567.5138644442227
3,31.821490152633846,-7.757345693181491,8.90711925553161,10.879999999999999,1567.9684571606888
3,31.821490152633846,-7.757345693181491,8.915286923014227,10.879999999999999,1568.4230498771549
3,31.94565940884798,-7.758383504121316,8.837705469657033,10.879999999999999,1568.8794164401384
3,31.94565940884798,-7.758383504121316,8.708002001066143,10.879999999999999,1569.3357830031218
3,31.94565940884798,-7.758383504121316,8.51688657391992,10.879999999999999,1569.7921495661053
3,31.94565940884798,-7.758383504121316,8.368987827817207,10.879999999999999,1570.2485161290888
3,31.94565940884798,-7.758383504121316,8.399909849871468,10.879999999999999,1570.7048826920723
3,31.821490152633846,-7.757345693181491,8.474891354308742,10.879999999999999,1571.1594754085384
3,31.821490152633846,-7.757345693181491,8.506710251726357,10.879999999999999,1571.6140681250045
3,31.69732372868903,-7.756011374975348,8.47065955419221,10.879999999999999,1572.0668870354143
3,31.69732372868903,-7.756011374975348,8.377229030128973,10.879999999999999,1572.5197059458242
3,31.69732372868903,-7.756011374975348,8.179238579219788,10.879999999999999,1572.972524856234
3,31.69732372868903,-7.756011374975348,7.989675077645297,10.879999999999999,1573.425343766644
3,31.573160845050587,-7.754380557111594,7.977969944853577,10.879999999999999,1573.8763889215732
3,31.200672194135258,-7.749488103520333,8.018574463707555,10.879999999999999,1574.3221128100608
3,31.076505770190444,-7.748153785314191,8.329994360618805,10.879999999999999,1574.766062892492
3,30.08314322361287,-7.74103735053262,8.59550750053139,10.879999999999999,1575.1958220814008
3,29.338104319894175,-7.739258228310408,9.035960741648704,10.879999999999999,1575.6149378573994
3,28.344730444126256,-7.744002527182668,9.434652464646236,10.879999999999999,1576.0198625780297
3,27.47559191069649,-7.755418230530209,9.928532838862763,10.879999999999999,1576.4123710338968
3,26.73068682954111,-7.769650356131612,10.320241173757438,10.879999999999999,1576.7942379886044
3,25.86174654441234,-7.791442314641459,10.603408643782219,10.879999999999999,1577.1636915106674
3,25.241202348308505,-7.811453968284158,10.929652933096127,10.879999999999999,1577.5242801156433
3,24.99301440357981,-7.820347694209526,11.17931504913273,10.879999999999999,1577.8813231785516
3,24.744787757530986,-7.82805597097704,11.384627971820965,10.879999999999999,1578.2348201465163
3,24.86892231992974,-7.824942828129679,11.128688114626376,10.879999999999999,1578.5900904653724
3,25.241347247450143,-7.816492708350184,10.754317277466043,10.879999999999999,1578.950681140336
3,25.613807576483815,-7.809821358261143,10.325244385243074,10.879999999999999,1579.3165926771428
3,26.110477520711466,-7.805077113495854,9.82540072679717,10.879999999999999,1579.6895994988672
3,26.110477520711466,-7.805077113495854,9.971186053719535,10.879999999999999,1580.0626063205916
3,26.110477520711466,-7.805077113495854,10.38782778491966,10.879999999999999,1580.435613142316
3,25.73796337942069,-7.8073010067625574,10.675561391253465,10.879999999999999,1580.8032983334506
3,25.98630755643202,-7.806114928662792,10.818988642716127,10.879999999999999,1581.1745312985424
3,26.358828070407505,-7.805670147473173,10.552374865501948,10.879999999999999,1581.5510859852625
3,26.979690873190542,-7.807894044967015,10.200543368930564,10.879999999999999,1581.9365101405938
3,27.60052181285286,-7.81456562331655,9.625652629190256,10.879999999999999,1582.3308033093488
3,28.22128902790898,-7.825684540131619,9.402678697458084,10.879999999999999,1582.733964581176
3,28.34543704262809,-7.828204794408821,9.048877526208287,10.879999999999999,1583.1388993960707
3,28.34543704262809,-7.828204794408821,9.274441583548077,10.879999999999999,1583.5438342109653
3,28.46959072162744,-7.830428581998754,9.562315205925268,10.879999999999999,1583.9505426498456
3,28.46959072162744,-7.830428581998754,9.720804707667943,10.879999999999999,1584.357251088726
3,28.593749356942652,-7.8323558902206605,9.637408313212344,10.879999999999999,1584.7657332223964
3,28.717912240581096,-7.833986708084414,9.592501179327535,10.879999999999999,1585.1759891115476
3,28.84207866452591,-7.835321026290556,9.516136620509208,10.879999999999999,1585.5880188067551
3,28.966247920740045,-7.836358837230381,9.33009932144437,10.879999999999999,1586.00182234848
3,28.966247920740045,-7.836358837230381,9.114093449866386,10.879999999999999,1586.4156258902046
3,28.966247920740045,-7.836358837230381,9.292262238647158,10.879999999999999,1586.8294294319294
3,29.090419301170304,-7.837100134985949,9.39262121710639,10.879999999999999,1587.2450068505175
3,29.214592097751375,-7.837544915330147,9.39388092330089,10.879999999999999,1587.6623581661997
3,29.338765602409868,-7.837693175726686,9.300515454751723,10.879999999999999,1588.0814833890913
3,29.46293910706836,-7.837544915330147,9.227438543222721,10.879999999999999,1588.5023825191922
3,29.46293910706836,-7.837544915330147,9.112094585138884,10.879999999999999,1588.9232816492931
3,29.46293910706836,-7.837544915330147,9.208884175154072,10.879999999999999,1589.344180779394
3,29.46293910706836,-7.837544915330147,9.265174166650262,10.879999999999999,1589.765079909495
3,29.587111903649433,-7.837100134985949,9.292709792539526,10.879999999999999,1590.18775293669
3,29.71128328407969,-7.836358837230382,9.231883279275072,10.879999999999999,1590.6121998407482
3,29.71128328407969,-7.836358837230382,9.136172071899535,10.879999999999999,1591.0366467448064
3,29.835452540293826,-7.835321026290557,9.168677655847564,10.879999999999999,1591.462867495382
3,29.835452540293826,-7.835321026290557,9.087747832749223,10.879999999999999,1591.8890882459575
3,29.95961896423864,-7.833986708084414,9.051900522962399,10.879999999999999,1592.3170828025895
3,29.95961896423864,-7.833986708084414,9.041680853678464,10.879999999999999,1592.7450773592216
3,29.95961896423864,-7.833986708084414,9.141798356865127,10.879999999999999,1593.1730719158536
3,29.95961896423864,-7.833986708084414,9.109823309173294,10.879999999999999,1593.6010664724856
3,29.95961896423864,-7.833986708084414,8.991776429293076,10.879999999999999,1594.0290610291177
3,29.95961896423864,-7.833986708084414,9.10654699350739,10.879999999999999,1594.4570555857497
3,29.95961896423864,-7.833986708084414,9.094660262370262,10.879999999999999,1594.8850501423817
3,29.95961896423864,-7.833986708084414,8.97539032615345,10.879999999999999,1595.3130446990137
3,29.95961896423864,-7.833986708084414,9.036049021831204,10.879999999999999,1595.7410392556458
3,29.95961896423864,-7.833986708084414,8.986146891739134,10.879999999999999,1596.1690338122778
3,29.95961896423864,-7.833986708084414,8.915543505456483,10.879999999999999,1596.5970283689098
3,29.95961896423864,-7.833986708084414,8.921092434647907,10.879999999999999,1597.0250229255419
3,29.95961896423864,-7.833986708084414,8.829875174775827,10.879999999999999,1597.453017482174
3,29.95961896423864,-7.833986708084414,8.818530798718417,10.879999999999999,1597.881012038806
3,29.835452540293826,-7.835321026290556,8.77691069863135,10.879999999999999,1598.3072327893815
3,29.835452540293826,-7.835321026290556,8.793944781750609,10.879999999999999,1598.733453539957
3,29.71128328407969,-7.836358837230381,8.750772302908656,10.879999999999999,1599.1579004440152
3,29.71128328407969,-7.836358837230381,8.740458207405092,10.879999999999999,1599.5823473480734
3,29.71128328407969,-7.836358837230381,8.661868646671044,10.879999999999999,1600.0067942521316
3,29.587111903649433,-7.837100134985949,8.68785110537372,10.879999999999999,1600.4294672793267
3,29.46293910706836,-7.837544915330147,8.705641540044097,10.879999999999999,1600.8503664094276
3,29.21459209775137,-7.837544915330147,8.73502639997658,10.879999999999999,1601.2677177251098
3,29.0904193011703,-7.837100134985949,8.7179022019306,10.879999999999999,1601.683295143698
3,29.0904193011703,-7.837100134985949,8.691949613492373,10.879999999999999,1602.098872562286
3,28.96624792074004,-7.836358837230382,8.65538476022864,10.879999999999999,1602.5126761040108
3,28.842078664525907,-7.835321026290557,8.593748348406201,10.879999999999999,1602.9247057992184
3,28.842078664525907,-7.835321026290557,8.555411980802006,10.879999999999999,1603.336735494426
3,28.717912240581093,-7.833986708084414,8.538021412413057,10.879999999999999,1603.746991383577
3,28.345423589665764,-7.829094254493153,8.588833213439713,10.879999999999999,1604.1519260062867
3,27.848780079754746,-7.821977995558629,8.855334062954007,10.879999999999999,1604.5497657217118
3,27.103792157004975,-7.81308258734894,9.153119289230647,10.879999999999999,1604.9369627525261
3,26.358770247071792,-7.807745261262761,9.631299506165186,10.879999999999999,1605.3135166131985
3,25.36538504211353,-7.807745261262761,10.096371991261318,10.879999999999999,1605.6758792566573
3,24.620363132180348,-7.81308258734894,10.554233877801591,10.879999999999999,1606.0275987299742
3,24.24786386034591,-7.8170855419673675,10.941555128734661,10.879999999999999,1606.373996785122
3,23.006305828665617,-7.837840961849355,11.41092272271855,10.879999999999999,1606.7026582969602
3,22.758015935468137,-7.843177927791906,11.785043412238931,10.879999999999999,1607.027772810324
3,22.758015935468137,-7.843177927791906,11.961350465712139,10.879999999999999,1607.3528873236878
3,22.88217457078335,-7.841250619569999,11.670987338316989,10.879999999999999,1607.6797755318419
3,23.627179487124824,-7.834134252422066,11.354019632384006,10.879999999999999,1608.0173066673722
3,24.372218390843518,-7.834134252422066,10.963677656371786,10.879999999999999,1608.3654812158127
3,25.117223307184993,-7.841250619569999,10.331263290039114,10.879999999999999,1608.7242986916297
3,26.482765801098008,-7.872234038736883,9.698477156078004,10.879999999999999,1609.1026239173596
3,26.855093026470335,-7.884241053745125,9.138187641326429,10.879999999999999,1609.486268103452
3,26.979202101594446,-7.888243392081206,9.238278274068453,10.879999999999999,1609.8716852763318
3,26.979202101594446,-7.888243392081206,9.617731668822756,10.879999999999999,1610.2571024492117
3,26.979202101594446,-7.888243392081206,9.87521764373683,10.879999999999999,1610.6425196220916
3,26.730925896688888,-7.88231354264068,9.965758276824625,10.879999999999999,1611.0243899920442
3,26.606772453677664,-7.880089759277666,10.14214241916369,10.879999999999999,1611.4044867413825
3,26.606772453677664,-7.880089759277666,10.236993845130952,10.879999999999999,1611.7845834907207
3,26.7309417098918,-7.881127570217491,10.222776596344318,10.879999999999999,1612.1664540865763
3,27.227613070209696,-7.885871828509426,10.121370305600465,10.879999999999999,1612.5554199875794
3,27.72427215739472,-7.8918021062852795,9.704476459356385,10.879999999999999,1612.9514810183994
3,28.593380952618396,-7.905293238194997,9.178663012650365,10.879999999999999,1613.359957889151
3,29.338249924296132,-7.921304120806115,8.524304272297487,10.879999999999999,1613.7790757452124
3,29.586539581522047,-7.926641081676487,8.256244709866136,10.879999999999999,1614.201740596377
3,29.586539581522047,-7.926641081676487,8.628518463247781,10.879999999999999,1614.6244054475417
3,29.462385902522698,-7.924417294086554,8.830507567628244,10.879999999999999,1615.0452966747205
3,29.214064383569042,-7.920859168000893,8.932769559594718,10.879999999999999,1615.4626404516287
3,28.965724454983903,-7.919080064378027,9.071309838467736,10.879999999999999,1615.8764365152713
3,28.593204649085845,-7.919524844722224,9.151128533488716,10.879999999999999,1616.284910867401
3,28.46903562888944,-7.9205626536894025,9.293376074000289,10.879999999999999,1616.6916113763853
3,28.344872745250996,-7.922193471553156,9.36209904771057,10.879999999999999,1617.0965381298888
3,28.220714109935784,-7.924120779775063,9.377432998484204,10.879999999999999,1617.4996911886021
3,28.344867788935133,-7.92189699218513,9.306232277255098,10.879999999999999,1617.9046178713013
3,28.344867788935133,-7.92189699218513,9.325996485320632,10.879999999999999,1618.3095445540005
3,28.220714109935784,-7.924120779775063,9.3010768490654,10.879999999999999,1618.7126976127138
3,28.220714109935784,-7.924120779775063,9.39267972763866,10.879999999999999,1619.115850671427
3,28.220714109935784,-7.924120779775063,9.47137617677214,10.879999999999999,1619.5190037301404
3,28.344872745250996,-7.922193471553156,9.414133408331933,10.879999999999999,1619.923930483644
3,28.71737130904839,-7.9181905245434345,9.25828716521034,10.879999999999999,1620.3341786452017
3,29.214059663071044,-7.915818368343904,8.994401765900946,10.879999999999999,1620.751522354674
3,29.089886866489973,-7.916263148688101,8.799153804129736,10.879999999999999,1621.1670921670525
3,28.965715486059715,-7.917004446443668,8.853625219454301,10.879999999999999,1621.5808881025675
3,28.841544105629456,-7.917745744199236,9.097204711555214,10.879999999999999,1621.9929101612195
3,28.841544105629456,-7.917745744199236,9.183175681991498,10.879999999999999,1622.4049322198714
3,28.717372725199198,-7.918487041954803,9.125800065634989,10.879999999999999,1622.81518040166
3,28.717372725199198,-7.918487041954803,9.104775091701033,10.879999999999999,1623.2254285834485
3,28.59320134476894,-7.91922833971037,9.017394268788289,10.879999999999999,1623.6339028883738
3,28.59320134476894,-7.91922833971037,8.84816934061871,10.879999999999999,1624.042377193299
3,28.59320134476894,-7.91922833971037,8.735978106587309,10.879999999999999,1624.4508514982242
3,28.59320134476894,-7.91922833971037,8.809564612677043,10.879999999999999,1624.8593258031494
3,28.469028548187868,-7.9196731200545685,8.885745275726883,10.879999999999999,1625.2660262109807
3,28.344855043529375,-7.919821380451108,8.888022897606804,10.879999999999999,1625.6709527116025
3,28.22068153887088,-7.9196731200545685,8.830619866392492,10.879999999999999,1626.0741053050149
3,28.22068153887088,-7.9196731200545685,8.722136023789792,10.879999999999999,1626.4772578984273
3,28.09650874228981,-7.91922833971037,8.73434346569046,10.879999999999999,1626.8786365947458
3,27.848168105645417,-7.917449231014977,8.777752057037729,10.879999999999999,1627.2764675676835
3,27.848168105645417,-7.917449231014977,8.756676003658944,10.879999999999999,1627.6742985406213
3,27.724001681700603,-7.916114912808835,8.66854631980536,10.879999999999999,1628.0703557075028
3,27.47567213810809,-7.9131497739209085,8.58071770650275,10.879999999999999,1628.4628653094758
3,27.103172866273653,-7.909146819302481,8.81699976677654,10.879999999999999,1628.8500534932796
3,26.482326585202976,-7.903957764603357,9.123816799803244,10.879999999999999,1629.2283724444967
3,25.86146378241994,-7.901733867109515,9.472862853986083,10.879999999999999,1629.5978219271026
3,24.992255858523684,-7.904847323600894,9.824530145677011,10.879999999999999,1629.9548541536528
3,24.247248818046838,-7.911963711038797,10.154575053052266,10.879999999999999,1630.301243422482
3,23.626456821458497,-7.921600233831452,10.585997381001222,10.879999999999999,1630.6387642342172
3,23.378154891757028,-7.926344280207267,10.934778993358151,10.879999999999999,1630.972737875528
3,22.136777406607,-7.955993442875107,11.186038965213037,10.879999999999999,1631.2889775527653
3,22.012650632171656,-7.959403004224515,11.427635237351652,10.879999999999999,1631.6034439903679
3,22.136792038713214,-7.956586302985272,11.58558948037737,10.879999999999999,1631.9196838766352
3,22.385093968414683,-7.951842256609457,11.330301149098338,10.879999999999999,1632.2394709333269
3,22.881735590312502,-7.944726024727721,10.949178282870003,10.879999999999999,1632.5663528703312
3,23.62676599713844,-7.941167800573527,10.384047134632823,10.879999999999999,1632.9038780988617
3,24.24761935896721,-7.944874268215799,9.772507682607278,10.879999999999999,1633.2502726611326
3,24.371785782912024,-7.9462085864219425,9.421487129710954,10.879999999999999,1633.59844102946
3,24.24761935896721,-7.9448742682158,9.825390346607822,10.879999999999999,1633.944835591731
3,23.9992898153747,-7.941909129327874,10.198923991145293,10.879999999999999,1634.2876825890935
3,23.875120795178294,-7.940871320360695,10.424767516170451,10.879999999999999,1634.6287557433104
3,23.750947998597223,-7.940426540016498,10.535647433864161,10.879999999999999,1634.9680550004332
3,23.875120795178294,-7.940871320360696,10.550445319028443,10.879999999999999,1635.3091281546501
3,24.123465208213005,-7.9420573995876955,10.307955647467061,10.879999999999999,1635.653749086196
3,24.49597934950378,-7.944281292854399,10.059631549413222,10.879999999999999,1636.0036916483318
3,25.36514266503103,-7.953621502543748,9.650829466314033,10.879999999999999,1636.3660508292608
3,25.61346441998654,-7.95717963201101,9.1907864378263,10.879999999999999,1636.731957463832
3,25.737627303624983,-7.958810449874763,9.018530564122056,10.879999999999999,1637.099637853884
3,25.737627303624983,-7.958810449874763,9.408343457563028,10.879999999999999,1637.4673182439358
3,25.737627303624983,-7.958810449874763,9.645895410411818,10.879999999999999,1637.8349986339877
3,25.737627303624983,-7.958810449874763,9.71566154056655,10.879999999999999,1638.2026790240395
3,25.861793727569797,-7.960144768080905,9.659871093830125,10.879999999999999,1638.5721332201476
3,25.861793727569797,-7.960144768080905,9.632710835815292,10.879999999999999,1638.9415874162557
3,25.98596298378393,-7.96118257902073,9.502702308652802,10.879999999999999,1639.3128154588812
3,25.98596298378393,-7.96118257902073,9.44873269768638,10.879999999999999,1639.6840435015067
3,25.98596298378393,-7.96118257902073,9.617369739424305,10.879999999999999,1640.0552715441322
3,26.11013436421419,-7.961923876776298,9.682964188053537,10.879999999999999,1640.428273463621
3,26.11013436421419,-7.961923876776298,9.771785855229494,10.879999999999999,1640.80127538311
3,26.23430716079526,-7.962368657120496,9.783815669033348,10.879999999999999,1641.1760511996927
3,26.730995514817916,-7.964740813320027,9.716075487567544,10.879999999999999,1641.55792256419
3,26.97933638748233,-7.966519923706263,9.551629022142668,10.879999999999999,1641.9433416554398
3,27.724322186151237,-7.975415306553705,9.281044596175915,10.879999999999999,1642.3394034009561
3,27.972643705104893,-7.978973432639366,8.939157878374592,10.879999999999999,1642.7390125967434
3,28.096810129049707,-7.980307750845508,9.01935187219217,10.879999999999999,1643.140395598587
3,28.220979385263842,-7.981345561785333,9.311842052713645,10.879999999999999,1643.5435524469478
3,28.3451507656941,-7.982086859540901,9.492212968077489,10.879999999999999,1643.948483172172
3,28.593495178728812,-7.983272938767901,9.491878437050538,10.879999999999999,1644.3569616747252
3,28.717667975309883,-7.983717719112098,9.267453027345917,10.879999999999999,1644.7672140743725
3,28.96601451257485,-7.984310760416455,9.131091249379487,10.879999999999999,1645.181014281695
3,29.58687023461729,-7.988017242149105,8.76897259429019,10.879999999999999,1645.6036838564753
3,29.711039490831425,-7.98905505308893,8.410500847124098,10.879999999999999,1646.028127277773
3,29.711039490831425,-7.98905505308893,8.711380959397832,10.879999999999999,1646.4525706990705
3,29.58686598617293,-7.98890679269239,8.980912227965392,10.879999999999999,1646.8752402131588
3,29.58686598617293,-7.98890679269239,9.145460596926808,10.879999999999999,1647.297909727247
3,29.711038782754002,-7.988462012348192,9.203021288360018,10.879999999999999,1647.7223531384293
3,29.95938532001897,-7.987868971043836,8.878282629529336,10.879999999999999,1648.1503443572867
3,30.08355811660004,-7.987424190699638,8.612332310177608,10.879999999999999,1648.580109473238
3,30.08355811660004,-7.987424190699638,8.455270982656584,10.879999999999999,1649.0098745891894
3,30.207724540544856,-7.986089872493496,8.619362427868154,10.879999999999999,1649.4414135111972
3,30.08355811660004,-7.987424190699638,8.88586963348384,10.879999999999999,1649.8711786271485
3,30.08355811660004,-7.987424190699638,9.035888444742131,10.879999999999999,1650.3009437430999
3,30.08355811660004,-7.987424190699638,9.058433587035081,10.879999999999999,1650.7307088590512
3,30.08355811660004,-7.987424190699638,8.967702297642342,10.879999999999999,1651.1604739750026
3,30.08355811660004,-7.987424190699638,8.764875867156904,10.879999999999999,1651.590239090954
3,30.08355811660004,-7.987424190699638,8.638154441191693,10.879999999999999,1652.0200042069052
3,30.08355811660004,-7.987424190699638,8.767166227128635,10.879999999999999,1652.4497693228566
3,29.959388860385907,-7.988462001639463,8.933314279605964,10.879999999999999,1652.8777605922908
3,29.959388860385907,-7.988462001639463,8.97212623224269,10.879999999999999,1653.305751861725
3,29.83521747995565,-7.989203299395031,8.900902244575741,10.879999999999999,1653.7319692542958
3,29.83521747995565,-7.989203299395031,8.867002603987883,10.879999999999999,1654.1581866468666
3,29.83521747995565,-7.989203299395031,8.735827487456772,10.879999999999999,1654.5844040394375
3,29.83521747995565,-7.989203299395031,8.78199540948585,10.879999999999999,1655.0106214320083
3,29.83521747995565,-7.989203299395031,8.752810332111258,10.879999999999999,1655.4368388245791
3,29.71104609952539,-7.989944597150599,8.71520805674204,10.879999999999999,1655.8612823402866
3,29.71104609952539,-7.989944597150599,8.66853376264516,10.879999999999999,1656.285725855994
3,29.71104609952539,-7.989944597150599,8.61943914889946,10.879999999999999,1656.7101693717016
3,29.71104609952539,-7.989944597150599,8.565867459883403,10.879999999999999,1657.134612887409
3,29.71104609952539,-7.989944597150599,8.5136902820729,10.879999999999999,1657.5590564031165
3,29.71104609952539,-7.989944597150599,8.447727765521858,10.879999999999999,1657.983499918824
3,29.586874719095132,-7.990685894906166,8.455577781167456,10.879999999999999,1658.4061695576681
3,29.46270192251406,-7.991130675250364,8.485354206896284,10.879999999999999,1658.8270652994183
3,29.21435491319707,-7.991130675250364,8.544880552328696,10.879999999999999,1659.2444132267497
3,29.090182116616,-7.990685894906166,8.540924122263668,10.879999999999999,1659.659987256987
3,28.96601073618574,-7.989944597150599,8.548101624879449,10.879999999999999,1660.073787410361
3,28.717675056026792,-7.987572468004631,8.528846669111191,10.879999999999999,1660.4840399111615
3,28.593512172388348,-7.985941650140877,8.523678426433053,10.879999999999999,1660.8925186564813
3,28.221036266442706,-7.980159725475156,8.648484080349233,10.879999999999999,1661.2956763174304
3,27.848560360497064,-7.974377800809435,8.976048719231311,10.879999999999999,1661.693512894009
3,26.855243130164038,-7.96251725652985,9.365947213231893,10.879999999999999,1662.07715922444
3,26.110221220230855,-7.9571799304436714,9.877346475513962,10.879999999999999,1662.450162384729
3,25.24100833980205,-7.956142109640544,10.364041722571114,10.879999999999999,1662.810748218155
3,23.99930869687636,-7.965037627754876,10.823823748864575,10.879999999999999,1663.1535954852532
3,23.378516700288017,-7.974674150547531,11.280168529184158,10.879999999999999,1663.4875742952572
3,23.006072656130684,-7.982234913379136,11.676837906530148,10.879999999999999,1663.816232476059
3,22.88191921311946,-7.984458696742149,11.91295205413387,10.879999999999999,1664.1431170362464
3,22.88191921311946,-7.984458696742149,11.657141438496836,10.879999999999999,1664.4700015964338
3,23.626924129460935,-7.977342329594216,11.29624710724266,10.879999999999999,1664.8075290839975
3,24.247790472624366,-7.976601029020554,10.770430295971266,10.879999999999999,1665.1539260907493
3,25.365275543497155,-7.988609755919401,10.213610560392175,10.879999999999999,1665.5162871699422
3,25.985982576204933,-8.002693262115613,9.558975690764807,10.879999999999999,1665.8875154924594
3,25.985982576204933,-8.002693262115613,9.180224520185114,10.879999999999999,1666.2587438149767
3,26.110130590924044,-8.005213516392814,9.617552341398477,10.879999999999999,1666.6317456805614
3,25.61350596229492,-7.996911324769135,9.943765261093358,10.879999999999999,1666.997652908594
3,25.36517665471166,-7.993946188699239,10.193719011060328,10.879999999999999,1667.36001257509
3,24.868487828629313,-7.992760116235644,10.36398530364118,10.879999999999999,1667.7152766869276
3,24.99265920905957,-7.9920188184800764,10.596935485502572,10.879999999999999,1668.0723146756284
3,25.2410033860709,-7.990832740380311,10.72941152041015,10.879999999999999,1668.4329004382864
3,25.613523900046385,-7.990387959190692,10.389430580934107,10.879999999999999,1668.798807922573
3,26.482718606606664,-7.995577013889874,10.165351713672464,10.879999999999999,1669.177132474096
3,27.227653425614836,-8.008030265819066,9.797898274920719,10.879999999999999,1669.5660989516048
3,27.97243531261766,-8.027598322617528,9.377142436105125,10.879999999999999,1669.9657051703564
3,28.09655359127864,-8.031304283026564,8.838569115924066,10.879999999999999,1670.3670845073746
3,28.34481492811274,-8.037826987223333,9.0083972919754,10.879999999999999,1670.772010434919
3,28.34481492811274,-8.037826987223333,9.36645677385509,10.879999999999999,1671.1769363624633
3,28.46896860711209,-8.040050774813267,9.611544043091365,10.879999999999999,1671.5836359139935
3,28.220640007555787,-8.037085647197452,9.757151424998295,10.879999999999999,1671.9867879141013
3,28.468984184567116,-8.038271725297218,9.919895275842268,10.879999999999999,1672.3934876881665
3,28.717330721832084,-8.038864766601575,9.70621454355326,10.879999999999999,1672.8037352699068
3,29.214023796362024,-8.040050849210289,9.509596108606134,10.879999999999999,1673.2210784669978
3,30.20738351070258,-8.047167263701756,9.256723373702,10.879999999999999,1673.6526125171508
3,30.952348067563552,-8.057841641958737,8.781119858876202,10.879999999999999,1674.094788918116
3,31.57308696127232,-8.070442889392579,8.228132345130044,10.879999999999999,1674.5458330175627
3,31.821376618498235,-8.07577985026295,7.679884397028085,10.879999999999999,1675.0004241121126
3,31.821376618498235,-8.07577985026295,8.05776574657176,10.879999999999999,1675.4550152066624
3,31.573047310914976,-8.072814714193054,8.476213635605093,10.879999999999999,1675.9060587396755
3,31.200531045389504,-8.0714803807693,8.783303086760986,10.879999999999999,1676.3517806117525
3,30.82801761216404,-8.07370426980889,8.981926836024414,10.879999999999999,1676.7921808633548
3,30.45552966926557,-8.078596714100692,9.23847504569226,10.879999999999999,1677.22725985863
3,30.57968334826492,-8.07637292651076,9.476993547953821,10.879999999999999,1677.664112477891
3,30.827995662579482,-8.072221830698922,9.575144581427837,10.879999999999999,1678.1045124159277
3,31.07631741753499,-8.06866370123166,9.354202949081612,10.879999999999999,1678.5484598076068
3,31.69714835719731,-8.061992122882126,9.108973881105902,10.879999999999999,1679.0012762127096
3,32.44218513668979,-8.060213005732479,8.712054802927979,10.879999999999999,1679.4647360003767
3,33.3113831475492,-8.065402080158188,8.221037625811707,10.879999999999999,1679.9406129024844
3,33.3113831475492,-8.065402080158188,7.645812124859894,10.879999999999999,1680.4164898045922
3,33.43555240376334,-8.066439891098014,7.924042979929347,10.879999999999999,1680.8941405532173
3,33.18720822675201,-8.065253812998249,8.30866226895321,10.879999999999999,1681.3682435278852
3,32.814688420853955,-8.065698593342447,8.630466419154102,10.879999999999999,1681.8370247910402
3,32.44218136026475,-8.068812020243982,8.842556179116084,10.879999999999999,1682.3004845247583
3,31.94555814759263,-8.077114188196777,8.931940555202814,10.879999999999999,1682.7568496411525
3,31.94555814759263,-8.077114188196777,9.061746733025073,10.879999999999999,1683.2132147575467
3,31.821423585193877,-8.080227331044139,9.200012789892527,10.879999999999999,1683.6678065230494
3,31.945565227700676,-8.077410624450973,9.279928528346568,10.879999999999999,1684.124171740588
3,32.193866921419136,-8.072666582583839,9.020382185015126,10.879999999999999,1684.5840841251797
3,32.56634282736478,-8.066884657918118,8.698572493189898,10.879999999999999,1685.0493175941422
3,32.56634282736478,-8.066884657918118,8.348768297385398,10.879999999999999,1685.5145510631046
3,32.44218914836543,-8.06910844550805,8.605580819514769,10.879999999999999,1685.9780109080812
3,32.44218914836543,-8.06910844550805,8.832907940345397,10.879999999999999,1686.4414707530577
3,32.31803051305022,-8.071035753729957,8.928064096698773,10.879999999999999,1686.903156903244
3,32.31803051305022,-8.071035753729957,8.935817603366608,10.879999999999999,1687.3648430534304
3,32.31803051305022,-8.071035753729957,8.895785792498904,10.879999999999999,1687.8265292036167
3,32.31803051305022,-8.071035753729957,8.786271144705415,10.879999999999999,1688.288215353803
3,32.31803051305022,-8.071035753729957,8.638326594538563,10.879999999999999,1688.7499015039893
3,32.31803051305022,-8.071035753729957,8.455795898187738,10.879999999999999,1689.2115876541757
3,32.31803051305022,-8.071035753729957,8.399277032661116,10.879999999999999,1689.673273804362
3,32.19386762941177,-8.072666571593711,8.51804706524774,10.879999999999999,1690.133186199068
3,32.069701205466956,-8.074000889799853,8.673086302462876,10.879999999999999,1690.5913247877174
3,31.94553194925282,-8.075038700739679,8.78867841632794,10.879999999999999,1691.0476895298495
3,31.821360568822563,-8.075779998495246,8.778517905621833,10.879999999999999,1691.5022803951185
3,31.69718777224149,-8.076224778839444,8.675317249603316,10.879999999999999,1691.9550973632934
3,31.69718777224149,-8.076224778839444,8.597959619027625,10.879999999999999,1692.4079143314682
3,31.573014267582998,-8.076373039235984,8.486931723533356,10.879999999999999,1692.8589573924337
3,31.448840762924505,-8.076224778839444,8.468801956938837,10.879999999999999,1693.3082265461899
3,31.448840762924505,-8.076224778839444,8.489548653815795,10.879999999999999,1693.757495699946
3,31.07632024894902,-8.075779997649825,8.497082933885277,10.879999999999999,1694.2014431320738
3,30.827973003605955,-8.075779997649825,8.673136541053687,10.879999999999999,1694.641842746411
3,30.20710548031348,-8.076521299632523,9.020526202134919,10.879999999999999,1695.0733728247012
3,29.462072949279495,-8.08007953393182,9.394075338463065,10.879999999999999,1695.4942595811194
3,28.71706590880265,-8.087195921369721,9.82037674438243,10.879999999999999,1695.9045033798166
3,28.220422870895337,-8.094312173541041,10.23747344645863,10.879999999999999,1696.3076522779722
3,27.475517789739957,-8.108544299142444,10.614079024650234,10.879999999999999,1696.7001596749685
3,27.103092862219555,-8.116994418921939,10.902479524467104,10.879999999999999,1697.0873467158574
3,27.227234504726354,-8.114177712328773,11.106989987214142,10.879999999999999,1697.4763072087821
3,27.351382519445465,-8.111657458051571,10.796763695882241,10.879999999999999,1697.8670412447743
3,27.848024141343284,-8.104541226169836,10.368637924951926,10.879999999999999,1698.2648701610792
3,28.468884583885735,-8.102317337130245,9.89547654397559,10.879999999999999,1698.6715685122776
3,29.21390436964115,-8.107654647998844,9.22602971075057,10.879999999999999,1699.0889100032725
3,29.21390436964115,-8.107654647998844,8.837137037726531,10.879999999999999,1699.5062514942674
3,29.21390436964115,-8.107654647998844,9.378940302845447,10.879999999999999,1699.9235929852623
3,28.84140509780671,-8.103651693380415,9.821267844131365,10.879999999999999,1700.335613058088
3,28.468897329164303,-8.100538260560942,10.161101762656122,10.879999999999999,1700.7423115913618
3,28.344725948734045,-8.099796962805375,10.398225599360767,10.879999999999999,1701.1472362477723
3,28.220552680101356,-8.099648702690642,10.534734499266227,10.879999999999999,1701.5503870003452
3,28.59307319407684,-8.099203921501022,10.300357940364549,10.879999999999999,1701.9588594745462
3,28.841419495316405,-8.09979696224176,9.80887614286639,10.879999999999999,1702.3708797530508
3,29.462264596298414,-8.104986007077652,9.264593452832358,10.879999999999999,1702.7917692472836
3,29.58643102024323,-8.106320325283795,9.069937795932427,10.879999999999999,1703.2144325475729
3,29.58643102024323,-8.106320325283795,9.480704608444801,10.879999999999999,1703.6370958478622
3,29.338090383598836,-8.104541216588402,9.842240375214875,10.879999999999999,1704.0562114247707
3,29.213917587017765,-8.104096436244204,10.11038311841767,10.879999999999999,1704.4735531045853
3,29.710610661547705,-8.105282518852917,10.189364950890885,10.879999999999999,1704.8979903997504
3,29.958957198812673,-8.105875560157275,9.910142491237117,10.879999999999999,1705.3259755025906
3,30.20730373607764,-8.106468601461632,9.58555933775692,10.879999999999999,1705.757508413106
3,31.200663450418197,-8.113585015953099,9.198599235957367,10.879999999999999,1706.2032321766835
3,31.94562800727917,-8.12425939421008,8.699257143258611,10.879999999999999,1706.6595982910733
3,31.94562800727917,-8.12425939421008,8.289345089838664,10.879999999999999,1707.115964405463
3,32.06979443122398,-8.125593712416222,8.545654774813219,10.879999999999999,1707.574104325909
3,31.94562800727917,-8.12425939421008,8.862628779209457,10.879999999999999,1708.0304704402988
3,31.94562800727917,-8.12425939421008,9.212364071236893,10.879999999999999,1708.4868365546886
3,31.94562800727917,-8.12425939421008,9.403691095424762,10.879999999999999,1708.9432026690783
3,32.06979726349331,-8.125297205149906,9.354548798056301,10.879999999999999,1709.4013426299855
3,32.44229653532775,-8.129300159768334,9.188722958614425,10.879999999999999,1709.8648040090616
3,32.81478518624308,-8.134192613359595,9.103357626383788,10.879999999999999,1710.3335866545792
3,33.43557836281914,-8.14382915446913,8.83840031527689,10.879999999999999,1710.811237774048
3,33.31141972750393,-8.141901846247222,8.511673497159492,10.879999999999999,1711.2871151987267
3,33.55974903508719,-8.144866982317119,8.776020237356166,10.879999999999999,1711.7665401849422
3,33.4355778906787,-8.14412568597059,9.032715555776319,10.879999999999999,1712.2441912976662
3,33.68392489999569,-8.14412568597059,9.216675928168128,10.879999999999999,1712.725390224809
3,33.93227143726066,-8.143532644666234,9.141502268201107,10.879999999999999,1713.2101369596269
3,34.18061797452563,-8.142939603361878,8.69749749663221,10.879999999999999,1713.69843150212
3,34.80148431768907,-8.143680903935541,8.443179747322084,10.879999999999999,1714.1955955638014
3,34.80148431768907,-8.143680903935541,8.268368660672698,10.879999999999999,1714.6927596254827
3,34.80148431768907,-8.143680903935541,8.555651063200136,10.879999999999999,1715.189923687164
3,34.80148431768907,-8.143680903935541,8.724748843833611,10.879999999999999,1715.6870877488454
3,35.04982873072378,-8.142494824708542,8.822454790656206,10.879999999999999,1716.1877995878558
3,35.2981731437585,-8.141308745481544,8.723123312532428,10.879999999999999,1716.6920592041952
3,35.67069153350171,-8.139974404448951,8.362206637105256,10.879999999999999,1717.2016405118165
3,36.04321133939977,-8.14041918479315,7.901583325514459,10.879999999999999,1717.7165435309507
3,36.04321133939977,-8.14041918479315,7.692658895096647,10.879999999999999,1718.231446550085
3,35.7948640940567,-8.14041918479315,8.009552763890873,10.879999999999999,1718.7428017514285
3,35.670690589398205,-8.14027092439661,8.301105540343322,10.879999999999999,1719.2523830455627
3,34.92564956144724,-8.14027092439661,8.497686685568388,10.879999999999999,1719.7513208964406
3,34.801476764866166,-8.140715704740808,8.689381655086816,10.879999999999999,1720.2484848502245
3,34.677305384435904,-8.141457002496375,8.793192500616607,10.879999999999999,1720.743874927145
3,34.677305384435904,-8.141457002496375,8.872502791819914,10.879999999999999,1721.2392650040656
3,34.677305384435904,-8.141457002496375,8.892704446423744,10.879999999999999,1721.7346550809862
3,34.677305384435904,-8.141457002496375,8.775235766378364,10.879999999999999,1722.2300451579067
3,34.677305384435904,-8.141457002496375,8.580252070480986,10.879999999999999,1722.7254352348273
3,34.677305384435904,-8.141457002496375,8.506236565717275,10.879999999999999,1723.2208253117478
3,34.677305384435904,-8.141457002496375,8.350090564770978,10.879999999999999,1723.7162153886684
3,34.677305384435904,-8.141457002496375,8.247523624214525,10.879999999999999,1724.211605465589
3,34.55313400400564,-8.142198300251943,8.30692213226088,10.879999999999999,1724.7052216656461
3,34.55313400400564,-8.142198300251943,8.368351692132135,10.879999999999999,1725.1988378657034
3,34.42896120742457,-8.142643080596141,8.338055828936087,10.879999999999999,1725.6906801686666
3,34.42896120742457,-8.142643080596141,8.294329078369536,10.879999999999999,1726.18252247163
3,34.30478770276608,-8.14279134099268,8.22598833537246,10.879999999999999,1726.6725908673836
3,34.180614198107584,-8.142643080596141,8.092297877078872,10.879999999999999,1727.160885355928
3,33.93227002109626,-8.141457002496375,8.17590684184987,10.879999999999999,1727.6456320705151
3,33.80810076488212,-8.14041919155655,8.226912140354754,10.879999999999999,1728.1286049385849
3,33.187268645158056,-8.133747600525837,8.333899059975522,10.879999999999999,1728.6027087763728
3,32.68281330305495,-8.133747600525837,8.709974482749885,10.879999999999999,1729.0696061092735
3,31.937806262578103,-8.126631213087935,9.001627980885337,10.879999999999999,1729.5258604844532
3,31.19277373154412,-8.123072978788638,9.431753376984014,10.879999999999999,1729.971471537761
3,30.69607971291014,-8.123072978788638,9.812834531571319,10.879999999999999,1730.4099869622312
3,29.45438006998445,-8.13196849690297,10.253782033382128,10.879999999999999,1730.830763820374
3,28.833588073396108,-8.141605019695627,10.67277454135277,10.879999999999999,1731.2426722214225
3,28.08871910171837,-8.157615902306727,11.022452752677474,10.879999999999999,1731.6439396371613
3,27.84044266085403,-8.163545757382911,11.300300793799703,10.879999999999999,1732.041660246602
3,28.08871910171837,-8.157615902306727,11.488492010240018,10.879999999999999,1732.442927662341
3,28.08871910171837,-8.157615902306727,11.227848043444611,10.879999999999999,1732.8441950780798
3,28.585298416170197,-8.146941980565995,10.899224270892212,10.879999999999999,1733.252556484025
3,28.709452095169546,-8.144718192976061,10.497143169303405,10.879999999999999,1733.6626915139561
3,29.951137576970698,-8.13582277631182,9.738490558366209,10.879999999999999,1734.090564907913
3,30.571993299013137,-8.139529258044469,8.852094608228306,10.879999999999999,1734.5273076693275
3,30.571993299013137,-8.139529258044469,8.965805146734263,10.879999999999999,1734.964050430742
3,30.447824042799002,-8.138491447104645,9.494764419912217,10.879999999999999,1735.399019345639
3,30.075309901508227,-8.136267553837941,9.89729039341725,10.879999999999999,1735.8286666299464
3,29.702791511762594,-8.136712332491282,10.187154436685677,10.879999999999999,1736.2529922229717
3,29.82696076797673,-8.135674521551458,10.34749563209182,10.879999999999999,1736.679091662514
3,30.199468536619136,-8.132561088731984,10.060926321423837,10.879999999999999,1737.1105126416087
3,30.44780940928355,-8.130781978345748,9.5974277221101,10.879999999999999,1737.5454813474555
3,30.820327090953374,-8.129447639849444,9.067474083492826,10.879999999999999,1737.9857717344692
3,31.56535749777931,-8.13300586400364,8.571258510637193,10.879999999999999,1738.436705413009
3,31.31702158160505,-8.130633732603227,8.60724297780256,10.879999999999999,1738.8840914356033
3,31.192855157660237,-8.129299414397085,9.135412006743751,10.879999999999999,1739.3297036521412
3,30.820355885825798,-8.125296459778657,9.530095096588061,10.879999999999999,1739.7699944505102
3,30.820355885825798,-8.125296459778657,9.769711856975325,10.879999999999999,1740.2102852488792
3,30.44783607992774,-8.124851679434459,9.7776582478956,10.879999999999999,1740.6452543357354
3,30.69618308924473,-8.124851679434459,9.753457823159701,10.879999999999999,1741.0837712370103
3,31.192871443267386,-8.12722383563399,9.541736873789008,10.879999999999999,1741.5293836862
3,31.565379211909793,-8.130337268453463,8.900976431252078,10.879999999999999,1741.9803176749415
3,32.186211331633864,-8.137008859484176,8.533507312455875,10.879999999999999,1742.440120693965
3,32.186211331633864,-8.137008859484176,8.366995445731343,10.879999999999999,1742.8999237129883
3,32.186211331633864,-8.137008859484176,8.720782034062609,10.879999999999999,1743.3597267320117
3,31.813712059799425,-8.133005904865747,9.01120357114435,10.879999999999999,1743.814208332866
3,31.44119862657396,-8.130782015826156,9.292680019755984,10.879999999999999,1744.2633683132456
3,31.19285161725697,-8.130782015826156,9.468185266062179,10.879999999999999,1744.7089804792063
3,30.820338184031506,-8.133005904865747,9.627086808136692,10.879999999999999,1745.1492710246926
3,31.068674100205765,-8.130633773465338,9.769419353673022,10.879999999999999,1745.5931092261242
3,31.44118753343123,-8.128409884425746,9.778535949230383,10.879999999999999,1746.0422690480302
3,31.813708047406713,-8.127965103236127,9.405218150850617,10.879999999999999,1746.4967505915647
3,32.558724292873926,-8.133302388742154,9.215486495383264,10.879999999999999,1746.96187522432
3,32.93120019881957,-8.139084313407874,8.861015130452811,10.879999999999999,1747.432320941446
3,33.05535883413478,-8.141011621629781,8.467053620044485,10.879999999999999,1747.9045403533623
3,33.17952171777322,-8.142642439493535,8.816954124950346,10.879999999999999,1748.378533520759
3,32.931186037614275,-8.140270310347567,9.084306616828727,10.879999999999999,1748.848979035582
3,32.931186037614275,-8.140270310347567,9.246588180767827,10.879999999999999,1749.319424550405
3,33.05535741804454,-8.141011608103135,9.03908014583489,10.879999999999999,1749.7916439420915
3,33.17953021462561,-8.141456388447333,8.780053743143478,10.879999999999999,1750.2656372308718
3,33.427877223942595,-8.141456388447333,8.52362483954058,10.879999999999999,1750.743178334071
3,33.427877223942595,-8.141456388447333,8.402964239987568,10.879999999999999,1751.2207194372702
3,33.427877223942595,-8.141456388447333,8.608959643569003,10.879999999999999,1751.6982605404694
3,33.427877223942595,-8.141456388447333,8.70386782999179,10.879999999999999,1752.1758016436686
3,33.3037037192841,-8.141604648843872,8.804092570311099,10.879999999999999,1752.6515688396585
3,33.3037037192841,-8.141604648843872,8.821649732392684,10.879999999999999,1753.1273360356483
3,33.427877223942595,-8.141456388447333,8.730994896107116,10.879999999999999,1753.6048771388475
3,33.427877223942595,-8.141456388447333,8.54776787168357,10.879999999999999,1754.0824182420467
3,33.3037037192841,-8.141604648843872,8.722285462612112,10.879999999999999,1754.5581854380366
3,33.3037037192841,-8.141604648843872,8.8055362935917,10.879999999999999,1755.0339526340265
3,33.17953021462561,-8.141456388447333,8.811429640499895,10.879999999999999,1755.5079459228068
3,33.17953021462561,-8.141456388447333,8.765277052546146,10.879999999999999,1755.9819392115871
3,33.17953021462561,-8.141456388447333,8.688688675300337,10.879999999999999,1756.4559325003675
3,33.17953021462561,-8.141456388447333,8.696001219110297,10.879999999999999,1756.9299257891478
3,33.17953021462561,-8.141456388447333,8.660283925504347,10.879999999999999,1757.403919077928
3,33.17953021462561,-8.141456388447333,8.636359369379662,10.879999999999999,1757.8779123667084
3,33.17953021462561,-8.141456388447333,8.560219106443537,10.879999999999999,1758.3519056554887
3,33.17953021462561,-8.141456388447333,8.52010213712744,10.879999999999999,1758.825898944269
3,33.17953021462561,-8.141456388447333,8.490603730395891,10.879999999999999,1759.2998922330494
3,33.17953021462561,-8.141456388447333,8.419037186301676,10.879999999999999,1759.7738855218297
3,33.17953021462561,-8.141456388447333,8.337202946351109,10.879999999999999,1760.24787881061
3,33.17953021462561,-8.141456388447333,8.280627259876372,10.879999999999999,1760.7218720993903
3,33.17953021462561,-8.141456388447333,8.200052164231703,10.879999999999999,1761.1958653881707
3,33.17953021462561,-8.141456388447333,8.108055691809948,10.879999999999999,1761.669858676951
3,33.17953021462561,-8.141456388447333,8.031482803181737,10.879999999999999,1762.1438519657313
3,33.17953021462561,-8.141456388447333,7.969268563750597,10.879999999999999,1762.6178452545116
3,32.80700970065012,-8.141011607257713,8.138936729586222,10.879999999999999,1763.0865168216637
3,32.06196796462092,-8.141011607257711,8.50570294115076,10.879999999999999,1763.544544935444
3,31.316929060902226,-8.142790729479923,8.894976528419573,10.879999999999999,1763.9919296363141
3,30.571907150969043,-8.1481280555661,9.367957549256188,10.879999999999999,1764.4286711670422
3,29.702768617539277,-8.159543758913642,9.890355337353443,10.879999999999999,1764.852996433007
3,28.709612820291245,-8.180891541528963,10.439818915830283,10.879999999999999,1765.2631337590112
3,27.84072539924383,-8.204758470974822,10.894575057459157,10.879999999999999,1765.6608584075718
3,27.592480110218325,-8.211873999495774,11.299288500879396,10.879999999999999,1766.0550366948607
3,26.971888716913416,-8.230403801540952,11.659909061832696,10.879999999999999,1766.4403493908167
3,27.220133770009742,-8.223288279782508,11.683028141215495,10.879999999999999,1766.829208444674
3,27.4684099749153,-8.217358430341982,11.405683785940775,10.879999999999999,1767.2216143014584
3,28.337515466179003,-8.203867349719468,11.092571837685048,10.879999999999999,1767.6264359509753
3,29.206720085738436,-8.200753905064042,10.5043878300541,10.879999999999999,1768.043674809343
3,30.20005525390368,-8.2102423495059,9.80544511320799,10.879999999999999,1768.4751041701131
3,30.82079414761245,-8.222843596939743,9.031376689688322,10.879999999999999,1768.9154012293648
3,30.94493579011925,-8.225660303532914,8.461278039307565,10.879999999999999,1769.3574717406523
3,31.069089233130473,-8.227884086895928,8.857706046410181,10.879999999999999,1769.8013158725541
3,30.57243061796396,-8.221953814756136,9.141101037646425,10.879999999999999,1770.2380648813821
3,30.199917184738496,-8.219729925716546,9.526270632026774,10.879999999999999,1770.6694922697354
3,29.70322599841018,-8.220916003816312,9.919995986500401,10.879999999999999,1771.0938240697128
3,29.579056742196045,-8.221953814756137,10.218618846186473,10.879999999999999,1771.5163820231728
3,29.951564510838452,-8.218840381936664,10.337015393562204,10.879999999999999,1771.9442615161847
3,30.199905383502866,-8.217061271550428,10.025292550302938,10.879999999999999,1772.375688735949
3,30.57241952479364,-8.214837378283724,9.668530355251173,10.879999999999999,1772.8124375863033
3,31.193285867957073,-8.21409607771006,9.341579115569578,10.879999999999999,1773.2580559558455
3,31.81414158999951,-8.21780255944271,9.075128625340486,10.879999999999999,1773.7125436928454
3,32.06247750617377,-8.220174690843121,8.87501255529218,10.879999999999999,1774.1705790857907
3,32.06247750617377,-8.220174690843121,9.223251469931999,10.879999999999999,1774.628614478736
3,32.06247750617377,-8.220174690843121,9.54972803280205,10.879999999999999,1775.0866498716812
3,32.18664676238791,-8.221212501782947,9.78114875639666,10.879999999999999,1775.5464591111438
3,32.31081601860205,-8.222250312722771,9.704737692302821,10.879999999999999,1776.0080421971238
3,32.55915665524644,-8.224029421418164,9.51902850427025,10.879999999999999,1776.4731730064846
3,33.051000613796965,-8.224029421418164,9.281313291518755,10.879999999999999,1776.9453301581102
3,33.92020027680878,-8.22921850570714,8.977012962638,10.879999999999999,1777.4299044477789
3,34.541031216471104,-8.235890084056676,8.43027865636657,10.879999999999999,1777.9233477508712
3,35.28596815941479,-8.248343371492211,8.057851215655454,10.879999999999999,1778.4274330102915
3,35.41012655873246,-8.250270676050745,7.651249447183617,10.879999999999999,1778.9332919611304
3,35.41012655873246,-8.250270676050745,8.05084162203662,10.879999999999999,1779.4391509119694
3,35.161797015139946,-8.247305537162818,8.420456427798328,10.879999999999999,1779.9414622979
3,34.540943653311174,-8.243599069520545,8.653729456227744,10.879999999999999,1780.4349043500902
3,34.416771092754566,-8.244043849019313,8.85248157079015,10.879999999999999,1780.9265725085581
3,34.16843541259562,-8.246415978165281,9.03457854128998,10.879999999999999,1781.4146930144523
3,34.16843541259562,-8.246415978165281,9.153395244270328,10.879999999999999,1781.9028135203464
3,34.66507845050293,-8.239299725993959,9.19361982374297,10.879999999999999,1782.3980289267822
3,35.03758551109214,-8.236186299092424,8.801230373144827,10.879999999999999,1782.898565862655
3,35.658451854255574,-8.23544499851876,8.49593713230959,10.879999999999999,1783.4079723177158
3,35.906798391520546,-8.236038039823118,8.079491891620744,10.879999999999999,1783.9209265804518
3,36.15514256853187,-8.237224117922883,7.62526564861065,10.879999999999999,1784.437428617145
3,36.15514256853187,-8.237224117922883,7.993498745152794,10.879999999999999,1784.9539306538384
3,35.782634799889465,-8.234110685103408,8.28856619314108,10.879999999999999,1785.4651111509797
3,35.65846837594465,-8.232776366897266,8.528016964378432,10.879999999999999,1785.9745178420646
3,35.16178851877437,-8.229218159651532,8.646525620963107,10.879999999999999,1786.4768291066187
3,34.913441509457385,-8.229218159651532,8.616271745790714,10.879999999999999,1786.9755925567538
3,34.789268712876314,-8.22966293999573,8.8543007292675,10.879999999999999,1787.472582109795
3,34.66509733244605,-8.230404237751298,8.979181103945109,10.879999999999999,1787.9677977859728
3,34.66509733244605,-8.230404237751298,8.982602996521658,10.879999999999999,1788.4630134621507
3,34.66509733244605,-8.230404237751298,8.971397450088801,10.879999999999999,1788.9582291383285
3,34.66509733244605,-8.230404237751298,8.879488255187002,10.879999999999999,1789.4534448145064
3,34.66509733244605,-8.230404237751298,8.692774256337648,10.879999999999999,1789.9486604906842
3,34.66509733244605,-8.230404237751298,8.522946722162919,10.879999999999999,1790.443876166862
3,34.66509733244605,-8.230404237751298,8.299051382657403,10.879999999999999,1790.93909184304
3,34.66509733244605,-8.230404237751298,8.311442586841244,10.879999999999999,1791.4343075192178
3,34.66509733244605,-8.230404237751298,8.274400108815122,10.879999999999999,1791.9295231953956
3,34.66509733244605,-8.230404237751298,8.21946476749456,10.879999999999999,1792.4247388715735
3,34.66509733244605,-8.230404237751298,8.07118847068538,10.879999999999999,1792.9199545477513
3,34.66509733244605,-8.230404237751298,7.901068554020199,10.879999999999999,1793.4151702239292
3,34.66509733244605,-8.230404237751298,7.794132623768824,10.879999999999999,1793.910385900107
3,34.54092595201579,-8.231145535506865,7.786255828509176,10.879999999999999,1794.4038276994215
3,34.16841181072501,-8.23336942877357,7.94611420968026,10.879999999999999,1794.8919478681462
3,33.67173006539618,-8.236927649546042,8.267197477477653,10.879999999999999,1795.3729725833662
3,32.80254527189724,-8.244192326124816,8.654485057704669,10.879999999999999,1795.8415803729647
3,31.685081443201824,-8.258869659000226,9.190646295822678,10.879999999999999,1796.2942243935818
3,30.816005690206385,-8.274436172129755,9.703528194687438,10.879999999999999,1796.734453046299
3,29.947015844415496,-8.294153080804453,10.222148095710034,10.879999999999999,1797.1622675583621
3,29.202280685126517,-8.315499646079784,10.67680369824546,10.879999999999999,1797.5794429967211
3,28.581689291821608,-8.334029448124962,11.044157470216296,10.879999999999999,1797.987752843747
3,28.333427954987506,-8.340552152321731,11.313698819894169,10.879999999999999,1798.392516100247
3,28.333427954987506,-8.340552152321731,11.142041312613461,10.879999999999999,1798.7972793567467
3,28.830069576885325,-8.333435920439996,10.890931494377854,10.879999999999999,1799.2091374935594
3,29.326756514769283,-8.331063771003866,10.412739948399835,10.879999999999999,1799.6280911580561
3,30.07178692159522,-8.334621995158061,9.816578678428542,10.879999999999999,1800.057688114079
3,30.69257655821215,-8.344258481316999,9.144646232214113,10.879999999999999,1800.4961534934819
3,30.69257655821215,-8.344258481316999,8.873613809744569,10.879999999999999,1800.9346188728848
3,30.69257655821215,-8.344258481316999,9.375002476603377,10.879999999999999,1801.3730842522878
3,30.195996771817182,-8.333584549431894,9.791616393036533,10.879999999999999,1801.8044556347422
3,30.07184875709807,-8.331064295154698,10.089582071621221,10.879999999999999,1802.2340534741293
3,29.32686649855586,-8.322168954577563,10.269941915659226,10.879999999999999,1802.6530087098229
3,29.078520197316294,-8.321575913836826,10.36495855022523,10.879999999999999,1803.068416141213
3,29.078520197316294,-8.321575913836826,10.4150635633664,10.879999999999999,1803.4838235726031
3,29.32686649855586,-8.320982873096089,10.399928192048185,10.879999999999999,1803.9027788082967
3,29.699387012531343,-8.321427654285708,10.086272437687668,10.879999999999999,1804.3270557656185
3,29.94773354979631,-8.322020695590066,9.52640223065963,10.879999999999999,1804.7548805306155
3,30.444421903818967,-8.324392851789597,9.305066349795188,10.879999999999999,1805.1898008435273
3,30.444421903818967,-8.324392851789597,9.229630470321833,10.879999999999999,1805.6247211564391
3,30.568594464375575,-8.324837631288364,9.531547560274657,10.879999999999999,1806.0614153630731
3,30.568594464375575,-8.324837631288364,9.716878552614883,10.879999999999999,1806.4981095697071
3,30.568594464375575,-8.324837631288364,9.818857691972632,10.879999999999999,1806.9348037763411
3,30.69276796903407,-8.324985891684904,9.677962627287659,10.879999999999999,1807.3732718901845
3,31.06528635877728,-8.326320232717496,9.309391563595499,10.879999999999999,1807.8170616953098
3,31.437800500068054,-8.3285441259842,9.192077754034603,10.879999999999999,1808.266173131025
3,31.313629119637795,-8.327802828228632,8.98573057542233,10.879999999999999,1808.713510689877
3,31.437801916218866,-8.32824760857283,9.197364838903008,10.879999999999999,1809.162622145823
3,31.437801916218866,-8.32824760857283,9.386511789831143,10.879999999999999,1809.611733601769
3,31.437801916218866,-8.32824760857283,9.500962024795937,10.879999999999999,1810.060845057715
3,31.561974712799937,-8.328692388917029,9.527991227048654,10.879999999999999,1810.5117304107548
3,31.68614750938101,-8.329137169261227,9.447204163667033,10.879999999999999,1810.9643896608889
3,32.05866589912422,-8.330471510293819,9.304510759513434,10.879999999999999,1811.422370602305
3,32.55534717241301,-8.334029727684605,9.08025701877724,10.879999999999999,1811.8874469904822
3,32.92783511531148,-8.338922171976408,8.681636762586614,10.879999999999999,1812.3578446349866
3,33.17615663426514,-8.34248029806207,8.483219704532722,10.879999999999999,1812.8317897297618
3,33.17615663426514,-8.34248029806207,8.832851266863342,10.879999999999999,1813.305734824537
3,33.05199021032033,-8.341145979855927,9.077541630968364,10.879999999999999,1813.7779061132558
3,33.05199021032033,-8.341145979855927,9.207474895671929,10.879999999999999,1814.2500774019745
3,33.176159466534465,-8.342183790795751,9.22150546638857,10.879999999999999,1814.7240225372107
3,33.42450364354579,-8.343369868895516,9.162893011790485,10.879999999999999,1815.201515446404
3,33.797022033289004,-8.344704209928109,9.012297468082478,10.879999999999999,1815.6843300468797
3,34.04536644632372,-8.34589028915511,8.675322390699169,10.879999999999999,1816.1706924246844
3,34.29371274756328,-8.346483329895847,8.25057119852267,10.879999999999999,1816.6606026067925
3,34.29371274756328,-8.346483329895847,8.361212949683754,10.879999999999999,1817.1505127889006
3,34.29371274756328,-8.346483329895847,8.735460107922858,10.879999999999999,1817.6404229710088
3,34.16953924290479,-8.346335069499307,8.975881096351715,10.879999999999999,1818.1285592459074
3,34.29371274756328,-8.346483329895847,9.037224327129628,10.879999999999999,1818.6184694280155
3,34.41788625222178,-8.346631590292386,8.923551246831293,10.879999999999999,1819.110153517333
3,34.6662304292331,-8.347817668392151,8.595747413423114,10.879999999999999,1819.6053853806077
3,34.6662304292331,-8.347817668392151,8.368040969206664,10.879999999999999,1820.1006172438824
3,34.54205692457461,-8.347669407995612,8.52877524174939,10.879999999999999,1820.5940751999478
3,34.54205692457461,-8.347669407995612,8.64661536113158,10.879999999999999,1821.0875331560133
3,34.54205692457461,-8.347669407995612,8.77233565638936,10.879999999999999,1821.5809911120787
3,34.54205692457461,-8.347669407995612,8.772143483148852,10.879999999999999,1822.074449068144
3,34.54205692457461,-8.347669407995612,8.668306348037161,10.879999999999999,1822.5679070242095
3,34.54205692457461,-8.347669407995612,8.57912933611686,10.879999999999999,1823.061364980275
3,34.54205692457461,-8.347669407995612,8.526737821169073,10.879999999999999,1823.5548229363403
3,34.54205692457461,-8.347669407995612,8.383022457558035,10.879999999999999,1824.0482808924057
3,34.54205692457461,-8.347669407995612,8.283734355241984,10.879999999999999,1824.5417388484711
3,34.417883419916116,-8.347521147599073,8.358984320502042,10.879999999999999,1825.033422897327
3,34.293710623335045,-8.347076367254875,8.35633763282593,10.879999999999999,1825.523333049089
3,34.169537826753974,-8.346631586910677,8.31602241981295,10.879999999999999,1826.011469303757
3,34.04536432209548,-8.346483326514138,8.261751765176689,10.879999999999999,1826.4978316512154
3,33.797018020855916,-8.347076367254875,8.363356080794414,10.879999999999999,1826.9806461943704
3,33.30033674756713,-8.350634584645661,8.521163645404297,10.879999999999999,1827.456365290764
3,33.176170323622316,-8.351968902851803,8.808474168267672,10.879999999999999,1827.9303105811016
3,32.0587447297633,-8.369314643878583,9.003683574856549,10.879999999999999,1828.3882926486697
3,31.562165415311473,-8.379988565619318,9.232777840746156,10.879999999999999,1828.8391807260314
3,31.189761728115208,-8.3893279941614,9.496023804390585,10.879999999999999,1829.2847487507188
3,30.693271621922555,-8.403559037678287,9.776050489028545,10.879999999999999,1829.7232240596034
3,30.072726246302008,-8.42357072935869,9.988962866150926,10.879999999999999,1830.1528344345504
3,29.948617171177897,-8.427573067694771,10.138234500461554,10.879999999999999,1830.5806718227102
3,30.19687780017884,-8.421050382095286,10.129953093904152,10.879999999999999,1831.0120557912842
3,30.19687780017884,-8.421050382095286,9.737732495452018,10.879999999999999,1831.4434397598582
3,30.56936574307731,-8.416157937803483,9.302527475575467,10.879999999999999,1831.8801449847592
3,30.56936574307731,-8.416157937803483,9.341924493603576,10.879999999999999,1832.3168502096603
3,30.196857974434902,-8.419271370622956,9.690244120789663,10.879999999999999,1832.7482338950094
3,29.824350205792495,-8.42238480344243,9.972978596192617,10.879999999999999,1833.1742960408064
3,29.451850933958056,-8.426387758060859,10.16056216956899,10.879999999999999,1833.5950367684345
3,29.327688050319612,-8.428018575924613,10.252782233444327,10.879999999999999,1834.014003740582
3,29.57601735790287,-8.425053439854716,10.13911046620013,10.879999999999999,1834.4365182742663
3,29.824357994547263,-8.423274331159323,9.735966522445288,10.879999999999999,1834.8625805313313
3,30.321050597026392,-8.422088249677849,9.3636879364881,10.879999999999999,1835.295738397003
3,30.1968770923679,-8.422236510074388,9.187814940144706,10.879999999999999,1835.7271223554656
3,30.1968770923679,-8.422236510074388,9.492490816796845,10.879999999999999,1836.158506313928
3,29.700188738345243,-8.424608666273919,9.670576944705683,10.879999999999999,1836.582794724476
3,29.57601948213111,-8.425646477213743,9.722804442105856,10.879999999999999,1837.0053092885064
3,29.32769017454785,-8.428611613283639,9.687177099238076,10.879999999999999,1837.4242762909998
3,29.20353153923264,-8.430538921505546,9.858873014786054,10.879999999999999,1837.8414695987033
3,29.20353153923264,-8.430538921505546,9.924938936227706,10.879999999999999,1838.2586629064067
3,29.57601948213111,-8.425646477213743,9.880529258929784,10.879999999999999,1838.6811774704372
3,29.948532915356573,-8.423422588174152,9.523394854051308,10.879999999999999,1839.1090136549424
3,30.19687945262154,-8.422829546869796,9.126528150550634,10.879999999999999,1839.5403976471227
3,30.07270665604047,-8.423274327213994,9.179233725982613,10.879999999999999,1839.970007742209
3,30.07270665604047,-8.423274327213994,9.559105011624617,10.879999999999999,1840.3996178372952
3,29.700192514749695,-8.425498220480698,9.808412125506024,10.879999999999999,1840.8239063017916
3,29.824363895179953,-8.42475692272513,9.858025701092812,10.879999999999999,1841.2499686431513
3,30.072708308214665,-8.423570843498132,9.579833077022144,10.879999999999999,1841.67957876184
3,30.321052721249377,-8.422384764271133,9.329389026357264,10.879999999999999,1842.1127366578578
3,30.817745323728506,-8.421198682789658,9.038631101266951,10.879999999999999,1842.5529901624825
3,30.693571819070012,-8.421050422393119,9.040579654932992,10.879999999999999,1842.9914697598979
3,30.56939902248894,-8.42060564204892,9.343250260055381,10.879999999999999,1843.428175460219
3,30.44522622590787,-8.420160861704723,9.522084564899892,10.879999999999999,1843.8631072634464
3,30.69357276317284,-8.42075390300908,9.59245045813403,10.879999999999999,1844.301586874349
3,30.69357276317284,-8.42075390300908,9.514547410832732,10.879999999999999,1844.7400664852514
3,31.438592548928252,-8.42609121387768,9.136137654871622,10.879999999999999,1845.1891892359504
3,31.81108119984358,-8.43098366746894,8.911935505813533,10.879999999999999,1845.643633253091
3,31.935244083482026,-8.432614485332694,8.560457551527861,10.879999999999999,1846.099851025712
3,31.935244083482026,-8.432614485332694,8.53702028597717,10.879999999999999,1846.5560687983332
3,31.935244083482026,-8.432614485332694,8.82782069631641,10.879999999999999,1847.0122865709543
3,31.81108119984358,-8.43098366746894,9.034133981724867,10.879999999999999,1847.4667305880948
3,31.686918316205137,-8.429352849605186,9.121129058875036,10.879999999999999,1847.919400849755
3,31.686918316205137,-8.429352849605186,9.01555968258123,10.879999999999999,1848.3720711114152
3,31.81108474014995,-8.430687167811328,8.885001885189359,10.879999999999999,1848.8265151791315
3,31.81108474014995,-8.430687167811328,8.777348635857578,10.879999999999999,1849.280959246848
3,31.81108474014995,-8.430687167811328,8.758738152901827,10.879999999999999,1849.7354033145643
3,31.686918316205137,-8.429352849605186,8.851148774063306,10.879999999999999,1850.1880735762245
3,31.686918316205137,-8.429352849605186,8.895840711328391,10.879999999999999,1850.6407438378847
3,31.686918316205137,-8.429352849605186,8.90636874333106,10.879999999999999,1851.0934140995448
3,31.686918316205137,-8.429352849605186,8.900670284975325,10.879999999999999,1851.546084361205
3,31.686918316205137,-8.429352849605186,8.841349694107844,10.879999999999999,1851.9987546228651
3,31.686918316205137,-8.429352849605186,8.76905906457032,10.879999999999999,1852.4514248845253
3,31.686918316205137,-8.429352849605186,8.660077753364847,10.879999999999999,1852.9040951461855
3,31.686918316205137,-8.429352849605186,8.643587869659765,10.879999999999999,1853.3567654078456
3,31.686918316205137,-8.429352849605186,8.619579591087668,10.879999999999999,1853.8094356695058
3,31.686918316205137,-8.429352849605186,8.593485217315768,10.879999999999999,1854.262105931166
3,31.686918316205137,-8.429352849605186,8.520461988377741,10.879999999999999,1854.714776192826
3,31.686918316205137,-8.429352849605186,8.421660597660287,10.879999999999999,1855.1674464544863
3,31.686918316205137,-8.429352849605186,8.349963406242335,10.879999999999999,1855.6201167161464
3,31.686918316205137,-8.429352849605186,8.282144717687308,10.879999999999999,1856.0727869778066
3,31.686918316205137,-8.429352849605186,8.210751478677013,10.879999999999999,1856.5254572394667
3,31.3144190443707,-8.425349894986757,8.334295134391153,10.879999999999999,1856.9728060829577
3,30.817737771081912,-8.421791677595973,8.606600622096936,10.879999999999999,1857.4130594796875
3,30.19687142791848,-8.42105037702231,8.983629632509508,10.879999999999999,1857.8444433572292
3,29.576015705876042,-8.424756858754959,9.341231645863896,10.879999999999999,1858.2669578673133
3,28.955202467711924,-8.43291093257463,9.71292063553415,10.879999999999999,1858.680603616852
3,27.96204667046389,-8.454258715189951,10.117927555687146,10.879999999999999,1859.0800614264301
3,27.217366732317423,-8.477383545492494,10.522249641775222,10.879999999999999,1859.4688809511774
3,26.84506924068579,-8.490279625814004,10.827375294546119,10.879999999999999,1859.8523819403301
3,26.9691783158099,-8.486277287477924,11.051687528438134,10.879999999999999,1860.2376559162703
3,26.9691783158099,-8.486277287477924,10.67316898984212,10.879999999999999,1860.6229298922105
3,27.589914849749125,-8.473676087948355,10.399826811360569,10.879999999999999,1861.0170715329214
3,28.08659234672727,-8.470117897611004,10.055210743301302,10.879999999999999,1861.418308566446
3,28.45911002839709,-8.471452236107309,9.697202123540153,10.879999999999999,1861.8248672811374
3,28.45911002839709,-8.471452236107309,9.321685130752366,10.879999999999999,1862.2314259958287
3,28.334938647966833,-8.470710938351742,9.669719729319413,10.879999999999999,1862.6362108336568
3,28.210765851385762,-8.470266158007544,9.94487444833689,10.879999999999999,1863.0392217743909
3,27.962419314120794,-8.469673116703186,10.152440412468767,10.879999999999999,1863.4386849074497
3,27.589899508222736,-8.470117897047384,10.444333292522057,10.879999999999999,1863.8328263289957
3,27.714072304803807,-8.469673116703186,10.627637883716936,10.879999999999999,1864.2287416476358
3,27.8382458094623,-8.469524856306647,10.400059658393905,10.879999999999999,1864.6264308734853
3,27.962419314120794,-8.469673116703186,10.076648307764888,10.879999999999999,1865.0258940065441
3,28.95575448228604,-8.479161561145045,9.839273634732193,10.879999999999999,1865.4395476420054
3,29.328215519284083,-8.485832923914842,9.316084344426429,10.879999999999999,1865.8585221494238
3,29.576517448985552,-8.490576970290657,8.932704188241273,10.879999999999999,1866.2810438272666
3,29.576517448985552,-8.490576970290657,9.251815406283761,10.879999999999999,1866.7035655051093
3,29.452363769986203,-8.488353182700724,9.590651580988984,10.879999999999999,1867.1243135589662
3,29.452363769986203,-8.488353182700724,9.749195276011001,10.879999999999999,1867.545061612823
3,29.576522405301414,-8.49028049092263,9.578833437763006,10.879999999999999,1867.9675833614701
3,29.576522405301414,-8.49028049092263,9.573961958901846,10.879999999999999,1868.3901051101172
3,29.824851712884673,-8.493245626992527,9.505963360939528,10.879999999999999,1868.8161744203014
3,29.949020969098807,-8.494283437932353,9.377350054218475,10.879999999999999,1869.2440175770028
3,29.949020969098807,-8.494283437932353,9.4456661517045,10.879999999999999,1869.671860733704
3,29.949020969098807,-8.494283437932353,9.540876643264733,10.879999999999999,1870.0997038904054
3,30.073192349529066,-8.49502473568792,9.730800972082065,10.879999999999999,1870.52932092397
3,30.321536762563778,-8.496210814914921,9.842734891770801,10.879999999999999,1870.9624857348638
3,30.94239366471507,-8.49991730369276,9.835411701906647,10.879999999999999,1871.404519930074
3,31.314901433357477,-8.503030736512233,9.413749959595789,10.879999999999999,1871.8518756648361
3,32.308184677153115,-8.517263200275718,8.928638347488725,10.879999999999999,1872.3134211602242
3,33.05301116824313,-8.535052697876422,8.341802233319765,10.879999999999999,1872.7856070340563
3,33.30127250507723,-8.54157540207319,8.04911650732885,10.879999999999999,1873.2613394984146
3,33.42541414758403,-8.544392108666361,8.501905172834146,10.879999999999999,1873.7388454148086
3,33.30126613286492,-8.54187185438916,8.904134801679229,10.879999999999999,1874.214577788135
3,33.425419811864266,-8.544095641979094,9.179322493462783,10.879999999999999,1874.6920837854475
3,33.425419811864266,-8.544095641979094,9.124511078323586,10.879999999999999,1875.1695897827599
3,33.92987515396737,-8.544095641979094,8.756541731406168,10.879999999999999,1875.6543022849594
3,34.178196672921025,-8.547653768064755,8.292410792671308,10.879999999999999,1876.1425622374297
3,34.178196672921025,-8.547653768064755,8.166679207219131,10.879999999999999,1876.6308221899
3,34.30236805335129,-8.548395065820323,8.220948311079074,10.879999999999999,1877.1208560192338
3,34.30236805335129,-8.548395065820323,8.40737347551375,10.879999999999999,1877.6108898485675
3,34.30236805335129,-8.548395065820323,8.562233418640973,10.879999999999999,1878.1009236779012
3,34.30236805335129,-8.548395065820323,8.625057328690755,10.879999999999999,1878.5909575072349
3,34.42654155800978,-8.548246805423783,8.6044156923362,10.879999999999999,1879.0827652437779
3,34.42654155800978,-8.548246805423783,8.526631897495735,10.879999999999999,1879.574572980321
3,34.42654155800978,-8.548246805423783,8.356720225869708,10.879999999999999,1880.066380716864
3,34.42654155800978,-8.548246805423783,8.208210968162321,10.879999999999999,1880.558188453407
3,34.42654155800978,-8.548246805423783,8.404559828521327,10.879999999999999,1881.04999618995
3,34.42654155800978,-8.548246805423783,8.499442824381974,10.879999999999999,1881.541803926493
3,34.30236805335129,-8.548395065820323,8.466400016604245,10.879999999999999,1882.0318377558267
3,34.30236805335129,-8.548395065820323,8.490551973119018,10.879999999999999,1882.5218715851604
3,34.30236805335129,-8.548395065820323,8.450871388961637,10.879999999999999,1883.011905414494
3,34.178194548692794,-8.548246805423783,8.384969219757195,10.879999999999999,1883.5001653366182
3,34.178194548692794,-8.548246805423783,8.430366640173979,10.879999999999999,1883.9884252587424
3,34.178194548692794,-8.548246805423783,8.347028765326664,10.879999999999999,1884.4766851808665
3,34.178194548692794,-8.548246805423783,8.305558427380253,10.879999999999999,1884.9649451029907
3,34.05402175211172,-8.547802025079585,8.240444965950449,10.879999999999999,1885.4514311280209
3,33.92985037168146,-8.547060727324018,8.27457995186037,10.879999999999999,1885.9361432761877
3,33.92985037168146,-8.547060727324018,8.25189496567744,10.879999999999999,1886.4208554243546
3,33.92985037168146,-8.547060727324018,8.175290208955278,10.879999999999999,1886.9055675725215
3,33.80568111546732,-8.546022916384192,8.109235559676499,10.879999999999999,1887.388505874171
3,33.68151469152251,-8.54468859817805,8.028543173946053,10.879999999999999,1887.8696703697642
3,33.68151469152251,-8.54468859817805,7.903286118656915,10.879999999999999,1888.3508348653575
3,33.43318514793,-8.541723459290123,7.919726692211197,10.879999999999999,1888.8284517960421
3,32.9365137876121,-8.53697920099819,8.2196754142738,10.879999999999999,1889.2989734215794
3,32.191481256578115,-8.533420966698893,8.671144812745533,10.879999999999999,1889.7588517252448
3,31.446444477085638,-8.53520008384854,9.116392082137335,10.879999999999999,1890.208086646346
3,30.204801479304123,-8.55002572192761,9.608822643191528,10.879999999999999,1890.639583810336
3,29.21164568205609,-8.571373504542931,10.129556499184725,10.879999999999999,1891.0568930343654
3,28.342819382875074,-8.597315178096823,10.626788808301612,10.879999999999999,1891.4617904541208
3,27.59825625631303,-8.623996330515471,11.042636043551616,10.879999999999999,1891.8560512577824
3,26.977870163895833,-8.648452972625245,11.393616468815198,10.879999999999999,1892.2414494029808
3,26.977870163895833,-8.648452972625245,11.629524277408132,10.879999999999999,1892.6268475481793
3,26.977870163895833,-8.648452972625245,11.3439260713827,10.879999999999999,1893.0122456933777
3,27.22611521699216,-8.641337450866802,10.970879595535822,10.879999999999999,1893.4011901964777
3,28.343485584663924,-8.621323590810348,10.370184683533678,10.879999999999999,1893.8060971334014
3,28.964346027206375,-8.619099701770757,9.907034308581302,10.879999999999999,1894.2198735052186
3,29.088518823787446,-8.619544482114955,9.401952998071282,10.879999999999999,1894.6354237741298
3,29.088518823787446,-8.619544482114955,9.736611578845332,10.879999999999999,1895.050974043041
3,28.716000434044236,-8.618210141082363,10.083582382607691,10.879999999999999,1895.46120262067
3,28.343480628146178,-8.618654921426561,10.320715991414735,10.879999999999999,1895.8661094867864
3,28.095139991501785,-8.620434030121954,10.473029876918101,10.879999999999999,1896.2674686295222
3,28.21930924771592,-8.619396219182129,10.546437722540153,10.879999999999999,1896.6706016187752
3,28.715997601738575,-8.617024062982598,10.339648258559427,10.879999999999999,1897.080830155943
3,29.336863944902007,-8.617765363556261,10.041120640825227,10.879999999999999,1897.4999282122988
3,29.957709045884016,-8.622954408392154,9.547342132012181,10.879999999999999,1897.9278954843828
3,30.578501042472357,-8.63259093118481,9.027551477784936,10.879999999999999,1898.364731213561
3,30.826802972173827,-8.637334977560625,8.653514888930657,10.879999999999999,1898.8051141131637
3,30.826802972173827,-8.637334977560625,9.035151569260698,10.879999999999999,1899.2454970127662
3,30.578490657859263,-8.633183881748785,9.361373134447215,10.879999999999999,1899.6823325935927
3,30.578490657859263,-8.633183881748785,9.601801166836358,10.879999999999999,1900.1191681744192
3,30.08181316088112,-8.629625691411434,9.750509467110874,10.879999999999999,1900.5489083624318
3,30.08181316088112,-8.629625691411434,9.833327631273306,10.879999999999999,1900.9786485504444
3,30.33015757391583,-8.628439612184435,9.841945779929006,10.879999999999999,1901.411936515786
3,30.82684639998526,-8.626067453730437,9.75368188582456,10.879999999999999,1901.8523200357859
3,31.19936478972847,-8.624733112697845,9.407843680792956,10.879999999999999,1902.2980252470677
3,31.696058808362448,-8.624733112697845,9.060943323529544,10.879999999999999,1902.750826087187
3,32.44107859411786,-8.630070423566444,8.754358376522228,10.879999999999999,1903.2142700671031
3,32.44107859411786,-8.630070423566444,8.481775288914235,10.879999999999999,1903.6777140470192
3,32.565245018062676,-8.631404741772586,8.710299018190147,10.879999999999999,1904.1429318329915
3,32.31690438141828,-8.629625633077193,9.091716226873698,10.879999999999999,1904.6046018955833
3,32.06855808017872,-8.629032592336456,9.340177534240086,10.879999999999999,1905.0627241538716
3,32.06855808017872,-8.629032592336456,9.44680765812058,10.879999999999999,1905.52084641216
3,32.31690249321343,-8.627846513109457,9.452446806411887,10.879999999999999,1905.9825164477772
3,32.68942088295665,-8.626512172076865,9.014580166877755,10.879999999999999,1906.4495081746766
3,33.061941396932134,-8.626067390887245,8.539882180199548,10.879999999999999,1906.921821623204
3,33.31028486587411,-8.62488131616918,8.432800626104612,10.879999999999999,1907.3976828355737
3,33.31028486587411,-8.62488131616918,8.719889952049307,10.879999999999999,1907.8735440479434
3,33.05805719482256,-8.62488131616918,8.937787457521486,10.879999999999999,1908.3458020078695
3,32.933890770877746,-8.626215634375322,9.088135705265877,10.879999999999999,1908.816286161739
3,33.05805719482256,-8.62488131616918,9.12829107285955,10.879999999999999,1909.2885441216652
3,33.31028486587411,-8.62488131616918,8.990894249414696,10.879999999999999,1909.7644053340348
3,33.43445412208825,-8.623843505229356,8.83676765975278,10.879999999999999,1910.2420403929218
3,33.682798299099574,-8.62265742712959,8.579573385899199,10.879999999999999,1910.723223225766
3,33.806971095680645,-8.622212646785393,8.227810514025801,10.879999999999999,1911.2061799557043
3,33.682798299099574,-8.62265742712959,8.504209963176063,10.879999999999999,1911.6873627885486
3,33.55862479444108,-8.62280568752613,8.704920259699428,10.879999999999999,1912.1667717141836
3,33.55862479444108,-8.62280568752613,8.876629672085457,10.879999999999999,1912.6461806398186
3,33.55862479444108,-8.62280568752613,8.908833127158351,10.879999999999999,1913.1255895654535
3,33.55862479444108,-8.62280568752613,8.774401637689,10.879999999999999,1913.6049984910885
3,33.55862479444108,-8.62280568752613,8.59105128190498,10.879999999999999,1914.0844074167235
3,33.55862479444108,-8.62280568752613,8.551715725231535,10.879999999999999,1914.5638163423585
3,33.55862479444108,-8.62280568752613,8.388989134434444,10.879999999999999,1915.0432252679934
3,33.55862479444108,-8.62280568752613,8.222819944141701,10.879999999999999,1915.5226341936284
3,33.43445128978259,-8.62265742712959,8.308839395199552,10.879999999999999,1916.0002692120538
3,33.31027778512409,-8.622509166733051,8.322046561163917,10.879999999999999,1916.47613032327
3,33.1861042804656,-8.622360906336512,8.275307161353737,10.879999999999999,1916.9502175272767
3,33.1861042804656,-8.622360906336512,8.204035920269067,10.879999999999999,1917.4243047312834
3,33.1861042804656,-8.622360906336512,8.041868255438441,10.879999999999999,1917.8983919352902
3,33.1861042804656,-8.622360906336512,7.851278202523813,10.879999999999999,1918.372479139297
3,33.1861042804656,-8.622360906336512,7.81608187285401,10.879999999999999,1918.8465663433037
3,32.93775774320063,-8.621767865032155,7.824860691736159,10.879999999999999,1919.317105739635
3,32.44106466867069,-8.620581782423441,8.14020556938043,10.879999999999999,1919.780549520616
3,31.571851788241887,-8.621619603226568,8.458073281892402,10.879999999999999,1920.2315759747337
3,30.826829878308704,-8.626956929312746,8.922197017466452,10.879999999999999,1920.6719592587094
3,29.833512647975677,-8.638817473592331,9.404282277197145,10.879999999999999,1921.0981522965376
3,28.964438546897107,-8.654383957133428,9.87259956549724,10.879999999999999,1921.5119299900648
3,27.847229608874404,-8.68240218950323,10.418368260103422,10.879999999999999,1921.9097475559058
3,27.10254754751913,-8.705527085738579,10.971160330323675,10.879999999999999,1922.2969268065847
3,26.482051728133072,-8.727020552941097,11.451691253737314,10.879999999999999,1922.6752418312724
3,26.482051728133072,-8.727020552941097,11.837391469402036,10.879999999999999,1923.05355685596
3,26.357933449472092,-8.730726513350133,11.6438731575228,10.879999999999999,1923.430098762381
3,27.10275994056211,-8.712937015749429,11.40573993353939,10.879999999999999,1923.8172810472463
3,27.72355193715045,-8.703300492956773,10.822831531497632,10.879999999999999,1924.2133317892055
3,28.46857880363772,-8.69974228571104,10.132106290851558,10.879999999999999,1924.6200257721146
3,29.586023515986913,-8.714419367502739,9.263069054020411,10.879999999999999,1925.0426832509145
3,29.958427203183177,-8.723758796044821,8.693624485758109,10.879999999999999,1925.4706607823884
3,29.958427203183177,-8.723758796044821,9.148799612878577,10.879999999999999,1925.8986383138624
3,29.71015099827762,-8.717828946604289,9.639611826773372,10.879999999999999,1926.3230690424093
3,29.213527785605503,-8.709526778651494,9.952555864796729,10.879999999999999,1926.7404051536323
3,28.841020725016296,-8.706413351749958,10.14726003352585,10.879999999999999,1927.1524197354183
3,28.716847928435225,-8.70596857140576,10.242734477792043,10.879999999999999,1927.5626604201102
3,28.841020725016296,-8.706413351749958,10.24450993538086,10.879999999999999,1927.9746750018962
3,29.21353486630707,-8.708637245016662,9.733500661097676,10.879999999999999,1928.392011214272
3,29.586049007597847,-8.710861138283367,9.41174826195175,10.879999999999999,1928.8146690572378
3,29.710221804178918,-8.711305918627565,9.229505652155702,10.879999999999999,1929.2391007972974
3,29.586048299520424,-8.711157658231025,9.47805325503126,10.879999999999999,1929.6617586301477
3,29.586048299520424,-8.711157658231025,9.657417652492908,10.879999999999999,1930.084416462998
3,29.586048299520424,-8.711157658231025,9.76307109859716,10.879999999999999,1930.5070742958483
3,29.586048299520424,-8.711157658231025,9.83497776381451,10.879999999999999,1930.9297321286986
3,29.710221804178918,-8.711305918627565,9.783125110658691,10.879999999999999,1931.3541638687582
3,29.958565981190247,-8.71249199672733,9.65982355465933,10.879999999999999,1931.782143382775
3,30.455237341508145,-8.717236255019264,9.498632740384583,10.879999999999999,1932.2172182019394
3,30.951880379415456,-8.724352507190597,9.187490511558098,10.879999999999999,1932.6593879216455
3,30.951880379415456,-8.724352507190597,8.803616150054754,10.879999999999999,1933.1015576413515
3,31.07604680336027,-8.725686825396739,9.047376739687744,10.879999999999999,1933.5455011671138
3,31.07604680336027,-8.725686825396739,9.253270160218644,10.879999999999999,1933.989444692876
3,31.07604680336027,-8.725686825396739,9.493785463274822,10.879999999999999,1934.4333882186384
3,31.200216059574405,-8.726724636336563,9.47803207279057,10.879999999999999,1934.879105590918
3,31.696887419892303,-8.731468894628497,9.306565726898997,10.879999999999999,1935.3319182683451
3,32.069376070807635,-8.736361348219758,8.968308592549418,10.879999999999999,1935.7900522122138
3,32.069376070807635,-8.736361348219758,8.673531982102343,10.879999999999999,1936.2481861560825
3,32.069376070807635,-8.736361348219758,8.925315474998925,10.879999999999999,1936.7063200999512
3,32.069376070807635,-8.736361348219758,9.182473373071101,10.879999999999999,1937.16445404382
3,32.069376070807635,-8.736361348219758,9.333982785999446,10.879999999999999,1937.6225879876886
3,32.19354532702177,-8.737399159159583,9.35345381084593,10.879999999999999,1938.0824957780746
3,32.44188619968619,-8.73917826954582,9.146435654126932,10.879999999999999,1938.545951295213
3,32.690230376697514,-8.740364347645585,8.84252133472971,10.879999999999999,1939.0129545863085
3,32.690230376697514,-8.740364347645585,8.597169564715468,10.879999999999999,1939.479957877404
3,32.814403173278585,-8.739919567301387,8.743225308716053,10.879999999999999,1939.9487350655938
3,32.93857455370885,-8.73917826954582,8.855171414275988,10.879999999999999,1940.419286130647
3,32.93857455370885,-8.73917826954582,8.858898371059274,10.879999999999999,1940.8898371957
3,33.062743809922985,-8.738140458605994,8.757687716934472,10.879999999999999,1941.3621621072703
3,33.062743809922985,-8.738140458605994,8.650338529091126,10.879999999999999,1941.8344870188405
3,33.062743809922985,-8.738140458605994,8.5886591671652,10.879999999999999,1942.3068119304107
3,33.062743809922985,-8.738140458605994,8.599897623898073,10.879999999999999,1942.779136841981
3,33.062743809922985,-8.738140458605994,8.74688690600442,10.879999999999999,1943.2514617535512
3,33.062743809922985,-8.738140458605994,8.732945822493397,10.879999999999999,1943.7237866651215
3,33.062743809922985,-8.738140458605994,8.609513971018128,10.879999999999999,1944.1961115766917
3,33.062743809922985,-8.738140458605994,8.52596127616802,10.879999999999999,1944.668436488262
3,33.062743809922985,-8.738140458605994,8.622132518609856,10.879999999999999,1945.1407613998322
3,32.93857455370885,-8.739178269545818,8.586108324991478,10.879999999999999,1945.6113124648853
3,32.93857455370885,-8.739178269545818,8.543868554730658,10.879999999999999,1946.0818635299383
3,32.93857455370885,-8.739178269545818,8.546934095675445,10.879999999999999,1946.5524145949914
3,32.93857455370885,-8.739178269545818,8.495055319399295,10.879999999999999,1947.0229656600445
3,32.93857455370885,-8.739178269545818,8.437716107639044,10.879999999999999,1947.4935167250976
3,32.93857455370885,-8.739178269545818,8.405773062056019,10.879999999999999,1947.9640677901507
3,32.814403173278585,-8.739919567301385,8.372939274185056,10.879999999999999,1948.4328449783404
3,32.814403173278585,-8.739919567301385,8.309196527173302,10.879999999999999,1948.9016221665302
3,32.814403173278585,-8.739919567301385,8.254196557804677,10.879999999999999,1949.37039935472
3,32.69023179284833,-8.740660865056952,8.169341703150485,10.879999999999999,1949.8374026660463
3,32.69023179284833,-8.740660865056952,8.063345929811884,10.879999999999999,1950.3044059773727
3,32.69023179284833,-8.740660865056952,7.976986903107739,10.879999999999999,1950.771409288699
3,32.56606041241807,-8.74140216281252,7.907445012802463,10.879999999999999,1951.236638723162
3,32.441887615837,-8.741846943156718,7.907384811789222,10.879999999999999,1951.7000942605312
3,32.19354060652001,-8.741846943156718,7.939049830025643,10.879999999999999,1952.1600019834814
3,31.94519642950868,-8.740660865056952,7.953080521630461,10.879999999999999,1952.6163619324743
3,31.821025049078422,-8.739919567301385,8.196246963381645,10.879999999999999,1953.070948004604
3,30.5792935428806,-8.736954363597699,8.547239961610808,10.879999999999999,1953.5077950552165
3,29.58590833792234,-8.739326526560648,9.05709962053249,10.879999999999999,1953.9304508886155
3,28.592545791344765,-8.746442961342218,9.687100053703379,10.879999999999999,1954.338915828492
3,27.475081962649355,-8.761120294217628,10.311262375123958,10.879999999999999,1954.731416999387
3,26.109456396490067,-8.78884303857206,10.919764817231808,10.879999999999999,1955.1044092336226
3,25.11641104915367,-8.814933855359136,11.44449841813373,10.879999999999999,1955.4632151057533
3,24.619920471102656,-8.829164912401042,11.956796602550742,10.879999999999999,1955.8149282553404
3,24.619920471102656,-8.829164912401042,12.153995703486455,10.879999999999999,1956.1666414049275
3,24.74406824984441,-8.826644662914276,11.923815003485757,10.879999999999999,1956.520128094211
3,25.36488148800853,-8.818490589094605,11.64265188165603,10.879999999999999,1956.8824835440398
3,25.98574193055098,-8.816266700055014,11.119652117180543,10.879999999999999,1957.253708428762
3,26.730761716306393,-8.821604010923613,10.471882586083492,10.879999999999999,1957.6355764532805
3,27.72396093974329,-8.840580034114716,9.773529148991514,10.879999999999999,1958.031633038134
3,27.72396093974329,-8.840580034114716,9.221828224444106,10.879999999999999,1958.4276896229876
3,27.72396093974329,-8.840580034114716,9.607802384926952,10.879999999999999,1958.8237462078412
3,27.351516895585956,-8.833019271283112,9.926504465300095,10.879999999999999,1959.2144821634924
3,26.730724898997615,-8.823382748490447,10.261379428672305,10.879999999999999,1959.5963496620495
3,26.482384970412475,-8.821603644867581,10.540268007883675,10.879999999999999,1959.974669447341
3,26.358211465753982,-8.821455384471042,10.878905795654934,10.879999999999999,1960.3512153254233
3,26.730731979729466,-8.821900165660661,11.109349226943262,10.879999999999999,1960.7330829251337
3,26.979078516994434,-8.822493206965019,10.841928376430623,10.879999999999999,1961.1184983325193
3,27.351596906737644,-8.823827547997611,10.534459477175446,10.879999999999999,1961.5092354311869
3,28.22078004811246,-8.83109221076786,10.200689140639245,10.879999999999999,1961.912389431874
3,29.21402647345669,-8.847696546673461,9.51806872221195,10.879999999999999,1962.329732667209
3,29.8347346859907,-8.861780079639287,9.014888267413868,10.879999999999999,1962.7559431627233
3,29.9588763284975,-8.864596786232452,9.222371783809253,10.879999999999999,1963.1839271102733
3,30.083029771508723,-8.866820569595468,9.741078977506382,10.879999999999999,1963.6136846784377
3,29.95886688787028,-8.865189751731714,10.159654374179988,10.879999999999999,1964.0416684911215
3,30.33136615970472,-8.869192706350143,10.152389508784971,10.879999999999999,1964.4749737219745
3,30.57970207587898,-8.871564837750554,9.889034398657358,10.879999999999999,1964.9118266087728
3,31.200534195603048,-8.878236428781268,9.588484733881044,10.879999999999999,1965.3575485258527
3,32.566276588097395,-8.89943677892513,8.935607693080357,10.879999999999999,1965.8227810485398
3,33.43526643388829,-8.919153687599827,8.217420048472587,10.879999999999999,1966.3004277118812
3,34.5523288185496,-8.952507267883401,7.42297381750486,10.879999999999999,1966.794032409289
3,34.924682946770034,-8.963625127977926,7.198959229320844,10.879999999999999,1967.2929564513856
3,35.04881750916879,-8.966738270825287,7.63161820971112,10.879999999999999,1967.7936538443737
3,34.80052785194288,-8.96140130995492,7.913206418466647,10.879999999999999,1968.2908042422587
3,34.30388623004506,-8.954285078073179,8.214402138252108,10.879999999999999,1968.7808597598307
3,34.30388623004506,-8.954285078073179,8.551142358187402,10.879999999999999,1969.2709152774028
3,33.80719362756593,-8.954285078073179,8.836087577005507,10.879999999999999,1969.753875186368
3,33.55885299092154,-8.956064186768572,9.030767949836669,10.879999999999999,1970.2332873719527
3,33.68301941486635,-8.95472986856243,9.189777791322113,10.879999999999999,1970.7144733635937
3,33.807185838811165,-8.953395550356287,9.289794657550434,10.879999999999999,1971.197433161291
3,34.30386711209995,-8.949837332965501,9.156888836835265,10.879999999999999,1971.6874884057495
3,34.80055971457908,-8.949837332965501,8.831491342739628,10.879999999999999,1972.184639258815
3,35.4214048155611,-8.955026377801394,8.426334449361498,10.879999999999999,1972.6906593276087
3,35.91804785346841,-8.962142629972726,7.910561217654088,10.879999999999999,1973.203774296944
3,36.29052375941405,-8.967924554638465,7.44424382623848,10.879999999999999,1973.72221035065
3,36.29052375941405,-8.967924554638465,7.752677589530485,10.879999999999999,1974.2406464043559
3,35.91802519561666,-8.963921607628745,8.094090973746447,10.879999999999999,1974.7537610500076
3,35.29716121270727,-8.963180309873177,8.301660675953457,10.879999999999999,1975.258006210189
3,35.04882057606288,-8.96495941856857,8.555742798662788,10.879999999999999,1975.75870364699
3,34.800491268479625,-8.967924554638467,8.762132470853278,10.879999999999999,1976.255853522254
3,34.3038666398505,-8.976226746262146,8.968008256212972,10.879999999999999,1976.7459087599661
3,34.3038666398505,-8.976226746262146,9.055804220113538,10.879999999999999,1977.2359639976783
3,34.0556053030164,-8.982749450458915,9.029178125478332,10.879999999999999,1977.7224726448642
3,34.3038666398505,-8.976226746262146,8.925551048753192,10.879999999999999,1978.2125278825763
3,34.67630997607576,-8.968665997801846,8.74275592740678,10.879999999999999,1978.7079037393773
3,34.80046861139097,-8.96673868957994,8.482168955964106,10.879999999999999,1979.2050532909686
3,34.552146856435456,-8.970296819047201,8.218173125619725,10.879999999999999,1979.6986553889178
3,34.552146856435456,-8.970296819047201,8.513166593546076,10.879999999999999,1980.192257486867
3,34.179670950489815,-8.976078743712922,8.652995179778069,10.879999999999999,1980.6805385004454
3,34.055517271490466,-8.978302531302855,8.719269034232696,10.879999999999999,1981.1670458900383
3,33.6830930518658,-8.986752635020583,8.731669673691952,10.879999999999999,1981.6482329336363
3,33.55896627743045,-8.99016219636999,8.802198864627968,10.879999999999999,1982.1276467375997
3,33.1866114414475,-9.001280077597096,8.956520910032602,10.879999999999999,1982.601741186763
3,33.062493162786524,-9.004986038006132,9.036856651805143,10.879999999999999,1983.07406251766
3,32.93836638835118,-9.008395599355541,9.044701144911992,10.879999999999999,1983.544610608922
3,32.81423182595242,-9.011508742202903,8.951532286900113,10.879999999999999,1984.0133853492928
3,32.81423182595242,-9.011508742202903,8.86650503534502,10.879999999999999,1984.4821600896635
3,32.81423182595242,-9.011508742202903,8.776256126414006,10.879999999999999,1984.9509348300342
3,32.69009018344562,-9.014325448796068,8.92663296569408,10.879999999999999,1985.4179361183692
3,32.44178848972716,-9.019069490663203,8.98229584154585,10.879999999999999,1985.881390239651
3,32.31762985441195,-9.02099679888511,9.03360627614291,10.879999999999999,1986.3430706661425
3,32.1934669707735,-9.022627616748863,8.958481597978228,10.879999999999999,1986.8029773371536
3,32.069300546828686,-9.023961934955006,8.913406416921626,10.879999999999999,1987.2611102021083
3,31.94513129061455,-9.024999745894831,8.914460358264813,10.879999999999999,1987.7174692205456
3,31.820959910184293,-9.025741043650399,8.992388278549791,10.879999999999999,1988.1720543621198
3,31.57261549714958,-9.026927122877398,8.961376551370385,10.879999999999999,1988.6230917263647
3,31.57261549714958,-9.026927122877398,8.917754283466437,10.879999999999999,1989.0741290906096
3,31.44844270056851,-9.027371903221596,8.867273231510572,10.879999999999999,1989.5233925577606
3,31.44844270056851,-9.027371903221596,8.782210592883901,10.879999999999999,1989.9726560249117
3,31.324269195910016,-9.027520163618135,8.78823632842357,10.879999999999999,1990.4201455848531
3,31.200095691251523,-9.027371903221596,8.744770381465695,10.879999999999999,1990.8658612375852
3,31.200095691251523,-9.027371903221596,8.682100152264596,10.879999999999999,1991.3115768903174
3,31.07592289467045,-9.026927122877398,8.680413282751562,10.879999999999999,1991.7555186459556
3,30.57923406860102,-9.024554964423396,8.8992433591384,10.879999999999999,1992.1923648469356
3,30.082541466121892,-9.023368882941922,9.193615796510384,10.879999999999999,1992.6221154393088
3,29.3375025624032,-9.025148005164134,9.561375962490906,10.879999999999999,1993.0412226187716
3,28.592480652470016,-9.030485331250311,9.966618548803806,10.879999999999999,1993.4496866280926
3,27.847492729720244,-9.03938073946,10.362505099157296,10.879999999999999,1993.847507952803
3,27.35086810109112,-9.04768293108368,10.74676016932451,10.879999999999999,1994.2382346399613
3,26.978424056933786,-9.055243693915283,11.04828657032207,10.879999999999999,1994.6236406979176
3,26.978424056933786,-9.055243693915283,11.27114636994675,10.879999999999999,1995.009046755874
3,27.10258198425717,-9.053316396683496,10.969681289160409,10.879999999999999,1995.3962264985062
3,27.59926892214113,-9.050944247247365,10.617920234700383,10.879999999999999,1995.7905017688224
3,28.344299328967065,-9.05450247140156,10.329652555835711,10.879999999999999,1996.1954203306648
3,28.840940950864884,-9.061618703283303,9.807844413226752,10.879999999999999,1996.60743377282
3,28.965094629864232,-9.063842490873235,9.351850023614828,10.879999999999999,1997.021220838961
3,28.840940950864884,-9.061618703283301,9.69489103400188,10.879999999999999,1997.4332342811163
3,28.592639021163414,-9.056874656907485,10.058631492294722,10.879999999999999,1997.8417005528472
3,28.468485342164065,-9.054650869317552,10.461668035452925,10.879999999999999,1998.2483932005923
3,28.344326706848854,-9.05272356109564,10.74670496997826,10.879999999999999,1998.6533121535474
3,28.592656014432112,-9.055688697165536,10.661911227798731,10.879999999999999,1999.0617786680393
3,28.96515528626655,-9.059691651783965,10.505647278608373,10.879999999999999,1999.4755666007002
3,29.461798324173863,-9.066807903955297,10.006183901582974,10.879999999999999,1999.8964494339027
3,30.206665172109883,-9.082818740916787,9.48743265546254,10.879999999999999,2000.3279732220758
3,30.82725538581061,-9.101348507740994,9.210933464367018,10.879999999999999,2000.7683625847303
3,31.0754827395957,-9.10905680648611,8.903851354385896,10.879999999999999,2001.2122980524389
3,31.0754827395957,-9.10905680648611,9.201114469308825,10.879999999999999,2001.6562335201475
3,31.0754827395957,-9.10905680648611,9.43469587555742,10.879999999999999,2002.100168987856
3,31.0754827395957,-9.10905680648611,9.604308725448872,10.879999999999999,2002.5441044555646
3,31.1996243821025,-9.111873513079276,9.56756963218886,10.879999999999999,2002.9898133753088
3,31.704079724205602,-9.111873513079276,9.347218947315348,10.879999999999999,2003.4427287999404
3,32.07652376836294,-9.119434275910882,9.042386281699962,10.879999999999999,2003.9009648537742
3,32.07652376836294,-9.119434275910882,8.694885446594448,10.879999999999999,2004.359200907608
3,32.07652376836294,-9.119434275910882,8.977889740021698,10.879999999999999,2004.817436961442
3,32.07652376836294,-9.119434275910882,9.162829720072276,10.879999999999999,2005.2756730152757
3,32.20069302457708,-9.120472086850707,9.275147262792357,10.879999999999999,2005.7356829156267
3,32.20069302457708,-9.120472086850707,9.340487436434671,10.879999999999999,2006.1956928159777
3,32.573207165867856,-9.122695980117411,9.300367511151892,10.879999999999999,2006.6610243469188
3,32.81912914514312,-9.122695980117411,9.16047188300082,10.879999999999999,2007.1298690489923
3,33.06505112441839,-9.122695980117411,8.948798861375689,10.879999999999999,2007.6022269221983
3,33.685896225400406,-9.127885024953304,8.660983400911276,10.879999999999999,2008.0834540111325
3,34.30671064359262,-9.136039114272073,8.11045463746748,10.879999999999999,2008.5735498774695
3,34.30671064359262,-9.136039114272073,7.821661398590558,10.879999999999999,2009.0636457438065
3,34.43087989980676,-9.137076925211897,8.198784588658423,10.879999999999999,2009.555515456661
3,34.182535722795436,-9.135890847112131,8.439718190977066,10.879999999999999,2010.043837395558
3,33.685844536467116,-9.137076925211897,8.603437204629191,10.879999999999999,2010.525063746079
3,33.43750885630817,-9.139449054357865,8.713604871862206,10.879999999999999,2011.0027424440264
3,33.18918733735451,-9.143007180443526,9.00052048223383,10.879999999999999,2011.4768736917028
3,33.18918733735451,-9.143007180443526,9.185147666666856,10.879999999999999,2011.9510049393793
3,33.43750885630817,-9.139449054357865,9.22900377437741,10.879999999999999,2012.4286836373267
3,33.43750885630817,-9.139449054357865,8.983150388274277,10.879999999999999,2012.906362335274
3,33.56167173994662,-9.13781823649411,8.701294254213325,10.879999999999999,2013.3858147887017
3,33.56167173994662,-9.13781823649411,8.656386527457554,10.879999999999999,2013.8652672421294
3,33.56167173994662,-9.13781823649411,8.88638953377246,10.879999999999999,2014.3447196955572
3,33.43751310463141,-9.139745544716018,9.008163081014656,10.879999999999999,2014.8223984541949
3,33.313354469316195,-9.141672852937925,9.04571189053336,10.879999999999999,2015.2983035180423
3,33.56168377689945,-9.138707716868028,9.063542242219592,10.879999999999999,2015.7777561434266
3,33.81002441354384,-9.136928608172635,9.035414733747713,10.879999999999999,2016.2607564921916
3,34.30671701602297,-9.13574252669116,8.654084084336917,10.879999999999999,2016.7508524495634
3,34.6792346976928,-9.137076865187465,8.330299245506609,10.879999999999999,2017.2462700881017
3,34.55506331726254,-9.136335567431898,8.056728812388585,10.879999999999999,2017.739913849777
3,34.430891936832275,-9.13559426967633,8.373961569690586,10.879999999999999,2018.2317837345888
3,34.18254775982095,-9.134408191576565,8.603929886219083,10.879999999999999,2018.7201058454434
3,33.68585657349263,-9.13559426967633,8.703707208324765,10.879999999999999,2019.2013323679219
3,33.437515700828214,-9.137373380062566,8.987440786456416,10.879999999999999,2019.679011163648
3,33.06500793218581,-9.140486812882042,9.215439159554252,10.879999999999999,2020.1513684198221
3,32.56834931701929,-9.146417085021834,9.356057245325584,10.879999999999999,2020.6166305529223
3,32.44419068170408,-9.148344393243741,9.49227620251594,10.879999999999999,2021.0801189912324
3,32.44419068170408,-9.148344393243741,9.547953967972296,10.879999999999999,2021.5436074295426
3,32.81667862460255,-9.143451948951938,9.460838500964881,10.879999999999999,2022.0124171241798
3,33.18918639324496,-9.140338516132463,8.993677136717244,10.879999999999999,2022.486548358369
3,33.31335777367522,-9.139597218376895,8.548193669365338,10.879999999999999,2022.9624534694215
3,33.31335777367522,-9.139597218376895,8.789265690223454,10.879999999999999,2023.438358580474
3,33.18918639324496,-9.140338516132463,9.091519975493448,10.879999999999999,2023.912489814663
3,32.94085071308601,-9.14271064527843,9.266459195704796,10.879999999999999,2024.3830733962786
3,32.68862304203446,-9.14271064527843,9.329555001990258,10.879999999999999,2024.8500537254506
3,32.81278946597927,-9.141376327072289,9.290843660271424,10.879999999999999,2025.3188078606788
3,33.061130102623665,-9.139597218376895,8.891545214358107,10.879999999999999,2025.7911097192878
3,32.8152081233484,-9.139597218376895,8.73825577250708,10.879999999999999,2026.2598984067643
3,32.8152081233484,-9.139597218376895,8.95680155879383,10.879999999999999,2026.7286870942407
3,32.8152081233484,-9.139597218376895,9.182300700184687,10.879999999999999,2027.1974757817172
3,32.8152081233484,-9.139597218376895,9.29419959203117,10.879999999999999,2027.6662644691937
3,32.8152081233484,-9.139597218376895,9.299709733973847,10.879999999999999,2028.1350531566702
3,32.8152081233484,-9.139597218376895,9.196384515008486,10.879999999999999,2028.6038418441467
3,32.8152081233484,-9.139597218376895,8.997406813821414,10.879999999999999,2029.0726305316232
3,32.8152081233484,-9.139597218376895,8.701439704077327,10.879999999999999,2029.5414192190997
3,32.8152081233484,-9.139597218376895,8.507816734341041,10.879999999999999,2030.0102079065762
3,32.8152081233484,-9.139597218376895,8.55150590494767,10.879999999999999,2030.4789965940527
3,32.69103532676733,-9.140041998721093,8.723897417300142,10.879999999999999,2030.946011384435
3,32.44268831745034,-9.140041998721093,8.770458532554608,10.879999999999999,2031.4094783603987
3,32.44268831745034,-9.140041998721093,8.83147493888626,10.879999999999999,2031.8729453363624
3,32.31851552086927,-9.139597218376895,8.851273766140448,10.879999999999999,2032.334638415232
3,32.31851552086927,-9.139597218376895,8.751636376976586,10.879999999999999,2032.7963314941014
3,32.194344140439014,-9.138855920621328,8.706522789557175,10.879999999999999,2033.2562506961076
3,32.07017276000876,-9.13811462286576,8.737365699046466,10.879999999999999,2033.7143960212506
3,31.9460013795785,-9.137373325110193,8.760150073954009,10.879999999999999,2034.1707674695303
3,31.821829999148243,-9.136632027354626,8.900415339639746,10.879999999999999,2034.6253650409467
3,31.325137396669113,-9.135445945873151,9.075364538310975,10.879999999999999,2035.0728670037563
3,30.95261971499929,-9.136780284369456,9.272484667129108,10.879999999999999,2035.515047285399
3,30.580111946356883,-9.13989371718893,9.533944594328922,10.879999999999999,2035.95190602749
3,30.08345333119037,-9.145823989328722,9.826082494536806,10.879999999999999,2036.381669646507
3,29.586828702561245,-9.154126180952401,10.065577807855497,10.879999999999999,2036.8043386279721
3,29.338526772859776,-9.158870227328215,10.333699647441323,10.879999999999999,2037.223460439013
3,29.214373093860427,-9.161094014918149,10.547591714386146,10.879999999999999,2037.640808626068
3,29.338535741493253,-9.159463200154214,10.595315984418441,10.879999999999999,2038.0599305652322
3,29.83521701478204,-9.15590498276343,10.240873510880737,10.879999999999999,2038.4861479511576
3,30.456080997691426,-9.156646280518997,9.832402080140103,10.879999999999999,2038.9212348225533
3,31.201088038168272,-9.163762667956899,9.3463903612555,10.879999999999999,2039.36696465167
3,31.201088038168272,-9.163762667956899,8.968638217428136,10.879999999999999,2039.8126944807868
3,31.201088038168272,-9.163762667956899,9.425875688042845,10.879999999999999,2040.2584243099036
3,31.07692161422346,-9.162428349750757,9.785626326223946,10.879999999999999,2040.702380332964
3,30.952752358009324,-9.161390538810931,10.02458294901148,10.879999999999999,2041.1445625095068
3,30.952752358009324,-9.161390538810931,9.847443507991596,10.879999999999999,2041.5867446860498
3,31.44942371832722,-9.166134797102865,9.481721447102517,10.879999999999999,2042.0360221677402
3,32.070238136519436,-9.174288886421634,8.992600121840152,10.879999999999999,2042.4941684268333
3,32.070238136519436,-9.174288886421634,8.72947414747706,10.879999999999999,2042.9523146859265
3,32.070238136519436,-9.174288886421634,9.02844902415807,10.879999999999999,2043.4104609450196
3,31.94607171257462,-9.172954568215491,9.275978785606423,10.879999999999999,2043.8668333980563
3,31.821905288629807,-9.171620250009349,9.512390006101962,10.879999999999999,2044.3214320450368
3,31.821905288629807,-9.171620250009349,9.59458485897237,10.879999999999999,2044.7760306920172
3,31.821905288629807,-9.171620250009349,9.588829799159724,10.879999999999999,2045.2306293389977
3,32.19440456046424,-9.175623204627778,9.49988955786602,10.879999999999999,2045.690549404147
3,32.442726079417895,-9.179181330713444,9.337692791984486,10.879999999999999,2046.1540169195673
3,32.939329466854815,-9.188669414447713,9.106084554093014,10.879999999999999,2046.624578769094
3,32.939329466854815,-9.188669414447713,8.980389102097925,10.879999999999999,2047.0951406186205
3,32.939329466854815,-9.188669414447713,9.218204181077454,10.879999999999999,2047.565702468147
3,32.939329466854815,-9.188669414447713,9.470834677822403,10.879999999999999,2048.0362643176736
3,33.06349589079963,-9.190003732653855,9.634972633891891,10.879999999999999,2048.5085999732564
3,33.43599516263407,-9.194006687272283,9.556939694439533,10.879999999999999,2048.986257047008
3,33.56015804627252,-9.195637505136038,9.257757111509893,10.879999999999999,2049.4656878762407
3,34.30509498921621,-9.208090792571573,8.876774546124167,10.879999999999999,2049.955760661801
3,34.925835062811764,-9.22069206395758,8.438216751356093,10.879999999999999,2050.4547011626983
3,35.04998850582299,-9.222915847320596,7.969981764534244,10.879999999999999,2050.95541528421
3,35.04998850582299,-9.222915847320596,8.217786410628957,10.879999999999999,2051.456129405722
3,34.80165919823973,-9.2199507112507,8.571068195371923,10.879999999999999,2051.9532959656967
3,34.677489942025595,-9.218912900310876,8.833704263161751,10.879999999999999,2052.448688679154
3,34.180798755697275,-9.21772682221111,8.99635960042791,10.879999999999999,2052.9369858042355
3,33.932458827112136,-9.219505925833976,9.070683765963784,10.879999999999999,2053.4217352160513
3,33.932458827112136,-9.219505925833976,9.110273176593568,10.879999999999999,2053.906484627867
3,34.429138684282414,-9.215947718588243,9.126214257191053,10.879999999999999,2054.398329466214
3,34.80165849018047,-9.216392498932441,8.794950076066542,10.879999999999999,2054.8954960160736
3,35.17417263147125,-9.218616392199145,8.51244344189345,10.879999999999999,2055.3979841965233
3,35.17417263147125,-9.218616392199145,8.171126516474354,10.879999999999999,2055.900472376973
3,35.17417263147125,-9.218616392199145,8.418395828960895,10.879999999999999,2056.402960557423
3,35.05000337525711,-9.217578581259321,8.652873486519061,10.879999999999999,2056.903674891355
3,34.925834119042975,-9.216540770319497,8.766462111523582,10.879999999999999,2057.40261537877
3,35.05000549947324,-9.217282068075065,8.756782528551694,10.879999999999999,2057.9033297430483
3,35.05000549947324,-9.217282068075065,8.597415473312868,10.879999999999999,2058.4040441073266
3,35.17417829605431,-9.217726848419263,8.477216606469513,10.879999999999999,2058.9065323686987
3,35.17417829605431,-9.217726848419263,8.270054119186966,10.879999999999999,2059.4090206300707
3,35.17417829605431,-9.217726848419263,8.18265358858615,10.879999999999999,2059.9115088914427
3,35.17417829605431,-9.217726848419263,8.186431072837886,10.879999999999999,2060.4139971528148
3,35.17417829605431,-9.217726848419263,8.187024501078422,10.879999999999999,2060.916485414187
3,35.17417829605431,-9.217726848419263,8.082933684825498,10.879999999999999,2061.418973675559
3,35.17417829605431,-9.217726848419263,8.06957519395849,10.879999999999999,2061.921461936931
3,35.17417829605431,-9.217726848419263,7.943262220469469,10.879999999999999,2062.423950198303
3,35.17417829605431,-9.217726848419263,7.909928109360123,10.879999999999999,2062.926438459675
3,35.05000549947324,-9.217282068075065,7.881793177829642,10.879999999999999,2063.4271528239533
3,34.925834119042975,-9.216540770319497,7.869542873973415,10.879999999999999,2063.9260933113683
3,34.553319977752196,-9.214316877052793,8.061614870500257,10.879999999999999,2064.419712168193
3,33.93245363458876,-9.21357557647913,8.275889510166223,10.879999999999999,2064.90446150583
3,33.31159791254632,-9.217282058211781,8.648883402061948,10.879999999999999,2065.3803414760096
3,32.442459379116556,-9.228697761559323,9.083279343932073,10.879999999999999,2065.8438051814255
3,31.325129370440774,-9.25138000694022,9.570133055895004,10.879999999999999,2066.2913070295745
3,30.580345359938473,-9.270948119530528,9.96055882534061,10.879999999999999,2066.728169106145
3,29.959801163834637,-9.290959773173219,10.368987208802686,10.879999999999999,2067.156166265628
3,29.587535528904226,-9.304744845270372,10.71168860512969,10.879999999999999,2067.5788453446125
3,28.843108320068797,-9.334981645295004,10.984453352296164,10.879999999999999,2067.990889749185
3,28.9671735045305,-9.329794040375415,11.220384703288403,10.879999999999999,2068.4047065135355
3,28.9671735045305,-9.329794040375415,11.117156835661287,10.879999999999999,2068.818523277886
3,29.463626796628148,-9.314377486840392,10.861096529456901,10.879999999999999,2069.2394322321234
3,30.084333829335925,-9.30029398064418,10.366137967798164,10.879999999999999,2069.669208429685
3,30.70514470744788,-9.292139937822618,9.71750519491011,10.879999999999999,2070.107853354077
3,31.450180070787525,-9.292139937822618,9.000025096609098,10.879999999999999,2070.557141640803
3,31.57434932700166,-9.293177748762442,8.667063450368865,10.879999999999999,2071.008203774046
3,31.450180070787525,-9.292139937822618,9.283424978562405,10.879999999999999,2071.4574920607715
3,30.953498325458693,-9.288581717050144,9.831209949764368,10.879999999999999,2071.8996848939923
3,30.58098064378887,-9.28724737855384,10.27692042953371,10.879999999999999,2072.3365560460466
3,30.58098064378887,-9.28724737855384,10.441040379674833,10.879999999999999,2072.7734271981008
3,30.705154148447363,-9.287395638950379,10.181334731392843,10.879999999999999,2073.212072257364
3,31.077672538190573,-9.288729979982971,9.67592895127387,10.879999999999999,2073.65603900791
3,31.574361364260003,-9.291102138436973,9.129422689151644,10.879999999999999,2074.1071013131136
3,31.574361364260003,-9.291102138436973,8.939490367953455,10.879999999999999,2074.5581636183174
3,31.450188567678932,-9.290657358092774,9.338421628779857,10.879999999999999,2075.007452026427
3,31.32601506302044,-9.290509097696235,9.663699735798126,10.879999999999999,2075.454966527327
3,31.450188567678932,-9.290657358092774,9.903808391747377,10.879999999999999,2075.9042549354367
3,31.822702000904396,-9.292881247132364,9.9667385153544,10.879999999999999,2076.358864964021
3,32.31936061607091,-9.298811519272157,9.612097531599849,10.879999999999999,2076.820570115679
3,32.81596258761139,-9.308299575954369,9.203312568564018,10.879999999999999,2077.2893695812163
3,33.31248526127958,-9.321344984347906,8.754833132404794,10.879999999999999,2077.765262227806
3,33.43661203571493,-9.324754545697314,8.585145810870593,10.879999999999999,2078.2429281140307
3,33.560753442256484,-9.327571246936555,9.008220666768201,10.879999999999999,2078.72236744892
3,33.560753442256484,-9.327571246936555,9.298277681961984,10.879999999999999,2079.2018067838094
3,33.560753442256484,-9.327571246936555,9.488954146077065,10.879999999999999,2079.6812461186987
3,33.68490712125583,-9.329795034526487,9.411665667911533,10.879999999999999,2080.1624590775737
3,34.05736815825388,-9.336466397296286,9.145568852509285,10.879999999999999,2080.648992908406
3,34.55397201765682,-9.345954490047918,8.800315849980132,10.879999999999999,2081.142621080087
3,34.67812569665617,-9.34817827763785,8.433592331286533,10.879999999999999,2081.6380228757534
3,34.80228433197138,-9.350105585859762,8.316718222664349,10.879999999999999,2082.1351983662103
3,35.05061363955463,-9.353070721929658,8.491777720950727,10.879999999999999,2082.635921418204
3,34.926444383340495,-9.352032910989834,8.751302402495163,10.879999999999999,2083.1348706236804
3,35.05061576377076,-9.352774208745402,8.97705704430657,10.879999999999999,2083.63559370602
3,35.17478714420102,-9.353515506500969,9.104512188876736,10.879999999999999,2084.1380906652225
3,35.5473012854918,-9.355739399767673,9.150754231057,10.879999999999999,2084.6459092550153
3,35.91981542678258,-9.357963293034377,9.071879045761726,10.879999999999999,2085.1590494753978
3,36.416497172111406,-9.361521513806851,8.850538938615294,10.879999999999999,2085.679285149285
3,37.28566048763865,-9.3708617234962,8.49756227060335,10.879999999999999,2086.211937441966
3,37.78228511626778,-9.379163915119891,8.000808211782198,10.879999999999999,2086.7516843721983
3,37.906443515585444,-9.381091219678424,7.549222836973769,10.879999999999999,2087.2932049938495
3,37.906443515585444,-9.381091219678424,7.78827006316559,10.879999999999999,2087.8347256155007
3,37.78227709164063,-9.379756901472282,7.93852119841193,10.879999999999999,2088.3744724310955
3,37.90644634785477,-9.380794712412108,8.186121809718422,10.879999999999999,2088.915993093208
3,37.782274967424506,-9.38005341465654,8.197883515001305,10.879999999999999,2089.455739878457
3,37.658102170843435,-9.379608634312342,8.133252048798148,10.879999999999999,2089.9937127666117
3,37.28558236494538,-9.38005341465654,8.223296391632102,10.879999999999999,2090.5263639432537
3,37.037241728300984,-9.381832523351934,8.44360457876329,10.879999999999999,2091.0554673965153
3,36.91307530435617,-9.383166841558076,8.619893062639177,10.879999999999999,2091.5827970437203
3,36.66475378540251,-9.386724967643737,8.684473087566122,10.879999999999999,2092.106579240655
3,36.54060010640316,-9.38894875523367,8.866248341091318,10.879999999999999,2092.6285878136036
3,36.54060010640316,-9.38894875523367,9.026866417876246,10.879999999999999,2093.1505963865525
3,36.66475378540251,-9.386724967643737,9.107035704657696,10.879999999999999,2093.674378583487
3,36.66475378540251,-9.386724967643737,9.100892041707818,10.879999999999999,2094.1981607804214
3,37.037241728300984,-9.381832523351934,9.03185002727258,10.879999999999999,2094.727264233683
3,37.53392300158977,-9.378274305961147,8.717568581006363,10.879999999999999,2095.2634631337055
3,37.782269302829334,-9.37768126522041,8.438330643080384,10.879999999999999,2095.8032098380318
3,37.90644280748783,-9.37753300482387,8.106532573625028,10.879999999999999,2096.344730449567
3,37.90644280748783,-9.37753300482387,8.335924969928044,10.879999999999999,2096.8862510611025
3,37.6580986304765,-9.378719082923636,8.547325675801364,10.879999999999999,2097.424223898681
3,37.6580986304765,-9.378719082923636,8.645491610234268,10.879999999999999,2097.962196736259
3,37.6580986304765,-9.378719082923636,8.641354449635465,10.879999999999999,2098.5001695738374
3,37.6580986304765,-9.378719082923636,8.588639401004256,10.879999999999999,2099.0381424114157
3,37.6580986304765,-9.378719082923636,8.600552225624252,10.879999999999999,2099.576115248994
3,37.6580986304765,-9.378719082923636,8.529876270782728,10.879999999999999,2100.1140880865723
3,37.6580986304765,-9.378719082923636,8.37977348781821,10.879999999999999,2100.6520609241506
3,37.6580986304765,-9.378719082923636,8.26521029482717,10.879999999999999,2101.190033761729
3,37.6580986304765,-9.378719082923636,8.130965139181365,10.879999999999999,2101.7280065993073
3,37.6580986304765,-9.378719082923636,8.086008042858724,10.879999999999999,2102.2659794368856
3,37.6580986304765,-9.378719082923636,8.067605379235529,10.879999999999999,2102.803952274464
3,37.6580986304765,-9.378719082923636,8.051401625009683,10.879999999999999,2103.341925112042
3,37.40975775781209,-9.380498193309872,8.056605301890475,10.879999999999999,2103.876350222868
3,37.03724998916968,-9.383611626129348,8.239234662881017,10.879999999999999,2104.405453794142
3,36.78891407299542,-9.385983757529758,8.38864885477258,10.879999999999999,2104.9310097094703
3,36.043926150245646,-9.394879165739447,8.644613514095788,10.879999999999999,2105.445922940188
3,35.795604395290134,-9.398437295206708,8.912977596644026,10.879999999999999,2105.957288717264
3,35.298979766661006,-9.406739486830388,9.076460878846376,10.879999999999999,2106.4615598567875
3,34.554110794983266,-9.422750369441488,9.297219122236987,10.879999999999999,2106.9551900110014
3,34.181707107787005,-9.43208979798357,9.486948166208236,10.879999999999999,2107.443500112541
3,33.809326784480966,-9.442318482031796,9.686125207056838,10.879999999999999,2107.9264904951765
3,33.557099113429416,-9.442318482031796,9.83883814234315,10.879999999999999,2108.4058776253682
3,33.304871442377866,-9.442318482031796,9.907357218537829,10.879999999999999,2108.8816615031164
3,33.42900576882483,-9.439205345101819,9.920969452618012,10.879999999999999,2109.3592187283853
3,33.67730746254329,-9.434461303234684,9.650164895136607,10.879999999999999,2109.840323120707
3,33.8014660978585,-9.432533995012777,9.286852783302972,10.879999999999999,2110.3232012078192
3,33.67730746254329,-9.434461303234684,9.26575977228356,10.879999999999999,2110.804305600141
3,33.42507979149174,-9.434461303234684,9.49000533355903,10.879999999999999,2111.2818067400194
3,33.17285212044019,-9.434461303234684,9.621260303611058,10.879999999999999,2111.755704627454
3,33.17285212044019,-9.434461303234684,9.78284470885722,10.879999999999999,2112.229602514889
3,33.17285212044019,-9.434461303234684,9.870942629228217,10.879999999999999,2112.7035004023237
3,33.17285212044019,-9.434461303234684,9.7213779170325,10.879999999999999,2113.1773982897585
3,33.29702350087045,-9.433720005479117,9.528823455012454,10.879999999999999,2113.6530700540566
3,33.42119629745152,-9.433275225134919,9.256724960951075,10.879999999999999,2114.130515715449
3,33.42119629745152,-9.433275225134919,9.048081078292824,10.879999999999999,2114.607961376841
3,33.42119629745152,-9.433275225134919,9.28250963776645,10.879999999999999,2115.0854070382334
3,33.42119629745152,-9.433275225134919,9.42687766868002,10.879999999999999,2115.5628526996256
3,33.29702279279303,-9.433423485531458,9.492016576431595,10.879999999999999,2116.0385244538083
3,33.29702279279303,-9.433423485531458,9.649493186894214,10.879999999999999,2116.514196207991
3,33.29702279279303,-9.433423485531458,9.660221986437648,10.879999999999999,2116.989867962174
3,33.66954330676852,-9.433868266721078,9.425301347165266,10.879999999999999,2117.4708614379847
3,33.79371610334959,-9.434313047065276,9.122460620993348,10.879999999999999,2117.9536288108898
3,33.66954330676852,-9.433868266721078,8.928860758289268,10.879999999999999,2118.4346222867007
3,33.66954330676852,-9.433868266721078,9.240009147845043,10.879999999999999,2118.9156157625116
3,33.545369802110024,-9.433720006324538,9.475743770241081,10.879999999999999,2119.394835331113
3,33.545369802110024,-9.433720006324538,9.607185730148315,10.879999999999999,2119.8740548997143
3,33.669542598691095,-9.434164786668736,9.463129196120542,10.879999999999999,2120.35504836541
3,33.91788913595607,-9.434757827973094,9.268020014972661,10.879999999999999,2120.8395896387806
3,34.04206193253714,-9.435202608317292,9.18033662004158,10.879999999999999,2121.3259048092455
3,34.04206193253714,-9.435202608317292,8.997532001687768,10.879999999999999,2121.8122199797103
3,34.16623472911821,-9.43564738866149,8.986940717571594,10.879999999999999,2122.3003090472694
3,34.16623472911821,-9.43564738866149,9.208024745434763,10.879999999999999,2122.7883981148284
3,34.16623472911821,-9.43564738866149,9.37565770926322,10.879999999999999,2123.2764871823874
3,34.29040752569928,-9.436092169005688,9.459821822685615,10.879999999999999,2123.76635014704
3,34.66292166699006,-9.438316062272392,9.244616078999904,10.879999999999999,2124.261534742283
3,34.911257347149004,-9.44068819141836,9.120416382155097,10.879999999999999,2124.7602669900994
3,35.28374599806433,-9.44558064500962,8.832163459795334,10.879999999999999,2125.2643205043573
3,35.159583114425885,-9.443949827145866,8.608356149056295,10.879999999999999,2125.766600263135
3,35.03541669048107,-9.442615508939724,8.906857956298742,10.879999999999999,2126.267106215856
3,35.03541669048107,-9.442615508939724,9.119405812066809,10.879999999999999,2126.767612168577
3,35.03541669048107,-9.442615508939724,9.247168278986386,10.879999999999999,2127.2681181212984
3,35.03541669048107,-9.442615508939724,9.256690700516952,10.879999999999999,2127.7686240740195
3,35.283752606655334,-9.444987640340136,9.193225014235704,10.879999999999999,2128.272677682686
3,35.40791903060015,-9.446321958546278,9.076353050161957,10.879999999999999,2128.778505097409
3,35.78040768151548,-9.451214412137539,8.918185926125513,10.879999999999999,2129.289653778573
3,35.78040768151548,-9.451214412137539,8.72193065130594,10.879999999999999,2129.8008024597375
3,35.904570565153925,-9.452845230001293,8.533767945201733,10.879999999999999,2130.3137248963826
3,36.02873698909874,-9.454179548207435,8.517759559359366,10.879999999999999,2130.828421139084
3,35.904570565153925,-9.452845230001293,8.587413722295366,10.879999999999999,2131.3413435757293
3,35.904570565153925,-9.452845230001293,8.729994551524191,10.879999999999999,2131.8542660123744
3,35.904570565153925,-9.452845230001293,8.737769730560476,10.879999999999999,2132.3671884490195
3,35.904570565153925,-9.452845230001293,8.647564375379796,10.879999999999999,2132.8801108856646
3,36.02873698909874,-9.454179548207435,8.675747661451675,10.879999999999999,2133.394807128366
3,36.02873698909874,-9.454179548207435,8.675448490571213,10.879999999999999,2133.909503371068
3,36.02873698909874,-9.454179548207435,8.610667717064644,10.879999999999999,2134.4241996137694
3,36.02873698909874,-9.454179548207435,8.600226955653369,10.879999999999999,2134.938895856471
3,35.904570565153925,-9.452845230001293,8.646077895222573,10.879999999999999,2135.451818293116
3,35.904570565153925,-9.452845230001293,8.67613047566527,10.879999999999999,2135.964740729761
3,35.904570565153925,-9.452845230001293,8.617975150151292,10.879999999999999,2136.4776631664063
3,35.904570565153925,-9.452845230001293,8.570549274732995,10.879999999999999,2136.9905856030514
3,35.78040414120911,-9.45151091179515,8.611126777573384,10.879999999999999,2137.50173423364
3,35.78040414120911,-9.45151091179515,8.563581857248241,10.879999999999999,2138.0128828642287
3,35.6562377172643,-9.450176593589008,8.538308980209965,10.879999999999999,2138.522257688761
3,35.6562377172643,-9.450176593589008,8.47593532010913,10.879999999999999,2139.031632513293
3,35.6562377172643,-9.450176593589008,8.410846748865204,10.879999999999999,2139.5410073378252
3,35.6562377172643,-9.450176593589008,8.339408532111536,10.879999999999999,2140.0503821623574
3,35.6562377172643,-9.450176593589008,8.269579814413166,10.879999999999999,2140.5597569868896
3,35.6562377172643,-9.450176593589008,8.188402148240984,10.879999999999999,2141.069131811422
3,35.6562377172643,-9.450176593589008,8.091339803031556,10.879999999999999,2141.578506635954
3,35.6562377172643,-9.450176593589008,7.993470897008019,10.879999999999999,2142.087881460486
3,35.6562377172643,-9.450176593589008,7.879697974040278,10.879999999999999,2142.5972562850184
3,35.6562377172643,-9.450176593589008,7.756607747204073,10.879999999999999,2143.1066311095506
3,35.6562377172643,-9.450176593589008,7.630631978502962,10.879999999999999,2143.6160059340828
3,35.53207129331948,-9.448842275382866,7.601854977153974,10.879999999999999,2144.123606952559
3,35.15955786009402,-9.446618386343275,7.767202678804973,10.879999999999999,2144.6258863505604
3,34.538691516930584,-9.447359686916938,8.10996228249887,10.879999999999999,2145.119296229374
3,33.91784641594857,-9.452548731752831,8.559166044457502,10.879999999999999,2145.6038368924587
3,32.676288384268275,-9.473304151634817,9.10932841607466,10.879999999999999,2146.070641012234
3,31.18672461026263,-9.512440265231726,9.742941794698506,10.879999999999999,2146.5161656495234
3,30.1939766053395,-9.548015033693563,10.377282344319369,10.879999999999999,2146.9475081724568
3,29.201506095571798,-9.590700860715215,10.934102355541278,10.879999999999999,2147.364672545251
3,28.33323313679027,-9.631161333084805,11.44633198165136,10.879999999999999,2147.7694330186337
3,28.209180929605743,-9.636645174497065,11.793856971685253,10.879999999999999,2148.172421317628
3,28.209180929605743,-9.636645174497065,11.555165817897171,10.879999999999999,2148.5754096166224
3,28.333280093482955,-9.632346481056562,11.18567747110286,10.879999999999999,2148.980170760815
3,29.450533639281062,-9.606996603568717,10.695489218701073,10.879999999999999,2149.4008926699476
3,30.071387001109834,-9.603290135926445,10.016545272726157,10.879999999999999,2149.8304839128205
3,30.56807393899379,-9.605662285362575,9.368308122612843,10.879999999999999,2150.2671706833776
3,30.56807393899379,-9.605662285362575,9.505409602805985,10.879999999999999,2150.7038574539347
3,30.319738022819532,-9.603290153962163,10.084167913853586,10.879999999999999,2151.1369965685462
3,30.07139738617514,-9.60151104526677,10.564798058529608,10.879999999999999,2151.5665879597773
3,29.823051084935575,-9.600918004526033,10.873301801630152,10.879999999999999,2151.992631546705
3,29.823051084935575,-9.600918004526033,10.956762670839618,10.879999999999999,2152.418675133633
3,29.823051084935575,-9.600918004526033,10.717405529120246,10.879999999999999,2152.8447187205606
3,30.19557159891106,-9.601362785715652,10.443548100960317,10.879999999999999,2153.2760840291166
3,30.816427320953498,-9.605069267448302,10.104844242849454,10.879999999999999,2153.71631870513
3,31.809710564749135,-9.619301731211786,9.57870399962837,10.879999999999999,2154.1707431417694
3,32.430450638344695,-9.631903002597765,9.1856793695915,10.879999999999999,2154.634035293746
3,32.430450638344695,-9.631903002597765,8.787581985044389,10.879999999999999,2155.0973274457224
3,32.554598653063806,-9.63442325687496,9.223943155627632,10.879999999999999,2155.5623931407663
3,32.43044497406446,-9.632199469285027,9.614118299083842,10.879999999999999,2156.0256852118246
3,32.554598653063806,-9.63442325687496,9.901695725450923,10.879999999999999,2156.4907509068685
3,32.806826324115356,-9.63442325687496,9.687611440876704,10.879999999999999,2156.959419854356
3,33.30340563856718,-9.645097178615693,9.443179397693019,10.879999999999999,2157.4351827920495
3,34.04818964906948,-9.664665291206001,9.21006922420839,10.879999999999999,2157.921585501322
3,34.420544485052424,-9.675783172433107,8.720025346959547,10.879999999999999,2158.4133075653945
3,34.544671023550784,-9.679192727301709,8.261687061766526,10.879999999999999,2158.9068028657307
3,34.66881266605758,-9.68200943389488,8.535317699847482,10.879999999999999,2159.402071618103
3,34.54465922304636,-9.679785650531866,8.728956602760892,10.879999999999999,2159.895566749861
3,34.296324250932535,-9.677413528149222,8.980820378884815,10.879999999999999,2160.38551423916
3,34.04797794969297,-9.677413528149222,9.14569551121025,10.879999999999999,2160.8719139241557
3,34.17214933012323,-9.676672230393654,9.312528797371444,10.879999999999999,2161.3600874860144
3,34.42049350713456,-9.675486152293889,9.458920883717347,10.879999999999999,2161.8518088218307
3,34.668840516451546,-9.675486152293889,9.155501457668333,10.879999999999999,2162.3470779720656
3,35.28969623849399,-9.67919263402654,9.009369109476683,10.879999999999999,2162.8512164897584
3,35.66219551032843,-9.683195588644969,8.78825348276826,10.879999999999999,2163.36067642562
3,36.77957224965048,-9.703209562827707,8.349460940415643,10.879999999999999,2163.8860988863294
3,36.77957224965048,-9.703209562827707,7.958044530051195,10.879999999999999,2164.4115213470386
3,36.90372592864983,-9.705433350417639,8.316325128886701,10.879999999999999,2164.9387174317335
3,36.90372592864983,-9.705433350417639,8.557649104351906,10.879999999999999,2165.4659135164284
3,36.90372592864983,-9.705433350417639,8.702234609265664,10.879999999999999,2165.9931096011233
3,36.65538033548567,-9.704840311367757,8.750905694263588,10.879999999999999,2166.5167578916303
3,36.77955313206674,-9.70439553102356,8.712642576139794,10.879999999999999,2167.0421800792315
3,36.90372592864781,-9.703950750679361,8.434744071476047,10.879999999999999,2167.5693761639263
3,37.27624431839102,-9.702616409646769,7.9891724520056036,10.879999999999999,2168.101893939903
3,37.15207293796076,-9.703357707402336,7.726753040862952,10.879999999999999,2168.6326378390168
3,37.02790368174662,-9.70439551834216,8.050021262501941,10.879999999999999,2169.161607891613
3,37.02790368174662,-9.70439551834216,8.25269224156984,10.879999999999999,2169.6905779442095
3,36.77956776557236,-9.70676764974257,8.303209753552425,10.879999999999999,2170.2160003408603
3,36.65539850935822,-9.707805460682394,8.219456149683008,10.879999999999999,2170.739648890994
3,36.65539850935822,-9.707805460682394,8.124056497984379,10.879999999999999,2171.2632974411276
3,36.53122712892796,-9.708546758437961,8.066861327783249,10.879999999999999,2171.785172114398
3,36.53122712892796,-9.708546758437961,8.114983339092495,10.879999999999999,2172.3070467876682
3,36.40705433234689,-9.70899153878216,8.147751916767511,10.879999999999999,2172.827147563845
3,36.40705433234689,-9.70899153878216,8.091170120821667,10.879999999999999,2173.3472483400215
3,36.40705433234689,-9.70899153878216,7.954107564832255,10.879999999999999,2173.867349116198
3,36.282880827688395,-9.709139799178699,7.959519833163814,10.879999999999999,2174.385675985165
3,36.282880827688395,-9.709139799178699,7.913019273533634,10.879999999999999,2174.904002854132
3,36.282880827688395,-9.709139799178699,7.7855538181138435,10.879999999999999,2175.422329723099
3,36.1587073230299,-9.70899153878216,7.750917362360429,10.879999999999999,2175.9388826848567
3,36.03453452644883,-9.708546758437961,7.625615734323777,10.879999999999999,2176.45366174952
3,35.786190113414115,-9.70736067921096,7.643145433422865,10.879999999999999,2176.9648930368544
3,35.16532613050877,-9.705136777489972,7.899392854875707,10.879999999999999,2177.467254838719
3,34.4202851025578,-9.705136777489972,8.19096610356632,10.879999999999999,2177.958973197327
3,33.799429380515356,-9.708843259222624,8.659856635406536,10.879999999999999,2178.441822188477
3,32.68196555181994,-9.723520592098033,9.153428634265644,10.879999999999999,2178.908707410646
3,31.688809754571913,-9.744868374713354,9.771528817725025,10.879999999999999,2179.361404692854
3,30.323511284430314,-9.78563386172661,10.366942819876595,10.879999999999999,2179.794597711203
3,29.45489312064292,-9.817798968814564,10.996672848235894,10.879999999999999,2180.2153818986408
3,28.586436829410996,-9.854112203251686,11.562250913127055,10.879999999999999,2180.6237595676325
3,28.586436829410996,-9.854112203251686,12.014559026506623,10.879999999999999,2181.0321372366243
3,28.586436829410996,-9.854112203251686,11.879752349124324,10.879999999999999,2181.440514905616
3,28.958764054783323,-9.842105188243444,11.68638132643839,10.879999999999999,2181.85421153497
3,29.82774564181888,-9.822388466955433,11.280162128037357,10.879999999999999,2182.2803221869963
3,30.076067396774388,-9.818830337488171,10.457016938278253,10.879999999999999,2182.7099802926646
3,31.441942196608544,-9.813937846698511,9.591967203882383,10.879999999999999,2183.1591508954734
3,32.68354035132699,-9.831728341863116,9.03644448690282,10.879999999999999,2183.6260586147782
3,32.68354035132699,-9.831728341863116,8.67782830894926,10.879999999999999,2184.092966334083
3,32.68354035132699,-9.831728341863116,9.034042869986028,10.879999999999999,2184.559874053388
3,32.43523865760853,-9.826984299995981,9.295789351438097,10.879999999999999,2185.0232346056396
3,32.18691713865488,-9.82342617391032,9.413662764051516,10.879999999999999,2185.4830477076202
3,31.81441007806567,-9.820312747008785,9.464902919916774,10.879999999999999,2185.937539280164
3,31.81441007806567,-9.820312747008785,9.748620102199139,10.879999999999999,2186.3920308527076
3,31.566063776826105,-9.820905787749522,9.976664409879723,10.879999999999999,2186.842974620948
3,31.566063776826105,-9.820905787749522,10.114464187755313,10.879999999999999,2187.2939183891885
3,31.93857721005157,-9.818681898709933,10.086965155841167,10.879999999999999,2187.7501837779037
3,32.31109772402706,-9.818237117520313,9.639755837385673,10.879999999999999,2188.211770888247
3,33.056128130853,-9.821795341674509,9.144766719130782,10.879999999999999,2188.684001290116
3,33.552786746019514,-9.827725613814302,8.772655724316483,10.879999999999999,2189.1633268150595
3,33.67694962965796,-9.829356431678056,8.463363785382203,10.879999999999999,2189.644426095483
3,33.67694962965796,-9.829356431678056,8.725609624448886,10.879999999999999,2190.125525375907
3,33.801116053602776,-9.830690749884198,8.920485117941865,10.879999999999999,2190.608398462387
3,33.801116053602776,-9.830690749884198,8.991035580420693,10.879999999999999,2191.091271548867
3,33.925285309816914,-9.831728560824022,8.831651821816498,10.879999999999999,2191.5759184818644
3,33.925285309816914,-9.831728560824022,8.810298096208928,10.879999999999999,2192.0605654148617
3,34.049456690247176,-9.83246985857959,8.706512312351803,10.879999999999999,2192.5469862247223
3,34.049456690247176,-9.83246985857959,8.494905691506293,10.879999999999999,2193.033407034583
3,34.049456690247176,-9.83246985857959,8.435811169436752,10.879999999999999,2193.5198278444436
3,33.925285309816914,-9.831728560824022,8.539456220477957,10.879999999999999,2194.004474777441
3,33.801116053602776,-9.830690749884198,8.582900382312737,10.879999999999999,2194.487347863921
3,33.801116053602776,-9.830690749884198,8.6268421610671,10.879999999999999,2194.970220950401
3,33.801116053602776,-9.830690749884198,8.569715848764016,10.879999999999999,2195.4530940368813
3,33.801116053602776,-9.830690749884198,8.489825335694118,10.879999999999999,2195.9359671233615
3,33.801116053602776,-9.830690749884198,8.38139170345969,10.879999999999999,2196.4188402098416
3,33.67694962965796,-9.829356431678056,8.376788577051034,10.879999999999999,2196.8999394902653
3,33.67694962965796,-9.829356431678056,8.303473971904063,10.879999999999999,2197.381038770689
3,33.55278320571315,-9.828022113471913,8.270075756476414,10.879999999999999,2197.860364245056
3,33.304442569068755,-9.82624300477652,8.406439428690659,10.879999999999999,2198.336141996043
3,32.9319227631707,-9.825798224432322,8.518396761582816,10.879999999999999,2198.806598035517
3,32.55940932994523,-9.828022113471913,8.802416833638343,10.879999999999999,2199.271732454516
3,31.69030383868153,-9.841513194094427,9.109875203383698,10.879999999999999,2199.7244510807827
3,31.069595626147525,-9.855596727060252,9.490908129817232,10.879999999999999,2200.1683024468707
3,30.448962933655725,-9.87264450140326,9.805167037795446,10.879999999999999,2200.603287631637
3,30.076635708283394,-9.884651516411502,10.114930856884843,10.879999999999999,2201.0329538560413
3,29.208017544496002,-9.916816623499455,10.350314253142772,10.879999999999999,2201.4502112495343
3,28.95987490571924,-9.926895566419898,10.534842948303387,10.879999999999999,2201.8639237481875
3,28.95987490571924,-9.926895566419898,10.643733095622112,10.879999999999999,2202.2776362468408
3,29.33220142338154,-9.914888574234277,10.65774204900302,10.879999999999999,2202.6966676957463
3,29.456335749828508,-9.9117754373043,10.359383538424401,10.879999999999999,2203.1174724921725
3,30.201294642659573,-9.901101140205537,9.991231331002169,10.879999999999999,2203.5489195584964
3,30.82215862556896,-9.90035984244997,9.394253815130368,10.879999999999999,2203.98923611029
3,31.194665686158167,-9.903473269351505,8.865556248389941,10.879999999999999,2204.434874191521
3,31.31882856979661,-9.905104087215259,8.845695575025522,10.879999999999999,2204.8822860282326
3,31.194665686158167,-9.903473269351505,9.343204257932303,10.879999999999999,2205.3279241094633
3,30.82216641432373,-9.899470314733076,9.701983597028686,10.879999999999999,2205.768240772525
3,30.32547947643977,-9.897098165296946,9.934739271018525,10.879999999999999,2206.2014619079027
3,30.201306915883162,-9.897542944795713,10.096892416990443,10.879999999999999,2206.632909149558
3,30.077137659669027,-9.898580755735537,10.205829177022073,10.879999999999999,2207.0625825446964
3,30.32547829631342,-9.896801647040144,10.239661814378362,10.879999999999999,2207.495803663215
3,30.32547829631342,-9.896801647040144,9.859968632138106,10.879999999999999,2207.929024781734
3,30.94634463947685,-9.89606034646648,9.416089732877257,10.879999999999999,2208.3711154194407
3,31.691377170510837,-9.899618580765777,9.03218463593504,10.879999999999999,2208.8238493790195
3,31.56720579008058,-9.89887728301021,8.739441711748288,10.879999999999999,2209.274809461735
3,31.56720579008058,-9.89887728301021,9.228787702527985,10.879999999999999,2209.7257695444505
3,31.318859488841014,-9.898284242269472,9.600276997069487,10.879999999999999,2210.1731818228627
3,31.443032993499507,-9.898432502666012,9.824269308699888,10.879999999999999,2210.622368008484
3,31.56720579008058,-9.89887728301021,9.506312725097477,10.879999999999999,2211.0733280911995
3,31.56720579008058,-9.89887728301021,9.094053976211546,10.879999999999999,2211.524288173915
3,32.56054567853588,-9.908365772540789,8.872268731136524,10.879999999999999,2211.9894388264656
3,32.56054567853588,-9.908365772540789,8.634899681847406,10.879999999999999,2212.4545894790162
3,32.56054567853588,-9.908365772540789,8.607885331309806,10.879999999999999,2212.919740131567
3,32.56054567853588,-9.908365772540789,8.86281384775315,10.879999999999999,2213.3848907841175
3,32.56054567853588,-9.908365772540789,9.059111083384359,10.879999999999999,2213.850041436668
3,32.68470856217432,-9.909996590404543,9.130222402975566,10.879999999999999,2214.316965844699
3,32.68470856217432,-9.909996590404543,9.049362144558351,10.879999999999999,2214.78389025273
3,32.68470856217432,-9.909996590404543,8.994084781239334,10.879999999999999,2215.250814660761
3,32.808874986119136,-9.911330908610685,8.922105441107991,10.879999999999999,2215.7195128748485
3,32.808874986119136,-9.911330908610685,8.758881273018407,10.879999999999999,2216.188211088936
3,32.808874986119136,-9.911330908610685,8.686568916438658,10.879999999999999,2216.6569093030234
3,32.808874986119136,-9.911330908610685,8.792280697857825,10.879999999999999,2217.125607517111
3,32.68470856217432,-9.909996590404543,8.8577223546657,10.879999999999999,2217.592531925142
3,32.68470856217432,-9.909996590404543,8.87145248596368,10.879999999999999,2218.059456333173
3,32.68470856217432,-9.909996590404543,8.839055771610706,10.879999999999999,2218.526380741204
3,32.68470856217432,-9.909996590404543,8.799129970352753,10.879999999999999,2218.993305149235
3,32.68470856217432,-9.909996590404543,8.702110382203049,10.879999999999999,2219.460229557266
3,32.68470856217432,-9.909996590404543,8.694016230785616,10.879999999999999,2219.927153965297
3,32.68470856217432,-9.909996590404543,8.651707186853184,10.879999999999999,2220.394078373328
3,32.68470856217432,-9.909996590404543,8.598299706947735,10.879999999999999,2220.861002781359
3,32.68470856217432,-9.909996590404543,8.509538816346844,10.879999999999999,2221.32792718939
3,32.68470856217432,-9.909996590404543,8.44405808095095,10.879999999999999,2221.794851597421
3,32.68470856217432,-9.909996590404543,8.353472057125673,10.879999999999999,2222.261776005452
3,32.68470856217432,-9.909996590404543,8.251736183031086,10.879999999999999,2222.728700413483
3,32.68470856217432,-9.909996590404543,8.160380322125722,10.879999999999999,2223.195624821514
3,32.68470856217432,-9.909996590404543,8.052505146279032,10.879999999999999,2223.6625492295448
3,32.56054213822951,-9.9086622721984,8.04824703540327,10.879999999999999,2224.1276998315193
3,32.06386086494072,-9.905104054807616,8.241054010233057,10.879999999999999,2224.585754986733
3,31.44299452177729,-9.904362754233953,8.533266025214592,10.879999999999999,2225.0349406227583
3,30.82213879973485,-9.908069235966602,8.93437151097191,10.879999999999999,2225.475256891326
3,30.325480184568338,-9.913999508106395,9.391725629808805,10.879999999999999,2225.90847803682
3,28.959859809902035,-9.941722147071443,9.871710789665748,10.879999999999999,2226.322190319818
3,28.215179871755566,-9.964846977373986,10.328580646946609,10.879999999999999,2226.7252643179863
3,27.2225168179146,-10.00279238719132,10.775372324404078,10.879999999999999,2227.1141574153853
3,26.850321264529487,-10.018355201950087,11.152500995236748,10.879999999999999,2227.49773343345
3,26.850321264529487,-10.018355201950087,11.342780677221965,10.879999999999999,2227.8813094515144
3,26.97440980950629,-10.013760177917707,11.047306986272151,10.879999999999999,2228.266658163079
3,27.47086310160394,-9.998343624382679,10.704064886124698,10.879999999999999,2228.6590990645304
3,27.594997664002694,-9.995230481535318,10.29497934297739,10.879999999999999,2229.0533133168733
3,28.464121329163177,-9.983814973475113,9.78228273842641,10.879999999999999,2229.459943621576
3,29.209148195650446,-9.987373180720846,9.429032465707316,10.879999999999999,2229.877217167228
3,29.209148195650446,-9.987373180720846,8.959325191989022,10.879999999999999,2230.2944907128804
3,29.209148195650446,-9.987373180720846,9.278959186169585,10.879999999999999,2230.7117642585326
3,28.836648923816007,-9.983370226102418,9.544259999824156,10.879999999999999,2231.1237163860155
3,28.215793201773568,-9.979663744369768,9.724050651389115,10.879999999999999,2231.526799146041
3,27.84327339587551,-9.980108524713966,9.966531083062215,10.879999999999999,2231.9245601945536
3,27.71910201544525,-9.980849822469533,10.251976005199852,10.879999999999999,2232.320547366203
3,27.222444816332647,-9.98678007770116,10.43017740197179,10.879999999999999,2232.7094394350074
3,27.098291137333298,-9.989003865291092,10.515831458187403,10.879999999999999,2233.0965578798264
3,27.470766335286303,-9.9832219516155,10.564987928241836,10.879999999999999,2233.488997398902
3,27.719095878878814,-9.980256812727575,10.37598580439972,10.879999999999999,2233.884984482886
3,27.967431559037763,-9.977884683581607,10.166863400601416,10.879999999999999,2234.2845192194436
3,28.71246692237741,-9.977884683581607,9.893256270459457,10.879999999999999,2234.694697318335
3,29.457452721046316,-9.986780066429048,9.559567135590902,10.879999999999999,2235.1155180714927
3,29.705754414764776,-9.991524108296183,9.128388854894373,10.879999999999999,2235.5398859917036
3,30.574636881141164,-10.015390901645262,8.712373719581517,10.879999999999999,2235.976666518577
3,30.698745956265274,-10.019393239981342,8.699853855797366,10.879999999999999,2236.415220032238
3,30.450500903168948,-10.012277718222899,9.13831820639666,10.879999999999999,2236.8502271879975
3,30.078076683544282,-10.003827614505166,9.441036610789002,10.879999999999999,2237.2799139977624
3,29.581435061646463,-9.996711382623431,9.62237999608813,10.879999999999999,2237.7025059272146
3,29.457263917237974,-9.9959700862769,9.806657690634504,10.879999999999999,2238.123323983175
3,29.33309041257948,-9.99582182588036,9.965230466065764,10.879999999999999,2238.542368131926
3,29.82978301505861,-9.997007907361835,10.075871799710445,10.879999999999999,2238.968507889284
3,30.07812742809332,-9.998193986588836,9.837195611919157,10.879999999999999,2239.398195423971
3,30.823149338026504,-10.003531312675014,9.541973068028685,10.879999999999999,2239.8385261288
3,31.44396257619062,-10.011685386494685,9.010337265855227,10.879999999999999,2240.287725594174
3,32.188829424126645,-10.027696223456184,8.399935554047962,10.879999999999999,2240.7475660145187
3,32.4371056290322,-10.033626072896716,8.151679408277683,10.879999999999999,2241.210953237791
3,32.4371056290322,-10.033626072896716,8.498781995163823,10.879999999999999,2241.674340461063
3,32.31295761431309,-10.031105818619515,8.756773786801062,10.879999999999999,2242.1359541412676
3,32.06464529999853,-10.026954722807677,8.924708488988138,10.879999999999999,2242.594020502696
3,31.816310327884704,-10.024582600425033,9.065797088370589,10.879999999999999,2243.0485392216656
3,31.319617725405575,-10.024582600425033,9.137056737740858,10.879999999999999,2243.4959623320287
3,31.195446344975316,-10.0253238981806,9.298672920269524,10.879999999999999,2243.9416115655285
3,30.947110664816368,-10.027696027326568,9.386912626400044,10.879999999999999,2244.3837131464543
3,31.071273548454812,-10.026065209462814,9.470712290898058,10.879999999999999,2244.827588482861
3,31.567943492682463,-10.021320964697525,9.460724667294496,10.879999999999999,2245.2785591041848
3,31.816287905717175,-10.020134885470526,9.032315622637961,10.879999999999999,2245.7330775028377
3,32.43715424888061,-10.019393584896862,8.604309254156947,10.879999999999999,2246.196465420679
3,32.68622907404402,-10.019393584896862,8.30229345591689,10.879999999999999,2246.6634115503084
3,32.56205556938553,-10.019245324500323,8.657520250831887,10.879999999999999,2247.1285837727282
3,32.313708324042466,-10.019245324500323,8.887618687872285,10.879999999999999,2247.5902081773575
3,32.18953481938397,-10.019097064103784,9.093956909205733,10.879999999999999,2248.050058674777
3,32.18953481938397,-10.019097064103784,9.01748129087849,10.879999999999999,2248.509909172197
3,32.313708324042466,-10.019245324500323,8.840603312803411,10.879999999999999,2248.971533576826
3,32.313708324042466,-10.019245324500323,8.671955395015575,10.879999999999999,2249.433157981455
3,32.313708324042466,-10.019245324500323,8.420898815264461,10.879999999999999,2249.8947823860844
3,32.313708324042466,-10.019245324500323,8.58153432635884,10.879999999999999,2250.3564067907137
3,32.18953481938397,-10.019097064103784,8.644564152964138,10.879999999999999,2250.8162572881333
3,32.18953481938397,-10.019097064103784,8.646479120913497,10.879999999999999,2251.276107785553
3,32.18953481938397,-10.019097064103784,8.582533390100815,10.879999999999999,2251.7359582829727
3,32.0653620228029,-10.018652283759586,8.490922359650524,10.879999999999999,2252.1940348832986
3,32.0653620228029,-10.018652283759586,8.35852364694508,10.879999999999999,2252.6521114836246
3,32.0653620228029,-10.018652283759586,8.272859443142547,10.879999999999999,2253.1101880839506
3,32.0653620228029,-10.018652283759586,8.27745082524355,10.879999999999999,2253.5682646842765
3,31.69284363305969,-10.017317942726994,8.266206918321648,10.879999999999999,2254.02101959332
3,31.444497095794723,-10.016724901422636,8.517261630638442,10.879999999999999,2254.4702266946883
3,30.947803077160746,-10.016724901422636,8.75988279614728,10.879999999999999,2254.9123381672193
3,30.326947355118307,-10.020431383155286,8.950315137975007,10.879999999999999,2255.3455802722924
3,29.830288739951794,-10.026361655295078,9.369478016044189,10.879999999999999,2255.771727254292
3,29.08535179700811,-10.038814942730598,9.684273799498152,10.879999999999999,2256.187232279963
3,28.21636195121722,-10.058531851405295,10.014329014236194,10.879999999999999,2256.5903231649804
3,27.719871845024567,-10.072762894922182,10.387766624825076,10.879999999999999,2256.986321334195
3,27.34754461965224,-10.084769909930424,10.680458565983592,10.879999999999999,2257.3770005430474
3,27.34754461965224,-10.084769909930424,10.911845362363948,10.879999999999999,2257.7676797519
3,27.595834276878154,-10.079432949060058,10.671151315337863,10.879999999999999,2258.161905955855
3,27.96830947483116,-10.073651035384465,10.221391771086939,10.879999999999999,2258.561453234067
3,28.837509137899495,-10.07053760848293,9.860732362436245,10.879999999999999,2258.9734176503225
3,29.210016198488702,-10.073651035384465,9.378878872626172,10.879999999999999,2259.390703596015
3,29.334182622433516,-10.074985353590607,9.146319942577671,10.879999999999999,2259.809763347764
3,29.210016198488702,-10.073651035384465,9.595352858691227,10.879999999999999,2260.2270492934567
3,28.837516926654263,-10.069648080766036,9.917547337948008,10.879999999999999,2260.6390138209804
3,28.837516926654263,-10.069648080766036,10.109777381010721,10.879999999999999,2261.050978348504
3,28.5891706254147,-10.0690550400253,10.174077206639042,10.879999999999999,2261.4593950717244
3,28.464997120756205,-10.069203300421838,10.140645284698238,10.879999999999999,2261.8660378877353
3,28.83751763473169,-10.068758519232219,9.95138009357253,10.879999999999999,2262.2780024253743
3,28.83751763473169,-10.068758519232219,9.79275356697305,10.879999999999999,2262.6899669630134
3,29.458380437514727,-10.07098241672606,9.546505738689591,10.879999999999999,2263.1108009692634
3,29.582551817944985,-10.071723714481628,9.202423176256886,10.879999999999999,2263.533408852377
3,29.582551817944985,-10.071723714481628,9.398753083172469,10.879999999999999,2263.9560167354903
3,29.582551817944985,-10.071723714481628,9.546283543173429,10.879999999999999,2264.3786246186037
3,29.582551817944985,-10.071723714481628,9.60576158420674,10.879999999999999,2264.801232501717
3,29.582551817944985,-10.071723714481628,9.624242786024913,10.879999999999999,2265.2238403848305
3,29.70672532260348,-10.071575454085089,9.669097206442704,10.879999999999999,2265.6482221751535
3,29.70672532260348,-10.071575454085089,9.61338615509774,10.879999999999999,2266.0726039654764
3,30.079245836578963,-10.07113067289547,9.489457436318766,10.879999999999999,2266.5023074774276
3,30.451763518248786,-10.072465011391774,9.27539212089681,10.879999999999999,2266.9373326705454
3,30.824271286891193,-10.075578444211247,8.837248040668293,10.879999999999999,2267.377679403215
3,30.824271286891193,-10.075578444211247,8.656108295682282,10.879999999999999,2267.818026135885
3,30.700098490310122,-10.07513366386705,8.994947362466604,10.879999999999999,2268.256598971461
3,30.45175148099313,-10.07513366386705,9.275293316142005,10.879999999999999,2268.6916239926177
3,30.32757868441206,-10.075578444211247,9.46204183742417,10.879999999999999,2269.124875116681
3,30.203407303981802,-10.076319741966815,9.554650688355082,10.879999999999999,2269.5563523638807
3,30.451748176646216,-10.074540631580579,9.639918401004358,10.879999999999999,2269.991377337833
3,30.70008904931063,-10.072761521194343,9.484800898861582,10.879999999999999,2270.4299500385373
3,31.072606730980453,-10.071427182698038,9.139039289075022,10.879999999999999,2270.8738444204087
3,31.69346953376349,-10.07365108019188,8.81155571236229,10.879999999999999,2271.326608270891
3,31.69346953376349,-10.07365108019188,8.447004619284144,10.879999999999999,2271.7793721213734
3,31.69346953376349,-10.07365108019188,8.741903833395007,10.879999999999999,2272.2321359718558
3,31.445122996498522,-10.073058038887522,9.0713037491488,10.879999999999999,2272.681352014663
3,31.19677598718153,-10.073058038887522,9.286684023779328,10.879999999999999,2273.1270202430514
3,31.072604842773043,-10.073799335234053,9.404727770819544,10.879999999999999,2273.570914597948
3,30.94843841882823,-10.075133653440195,9.544321030736159,10.879999999999999,2274.0130351467883
3,31.196774098987177,-10.072761524294227,9.517627270278847,10.879999999999999,2274.4587033482026
3,31.693462453009833,-10.070389368094697,9.28440714145961,10.879999999999999,2274.9114670975314
3,32.19015363933815,-10.071575446194462,9.055883917033695,10.879999999999999,2275.3713264352364
3,32.81098457900047,-10.078247024543996,8.603602199061417,10.879999999999999,2275.840054786365
3,32.93514746263891,-10.07987784240775,8.005564642252885,10.879999999999999,2276.310556892974
3,33.05931388658372,-10.081212160613893,8.175884654795036,10.879999999999999,2276.7828328056394
3,32.80708621553217,-10.081212160613893,8.49267192136981,10.879999999999999,2277.251505465861
3,32.682916959318035,-10.080174349674067,8.75804128133985,10.879999999999999,2277.7184042795657
3,32.186228605295376,-10.077802193474536,8.90535159916251,10.879999999999999,2278.1782075453557
3,31.937881595978386,-10.077802193474536,8.948084385023844,10.879999999999999,2278.6344629967266
3,31.689541667393247,-10.079581297097402,8.947232881664725,10.879999999999999,2279.0871707348324
3,31.317053016477917,-10.084473750688662,9.219292455489969,10.879999999999999,2279.534557206496
3,31.317053016477917,-10.084473750688662,9.399221647181148,10.879999999999999,2279.98194367816
3,31.192894381162706,-10.08640105891057,9.48308866700452,10.879999999999999,2280.4275564550335
3,31.44121590011636,-10.082842932824908,9.447886387631259,10.879999999999999,2280.876716682178
3,31.689545443708873,-10.079877793936983,9.116483951059468,10.879999999999999,2281.329424474231
3,32.06205250429808,-10.076764367035448,8.80843157654457,10.879999999999999,2281.787453795721
3,31.93788112386782,-10.077505664791016,8.665591083749337,10.879999999999999,2282.2437092403475
3,31.813709743437563,-10.078246962546583,9.007708817963799,10.879999999999999,2282.6981908081107
3,31.813709743437563,-10.078246962546583,9.297218140967978,10.879999999999999,2283.152672375874
3,31.813709743437563,-10.078246962546583,9.488150492518022,10.879999999999999,2283.607153943637
3,31.93788112386782,-10.077505664791016,9.545316681336315,10.879999999999999,2284.0634093882636
3,32.06205250429808,-10.076764367035448,9.253028959832822,10.879999999999999,2284.5214387097535
3,32.43457089404129,-10.075430026002856,8.886192346114454,10.879999999999999,2284.9847897225254
3,32.43457089404129,-10.075430026002856,8.428235449496823,10.879999999999999,2285.4481407352973
3,32.43457089404129,-10.075430026002856,8.66624865922931,10.879999999999999,2285.9114917480692
3,32.43457089404129,-10.075430026002856,9.015503439545181,10.879999999999999,2286.374842760841
3,32.3103973893828,-10.075578286399395,9.262195930698814,10.879999999999999,2286.836419866404
3,32.3103973893828,-10.075578286399395,9.400745803262518,10.879999999999999,2287.2979969719668
3,32.43457089404129,-10.075726546795934,9.425814457779264,10.879999999999999,2287.7613479847387
3,32.68291743130626,-10.076319588100292,9.187027104427166,10.879999999999999,2288.228246805186
3,32.68291743130626,-10.076319588100292,8.855511607529833,10.879999999999999,2288.695145625633
3,32.68291743130626,-10.076319588100292,8.488268479404114,10.879999999999999,2289.16204444608
3,32.558743926647765,-10.076171327703753,8.836654948571583,10.879999999999999,2289.627169359318
3,32.310396681304695,-10.076171327703753,9.15114750256739,10.879999999999999,2290.0887464547654
3,32.1862231766462,-10.076023067307213,9.407731454904765,10.879999999999999,2290.5485496430033
3,32.310396681304695,-10.076171327703753,9.543577968343099,10.879999999999999,2291.0101267384507
3,32.310396681304695,-10.076171327703753,9.525419442559517,10.879999999999999,2291.471703833898
3,32.682917195280176,-10.076616108893372,9.29749923503464,10.879999999999999,2291.9386026509737
3,32.80708999186125,-10.07706088923757,8.966771386144508,10.879999999999999,2292.407275365143
3,32.80708999186125,-10.07706088923757,8.652189093130925,10.879999999999999,2292.8759480793124
3,32.80708999186125,-10.07706088923757,8.936199045833753,10.879999999999999,2293.3446207934817
3,32.55874369062168,-10.077653929978307,9.142204583852173,10.879999999999999,2293.8097457033477
3,32.55874369062168,-10.077653929978307,9.249425302207896,10.879999999999999,2294.274870613214
3,32.55874369062168,-10.077653929978307,9.274961559290276,10.879999999999999,2294.73999552308
3,32.80466566989695,-10.077653929978307,9.252142030384977,10.879999999999999,2295.2086336040784
3,33.05301197113651,-10.07706088923757,9.19162300711131,10.879999999999999,2295.68081948938
3,33.30135921647958,-10.07706088923757,8.969736724957997,10.879999999999999,2296.1565531924725
3,33.30135921647958,-10.07706088923757,8.746744462705193,10.879999999999999,2296.632286895565
3,33.30135921647958,-10.07706088923757,8.651063159290448,10.879999999999999,2297.1080205986573
3,33.30135921647958,-10.07706088923757,8.929731829948253,10.879999999999999,2297.5837543017497
3,33.30135921647958,-10.07706088923757,9.105924152619622,10.879999999999999,2298.059488004842
3,33.30135921647958,-10.07706088923757,9.18201251753766,10.879999999999999,2298.5352217079344
3,33.425532721138076,-10.076912628841031,9.1696708133561,10.879999999999999,2299.0127293182363
3,33.425532721138076,-10.076912628841031,9.079330200497031,10.879999999999999,2299.4902369285383
3,33.67387973045506,-10.076912628841031,8.841967754968568,10.879999999999999,2299.971292353259
3,33.54970622579657,-10.076764368444492,8.818783759057272,10.879999999999999,2300.4505738707703
3,33.54970622579657,-10.076764368444492,8.770802870914139,10.879999999999999,2300.929855388282
3,33.54970622579657,-10.076764368444492,8.94014621050874,10.879999999999999,2301.4091369057933
3,33.425532721138076,-10.076616108047952,9.021104438854868,10.879999999999999,2301.886644516095
3,33.54970622579657,-10.076764368444492,9.01411091552316,10.879999999999999,2302.3659260336067
3,33.54970622579657,-10.076764368444492,8.922411426825159,10.879999999999999,2302.845207551118
3,33.54970622579657,-10.076764368444492,8.942245539168852,10.879999999999999,2303.3244890686296
3,33.54970622579657,-10.076764368444492,8.96761184963784,10.879999999999999,2303.803770586141
3,33.54970622579657,-10.076764368444492,8.907249825904282,10.879999999999999,2304.2830521036526
3,33.54970622579657,-10.076764368444492,8.772389753933426,10.879999999999999,2304.762333621164
3,33.54970622579657,-10.076764368444492,8.844080888567643,10.879999999999999,2305.2416151386756
3,33.54970622579657,-10.076764368444492,8.987762262856025,10.879999999999999,2305.720896656187
3,33.54970622579657,-10.076764368444492,9.035551096249435,10.879999999999999,2306.2001781736985
3,33.54970622579657,-10.076764368444492,8.984750671411469,10.879999999999999,2306.67945969121
3,33.54970622579657,-10.076764368444492,8.857855844171146,10.879999999999999,2307.1587412087215
3,33.54970622579657,-10.076764368444492,8.85000228917089,10.879999999999999,2307.638022726233
3,33.54970622579657,-10.076764368444492,8.832126322535045,10.879999999999999,2308.1173042437445
3,33.425532721138076,-10.076616108047952,8.877540574280115,10.879999999999999,2308.5948118540464
3,33.425532721138076,-10.076616108047952,8.963020969972526,10.879999999999999,2309.0723194643483
3,33.425532721138076,-10.076616108047952,8.951814152782108,10.879999999999999,2309.5498270746502
3,33.30135921647958,-10.076467847651413,8.95101978680428,10.879999999999999,2310.0255607777426
3,33.17718571182109,-10.076319587254874,8.91435272535722,10.879999999999999,2310.499520573626
3,33.17718571182109,-10.076319587254874,8.837770299866149,10.879999999999999,2310.973480369509
3,33.17718571182109,-10.076319587254874,8.839197877171248,10.879999999999999,2311.4474401653924
3,33.17718571182109,-10.076319587254874,8.818534992592099,10.879999999999999,2311.9213999612757
3,33.17718571182109,-10.076319587254874,8.78676641047451,10.879999999999999,2312.395359757159
3,33.17718571182109,-10.076319587254874,8.731698796422467,10.879999999999999,2312.8693195530423
3,33.17718571182109,-10.076319587254874,8.69254728719524,10.879999999999999,2313.3432793489255
3,33.17718571182109,-10.076319587254874,8.661867061742377,10.879999999999999,2313.817239144809
3,33.17718571182109,-10.076319587254874,8.616843058069659,10.879999999999999,2314.291198940692
3,33.17718571182109,-10.076319587254874,8.571000125953361,10.879999999999999,2314.7651587365754
3,33.17718571182109,-10.076319587254874,8.51872644942302,10.879999999999999,2315.2391185324586
3,33.17718571182109,-10.076319587254874,8.45906432400358,10.879999999999999,2315.713078328342
3,33.17718571182109,-10.076319587254874,8.409225076037032,10.879999999999999,2316.187038124225
3,33.17718571182109,-10.076319587254874,8.348612558681126,10.879999999999999,2316.6609979201085
3,33.17718571182109,-10.076319587254874,8.286871250080095,10.879999999999999,2317.1349577159917
3,33.05301291524002,-10.075874806910676,8.244693538112365,10.879999999999999,2317.607143614781
3,33.05301291524002,-10.075874806910676,8.2851488149501,10.879999999999999,2318.07932951357
3,32.68049877394924,-10.073650913643972,8.390375490146052,10.879999999999999,2318.546193781769
3,32.18381702862041,-10.070092692871498,8.687020247501996,10.879999999999999,2319.0059625964636
3,31.687128674597755,-10.067720536671967,9.003839992462183,10.879999999999999,2319.4586358632437
3,31.066262331434324,-10.06846183724563,9.423016226618465,10.879999999999999,2319.9024396108357
3,30.69374819014355,-10.070685730512334,9.850082989277894,10.879999999999999,2320.3409217278377
3,29.32796425829725,-10.088624624719769,10.339987622317043,10.879999999999999,2320.759892645813
3,28.707257225589473,-10.102708130915982,10.780751285609924,10.879999999999999,2321.169996320464
3,28.210734080031962,-10.115753551707721,11.165171142939197,10.879999999999999,2321.5730068073217
3,28.210734080031962,-10.115753551707721,11.48046027944287,10.879999999999999,2321.976017294179
3,28.33487572253876,-10.112936845114556,11.297343037695057,10.879999999999999,2322.380801233073
3,28.831477694079236,-10.103448788432349,11.0620703543067,10.879999999999999,2322.7926794858454
3,29.452320434887955,-10.098259763322861,10.542535237943833,10.879999999999999,2323.2134269206294
3,29.824840240786013,-10.09870454366706,9.91826109084243,10.879999999999999,2323.6394960669263
3,31.066430135496166,-10.116494920476436,9.331157887199009,10.879999999999999,2324.083302211719
3,31.190571778002965,-10.119311627069607,9.00274914187542,10.879999999999999,2324.528881808548
3,31.190571778002965,-10.119311627069607,9.522906302139672,10.879999999999999,2324.9744614053766
3,31.190571778002965,-10.119311627069607,9.993631923139615,10.879999999999999,2325.4200410022054
3,31.190571778002965,-10.119311627069607,10.183952235588347,10.879999999999999,2325.865620599034
3,31.314719792722077,-10.121831881346807,10.051503828039083,10.879999999999999,2326.3129737389304
3,31.81917513482518,-10.121831881346807,9.754936336195314,10.879999999999999,2326.7675333837137
3,31.94332314954429,-10.124352135624008,9.24661699531109,10.879999999999999,2327.2238665715645
3,32.93636566554806,-10.150442878021959,8.680830385016625,10.879999999999999,2327.6943860810725
3,33.06048394420904,-10.154148838430995,8.498982557359572,10.879999999999999,2328.166678708847
3,33.06048394420904,-10.154148838430995,8.798481158795363,10.879999999999999,2328.6389713366216
3,32.93635716977369,-10.150739277081588,9.138024370450593,10.879999999999999,2329.109490724761
3,32.93635716977369,-10.150739277081588,9.374816460064203,10.879999999999999,2329.5800101129007
3,32.81220372676247,-10.148515493718573,9.51002865260374,10.879999999999999,2330.0487558804257
3,32.68803753883,-10.147181178048665,9.558904138559372,10.879999999999999,2330.515727845266
3,32.56386497827339,-10.146736398549898,9.634607898153382,10.879999999999999,2330.9809259163844
3,32.812212223616456,-10.146736398549898,9.751058638240416,10.879999999999999,2331.4496718052933
3,33.308904826095585,-10.147922480031372,9.762554840602112,10.879999999999999,2331.925513302809
3,33.5572492391303,-10.149108559258373,9.306417779389784,10.879999999999999,2332.404902577654
3,34.42643238050511,-10.156373222028622,8.804749458938208,10.879999999999999,2332.8967087545184
3,35.17139693736608,-10.167047600285603,8.49273877969639,10.879999999999999,2333.399157282195
3,35.17139693736608,-10.167047600285603,8.162976518463008,10.879999999999999,2333.901605809872
3,35.17139693736608,-10.167047600285603,8.465912060861504,10.879999999999999,2334.4040543375486
3,34.92306125720714,-10.164675471139635,8.719880145081564,10.879999999999999,2334.9029552126517
3,35.0472326376374,-10.165416768895202,8.88652182139156,10.879999999999999,2335.403629964618
3,34.798886336397835,-10.164823728154465,9.03255261904399,10.879999999999999,2335.900756912281
3,34.923058896954444,-10.164378948655697,9.09114985788275,10.879999999999999,2336.399657753666
3,35.4197472509771,-10.162006792456166,9.046121275360354,10.879999999999999,2336.9056541429654
3,35.79226776495259,-10.161562011266547,8.586769582214032,10.879999999999999,2337.416972253893
3,36.16478827892808,-10.162006792456166,8.064404588753483,10.879999999999999,2337.933612086449
3,36.16478827892808,-10.162006792456166,7.785660677017397,10.879999999999999,2338.450251919005
3,36.28896178358657,-10.162155052852706,8.056366669358214,10.879999999999999,2338.9686656587705
3,36.28896178358657,-10.162155052852706,8.262617286294136,10.879999999999999,2339.487079398536
3,36.28896178358657,-10.162155052852706,8.34795954507132,10.879999999999999,2340.0054931383015
3,36.28896178358657,-10.162155052852706,8.198735709699104,10.879999999999999,2340.523906878067
3,36.28896178358657,-10.162155052852706,8.082067118815498,10.879999999999999,2341.0423206178325
3,36.28896178358657,-10.162155052852706,7.984697766520326,10.879999999999999,2341.560734357598
3,36.28896178358657,-10.162155052852706,7.82223665779261,10.879999999999999,2342.0791480973635
3,36.16478827892808,-10.162006792456166,7.663822731318342,10.879999999999999,2342.5957879299194
3,36.16478827892808,-10.162006792456166,7.628604687026743,10.879999999999999,2343.1124277624754
3,36.04061548234701,-10.161562012111968,7.592123540399202,10.879999999999999,2343.6272936979376
3,35.668097092603794,-10.160227671079376,7.7116752440401015,10.879999999999999,2344.136837942118
3,35.29557657862831,-10.159782889889756,7.970270427842611,10.879999999999999,2344.64106046467
3,34.67471377584526,-10.162006787383598,8.247825252114627,10.879999999999999,2345.1364135186104
3,33.68137105520947,-10.171495303967468,8.562522142422655,10.879999999999999,2345.617575962256
3,32.936436236201295,-10.183948555896661,8.932022678521829,10.879999999999999,2346.088096479916
3,32.56401130868089,-10.192398675676156,9.309272794612724,10.879999999999999,2346.553296641469
3,31.322789582132913,-10.22797618303087,9.716280031733966,10.879999999999999,2347.000765064071
3,30.45417141834552,-10.260141290118824,10.06029747514913,10.879999999999999,2347.4358246557617
3,29.833845496037,-10.286079314716769,10.418545950214185,10.879999999999999,2347.862022448562
3,29.337609769536996,-10.307422248511655,10.672450617429858,10.879999999999999,2348.2811311595556
3,29.585774825436577,-10.297935923104442,10.850423412044202,10.879999999999999,2348.703785085633
3,29.461665750312466,-10.301938261440522,10.495816889986628,10.879999999999999,2349.1246660249235
3,29.834045365807548,-10.291709596834718,10.059976390027359,10.879999999999999,2349.5508666730066
3,29.958187008314347,-10.288892890241552,9.628904796791629,10.879999999999999,2349.9788407731253
3,30.33064733734802,-10.282221540152511,9.273815953183696,10.879999999999999,2350.4121357350873
3,30.08231802976476,-10.285186676222407,9.380780139928364,10.879999999999999,2350.8418831355125
3,29.958148773550626,-10.286224487162233,9.658406570290078,10.879999999999999,2351.2698566894205
3,29.70980790088621,-10.28800359754847,9.869895876241877,10.879999999999999,2351.694282516576
3,29.585636520455953,-10.288744895304037,9.957245421694147,10.879999999999999,2352.1169344668683
3,29.585636520455953,-10.288744895304037,9.92389266965413,10.879999999999999,2352.5395864171605
3,29.461463723874882,-10.289189675648235,9.835139716041756,10.879999999999999,2352.9604644703586
3,29.461463723874882,-10.289189675648235,9.645580085135435,10.879999999999999,2353.3813425235567
3,29.461463723874882,-10.289189675648235,9.439774050329733,10.879999999999999,2353.8022205767547
3,29.461463723874882,-10.289189675648235,9.278869184893246,10.879999999999999,2354.223098629953
3,29.461463723874882,-10.289189675648235,9.298653516734651,10.879999999999999,2354.643976683151
3,29.33729021921639,-10.289337936044774,9.378352139711527,10.879999999999999,2355.06308082914
3,29.213116714557895,-10.289189675648235,9.434362534006562,10.879999999999999,2355.4804110679192
3,29.213116714557895,-10.289189675648235,9.40928766705422,10.879999999999999,2355.8977413066987
3,29.213116714557895,-10.289189675648235,9.269376268846635,10.879999999999999,2356.315071545478
3,29.213116714557895,-10.289189675648235,9.194282182933591,10.879999999999999,2356.7324017842575
3,29.213116714557895,-10.289189675648235,9.042581615042222,10.879999999999999,2357.149732023037
3,29.213116714557895,-10.289189675648235,8.96509078419639,10.879999999999999,2357.5670622618163
3,29.213116714557895,-10.289189675648235,8.952188614951922,10.879999999999999,2357.9843925005957
3,29.088943917976824,-10.288744895304037,8.980109527057742,10.879999999999999,2358.399948842281
3,29.088943917976824,-10.288744895304037,8.962848724712455,10.879999999999999,2358.8155051839663
3,28.964772537546565,-10.28800359754847,8.944918089580518,10.879999999999999,2359.229287648788
3,28.964772537546565,-10.28800359754847,8.84238331460076,10.879999999999999,2359.64307011361
3,28.84060328133243,-10.286965786608643,8.783649148366472,10.879999999999999,2360.055078731915
3,28.84060328133243,-10.286965786608643,8.823113240552454,10.879999999999999,2360.4670873502196
3,28.716436857387617,-10.285631468402501,8.826324857845128,10.879999999999999,2360.877322162468
3,28.343937585553178,-10.281628513784073,8.922312591820459,10.879999999999999,2361.282235556547
3,27.72310546582911,-10.27495692275336,9.275176909623166,10.879999999999999,2361.6782799203447
3,27.1022603648471,-10.269767877917467,9.618804109932038,10.879999999999999,2362.065455068414
3,26.357221461128407,-10.267988755695255,10.149793104930202,10.879999999999999,2362.441986803573
3,25.612182557409714,-10.269767877917467,10.664101831955369,10.879999999999999,2362.8078751258217
3,24.61884266895441,-10.279256367448045,11.091249015178965,10.879999999999999,2363.1595728782354
3,24.122218040325286,-10.287558559071725,11.535128789953975,10.879999999999999,2363.5041759930973
3,23.873928383099372,-10.29289551994209,11.88835057541017,10.879999999999999,2363.8452321128557
3,24.122218040325286,-10.287558559071725,12.071057004291985,10.879999999999999,2364.1898352277176
3,24.370519970026756,-10.282814512695909,11.805339099619205,10.879999999999999,2364.5379855130036
3,24.867161591924575,-10.275698280814174,11.498731356071712,10.879999999999999,2364.8932306786023
3,25.98471038850099,-10.271695280542911,10.89457775488759,10.879999999999999,2365.2644408270094
3,26.60555312930971,-10.276884305652398,10.253999218224816,10.879999999999999,2365.644520157428
3,27.971095623222723,-10.307867724819282,9.577356968956902,10.879999999999999,2366.04410723776
3,28.59164099884327,-10.327879416499686,8.895014027215579,10.879999999999999,2366.452559252029
3,28.71575007396738,-10.331881754835766,8.988612651431136,10.879999999999999,2366.8627842530855
3,28.71575007396738,-10.331881754835766,9.431974810427764,10.879999999999999,2367.273009254142
3,28.343325854342716,-10.323431651118034,9.745379876942563,10.879999999999999,2367.677913909204
3,27.97083932747554,-10.318539225425097,9.943203497462052,10.879999999999999,2368.077497328168
3,27.97083932747554,-10.318539225425097,10.054424882285835,10.879999999999999,2368.4770807471323
3,28.095012124056613,-10.318984005769295,10.293518131525579,10.879999999999999,2368.87843806319
3,28.964195265431428,-10.326248668539543,10.106585167654584,10.879999999999999,2369.2922122812674
3,29.58498726201977,-10.3358851913322,9.75155956428794,10.879999999999999,2369.714854956439
3,30.329813753109786,-10.353674688932912,9.282202357374858,10.879999999999999,2370.148138010055
3,31.074436347068445,-10.37857771325991,8.868510093823772,10.879999999999999,2370.592058529299
3,31.44673313104657,-10.391473769068874,8.367554588660031,10.879999999999999,2371.0412975740282
3,31.57085140970755,-10.39517972947791,8.587994239964177,10.879999999999999,2371.4923097370242
3,31.446717083260584,-10.39206659254793,8.919972687093404,10.879999999999999,2371.941548552499
3,31.32256364024936,-10.389842809184916,9.131053350899617,10.879999999999999,2372.38901374736
3,30.950057995764126,-10.386729394119223,9.230677186082005,10.879999999999999,2372.8311574330137
3,30.701712402599966,-10.387322433169107,9.530826158278565,10.879999999999999,2373.2697533244796
3,30.95005327526438,-10.38554332278287,9.752517862302033,10.879999999999999,2373.7118969426974
3,31.446741629287036,-10.38317116658334,9.735948251516481,10.879999999999999,2374.1611361088303
3,32.06760797245047,-10.383912467157003,9.293027442571352,10.879999999999999,2374.619244794151
3,32.812612888791946,-10.391028834304937,8.771704095794886,10.879999999999999,2375.087996406848
3,33.30923751742107,-10.399331025928616,8.250945470331706,10.879999999999999,2375.5638426570968
3,33.681698554419114,-10.406002388698415,8.014605557914393,10.879999999999999,2376.0450097793027
3,33.805857189734326,-10.407929696920322,8.429656512375322,10.879999999999999,2376.527950596299
3,33.68169430609588,-10.406298879056568,8.704822866582814,10.879999999999999,2377.009117657815
3,33.93002998625482,-10.408671008202536,8.843680402009966,10.879999999999999,2377.4938323719043
3,34.054201366685085,-10.409412305958103,8.63168313134069,10.879999999999999,2377.980320962857
3,34.178374163266156,-10.409857086302301,8.299895454301234,10.879999999999999,2378.4685834509037
3,34.30254766792465,-10.41000534669884,7.855655109390627,10.879999999999999,2378.9586198461598
3,34.30254766792465,-10.41000534669884,7.922661121880636,10.879999999999999,2379.448656241416
3,34.178374163266156,-10.409857086302301,8.079993714874146,10.879999999999999,2379.9369187294624
3,34.178374163266156,-10.409857086302301,8.14315907627883,10.879999999999999,2380.425181217509
3,34.054201366685085,-10.409412305958103,8.148311075474547,10.879999999999999,2380.9116698084617
3,34.054201366685085,-10.409412305958103,8.12176621597748,10.879999999999999,2381.3981583994146
3,33.93002998625482,-10.408671008202536,8.11047585095298,10.879999999999999,2381.882873113504
3,33.93002998625482,-10.408671008202536,8.138780936236198,10.879999999999999,2382.3675878275935
3,33.93002998625482,-10.408671008202536,8.037643727310618,10.879999999999999,2382.852302541683
3,33.805860730040685,-10.407633197262712,7.981869662342147,10.879999999999999,2383.335243409255
3,33.805860730040685,-10.407633197262712,7.953584424139371,10.879999999999999,2383.8181842768267
3,33.68169430609587,-10.40629887905657,7.905596093469227,10.879999999999999,2384.2993513383426
3,33.68169430609587,-10.40629887905657,7.754491067969271,10.879999999999999,2384.7805183998585
3,33.43336476250336,-10.403333740168643,7.759718229980235,10.879999999999999,2385.2581378964655
3,33.060865490668924,-10.399330785550214,8.016558297772725,10.879999999999999,2385.7304359749037
3,32.19166747980951,-10.394141711124503,8.306864877232782,10.879999999999999,2386.190316938901
3,31.446626451858542,-10.394141711124503,8.715892199519015,10.879999999999999,2386.639554459642
3,31.074108062115332,-10.395476052157095,9.145396247755953,10.879999999999999,2387.083470289101
3,29.460008983201444,-10.416676442600851,9.636744094818614,10.879999999999999,2387.5043275602898
3,28.46696646719768,-10.442767184998791,10.126612578449016,10.879999999999999,2387.910998509821
3,27.598273971248723,-10.472857981886373,10.569580166634786,10.879999999999999,2388.305259566553
3,26.729733441864653,-10.507097280840055,10.960193368375286,10.879999999999999,2388.687112901437
3,26.35753788847954,-10.522660095598821,11.319064114735646,10.879999999999999,2389.0636491569867
3,26.48161487112019,-10.517768776474181,11.550334421809502,10.879999999999999,2389.44195794086
3,26.853912362751824,-10.50487269615267,11.204444823900106,10.879999999999999,2389.825585260328
3,26.978021437875935,-10.50087035781659,10.805212532635696,10.879999999999999,2390.210985566583
3,28.219501588708884,-10.477150689518858,10.14456295356361,10.879999999999999,2390.614121303565
3,28.84036439149192,-10.474926792025016,9.376304361490396,10.879999999999999,2391.0261265091576
3,28.84036439149192,-10.474926792025016,8.716716934269312,10.879999999999999,2391.4381317147504
3,28.716190886833427,-10.474778531628477,9.232819034939745,10.879999999999999,2391.8483630131336
3,28.095323363540952,-10.474037229645779,9.590422300165955,10.879999999999999,2392.24972477547
3,27.474455840248478,-10.474778531628477,9.817034649705441,10.879999999999999,2392.642217001759
3,27.101942407023014,-10.477002420668068,10.24857178892307,10.879999999999999,2393.0293876075734
3,26.853606490848755,-10.479374552068478,10.606895028451522,10.879999999999999,2393.4130105574427
3,26.605277183265496,-10.482339688138374,10.865863641081521,10.879999999999999,2393.793085945775
3,26.729435818580708,-10.480412379916467,10.778188676213839,10.879999999999999,2394.174935028898
3,26.97774836888837,-10.476261280159473,10.547105464622465,10.879999999999999,2394.560331434168
3,27.722734167557277,-10.467365897312032,10.272072889073625,10.879999999999999,2394.9563704937045
3,28.219422521579933,-10.464993741112501,9.717180920864067,10.879999999999999,2395.3595051011557
3,28.71611654021391,-10.464993741112501,9.355817894722243,10.879999999999999,2395.7697353374447
3,28.71611654021391,-10.464993741112501,9.245744947117737,10.879999999999999,2396.1799655737336
3,28.840290044872404,-10.46514200150904,9.680682178459623,10.879999999999999,2396.5919697172317
3,28.71611654021391,-10.46529026190558,10.008586455432155,10.879999999999999,2397.0021999535206
3,28.84028933679498,-10.464845481561381,10.235534838254916,10.879999999999999,2397.4142040869033
3,29.088633749829693,-10.463659402334383,9.993648929678574,10.879999999999999,2397.829755997615
3,29.461152139572903,-10.46232506130179,9.639670074006162,10.879999999999999,2398.250629599609
3,30.082018482736334,-10.463066361875454,9.144065109167864,10.879999999999999,2398.680372720791
3,30.951218145748143,-10.468255446164429,8.76859595813065,10.879999999999999,2399.1225329800163
3,30.951218145748143,-10.468255446164429,8.407349949293632,10.879999999999999,2399.5646932392415
3,30.951218145748143,-10.468255446164429,8.769291635433355,10.879999999999999,2400.0068534984666
3,30.57869763177266,-10.46781066497481,9.136170789619026,10.879999999999999,2400.4436920360636
3,30.33035416283068,-10.468996739692875,9.501228732070969,10.879999999999999,2400.8769828098184
3,30.33035416283068,-10.468996739692875,9.767701568954571,10.879999999999999,2401.3102735835732
3,30.454523419044815,-10.467958928753049,9.866343779959868,10.879999999999999,2401.745338203845
3,30.70286429170923,-10.466179818366813,9.684442341256752,10.879999999999999,2402.1839505508697
3,31.199552645731885,-10.463807662167282,9.428215581856298,10.879999999999999,2402.6296584458087
3,31.447899655048875,-10.463807662167282,9.06333584699814,10.879999999999999,2403.0789141551663
3,32.81371474167118,-10.478484995043662,8.683717182347074,10.879999999999999,2403.5476815086186
3,33.434421774378954,-10.492568501239875,8.17771997845529,10.879999999999999,2404.025316105395
3,33.558556336777706,-10.495681644087236,7.748710881150597,10.879999999999999,2404.5047240530635
3,33.558556336777706,-10.495681644087236,8.150892784413601,10.879999999999999,2404.9841320007317
3,33.310266679551795,-10.49034468321687,8.463968907628873,10.879999999999999,2405.459992953297
3,32.81362505765397,-10.483228451335128,8.744412378292663,10.879999999999999,2405.928759025549
3,32.68945391324549,-10.482487154988597,8.952821374192323,10.879999999999999,2406.3957512243096
3,32.4411069039285,-10.482487154988597,9.122459688118644,10.879999999999999,2406.8591956086516
3,32.068593470703036,-10.484711044028188,9.249782930763072,10.879999999999999,2407.317318372519
3,32.4411069039285,-10.482487154988597,9.382140808734675,10.879999999999999,2407.780762756861
3,32.81362741790399,-10.482042373798977,9.219240319255228,10.879999999999999,2408.249528862831
3,33.06197371914355,-10.482635414539715,8.94294053099215,10.879999999999999,2408.7218427731045
3,33.55865499243234,-10.486193631930501,8.626816785687804,10.879999999999999,2409.2012521301394
3,33.68282613684082,-10.48693492827703,8.421840411217328,10.879999999999999,2409.6824353606657
3,33.80699964149932,-10.48708318867357,8.749653793454161,10.879999999999999,2410.1653924984016
3,33.55865334025975,-10.487676229414307,8.951816219207636,10.879999999999999,2410.644801831834
3,33.68282613684082,-10.487231449070109,9.053700678408573,10.879999999999999,2411.12598506236
3,33.931172674105795,-10.486638407765753,8.732290456703971,10.879999999999999,2411.6107161005616
3,34.055345470686866,-10.486193627421555,8.416578154982428,10.879999999999999,2412.0972210358573
3,34.055345470686866,-10.486193627421555,8.418398306051701,10.879999999999999,2412.583725971153
3,33.931174090256604,-10.486934925177122,8.73053526408127,10.879999999999999,2413.0684570295853
3,33.931174090256604,-10.486934925177122,8.935995696981825,10.879999999999999,2413.5531880880176
3,33.931174090256604,-10.486934925177122,9.042925535270568,10.879999999999999,2414.03791914645
3,33.931174090256604,-10.486934925177122,9.055449311732028,10.879999999999999,2414.522650204882
3,34.17951826726793,-10.485748847077357,8.931236372608032,10.879999999999999,2415.0109290372716
3,34.55203878124342,-10.485304065887737,8.583589743102719,10.879999999999999,2415.504529591289
3,34.55203878124342,-10.485304065887737,8.376527278164756,10.879999999999999,2415.9981301453067
3,34.55203878124342,-10.485304065887737,8.312989888814485,10.879999999999999,2416.4917306993243
3,34.55203878124342,-10.485304065887737,8.545984970288357,10.879999999999999,2416.985331253342
3,34.55203878124342,-10.485304065887737,8.681788751313624,10.879999999999999,2417.4789318073595
3,34.55203878124342,-10.485304065887737,8.710093847060042,10.879999999999999,2417.972532361377
3,34.55203878124342,-10.485304065887737,8.655105754439944,10.879999999999999,2418.4661329153946
3,34.55203878124342,-10.485304065887737,8.65693491789708,10.879999999999999,2418.959733469412
3,34.55203878124342,-10.485304065887737,8.631550262099255,10.879999999999999,2419.4533340234298
3,34.55203878124342,-10.485304065887737,8.492670799442443,10.879999999999999,2419.9469345774473
3,34.55203878124342,-10.485304065887737,8.398096167485157,10.879999999999999,2420.440535131465
3,34.55203878124342,-10.485304065887737,8.241861707883377,10.879999999999999,2420.9341356854825
3,34.55203878124342,-10.485304065887737,8.312802510562443,10.879999999999999,2421.4277362395
3,34.55203878124342,-10.485304065887737,8.334647836946214,10.879999999999999,2421.9213367935176
3,34.427865276584924,-10.485155805491198,8.338357479466442,10.879999999999999,2422.413163440326
3,34.30369177192643,-10.485007545094659,8.31013051778,10.879999999999999,2422.903216179925
3,34.17951826726794,-10.485155805491198,8.214014391644945,10.879999999999999,2423.3914950123144
3,33.931171730002966,-10.485748846795554,8.388591082994893,10.879999999999999,2423.8762260370286
3,33.43448337598031,-10.488121002995085,8.502082115754105,10.879999999999999,2424.353861513828
3,32.93781201566241,-10.49286526128702,8.786204646284236,10.879999999999999,2424.8244016854806
3,32.5653368177094,-10.498647174962613,9.075198534066022,10.879999999999999,2425.289620782876
3,32.19289277355207,-10.506207937794219,9.375300356506242,10.879999999999999,2425.7495192510696
3,31.448110886549244,-10.525775994592674,9.64307823544286,10.879999999999999,2426.19877797802
3,31.075783661176914,-10.537783009600917,9.823556014442342,10.879999999999999,2426.6427177446085
3,30.579408243468883,-10.555570444546682,9.930018429319938,10.879999999999999,2427.079566433801
3,30.45531969849208,-10.560165468579061,10.152632508774285,10.879999999999999,2427.514642429494
3,30.703546344540904,-10.552457191811547,10.305855334839258,10.879999999999999,2427.9532645201302
3,30.82768090693966,-10.549344048964185,9.924000762386818,10.879999999999999,2428.393659961658
3,31.324282878480133,-10.539855992281979,9.459352254536983,10.879999999999999,2428.841149717065
3,31.448445762118578,-10.538225174418224,9.143839367356794,10.879999999999999,2429.2904132279523
3,31.57261218606339,-10.536890856212082,9.106440818521218,10.879999999999999,2429.741450544896
3,31.324276269889133,-10.539262987612492,9.504100018428385,10.879999999999999,2430.1889402058946
3,30.951776998054694,-10.54326594223092,9.75059562116509,10.879999999999999,2430.631108448724
3,30.82761411441625,-10.544896760094675,9.89790131964299,10.879999999999999,2431.0715029360726
3,30.57929235946074,-10.548454889561937,9.96875906129366,10.879999999999999,2431.5083499697794
3,30.57929235946074,-10.548454889561937,10.065429951574062,10.879999999999999,2431.945197003486
3,30.703455243099185,-10.546824071698182,10.063228319610799,10.879999999999999,2432.383817792673
3,30.82761812673763,-10.545193253834428,10.00368132573975,10.879999999999999,2432.8242123373407
3,30.82761812673763,-10.545193253834428,9.89041299792146,10.879999999999999,2433.264606882008
3,30.82761812673763,-10.545193253834428,9.757145065435738,10.879999999999999,2433.7050014266756
3,31.20010677765296,-10.540300800243168,9.753355506034435,10.879999999999999,2434.150717237785
3,31.82096013948173,-10.536594332600895,9.684968297319138,10.879999999999999,2434.605302382635
3,32.31764707736569,-10.538966482037026,9.223418082950545,10.879999999999999,2435.0669830551687
3,32.81430569253221,-10.544896754176818,8.868217133360544,10.879999999999999,2435.5357588507763
3,32.93846857617065,-10.546527572040572,8.670286775870478,10.879999999999999,2436.0063084018643
3,32.93846857617065,-10.546527572040572,9.080684090478481,10.879999999999999,2436.4768579529523
3,32.93846857617065,-10.546527572040572,9.3742318192613,10.879999999999999,2436.9474075040403
3,32.93846857617065,-10.546527572040572,9.452513202774758,10.879999999999999,2437.417957055128
3,33.06263500011546,-10.547861890246715,9.280018276169395,10.879999999999999,2437.8902804122727
3,33.43512294301394,-10.552754334538523,9.174753546678632,10.879999999999999,2438.367925025744
3,33.6834246367324,-10.557498376405658,8.8713938311327,10.879999999999999,2438.8491168062687
3,33.80757265145151,-10.560018630682858,8.588450898668384,10.879999999999999,2439.3320821298607
3,33.80757265145151,-10.560018630682858,8.903446491189472,10.879999999999999,2439.8150474534527
3,33.80757265145151,-10.560018630682858,9.151902459311842,10.879999999999999,2440.2980127770447
3,33.80757265145151,-10.560018630682858,9.311041637185111,10.879999999999999,2440.7809781006367
3,34.05590195903476,-10.562983766752755,9.321387922479499,10.879999999999999,2441.267490985766
3,34.304237875209026,-10.565355898153166,9.006539181619893,10.879999999999999,2441.7575515268404
3,34.55256718279228,-10.568321034223063,8.606202869679734,10.879999999999999,2442.2511596294516
3,34.55256718279228,-10.568321034223063,8.468504042209227,10.879999999999999,2442.744767732063
3,34.55256718279228,-10.568321034223063,8.662197844949004,10.879999999999999,2443.238375834674
3,34.55256718279228,-10.568321034223063,8.830406710730793,10.879999999999999,2443.7319839372853
3,34.304220881552716,-10.567727993482325,8.898157513763616,10.879999999999999,2444.2220442355933
3,34.42839438621121,-10.567579733085786,8.871408200780508,10.879999999999999,2444.7138784411104
3,34.42839438621121,-10.567579733085786,8.800949179057229,10.879999999999999,2445.2057126466275
3,34.42839438621121,-10.567579733085786,8.791236457950168,10.879999999999999,2445.6975468521446
3,34.42839438621121,-10.567579733085786,8.700383063718942,10.879999999999999,2446.1893810576616
3,34.42839438621121,-10.567579733085786,8.615343044648357,10.879999999999999,2446.6812152631787
3,34.42839438621121,-10.567579733085786,8.730930538322815,10.879999999999999,2447.173049468696
3,34.42839438621121,-10.567579733085786,8.740063847659972,10.879999999999999,2447.664883674213
3,34.42839438621121,-10.567579733085786,8.714868923782706,10.879999999999999,2448.15671787973
3,34.42839438621121,-10.567579733085786,8.661441111343496,10.879999999999999,2448.648552085247
3,34.304220881552716,-10.567727993482325,8.691337193146936,10.879999999999999,2449.138612383555
3,34.304220881552716,-10.567727993482325,8.698824811830447,10.879999999999999,2449.628672681863
3,34.304220881552716,-10.567727993482325,8.635699387327557,10.879999999999999,2450.118732980171
3,34.304220881552716,-10.567727993482325,8.629120933002838,10.879999999999999,2450.608793278479
3,34.18004737689422,-10.567579733085786,8.600458503128781,10.879999999999999,2451.0970796695774
3,34.18004737689422,-10.567579733085786,8.527244539178886,10.879999999999999,2451.585366060676
3,34.18004737689422,-10.567579733085786,8.479954514249386,10.879999999999999,2452.0736524517743
3,34.18004737689422,-10.567579733085786,8.398282151807507,10.879999999999999,2452.5619388428727
3,34.18004737689422,-10.567579733085786,8.32496896845137,10.879999999999999,2453.050225233971
3,34.18004737689422,-10.567579733085786,8.238693107779913,10.879999999999999,2453.5385116250695
3,34.18004737689422,-10.567579733085786,8.14045068492812,10.879999999999999,2454.026798016168
3,34.18004737689422,-10.567579733085786,8.044639788517877,10.879999999999999,2454.5150844072664
3,34.18004737689422,-10.567579733085786,7.927659556211208,10.879999999999999,2455.003370798365
3,34.18004737689422,-10.567579733085786,7.810446615817191,10.879999999999999,2455.4916571894632
3,34.05587458031315,-10.567134952741588,7.731201584624312,10.879999999999999,2455.9781696834675
3,33.807530167278436,-10.565948873514587,7.870835809190839,10.879999999999999,2456.461134400143
3,33.06249126355974,-10.564169751292376,8.174390741026883,10.879999999999999,2456.933455703908
3,32.31745235984105,-10.565948873514587,8.607644338919444,10.879999999999999,2457.3951335947627
3,31.448269218466233,-10.573213536284836,9.071495718502389,10.879999999999999,2457.844394583598
3,30.454983142651606,-10.587446040627478,9.605572112351664,10.879999999999999,2458.2794657713503
3,29.958379755214686,-10.596934124361747,10.08749004627825,10.879999999999999,2458.707442624996
3,28.46881598120904,-10.636070237958656,10.592693336217247,10.879999999999999,2459.114139996156
3,27.724191264205075,-10.660973333288409,11.012083416022215,10.879999999999999,2459.510199871359
3,27.103695444819017,-10.682466800490927,11.364047018208124,10.879999999999999,2459.8973955205706
3,27.227813487559164,-10.678760847126085,11.52132311408447,10.879999999999999,2460.2863642846787
3,27.35194804995792,-10.675647704278724,11.247587344809787,10.879999999999999,2460.677106399678
3,27.72439138618318,-10.668086955818424,10.936742740716129,10.879999999999999,2461.0731691337664
3,28.593566266965606,-10.66082236209049,10.56907636168633,10.879999999999999,2461.4816486518657
3,28.7177397716241,-10.66097062248703,9.890602156173065,10.879999999999999,2461.8919020771746
3,29.711074939789345,-10.670459066928888,9.428843510274497,10.879999999999999,2462.316346004886
3,29.835228618788694,-10.672682854518827,9.076327873007507,10.879999999999999,2462.742563556583
3,29.586926689087225,-10.667938808143012,9.513122361367222,10.879999999999999,2463.1652339378556
3,29.338624759385755,-10.663194761767196,9.86446697629725,10.879999999999999,2463.584357148704
3,28.966163722387712,-10.65652339899738,10.110587900484795,10.879999999999999,2463.9981594875953
3,28.593675779489242,-10.651630954705578,10.251189262731117,10.879999999999999,2464.4066405701597
3,28.469504635080753,-10.650889658359047,10.3195056778621,10.879999999999999,2464.813347779232
3,28.34533113042226,-10.650741397962507,10.433475560969068,10.879999999999999,2465.2182810810955
3,28.34533113042226,-10.650741397962507,10.484466368568707,10.879999999999999,2465.623214382959
3,28.59367554345697,-10.649555318735509,10.483015935843488,10.879999999999999,2466.031695462151
3,29.0903681459361,-10.649555318735509,10.424089111328755,10.879999999999999,2466.44727214995
3,29.462882287226876,-10.651779212002213,10.004618383158663,10.879999999999999,2466.868170468339
3,30.332045602754125,-10.661119421691563,9.625681401363092,10.879999999999999,2467.3014854055214
3,30.82867023138325,-10.669421613315253,9.176368691233964,10.879999999999999,2467.7418949802554
3,30.82867023138325,-10.669421613315253,9.133566442390554,10.879999999999999,2468.1823045549895
3,30.952823910382598,-10.671645400905192,9.642152595949913,10.879999999999999,2468.624487753709
3,30.952823910382598,-10.671645400905192,10.052702132179634,10.879999999999999,2469.066670952429
3,31.20115345397511,-10.674610539793118,9.966277075866534,10.879999999999999,2469.512401716057
3,31.573652725809552,-10.678613494411547,9.69596758866983,10.879999999999999,2469.9634538978544
3,32.442791259239314,-10.690029197759088,9.377588542082815,10.879999999999999,2470.426922344415
3,33.06353015294808,-10.70263044519293,8.775357854437479,10.879999999999999,2470.8992584894568
3,33.684162845439886,-10.719678219535938,8.343195017871853,10.879999999999999,2471.3804608158202
3,33.808281124100866,-10.723384179944974,8.000375075742426,10.879999999999999,2471.8634362604503
3,33.93240789853621,-10.726793741294383,8.306666689214346,10.879999999999999,2472.3481849447153
3,33.93240789853621,-10.726793741294383,8.601406602240708,10.879999999999999,2472.8329336289803
3,34.05654246093496,-10.729906884141744,8.858029857357105,10.879999999999999,2473.3194556641365
3,34.18068410344176,-10.73272359073491,8.851259953374166,10.879999999999999,2473.8077511513284
3,34.42898579716022,-10.737467632602044,8.66871041328196,10.879999999999999,2474.2995938055733
3,34.553144432475435,-10.739394940823956,8.412702768178189,10.879999999999999,2474.7932101546085
3,34.80147374005869,-10.742360076893853,8.21169021092558,10.879999999999999,2475.290374065181
3,34.80147374005869,-10.742360076893853,8.269139478233607,10.879999999999999,2475.7875379757534
3,34.92564299627283,-10.743397887833677,8.390013852477452,10.879999999999999,2476.286475732843
3,34.92564299627283,-10.743397887833677,8.412638674467239,10.879999999999999,2476.7854134899326
3,34.92564299627283,-10.743397887833677,8.337310603364184,10.879999999999999,2477.284351247022
3,35.04981437670309,-10.744139185589244,8.302317132536956,10.879999999999999,2477.785062880975
3,35.04981437670309,-10.744139185589244,8.242071825863315,10.879999999999999,2478.285774514928
3,35.04981437670309,-10.744139185589244,8.319301094062897,10.879999999999999,2478.786486148881
3,35.04981437670309,-10.744139185589244,8.317286446272059,10.879999999999999,2479.287197782834
3,35.04981437670309,-10.744139185589244,8.289585545222451,10.879999999999999,2479.787909416787
3,34.92564299627283,-10.743397887833677,8.251108216156886,10.879999999999999,2480.2868471738766
3,34.92564299627283,-10.743397887833677,8.25214726264377,10.879999999999999,2480.785784930966
3,34.92564299627283,-10.743397887833677,8.187840626142998,10.879999999999999,2481.284722688056
3,34.92564299627283,-10.743397887833677,8.111734578363738,10.879999999999999,2481.7836604451454
3,34.80147374005869,-10.742360076893853,8.071024965114061,10.879999999999999,2482.280824355718
3,34.80147374005869,-10.742360076893853,8.04011244691676,10.879999999999999,2482.7779882662903
3,34.42896597141628,-10.739246644074377,8.162086742696612,10.879999999999999,2483.2698306373104
3,34.30479459098602,-10.73850534631881,8.339023089230674,10.879999999999999,2483.759899131467
3,33.435585014912874,-10.739543163176606,8.566719546079954,10.879999999999999,2484.2375503459657
3,32.814754075250555,-10.746214741526142,8.858630973347763,10.879999999999999,2484.706332547041
3,32.193986860194435,-10.75733365834121,9.176533605226824,10.879999999999999,2485.1662466450434
3,31.57327864766043,-10.771417191307036,9.50054579915745,10.879999999999999,2485.6172934828674
3,30.828545611731645,-10.792763695719863,9.863132853094289,10.879999999999999,2486.0577012773206
3,30.332170194023615,-10.810551130665628,10.178811807135014,10.879999999999999,2486.491017994378
3,29.959938538573297,-10.825225115931492,10.438443902566272,10.879999999999999,2486.9190171163577
3,29.959938538573297,-10.825225115931492,10.62652023631676,10.879999999999999,2487.3470162383373
3,30.20816518462212,-10.817516839163977,10.437283030665293,10.879999999999999,2487.7785614552604
3,30.580589404246787,-10.80906673544625,9.972122966433703,10.879999999999999,2488.215427018178
3,31.077231026144606,-10.801950503564514,9.44245795007388,10.879999999999999,2488.6593874614086
3,31.698091468687057,-10.799726614524925,9.018651136526508,10.879999999999999,2489.112217339533
3,31.698091468687057,-10.799726614524925,8.675491259828654,10.879999999999999,2489.565047217657
3,31.573918672105986,-10.799281834180727,9.036613726669422,10.879999999999999,2490.0161031986872
3,31.449745875524915,-10.798837053836529,9.27845133561891,10.879999999999999,2490.465385282623
3,30.82887835223244,-10.79809575185383,9.381198190457434,10.879999999999999,2490.9057978305123
3,30.456360670562617,-10.799430090350135,9.594539205222516,10.879999999999999,2491.3408886972347
3,29.95968931024472,-10.80417434864207,9.692829363623181,10.879999999999999,2491.7688842588095
3,29.711367791291064,-10.80773247472773,9.850225765960488,10.879999999999999,2492.1933323701137
3,29.338906754293017,-10.814403837497528,9.981105244388843,10.879999999999999,2492.6124596094605
3,29.338906754293017,-10.814403837497528,10.091970484973757,10.879999999999999,2493.0315868488074
3,29.338906754293017,-10.814403837497528,10.112298630077214,10.879999999999999,2493.450714088154
3,29.71140531809041,-10.810400890487806,9.908002559218058,10.879999999999999,2493.8751627355555
3,29.83557669852067,-10.809659592732238,9.608946787105012,10.879999999999999,2494.30138525982
3,29.959748078950927,-10.808918294976671,9.238363303115715,10.879999999999999,2494.729381660948
3,29.959748078950927,-10.808918294976671,9.489611522476618,10.879999999999999,2495.157378062076
3,29.83557669852067,-10.809659592732238,9.715990748977234,10.879999999999999,2495.5836005863407
3,29.83557669852067,-10.809659592732238,9.828506639882958,10.879999999999999,2496.0098231106053
3,29.71140531809041,-10.810400890487806,9.831422540534675,10.879999999999999,2496.4342717580066
3,29.835574574304545,-10.809363079547982,9.834856769520583,10.879999999999999,2496.860494251925
3,30.208082342946952,-10.806249646728508,9.642223155406748,10.879999999999999,2497.292038285396
3,30.33225372337721,-10.80550834897294,9.467864485423432,10.879999999999999,2497.72535619573
3,30.45642651995828,-10.805063568628743,9.22475415963371,10.879999999999999,2498.160448003158
3,30.45642651995828,-10.805063568628743,9.153243445194997,10.879999999999999,2498.5955398105857
3,30.45642651995828,-10.805063568628743,9.447595370695861,10.879999999999999,2499.0306316180136
3,30.208082342946952,-10.806249646728508,9.634777191752647,10.879999999999999,2499.4621756514844
3,30.083913086732817,-10.807287457668334,9.72981155399077,10.879999999999999,2499.8919458384376
3,30.208082342946952,-10.80624964672851,9.770777962662622,10.879999999999999,2500.3234898719084
3,30.82894514572999,-10.804025749234668,9.819673068288344,10.879999999999999,2500.76390337399
3,30.953118650388483,-10.804174009631208,9.595678568992371,10.879999999999999,2501.2060907832815
3,31.698138436143896,-10.809511320499807,9.31880434588125,10.879999999999999,2501.658921332369
3,32.194781474051204,-10.816627572671127,8.955297025953932,10.879999999999999,2502.1188467819984
3,32.318940109366416,-10.818554880893034,8.534005295981213,10.879999999999999,2502.580545926418
3,32.318940109366416,-10.818554880893034,8.88272617381914,10.879999999999999,2503.0422450708375
3,31.946441545569023,-10.814551933883312,9.155772738085654,10.879999999999999,2503.4986228072025
3,31.946441545569023,-10.814551933883312,9.325763001513005,10.879999999999999,2503.9550005435676
3,31.698095952404863,-10.813958894833428,9.45785306045326,10.879999999999999,2504.407830485745
3,31.822268748985934,-10.81351411448923,9.636265860532797,10.879999999999999,2504.8624343250162
3,32.19478855488399,-10.813069334145032,9.714803522491941,10.879999999999999,2505.3223598758004
3,32.5673069446272,-10.814403675177624,9.309612694159599,10.879999999999999,2505.7876071178666
3,32.93982108591797,-10.816627568444328,8.790209282712627,10.879999999999999,2506.2581759905224
3,33.68482812639482,-10.82374395588223,8.36687837899463,10.879999999999999,2506.7393878208995
3,33.808994550339634,-10.825078274088373,8.25982034060356,10.879999999999999,2507.222373457333
3,33.808994550339634,-10.825078274088373,8.558363974895164,10.879999999999999,2507.7053590937667
3,33.312307612455676,-10.822706124652242,8.696270247114967,10.879999999999999,2508.181249202516
3,33.06396131121611,-10.82329916539298,8.790863800475691,10.879999999999999,2508.653591506962
3,32.93979229101971,-10.824336974360158,9.022437504104529,10.879999999999999,2509.1241599682626
3,32.81562586707489,-10.8256712925663,9.21572464135983,10.879999999999999,2509.5929546235066
3,33.31230714036368,-10.822113075175514,9.237027770822264,10.879999999999999,2510.0688447255116
3,33.43647993694475,-10.821668294831316,8.912137445340221,10.879999999999999,2510.5465087246107
3,33.80899974284281,-10.822113075175514,8.559307151454023,10.879999999999999,2511.0294944352227
3,33.68482694626174,-10.821668294831316,8.39805654878684,10.879999999999999,2511.5107062487405
3,33.56065344160324,-10.821520034434776,8.721987336784958,10.879999999999999,2511.990144155049
3,33.43647993694475,-10.821371774038237,8.924784759334921,10.879999999999999,2512.4678081541483
3,33.43647993694475,-10.821371774038237,9.00515725724128,10.879999999999999,2512.9454721532475
3,33.43647993694475,-10.821371774038237,8.9646998486726,10.879999999999999,2513.4231361523466
3,33.56065344160324,-10.821520034434776,8.78910826326274,10.879999999999999,2513.9025740586553
3,33.56065344160324,-10.821520034434776,8.703826631015072,10.879999999999999,2514.382011964964
3,33.56065344160324,-10.821520034434776,8.639774960554547,10.879999999999999,2514.8614498712727
3,33.56065344160324,-10.821520034434776,8.459276237687419,10.879999999999999,2515.3408877775814
3,33.43647993694475,-10.821371774038237,8.321963326694089,10.879999999999999,2515.8185517766806
3,33.43647993694475,-10.821371774038237,8.472601970428878,10.879999999999999,2516.2962157757797
3,33.312306432286256,-10.821223513641698,8.53843893926631,10.879999999999999,2516.7721058676693
3,33.18813292762776,-10.821075253245159,8.546391166532644,10.879999999999999,2517.24622205235
3,33.18813292762776,-10.821075253245159,8.45431969203679,10.879999999999999,2517.7203382370303
3,33.18813292762776,-10.821075253245159,8.348719574007726,10.879999999999999,2518.194454421711
3,33.18813292762776,-10.821075253245159,8.194952344618523,10.879999999999999,2518.6685706063913
3,33.18813292762776,-10.821075253245159,8.162780014652519,10.879999999999999,2519.142686791072
3,33.18813292762776,-10.821075253245159,8.123673210724155,10.879999999999999,2519.6168029757523
3,33.18813292762776,-10.821075253245159,8.074104313766476,10.879999999999999,2520.090919160433
3,33.06396013104669,-10.82063047290096,8.06439704800379,10.879999999999999,2520.563261448019
3,32.691441741303485,-10.819296131868368,8.100736960132464,10.879999999999999,2521.0302820443235
3,32.318921227328,-10.818851350678749,8.376386050381946,10.879999999999999,2521.4919809189996
3,31.573882323609304,-10.82063047290096,8.605548091396566,10.879999999999999,2521.9430363807655
3,31.077201050320518,-10.824188690291745,8.998489908851914,10.879999999999999,2522.38699639577
3,30.208062516890752,-10.835604393639287,9.355163323217079,10.879999999999999,2522.8185401460114
3,29.21490671964272,-10.856952176254607,9.847003997988091,10.879999999999999,2523.235895956292
3,28.47017156035374,-10.878298741529939,10.298296828641805,10.879999999999999,2523.6426126928686
3,27.725546843349775,-10.903201836859692,10.713064914747667,10.879999999999999,2524.038691933488
3,27.105051023963718,-10.92469530406221,11.10191383152508,10.879999999999999,2524.425906948116
3,27.229169066703864,-10.920989350697369,11.375309568948955,10.879999999999999,2524.8148950776404
3,27.35330362910262,-10.917876207850007,11.131916006833624,10.879999999999999,2525.205656558056
3,27.72574696532788,-10.910315459389707,10.840694391149349,10.879999999999999,2525.601738657561
3,28.470748341451813,-10.903199126058315,10.509057447314747,10.879999999999999,2526.0084636338674
3,29.21578512094429,-10.904978243207962,9.900969995499146,10.879999999999999,2526.425831992738
3,29.960770919613196,-10.913873626055413,9.469674738342844,10.879999999999999,2526.853843005875
3,29.960770919613196,-10.913873626055413,9.257238222659383,10.879999999999999,2527.2818540190124
3,29.836617240613847,-10.911649838465479,9.686529619841682,10.879999999999999,2527.708091408164
3,29.7124635616145,-10.909426050875545,10.001811162944236,10.879999999999999,2528.13255517333
3,29.464142042660843,-10.905867924789879,10.206981881410387,10.879999999999999,2528.553471488225
3,29.33997561871603,-10.904533606583737,10.302634191469185,10.879999999999999,2528.972613997064
3,29.58831625536042,-10.90631271527913,10.24589866195766,10.879999999999999,2529.3953042292833
3,29.712489051941493,-10.906757495623328,10.119021652040544,10.879999999999999,2529.819768358597
3,29.836662556599986,-10.906905756019867,9.931245876241194,10.879999999999999,2530.24600639512
3,29.96083606125848,-10.906757495623328,9.827089840696283,10.879999999999999,2530.674018338852
3,30.085009565916973,-10.906609235226789,9.849085448829323,10.879999999999999,2531.1038041897937
3,30.581702168396102,-10.907795316708263,9.846720821133662,10.879999999999999,2531.5406856493423
3,31.326707084737578,-10.914911683856197,9.532509603669657,10.879999999999999,2531.988210036267
3,31.45086572005279,-10.916838992078109,9.054497223122286,10.879999999999999,2532.437508117982
3,32.44402151730082,-10.93818677469343,8.74947536619233,10.879999999999999,2532.9009941396575
3,32.44402151730082,-10.93818677469343,8.590078904306548,10.879999999999999,2533.364480161333
3,32.44402151730082,-10.93818677469343,8.928194263770619,10.879999999999999,2533.827966183009
3,32.56816953201993,-10.940707028970625,9.156706774400597,10.879999999999999,2534.293225747752
3,32.44401585302058,-10.938483241380686,9.235117488360148,10.879999999999999,2534.7567116885093
3,32.56817448833579,-10.940410549602593,9.050454019556964,10.879999999999999,2535.221971324057
3,32.69233737197423,-10.942041367466347,9.034115146217733,10.879999999999999,2535.689004715085
3,32.81650379591905,-10.943375685672489,8.933017615638231,10.879999999999999,2536.1578119121696
3,32.940673052133185,-10.944413496612313,8.733726607124476,10.879999999999999,2536.6283929557717
3,32.940673052133185,-10.944413496612313,8.672615288589716,10.879999999999999,2537.098973999374
3,32.940673052133185,-10.944413496612313,8.785751454591773,10.879999999999999,2537.569555042976
3,32.940673052133185,-10.944413496612313,8.947318195913637,10.879999999999999,2538.040136086578
3,33.06484443256344,-10.94515479436788,9.001175874376344,10.879999999999999,2538.512491007043
3,33.06484443256344,-10.94515479436788,8.960581562422878,10.879999999999999,2538.984845927508
3,33.18901722914451,-10.945599574712078,8.843731219396831,10.879999999999999,2539.4589747450673
3,33.18901722914451,-10.945599574712078,8.630157580988534,10.879999999999999,2539.9331035626265
3,33.4373642384615,-10.945599574712078,8.64806201743708,10.879999999999999,2540.4107801946043
3,33.4373642384615,-10.945599574712078,8.805270990942244,10.879999999999999,2540.888456826582
3,33.4373642384615,-10.945599574712078,8.864246763362978,10.879999999999999,2541.36613345856
3,33.4373642384615,-10.945599574712078,8.81381702129349,10.879999999999999,2541.8438100905378
3,33.4373642384615,-10.945599574712078,8.656335652687318,10.879999999999999,2542.3214867225156
3,33.4373642384615,-10.945599574712078,8.514098196187208,10.879999999999999,2542.7991633544934
3,33.4373642384615,-10.945599574712078,8.657358715279692,10.879999999999999,2543.2768399864713
3,33.4373642384615,-10.945599574712078,8.675206028078732,10.879999999999999,2543.754516618449
3,33.313190733803005,-10.945747835108618,8.571691079505417,10.879999999999999,2544.230419343218
3,33.313190733803005,-10.945747835108618,8.506272209048978,10.879999999999999,2544.7063220679865
3,33.313190733803005,-10.945747835108618,8.567010345267857,10.879999999999999,2545.1822247927553
3,33.18901722914451,-10.945599574712078,8.509585206386127,10.879999999999999,2545.6563536103145
3,33.18901722914451,-10.945599574712078,8.425930674811145,10.879999999999999,2546.1304824278736
3,33.18901722914451,-10.945599574712078,8.368791858054028,10.879999999999999,2546.604611245433
3,33.18901722914451,-10.945599574712078,8.270603184984598,10.879999999999999,2547.078740062992
3,33.18901722914451,-10.945599574712078,8.192583108928455,10.879999999999999,2547.552868880551
3,33.18901722914451,-10.945599574712078,8.093305610325224,10.879999999999999,2548.0269976981103
3,33.18901722914451,-10.945599574712078,7.983299964054277,10.879999999999999,2548.5011265156695
3,33.18901722914451,-10.945599574712078,7.874660638060019,10.879999999999999,2548.9752553332287
3,33.06484443256344,-10.94515479436788,7.792921850920328,10.879999999999999,2549.4476102536937
3,33.06484443256344,-10.94515479436788,7.7533731799486585,10.879999999999999,2549.9199651741587
3,32.573000474012915,-10.94515479436788,7.968027552650158,10.879999999999999,2550.385293752359
3,32.448827677431844,-10.944710014023682,8.216637457208543,10.879999999999999,2550.848848433465
3,31.20709971161105,-10.947675209273097,8.700996690413422,10.879999999999999,2551.2946641436306
3,30.3379363960838,-10.957015418962447,9.156558654782692,10.879999999999999,2551.7280632350034
3,29.096431467232616,-10.980735560667963,9.638852461285527,10.879999999999999,2552.143726541678
3,28.103386119896218,-11.00682637745504,10.166303173705474,10.879999999999999,2552.545203486248
3,27.234624245350844,-11.034842692554806,10.670924435579751,10.879999999999999,2552.934269546896
3,26.241961191509876,-11.072788102372163,11.122651074471223,10.879999999999999,2553.3091547067747
3,25.745675913956347,-11.092945988213046,11.520043976459514,10.879999999999999,2553.676950076974
3,25.62159869547291,-11.097837316635001,11.78373353007272,10.879999999999999,2554.042972915481
3,25.4974997674802,-11.102136001904656,11.562272990146683,10.879999999999999,2554.4072229121593
3,25.869854603463143,-11.09101812067755,11.288651887151271,10.879999999999999,2554.776792263637
3,26.61468109455316,-11.073228623076846,10.972194447317655,10.879999999999999,2555.1570019935593
3,27.235491972665113,-11.065074580255285,10.36907427632205,10.879999999999999,2555.546080450312
3,27.8563559555745,-11.064333282499717,9.589890325861402,10.879999999999999,2555.944028392534
3,27.8563559555745,-11.064333282499717,9.610349844066619,10.879999999999999,2556.3419763347565
3,27.73218315899343,-11.06388850215552,10.226597004265741,10.879999999999999,2556.738150379885
3,27.359662645017945,-11.0634437209659,10.701564708445767,10.879999999999999,2557.1290027033856
3,27.359662645017945,-11.0634437209659,11.019841305155634,10.879999999999999,2557.519855026886
3,27.60800989036101,-11.0634437209659,10.818623411385897,10.879999999999999,2557.914255168177
3,28.10470249284014,-11.064629802447374,10.320606327739538,10.879999999999999,2558.3157509180746
3,28.97386250420015,-11.073969976629456,9.765979877544654,10.879999999999999,2558.7296632395633
3,29.346323541198196,-11.080641339399254,9.291370947103085,10.879999999999999,2559.1488964330088
3,29.470477220197544,-11.082865126989187,8.995360630123734,10.879999999999999,2559.5699032504403
3,29.594635855512756,-11.0847924352111,9.41771758081241,10.879999999999999,2559.992683762662
3,29.222147204597427,-11.079899981619839,9.76078109601727,10.879999999999999,2560.410143008442
3,28.973811524438478,-11.077527852473871,10.010674268137983,10.879999999999999,2560.824054601648
3,28.973811524438478,-11.077527852473871,10.186477602973742,10.879999999999999,2561.2379661948544
3,29.346329914181688,-11.078862193506463,10.195229743485136,10.879999999999999,2561.6571994793426
3,29.718848303924897,-11.080196534539056,9.895193565546045,10.879999999999999,2562.081754455113
3,30.215536657947553,-11.082568690738587,9.628810183775503,10.879999999999999,2562.5134049787976
3,30.9605436984244,-11.089685078176489,9.296626924211385,10.879999999999999,2562.9556984602036
3,31.829614495674882,-11.10525150254084,8.896939889095286,10.879999999999999,2563.410407238713
3,32.57439850617718,-11.124819615131148,8.405751355163696,10.879999999999999,2563.875755788801
3,32.69852528061253,-11.128229176480556,8.078909029335614,10.879999999999999,2564.342877578524
3,32.82265984301128,-11.131342319327917,8.529337882122288,10.879999999999999,2564.8117727191384
3,32.45021650678602,-11.123781570867617,8.86314073491635,10.879999999999999,2565.275347240664
3,32.20188790722972,-11.120816443251801,9.088282383427197,10.879999999999999,2565.735374210767
3,32.07771534667311,-11.120371663753033,9.2324843130061,10.879999999999999,2566.193627287148
3,31.9535427861165,-11.120816443251801,9.406748737499623,10.879999999999999,2566.650106469807
3,32.45023114013916,-11.11844428705227,9.51378945929778,10.879999999999999,2567.11368120038
3,32.69857814945615,-11.11844428705227,9.25766798924823,10.879999999999999,2567.5808037453726
3,33.07109653919935,-11.119778628084863,9.058686523291765,10.879999999999999,2568.053247981647
3,33.940296202211165,-11.124967712373838,8.793906480538848,10.879999999999999,2568.5381093559645
3,34.8094314315679,-11.136383372324032,8.469946775637728,10.879999999999999,2569.035386947844
3,35.430138464275686,-11.150466878520245,8.014529100465142,10.879999999999999,2569.541531783048
3,35.554273026674444,-11.153580021367606,7.463347617700313,10.879999999999999,2570.049449969143
3,35.554273026674444,-11.153580021367606,7.865128261209699,10.879999999999999,2570.5573681552382
3,35.30598336944853,-11.14824306049724,8.179924545670298,10.879999999999999,2571.0617393462303
3,34.933508171495525,-11.142461146821642,8.360117010841295,10.879999999999999,2571.560789462966
3,34.685168242910386,-11.140682043198776,8.475569790447846,10.879999999999999,2572.0562918664364
3,34.4368212335934,-11.140682043198776,8.741255080405251,10.879999999999999,2572.5482464554875
3,34.4368212335934,-11.140682043198776,8.909239534524854,10.879999999999999,2573.0402010445387
3,34.56099403017447,-11.140237262854578,8.98224188871836,10.879999999999999,2573.533929530684
3,34.68516682675554,-11.13979248251038,8.828345009019847,10.879999999999999,2574.0294319139234
3,34.80933962333661,-11.139347702166182,8.479847523621412,10.879999999999999,2574.5267081942566
3,34.933511003766874,-11.138606404410615,8.101744031096668,10.879999999999999,2575.025758351453
3,34.933511003766874,-11.138606404410615,8.399258897593137,10.879999999999999,2575.5248085086496
3,34.933511003766874,-11.138606404410615,8.674271669187846,10.879999999999999,2576.023858665846
3,34.80933962333661,-11.139347702166182,8.817668356000185,10.879999999999999,2576.5211349461792
3,34.80933962333661,-11.139347702166182,8.851214538357874,10.879999999999999,2577.0184112265124
3,34.80933962333661,-11.139347702166182,8.787920570378155,10.879999999999999,2577.5156875068456
3,34.933511003766874,-11.138606404410615,8.663583279943818,10.879999999999999,2578.014737664042
3,34.933511003766874,-11.138606404410615,8.478387891898185,10.879999999999999,2578.5137878212386
3,34.933511003766874,-11.138606404410615,8.267626998802607,10.879999999999999,2579.012837978435
3,34.80933962333661,-11.139347702166182,8.282018692950546,10.879999999999999,2579.510114258768
3,34.80933962333661,-11.139347702166182,8.404289927355578,10.879999999999999,2580.0073905391014
3,34.80933962333661,-11.139347702166182,8.400778279959052,10.879999999999999,2580.5046668194345
3,34.80933962333661,-11.139347702166182,8.275334153611462,10.879999999999999,2581.0019430997677
3,34.68516682675554,-11.13979248251038,8.230776663696384,10.879999999999999,2581.497445483007
3,34.68516682675554,-11.13979248251038,8.222673724492772,10.879999999999999,2581.9929478662466
3,34.56099332209705,-11.13994074290692,8.250290032166973,10.879999999999999,2582.4866763422765
3,34.436819817438554,-11.13979248251038,8.207513015901469,10.879999999999999,2582.978630911097
3,34.436819817438554,-11.13979248251038,8.204845475929547,10.879999999999999,2583.470585479917
3,34.31264702085748,-11.139347702166182,8.170451584439203,10.879999999999999,2583.960766151644
3,34.18847422427641,-11.138902921821984,8.149479824884418,10.879999999999999,2584.4491729262763
3,33.815953710300924,-11.138458140632364,8.149099893843792,10.879999999999999,2584.9322579792806
3,33.44343319632544,-11.138902921821984,8.452449063869505,10.879999999999999,2585.4100213106567
3,32.822577474282994,-11.142609403554635,8.725501024731829,10.879999999999999,2585.878915274575
3,32.45007820244855,-11.146612358173064,9.111241420600946,10.879999999999999,2586.342487820324
3,31.456831777104316,-11.163216694078654,9.52172186957677,10.879999999999999,2586.7918711314255
3,30.83616014486948,-11.178782378728545,9.872932549742815,10.879999999999999,2587.2323877049234
3,30.091537550910825,-11.203685403055543,10.237059225609437,10.879999999999999,2587.6622668127934
3,29.59525274502054,-11.22384326973863,10.538852108352584,10.879999999999999,2588.0850561377224
3,29.47120030204032,-11.229327121574453,10.787972836520586,10.879999999999999,2588.5060732848942
3,29.719341997491405,-11.219248216969577,10.779717896364813,10.879999999999999,2588.93063531343
3,29.843441161368617,-11.214949523529079,10.448300355036602,10.879999999999999,2589.356970187164
3,29.967550236492727,-11.210947185192998,10.095893339575873,10.879999999999999,2589.785078047685
3,30.836569821196246,-11.193305740581293,9.66614858110518,10.879999999999999,2590.2256004737023
3,31.333256759080204,-11.190933591145162,9.328193630271024,10.879999999999999,2590.6732184274033
3,31.333256759080204,-11.190933591145162,9.020022076739766,10.879999999999999,2591.1208363811043
3,31.20908325442171,-11.190785330748623,9.458994848764446,10.879999999999999,2591.566680427596
3,31.20908325442171,-11.190785330748623,9.81663317371686,10.879999999999999,2592.012524474088
3,31.20908325442171,-11.190785330748623,10.018585210846533,10.879999999999999,2592.45836852058
3,31.20908325442171,-11.190785330748623,9.891150892062246,10.879999999999999,2592.9042125670717
3,31.33325605100278,-11.191230111092821,9.552947153909775,10.879999999999999,2593.3518305106572
3,31.457428847583852,-11.19167489143702,9.35079884633312,10.879999999999999,2593.801222351337
3,31.457428847583852,-11.19167489143702,9.57608389780018,10.879999999999999,2594.2506141920167
3,31.457428847583852,-11.19167489143702,9.903015617076756,10.879999999999999,2594.7000060326964
3,31.581601644164923,-11.192119671781217,10.153308194998315,10.879999999999999,2595.1511717704702
3,31.9541157854557,-11.194343565047921,10.289650448120685,10.879999999999999,2595.6076591388337
3,32.202451465614644,-11.19671569419389,9.968774681412363,10.879999999999999,2596.0676941597712
3,32.82324346220299,-11.206352216986554,9.618293204126289,10.879999999999999,2596.5365976378025
3,33.0715331194289,-11.21168917785692,9.2116846347602,10.879999999999999,2597.0090481109373
3,34.312754845976876,-11.247266685211635,8.761336247657926,10.879999999999999,2597.499230323023
3,34.436863921100986,-11.251269023547716,8.376050397562413,10.879999999999999,2597.9911855218957
3,34.436863921100986,-11.251269023547716,8.831368836895196,10.879999999999999,2598.4831407207685
3,34.31272251455943,-11.248452322308474,9.217916961370003,10.879999999999999,2598.9733224709767
3,34.06440170361052,-11.244894206367603,9.525937256209087,10.879999999999999,2599.4599567810283
3,34.18857095982466,-11.245932017307428,9.766382646133373,10.879999999999999,2599.948364937597
3,34.43691183248907,-11.247711127693664,9.747262985682697,10.879999999999999,2600.4403208209183
3,34.9335935778179,-11.251269348466138,9.433869033338496,10.879999999999999,2600.9393721577444
3,35.55443985888858,-11.256458403165261,9.101448874535489,10.879999999999999,2601.447292727157
3,36.299402291735305,-11.267132750987875,8.738538485939845,10.879999999999999,2601.9658556170393
3,37.044271263413044,-11.283143633598975,8.26430451553767,10.879999999999999,2602.495059492231
3,37.292560920638955,-11.288480594469341,7.8978009469424055,10.879999999999999,2603.027810362526
3,37.416714599638304,-11.290704382059275,8.247898388573452,10.879999999999999,2603.5623348568065
3,37.416714599638304,-11.290704382059275,8.6330758808586,10.879999999999999,2604.096859351087
3,37.29254817569349,-11.289370063853132,8.893990211339343,10.879999999999999,2604.629610039311
3,37.29254817569349,-11.289370063853132,9.048535862753802,10.879999999999999,2605.162360727535
3,37.66506868966898,-11.289814845042752,8.837043082724025,10.879999999999999,2605.7004331373873
3,38.03758707941219,-11.291149186075344,8.419048752921046,10.879999999999999,2606.2438272385216
3,38.65844398156348,-11.294855674853183,7.983941484602638,10.879999999999999,2606.7960907239726
3,38.78261536199374,-11.29559697260875,7.515556924996626,10.879999999999999,2607.350128086287
3,38.78261536199374,-11.29559697260875,7.788947594530543,10.879999999999999,2607.9041654486014
3,38.53426906075418,-11.295003931868013,8.128224174069917,10.879999999999999,2608.454655006612
3,38.41009555609568,-11.295152192264553,8.3402939341467,10.879999999999999,2609.0033706574136
3,37.913415698925405,-11.298710399510286,8.425377153184828,10.879999999999999,2609.544990881684
3,37.913415698925405,-11.298710399510286,8.497288051026082,10.879999999999999,2610.0866111059545
3,37.913415698925405,-11.298710399510286,8.491555513703679,10.879999999999999,2610.628231330225
3,38.03757858256385,-11.297079581646532,8.456449641109069,10.879999999999999,2611.1716253099758
3,38.03757858256385,-11.297079581646532,8.453047162853672,10.879999999999999,2611.7150192897266
3,38.03757858256385,-11.297079581646532,8.520312331130347,10.879999999999999,2612.2584132694774
3,38.03757858256385,-11.297079581646532,8.583644523599315,10.879999999999999,2612.801807249228
3,38.03757858256385,-11.297079581646532,8.59137802991366,10.879999999999999,2613.345201228979
3,38.410077146361246,-11.293076634636812,8.564920240306545,10.879999999999999,2613.8939166167843
3,38.410077146361246,-11.293076634636812,8.516919011022365,10.879999999999999,2614.4426320045895
3,38.2859142627228,-11.294707452500566,8.57919611543456,10.879999999999999,2614.989573636914
3,38.41007289803801,-11.292780144278659,8.624406561230087,10.879999999999999,2615.5382889640287
3,38.658385448345676,-11.288629044521665,8.598517188749947,10.879999999999999,2616.0905516132907
3,38.90670696729933,-11.285070918436004,8.533670026886952,10.879999999999999,2616.6463617128234
3,39.40338682446961,-11.28151271119027,8.26249752273585,10.879999999999999,2617.209267238887
3,39.775906630367665,-11.281957491534468,7.848343894298557,10.879999999999999,2617.7774944764637
3,39.90007801079793,-11.282698789290036,7.676030204659176,10.879999999999999,2618.3474955909037
3,39.775906630367665,-11.281957491534468,7.729799160847226,10.879999999999999,2618.9157228284803
3,39.651733833786594,-11.28151271119027,8.063483086952,10.879999999999999,2619.4821761689627
3,39.40338682446961,-11.28151271119027,8.245528032575049,10.879999999999999,2620.0450816950265
3,38.90670696729933,-11.285070918436004,8.301669785084512,10.879999999999999,2620.600891794559
3,38.782540543354514,-11.286405236642146,8.399474140755244,10.879999999999999,2621.154928088036
3,38.782540543354514,-11.286405236642146,8.420509809491755,10.879999999999999,2621.7089643815125
3,38.782540543354514,-11.286405236642146,8.509975093367652,10.879999999999999,2622.263000674989
3,38.782540543354514,-11.286405236642146,8.47171627621549,10.879999999999999,2622.817036968466
3,38.782540543354514,-11.286405236642146,8.347880647612564,10.879999999999999,2623.3710732619425
3,38.782540543354514,-11.286405236642146,8.26404682595657,10.879999999999999,2623.925109555419
3,38.782540543354514,-11.286405236642146,8.17179960924706,10.879999999999999,2624.4791458488958
3,38.782540543354514,-11.286405236642146,8.064482758014076,10.879999999999999,2625.0331821423724
3,38.658371287140376,-11.28744304758197,7.943065515657069,10.879999999999999,2625.5854445893315
3,38.658371287140376,-11.28744304758197,7.936160559331853,10.879999999999999,2626.1377070362905
3,38.53420203092624,-11.288480858521794,7.883203075476744,10.879999999999999,2626.6881956367324
3,38.410035606981424,-11.289815176727936,8.003681932945874,10.879999999999999,2627.236910431118
3,37.91339256907411,-11.296931428899258,8.17357213622072,10.879999999999999,2627.7785303249616
3,37.41678918163719,-11.306419512633527,8.445812088613781,10.879999999999999,2628.313055884699
3,36.920236771826076,-11.318279211514579,8.695699393728855,10.879999999999999,2628.8404878385822
3,36.42374666563342,-11.332510255031467,8.965448623319354,10.879999999999999,2629.3608270766626
3,35.80320129001288,-11.352521946711871,9.180067050562077,10.879999999999999,2629.8723013808058
3,35.55501358115887,-11.361415664184754,9.445375019283052,10.879999999999999,2630.380230146251
3,34.934627488741675,-11.385872306294528,9.654288611531559,10.879999999999999,2630.879296253233
3,34.562431935356564,-11.401435121053295,9.803702318396228,10.879999999999999,2631.373045280881
3,34.43836675089486,-11.406622725972884,9.970466187088222,10.879999999999999,2631.865021948751
3,34.68655375212564,-11.397729033857425,10.032419229803482,10.879999999999999,2632.3605441452096
3,34.810680290624,-11.394319478988823,9.708928843448795,10.879999999999999,2632.8578395779327
3,35.18312362684926,-11.386758730528523,9.402924495937535,10.879999999999999,2633.360455629745
3,35.803952206392125,-11.380087177541327,8.979282925751644,10.879999999999999,2633.871940661265
3,35.803952206392125,-11.380087177541327,8.632930126893248,10.879999999999999,2634.383425692785
3,35.803952206392125,-11.380087177541327,8.961715629263715,10.879999999999999,2634.8949107243047
3,35.67978082596186,-11.380828475296894,9.221468238928901,10.879999999999999,2635.4046218789613
3,35.43143664895054,-11.38201455339666,9.353091905392487,10.879999999999999,2635.9107852596608
3,35.43143664895054,-11.38201455339666,9.367552028228738,10.879999999999999,2636.4169486403603
3,35.43143664895054,-11.38201455339666,9.242440413591254,10.879999999999999,2636.9231120210598
3,35.307263144292044,-11.3821628137932,9.207250372918597,10.879999999999999,2637.4275014945497
3,35.307263144292044,-11.3821628137932,9.1480508858825,10.879999999999999,2637.9318909680396
3,35.18308963963355,-11.38201455339666,9.175184330108253,10.879999999999999,2638.43450653432
3,35.18308963963355,-11.38201455339666,9.210908428791488,10.879999999999999,2638.9371221006004
3,35.18308963963355,-11.38201455339666,9.273516942305644,10.879999999999999,2639.439737666881
3,35.18308963963355,-11.38201455339666,9.31509254960081,10.879999999999999,2639.942353233161
3,35.18308963963355,-11.38201455339666,9.342285478671304,10.879999999999999,2640.4449687994415
3,35.18308963963355,-11.38201455339666,9.3600159496683,10.879999999999999,2640.947584365722
3,35.18308963963355,-11.38201455339666,9.372790878780433,10.879999999999999,2641.4501999320023
3,35.18308963963355,-11.38201455339666,9.394229858810164,10.879999999999999,2641.9528154982827
3,35.18308963963355,-11.38201455339666,9.422914468014838,10.879999999999999,2642.455431064563
3,35.18308963963355,-11.38201455339666,9.464686127574087,10.879999999999999,2642.9580466308435
3,35.18308963963355,-11.38201455339666,9.50902639139812,10.879999999999999,2643.460662197124
3,35.18308963963355,-11.38201455339666,9.555779919724857,10.879999999999999,2643.963277763404
3,35.30726243621462,-11.382459333740858,9.603791624886485,10.879999999999999,2644.4676672267788
3,35.555603072859014,-11.384238442436251,9.61129210282919,10.879999999999999,2644.975604413534
3,35.80393238044227,-11.387203578506147,9.671161997559564,10.879999999999999,2645.4870891618257
3,36.05225413539778,-11.39076170797341,9.417605385880638,10.879999999999999,2646.00212136376
3,36.67302135045391,-11.401880624788488,9.183111882921933,10.879999999999999,2646.5260216687666
3,37.04542432979481,-11.411220035578422,8.988224147612069,10.879999999999999,2647.055242016335
3,37.04542432979481,-11.411220035578422,8.826188170107063,10.879999999999999,2647.584462363903
3,37.04542432979481,-11.411220035578422,8.750341797671522,10.879999999999999,2648.1136827114715
3,37.16955110423016,-11.414629596927831,8.927274828856406,10.879999999999999,2648.6446762986748
3,37.16955110423016,-11.414629596927831,9.017923950099359,10.879999999999999,2649.175669885878
3,37.16955110423016,-11.414629596927831,9.02235994109737,10.879999999999999,2649.7066634730813
3,37.41782730913572,-11.420559446368358,8.977820267089562,10.879999999999999,2650.241203863212
3,37.54197532385483,-11.423079700645559,8.868864306065356,10.879999999999999,2650.77751779641
3,37.66612900285418,-11.425303488235492,8.815441726381565,10.879999999999999,2651.3156053535936
3,37.66612900285418,-11.425303488235492,8.880342697652912,10.879999999999999,2651.853692910777
3,37.79028763816939,-11.427230796457405,8.88598410524144,10.879999999999999,2652.393554162751
3,37.79028763816939,-11.427230796457405,8.850550862800366,10.879999999999999,2652.933415414725
3,37.91445052180784,-11.428861614321159,8.780417591305318,10.879999999999999,2653.4750504221793
3,37.91445052180784,-11.428861614321159,8.715637355771161,10.879999999999999,2654.0166854296335
3,38.03861694575265,-11.430195932527301,8.745575429693835,10.879999999999999,2654.5600942431442
3,38.03861694575265,-11.430195932527301,8.731087940912301,10.879999999999999,2655.103503056655
3,38.03861694575265,-11.430195932527301,8.681030487589817,10.879999999999999,2655.6469118701657
3,38.03861694575265,-11.430195932527301,8.647734138815288,10.879999999999999,2656.1903206836764
3,38.16278620196679,-11.431233743467125,8.650060561332632,10.879999999999999,2656.7355033437043
3,38.16278620196679,-11.431233743467125,8.606382669076897,10.879999999999999,2657.280686003732
3,38.28695758239705,-11.431975041222692,8.568907701838231,10.879999999999999,2657.8276425406234
3,38.28695758239705,-11.431975041222692,8.466990562616571,10.879999999999999,2658.3745990775146
3,38.28695758239705,-11.431975041222692,8.352335593004184,10.879999999999999,2658.921555614406
3,38.28695758239705,-11.431975041222692,8.418879424842972,10.879999999999999,2659.468512151297
3,38.28695758239705,-11.431975041222692,8.379692604233544,10.879999999999999,2660.0154686881883
3,38.28695758239705,-11.431975041222692,8.302550371403294,10.879999999999999,2660.5624252250796
3,38.28695758239705,-11.431975041222692,8.23010841480468,10.879999999999999,2661.109381761971
3,38.28695758239705,-11.431975041222692,8.174182587651392,10.879999999999999,2661.656338298862
3,38.28695758239705,-11.431975041222692,8.05996790953765,10.879999999999999,2662.2032948357532
3,38.28695758239705,-11.431975041222692,7.993676665074146,10.879999999999999,2662.7502513726445
3,38.16278478581598,-11.431530260878494,7.8763483765688305,10.879999999999999,2663.295434012442
3,38.16278478581598,-11.431530260878494,7.771654387657329,10.879999999999999,2663.8406166522395
3,38.16278478581598,-11.431530260878494,7.644589135909804,10.879999999999999,2664.385799292037
3,38.16278478581598,-11.431530260878494,7.506211374785491,10.879999999999999,2664.9309819318346
3,38.16278478581598,-11.431530260878494,7.3691529865046865,10.879999999999999,2665.476164571632
3,38.03861198923491,-11.431085480534296,7.24857866743376,10.879999999999999,2666.0195733143355
3,37.66609218333685,-11.430640700190098,7.383599687119648,10.879999999999999,2666.557660345526
3,37.41774564607188,-11.431233741494454,7.58760036304591,10.879999999999999,2667.0921995690414
3,36.05189161629269,-11.442649596735325,7.926200402806277,10.879999999999999,2667.607226592131
3,35.182817515214126,-11.458216080276422,8.426314954931152,10.879999999999999,2668.10983827092
3,34.065608577191426,-11.486234312646225,8.899475605228004,10.879999999999999,2668.5964898220227
3,32.57636338927411,-11.536040361300222,9.506560909726772,10.879999999999999,2669.0618664418694
3,31.583895709200085,-11.578726066617696,10.070962000939733,10.879999999999999,2669.5130649520006
3,30.46767216780605,-11.633412318121634,10.5696780946972,10.879999999999999,2669.9483174115408
3,29.723659032322693,-11.67253504244475,11.07849054451802,10.879999999999999,2670.3729411120025
3,28.731767968317346,-11.727067468194656,11.545794809938723,10.879999999999999,2670.7833949401215
3,28.483763589822892,-11.740108376302361,11.98848505064378,10.879999999999999,2671.1903058485477
3,28.235699757778573,-11.751964693950836,11.886135688353,10.879999999999999,2671.5936729879445
3,28.483841453229658,-11.741885789345963,11.630933247922005,10.879999999999999,2672.000585008705
3,29.104468247317026,-11.724838177022566,11.135183347510457,10.879999999999999,2672.4163631265237
3,29.72527912542898,-11.716684134201005,10.662133298758187,10.879999999999999,2672.8410099711728
3,30.470314488768626,-11.716684134201005,10.093912402843443,10.879999999999999,2673.276300178155
3,31.09112536688058,-11.724838177022571,9.561976637145566,10.879999999999999,2673.7204591119676
3,31.21527338159969,-11.727358431299766,9.342795396169718,10.879999999999999,2674.1663915888475
3,31.21527338159969,-11.727358431299766,9.764822300134924,10.879999999999999,2674.6123240657275
3,31.21527338159969,-11.727358431299766,10.06731807956985,10.879999999999999,2675.0582565426075
3,30.84281305256602,-11.720687081210725,10.251932857663487,10.879999999999999,2675.498868157644
3,30.59448374498276,-11.717721945140829,10.3504577723248,10.879999999999999,2675.935932211144
3,30.59448374498276,-11.717721945140829,10.350996282071204,10.879999999999999,2676.372996264644
3,30.71865654156383,-11.718166725485027,10.164851588246263,10.879999999999999,2676.8118342152375
3,30.842830046222325,-11.718314985881566,9.979957771140365,10.879999999999999,2677.2524460730406
3,31.21535056019781,-11.718759767071186,9.908075193185535,10.879999999999999,2677.698379652472
3,31.712030417368087,-11.722317974316919,9.716730255436763,10.879999999999999,2678.1514086584343
3,32.08450561532109,-11.728099887992517,9.241161325751806,10.879999999999999,2678.609758738653
3,32.08450561532109,-11.728099887992517,9.045490885413113,10.879999999999999,2679.0681088188717
3,32.08450561532109,-11.728099887992517,9.500267106283573,10.879999999999999,2679.5264588990904
3,31.836176307737833,-11.72513475192262,9.850352283236472,10.879999999999999,2679.981261417772
3,31.836176307737833,-11.72513475192262,10.111877469975774,10.879999999999999,2680.436063936454
3,31.960342731682648,-11.726469070128763,9.890871069017408,10.879999999999999,2680.8926402611924
3,32.2125704027342,-11.726469070128763,9.492268588332912,10.879999999999999,2681.352819838374
3,32.833362399322546,-11.736105592921428,9.333965315639686,10.879999999999999,2681.8218678726503
3,33.32994171377437,-11.74677951466216,9.165674364412443,10.879999999999999,2682.298009897133
3,33.45408335628117,-11.749596221255326,8.925246891517993,10.879999999999999,2682.7759253736513
3,33.45408335628117,-11.749596221255326,8.9603821890998,10.879999999999999,2683.2538408501696
3,33.57823137100028,-11.752116475532528,9.117069591318222,10.879999999999999,2683.7335298697553
3,33.57823137100028,-11.752116475532528,9.21189740175307,10.879999999999999,2684.213218889341
3,33.57823137100028,-11.752116475532528,9.396830024019017,10.879999999999999,2684.692907908927
3,33.70238504999963,-11.754340263122462,9.478623448556746,10.879999999999999,2685.174370552498
3,34.07486095594527,-11.7601221877882,9.306074625637915,10.879999999999999,2685.6611542804403
3,34.5714855845744,-11.768424379411892,9.04617120421094,10.879999999999999,2686.155032645934
3,35.068064899026226,-11.779098301152626,8.601868063281724,10.879999999999999,2686.6560050016346
3,35.316354556252136,-11.784435262022992,8.132122036302196,10.879999999999999,2687.160524352438
3,35.316354556252136,-11.784435262022992,8.364663191268212,10.879999999999999,2687.6650437032417
3,35.068042241937576,-11.780284166211146,8.648369405920713,10.879999999999999,2688.1660157352694
3,34.943876054005116,-11.77894985054124,8.810607177522808,10.879999999999999,2688.665213964612
3,34.57135837233529,-11.777615512044935,8.950673512425409,10.879999999999999,2689.159090512788
3,34.69553187699378,-11.777467251648396,9.04811407164859,10.879999999999999,2689.654740968174
3,34.69553187699378,-11.777467251648396,9.06415032582456,10.879999999999999,2690.1503914235595
3,35.192225895627764,-11.777467251648396,9.067291993064801,10.879999999999999,2690.653137507783
3,35.56474428537098,-11.778801592680988,8.658159152159401,10.879999999999999,2691.1612052832884
3,35.81308869840569,-11.779987671907989,8.255097008810305,10.879999999999999,2691.672820836123
3,35.81308869840569,-11.779987671907989,8.31284589492509,10.879999999999999,2692.1844363889572
3,35.68891590182462,-11.779542891563791,8.548066860800981,10.879999999999999,2692.6942780446975
3,35.440568892507635,-11.779542891563791,8.641169257537259,10.879999999999999,2693.200571886019
3,35.19222471549631,-11.780728969663556,8.672471316133802,10.879999999999999,2693.7033179533832
3,35.06805545928217,-11.78176678060338,8.820517456925382,10.879999999999999,2694.20429017423
3,35.06805545928217,-11.78176678060338,8.899161906874715,10.879999999999999,2694.705262395077
3,35.06805545928217,-11.78176678060338,8.879756033485139,10.879999999999999,2695.206234615924
3,35.06805545928217,-11.78176678060338,8.727095048083733,10.879999999999999,2695.707206836771
3,35.06805545928217,-11.78176678060338,8.523144195531925,10.879999999999999,2696.208179057618
3,35.06805545928217,-11.78176678060338,8.512872639954969,10.879999999999999,2696.709151278465
3,34.94388620306803,-11.782804591543204,8.531593362787328,10.879999999999999,2697.2083496527944
3,34.94388620306803,-11.782804591543204,8.493356009925465,10.879999999999999,2697.7075480271237
3,34.94388620306803,-11.782804591543204,8.336914157671213,10.879999999999999,2698.206746401453
3,34.81971482263777,-11.783545889298772,8.308024577300971,10.879999999999999,2698.7041708989195
3,34.81971482263777,-11.783545889298772,8.181085460988355,10.879999999999999,2699.201595396386
3,34.69554344220751,-11.784287187054339,8.08288204399693,10.879999999999999,2699.697246016989
3,34.69554344220751,-11.784287187054339,7.913320133435601,10.879999999999999,2700.192896637592
3,34.69554344220751,-11.784287187054339,7.774520014722616,10.879999999999999,2700.6885472581953
3,34.69554344220751,-11.784287187054339,7.634367985574562,10.879999999999999,2701.1841978787984
3,34.57137206177725,-11.785028484809907,7.521611052187481,10.879999999999999,2701.678074622538
3,34.19885792048647,-11.78725237807661,7.552823947929571,10.879999999999999,2702.166629735688
3,33.82635015184406,-11.790365810896086,7.742505055490467,10.879999999999999,2702.6498633092856
3,33.08136222909429,-11.799261219105775,8.027031930684041,10.879999999999999,2703.122454198273
3,31.96398124199327,-11.819275269372898,8.393315997039611,10.879999999999999,2703.5790825017298
3,31.591556314472864,-11.827725389152393,8.913504562946999,10.879999999999999,2704.0303904490793
3,29.8538458973057,-11.877533899448991,9.43425820756645,10.879999999999999,2704.456873961898
3,28.86109506188964,-11.913108769340521,9.909249042651842,10.879999999999999,2704.869175319925
3,27.620383047163926,-11.963503436048239,10.418707444685388,10.879999999999999,2705.2637522205987
3,26.628017298796454,-12.008559113317014,10.833392169883934,10.879999999999999,2705.6441524677243
3,25.883825095392655,-12.044128100066743,11.25755224038217,10.879999999999999,2706.0139213976586
3,25.38769695979012,-12.067840757899896,11.608904397534904,10.879999999999999,2706.3766027827983
3,25.139580039771612,-12.078512184229265,11.86731194912464,10.879999999999999,2706.735739640509
3,25.139580039771612,-12.078512184229265,11.578018300789102,10.879999999999999,2707.09487649822
3,25.512002843607227,-12.070062112635023,11.345144763720102,10.879999999999999,2707.4593336817
3,26.132842044166107,-12.06487311711507,10.93746039585105,10.879999999999999,2707.8326599966167
3,26.75369540599488,-12.068579584757343,10.349867006191442,10.879999999999999,2708.214855645274
3,27.126170603947884,-12.074361498432943,9.811208632858142,10.879999999999999,2708.6023723681874
3,27.126170603947884,-12.074361498432943,9.475160429400006,10.879999999999999,2708.989889091101
3,26.75372655979055,-12.066800735601339,9.856771553636317,10.879999999999999,2709.372085184812
3,26.50542486607209,-12.062056693734204,10.113811807384115,10.879999999999999,2709.75073411147
3,25.884611627907972,-12.053902619914522,10.396277240725047,10.879999999999999,2710.120514277583
3,25.263755905865533,-12.050196138181873,10.667222402834712,10.879999999999999,2710.4814250762383
3,25.015408896548543,-12.050196138181873,10.87955785730953,10.879999999999999,2710.8387880604746
3,24.89123609996747,-12.05064091852607,11.076266233730593,10.879999999999999,2711.194377147617
3,25.139582401207036,-12.050047877785333,11.15628371598326,10.879999999999999,2711.553514039063
3,25.26375590586553,-12.049899617388794,10.97281469710044,10.879999999999999,2711.9144248377183
3,25.760447092193846,-12.05108569548856,10.765013674157016,10.879999999999999,2712.28243122475
3,26.257118452511744,-12.055829953780494,10.314021885400766,10.879999999999999,2712.6575329169286
3,27.25031767594864,-12.074805976971597,9.898161986057533,10.879999999999999,2713.046823169442
3,27.99499761409511,-12.097930807274139,9.525831258330603,10.879999999999999,2713.4467517067865
3,27.870898450217897,-12.093632113833635,9.202758942569986,10.879999999999999,2713.8449073989323
3,27.995007525342007,-12.097634452169716,9.611223811272485,10.879999999999999,2714.244836077866
3,27.995007525342007,-12.097634452169716,9.930667788010485,10.879999999999999,2714.6447647567993
3,27.995007525342007,-12.097634452169716,10.110520124023612,10.879999999999999,2715.044693435733
3,27.995007525342007,-12.097634452169716,10.031140994138886,10.879999999999999,2715.4446221146663
3,28.243269098120763,-12.104157162565587,10.007960313798513,10.879999999999999,2715.8480973874966
3,28.863902970297488,-12.121204969312629,9.89682855411362,10.879999999999999,2716.260438858501
3,29.608585031652762,-12.144329865547977,9.619181249601116,10.879999999999999,2716.683418644667
3,30.353148158214807,-12.171011017966642,9.19293178257691,10.879999999999999,2717.1170350469274
3,30.353148158214807,-12.171011017966642,8.723971365498574,10.879999999999999,2717.5506514491876
3,30.353148158214807,-12.171011017966642,8.988513247544368,10.879999999999999,2717.984267851448
3,30.22903011547466,-12.1673050646018,9.27792883421084,10.879999999999999,2718.4161111388116
3,29.98074116616265,-12.16196811894797,9.600527320906684,10.879999999999999,2718.8444074411855
3,30.104899801477863,-12.163895427169882,9.849036964751702,10.879999999999999,2719.2744774383495
3,30.477388452393193,-12.168787880761142,9.90796474394806,10.879999999999999,2719.709868701955
3,30.849877103308522,-12.173680334352403,9.60683976025281,10.879999999999999,2720.1505812320024
3,31.967304821145444,-12.191026108349616,9.165998141391436,10.879999999999999,2720.607257015162
3,32.83633927233772,-12.208667854756982,8.578829999457437,10.879999999999999,2721.076347576195
3,33.705162268632684,-12.234609429692327,7.999500622864872,10.879999999999999,2721.557849894318
3,34.077488786294985,-12.246616421877947,7.590855048623797,10.879999999999999,2722.0446711626937
3,34.20161556073033,-12.250025983227356,7.8032065261507135,10.879999999999999,2722.533265670704
3,34.07748099833157,-12.246912840379995,8.13894423706622,10.879999999999999,2723.020086827823
3,33.82918001256134,-12.242168812038889,8.329135665693592,10.879999999999999,2723.5033608280023
3,33.580845040447514,-12.239796689656245,8.46329493290369,10.879999999999999,2723.983087185723
3,33.45667177181483,-12.239648429541512,8.718099536271271,10.879999999999999,2724.461039639606
3,33.580844568395904,-12.239203649197314,8.93076541379456,10.879999999999999,2724.9407659905833
3,33.82918898143062,-12.238017569970316,9.044641746814099,10.879999999999999,2725.4240401188895
3,34.077533394465334,-12.236831490743317,8.82784249312358,10.879999999999999,2725.9108620245247
3,34.32587780750005,-12.235645411516318,8.594993118350502,10.879999999999999,2726.401231707489
3,34.82257040997918,-12.234459330034843,8.31814537352976,10.879999999999999,2726.89869699906
3,34.94674391463767,-12.234311069638304,8.062396922516067,10.879999999999999,2727.397936197841
3,34.94674391463767,-12.234311069638304,8.309376031483357,10.879999999999999,2727.8971753966216
3,34.8225711180566,-12.234755849982502,8.51252816870436,10.879999999999999,2728.394640698308
3,34.69839973762634,-12.23549714773807,8.608898116955288,10.879999999999999,2728.8903321231314
3,34.82256899384048,-12.234459336798245,8.591874635850326,10.879999999999999,2729.387797394472
3,34.82256899384048,-12.234459336798245,8.599583563287275,10.879999999999999,2729.885262665812
3,34.82256899384048,-12.234459336798245,8.537019364904053,10.879999999999999,2730.3827279371526
3,34.82256899384048,-12.234459336798245,8.430417605724267,10.879999999999999,2730.880193208493
3,34.82256899384048,-12.234459336798245,8.3149701716543,10.879999999999999,2731.3776584798334
3,34.82256899384048,-12.234459336798245,8.349996891726798,10.879999999999999,2731.8751237511738
3,34.82256899384048,-12.234459336798245,8.440620727193197,10.879999999999999,2732.372589022514
3,34.69839973762634,-12.23549714773807,8.391556291644532,10.879999999999999,2732.8682804473374
3,34.69839973762634,-12.23549714773807,8.3909189067014,10.879999999999999,2733.3639718721606
3,34.69839973762634,-12.23549714773807,8.281751176920498,10.879999999999999,2733.859663296984
3,34.69839973762634,-12.23549714773807,8.142874186823216,10.879999999999999,2734.355354721807
3,34.69839973762634,-12.23549714773807,8.136337279711064,10.879999999999999,2734.8510461466303
3,34.69839973762634,-12.23549714773807,8.058428251170255,10.879999999999999,2735.3467375714536
3,34.69839973762634,-12.23549714773807,7.964215092798566,10.879999999999999,2735.842428996277
3,34.57422835719608,-12.236238445493637,7.908382255774254,10.879999999999999,2736.3363465442367
3,34.57422835719608,-12.236238445493637,7.8505718567299265,10.879999999999999,2736.8302640921966
3,34.450055560615006,-12.236683225837835,7.794660220830089,10.879999999999999,2737.3224077430623
3,34.07753717087179,-12.238017566870427,7.878325910312038,10.879999999999999,2737.809229702646
3,33.95336579044153,-12.238758864625995,8.089469006348091,10.879999999999999,2738.2942777853664
3,33.084202474914285,-12.248099074315343,8.348730473240497,10.879999999999999,2738.766909249294
3,32.463435259858166,-12.259217991130411,8.655085946591262,10.879999999999999,2739.2306726101488
3,31.4703927438544,-12.28530873352835,9.085702398005633,10.879999999999999,2739.6802496493465
3,30.725768026850435,-12.310211828858103,9.452299855052216,10.879999999999999,2740.1191891925873
3,29.981270736469707,-12.338670886221104,9.869929748539677,10.879999999999999,2740.5474930602513
3,28.988800226702004,-12.381356713242756,10.222135297605927,10.879999999999999,2740.9616187777756
3,28.492616880951896,-12.40388457328734,10.513988719376057,10.879999999999999,2741.368656161789
3,28.36857788684025,-12.40966464076871,10.809265999368158,10.879999999999999,2741.7739215601728
3,28.120460966821742,-12.420336067098079,10.97454444934984,10.879999999999999,2742.1756424311275
3,28.368668498141297,-12.41203505898908,10.639520402912199,10.879999999999999,2742.580909123958
3,28.741091301976912,-12.403584987394838,10.317948975995302,10.879999999999999,2742.9914961425575
3,29.113579244875382,-12.398692543103035,9.881389105762722,10.879999999999999,2743.4074044174845
3,29.113579244875382,-12.398692543103035,9.411376517039647,10.879999999999999,2743.8233126924115
3,28.989409988661247,-12.399730354042859,9.678641339482096,10.879999999999999,2744.237447120821
3,28.86523860823099,-12.400471651798426,9.949676797080356,10.879999999999999,2744.649807672367
3,28.616894195196277,-12.401657731025425,10.132771519365718,10.879999999999999,2745.058620446584
3,28.616894195196277,-12.401657731025425,10.23509945350105,10.879999999999999,2745.467433220801
3,28.492721398615206,-12.402102511369623,10.157455040468061,10.879999999999999,2745.874472097924
3,28.492721398615206,-12.402102511369623,10.02321301036911,10.879999999999999,2746.281510975047
3,28.492721398615206,-12.402102511369623,9.895155400341265,10.879999999999999,2746.6885498521697
3,28.492721398615206,-12.402102511369623,9.79996429224584,10.879999999999999,2747.0955887292926
3,28.492721398615206,-12.402102511369623,9.859954395472776,10.879999999999999,2747.5026276064154
3,28.492721398615206,-12.402102511369623,9.93094461165374,10.879999999999999,2747.9096664835383
3,28.492721398615206,-12.402102511369623,10.025260128062206,10.879999999999999,2748.316705360661
3,28.6168949032737,-12.401954250973084,10.083890148053621,10.879999999999999,2748.7255181449937
3,28.989412584943523,-12.403288589469389,10.112588914703535,10.879999999999999,2749.1396526104927
3,29.23774826510247,-12.405660718615357,9.806749560325835,10.879999999999999,2749.557334728566
3,29.486077808694983,-12.408625857503283,9.64312866976258,10.879999999999999,2749.9785644115473
3,29.486077808694983,-12.408625857503283,9.672107268711528,10.879999999999999,2750.3997940945287
3,29.36191138475017,-12.407291539297141,10.003540086075462,10.879999999999999,2750.8192499714537
3,29.36191138475017,-12.407291539297141,10.254403360757436,10.879999999999999,2751.2387058483787
3,29.61025579778488,-12.408477618524142,10.39827956405306,10.879999999999999,2751.6617095026327
3,29.73442859436595,-12.40892239886834,10.195821013288878,10.879999999999999,2752.086487053981
3,29.98277513163092,-12.409515440172697,9.99341722256277,10.879999999999999,2752.514812413004
3,30.60363911453627,-12.411739341893686,9.902957447471866,10.879999999999999,2752.9520072574974
3,31.596979002991574,-12.421227831424265,9.44687475188118,10.879999999999999,2753.4033926718257
3,32.217746218047694,-12.432346748239343,8.971941309483222,10.879999999999999,2753.8636461892265
3,32.83841785028253,-12.447912432889234,8.527838730931387,10.879999999999999,2754.3327664442304
3,32.96254462471788,-12.451321994238643,8.361837173750331,10.879999999999999,2754.8036599388693
3,33.08667918711663,-12.454435137086005,8.810534680820814,10.879999999999999,2755.2763267843993
3,33.21082082962343,-12.45725184367917,9.128761160431518,10.879999999999999,2755.7507670819655
3,33.33496884434254,-12.459772097956371,9.241718734056885,10.879999999999999,2756.226980922599
3,33.707412888499874,-12.467332860787977,8.95042943028629,10.879999999999999,2756.708515392435
3,34.20396529831098,-12.479192559669029,8.552742677889665,10.879999999999999,2757.197143468125
3,34.700488443868494,-12.49223798046077,8.068612702019191,10.879999999999999,2757.692864731609
3,34.82462985041005,-12.495054681700012,7.754394042222285,10.879999999999999,2758.1903594437576
3,34.82462985041005,-12.495054681700012,7.993645267207176,10.879999999999999,2758.6878541559063
3,34.57631753609549,-12.490903585888166,8.334184125475202,10.879999999999999,2759.181801549279
3,34.07965892092897,-12.484973313748373,8.58679261730933,10.879999999999999,2759.668653819578
3,33.70714548770351,-12.482749424708782,8.82325261994408,10.879999999999999,2760.1501844694026
3,33.45879847838652,-12.482749424708782,9.039636170610548,10.879999999999999,2760.628167304808
3,33.58297127496759,-12.482304644364584,9.146873159473234,10.879999999999999,2761.1079240373074
3,33.45879989453733,-12.483045942120151,9.165982612578125,10.879999999999999,2761.5859068929435
3,33.95548824855999,-12.48067378592062,9.106579500317263,10.879999999999999,2762.070985296494
3,34.07966175321848,-12.480525525524081,8.79465576253207,10.879999999999999,2762.5578376072544
3,34.57635435569761,-12.481711607005556,8.523002353832402,10.879999999999999,2763.0517855266216
3,34.45218155911654,-12.481266826661358,8.197101754205624,10.879999999999999,2763.5439595488947
3,34.45218155911654,-12.481266826661358,8.40180726931576,10.879999999999999,2764.0361335711677
3,34.45218155911654,-12.481266826661358,8.578035668850617,10.879999999999999,2764.528307593441
3,34.45218155911654,-12.481266826661358,8.725566371511182,10.879999999999999,2765.020481615714
3,34.45218155911654,-12.481266826661358,8.781152263622829,10.879999999999999,2765.512655637987
3,34.328008054458046,-12.481118566264819,8.737401195335199,10.879999999999999,2766.0030557530504
3,34.328008054458046,-12.481118566264819,8.60061937574304,10.879999999999999,2766.493455868114
3,34.328008054458046,-12.481118566264819,8.570579814234883,10.879999999999999,2766.9838559831774
3,34.20383454979955,-12.48097030586828,8.432705281915432,10.879999999999999,2767.4724821910318
3,34.20383454979955,-12.48097030586828,8.31608676514239,10.879999999999999,2767.961108398886
3,34.20383454979955,-12.48097030586828,8.386928651054324,10.879999999999999,2768.4497346067405
3,34.20383454979955,-12.48097030586828,8.336531593871486,10.879999999999999,2768.938360814595
3,34.20383454979955,-12.48097030586828,8.317775720057105,10.879999999999999,2769.4269870224493
3,34.20383454979955,-12.48097030586828,8.220637656378614,10.879999999999999,2769.9156132303037
3,34.20383454979955,-12.48097030586828,8.07346451126855,10.879999999999999,2770.404239438158
3,34.20383454979955,-12.48097030586828,8.018144352190497,10.879999999999999,2770.8928656460125
3,34.07966175321848,-12.480525525524081,7.978961327660417,10.879999999999999,2771.3797179567728
3,33.95548895663741,-12.480080745179883,8.05218115152447,10.879999999999999,2771.864796370439
3,33.58296844266192,-12.479635963990264,8.285332967732,10.879999999999999,2772.3445530624767
3,32.71376051876567,-12.482749420481642,8.550590016681285,10.879999999999999,2772.811892498459
3,32.341261954968274,-12.486752367491363,8.855591077071162,10.879999999999999,2773.273910526387
3,31.59632501202459,-12.499205654926882,9.150359371456116,10.879999999999999,2773.7252865979876
3,31.47217699730548,-12.501725909204083,9.555824902659973,10.879999999999999,2774.1748891265206
3,30.230961168966807,-12.537303247496665,9.885546681824655,10.879999999999999,2774.606760000363
3,29.61051844408279,-12.560278367658588,10.19636335889194,10.879999999999999,2775.029767406707
3,29.23828678863247,-12.574952352924452,10.429461825782964,10.879999999999999,2775.447457217973
3,28.86609123524736,-12.590515167683218,10.575282661028,10.879999999999999,2775.859829949905
3,29.114233638192506,-12.580436234341676,10.6550313076135,10.879999999999999,2776.275747573308
3,29.238332566185214,-12.57613754907202,10.413234331895696,10.879999999999999,2776.693438038539
3,29.48657761928154,-12.569022027313578,10.071764356257455,10.879999999999999,2777.1146748616716
3,30.107338934654745,-12.557903216171104,9.805969989856857,10.879999999999999,2777.5447797035954
3,30.47985236788021,-12.555679327131514,9.278350152328768,10.879999999999999,2777.980206165994
3,30.355679571299138,-12.556124107475712,9.17388909144993,10.879999999999999,2778.413858731298
3,30.107335158264426,-12.557310186702711,9.625867480503636,10.879999999999999,2778.8439635192735
3,29.73482101697365,-12.559534079969415,9.943420015129629,10.879999999999999,2779.268746676659
3,29.486485336814702,-12.561906209115383,10.145519135616222,10.879999999999999,2779.6899821814704
3,29.238163817861047,-12.565464335201044,10.260615822432703,10.879999999999999,2780.1076702360115
3,29.486485336814702,-12.561906209115383,10.301279529551454,10.879999999999999,2780.528905740823
3,29.610651760759517,-12.560571890909241,10.137293945806455,10.879999999999999,2780.9519150516912
3,29.98316519398498,-12.55834800186965,9.913329224540481,10.879999999999999,2781.380245983034
3,30.479856380313297,-12.559534079969415,9.47326048408671,10.879999999999999,2781.815672502753
3,31.100687319975616,-12.56620565831895,9.050497653651117,10.879999999999999,2782.2599680358953
3,31.100687319975616,-12.56620565831895,8.797644927926935,10.879999999999999,2782.7042635690377
3,31.100687319975616,-12.56620565831895,9.250954308776071,10.879999999999999,2783.14855910218
3,30.852358012392358,-12.563240522249053,9.608511349191913,10.879999999999999,2783.5893070737857
3,30.852358012392358,-12.563240522249053,9.852728674312607,10.879999999999999,2784.0300550453912
3,30.60401454345038,-12.562054447530988,9.997350359745141,10.879999999999999,2784.4672552531547
3,30.728188048108873,-12.562202707927527,9.88481833389338,10.879999999999999,2784.9062293681277
3,30.97653458537384,-12.562795749231885,9.5462104611806,10.879999999999999,2785.348751290776
3,31.59739030741628,-12.566502230964534,9.379919589986992,10.879999999999999,2785.800142580882
3,31.96987825031475,-12.571394675256343,9.012945564319224,10.879999999999999,2786.2568551273152
3,31.96987825031475,-12.571394675256343,8.623808844552656,10.879999999999999,2786.7135676737485
3,31.96987825031475,-12.571394675256343,9.007750056930828,10.879999999999999,2787.1702802201817
3,31.96987825031475,-12.571394675256343,9.291541086943134,10.879999999999999,2787.626992766615
3,31.96987825031475,-12.571394675256343,9.476853766806546,10.879999999999999,2788.083705313048
3,32.094044674259564,-12.572728993462485,9.451297729754081,10.879999999999999,2788.5421916655373
3,32.21821109820438,-12.574063311668628,9.42079571118031,10.879999999999999,2789.002451824083
3,32.46653261715803,-12.577621437754294,9.29137055096111,10.879999999999999,2789.4662594328997
3,32.83899365415608,-12.584292800524093,8.991845903714013,10.879999999999999,2789.9353879136734
3,32.83899365415608,-12.584292800524093,8.770298739670398,10.879999999999999,2790.404516394447
3,32.83899365415608,-12.584292800524093,9.016736306525177,10.879999999999999,2790.8736448752206
3,32.96315653779452,-12.585923618387847,9.250683058543052,10.879999999999999,2791.3445471114746
3,32.96315653779452,-12.585923618387847,9.39376380005647,10.879999999999999,2791.8154493477286
3,33.08732296173933,-12.58725793659399,9.430868743070237,10.879999999999999,2792.288125390039
3,33.211489385684146,-12.588592254800131,9.12956109724556,10.879999999999999,2792.762575238406
3,33.463717056735696,-12.588592254800131,9.04493086674634,10.879999999999999,2793.2406283392165
3,33.463717056735696,-12.588592254800131,8.90975704355996,10.879999999999999,2793.718681440027
3,33.58788843716596,-12.589333552555699,9.137233221812929,10.879999999999999,2794.198508417701
3,33.71206123374703,-12.589778332899897,9.308930944864928,10.879999999999999,2794.680109292469
3,34.08457962349024,-12.59111267393249,9.414435509856347,10.879999999999999,2795.167031858519
3,34.33292403652496,-12.59229875315949,9.092623613185479,10.879999999999999,2795.657502201898
3,34.82960530981374,-12.595856970550276,8.604998003977148,10.879999999999999,2796.155067992038
3,35.45041854797786,-12.604011044369958,8.063290392878699,10.879999999999999,2796.661502542723
3,35.57457718329307,-12.60593835259187,7.851285599522553,10.879999999999999,2797.1697107881987
3,35.57457718329307,-12.60593835259187,7.926723002638521,10.879999999999999,2797.6779190336742
3,35.57457718329307,-12.60593835259187,8.102455856004179,10.879999999999999,2798.18612727915
3,35.45041854797786,-12.604011044369958,8.224057829439225,10.879999999999999,2798.692561829835
3,35.45041854797786,-12.604011044369958,8.323921367842587,10.879999999999999,2799.1989963805204
3,35.45041854797786,-12.604011044369958,8.276822580150952,10.879999999999999,2799.7054309312057
3,35.45041854797786,-12.604011044369958,8.216166839960882,10.879999999999999,2800.211865481891
3,35.45041854797786,-12.604011044369958,8.18494019459661,10.879999999999999,2800.7183000325763
3,35.45041854797786,-12.604011044369958,8.07048839501213,10.879999999999999,2801.2247345832616
3,35.45041854797786,-12.604011044369958,7.9360559019621,10.879999999999999,2801.731169133947
3,35.45041854797786,-12.604011044369958,7.788787504660448,10.879999999999999,2802.237603684632
3,35.45041854797786,-12.604011044369958,7.636077416686625,10.879999999999999,2802.7440382353175
3,35.45041854797786,-12.604011044369958,7.580502988728228,10.879999999999999,2803.250472786003
3,35.45041854797786,-12.604011044369958,7.4948203274587595,10.879999999999999,2803.756907336688
3,34.95377551007055,-12.596894792198626,7.559782897122359,10.879999999999999,2804.256246986832
3,34.45710414975265,-12.59215053390669,7.751150160929798,10.879999999999999,2804.7484913318285
3,33.96041296342433,-12.590964455806924,8.047142774635681,10.879999999999999,2805.2336400884487
3,33.09121495256492,-12.596153530232634,8.380975264284112,10.879999999999999,2805.7063717306282
3,32.09797324706661,-12.612757787235438,8.828417929953426,10.879999999999999,2806.1649142055862
3,31.725569559870348,-12.62209721577752,9.287513891807771,10.879999999999999,2806.61813662787
3,30.23633144875457,-12.671903027756244,9.738138598170893,10.879999999999999,2807.0500842199954
3,29.492059259525206,-12.705694689362074,10.184773785211549,10.879999999999999,2807.471399352274
3,28.624100081529797,-12.752374169960026,10.566721823373355,10.879999999999999,2807.8803150677245
3,28.376160577742812,-12.766599384592974,10.88258204203387,10.879999999999999,2808.2856887902635
3,28.376160577742812,-12.766599384592974,10.752538493733422,10.879999999999999,2808.6910625128025
3,28.252108370558286,-12.772083226005234,10.443039731024706,10.879999999999999,2809.094664060953
3,28.62437329789574,-12.758298180110398,10.185313247323293,10.879999999999999,2809.5035836794946
3,29.120892196459142,-12.74525287090223,9.852586494872076,10.879999999999999,2809.9195964251585
3,29.24505059577681,-12.743325566343698,9.494559917329006,10.879999999999999,2810.337382862241
3,29.24505059577681,-12.743325566343698,9.28388454436922,10.879999999999999,2810.755169299324
3,29.120884171831996,-12.74465988454984,9.575991534208773,10.879999999999999,2811.17118193035
3,28.74837640318959,-12.747773317369314,9.871467444494453,10.879999999999999,2811.5818730218243
3,28.74837640318959,-12.747773317369314,10.084176308641062,10.879999999999999,2811.9925641132986
3,28.62420502275933,-12.748514615124881,9.999664967067774,10.879999999999999,2812.4014813279096
3,28.62420502275933,-12.748514615124881,9.966689693852949,10.879999999999999,2812.8103985425205
3,28.50003222617826,-12.748959395469079,9.92976439760481,10.879999999999999,2813.2175418600373
3,28.50003222617826,-12.748959395469079,9.853058226318248,10.879999999999999,2813.624685177554
3,28.50003222617826,-12.748959395469079,9.818627619423603,10.879999999999999,2814.031828495071
3,28.375858721519766,-12.749107655865618,9.85980651495438,10.879999999999999,2814.437197905378
3,28.375858721519766,-12.749107655865618,9.978812795194399,10.879999999999999,2814.8425673156853
3,28.375858721519766,-12.749107655865618,10.073402397560397,10.879999999999999,2815.2479367259925
3,28.375858721519766,-12.749107655865618,10.168025042460302,10.879999999999999,2815.6533061362998
3,28.375858721519766,-12.749107655865618,10.302860452112116,10.879999999999999,2816.058675546607
3,28.375858721519766,-12.749107655865618,10.37807581256582,10.879999999999999,2816.464044956914
3,28.74837640318959,-12.750441994361923,10.491744225312633,10.879999999999999,2816.8747360483885
3,29.245047763507486,-12.755186252653857,10.37734274573877,10.879999999999999,2817.29252244501
3,29.493377307099998,-12.758151391541784,10.168129602592808,10.879999999999999,2817.71385640654
3,29.990000519772114,-12.766453559494584,9.953568273028099,10.879999999999999,2818.142284985394
3,30.734782406774936,-12.78602161629304,9.740403066152107,10.879999999999999,2818.5813533054907
3,31.479407123778902,-12.810924711622793,9.428428882916366,10.879999999999999,2819.031059121545
3,31.731634794830455,-12.810924711622793,9.083859482223856,10.879999999999999,2819.4843681900425
3,31.979843033831777,-12.819225743399377,9.249395722575999,10.879999999999999,2819.941223090526
3,32.10396131249276,-12.822931703808413,9.655293931705192,10.879999999999999,2820.399851109276
3,32.2280880869281,-12.826341265157822,9.989707955784821,10.879999999999999,2820.8602523676605
3,32.47636429183366,-12.832271114598349,9.970913408483781,10.879999999999999,2821.3242004289723
3,32.98081963393677,-12.832271114598349,9.7937676835112,10.879999999999999,2821.7953549951712
3,33.725648248653435,-12.850060662919926,9.447621604700107,10.879999999999999,2822.277149970152
3,34.594535669700846,-12.873927592365783,8.96673533560415,10.879999999999999,2822.7713576225765
3,35.33921773105612,-12.897052488601132,8.377118675056181,10.879999999999999,2823.276203590163
3,36.70418913129345,-12.947597656882202,7.665790464005074,10.879999999999999,2823.8005491491813
3,37.0764540586309,-12.961382702777039,7.281779732988667,10.879999999999999,2824.33021277859
3,37.32468141241599,-12.969091001522155,7.752793094568728,10.879999999999999,2824.863422513053
3,37.20054708596903,-12.965977864592178,8.151099475480644,10.879999999999999,2825.3948588999956
3,36.95222745502534,-12.962419765559256,8.403035826208102,10.879999999999999,2825.922747863639
3,36.82805489446873,-12.961974986060488,8.639050257808746,10.879999999999999,2826.44886293356
3,36.82805489446873,-12.961974986060488,8.851789761337363,10.879999999999999,2826.9749780034813
3,37.32474372053815,-12.95960282760649,8.956835605252662,10.879999999999999,2827.5081886280605
3,37.69726352643621,-12.959158047262292,8.621827420788462,10.879999999999999,2828.0467209641524
3,38.193956600966146,-12.960344129871006,8.135537528283526,10.879999999999999,2828.592348915595
3,38.93898913200013,-12.963902364170302,7.625137231020694,10.879999999999999,2829.1486201889093
3,39.06316051243039,-12.96464366192587,7.357398066092097,10.879999999999999,2829.706665339087
3,39.187333309011464,-12.965088442270067,7.7402116897658475,10.879999999999999,2830.2664843863586
3,39.187333309011464,-12.965088442270067,7.999449674980058,10.879999999999999,2830.82630343363
3,39.187333309011464,-12.965088442270067,8.141943995599489,10.879999999999999,2831.3861224809016
3,39.31150681366996,-12.965236702666607,8.108972473354122,10.879999999999999,2831.9477154353826
3,39.43568031832845,-12.965088442270067,8.090930112882068,10.879999999999999,2832.5110822970732
3,39.43568031832845,-12.965088442270067,8.028398411319053,10.879999999999999,2833.074449158764
3,39.55985311490952,-12.96464366192587,7.922912539099044,10.879999999999999,2833.639589917548
3,39.684024495339784,-12.963902364170302,7.788868078523728,10.879999999999999,2834.206504553196
3,39.684024495339784,-12.963902364170302,7.863522829614914,10.879999999999999,2834.7734191888435
3,39.55985311490952,-12.96464366192587,8.02074078338142,10.879999999999999,2835.338559947628
3,39.43568031832845,-12.965088442270067,8.07453370059029,10.879999999999999,2835.9019268093184
3,39.43568031832845,-12.965088442270067,8.108815306011572,10.879999999999999,2836.465293671009
3,39.43568031832845,-12.965088442270067,8.078494848356028,10.879999999999999,2837.0286605326996
3,39.43568031832845,-12.965088442270067,8.126263439055291,10.879999999999999,2837.5920273943902
3,39.43568031832845,-12.965088442270067,8.116514679121117,10.879999999999999,2838.155394256081
3,39.43568031832845,-12.965088442270067,8.095990491678283,10.879999999999999,2838.7187611177715
3,39.43568031832845,-12.965088442270067,8.086313873266423,10.879999999999999,2839.282127979462
3,39.43568031832845,-12.965088442270067,8.063371086321006,10.879999999999999,2839.8454948411527
3,39.43568031832845,-12.965088442270067,8.030400280329886,10.879999999999999,2840.4088617028433
3,39.43568031832845,-12.965088442270067,8.000729308698892,10.879999999999999,2840.972228564534
3,39.43568031832845,-12.965088442270067,7.948459748292667,10.879999999999999,2841.5355954262245
3,39.43568031832845,-12.965088442270067,7.898652072776936,10.879999999999999,2842.098962287915
3,39.43568031832845,-12.965088442270067,7.842757667356957,10.879999999999999,2842.6623291496057
3,39.43568031832845,-12.965088442270067,7.7726358595322,10.879999999999999,2843.2256960112963
3,39.43568031832845,-12.965088442270067,7.696775873077451,10.879999999999999,2843.789062872987
3,39.43568031832845,-12.965088442270067,7.615385292132325,10.879999999999999,2844.3524297346776
3,39.43568031832845,-12.965088442270067,7.533860886219935,10.879999999999999,2844.915796596368
3,39.31150681366996,-12.965236702666607,7.470302101370669,10.879999999999999,2845.4773895508492
3,39.31150681366996,-12.965236702666607,7.419342883267465,10.879999999999999,2846.0389825053303
3,39.187333309011464,-12.965088442270067,7.356796656381092,10.879999999999999,2846.598801552602
3,38.81481279503598,-12.964643661080448,7.326052614452686,10.879999999999999,2847.153298878245
3,38.318118304349845,-12.964643661080446,7.638978911698842,10.879999999999999,2847.700700568307
3,37.44891038045359,-12.967757117571825,8.028993442343985,10.879999999999999,2848.235685002314
3,36.828064099382914,-12.972946172270948,8.578471331772068,10.879999999999999,2848.7618002037334
3,35.08981842274055,-12.997852983857024,9.196226128496777,10.879999999999999,2849.2630833240582
3,33.84844093759052,-13.027502146524863,9.828346176184901,10.879999999999999,2849.7466324803095
3,32.731461384603605,-13.063523123081705,10.466321860561326,10.879999999999999,2850.2142247858037
3,31.49063256730239,-13.110954885353403,11.114381396577116,10.879999999999999,2850.6640909653365
3,30.87030664499387,-13.136892909951348,11.725655447360438,10.879999999999999,2851.1050953459794
3,30.62214158909429,-13.14637923535856,11.887081501614562,10.879999999999999,2851.5425545115377
3,30.49803251397018,-13.150381573694641,11.734007399355347,10.879999999999999,2851.9782406903087
3,30.746277567066507,-13.143266051936198,11.548086730163423,10.879999999999999,2852.417473226981
3,31.739476790503403,-13.124290028745104,11.140083791790236,10.879999999999999,2852.8708943239885
3,32.360330152332175,-13.120583561102832,10.688361746748516,10.879999999999999,2853.333184754736
3,33.229524858892454,-13.125772615802013,10.081351062388183,10.879999999999999,2853.80789225272
3,34.09859565614294,-13.141339040166365,9.452880059261442,10.879999999999999,2854.2950150478077
3,34.22273729864974,-13.14415574675953,8.925488780287663,10.879999999999999,2854.7839112949314
3,34.22273729864974,-13.14415574675953,9.16812595361582,10.879999999999999,2855.272807542055
3,34.09858928393063,-13.14163549248233,9.557230197161354,10.879999999999999,2855.7599302461113
3,33.72611408597762,-13.135853578806731,9.918460499924725,10.879999999999999,2856.241731875911
3,33.10526072414885,-13.132147111164459,10.225627436324636,10.879999999999999,2856.71466417197
3,32.98108816359224,-13.132591890663226,10.516975812359942,10.879999999999999,2857.185822574307
3,33.472932122142765,-13.132591890663226,10.798972507294218,10.879999999999999,2857.664007318909
3,33.72127299480718,-13.13081278027699,10.649986461954908,10.879999999999999,2858.1457397902636
3,34.466305525841165,-13.127254545977694,10.348514356416244,10.879999999999999,2858.63811558349
3,35.211342305333645,-13.129033663127343,9.861229262690173,10.879999999999999,2859.1411347592807
3,36.452985303115156,-13.143859301206428,9.297368496464129,10.879999999999999,2859.6618916921825
3,36.701286996833616,-13.148603343073562,8.687201406430008,10.879999999999999,2860.1861957921374
3,38.314806217653626,-13.196780278945448,7.997492252255487,10.879999999999999,2860.7335501666753
3,38.68707185258403,-13.210565351042602,7.346100226273585,10.879999999999999,2861.286222621712
3,38.811171016461245,-13.214864044483106,7.762882317026987,10.879999999999999,2861.8406679219474
3,38.562943662676155,-13.207155745737989,8.130752125633784,10.879999999999999,2862.3915671171285
3,38.19054068333525,-13.197816334948055,8.383711183569458,10.879999999999999,2862.9371462697477
3,37.81806690136509,-13.19203444325269,8.81585101341345,10.879999999999999,2863.4774043683387
3,37.5697262647207,-13.190255334557296,9.173784785677864,10.879999999999999,2864.014114743549
3,37.5697262647207,-13.190255334557296,9.45938585246082,10.879999999999999,2864.550825118759
3,37.94224677869619,-13.190700115746916,9.701821322508154,10.879999999999999,2865.0928572155976
3,38.3147651684394,-13.192034456779508,9.433927887867451,10.879999999999999,2865.6402110037184
3,39.059798407543546,-13.195592694460508,9.105375777697189,10.879999999999999,2866.198208123826
3,40.30147326811267,-13.207453306373731,8.783095460468974,10.879999999999999,2866.7739434562277
3,41.17054736919124,-13.223019789914828,8.282847537989865,10.879999999999999,2867.3620941329305
3,41.791255581725245,-13.237103322880682,7.629062183283532,10.879999999999999,2867.9591120698124
3,41.791255581725245,-13.237103322880682,7.231167684594044,10.879999999999999,2868.5561300066943
3,41.915409260724594,-13.23932711047062,7.510882932123904,10.879999999999999,2869.154921567562
3,41.79124354481602,-13.237992799873181,7.662673669558162,10.879999999999999,2869.751939332488
3,41.542897243576455,-13.237992799873181,7.925917277971377,10.879999999999999,2870.34540929311
3,41.29455660693206,-13.239771908568574,8.178934127128944,10.879999999999999,2870.935331530352
3,41.17039395929924,-13.24140272333251,8.407129812675688,10.879999999999999,2871.523480015485
3,41.29455259461445,-13.239475415110602,8.537334927106599,10.879999999999999,2872.113402195408
3,41.66704124552978,-13.234582961519342,8.42378071009423,10.879999999999999,2872.708645641773
3,42.163700332714804,-13.22865268374349,8.047829856011731,10.879999999999999,2873.3109842179547
3,42.90872011847022,-13.223315372874891,7.800907814191834,10.879999999999999,2873.923965933933
3,43.03289291505129,-13.222870592530693,7.4760385050091624,10.879999999999999,2874.538721547005
3,42.90872153462103,-13.22361189028626,7.503831913760915,10.879999999999999,2875.151703283214
3,42.90872153462103,-13.22361189028626,7.889918650746963,10.879999999999999,2875.764685019423
3,42.78455227840689,-13.224649701226085,8.160727125748496,10.879999999999999,2876.3758929091146
3,42.78455227840689,-13.224649701226085,8.327360764662876,10.879999999999999,2876.9871007988063
3,42.78455227840689,-13.224649701226085,8.328421145197748,10.879999999999999,2877.598308688498
3,42.908718702351706,-13.223315383019942,8.345794778423588,10.879999999999999,2878.211290384246
3,42.908718702351706,-13.223315383019942,8.322714638586469,10.879999999999999,2878.8242720799935
3,42.908718702351706,-13.223315383019942,8.245901657308211,10.879999999999999,2879.4372537757413
3,42.908718702351706,-13.223315383019942,8.161069169320712,10.879999999999999,2880.050235471489
3,43.032881585990154,-13.221684565156188,8.140499641222045,10.879999999999999,2880.6649909227176
3,42.908718702351706,-13.223315383019942,8.209753177621918,10.879999999999999,2881.2779726184654
3,42.908718702351706,-13.223315383019942,8.300948535556453,10.879999999999999,2881.890954314213
3,42.908718702351706,-13.223315383019942,8.31248965325246,10.879999999999999,2882.503936009961
3,42.908718702351706,-13.223315383019942,8.289912777026673,10.879999999999999,2883.1169177057086
3,42.908718702351706,-13.223315383019942,8.335921019023386,10.879999999999999,2883.7298994014564
3,42.908718702351706,-13.223315383019942,8.378013078934833,10.879999999999999,2884.342881097204
3,42.908718702351706,-13.223315383019942,8.37658740670289,10.879999999999999,2884.955862792952
3,42.908718702351706,-13.223315383019942,8.357036196858832,10.879999999999999,2885.5688444886996
3,42.908718702351706,-13.223315383019942,8.407568596641823,10.879999999999999,2886.1818261844473
3,42.908718702351706,-13.223315383019942,8.392394549775323,10.879999999999999,2886.794807880195
3,42.908718702351706,-13.223315383019942,8.402534379845923,10.879999999999999,2887.407789575943
3,42.908718702351706,-13.223315383019942,8.395623513429847,10.879999999999999,2888.0207712716906
3,42.908718702351706,-13.223315383019942,8.38389524476898,10.879999999999999,2888.6337529674383
3,42.908718702351706,-13.223315383019942,8.380587704477776,10.879999999999999,2889.246734663186
3,42.908718702351706,-13.223315383019942,8.363100860923176,10.879999999999999,2889.859716358934
3,42.908718702351706,-13.223315383019942,8.351638523195101,10.879999999999999,2890.4726980546816
3,42.908718702351706,-13.223315383019942,8.327698468347291,10.879999999999999,2891.0856797504293
3,42.908718702351706,-13.223315383019942,8.30536554948698,10.879999999999999,2891.698661446177
3,42.908718702351706,-13.223315383019942,8.271820995932154,10.879999999999999,2892.311643141925
3,42.908718702351706,-13.223315383019942,8.24166995904831,10.879999999999999,2892.9246248376726
3,42.908718702351706,-13.223315383019942,8.208480593572332,10.879999999999999,2893.5376065334203
3,42.908718702351706,-13.223315383019942,8.169272220726084,10.879999999999999,2894.150588229168
3,42.908718702351706,-13.223315383019942,8.122371158908916,10.879999999999999,2894.763569924916
3,42.908718702351706,-13.223315383019942,8.070960496407485,10.879999999999999,2895.3765516206636
3,42.908718702351706,-13.223315383019942,8.010110588035065,10.879999999999999,2895.9895333164113
3,42.908718702351706,-13.223315383019942,7.954344914910792,10.879999999999999,2896.602515012159
3,42.908718702351706,-13.223315383019942,7.885813977261847,10.879999999999999,2897.215496707907
3,42.908718702351706,-13.223315383019942,7.818692232279723,10.879999999999999,2897.8284784036546
3,42.908718702351706,-13.223315383019942,7.764101183237539,10.879999999999999,2898.4414600994023
3,42.78455227840689,-13.224649701226085,7.739321309356639,10.879999999999999,2899.052667989094
3,42.78455227840689,-13.224649701226085,7.652316977210612,10.879999999999999,2899.663875878786
3,42.660383022192754,-13.225687512165909,7.6055195445454045,10.879999999999999,2900.27330992196
3,42.660383022192754,-13.225687512165909,7.484044808865883,10.879999999999999,2900.882743965134
3,42.53621164176249,-13.226428809921476,7.471769057761337,10.879999999999999,2901.490404131445
3,42.41203884518142,-13.226873590265674,7.460514949409624,10.879999999999999,2902.096290400662
3,42.03951833120593,-13.227318371455294,7.5554651545283855,10.879999999999999,2902.696854948251
3,41.41865080791346,-13.228059673437992,7.808297693414752,10.879999999999999,2903.2885499597924
3,40.79778682500811,-13.23028357515898,8.166005370389543,10.879999999999999,2903.871375485864
3,39.80442427843054,-13.23740000994055,8.56779335107927,10.879999999999999,2904.4400101184133
3,38.935285745000776,-13.248815713288092,9.051368207849638,10.879999999999999,2904.996228486199
3,37.942078970126936,-13.26779188075663,9.538877692421437,10.879999999999999,2905.538258185772
3,37.073087472579324,-13.287508826908784,10.011937016289544,10.879999999999999,2906.0678737210947
3,36.328303462077024,-13.307076939499092,10.490103058742067,10.879999999999999,2906.5868494848387
3,35.335322305975,-13.335539053582904,10.908504908409947,10.879999999999999,2907.0916398034956
3,35.0870609691409,-13.342061757779673,11.331764351228822,10.879999999999999,2907.5928835316263
3,34.83877131191499,-13.34739871865004,11.21862333140166,10.879999999999999,2908.0905802646535
3,35.211232348913036,-13.34072735588024,10.974786719698223,10.879999999999999,2908.593597869638
3,35.8320609284559,-13.334055802893044,10.646614895039164,10.879999999999999,2909.10548445433
3,36.20458073435396,-13.333611022548846,10.016993263265848,10.879999999999999,2909.622692750535
3,36.82542347516268,-13.338800047658331,9.377690976216055,10.879999999999999,2910.1487702287513
3,36.82542347516268,-13.338800047658331,8.991293818589536,10.879999999999999,2910.6748477069677
3,36.82542347516268,-13.338800047658331,9.400479942240361,10.879999999999999,2911.200925185184
3,36.70126059152423,-13.337169229794577,9.682237722557188,10.879999999999999,2911.72522890792
3,36.45292491136529,-13.33479710064861,9.834388466801997,10.879999999999999,2912.2459849780826
3,36.20458073435396,-13.333611022548844,9.85498804494482,10.879999999999999,2912.7631932742875
3,36.20458073435396,-13.333611022548844,9.795268758414498,10.879999999999999,2913.2804015704924
3,36.08040793777289,-13.334055802893042,9.660939878069415,10.879999999999999,2913.7958359696036
3,36.08040793777289,-13.334055802893042,9.459378366839971,10.879999999999999,2914.3112703687148
3,36.08040793777289,-13.334055802893042,9.27708335110129,10.879999999999999,2914.826704767826
3,35.95623655734263,-13.33479710064861,9.421493926585367,10.879999999999999,2915.340365290074
3,35.95623655734263,-13.33479710064861,9.486900584026195,10.879999999999999,2915.8540258123217
3,35.832065176912366,-13.335538398404177,9.461751401819095,10.879999999999999,2916.365912457706
3,35.832065176912366,-13.335538398404177,9.446456747116239,10.879999999999999,2916.8777991030906
3,35.832065176912366,-13.335538398404177,9.36301862752865,10.879999999999999,2917.389685748475
3,35.832065176912366,-13.335538398404177,9.343554219189311,10.879999999999999,2917.9015723938596
3,35.832065176912366,-13.335538398404177,9.399004392899064,10.879999999999999,2918.413459039244
3,35.832065176912366,-13.335538398404177,9.388638725003116,10.879999999999999,2918.9253456846286
3,35.832065176912366,-13.335538398404177,9.376316387131107,10.879999999999999,2919.437232330013
3,35.95623797349344,-13.335093618059979,9.417156299936789,10.879999999999999,2919.9508928724917
3,36.204584982810424,-13.335093618059979,9.406393756473685,10.879999999999999,2920.468101229389
3,36.7012648399807,-13.338651825305712,9.169560301243735,10.879999999999999,2920.9924050128175
3,37.07375349089603,-13.343544278896973,8.835252687249525,10.879999999999999,2921.5220300626875
3,36.94959060725758,-13.341913461033219,8.551493679662773,10.879999999999999,2922.049881357077
3,36.94959060725758,-13.341913461033219,8.86666688277157,10.879999999999999,2922.5777326514667
3,36.94959060725758,-13.341913461033219,9.046719522908276,10.879999999999999,2923.1055839458563
3,36.70126106366507,-13.338948322145292,9.184404294997465,10.879999999999999,2923.629887675337
3,36.825427487609886,-13.340282640351434,9.15047367310283,10.879999999999999,2924.1559652108745
3,36.825427487609886,-13.340282640351434,9.028704303725958,10.879999999999999,2924.6820427464118
3,36.949596743824024,-13.34132045129126,8.962138279530787,10.879999999999999,2925.209894128466
3,36.949596743824024,-13.34132045129126,8.850247579257783,10.879999999999999,2925.7377455105207
3,36.949596743824024,-13.34132045129126,8.738957649006503,10.879999999999999,2926.265596892575
3,36.949596743824024,-13.34132045129126,8.744115611518259,10.879999999999999,2926.7934482746296
3,36.949596743824024,-13.34132045129126,8.691674036554346,10.879999999999999,2927.321299656684
3,36.949596743824024,-13.34132045129126,8.67634520021707,10.879999999999999,2927.8491510387385
3,36.949596743824024,-13.34132045129126,8.680535849092852,10.879999999999999,2928.377002420793
3,36.949596743824024,-13.34132045129126,8.665744505742703,10.879999999999999,2928.9048538028474
3,36.949596743824024,-13.34132045129126,8.644091375484763,10.879999999999999,2929.432705184902
3,36.949596743824024,-13.34132045129126,8.616927666439446,10.879999999999999,2929.9605565669563
3,36.949596743824024,-13.34132045129126,8.587729739205601,10.879999999999999,2930.4884079490107
3,36.949596743824024,-13.34132045129126,8.574637725128449,10.879999999999999,2931.016259331065
3,36.825427487609886,-13.340282640351436,8.56407975119804,10.879999999999999,2931.5423368666025
3,36.825427487609886,-13.340282640351436,8.553737929407735,10.879999999999999,2932.0684144021398
3,36.825427487609886,-13.340282640351436,8.481266059259237,10.879999999999999,2932.594491937677
3,36.825427487609886,-13.340282640351436,8.43863547188774,10.879999999999999,2933.1205694732143
3,36.825427487609886,-13.340282640351436,8.362236952146738,10.879999999999999,2933.6466470087516
3,36.825427487609886,-13.340282640351436,8.300515639123871,10.879999999999999,2934.172724544289
3,36.825427487609886,-13.340282640351436,8.233112731451879,10.879999999999999,2934.6988020798262
3,36.70126106366507,-13.338948322145294,8.16565355905021,10.879999999999999,2935.223105809307
3,36.70126106366507,-13.338948322145294,8.07816775843634,10.879999999999999,2935.747409538788
3,36.70126106366507,-13.338948322145294,7.970960698561274,10.879999999999999,2936.2717132682687
3,36.57709463972026,-13.337614003939152,7.944896688126413,10.879999999999999,2936.794243191693
3,36.08041336643147,-13.334055786548365,8.100091640518585,10.879999999999999,2937.3096776683565
3,35.45954702326804,-13.333314485974702,8.391854725865468,10.879999999999999,2937.816242625832
3,34.71451449223405,-13.336872720273998,8.781000174317192,10.879999999999999,2938.312164261435
3,33.72120009400884,-13.348733230737254,9.235968576941891,10.879999999999999,2938.7938956913495
3,33.348739057010796,-13.355404593507053,9.664955383163042,10.879999999999999,2939.270306249307
3,32.107361571860764,-13.385053756174893,10.09332275124732,10.879999999999999,2939.728982843191
3,31.486770178555858,-13.40358355822007,10.515741624461732,10.879999999999999,2940.1787938457414
3,30.86622480293531,-13.423595249900474,10.882958548289084,10.879999999999999,2940.619739914355
3,30.86622480293531,-13.423595249900474,11.21344864007944,10.879999999999999,2941.060685982968
3,30.99036644544211,-13.420778543307309,11.034633855633855,10.879999999999999,2941.503405503617
3,31.11451446016122,-13.418258289030106,10.779742504034251,10.879999999999999,2941.9478985673336
3,31.983649689517957,-13.406842629079922,10.47576701131848,10.879999999999999,2942.4048078486126
3,32.23199386652929,-13.405656550980156,9.910800417779145,10.879999999999999,2942.8652649038486
3,32.97702073301655,-13.40921475822589,9.231590001911801,10.879999999999999,2943.3363652000344
3,32.97702073301655,-13.40921475822589,9.381257564252092,10.879999999999999,2943.80746549622
3,32.85285784937811,-13.407583940362136,9.91943360853733,10.879999999999999,2944.2767920369256
3,32.72869496573966,-13.405953122498381,10.325346058963307,10.879999999999999,2944.7443448221507
3,32.72869496573966,-13.405953122498381,10.375579163051027,10.879999999999999,2945.2118976073757
3,32.98092263679121,-13.405953122498381,10.046525007843641,10.879999999999999,2945.6830536450443
3,33.477565674698525,-13.413069374669702,9.669089164905321,10.879999999999999,2946.161304583254
3,33.601719353697874,-13.415293162259633,9.132976046450313,10.879999999999999,2946.6413291454496
3,33.85002128339934,-13.42003720863545,9.069437472465225,10.879999999999999,2947.1249008780696
3,33.85002128339934,-13.42003720863545,9.39859940854307,10.879999999999999,2947.6084726106897
3,33.97418416703779,-13.421668026499203,9.670027773808972,10.879999999999999,2948.09381809879
3,34.2225137106303,-13.42463316538713,9.814836967590326,10.879999999999999,2948.5827111517992
3,34.34667659426875,-13.426263983250884,9.65168601579253,10.879999999999999,2949.073377960289
3,34.84330122289788,-13.434566174874563,9.326709963322557,10.879999999999999,2949.57113940633
3,35.09160315259935,-13.439310221250379,8.788247497823022,10.879999999999999,2950.072448022796
3,35.09160315259935,-13.439310221250379,8.523090444182087,10.879999999999999,2950.573756639262
3,35.33992396354826,-13.442868337191246,8.836327999451951,10.879999999999999,2951.0786126958837
3,35.091583326903866,-13.441089228495853,9.031944419534206,10.879999999999999,2951.579921029125
3,35.091583326903866,-13.441089228495853,9.12775745602471,10.879999999999999,2952.0812293623667
3,35.21575612348494,-13.441534008840051,9.131169946936065,10.879999999999999,2952.5843115927023
3,35.46410266074991,-13.442127050144409,9.064156644883642,10.879999999999999,2953.090941630713
3,35.712446837761235,-13.443313128244174,8.920898211621948,10.879999999999999,2953.601119442681
3,36.08495460640364,-13.44642656106365,8.653855860003532,10.879999999999999,2954.1166187942013
3,36.08495460640364,-13.44642656106365,8.52876891737909,10.879999999999999,2954.6321181457215
3,36.08495460640364,-13.44642656106365,8.344499413907617,10.879999999999999,2955.1476174972418
3,36.08495460640364,-13.44642656106365,8.505180267875412,10.879999999999999,2955.663116848762
3,36.08495460640364,-13.44642656106365,8.712578981269608,10.879999999999999,2956.1786162002822
3,36.08495460640364,-13.44642656106365,8.770708561692953,10.879999999999999,2956.6941155518025
3,35.960785350189504,-13.445388750123826,8.704704912542683,10.879999999999999,2957.207841056805
3,35.960785350189504,-13.445388750123826,8.71262808688802,10.879999999999999,2957.721566561808
3,35.960785350189504,-13.445388750123826,8.692685846829699,10.879999999999999,2958.2352920668104
3,35.960785350189504,-13.445388750123826,8.581748794484565,10.879999999999999,2958.749017571813
3,35.960785350189504,-13.445388750123826,8.515187941068376,10.879999999999999,2959.2627430768157
3,35.960785350189504,-13.445388750123826,8.624177186320196,10.879999999999999,2959.7764685818183
3,35.960785350189504,-13.445388750123826,8.591515798814045,10.879999999999999,2960.290194086821
3,35.960785350189504,-13.445388750123826,8.562086068095901,10.879999999999999,2960.8039195918236
3,35.836616093975366,-13.444350939184002,8.541150885291518,10.879999999999999,2961.315871250309
3,35.836616093975366,-13.444350939184002,8.546120699100202,10.879999999999999,2961.8278229087946
3,35.836616093975366,-13.444350939184002,8.47343484262682,10.879999999999999,2962.33977456728
3,35.836616093975366,-13.444350939184002,8.420224308015571,10.879999999999999,2962.8517262257656
3,35.836616093975366,-13.444350939184002,8.366227930604103,10.879999999999999,2963.363677884251
3,35.71244967003055,-13.44301662097786,8.291208769421868,10.879999999999999,2963.87385573668
3,35.71244967003055,-13.44301662097786,8.207258189399099,10.879999999999999,2964.384033589109
3,35.71244967003055,-13.44301662097786,8.113397318527358,10.879999999999999,2964.894211441538
3,35.71244967003055,-13.44301662097786,8.009065290903465,10.879999999999999,2965.404389293967
3,35.71244967003055,-13.44301662097786,7.892663897213293,10.879999999999999,2965.914567146396
3,35.71244967003055,-13.44301662097786,7.770057532277905,10.879999999999999,2966.424744998825
3,35.71244967003055,-13.44301662097786,7.639462379474611,10.879999999999999,2966.934922851254
3,35.464113989871606,-13.440644491831891,7.610541763330703,10.879999999999999,2967.4415530511096
3,35.21576981286028,-13.439458413732126,7.724243321499363,10.879999999999999,2967.9446354770075
3,34.594903469696845,-13.44019971430579,7.9861179974509025,10.879999999999999,2968.4388483837174
3,33.84989855335537,-13.447316081453723,8.386844597020318,10.879999999999999,2968.922418363051
3,32.60839362450418,-13.471036223159238,8.899916192981427,10.879999999999999,2969.3882525576864
3,31.615416243265802,-13.49949822904301,9.486456821644978,10.879999999999999,2969.8399013611615
3,31.243118751634164,-13.51239430936452,10.058353161660223,10.879999999999999,2970.286231629042
3,29.50612688347658,-13.582946641598653,10.630414436805827,10.879999999999999,2970.7077477273774
3,28.51387155529931,-13.630371912192526,11.164691627006295,10.879999999999999,2971.115088749596
3,27.89374736563596,-13.660753163028017,11.629737104009127,10.879999999999999,2971.5135708548196
3,27.89374736563596,-13.660753163028017,11.64581187515084,10.879999999999999,2971.912052960043
3,27.89374736563596,-13.660753163028017,11.462253532128006,10.879999999999999,2972.310535065267
3,28.51437769876195,-13.643705453492966,11.218403284190101,10.879999999999999,2972.717883318106
3,29.011000911434067,-13.635403285540171,10.727607521345954,10.879999999999999,2973.1323261882694
3,29.259336591593016,-13.633031156394203,10.140410641669895,10.879999999999999,2973.5503167110064
3,30.376870518730055,-13.637034103403924,9.382789408810034,10.879999999999999,2973.984272004131
3,30.501029154045266,-13.63896141162583,9.095935258141788,10.879999999999999,2974.420000992046
3,30.376870518730055,-13.637034103403924,9.604403646770045,10.879999999999999,2974.8539562851706
3,29.88021190356354,-13.63110383126413,10.017807370385063,10.879999999999999,2975.2808164552216
3,29.259356181521103,-13.627397349531481,10.420810011608621,10.879999999999999,2975.6988072578147
3,29.011009172204112,-13.627397349531481,10.663274253518171,10.879999999999999,2976.113250245989
3,28.88683637562304,-13.62784212987568,10.811276755720915,10.879999999999999,2976.5259193370694
3,29.38352897810217,-13.626656048394205,10.9090100975915,10.879999999999999,2976.9456840367566
3,29.756049492077654,-13.627100829583824,10.47394981243453,10.879999999999999,2977.370770458072
3,30.25273784610031,-13.629472985783355,9.987681876268148,10.879999999999999,2977.802952427302
3,30.997723644769216,-13.638368368630797,9.680335752724236,10.879999999999999,2978.2457770507986
3,31.618462538477985,-13.65096961606464,9.337949464706224,10.879999999999999,2978.6974693727766
3,31.742604180984785,-13.65378632265781,8.8462074607412,10.879999999999999,2979.1509351467907
3,31.866752195703896,-13.656306576935012,9.084919620585394,10.879999999999999,2979.6061744638723
3,31.866752195703896,-13.656306576935012,9.45489391135143,10.879999999999999,2980.061413780954
3,31.618431384754984,-13.652748460994145,9.761482829247573,10.879999999999999,2980.513105657879
3,31.49426212854085,-13.65171065005432,10.009302264332703,10.879999999999999,2980.9630236882867
3,31.61843350897111,-13.652451947809887,10.065583806873919,10.879999999999999,2981.414715595558
3,31.86677792200582,-13.653638027036887,10.010656327737795,10.879999999999999,2981.869955280158
3,32.36345919529461,-13.657196244427672,9.919018476011479,10.879999999999999,2982.3322904115194
3,33.10844711804438,-13.66609165263736,9.537388112049493,10.879999999999999,2982.8052682274915
3,33.85338406098807,-13.678544940072879,9.078060988368307,10.879999999999999,2983.2888879997913
3,34.474091093695854,-13.692628446269092,8.53818754168791,10.879999999999999,2983.7813750154155
3,35.591153478357164,-13.725982026552682,8.005466000840196,10.879999999999999,2984.289820065106
3,35.839380832142254,-13.733690325297799,7.886133801157574,10.879999999999999,2984.801811219851
3,35.839380832142254,-13.733690325297799,8.306256967871233,10.879999999999999,2985.313802374596
3,35.9635076065776,-13.737099886647213,8.597784249455522,10.879999999999999,2985.827566768976
3,35.9635076065776,-13.737099886647213,8.647561559839309,10.879999999999999,2986.341331163356
3,36.08764216897636,-13.74021302949457,8.607896000012165,10.879999999999999,2986.856868908627
3,36.33593182620227,-13.745549990364943,8.508074824415974,10.879999999999999,2987.375953649001
3,36.46008550520162,-13.747773777954876,8.354519655821619,10.879999999999999,2987.896812013361
3,36.58424414051683,-13.749701086176783,8.197991744850132,10.879999999999999,2988.419444072511
3,36.832573448100085,-13.75266622224668,8.207403820911964,10.879999999999999,2988.9456236931983
3,36.95674270431422,-13.753704033186505,8.127837579737392,10.879999999999999,2989.473577160403
3,37.080914084744485,-13.754445330942072,8.048457774682541,10.879999999999999,2990.0033045044706
3,37.080914084744485,-13.754445330942072,8.019522925620928,10.879999999999999,2990.5330318485385
3,37.205086881325556,-13.75489011128627,7.9626243907581,10.879999999999999,2991.0645330897005
3,37.080914084744485,-13.754445330942072,8.069011866614424,10.879999999999999,2991.5942604337683
3,37.080914084744485,-13.754445330942072,8.079216700104949,10.879999999999999,2992.123987777836
3,36.95674270431422,-13.753704033186505,8.050309718642229,10.879999999999999,2992.6519412450407
3,36.95674270431422,-13.753704033186505,8.057733298679414,10.879999999999999,2993.179894712245
3,36.95674270431422,-13.753704033186505,7.972565553650994,10.879999999999999,2993.7078481794497
3,36.95674270431422,-13.753704033186505,7.915535655681862,10.879999999999999,2994.235801646654
3,36.95674270431422,-13.753704033186505,7.829154487799781,10.879999999999999,2994.7637551138587
3,36.832573448100085,-13.752666222246681,7.769971119613314,10.879999999999999,2995.289934734546
3,36.832573448100085,-13.752666222246681,7.704369599245492,10.879999999999999,2995.8161143552334
3,36.832573448100085,-13.752666222246681,7.585860183614388,10.879999999999999,2996.3422939759207
3,36.70840702415527,-13.751331904040539,7.45832650713693,10.879999999999999,2996.8666997905516
3,36.70840702415527,-13.751331904040539,7.296111570380481,10.879999999999999,2997.3911056051825
3,36.70840702415527,-13.751331904040539,7.13493747777917,10.879999999999999,2997.9155114198134
3,36.33590775232083,-13.74732894942211,7.2156771639327735,10.879999999999999,2998.4345958162753
3,35.34253387655291,-13.742584650549851,7.4568229236828945,10.879999999999999,2998.939489157369
3,34.47332595265666,-13.74569810704123,7.905062266111352,10.879999999999999,2999.431965242407
3,33.35586637205514,-13.760375384120039,8.433197212429919,10.879999999999999,2999.9084776191507
3,32.983422327897806,-13.767936146951644,9.041635515080083,10.879999999999999,3000.3796693666923
3,30.376968201957787,-13.845760427975444,9.84869741591216,10.879999999999999,3000.8136260552915
3,29.01225376689812,-13.902823973625791,10.583910400869105,10.879999999999999,3001.22808682339
3,27.772083240551197,-13.96506703801624,11.255316797889728,10.879999999999999,3001.6248308696836
3,26.65613360481727,-14.025083627148737,11.923575697452515,10.879999999999999,3002.0056327783236
3,26.284059798248936,-14.043312343001306,12.460463864656095,10.879999999999999,3002.38111934687
3,26.03594217080701,-14.053983799756718,12.302627254813226,10.879999999999999,3002.7530613778817
3,26.284084809583774,-14.043904856836276,12.106630883549425,10.879999999999999,3003.128548303733
3,27.15283842754042,-14.015888807999554,11.625624858479465,10.879999999999999,3003.5164459955554
3,27.89774138485113,-14.001656722976245,10.956046018818729,10.879999999999999,3003.914985158196
3,28.642757630318346,-13.996319437470218,10.257134849749125,10.879999999999999,3004.3241674100577
3,29.511932511100774,-14.003584031198152,9.425654476476872,10.879999999999999,3004.7457664459307
3,29.636091146415986,-14.005511339420059,8.852185589812626,10.879999999999999,3005.169139176594
3,29.511932511100774,-14.003584031198152,9.344114270185043,10.879999999999999,3005.590738212467
3,29.26361996079311,-13.999432931441158,9.722827459871954,10.879999999999999,3006.0087899261925
3,28.89114405484747,-13.993651006775437,9.966986162129889,10.879999999999999,3006.4215205555474
3,27.897804166392167,-13.984162517244858,10.307730293049486,10.879999999999999,3006.820060615067
3,27.52528436049411,-13.98371773690066,10.653821062505791,10.879999999999999,3007.213278963074
3,27.27694018348278,-13.984903815000425,10.914220535850996,10.879999999999999,3007.602949537124
3,27.152770927268644,-13.98594162594025,11.123584649418094,10.879999999999999,3007.9908462646563
3,27.52527869591105,-13.982828193120776,11.170571991891926,10.879999999999999,3008.384064531741
3,27.897792837201827,-13.980604299854072,10.81243616900889,10.879999999999999,3008.782604429415
3,28.891178042160085,-13.980604299854072,10.432532841843082,10.879999999999999,3009.1953355443034
3,29.015349422590344,-13.98134559760964,9.852779678529897,10.879999999999999,3009.6098405360544
3,30.505267208252473,-14.002694191807164,9.444487024774977,10.879999999999999,3010.045630067601
3,30.753557101449953,-14.008031157749716,8.981001771051876,10.879999999999999,3010.4849665976217
3,30.877705116169064,-14.010551412026917,9.300530032063335,10.879999999999999,3010.92607667071
3,30.877705116169064,-14.010551412026917,9.663588532326074,10.879999999999999,3011.367186743798
3,30.877705116169064,-14.010551412026917,9.950016592604074,10.879999999999999,3011.808296816886
3,31.374376948517583,-14.015295674827739,9.764227610505547,10.879999999999999,3012.256502201865
3,31.74687622035202,-14.019298629446167,9.4040306546434,10.879999999999999,3012.7100290050125
3,31.995205763944533,-14.022263768334094,9.118312737912778,10.879999999999999,3013.167103373069
3,33.236763795624825,-14.04301918821608,8.7329097337819,10.879999999999999,3013.641914284435
3,33.236763795624825,-14.04301918821608,8.354484530923783,10.879999999999999,3014.1167251958013
3,33.360922430940036,-14.044946496437987,8.72330041068853,10.879999999999999,3014.5933098019577
3,33.23675624300758,-14.043612180768081,9.025640306166277,10.879999999999999,3015.068120605429
3,32.86423856133775,-14.042277842271776,9.249630678653364,10.879999999999999,3015.537609727734
3,32.86423856133775,-14.042277842271776,9.42293002724222,10.879999999999999,3016.007098850039
3,33.356082519888275,-14.042277842271776,9.538438967719767,10.879999999999999,3016.4836143146085
3,33.728596661179054,-14.040053949005072,9.316769528994767,10.879999999999999,3016.9654514097683
3,34.59780458507531,-14.036940492513693,8.908780299402158,10.879999999999999,3017.4597057609835
3,35.467012508971564,-14.040053949005072,8.38902406735685,10.879999999999999,3017.9663773682546
3,36.08785879004224,-14.045243003704195,7.943314973717247,10.879999999999999,3018.4819182081123
3,36.21202804625638,-14.046280814644021,7.49886834346213,10.879999999999999,3018.9992328944872
3,36.21202804625638,-14.046280814644021,7.859120362465573,10.879999999999999,3019.516547580862
3,36.087856665826116,-14.045539516888454,8.247088289165138,10.879999999999999,3020.032088390374
3,35.963683869245045,-14.045094736544256,8.514982385829942,10.879999999999999,3020.545855302792
3,35.715338276080885,-14.045687775594137,8.671594778305026,10.879999999999999,3021.0560744210215
3,35.59116901986675,-14.046725586533963,8.738922130537246,10.879999999999999,3021.564519692734
3,36.08785029315553,-14.043167369143177,8.651478739710855,10.879999999999999,3022.080060411208
3,36.212021673585795,-14.04242607138761,8.280163430554538,10.879999999999999,3022.5973750065446
3,36.33619092979993,-14.041388260447786,7.957942573773857,10.879999999999999,3023.116463448399
3,36.33619092979993,-14.041388260447786,8.201292311316818,10.879999999999999,3023.6355518902533
3,36.08785501362567,-14.043760391848195,8.481564538199764,10.879999999999999,3024.151092676162
3,35.96368858968086,-14.045094710054338,8.647112908723757,10.879999999999999,3024.664859656015
3,35.96368858968086,-14.045094710054338,8.675256209713933,10.879999999999999,3025.1786266358677
3,35.96368858968086,-14.045094710054338,8.590513452269628,10.879999999999999,3025.6923936157204
3,35.96368858968086,-14.045094710054338,8.440387121406358,10.879999999999999,3026.2061605955732
3,36.087851473319304,-14.043463892190584,8.380296321980698,10.879999999999999,3026.7217013309064
3,35.96368858968086,-14.045094710054338,8.336674632528121,10.879999999999999,3027.235468310759
3,35.96368858968086,-14.045094710054338,8.185583629673607,10.879999999999999,3027.749235290612
3,35.96368858968086,-14.045094710054338,8.216426686829209,10.879999999999999,3028.2630022704648
3,35.96368858968086,-14.045094710054338,8.285510290404591,10.879999999999999,3028.7767692503176
3,35.83952216573604,-14.04642902826048,8.292900305406151,10.879999999999999,3029.288762424114
3,35.83952216573604,-14.04642902826048,8.188416659329244,10.879999999999999,3029.80075559791
3,35.83952216573604,-14.04642902826048,8.076706530133103,10.879999999999999,3030.3127487717065
3,35.715352909521904,-14.047466839200304,7.965613591625686,10.879999999999999,3030.8229680989853
3,35.715352909521904,-14.047466839200304,7.9251232876736415,10.879999999999999,3031.333187426264
3,35.715352909521904,-14.047466839200304,7.816328367490035,10.879999999999999,3031.8434067535427
3,35.715352909521904,-14.047466839200304,7.6987614556572455,10.879999999999999,3032.3536260808214
3,35.715352909521904,-14.047466839200304,7.579725758823426,10.879999999999999,3032.8638454081
3,35.715352909521904,-14.047466839200304,7.440760370096029,10.879999999999999,3033.374064735379
3,35.59118152909164,-14.048208136955871,7.3928884282198855,10.879999999999999,3033.8825101857947
3,35.09449270302222,-14.05058029540987,7.5722294928778,10.879999999999999,3034.383860081552
3,34.34947079308904,-14.055917621496048,7.91396124717969,10.879999999999999,3034.8745668071674
3,33.48030582547534,-14.065257848939048,8.409128899943584,10.879999999999999,3035.3528568903885
3,32.11456343298099,-14.08645819908289,8.943104561561766,10.879999999999999,3035.8116363680024
3,30.997290774106986,-14.111808510236072,9.659331942103769,10.879999999999999,3036.2544548076326
3,30.500767628549475,-14.124853931027811,10.310344642066179,10.879999999999999,3036.690180059469
3,28.266727814110062,-14.194228421935438,11.054047686147992,10.879999999999999,3037.0939904568136
3,27.39810799927244,-14.226393590162091,11.756261110970039,10.879999999999999,3037.4853919996604
3,26.777665274388422,-14.249368710323987,12.405210952023925,10.879999999999999,3037.8679300750086
3,26.5294570353871,-14.257669742100571,12.544083896671324,10.879999999999999,3038.246922318371
3,26.90183665088218,-14.247441077494766,12.437816517576262,10.879999999999999,3038.6312342705264
3,27.646739608192892,-14.233208992471457,11.90782444231004,10.879999999999999,3039.0261876935006
3,28.143398223359405,-14.227278720331665,11.132494674362835,10.879999999999999,3039.4282362395484
3,29.75759855451059,-14.23306069994925,10.310456335109421,10.879999999999999,3039.853344790327
3,30.750754351758623,-14.254408482564571,9.293338224838598,10.879999999999999,3040.292641281066
3,31.619580650939643,-14.280350156118475,8.567151076566006,10.879999999999999,3040.7443495760795
3,31.619580650939643,-14.280350156118475,8.27410440428232,10.879999999999999,3041.1960578710928
3,31.619580650939643,-14.280350156118475,8.674552052164564,10.879999999999999,3041.647766166106
3,30.998990437238916,-14.261820389294257,9.074049795979946,10.879999999999999,3042.090608886638
3,30.5024125386149,-14.251146497986598,9.377315027756149,10.879999999999999,3042.52635763719
3,30.12993663266926,-14.245364573320877,9.888999388759393,10.879999999999999,3042.956785303371
3,29.260756795537052,-14.238099938167597,10.296052881022572,10.879999999999999,3043.3747961147355
3,29.136583526904364,-14.23824819828233,10.631044173367572,10.879999999999999,3043.7910330222626
3,29.260754907334622,-14.237506900526762,10.81417672611121,10.879999999999999,3044.209043806653
3,29.509095779999036,-14.235727790140526,10.587381614060067,10.879999999999999,3044.630602317796
3,30.00578413402169,-14.233355633940995,10.342750089088899,10.879999999999999,3045.059256376853
3,30.75082091351417,-14.235134751090643,9.87375561403676,10.879999999999999,3045.4985538184746
3,31.619984229041417,-14.244474960779993,9.363967088641816,10.879999999999999,3045.9502678788895
3,31.86829654335598,-14.248626056591831,8.733419331885605,10.879999999999999,3046.40552925808
3,32.37275188545909,-14.248626056591831,8.584495959973756,10.879999999999999,3046.867997142158
3,32.49690556445844,-14.250849844181765,9.08779154356878,10.879999999999999,3047.332238650222
3,32.49690556445844,-14.250849844181765,9.48318858008765,10.879999999999999,3047.7964801582857
3,32.62106419977365,-14.252777152403672,9.640476111370685,10.879999999999999,3048.26249536114
3,32.8732918708252,-14.252777152403672,9.420022276511986,10.879999999999999,3048.7321138164375
3,33.61822881376889,-14.26523043983919,9.144220596798679,10.879999999999999,3049.212374228063
3,34.114832673171826,-14.274718532590821,8.645552022903752,10.879999999999999,3049.6997289805367
3,33.99067899417248,-14.272494745000888,8.33550213521385,10.879999999999999,3050.185310109025
3,34.23900759372878,-14.275459872616702,8.678010547383145,10.879999999999999,3050.6744387889353
3,34.23900759372878,-14.275459872616702,8.91856129913049,10.879999999999999,3051.1635674688455
3,34.23900759372878,-14.275459872616702,9.090324583684245,10.879999999999999,3051.6526961487557
3,34.48735413099375,-14.27605291392106,9.154523205811373,10.879999999999999,3052.145372636341
3,34.73570066825872,-14.276645955225417,8.836779550319417,10.879999999999999,3052.6415969316017
3,34.984047205523694,-14.277238996529775,8.682510334810841,10.879999999999999,3053.141369034538
3,34.8598737008652,-14.277090736133236,8.524196353631904,10.879999999999999,3053.6393672302647
3,35.108220002104765,-14.276497695392498,8.83509001443479,10.879999999999999,3054.1409132302947
3,35.108220002104765,-14.276497695392498,9.032681368544598,10.879999999999999,3054.6424592303247
3,35.35656441513948,-14.2753116161655,9.170399026444096,10.879999999999999,3055.1475530076837
3,35.729082804882694,-14.273977275132907,8.919342708611765,10.879999999999999,3055.6579684763246
3,36.225776823516675,-14.273977275132907,8.517554917193623,10.879999999999999,3056.1754795738034
3,36.59829521325989,-14.2753116161655,8.077820173254283,10.879999999999999,3056.698312362564
3,36.72246800984096,-14.275756396509697,7.681726419339582,10.879999999999999,3057.222919048419
3,36.72246800984096,-14.275756396509697,7.945813965496192,10.879999999999999,3057.747525734274
3,36.47412100052397,-14.275756396509697,8.187140804653207,10.879999999999999,3058.26858460571
3,36.225776823512646,-14.276942474609463,8.363047432197273,10.879999999999999,3058.786095703189
3,35.9774411433537,-14.27931460375543,8.41244988014351,10.879999999999999,3059.300059148094
3,35.72911962440005,-14.282872729841092,8.60097494717007,10.879999999999999,3059.8104751427286
3,35.48080707409238,-14.287023829598086,8.766744642779276,10.879999999999999,3060.3173438152157
3,35.35665339509303,-14.289247617188018,8.903071957214179,10.879999999999999,3060.8224388637173
3,35.35665339509303,-14.289247617188018,8.934186227518586,10.879999999999999,3061.3275339122188
3,35.604965709407594,-14.285096521376179,8.945582641834633,10.879999999999999,3061.836176279496
3,36.10163565363525,-14.28035227661089,8.60989926267622,10.879999999999999,3062.351913931691
3,36.22580845021632,-14.279907496266691,8.210452496845162,10.879999999999999,3062.8694254809798
3,36.10163565363525,-14.28035227661089,8.462749645650511,10.879999999999999,3063.3851631331745
3,35.97746427320499,-14.281093574366457,8.813336848746665,10.879999999999999,3063.899126908506
3,35.85329501699085,-14.282131385306283,9.015927169839227,10.879999999999999,3064.41131683732
3,35.85329501699085,-14.282131385306283,9.085134989694685,10.879999999999999,3064.9235067661343
3,36.225802785633256,-14.279017952486807,8.792590404113165,10.879999999999999,3065.4410182345005
3,36.225802785633256,-14.279017952486807,8.41358778675043,10.879999999999999,3065.9585297028666
3,36.10163352941912,-14.280055763426631,8.207471481845465,10.879999999999999,3066.4742673247156
3,36.10163352941912,-14.280055763426631,8.469638857335118,10.879999999999999,3066.9900049465646
3,35.97746427320498,-14.281093574366455,8.585665168021706,10.879999999999999,3067.503968721896
3,35.85329289277472,-14.281834872122023,8.563650831343763,10.879999999999999,3068.016158620364
3,35.85329289277472,-14.281834872122023,8.515023072041783,10.879999999999999,3068.528348518832
3,35.729121512344456,-14.28257616987759,8.401035833262698,10.879999999999999,3069.038764540437
3,35.729121512344456,-14.28257616987759,8.27364936854805,10.879999999999999,3069.5491805620422
3,35.729121512344456,-14.28257616987759,8.206442880492109,10.879999999999999,3070.0595965836474
3,35.729121512344456,-14.28257616987759,8.168881242702277,10.879999999999999,3070.5700126052525
3,35.604950131914194,-14.283317467633157,8.155886019620771,10.879999999999999,3071.0786547499943
3,35.48077733533312,-14.283762247977355,8.123753020360313,10.879999999999999,3071.585522997642
3,35.35660383067463,-14.283910508373895,8.069157713807964,10.879999999999999,3072.09061733808
3,35.232430326016136,-14.283762247977355,8.097638186995704,10.879999999999999,3072.593937771309
3,34.98408614900481,-14.28257616987759,8.031867548014127,10.879999999999999,3073.0937104305804
3,34.85991476857455,-14.281834872122023,8.06473386864947,10.879999999999999,3073.5917092129885
3,34.61157035553983,-14.280648792895022,8.269790598386557,10.879999999999999,3074.0861602180676
3,33.74235747511103,-14.279610972091895,8.526744949940072,10.879999999999999,3074.5681938962834
3,32.74899776077047,-14.28672738658336,8.963320043095358,10.879999999999999,3075.036036721437
3,31.879888965546794,-14.300218518493077,9.397609558316343,10.879999999999999,3075.491463706659
3,31.010852862513016,-14.317860298433489,9.980117551391269,10.879999999999999,3075.9344758904094
3,30.141861364965408,-14.337577244585644,10.490665036476743,10.879999999999999,3076.365073909909
3,29.024722518480164,-14.368263238403058,10.931704037088613,10.879999999999999,3076.77971280303
3,28.65236768249722,-14.379381119630164,11.3227961487443,10.879999999999999,3077.189032341352
3,28.776494456932564,-14.375971558280757,11.534821463990813,10.879999999999999,3077.600125119308
3,28.65234715014472,-14.37849179818667,11.433151384168296,10.879999999999999,3078.00944436431
3,29.397352066486196,-14.371375431038736,11.326999590151223,10.879999999999999,3078.4294065366885
3,30.018218409649627,-14.370634130465072,10.908100939887436,10.879999999999999,3078.858238228255
3,30.639061150458346,-14.375823155574558,10.357438659473003,10.879999999999999,3079.2959391018326
3,31.8804999977493,-14.402507757039517,9.764927135936215,10.879999999999999,3079.7513748160864
3,32.62512259170796,-14.427410781366524,9.075777710613655,10.879999999999999,3080.217447995968
3,32.62512259170796,-14.427410781366524,8.336485206023081,10.879999999999999,3080.68352117585
3,32.74921113668476,-14.432005805398902,8.462133870608088,10.879999999999999,3081.151367049231
3,32.501002897683435,-14.423704773622317,8.753131170411372,10.879999999999999,3081.615667090626
3,32.00448163968155,-14.410659402423342,9.128419682346529,10.879999999999999,3082.072873971193
3,31.25954682067338,-14.398206150494149,9.400115847100745,10.879999999999999,3082.519438925774
3,30.7628669635031,-14.394647943248415,9.868859246301168,10.879999999999999,3082.9589084538243
3,30.51451995418611,-14.394647943248415,10.251086025581007,10.879999999999999,3083.3948301674554
3,30.39034880977762,-14.395389239594946,10.57276684516827,10.879999999999999,3083.828978007595
3,30.39034880977762,-14.395389239594946,10.595326756189781,10.879999999999999,3084.263125847735
3,30.63868472595188,-14.393017108194536,10.381368583246704,10.879999999999999,3084.70082134382
3,31.135371663835837,-14.390644958758406,10.166305224340531,10.879999999999999,3085.145612367589
3,31.756234466618874,-14.392868856252248,9.655076233963856,10.879999999999999,3085.599272859969
3,32.501220265287785,-14.40176423909969,9.083322374685023,10.879999999999999,3086.063576006616
3,33.37020680757089,-14.421481072819585,8.602605286457374,10.879999999999999,3086.540293246724
3,33.494333582006234,-14.424890634168992,8.43399797484048,10.879999999999999,3087.018783726467
3,33.494333582006234,-14.424890634168992,8.999985494615485,10.879999999999999,3087.49727420621
3,33.246057377100676,-14.418960784728466,9.451337279562223,10.879999999999999,3087.9722178830257
3,32.99774577076462,-14.414809700752068,9.778109597369989,10.879999999999999,3088.4436142511795
3,33.12191219470943,-14.41614401895821,9.984931774821433,10.879999999999999,3088.91678442539
3,33.37413986576098,-14.41614401895821,9.731840456052687,10.879999999999999,3089.3935578520436
3,33.8707984809275,-14.422074291098003,9.378129501964413,10.879999999999999,3089.877426401771
3,34.615735423871186,-14.43452757853352,8.91043663357384,10.879999999999999,3090.3719369078262
3,34.98817946802852,-14.442088341365126,8.248604186898692,10.879999999999999,3090.8717680430836
3,35.23648116174698,-14.44683238323226,8.15529173063001,10.879999999999999,3091.375146345394
3,35.36063979706219,-14.448759691454168,8.591363221567745,10.879999999999999,3091.880298342495
3,34.9881412332648,-14.444756744444447,8.91068321311549,10.879999999999999,3092.3801289315415
3,34.73979564010064,-14.444163705394566,9.143680778040089,10.879999999999999,3092.8764117264
3,34.73979564010064,-14.444163705394566,9.349639147419712,10.879999999999999,3093.3726945212584
3,35.36065844288368,-14.441939807900724,9.514779430264626,10.879999999999999,3093.8778467847283
3,35.857352933569814,-14.441939807900724,9.15275979294019,10.879999999999999,3094.3900946837794
3,36.35404553604894,-14.443125889382198,8.74070639407719,10.879999999999999,3094.9094381914374
3,37.471536979226094,-14.455134684759152,8.283701881647705,10.879999999999999,3095.444745862569
3,37.968140366663015,-14.46462276849342,7.694667484057441,10.879999999999999,3095.987147867807
3,38.216442060381475,-14.469366810360555,7.225301582452344,10.879999999999999,3096.5330970400983
3,38.340600695696686,-14.471294118582462,7.661725842646459,10.879999999999999,3097.08081990718
3,37.71976975603436,-14.464622540232925,7.979884623222274,10.879999999999999,3097.6196737608375
3,37.4714241628702,-14.464029501183044,8.249870772881911,10.879999999999999,3098.154979820307
3,37.223079985858874,-14.465215579282809,8.48875973717591,10.879999999999999,3098.686738105819
3,36.97474430569993,-14.467587708428777,8.611373569984792,10.879999999999999,3099.214948738758
3,36.60226910774692,-14.47336962210437,8.65176924591687,10.879999999999999,3099.73783829744
3,36.60226910774692,-14.47336962210437,8.863501370694374,10.879999999999999,3100.260727856122
3,36.60226910774692,-14.47336962210437,9.033293244878674,10.879999999999999,3100.7836174148038
3,36.85058142206148,-14.46921852629253,9.098611761057025,10.879999999999999,3101.3100542922616
3,37.347240037228,-14.463288254152737,8.826740105538807,10.879999999999999,3101.8435862927936
3,37.843926975111955,-14.460916104716606,8.453809118138969,10.879999999999999,3102.3842138210093
3,38.464789777895,-14.463140002210448,8.035284187754252,10.879999999999999,3102.9337108178365
3,38.464789777895,-14.463140002210448,7.540438811417472,10.879999999999999,3103.4832078146637
3,38.464789777895,-14.463140002210448,7.85246841715933,10.879999999999999,3104.032704811491
3,38.34061698131393,-14.46269522186625,8.028424475115497,10.879999999999999,3104.580427911224
3,37.96809717541587,-14.462250441522052,8.188689618941908,10.879999999999999,3105.122829299444
3,37.595583742190406,-14.464474330561643,8.257174945391032,10.879999999999999,3105.65990906719
3,37.22309579929193,-14.469366774853446,8.35026842421715,10.879999999999999,3106.1916675786083
3,36.850634762293886,-14.476038137623245,8.513456535843334,10.879999999999999,3106.7181052180695
3,36.47819071813655,-14.48359890045485,8.699092615092583,10.879999999999999,3107.2392222283283
3,36.47819071813655,-14.48359890045485,8.780200055231083,10.879999999999999,3107.760339238587
3,36.229900824939065,-14.488935866397403,8.819063866010623,10.879999999999999,3108.277909250372
3,35.85749784559817,-14.498275277187338,8.836354421881262,10.879999999999999,3108.790159219595
3,35.73337107116282,-14.501684838536747,8.895328705421118,10.879999999999999,3109.300635949183
3,35.60923650876406,-14.504797981384108,8.932718365663584,10.879999999999999,3109.8093393278796
3,35.60923650876406,-14.504797981384108,8.92391880995409,10.879999999999999,3110.3180427065763
3,35.48509486625726,-14.507614687977274,8.9079543210958,10.879999999999999,3110.824972633237
3,35.36094685153815,-14.510134942254474,8.787756544951016,10.879999999999999,3111.33012901683
3,35.36094685153815,-14.510134942254474,8.810331736675918,10.879999999999999,3111.8352854004233
3,35.36094685153815,-14.510134942254474,8.853906116361378,10.879999999999999,3112.3404417840165
3,35.2367931725388,-14.512358729844408,8.766294721901424,10.879999999999999,3112.843824543624
3,35.11263453722359,-14.514286038066315,8.76128120949679,10.879999999999999,3113.3454336084415
3,34.988471653585144,-14.515916855930069,8.713185175483254,10.879999999999999,3113.8452689177784
3,34.86430522964033,-14.517251174136211,8.74306715014849,10.879999999999999,3114.343330421059
3,34.74013597342619,-14.518288985076037,8.807719557587179,10.879999999999999,3114.8396180778223
3,34.61596459299593,-14.519030282831604,8.73527076603715,10.879999999999999,3115.3341318577222
3,34.49179179641486,-14.519475063175802,8.734955185502994,10.879999999999999,3115.826871740528
3,34.49179179641486,-14.519475063175802,8.697224533802352,10.879999999999999,3116.319611623334
3,34.367618291756365,-14.519623323572342,8.70080112232339,10.879999999999999,3116.8105775989306
3,34.24344478709787,-14.519475063175802,8.623992921556313,10.879999999999999,3117.299769667318
3,34.1192719905168,-14.519030282831604,8.642869232093375,10.879999999999999,3117.787187838611
3,33.99510061008654,-14.518288985076037,8.66376483110254,10.879999999999999,3118.2728321330405
3,33.37424370793525,-14.514582496298198,8.842786308510385,10.879999999999999,3118.749607043154
3,33.00172531819204,-14.513248155265606,9.072769381085704,10.879999999999999,3119.2210602619853
3,32.3808589750286,-14.513989455839269,9.494823053326154,10.879999999999999,3119.6836439616286
3,32.13251456199389,-14.515175535066268,9.850837547168226,10.879999999999999,3120.142679883943
3,30.89083970142476,-14.52703614697949,10.257382863149594,10.879999999999999,3120.5839775939635
3,30.394215072795635,-14.53533833860317,10.590582960093727,10.879999999999999,3121.018180666432
3,30.0217710286383,-14.542899101434774,10.85267251544455,10.879999999999999,3121.447063109698
3,30.0217710286383,-14.542899101434774,11.069792227067827,10.879999999999999,3121.875945552964
3,30.270092547591958,-14.539340975349113,10.848854878290483,10.879999999999999,3122.308375446501
3,30.642599608181165,-14.536227548447577,10.449725771838825,10.879999999999999,3122.746126869475
3,31.38763851189986,-14.536227548447577,10.068666435126747,10.879999999999999,3123.1945217053594
3,31.760145572489066,-14.539340975349113,9.549694522087306,10.879999999999999,3123.6482380706807
3,32.62917176450208,-14.556982554091848,9.117705240501918,10.879999999999999,3124.114369095888
3,32.505044990066736,-14.553572992742433,9.08838710603818,10.879999999999999,3124.57872688146
3,32.505044990066736,-14.553572992742433,9.550560834149824,10.879999999999999,3125.0430846670324
3,32.25676878516118,-14.547643143301908,9.901487899472086,10.879999999999999,3125.5038956496774
3,31.884308456127506,-14.540971793212867,10.144822814730372,10.879999999999999,3125.959385770479
3,31.884308456127506,-14.540971793212867,10.312328222185544,10.879999999999999,3126.4148758912806
3,32.13263776371076,-14.543936929282763,10.093856980165176,10.879999999999999,3126.8739135736196
3,32.13263776371076,-14.543936929282763,9.683239930983301,10.879999999999999,3127.3329512559585
3,32.50512641462609,-14.548829382874024,9.433741967703455,10.879999999999999,3127.797310204739
3,32.629292838570905,-14.550163701080166,9.590134450380223,10.879999999999999,3128.2634429595755
3,32.629292838570905,-14.550163701080166,9.84062162203545,10.879999999999999,3128.729575714412
3,32.629292838570905,-14.550163701080166,10.026462561206888,10.879999999999999,3129.1957084692485
3,32.87763913981047,-14.550756741820903,10.141408633029531,10.879999999999999,3129.6653890283887
3,33.12598638515354,-14.550756741820903,10.150589431967637,10.879999999999999,3130.1386174053196
3,33.3743326863931,-14.55134978256164,9.905710836632394,10.879999999999999,3130.6153935865536
3,34.11935459632628,-14.556687108647818,9.42927292361768,10.879999999999999,3131.1028129379297
3,35.11263784012192,-14.57091957241129,8.821803172878333,10.879999999999999,3131.6044220499316
3,35.981627685912805,-14.590636481085987,8.025836123852708,10.879999999999999,3132.1184453025876
3,36.105762248311564,-14.593749623933341,7.757888706309768,10.879999999999999,3132.634241906135
3,36.22990389081836,-14.596566330526512,8.274588658502912,10.879999999999999,3133.151811961718
3,35.9815922844823,-14.592415246550114,8.632644114548313,10.879999999999999,3133.665834708639
3,35.484912427312025,-14.588857039304381,8.84701608039618,10.879999999999999,3134.1727620290294
3,35.484912427312025,-14.588857039304381,8.960649981238854,10.879999999999999,3134.6796893494197
3,35.981603613640345,-14.590043117404146,8.981474822196322,10.879999999999999,3135.193712258186
3,36.35411138228275,-14.593156550223622,8.562447984096735,10.879999999999999,3135.7130567065046
3,36.60244068986601,-14.596121686293518,8.060009334505951,10.879999999999999,3136.23594871636
3,36.85076999744926,-14.599086822363414,7.822707375151422,10.879999999999999,3136.762388287752
3,36.85076999744926,-14.599086822363414,7.908431422706605,10.879999999999999,3137.288827859144
3,36.72660357350445,-14.597752504157272,8.11743048983792,10.879999999999999,3137.8134936244796
3,36.72660357350445,-14.597752504157272,8.175508937252468,10.879999999999999,3138.3381593898152
3,36.72660357350445,-14.597752504157272,8.267807749066488,10.879999999999999,3138.862825155151
3,36.72660357350445,-14.597752504157272,8.26668490164381,10.879999999999999,3139.3874909204865
3,36.72660357350445,-14.597752504157272,8.147090172837897,10.879999999999999,3139.912156685822
3,36.85076999744926,-14.599086822363414,8.007672492372633,10.879999999999999,3140.438596257214
3,36.72660357350445,-14.597752504157272,7.907189012617964,10.879999999999999,3140.9632620225498
3,36.72660357350445,-14.597752504157272,7.775881373491579,10.879999999999999,3141.4879277878854
3,36.72660357350445,-14.597752504157272,7.580504895523127,10.879999999999999,3142.012593553221
3,36.72660357350445,-14.597752504157272,7.559276410986994,10.879999999999999,3142.5372593185566
3,36.72660357350445,-14.597752504157272,7.45869196621793,10.879999999999999,3143.061925083892
3,36.35409651291524,-14.594639077255737,7.614703226013097,10.879999999999999,3143.581269319791
3,35.733230169751806,-14.593897776682073,7.758226496423573,10.879999999999999,3144.0917440365015
3,34.739853461706495,-14.598642089081135,8.110135326654909,10.879999999999999,3144.588027657383
3,33.99486766303759,-14.607537471928577,8.532139184868837,10.879999999999999,3145.073668623998
3,33.12583321184532,-14.625179218335942,8.979773508931771,10.879999999999999,3145.5468948127386
3,32.132855830606935,-14.653641224219713,9.484358386527207,10.879999999999999,3146.005935610319
3,31.016061048594572,-14.694996361904225,9.949051826606638,10.879999999999999,3146.449022196727
3,30.76383337754302,-14.694996361904225,10.416859548618147,10.879999999999999,3146.888505530692
3,29.523245240333395,-14.74835364568129,10.831846496096663,10.879999999999999,3147.310266176982
3,29.399180291691607,-14.753541240740413,11.1474198934772,10.879999999999999,3147.7302544668637
3,29.399180291691607,-14.753541240740413,10.870531183411858,10.879999999999999,3148.1502427567452
3,29.771583271032508,-14.744201829950478,10.542491698766774,10.879999999999999,3148.5755510891886
3,30.144057053002665,-14.738419938255117,9.974958440316733,10.879999999999999,3149.00618047566
3,30.640743990886623,-14.736047788818986,9.513787598989069,10.879999999999999,3149.4439053898154
3,30.51657048622813,-14.735899528422447,9.28015281515131,10.879999999999999,3149.8798563967616
3,30.39239768964706,-14.735454748078249,9.636394490871078,10.879999999999999,3150.3140335066137
3,30.144053276612347,-14.734268668851248,9.869371179679746,10.879999999999999,3150.7446628391367
3,29.647360674133218,-14.733082587369774,10.134361858996279,10.879999999999999,3151.168196563053
3,29.399014372893653,-14.733675628110511,10.354215529046384,10.879999999999999,3151.5881824826656
3,28.902333099604867,-14.737233845501295,10.464001499014604,10.879999999999999,3152.001072955517
3,29.02649952354968,-14.735899527295153,10.484867934928193,10.879999999999999,3152.415737234425
3,29.39900658413889,-14.732786100393618,10.388911329653386,10.879999999999999,3152.8357230427696
3,29.52317938071996,-14.73234132004942,9.925978192413611,10.879999999999999,3153.2574827482085
3,30.268216160212436,-14.734120437199067,9.69241075781392,10.879999999999999,3153.6898858362115
3,30.268216160212436,-14.734120437199067,9.345655163624816,10.879999999999999,3154.1222889242144
3,30.392387540642694,-14.734861734954634,9.400311796993087,10.879999999999999,3154.5564658890808
3,30.268216160212436,-14.734120437199067,9.715937300864603,10.879999999999999,3154.9888689770837
3,30.01987528754802,-14.732341326812831,10.075464715970533,10.879999999999999,3155.417724338334
3,30.01987528754802,-14.732341326812831,10.11661015400358,10.879999999999999,3155.8465796995847
3,30.26821096770697,-14.734713455958799,9.865761851128797,10.879999999999999,3156.2789827134093
3,30.516540511299482,-14.737678594846725,9.73605875418123,10.879999999999999,3156.714933292142
3,30.640706935244296,-14.739012913052868,9.50055296601749,10.879999999999999,3157.1526576769315
3,30.640706935244296,-14.739012913052868,9.647265387287156,10.879999999999999,3157.590382061721
3,30.51653767903016,-14.737975102113044,9.802227859294812,10.879999999999999,3158.0263325999927
3,30.392366298599903,-14.737233804357476,9.961687602358367,10.879999999999999,3158.460509261401
3,30.640710711634615,-14.738419883584477,10.091658516733451,10.879999999999999,3158.898233700139
3,31.013229101377824,-14.73975422461707,9.853002843767397,10.879999999999999,3159.341279830159
3,31.634084823420263,-14.743460706349719,9.553440106420402,10.879999999999999,3159.793195327636
3,32.0065840952547,-14.747463660968148,9.0627718874568,10.879999999999999,3160.250432243283
3,32.999830520598934,-14.764067996873738,8.662201946602273,10.879999999999999,3160.721858393577
3,32.999830520598934,-14.764067996873738,8.320614018786685,10.879999999999999,3161.193284543871
3,32.999830520598934,-14.764067996873738,8.72963872867647,10.879999999999999,3161.664710694165
3,32.87566787296611,-14.762437182109803,9.011305051544644,10.879999999999999,3162.13436309235
3,32.62732723632172,-14.76065807341441,9.17693127224686,10.879999999999999,3162.600467767155
3,32.50315396768903,-14.760509813299677,9.24351923004918,10.879999999999999,3163.064798538122
3,32.50315396768903,-14.760509813299677,9.20572465469652,10.879999999999999,3163.529129309089
3,32.87567448166452,-14.760065032110058,9.143279957058187,10.879999999999999,3163.9987818016843
3,33.248194995640006,-14.760509813299677,8.913641414420454,10.879999999999999,3164.473756015908
3,33.62070842886547,-14.762733702339268,8.592411662242124,10.879999999999999,3164.954051850606
3,33.62070842886547,-14.762733702339268,8.331193077245734,10.879999999999999,3165.434347685304
3,33.62070842886547,-14.762733702339268,8.627263912429052,10.879999999999999,3165.9146435200023
3,33.4965356322844,-14.76228892199507,8.848082975188104,10.879999999999999,3166.3931654576063
3,33.372362127625905,-14.762140661598531,8.951671163675174,10.879999999999999,3166.8699134880007
3,33.4965356322844,-14.761992401201992,8.932781912593516,10.879999999999999,3167.3484354256047
3,33.4965356322844,-14.761992401201992,8.798352061194322,10.879999999999999,3167.8269573632087
3,33.4965356322844,-14.761992401201992,8.73474516531478,10.879999999999999,3168.3054793008127
3,33.4965356322844,-14.761992401201992,8.621277282242847,10.879999999999999,3168.7840012384167
3,33.4965356322844,-14.761992401201992,8.467514668787286,10.879999999999999,3169.2625231760207
3,33.4965356322844,-14.761992401201992,8.389715153910037,10.879999999999999,3169.7410451136248
3,33.4965356322844,-14.761992401201992,8.520177741707357,10.879999999999999,3170.2195670512288
3,33.372362127625905,-14.762140661598531,8.535070416346379,10.879999999999999,3170.696315081623
3,33.372362127625905,-14.762140661598531,8.592470877973764,10.879999999999999,3171.1730631120176
3,33.372362127625905,-14.762140661598531,8.512914870895482,10.879999999999999,3171.649811142412
3,33.24818862296741,-14.761992401201992,8.450220556340854,10.879999999999999,3172.1247852655974
3,33.24818862296741,-14.761992401201992,8.311953150341724,10.879999999999999,3172.599759388783
3,33.24818862296741,-14.761992401201992,8.317982771550701,10.879999999999999,3173.074733511968
3,33.24818862296741,-14.761992401201992,8.279469789873623,10.879999999999999,3173.5497076351535
3,33.24818862296741,-14.761992401201992,8.222757226740624,10.879999999999999,3174.024681758339
3,33.12401582638634,-14.761547620857794,8.141785716081003,10.879999999999999,3174.49788198443
3,33.12401582638634,-14.761547620857794,8.101707730760252,10.879999999999999,3174.971082210521
3,32.999844445956086,-14.760806323102226,8.192968693031986,10.879999999999999,3175.442508559749
3,32.75150876579713,-14.758434193956258,8.226317519157677,10.879999999999999,3175.9103872564033
3,32.13067664607306,-14.751762602925545,8.518833912180177,10.879999999999999,3176.3693969227756
3,31.509830365002387,-14.74657354822642,8.761077390202264,10.879999999999999,3176.8195373565613
3,30.7647978339684,-14.743015313927124,9.193820292659156,10.879999999999999,3177.259034468475
3,29.771415461311765,-14.745387470126655,9.622850599369658,10.879999999999999,3177.6843404036367
3,29.02640842083492,-14.752503857564557,10.066126699498463,10.879999999999999,3178.099003381077
3,28.281443863973948,-14.763178235821538,10.544045183238662,10.879999999999999,3178.5030240077053
3,28.033142170255488,-14.767922277688672,10.972722488160993,10.879999999999999,3178.9034974672804
3,27.16420188512672,-14.789714236198519,11.373332570119898,10.879999999999999,3179.291557494211
3,27.41246322196082,-14.78319153200175,11.694422190533826,10.879999999999999,3179.6831641116673
3,27.660752879186735,-14.777854571131384,11.37659038921933,10.879999999999999,3180.078317724227
3,28.281544875775076,-14.768218048338728,10.992427298565504,10.879999999999999,3180.482339793881
3,29.27491403109143,-14.763473772011084,10.427688677827922,10.879999999999999,3180.9005528514676
3,30.14409386822364,-14.770738407164364,9.69329412780251,10.879999999999999,3181.331182763871
3,31.01312501573856,-14.788380086505757,8.904389897572553,10.879999999999999,3181.774227406953
3,31.385528702934824,-14.797719515047822,8.163875090013367,10.879999999999999,3182.222592102709
3,31.509670345441624,-14.800536221640993,8.479980251154815,10.879999999999999,3182.672730250501
3,31.13722630128429,-14.792975458809389,8.79019187586934,10.879999999999999,3183.117547769091
3,30.640601672655166,-14.78467326718571,9.172798917265233,10.879999999999999,3183.555270650129
3,29.89559675631369,-14.777556900037776,9.4940590231854,10.879999999999999,3183.9823506037906
3,29.647250455074126,-14.77696385929704,9.94279670611293,10.879999999999999,3184.405882753149
3,29.274732773404303,-14.778298197793344,10.286366288611202,10.879999999999999,3184.8240932213403
3,29.150563517190168,-14.779336008733168,10.536140561785196,10.879999999999999,3185.2405298430144
3,29.523071285832575,-14.776222575913694,10.559449249828106,10.879999999999999,3185.6622880042405
3,29.771415462843905,-14.775036497813929,10.225202029236263,10.879999999999999,3186.087593939424
3,30.516456490794873,-14.775036497813929,9.775069654811055,10.879999999999999,3186.523543317864
3,31.261476276550287,-14.780373808682528,9.214239473401188,10.879999999999999,3186.9701358361003
3,32.25472270189452,-14.796978144588119,8.611809630215575,10.879999999999999,3187.4309175889844
3,32.25472270189452,-14.796978144588119,8.283489979194012,10.879999999999999,3187.8916993418684
3,32.25472270189452,-14.796978144588119,8.724677384158163,10.879999999999999,3188.3524810947524
3,32.13056406657931,-14.795050836366212,9.045327180066094,10.879999999999999,3188.811489152846
3,31.50972132577059,-14.789861811256724,9.252676113939934,10.879999999999999,3189.2616280289285
3,31.137201519872534,-14.790306591600922,9.455632206930005,10.879999999999999,3189.706445193498
3,31.01303249967613,-14.7913444005681,9.701559908077188,10.879999999999999,3190.149488514922
3,31.137198923620943,-14.790010082361958,9.917779697270571,10.879999999999999,3190.594305642402
3,31.50970669226335,-14.786896649542484,9.774156867936087,10.879999999999999,3191.0444443094343
3,32.00639504628601,-14.784524493342953,9.413801442518091,10.879999999999999,3191.501678524381
3,32.87559966584544,-14.78763793799838,8.953418397077533,10.879999999999999,3191.9713299481787
3,33.12782733689699,-14.78763793799838,8.447385236336972,10.879999999999999,3192.4445846244203
3,33.376163253071255,-14.790010069398791,8.149416591936882,10.879999999999999,3192.921386956607
3,33.50033250928539,-14.791047880338617,8.540678782833748,10.879999999999999,3193.399963135311
3,33.127818367994614,-14.788823987071913,8.802380315084951,10.879999999999999,3193.873217683425
3,32.87947206675505,-14.788823987071913,8.96075579042766,10.879999999999999,3194.342924427236
3,32.631131430110656,-14.790603095767306,9.091177364358664,10.879999999999999,3194.809083447666
3,32.506968782477834,-14.792233910531241,9.245913246835096,10.879999999999999,3195.2734687159873
3,32.506968782477834,-14.792233910531241,9.330247880325654,10.879999999999999,3195.7378539843085
3,32.759196453529384,-14.792233910531241,9.346543397798403,10.879999999999999,3196.205842505073
3,33.38002503307225,-14.785562357544045,8.929650483594644,10.879999999999999,3196.6827000055455
3,33.752543422815464,-14.784228016511452,8.613204217978689,10.879999999999999,3197.1648791973
3,33.752543422815464,-14.784228016511452,8.438273129861399,10.879999999999999,3197.647058389054
3,33.752543422815464,-14.784228016511452,8.821653560858529,10.879999999999999,3198.1292375808084
3,33.50419688555049,-14.784821057815808,9.101854056783313,10.879999999999999,3198.6078689648875
3,33.50419688555049,-14.784821057815808,9.28503347106277,10.879999999999999,3199.0865003489666
3,33.628370390208985,-14.784672797419269,9.250115285289764,10.879999999999999,3199.5669056402553
3,33.628370390208985,-14.784672797419269,8.954813917377615,10.879999999999999,3200.047310931544
3,34.37340929392768,-14.78645191964148,8.812858582068067,10.879999999999999,3200.538359635743
3,34.37340929392768,-14.78645191964148,8.515412719863349,10.879999999999999,3201.0294083399417
3,34.49758209050875,-14.786896699985679,8.309117791904605,10.879999999999999,3201.5222309412347
3,34.49758209050875,-14.786896699985679,8.505878881899923,10.879999999999999,3202.0150535425278
3,34.49758209050875,-14.786896699985679,8.70318136311234,10.879999999999999,3202.507876143821
3,34.49758209050875,-14.786896699985679,8.79435145949652,10.879999999999999,3203.000698745114
3,34.49758209050875,-14.786896699985679,8.66152978928247,10.879999999999999,3203.493521346407
3,34.49758209050875,-14.786896699985679,8.606673757593194,10.879999999999999,3203.9863439477
3,34.621755595167244,-14.787044960382218,8.471119695837954,10.879999999999999,3204.4809404562025
3,34.621755595167244,-14.787044960382218,8.317415191220254,10.879999999999999,3204.975536964705
3,34.49758209050875,-14.786896699985679,8.413337440196546,10.879999999999999,3205.468359565998
3,34.49758209050875,-14.786896699985679,8.477534603453957,10.879999999999999,3205.961182167291
3,34.37340929392768,-14.78645191964148,8.485673191639396,10.879999999999999,3206.45223087149
3,34.37340929392768,-14.78645191964148,8.449111854966345,10.879999999999999,3206.943279575689
3,34.37340929392768,-14.78645191964148,8.363133404825858,10.879999999999999,3207.4343282798877
3,34.37340929392768,-14.78645191964148,8.261436493544103,10.879999999999999,3207.9253769840866
3,34.37340929392768,-14.78645191964148,8.204151132821421,10.879999999999999,3208.4164256882855
3,34.37340929392768,-14.78645191964148,8.139888828390808,10.879999999999999,3208.9074743924843
3,34.24923649734661,-14.786007139297283,8.149354081700299,10.879999999999999,3209.3967491995895
3,33.87671598337112,-14.785562358107663,8.233715490256321,10.879999999999999,3209.880702285066
3,33.50419546939563,-14.786007139297283,8.543858457515851,10.879999999999999,3210.3593336489143
3,32.88333974735319,-14.789713621029934,8.805519092846334,10.879999999999999,3210.829095645305
3,32.51084047551875,-14.793716575648363,9.133379191595749,10.879999999999999,3211.293536223527
3,31.39341488165973,-14.811062316675143,9.584900276111657,10.879999999999999,3211.7420135789794
3,30.896835567207905,-14.821736238415875,9.991389702153162,10.879999999999999,3212.183396944225
3,30.152051556705604,-14.841304351006183,10.312094572072478,10.879999999999999,3212.614140537892
3,29.9038062676801,-14.848419879527135,10.58621148863118,10.879999999999999,3213.0413377702876
3,30.152081764710108,-14.842490046993568,10.701180282641365,10.879999999999999,3213.4720817954976
3,30.524556962663112,-14.836708133317975,10.30791878825287,10.879999999999999,3213.9081468949644
3,31.145402063645122,-14.831519088482082,9.856773638401966,10.879999999999999,3214.3530812101594
3,31.51792186954318,-14.831074308137884,9.34525848835827,10.879999999999999,3214.8033372368673
3,31.51792186954318,-14.831074308137884,8.78760993520289,10.879999999999999,3215.253593263575
3,31.51792186954318,-14.831074308137884,9.179970240240532,10.879999999999999,3215.703849290283
3,31.26957533227821,-14.830481266833527,9.537414553641582,10.879999999999999,3216.1505575093156
3,30.897056942535002,-14.829146925800934,9.77389797848447,10.879999999999999,3216.5919440370662
3,30.524537136636944,-14.828702145456736,9.915546537887806,10.879999999999999,3217.028008853304
3,30.276192959625615,-14.829888223556502,9.999042718678302,10.879999999999999,3217.4605258955844
3,30.15202370341148,-14.830926034496326,9.982135760672099,10.879999999999999,3217.8912690913476
3,30.276192959625615,-14.829888223556502,9.910830337976943,10.879999999999999,3218.323786133628
3,30.648710641295438,-14.828553885060197,9.932761051249663,10.879999999999999,3218.761624857075
3,31.145397579179395,-14.830926034496327,9.690447811228532,10.879999999999999,3219.206559108206
3,31.517896851013834,-14.834928989114756,9.445196607446766,10.879999999999999,3219.656814777506
3,31.39373042706902,-14.833594670908614,9.145726967505329,10.879999999999999,3220.10529664075
3,31.517899683283154,-14.834632481848438,9.445263049002529,10.879999999999999,3220.5555523505113
3,31.269555506271825,-14.833446403748672,9.718747175595265,10.879999999999999,3221.002260286315
3,31.393728302852896,-14.83389118409287,9.91448506758599,10.879999999999999,3221.450742119213
3,31.642072715887608,-14.83507726331987,9.716693668666796,10.879999999999999,3221.90277172944
3,31.89041712892232,-14.836263342546872,9.328293432622687,10.879999999999999,3222.3583491169957
3,32.262931270213095,-14.838487235813576,9.127509784419972,10.879999999999999,3222.8192481351416
3,32.38710265064335,-14.839228533569143,9.034751617497033,10.879999999999999,3223.281921030151
3,32.51127544722442,-14.839673313913341,9.2561642846648,10.879999999999999,3223.746367822254
3,32.635448951882914,-14.83982157430988,9.389817301432563,10.879999999999999,3224.2125885215664
3,32.75962245654141,-14.83996983470642,9.46270024724433,10.879999999999999,3224.6805831280885
3,32.75962245654141,-14.83996983470642,9.343827237780166,10.879999999999999,3225.1485777346106
3,32.8837959611999,-14.840118095102959,9.375807566497324,10.879999999999999,3225.6183462483423
3,33.007969465858395,-14.83996983470642,9.317097849893763,10.879999999999999,3226.089888669283
3,33.132142262439466,-14.839525054362221,9.202177622832078,10.879999999999999,3226.563204987318
3,33.38048667547418,-14.838338975135223,9.266095044703922,10.879999999999999,3227.040069082682
3,33.87717927795331,-14.837152893653748,9.273420691181464,10.879999999999999,3227.5240287866527
3,34.498042080736354,-14.83937679114759,8.909052715923796,10.879999999999999,3228.0168579592346
3,34.87054984937876,-14.842490223967065,8.29777962644011,10.879999999999999,3228.5150086713684
3,35.49136308754288,-14.850644297786737,7.953377548602751,10.879999999999999,3229.0220281440475
3,35.61552172285809,-14.852571606008643,7.793988988464113,10.879999999999999,3229.530821311517
3,35.61552172285809,-14.852571606008643,8.050446645450142,10.879999999999999,3230.039614478986
3,35.118863107691574,-14.84664133386885,8.19144569413958,10.879999999999999,3230.5413125233817
3,34.74634967446611,-14.844417444829261,8.520799038747974,10.879999999999999,3231.0376889473027
3,34.49800266514912,-14.844417444829261,8.813924314981096,10.879999999999999,3231.530517556805
3,34.001322807978845,-14.847975652074995,8.99749136299696,10.879999999999999,3232.0162507397763
3,33.8771599243404,-14.849606469938749,9.097891183054202,10.879999999999999,3232.5002101672667
3,33.8771599243404,-14.849606469938749,9.167689026109546,10.879999999999999,3232.984169594757
3,34.001313603339746,-14.847382682348815,9.164513438637586,10.879999999999999,3233.4699026462335
3,34.37380154623822,-14.842490238057012,9.05361619085925,10.879999999999999,3233.960956954037
3,34.49797080245236,-14.841452427117186,8.773286400145825,10.879999999999999,3234.453785108358
3,34.99465915647502,-14.839080270917655,8.482437096430099,10.879999999999999,3234.953708810593
3,34.99465915647502,-14.839080270917655,8.139639604634995,10.879999999999999,3235.4536325128283
3,34.99465915647502,-14.839080270917655,8.411834426267523,10.879999999999999,3235.9535562150636
3,34.74631497946369,-14.840266349017421,8.563248459387694,10.879999999999999,3236.449932143342
3,34.62214572324955,-14.841304159957247,8.603745569843438,10.879999999999999,3236.9445342251024
3,34.12550410135173,-14.848420391838982,8.70786361844842,10.879999999999999,3237.4320414265503
3,33.87720217165026,-14.853164438214797,8.894069458666323,10.879999999999999,3237.916001457574
3,33.50475812749293,-14.860725201046403,9.121420043009374,10.879999999999999,3238.3946408593956
3,33.380610112773816,-14.863245455323604,9.264921121176869,10.879999999999999,3238.8715067181497
3,33.25645643377447,-14.865469242913537,9.362417727845859,10.879999999999999,3239.3465989529177
3,33.132297798459255,-14.867396551135444,9.390568860207214,10.879999999999999,3239.819917492896
3,33.38063277057308,-14.8650244287528,9.386296101212448,10.879999999999999,3240.296783675333
3,33.38063277057308,-14.8650244287528,9.17921715947647,10.879999999999999,3240.7736498577697
3,33.25646139014282,-14.865765726508368,8.886923555265179,10.879999999999999,3241.248742163343
3,33.25646139014282,-14.865765726508368,8.96988546971772,10.879999999999999,3241.7238344689167
3,33.13229213392868,-14.866803537448192,9.157520117720487,10.879999999999999,3242.1971529279726
3,32.88006446287713,-14.866803537448192,9.242086398084803,10.879999999999999,3242.666868134585
3,32.88006446287713,-14.866803537448192,9.329968576181964,10.879999999999999,3243.1365833411974
3,32.88006446287713,-14.866803537448192,9.327578533319958,10.879999999999999,3243.6062985478097
3,32.75589520666299,-14.867841348388016,9.304209017413367,10.879999999999999,3244.074239907905
3,32.75589520666299,-14.867841348388016,9.208155129687823,10.879999999999999,3244.542181268
3,32.75589520666299,-14.867841348388016,9.08080875923517,10.879999999999999,3245.0101226280954
3,32.75589520666299,-14.867841348388016,8.951095904489051,10.879999999999999,3245.4780639881906
3,32.75589520666299,-14.867841348388016,9.038641194997144,10.879999999999999,3245.946005348286
3,32.75589520666299,-14.867841348388016,9.056040378478906,10.879999999999999,3246.413946708381
3,32.75589520666299,-14.867841348388016,9.083519803307128,10.879999999999999,3246.881888068476
3,32.75589520666299,-14.867841348388016,9.051140536232838,10.879999999999999,3247.3498294285714
3,32.75589520666299,-14.867841348388016,8.996129471532257,10.879999999999999,3247.8177707886666
3,32.75589520666299,-14.867841348388016,8.913333856613477,10.879999999999999,3248.285712148762
3,32.75589520666299,-14.867841348388016,8.929299906058654,10.879999999999999,3248.753653508857
3,32.63172382623273,-14.868582646143583,9.043387167518867,10.879999999999999,3249.219820992089
3,32.50755102965166,-14.869027426487781,9.159388578016483,10.879999999999999,3249.6842145782266
3,32.383377524993165,-14.86917568688432,9.244030925941244,10.879999999999999,3250.146834257155
3,32.25920402033467,-14.869027426487781,9.291000147787102,10.879999999999999,3250.6076800288743
3,32.25920402033467,-14.869027426487781,9.250448407312442,10.879999999999999,3251.0685258005933
3,32.25920402033467,-14.869027426487781,9.152067159541245,10.879999999999999,3251.5293715723124
3,32.25920402033467,-14.869027426487781,9.220886590687646,10.879999999999999,3251.9902173440314
3,32.25920402033467,-14.869027426487781,9.225250775794589,10.879999999999999,3252.4510631157505
3,32.25920402033467,-14.869027426487781,9.224060068179394,10.879999999999999,3252.9119088874695
3,32.25920402033467,-14.869027426487781,9.211846159380281,10.879999999999999,3253.3727546591886
3,32.25920402033467,-14.869027426487781,9.165126760598008,10.879999999999999,3253.8336004309076
3,32.25920402033467,-14.869027426487781,9.179603435961232,10.879999999999999,3254.2944462026267
3,32.25920402033467,-14.869027426487781,9.181758454079818,10.879999999999999,3254.7552919743457
3,32.25920402033467,-14.869027426487781,9.196002406294731,10.879999999999999,3255.2161377460648
3,32.25920402033467,-14.869027426487781,9.184401235747378,10.879999999999999,3255.676983517784
3,32.25920402033467,-14.869027426487781,9.182851665868846,10.879999999999999,3256.137829289503
3,32.25920402033467,-14.869027426487781,9.212625079828292,10.879999999999999,3256.598675061222
3,32.25920402033467,-14.869027426487781,9.20820627299616,10.879999999999999,3257.059520832941
3,32.25920402033467,-14.869027426487781,9.207479020215244,10.879999999999999,3257.52036660466
3,32.25920402033467,-14.869027426487781,9.21507580028581,10.879999999999999,3257.981212376379
3,32.25920402033467,-14.869027426487781,9.229654876515276,10.879999999999999,3258.442058148098
3,32.25920402033467,-14.869027426487781,9.232649364895655,10.879999999999999,3258.902903919817
3,32.25920402033467,-14.869027426487781,9.249758217015051,10.879999999999999,3259.363749691536
3,32.25920402033467,-14.869027426487781,9.260170498134082,10.879999999999999,3259.8245954632553
3,32.25920402033467,-14.869027426487781,9.269870550678213,10.879999999999999,3260.2854412349743
3,32.25920402033467,-14.869027426487781,9.286640918325752,10.879999999999999,3260.7462870066934
3,32.25920402033467,-14.869027426487781,9.301272311988209,10.879999999999999,3261.2071327784124
3,32.25920402033467,-14.869027426487781,9.315946411192634,10.879999999999999,3261.6679785501315
3,32.25920402033467,-14.869027426487781,9.338770700069105,10.879999999999999,3262.1288243218505
3,32.25920402033467,-14.869027426487781,9.300484203148892,10.879999999999999,3262.5896700935696
3,32.25920402033467,-14.869027426487781,9.335135919949128,10.879999999999999,3263.0505158652886
3,32.383377524993165,-14.86917568688432,9.35628626088667,10.879999999999999,3263.513135544217
3,32.383377524993165,-14.86917568688432,9.321025475975315,10.879999999999999,3263.975755223146
3,32.383377524993165,-14.86917568688432,9.346344089219912,10.879999999999999,3264.4383749020744
3,32.383377524993165,-14.86917568688432,9.383954912808111,10.879999999999999,3264.900994581003
3,32.383377524993165,-14.86917568688432,9.39017067357999,10.879999999999999,3265.3636142599316
3,32.383377524993165,-14.86917568688432,9.429516025331694,10.879999999999999,3265.8262339388602
3,32.383377524993165,-14.86917568688432,9.460625913961058,10.879999999999999,3266.288853617789
3,32.50755102965166,-14.86932394728086,9.469587810327052,10.879999999999999,3266.7532472039265
3,32.755895206662984,-14.870510025380625,9.493975716784878,10.879999999999999,3267.2211885640218
3,33.25256656698088,-14.87525428367256,9.45379664174922,10.879999999999999,3267.696225229264
3,33.500888085934534,-14.87881240975822,9.079732971086912,10.879999999999999,3268.1748093447777
3,33.997491473371454,-14.888300493492489,8.834887571459419,10.879999999999999,3268.6604877943973
3,33.997491473371454,-14.888300493492489,8.602096347211884,10.879999999999999,3269.146166244017
3,33.87333283805624,-14.886373185270582,8.875061389138809,10.879999999999999,3269.6300709988463
3,33.87333283805624,-14.886373185270582,9.040680077406355,10.879999999999999,3270.1139757536757
3,33.87333283805624,-14.886373185270582,9.112272486731388,10.879999999999999,3270.597880508505
3,33.99750209427038,-14.887410996210406,9.012100557231848,10.879999999999999,3271.0835591098516
3,34.12167347470064,-14.888152293965973,8.928827763744412,10.879999999999999,3271.5710115880615
3,34.245846271281714,-14.888597074310171,8.835764319133899,10.879999999999999,3272.0602379633656
3,34.245846271281714,-14.888597074310171,8.650522728281043,10.879999999999999,3272.5494643386696
3,34.245846271281714,-14.888597074310171,8.482330333630282,10.879999999999999,3273.0386907139737
3,34.245846271281714,-14.888597074310171,8.61662984354843,10.879999999999999,3273.5279170892777
3,34.245846271281714,-14.888597074310171,8.693587921862044,10.879999999999999,3274.0171434645817
3,34.12167347470064,-14.888152293965973,8.809681278079136,10.879999999999999,3274.5045959427916
3,33.99750209427038,-14.887410996210406,8.837009064367606,10.879999999999999,3274.990274544138
3,33.99750209427038,-14.887410996210406,8.762349895528695,10.879999999999999,3275.4759531454847
3,33.99750209427038,-14.887410996210406,8.588771583444046,10.879999999999999,3275.9616317468312
3,33.99750209427038,-14.887410996210406,8.653192948455121,10.879999999999999,3276.447310348178
3,33.99750209427038,-14.887410996210406,8.647449615043215,10.879999999999999,3276.9329889495243
3,33.99750209427038,-14.887410996210406,8.516644974233495,10.879999999999999,3277.418667550871
3,33.99750209427038,-14.887410996210406,8.495092287795845,10.879999999999999,3277.9043461522174
3,33.99750209427038,-14.887410996210406,8.457930717539945,10.879999999999999,3278.390024753564
3,33.99750209427038,-14.887410996210406,8.318253272540392,10.879999999999999,3278.8757033549105
3,33.99750209427038,-14.887410996210406,8.292017933809008,10.879999999999999,3279.361381956257
3,33.99750209427038,-14.887410996210406,8.182866817118953,10.879999999999999,3279.8470605576035
3,33.87333283805624,-14.886373185270582,8.129892038319555,10.879999999999999,3280.330965312433
3,33.87333283805624,-14.886373185270582,8.084187688129314,10.879999999999999,3280.8148700672623
3,33.74916641411143,-14.88503886706444,8.022746699768048,10.879999999999999,3281.297001016035
3,33.74916641411143,-14.88503886706444,7.968724581886527,10.879999999999999,3281.779131964808
3,33.50083687051892,-14.882073728176513,7.8588372392412555,10.879999999999999,3282.2577153486727
3,33.12833759868448,-14.878070773558084,8.127142471383971,10.879999999999999,3282.7309773143684
3,32.507491317613805,-14.87288171885896,8.46883956340114,10.879999999999999,3283.1953700474774
3,31.51410894495717,-14.870509562659429,8.898147565587207,10.879999999999999,3283.645571603834
3,30.644910934097755,-14.87569863708514,9.431132546291277,10.879999999999999,3284.0833560457495
3,29.527447105402345,-14.89037596996055,9.991769135101096,10.879999999999999,3284.5051767186837
3,28.65841265421007,-14.908017716367915,10.537893976822652,10.879999999999999,3284.9145826137437
3,27.541273807724828,-14.93870371018533,11.044265191224788,10.879999999999999,3285.3080293824255
3,27.044818628329928,-14.954120322327318,11.498729071900705,10.879999999999999,3285.694383934259
3,27.16894516682829,-14.950710767458716,11.616073149445395,10.879999999999999,3286.0825117223562
3,27.417221607692632,-14.944780912382532,11.399314174978652,10.879999999999999,3286.474186316752
3,27.913823579233107,-14.935292855700325,11.1520935335034,10.879999999999999,3286.8729552250265
3,28.410493523460758,-14.930548610935036,10.663208374198295,10.879999999999999,3287.278819418219
3,29.155532427179452,-14.930548610935036,10.086058788570291,10.879999999999999,3287.6953270243216
3,29.652202371407103,-14.935292855700325,9.3781116828963,10.879999999999999,3288.1189299153416
3,30.14884588131812,-14.94240911463485,8.838205961604139,10.879999999999999,3288.5496277136463
3,30.14884588131812,-14.94240911463485,9.297134723811338,10.879999999999999,3288.980325511951
3,29.77635723040279,-14.93751666104359,9.656379753272674,10.879999999999999,3289.405702043814
3,29.279677373232513,-14.933958453797857,9.907558583178124,10.879999999999999,3289.823983149146
3,28.907157567334455,-14.934403234142055,10.159250242433657,10.879999999999999,3290.236942542965
3,28.907157567334455,-14.934403234142055,10.37518358113385,10.879999999999999,3290.6499019367843
3,28.907157567334455,-14.934403234142055,10.52889706701709,10.879999999999999,3291.0628613306035
3,29.155498203978848,-14.932624125446662,10.481064857187162,10.879999999999999,3291.479368447803
3,29.652187030048278,-14.930251966992662,10.210112778014949,10.879999999999999,3291.902971119661
3,30.27305337321171,-14.929510666418999,9.94003655816093,10.879999999999999,3292.3354433107065
3,31.018073158967123,-14.934847977287598,9.501617686786101,10.879999999999999,3292.778558641549
3,31.887181954190805,-14.948339109197315,9.069354546574786,10.879999999999999,3293.234089812323
3,32.01133563319015,-14.950562896787247,8.671733904335587,10.879999999999999,3293.6913946070827
3,32.01133563319015,-14.950562896787247,9.059203934178061,10.879999999999999,3294.1486994018424
3,31.887172985557324,-14.948932082023312,9.433862532650226,10.879999999999999,3294.604230444493
3,31.887172985557324,-14.948932082023312,9.716726073861373,10.879999999999999,3295.059761487144
3,32.01134224177146,-14.949969892963136,9.836104794128259,10.879999999999999,3295.517066376312
3,32.25967792193041,-14.952342022109104,9.580830980140563,10.879999999999999,3295.977918918054
3,32.88049234012263,-14.960496111427872,9.494407435684556,10.879999999999999,3296.447640237199
3,33.50125955517875,-14.97161502824294,9.278765917581676,10.879999999999999,3296.9262296594156
3,34.246088169895415,-14.989404576564535,8.845160392218549,10.879999999999999,3297.415459490414
3,35.11491446907643,-15.015346250118426,8.346334043262939,10.879999999999999,3297.9171011256863
3,35.36314182286152,-15.023054548863543,7.768602884435077,10.879999999999999,3298.422288866013
3,35.36314182286152,-15.023054548863543,7.955427507084808,10.879999999999999,3298.9274766063395
3,35.36314182286152,-15.023054548863543,8.262172142467568,10.879999999999999,3299.432664346666
3,34.99066662490851,-15.01727263518795,8.593744585124492,10.879999999999999,3299.932531012736
3,34.61815460781125,-15.015048754602587,8.807192051984964,10.879999999999999,3300.427076078562
3,34.493981103152755,-15.015197014999126,9.016064956491746,10.879999999999999,3300.9198472371786
3,34.36980995874427,-15.015938311345655,9.191023067037891,10.879999999999999,3301.4108445223037
3,34.61815059538866,-15.014159202650262,9.290937431155909,10.879999999999999,3301.9053895308093
3,35.23901457829401,-15.011935300929274,9.046083085415065,10.879999999999999,3302.408804024785
3,35.23901457829401,-15.011935300929274,8.619085540087243,10.879999999999999,3302.9122185187603
3,36.232402615561966,-15.011935300929274,8.158705358698331,10.879999999999999,3303.4298242704112
3,36.35657612022046,-15.012083561325813,7.822119561603084,10.879999999999999,3303.9492039292713
3,36.35657612022046,-15.012083561325813,8.107151971882297,10.879999999999999,3304.4685835881314
3,36.35657612022046,-15.012083561325813,8.32015272907417,10.879999999999999,3304.9879632469915
3,36.232402615561966,-15.011935300929274,8.44873987349605,10.879999999999999,3305.5055689986425
3,36.35657612022046,-15.012083561325813,8.402377312243827,10.879999999999999,3306.0249486575026
3,36.35657612022046,-15.012083561325813,8.2929571623954,10.879999999999999,3306.5443283163627
3,36.35657612022046,-15.012083561325813,8.193619615052514,10.879999999999999,3307.0637079752228
3,36.48074962487895,-15.011935300929274,8.026459919845944,10.879999999999999,3307.5848615412924
3,36.48074962487895,-15.011935300929274,7.917167429632399,10.879999999999999,3308.106015107362
3,36.48074962487895,-15.011935300929274,7.798975059341023,10.879999999999999,3308.6271686734317
3,36.35657612022046,-15.012083561325813,7.854249310889029,10.879999999999999,3309.146548332292
3,36.35657612022046,-15.012083561325813,7.89245784096344,10.879999999999999,3309.665927991152
3,36.35657612022046,-15.012083561325813,7.852680541665924,10.879999999999999,3310.185307650012
3,36.232402615561966,-15.011935300929274,7.778003471539901,10.879999999999999,3310.702913401663
3,36.232402615561966,-15.011935300929274,7.605841978107553,10.879999999999999,3311.220519153314
3,36.232402615561966,-15.011935300929274,7.540983165482985,10.879999999999999,3311.738124904965
3,36.232402615561966,-15.011935300929274,7.427072745660572,10.879999999999999,3312.255730656616
3,35.735708596927985,-15.011935300929274,7.535071583800923,10.879999999999999,3312.766240779429
3,35.239020242905326,-15.014307457128805,7.836684564375249,10.879999999999999,3313.269655354328
3,34.49401320242848,-15.021423844566707,8.254938154630736,10.879999999999999,3313.762426971505
3,33.500766777084245,-15.038028180472296,8.747134701208017,10.879999999999999,3314.2410093540348
3,32.88005856455024,-15.052111713438121,9.252981893282813,10.879999999999999,3314.7107244763856
3,31.142348147383075,-15.10192022373472,9.88510637169274,10.879999999999999,3315.1556151642053
3,30.149597311967014,-15.13749509362625,10.449187511025672,10.879999999999999,3315.586323697233
3,29.032902345616066,-15.181517049423842,10.97446240833672,10.879999999999999,3316.0010794450277
3,28.536617068062533,-15.201674935264725,11.452176118507083,10.879999999999999,3316.408745403143
3,28.784782831522776,-15.192188582810392,11.731677995281963,10.879999999999999,3316.81995658645
3,28.784782831522776,-15.192188582810392,11.54094984386853,10.879999999999999,3317.2311677697576
3,29.40537068601918,-15.173658886428003,11.261500721742106,10.879999999999999,3317.6512444938435
3,29.653660343245093,-15.168321925557636,10.824766639242254,10.879999999999999,3318.074868213033
3,30.646970021301374,-15.156461471454799,10.091853590340227,10.879999999999999,3318.51268207048
3,31.64034767346607,-15.158833616381989,9.318338017914687,10.879999999999999,3318.964687037244
3,32.3852789525898,-15.171286809134097,8.6123273169883,10.879999999999999,3319.4273338794237
3,32.3852789525898,-15.171286809134097,8.461376828051423,10.879999999999999,3319.8899807216035
3,32.3852789525898,-15.171286809134097,9.002144966220376,10.879999999999999,3320.3526275637832
3,31.888699638137975,-15.160612887393352,9.421499084901981,10.879999999999999,3320.808180415757
3,31.51622444018497,-15.15483097371776,9.66365064718072,10.879999999999999,3321.2584121934738
3,31.392058016240156,-15.153496655511617,9.914534633411218,10.879999999999999,3321.706870165134
3,30.8953710783562,-15.151124506075487,10.083584910171243,10.879999999999999,3322.148232609111
3,30.8953710783562,-15.151124506075487,10.182381234752201,10.879999999999999,3322.5895950530876
3,31.26788946809941,-15.149790165042894,10.02875076137412,10.879999999999999,3323.0362791883463
3,31.26788946809941,-15.149790165042894,9.64730912524794,10.879999999999999,3323.482963323605
3,31.764583486733386,-15.149790165042894,9.2622978082991,10.879999999999999,3323.936743087701
3,31.764583486733386,-15.149790165042894,9.135103267207816,10.879999999999999,3324.390522851797
3,31.764583486733386,-15.149790165042894,9.422197613948711,10.879999999999999,3324.844302615893
3,31.640409982074893,-15.149938425439434,9.694521219635597,10.879999999999999,3325.29630847278
3,31.764583486733386,-15.150086685835973,9.899177651455378,10.879999999999999,3325.750088236876
3,32.1371018764766,-15.151421026868565,9.888166403918213,10.879999999999999,3326.2091896922543
3,32.50961601776738,-15.15364492013527,9.564863815838656,10.879999999999999,3326.6736127782224
3,33.1304469574297,-15.160316498484804,9.19326512995308,10.879999999999999,3327.1469048776144
3,33.75124013400576,-15.169953039594338,8.81130551637336,10.879999999999999,3327.629065450957
3,33.875398769320974,-15.171880347816245,8.552778970818254,10.879999999999999,3328.11299971909
3,33.99956165295942,-15.173511165679999,8.794972737365024,10.879999999999999,3328.598707742704
3,34.123728076904236,-15.174845483886141,9.063597059304746,10.879999999999999,3329.086189572374
3,34.123728076904236,-15.174845483886141,9.250730443962176,10.879999999999999,3329.5736714020445
3,34.123728076904236,-15.174845483886141,9.263078398766917,10.879999999999999,3330.061153231715
3,34.49623584554664,-15.177958916705617,9.25951945137229,10.879999999999999,3330.553956600937
3,34.74457671821106,-15.179738027091853,9.141000639752852,10.879999999999999,3331.0503076969117
3,35.241248078528955,-15.184482285383789,8.896916212930856,10.879999999999999,3331.5537540980336
3,35.613736729444284,-15.189374738975049,8.562740634109606,10.879999999999999,3332.062521765597
3,35.73789961308273,-15.191005556838803,8.3337117290776,10.879999999999999,3332.573063188641
3,35.862066037027546,-15.192339875044945,8.565127161643568,10.879999999999999,3333.085378417741
3,35.986235293241684,-15.193377685984771,8.84746071938773,10.879999999999999,3333.599467493359
3,36.110406673671946,-15.194118983740339,9.0327261947562,10.879999999999999,3334.11533044584
3,36.35875108670666,-15.19530506296734,9.109379864549751,10.879999999999999,3334.63474117565
3,36.607095499741376,-15.19649114219434,8.873473856895036,10.879999999999999,3335.1576996827894
3,37.1037843258108,-15.19886330064834,8.566352594504975,10.879999999999999,3335.6877537445866
3,37.84880623574398,-15.204200626734517,8.123257009663423,10.879999999999999,3336.228450976526
3,37.84880623574398,-15.204200626734517,7.5842815728330875,10.879999999999999,3336.769148208465
3,37.84880623574398,-15.204200626734517,7.873097003135748,10.879999999999999,3337.3098454404044
3,37.600459934504414,-15.20360758599378,8.1326647721212,10.879999999999999,3337.8469948680404
3,37.22794225283459,-15.204941924490084,8.355452185048595,10.879999999999999,3338.3788226145093
3,36.97960657267564,-15.207314053636052,8.536132577830907,10.879999999999999,3338.9071027084046
3,36.855443689037195,-15.208944871499806,8.63476552747836,10.879999999999999,3339.4336090468196
3,36.607131374722634,-15.213095967311645,8.612612554467862,10.879999999999999,3339.9565680664587
3,36.607131374722634,-15.213095967311645,8.726355947738439,10.879999999999999,3340.4795270860977
3,36.607131374722634,-15.213095967311645,8.83442517561249,10.879999999999999,3341.002486105737
3,36.607131374722634,-15.213095967311645,8.821502399447732,10.879999999999999,3341.525445125376
3,36.855443689037195,-15.208944871499806,8.73280976109363,10.879999999999999,3342.051951463791
3,36.97960657267564,-15.207314053636052,8.57683722543787,10.879999999999999,3342.580231557686
3,36.97960657267564,-15.207314053636052,8.475112559039612,10.879999999999999,3343.1085116515815
3,36.97960657267564,-15.207314053636052,8.405064286777824,10.879999999999999,3343.636791745477
3,36.97960657267564,-15.207314053636052,8.298680859775203,10.879999999999999,3344.165071839372
3,36.85544014873083,-15.208648371842195,8.394927524274781,10.879999999999999,3344.691578127211
3,36.85544014873083,-15.208648371842195,8.418448212253237,10.879999999999999,3345.21808441505
3,36.73127089251669,-15.209686182782018,8.384327301530881,10.879999999999999,3345.7428168563715
3,36.73127089251669,-15.209686182782018,8.30785911579729,10.879999999999999,3346.267549297693
3,36.73127089251669,-15.209686182782018,8.178356079776814,10.879999999999999,3346.792281739015
3,36.73127089251669,-15.209686182782018,8.12019164948426,10.879999999999999,3347.3170141803366
3,36.73127089251669,-15.209686182782018,8.057877370333937,10.879999999999999,3347.8417466216583
3,36.60709951208643,-15.210427480537586,8.002297419213692,10.879999999999999,3348.3647051861167
3,36.60709951208643,-15.210427480537586,7.9186453294260515,10.879999999999999,3348.887663750575
3,36.48292671550536,-15.210872260881784,7.896587359549767,10.879999999999999,3349.408848417939
3,36.358753210846864,-15.211020521278323,7.769126895245907,10.879999999999999,3349.9282591780943
3,36.358753210846864,-15.211020521278323,7.732305833704369,10.879999999999999,3350.4476699382494
3,36.23457970618837,-15.210872260881784,7.637467319651955,10.879999999999999,3350.965306791195
3,36.1104069096073,-15.210427480537586,7.538625376909203,10.879999999999999,3351.4811697470464
3,35.61371430712817,-15.209241399056111,7.741741797692281,10.879999999999999,3351.9899370942912
3,34.992846783835695,-15.20998270103881,8.034079482167352,10.879999999999999,3352.489834905489
3,34.37198280093035,-15.212206602759798,8.412388609985006,10.879999999999999,3352.9808632312165
3,33.13030794036122,-15.22406721467302,8.861324389479185,10.879999999999999,3353.4541533446504
3,32.0129269532602,-15.244081264940144,9.433270914053246,10.879999999999999,3353.911480872554
3,30.523363179254552,-15.283217378537053,10.058364416967457,10.879999999999999,3354.347528917972
3,29.53053022324927,-15.31642150564339,10.653015512422638,10.879999999999999,3354.7693936354467
3,28.5378671694083,-15.354366915460725,11.185489624380885,10.879999999999999,3355.1770774521524
3,27.793439253078006,-15.38460374422205,11.665923504624024,10.879999999999999,3355.5741265843394
3,27.66935094396552,-15.389198759520328,12.001279627702242,10.879999999999999,3355.969403026396
3,27.54524186884141,-15.393201097856409,11.791809871127882,10.879999999999999,3356.362906481665
3,28.04176312684329,-15.380155726657438,11.566535038665231,10.879999999999999,3356.7635030977626
3,28.910868618106992,-15.366664646034925,11.086095529787286,10.879999999999999,3357.1765155065928
3,29.65589902493293,-15.36310642188073,10.51370136092593,10.879999999999999,3357.6001712069487
3,30.400915270400144,-15.368443707386756,9.768870685338175,10.879999999999999,3358.034469996526
3,31.145818227710855,-15.382675792410074,9.109486116790164,10.879999999999999,3358.4794102569217
3,31.0216836653121,-15.379562649562713,8.863076229697349,10.879999999999999,3358.922577166426
3,30.897556890876757,-15.376153088213304,9.335947982658674,10.879999999999999,3359.3639708362957
3,30.773438612215777,-15.372447127804268,9.743823327058774,10.879999999999999,3359.803591387899
3,30.276917354213897,-15.359401756605292,10.01321923295699,10.879999999999999,3360.2361187786732
3,29.904457025180225,-15.352730406516251,10.181532672512507,10.879999999999999,3360.6633253076043
3,29.656122053066397,-15.350358284133607,10.290401479367894,10.879999999999999,3361.0869841940766
3,29.656122053066397,-15.350358284133607,10.440999982815311,10.879999999999999,3361.510643080549
3,29.656122053066397,-15.350358284133607,10.53480114451068,10.879999999999999,3361.9343019670214
3,30.02864256704188,-15.350803065323227,10.544213252132435,10.879999999999999,3362.363282575122
3,30.152815363622953,-15.351247845667425,10.19182527357906,10.879999999999999,3362.7940370803167
3,30.27698674405321,-15.351989143422992,9.986031871828397,10.879999999999999,3363.2265654623748
3,31.64277067589951,-15.369928037630439,9.553092419387353,10.879999999999999,3363.678605043459
3,32.139349990351334,-15.380601959371171,9.056505454310146,10.879999999999999,3364.1377386147497
3,32.263491632858134,-15.383418665964342,8.953952331008248,10.879999999999999,3364.598645638076
3,32.13934361813902,-15.380898411687147,9.337563784004448,10.879999999999999,3365.057779118335
3,32.01518521882135,-15.378971107128613,9.628326741553375,10.879999999999999,3365.5151389071752
3,32.01518521882135,-15.378971107128613,9.847038896263488,10.879999999999999,3365.9724986960155
3,32.26351476241386,-15.38193624601654,9.805758223089072,10.879999999999999,3366.433406049764
3,32.51574243346541,-15.38193624601654,9.6571299993599,10.879999999999999,3366.8979166559566
3,32.88823108438074,-15.3868286996078,9.468693344335273,10.879999999999999,3367.3677485285907
3,33.75730518545931,-15.402395183148897,9.22218231924651,10.879999999999999,3367.849995745526
3,34.502133800175976,-15.420184731470492,8.693017150933352,10.879999999999999,3368.342883371243
3,34.750410005081534,-15.426114580911024,8.103490042303095,10.879999999999999,3368.839317799887
3,34.874558019800645,-15.42863483518822,8.31540031619916,10.879999999999999,3369.3375257715984
3,34.75039962048298,-15.426707530629686,8.605680330837302,10.879999999999999,3369.833960051891
3,34.75039962048298,-15.426707530629686,8.8653068923983,10.879999999999999,3370.330394332184
3,34.377881938813154,-15.425373192133382,9.079706625211662,10.879999999999999,3370.8215069313096
3,34.377881938813154,-15.425373192133382,9.22912095734896,10.879999999999999,3371.3126195304353
3,34.62622824005272,-15.424780151392644,9.054545236493443,10.879999999999999,3371.8072799338647
3,35.12292084253185,-15.425966232874119,8.779484785564671,10.879999999999999,3372.309035945901
3,35.61960211582063,-15.429524450264905,8.491117308730024,10.879999999999999,3372.8178874046985
3,35.61960211582063,-15.429524450264905,8.187133512706739,10.879999999999999,3373.326738863496
3,35.743774912401705,-15.429969230609103,8.504272364695145,10.879999999999999,3373.8373642193874
3,35.61960140774321,-15.429820970212564,8.712002829588648,10.879999999999999,3374.3462156680694
3,35.61960140774321,-15.429820970212564,8.826908113912193,10.879999999999999,3374.8550671167513
3,35.74377420432428,-15.429376189868366,8.877250118083497,10.879999999999999,3375.3656924625275
3,35.992120741589254,-15.42878314856401,8.611869161331228,10.879999999999999,3375.879865615979
3,36.116293538170325,-15.428338368219812,8.26433024393997,10.879999999999999,3376.3958126665243
3,35.99212215774006,-15.42907966597538,7.926806160968121,10.879999999999999,3376.9099858402064
3,35.99212215774006,-15.42907966597538,8.245977747754512,10.879999999999999,3377.4241590138886
3,35.867952901525925,-15.430117476915203,8.426194941860087,10.879999999999999,3377.936558341053
3,35.867952901525925,-15.430117476915203,8.478639711767352,10.879999999999999,3378.4489576682176
3,35.74378364531179,-15.431155287855027,8.413575576545686,10.879999999999999,3378.959583148865
3,35.74378364531179,-15.431155287855027,8.303128433638804,10.879999999999999,3379.4702086295124
3,35.74378364531179,-15.431155287855027,8.279510786483602,10.879999999999999,3379.98083411016
3,35.74378364531179,-15.431155287855027,8.154062903976241,10.879999999999999,3380.491459590807
3,35.74378364531179,-15.431155287855027,8.137009616484244,10.879999999999999,3381.0020850714545
3,35.74378364531179,-15.431155287855027,8.149599490843363,10.879999999999999,3381.512710552102
3,35.619612264881525,-15.431896585610595,8.145091056375541,10.879999999999999,3382.021562155886
3,35.619612264881525,-15.431896585610595,8.121498708388323,10.879999999999999,3382.53041375967
3,35.495439468300454,-15.432341365954793,8.106199307472375,10.879999999999999,3383.03749146636
3,35.37126596364196,-15.432489626351332,8.089715863145845,10.879999999999999,3383.5427952658406
3,35.24709245898347,-15.432341365954793,8.108465202602709,10.879999999999999,3384.046325158112
3,35.24709245898347,-15.432341365954793,7.99924044670252,10.879999999999999,3384.549855050383
3,35.122919662402396,-15.431896585610595,8.059399255887225,10.879999999999999,3385.05161104556
3,34.75040127265918,-15.430562244578002,8.28366376520872,10.879999999999999,3385.548045349455
3,34.12953374936671,-15.429820942595304,8.512382518946277,10.879999999999999,3386.0356101173033
3,33.75701606769688,-15.431155281091609,8.893851784041415,10.879999999999999,3386.517853203985
3,32.6395203763047,-15.443164122120773,9.27956324679111,10.879999999999999,3386.9841320665037
3,32.01875316124858,-15.454283038935841,9.683713912423109,10.879999999999999,3387.44154282595
3,31.273924546531916,-15.47207258725742,10.064561697279593,10.879999999999999,3387.8883131766147
3,30.4050982473509,-15.498014260811312,10.446725293528562,10.879999999999999,3388.3226717230054
3,30.156889772455386,-15.506315300477098,10.773853489144061,10.879999999999999,3388.7534844340407
3,30.405134117764984,-15.499199799006155,10.922404448593882,10.879999999999999,3389.187843492866
3,30.529275760271783,-15.496383092412989,10.63838607070879,10.879999999999999,3389.623976003727
3,31.150065396888714,-15.486746606254052,10.24180262372069,10.879999999999999,3390.0689769379683
3,31.89509580371465,-15.483188382099856,9.714247547183405,10.879999999999999,3390.5246211637354
3,32.26761348538447,-15.48452272059616,9.130310601342673,10.879999999999999,3390.9855870706697
3,32.143444229170335,-15.483484909656337,8.907067266678771,10.879999999999999,3391.4447791310863
3,32.143444229170335,-15.483484909656337,9.42435335839446,10.879999999999999,3391.903971191503
3,31.895108312996076,-15.481112778255925,9.852570687743237,10.879999999999999,3392.3596155959744
3,31.895108312996076,-15.481112778255925,10.175092536882588,10.879999999999999,3392.815260000446
3,31.895108312996076,-15.481112778255925,10.08170328948239,10.879999999999999,3393.2709044049175
3,32.267607584830515,-15.485115732874354,9.81980794738997,10.879999999999999,3393.731870227558
3,32.515929103784174,-15.488673858960015,9.5008626166345,10.879999999999999,3394.196383500469
3,32.640087739099386,-15.490601167181921,9.129881821170773,10.879999999999999,3394.6626704681703
3,32.764250622737826,-15.492231985045676,8.908911234771855,10.879999999999999,3395.1307311913524
3,32.764250622737826,-15.492231985045676,9.130360296742012,10.879999999999999,3395.5987919145346
3,32.764250622737826,-15.492231985045676,9.289598545740997,10.879999999999999,3396.0668526377167
3,32.764250622737826,-15.492231985045676,9.374648774665564,10.879999999999999,3396.534913360899
3,32.764250622737826,-15.492231985045676,9.420545932421033,10.879999999999999,3397.002974084081
3,32.88841704668264,-15.493566303251818,9.53098543346467,10.879999999999999,3397.472808613319
3,33.01258630289678,-15.494604114191642,9.57596353695413,10.879999999999999,3397.944416989075
3,33.01258630289678,-15.494604114191642,9.569246122550966,10.879999999999999,3398.4160253648306
3,33.13675768332704,-15.49534541194721,9.516125891028771,10.879999999999999,3398.8894076174497
3,33.26093047990811,-15.495790192291407,9.434601852660515,10.879999999999999,3399.3645637671625
3,33.385103984566605,-15.495938452687946,9.4421551306762,10.879999999999999,3399.841493824085
3,33.633451229909674,-15.495938452687946,9.567511920542307,10.879999999999999,3400.321971698798
3,33.88179753114924,-15.496531493428684,9.650504136849971,10.879999999999999,3400.805997377814
3,34.62681944108242,-15.501868819514861,9.367809194713464,10.879999999999999,3401.300666226972
3,35.123478056248935,-15.507799091654654,9.089074471322377,10.879999999999999,3401.8024301992045
3,35.74424527130506,-15.518918008469722,8.780096423040064,10.879999999999999,3402.313062274509
3,35.86839328602417,-15.521438262746923,8.487163250566638,10.879999999999999,3402.8254678928806
3,35.99254696502352,-15.523662050336856,8.70985669942299,10.879999999999999,3403.339647135238
3,35.99254696502352,-15.523662050336856,8.996681331765084,10.879999999999999,3403.8538263775954
3,36.11671598521992,-15.524699859304034,9.204841887427,10.879999999999999,3404.3697794630984
3,36.11671598521992,-15.524699859304034,9.346070467016844,10.879999999999999,3404.8857325486015
3,36.73757996812527,-15.526923761025023,9.101187140748369,10.879999999999999,3405.410555119575
3,37.234273042655204,-15.528109843633736,8.791151255513356,10.879999999999999,3405.9424733058986
3,38.22763275699576,-15.535226258125201,8.347953017927782,10.879999999999999,3406.488582345284
3,38.60012140791109,-15.540118711716461,7.715894271735179,10.879999999999999,3407.0400126511113
3,38.60012140791109,-15.540118711716461,7.491899180144931,10.879999999999999,3407.5914429569384
3,38.72429066412523,-15.541156522656287,7.882530301139451,10.879999999999999,3408.144647109283
3,38.22760231010257,-15.538784366456756,8.163230876973618,10.879999999999999,3408.6907557137133
3,37.97925671693841,-15.539377405506638,8.373994008577263,10.879999999999999,3409.233316523955
3,37.85508746072427,-15.540415216446462,8.619457019832161,10.879999999999999,3409.77410348768
3,37.60676664977536,-15.54397333238733,8.784692918442378,10.879999999999999,3410.311343011248
3,37.60676664977536,-15.54397333238733,8.931473556347635,10.879999999999999,3410.848582534816
3,38.10339127840449,-15.53567114076365,9.019805945070726,10.879999999999999,3411.392916695936
3,38.47588984220188,-15.53166819375393,8.606234637806372,10.879999999999999,3411.9425722651104
3,39.22092662169436,-15.529889076604281,8.266084869343906,10.879999999999999,3412.5028712168487
3,39.469270798705686,-15.531075154704046,7.929495610482933,10.879999999999999,3413.0667179425445
3,39.71761497571701,-15.532261232803812,7.645513094131534,10.879999999999999,3413.6341124421974
3,39.71761497571701,-15.532261232803812,7.964676629698862,10.879999999999999,3414.2015069418503
3,39.469267966400025,-15.532261232803812,8.176155278268991,10.879999999999999,3414.7653536270846
3,39.469267966400025,-15.532261232803812,8.285240357595072,10.879999999999999,3415.329200312319
3,39.34509682199154,-15.533002529150341,8.454059194939044,10.879999999999999,3415.8912731240616
3,39.096767514408285,-15.535967665220237,8.540353962354638,10.879999999999999,3416.4497983742676
3,38.97260887909307,-15.537894973442144,8.515414809072675,10.879999999999999,3417.0065499296834
3,38.97260887909307,-15.537894973442144,8.612918555616952,10.879999999999999,3417.563301485099
3,38.848455200093724,-15.540118761032076,8.780681222884452,10.879999999999999,3418.1182794165293
3,38.97260887909307,-15.537894973442143,8.841386430807454,10.879999999999999,3418.675030971945
3,39.46926607820568,-15.531964718210514,8.824507216445454,10.879999999999999,3419.238877630205
3,39.841783759875504,-15.530630379714209,8.487175074826053,10.879999999999999,3419.8080459696316
3,40.33847636235463,-15.531816461195683,8.215566919319857,10.879999999999999,3420.384309917665
3,40.33847636235463,-15.531816461195683,7.872553253396379,10.879999999999999,3420.9605738656987
3,40.33847636235463,-15.531816461195683,7.862061763203609,10.879999999999999,3421.5368378137323
3,40.33847636235463,-15.531816461195683,8.126757831699823,10.879999999999999,3422.113101761766
3,40.21430356577356,-15.531371680851485,8.279422556848443,10.879999999999999,3422.6875918127053
3,39.965956556456575,-15.531371680851485,8.436703220980226,10.879999999999999,3423.258534049226
3,39.71761237944525,-15.532557758951251,8.468406473918623,10.879999999999999,3423.8259285117897
3,39.469276699286304,-15.534929888097219,8.460275331294488,10.879999999999999,3424.3897753217793
3,39.345113815647856,-15.536560705960973,8.673967038403115,10.879999999999999,3424.9518483762886
3,39.220955180332645,-15.53848801418288,8.754762085251377,10.879999999999999,3425.5121477360076
3,39.220955180332645,-15.53848801418288,8.718120061471778,10.879999999999999,3426.0724470957266
3,39.220955180332645,-15.53848801418288,8.713988852399323,10.879999999999999,3426.6327464554456
3,39.220955180332645,-15.53848801418288,8.635503732127487,10.879999999999999,3427.1930458151646
3,39.220955180332645,-15.53848801418288,8.582017366673924,10.879999999999999,3427.7533451748836
3,39.220955180332645,-15.53848801418288,8.619956559844432,10.879999999999999,3428.3136445346026
3,39.220955180332645,-15.53848801418288,8.571203460427759,10.879999999999999,3428.8739438943217
3,39.220955180332645,-15.53848801418288,8.556174308597457,10.879999999999999,3429.4342432540407
3,39.220955180332645,-15.53848801418288,8.530996441420706,10.879999999999999,3429.9945426137597
3,39.220955180332645,-15.53848801418288,8.542473400258302,10.879999999999999,3430.5548419734787
3,39.220955180332645,-15.53848801418288,8.538460375354958,10.879999999999999,3431.1151413331977
3,39.09679654501743,-15.540415322404787,8.557159050449783,10.879999999999999,3431.6736669981265
3,39.09679654501743,-15.540415322404787,8.567992297958721,10.879999999999999,3432.2321926630552
3,38.972633661378985,-15.54204614026854,8.581480982532831,10.879999999999999,3432.7889445725036
3,38.972633661378985,-15.54204614026854,8.551498305417265,10.879999999999999,3433.345696481952
3,38.972633661378985,-15.54204614026854,8.537336896679417,10.879999999999999,3433.9024483914004
3,38.972633661378985,-15.54204614026854,8.530143780003357,10.879999999999999,3434.459200300849
3,38.84846723743417,-15.543380458474683,8.542149445475694,10.879999999999999,3435.0141784042407
3,38.84846723743417,-15.543380458474683,8.518116981034032,10.879999999999999,3435.5691565076327
3,38.84846723743417,-15.543380458474683,8.489298327025397,10.879999999999999,3436.1241346110246
3,38.72429798122003,-15.544418269414507,8.470245585668364,10.879999999999999,3436.6773388678994
3,38.72429798122003,-15.544418269414507,8.430209393990598,10.879999999999999,3437.230543124774
3,38.72429798122003,-15.544418269414507,8.39105648483431,10.879999999999999,3437.783747381649
3,38.72429798122003,-15.544418269414507,8.32978016558183,10.879999999999999,3438.3369516385237
3,38.72429798122003,-15.544418269414507,8.27405032738998,10.879999999999999,3438.8901558953985
3,38.72429798122003,-15.544418269414507,8.228313649451405,10.879999999999999,3439.4433601522733
3,38.72429798122003,-15.544418269414507,8.165489635194927,10.879999999999999,3439.996564409148
3,38.60012660078977,-15.545159567170074,8.16625232158296,10.879999999999999,3440.5479947891595
3,38.4759538042087,-15.545604347514272,8.170252745308183,10.879999999999999,3441.0976512720767
3,38.35178029955021,-15.545752607910812,8.198876401250635,10.879999999999999,3441.6455338477845
3,38.22760679489171,-15.545604347514272,8.24715709201276,10.879999999999999,3442.191642516283
3,38.10343399831064,-15.545159567170074,8.210546657899485,10.879999999999999,3442.7359772876875
3,37.97926261788038,-15.544418269414507,8.231520404223069,10.879999999999999,3443.2785381822287
3,37.85509336166624,-15.543380458474683,8.234913615177785,10.879999999999999,3443.8193252302526
3,37.60676405408299,-15.540415322404787,8.219304326113521,10.879999999999999,3444.3565647167397
3,37.482605418767776,-15.53848801418288,8.26490752466442,10.879999999999999,3444.8920305084366
3,37.110129512822134,-15.53270608951716,8.408209851731366,10.879999999999999,3445.4221752157628
3,36.24098932735303,-15.521290364470884,8.675069421912863,10.879999999999999,3445.939903634725
3,35.62014422637101,-15.516101319634991,9.110408645975536,10.879999999999999,3446.448762837959
3,34.87510532265232,-15.51432219741278,9.535887028089071,10.879999999999999,3446.9469786282825
3,34.00589739875606,-15.517435653904158,9.989167150487352,10.879999999999999,3447.4327771625503
3,32.88840170736388,-15.529444494933323,10.407891944326538,10.879999999999999,3447.9026114726557
3,32.267634492307764,-15.54056341174839,10.890951744727547,10.879999999999999,3448.3635776796887
3,31.76317915020466,-15.54056341174839,11.323808381895168,10.879999999999999,3448.8173373818345
3,31.76317915020466,-15.54056341174839,11.637856702981463,10.879999999999999,3449.2710970839803
3,31.887337785519872,-15.538636103526484,11.422310200502801,10.879999999999999,3449.7266304809164
3,32.508168725182195,-15.53196452517695,11.181435244923756,10.879999999999999,3450.191032891276
3,33.129032708091586,-15.531223227421382,10.656925857395924,10.879999999999999,3450.6643047871057
3,33.37737334473598,-15.533002336116775,10.032827527188763,10.879999999999999,3451.141124406316
3,34.742975549270085,-15.56072460622089,9.374813409703416,10.879999999999999,3451.6374526284485
3,34.867093827931065,-15.564430566629932,8.716084972092045,10.879999999999999,3452.1355539688475
3,34.99122060236641,-15.567840127979341,8.97959525580135,10.879999999999999,3452.6354285488815
3,34.867093827931065,-15.564430566629934,9.290254399865432,10.879999999999999,3453.1335298892805
3,34.867093827931065,-15.564430566629934,9.551023976925423,10.879999999999999,3453.6316312296794
3,34.867093827931065,-15.564430566629934,9.409821439016294,10.879999999999999,3454.1297325700784
3,34.99122060236641,-15.567840127979341,9.21672086009239,10.879999999999999,3454.6296071501124
3,34.99122060236641,-15.567840127979341,9.117760774579793,10.879999999999999,3455.1294817301464
3,34.99122060236641,-15.567840127979341,9.04255816002233,10.879999999999999,3455.6293563101804
3,34.86707919582486,-15.5650234267401,9.266457664884623,10.879999999999999,3456.1274574415493
3,34.6187668815103,-15.560872330928259,9.454156771423257,10.879999999999999,3456.6220112541423
3,34.49460399787185,-15.559241513064505,9.557534431063717,10.879999999999999,3457.114791311255
3,34.370437573927035,-15.557907194858362,9.744121247404086,10.879999999999999,3457.605797562311
3,34.2462683177129,-15.556869383918539,9.955541827828533,10.879999999999999,3458.09502996685
3,34.37043969814316,-15.557610681674106,10.102563298310466,10.879999999999999,3458.5860362482517
3,34.867120971431945,-15.561168899064892,10.122883035974565,10.879999999999999,3459.084137976415
3,35.23962024326639,-15.56517185368332,9.729698041047394,10.879999999999999,3459.5875611227475
3,35.86041223985473,-15.574808376475977,9.3032053755424,10.879999999999999,3460.099852726174
3,36.60523873094475,-15.59259787407668,8.813219117103024,10.879999999999999,3460.6227847080445
3,36.72937305739171,-15.595711011006658,8.396802007238852,10.879999999999999,3461.147490037436
3,36.85352107211082,-15.59823126528386,8.674656777547263,10.879999999999999,3461.673968909895
3,36.729367393111474,-15.596007477693927,8.95172948292749,10.879999999999999,3462.198674158368
3,36.60520875779626,-15.59408016947202,9.157101061930316,10.879999999999999,3462.7216057120504
3,36.35687378568244,-15.591708047089377,9.280013048349272,10.879999999999999,3463.2409896232743
3,36.23270098910137,-15.591263266745178,9.325384918455697,10.879999999999999,3463.7585996374046
3,36.853564972006716,-15.593487168466167,9.306625365638428,10.879999999999999,3464.2850791370047
3,37.226079113297494,-15.595711061732871,8.962927787542602,10.879999999999999,3464.816880267195
3,37.72275047361539,-15.600455320024807,8.544998646609372,10.879999999999999,3465.3557767025322
3,37.72275047361539,-15.600455320024807,8.18111629590536,10.879999999999999,3465.8946731378696
3,37.846921854045654,-15.601196617780374,8.402547569794518,10.879999999999999,3466.4353434500704
3,37.72274905746458,-15.600751837436176,8.623008486645627,10.879999999999999,3466.974239865177
3,37.350229251566525,-15.601196617780374,8.749760886259354,10.879999999999999,3467.5078145687708
3,37.10188861492213,-15.602975726475767,8.785706490570353,10.879999999999999,3468.037841548984
3,37.226055038866946,-15.601641408269625,8.943464163624858,10.879999999999999,3468.569642335254
3,37.226055038866946,-15.601641408269625,9.02342548488205,10.879999999999999,3469.1014431215235
3,37.72272639918484,-15.59689714997769,9.00812865814377,10.879999999999999,3469.6403392129405
3,38.2194147532075,-15.594524993778158,8.620542697905993,10.879999999999999,3470.186330852272
3,38.467761290472474,-15.593931952473802,8.089531774835429,10.879999999999999,3470.7358702992788
3,38.467761290472474,-15.593931952473802,7.742282870272838,10.879999999999999,3471.2854097462855
3,38.467761290472474,-15.593931952473802,8.120423962785303,10.879999999999999,3471.8349491932922
3,38.34358778581398,-15.594080212870342,8.407717372419304,10.879999999999999,3472.3827147330894
3,38.21941428115549,-15.593931952473802,8.445725465022454,10.879999999999999,3472.9287063656775
3,38.21941428115549,-15.593931952473802,8.27342865868482,10.879999999999999,3473.4746979982656
3,38.34358778581398,-15.594080212870342,8.172409438162399,10.879999999999999,3474.0224635380628
3,38.21941428115549,-15.593931952473802,8.08400542579825,10.879999999999999,3474.568455170651
3,38.21941428115549,-15.593931952473802,7.95480750373569,10.879999999999999,3475.114446803239
3,38.21941428115549,-15.593931952473802,7.9584881739412285,10.879999999999999,3475.660438435827
3,38.21941428115549,-15.593931952473802,7.9148621062477575,10.879999999999999,3476.206430068415
3,38.21941428115549,-15.593931952473802,7.85609166903397,10.879999999999999,3476.752421701003
3,38.21941428115549,-15.593931952473802,7.754481833058814,10.879999999999999,3477.2984133335913
3,38.21941428115549,-15.593931952473802,7.6668902017146605,10.879999999999999,3477.8444049661794
3,38.21941428115549,-15.593931952473802,7.5736251442542075,10.879999999999999,3478.3903965987674
3,38.21941428115549,-15.593931952473802,7.493211606135322,10.879999999999999,3478.9363882313555
3,37.722720262521506,-15.593931952473802,7.590715498064006,10.879999999999999,3479.475284235106
3,37.598547465940435,-15.594376732818,7.82321822304954,10.879999999999999,3480.012406341762
3,36.60520757748513,-15.603865222348578,8.204661506308486,10.879999999999999,3480.535337878583
3,35.86027063454144,-15.616318509784096,8.626472292610384,10.879999999999999,3481.0476274590765
3,34.74299797566744,-15.641668820937278,9.11826613870153,10.879999999999999,3481.543956001586
3,33.75001776328214,-15.670130907971053,9.595187291055142,10.879999999999999,3482.02609911249
3,33.00539304627818,-15.695034003300806,10.136174291230121,10.879999999999999,3482.4976047274367
3,32.26089575589745,-15.723493060663808,10.590580948524844,10.879999999999999,3482.9584746668065
3,31.516467839567156,-15.753729889425133,10.967549067961361,10.879999999999999,3483.4087099216576
3,31.516467839567156,-15.753729889425133,11.19043077189874,10.879999999999999,3483.8589451765088
3,31.39235900034639,-15.757732220153672,10.947880168975919,10.879999999999999,3484.3074074479423
3,31.76476197968729,-15.748392809363738,10.669328963131798,10.879999999999999,3484.7611897619377
3,32.50972087251836,-15.737718512264976,10.3437335443614,10.879999999999999,3485.2256143458308
3,33.1305836753014,-15.735494614771135,9.697807501298616,10.879999999999999,3485.698908398335
