phase,x,y,alpha,ref_alpha,dE_I
0,0.0,0.0,88.86998148481665,10.879999999999999,0
0,0.0,0.0,88.8700747741185,10.879999999999999,0
0,0.0,0.0,88.87236946294608,10.879999999999999,0
0,0.0,0.0,88.87236713935235,10.879999999999999,0
0,0.0,0.0,88.8728874095641,10.879999999999999,0
0,0.0,0.0,88.87283840906895,10.879999999999999,0
0,0.0,0.0,88.87131671978578,10.879999999999999,0
0,0.0,0.0,88.8713854301857,10.879999999999999,0
0,0.0,0.0,88.86937766927718,10.879999999999999,0
0,0.0,0.0,88.8694300216518,10.879999999999999,0
0,0.0,0.0,88.86959331727036,10.879999999999999,0
0,0.0,0.0,88.86865792846095,10.879999999999999,0
0,0.0,0.0,88.8682530093587,10.879999999999999,0
0,0.0,0.0,88.86793215857462,10.879999999999999,0
0,0.0,0.0,88.86554777137243,10.879999999999999,0
0,0.0,0.0,88.86641306706858,10.879999999999999,0
0,0.0,0.0,88.86775931435463,10.879999999999999,0
0,0.0,0.0,88.86604472565953,10.879999999999999,0
0,0.0,0.0,88.8685798322902,10.879999999999999,0
0,0.0,0.0,88.86851065004554,10.879999999999999,0
0,0.0,0.0,88.8684303259206,10.879999999999999,0
0,0.0,0.0,88.87097507503931,10.879999999999999,0
0,0.0,0.0,88.87246072048686,10.879999999999999,0
0,0.0,0.0,88.87187806299517,10.879999999999999,0
0,0.0,0.0,88.87081155890834,10.879999999999999,0
0,0.0,0.0,88.87071962680646,10.879999999999999,0
0,0.0,0.0,88.87268697356906,10.879999999999999,0
0,0.0,0.0,88.87399770536034,10.879999999999999,0
0,0.0,0.0,88.87368734341314,10.879999999999999,0
0,0.0,0.0,88.87492276748664,10.879999999999999,0
0,0.0,0.0,88.87556768882217,10.879999999999999,0
0,0.0,0.0,88.87409473139613,10.879999999999999,0
0,0.0,0.0,88.87209811044241,10.879999999999999,0
0,0.0,0.0,88.87425493218792,10.879999999999999,0
0,0.0,0.0,88.87433496758241,10.879999999999999,0
0,0.0,0.0,88.87440425514885,10.879999999999999,0
0,0.0,0.0,88.87345496117811,10.879999999999999,0
0,0.0,0.0,88.87465639486436,10.879999999999999,0
0,0.0,0.0,88.87323253700555,10.879999999999999,0
0,0.0,0.0,88.87400738557182,10.879999999999999,0
0,0.0,0.0,88.87371497762753,10.879999999999999,0
0,0.0,0.0,88.87401226695076,10.879999999999999,0
0,0.0,0.0,88.87584008635379,10.879999999999999,0
0,0.0,0.0,88.87350944274941,10.879999999999999,0
0,0.0,0.0,88.87110664409852,10.879999999999999,0
0,0.0,0.0,88.87291429004588,10.879999999999999,0
0,0.0,0.0,88.87417603071397,10.879999999999999,0
0,0.0,0.0,88.87440972357474,10.879999999999999,0
0,0.0,0.0,88.87615267668893,10.879999999999999,0
0,0.0,0.0,88.87572907090053,10.879999999999999,0
0,0.0,0.0,88.87632622459977,10.879999999999999,0
0,0.0,0.0,88.87580830534853,10.879999999999999,0
0,0.0,0.0,88.87624422582817,10.879999999999999,0
0,0.0,0.0,88.87719944340117,10.879999999999999,0
0,0.0,0.0,88.87714758360926,10.879999999999999,0
0,0.0,0.0,88.87598331994744,10.879999999999999,0
0,0.0,0.0,88.87538075228841,10.879999999999999,0
0,0.0,0.0,88.87681034353739,10.879999999999999,0
0,0.0,0.0,88.87666298108094,10.879999999999999,0
0,0.0,0.0,88.87657568042432,10.879999999999999,0
0,0.0,0.0,88.87965879476494,10.879999999999999,0
0,0.0,0.0,88.88074800020819,10.879999999999999,0
0,0.0,0.0,88.88088194209337,10.879999999999999,0
0,0.0,0.0,88.88049411415776,10.879999999999999,0
0,0.0,0.0,88.88117648042089,10.879999999999999,0
0,0.0,0.0,88.88091651652671,10.879999999999999,0
0,0.0,0.0,88.88004241872991,10.879999999999999,0
0,0.0,0.0,88.88023844201744,10.879999999999999,0
0,0.0,0.0,88.88045063115258,10.879999999999999,0
0,0.0,0.0,88.8784363936156,10.879999999999999,0
0,0.0,0.0,88.87749601243566,10.879999999999999,0
0,0.0,0.0,88.87803224544692,10.879999999999999,0
0,0.0,0.0,88.87748871595046,10.879999999999999,0
0,0.0,0.0,88.87592335753837,10.879999999999999,0
0,0.0,0.0,88.87648094753634,10.879999999999999,0
0,0.0,0.0,88.87490549925438,10.879999999999999,0
0,0.0,0.0,88.87444200097549,10.879999999999999,0
0,0.0,0.0,88.82661687867984,10.879999999999999,0
0,0.0,0.0,88.62628843948494,10.879999999999999,0
0,0.0,0.0,88.59042137607459,10.879999999999999,0
0,0.0,0.0,88.54048239376587,10.879999999999999,0
0,0.0,0.0,88.53417071110817,10.879999999999999,0
0,0.0,0.0,88.53265087961951,10.879999999999999,0
0,0.0,0.0,88.44279611355452,10.879999999999999,0
0,0.0,0.0,88.32928246531498,10.879999999999999,0
0,0.0,0.0,88.10262385806723,10.879999999999999,0
0,0.0,0.0,87.73330523244469,10.879999999999999,0
0,0.0,0.0,87.2342995875148,10.879999999999999,0
0,0.0,0.0,86.52245339159198,10.879999999999999,0
0,0.0,0.0,85.59825182514022,10.879999999999999,0
0,0.0,0.0,84.5180324930843,10.879999999999999,0
0,0.0,0.0,83.24165122235415,10.879999999999999,0
0,0.0,0.0,81.7386541943515,10.879999999999999,0
0,0.0,0.0,80.09721111454056,10.879999999999999,0
0,0.0,0.0,78.38557265784358,10.879999999999999,0
0,0.0,0.0,76.62979912612236,10.879999999999999,0
0,0.0,0.0,74.82387266724804,10.879999999999999,0
0,0.0,0.0,72.94696761351032,10.879999999999999,0
0,0.0,0.0,70.9819552889475,10.879999999999999,0
0,0.0,0.0,68.94120668181633,10.879999999999999,0
0,0.0,0.0,66.80197565130672,10.879999999999999,0
0,0.0,0.0,64.56331483210086,10.879999999999999,0
0,0.0,0.0,62.25380112176934,10.879999999999999,0
0,0.0,0.0,59.85752873781505,10.879999999999999,0
0,0.0,0.0,57.38280335576032,10.879999999999999,0
0,0.0,0.0,54.85433050273824,10.879999999999999,0
0,0.0,0.0,52.28295829001822,10.879999999999999,0
0,0.0,0.0,49.69421582203297,10.879999999999999,0
0,0.0,0.0,47.12500793698446,10.879999999999999,0
0,0.0,0.0,44.66841888372947,10.879999999999999,0
0,0.0,0.0,42.38992330183357,10.879999999999999,0
0,0.0,0.0,40.19316977966674,10.879999999999999,0
0,0.0,0.0,37.92028425000672,10.879999999999999,0
0,0.0,0.0,35.778143031359974,10.879999999999999,0
0,0.0,0.0,33.684422364331716,10.879999999999999,0
0,0.0,0.0,31.671973505037986,10.879999999999999,0
1,0.0,0.0,29.703463502407875,10.879999999999999,0
2,0.0,0.0,27.754701057470253,10.879999999999999,0
3,0.0,0.0,25.836786722900154,10.879999999999999,0.0
3,0.0,0.0,23.982347264914175,10.879999999999999,0.0
3,0.0,0.0,22.23711427151514,10.879999999999999,0.0
3,-0.12417350465849462,-0.00014826039653970113,20.580239825170448,10.879999999999999,-0.001773907209407066
3,-0.5277377783409779,-0.00014826039653970113,19.169156370387096,10.879999999999999,-0.009313018328563892
3,-1.6452780780173688,-0.006819927515310464,18.048703423905316,10.879999999999999,-0.03281699087166916
3,-3.13525392351691,-0.024610743934688536,17.335720590516914,10.879999999999999,-0.07760633263619644
3,-5.153075291929327,-0.024610743934688536,17.20267588903696,10.879999999999999,-0.15122169394947255
3,-7.6361984350749434,-0.06612170205308436,17.74080608929184,10.879999999999999,-0.26031024302197175
3,-9.62251569288224,-0.10881738901601729,18.68424438360988,10.879999999999999,-0.39777475292028946
3,-13.718956252041142,-0.211551102978929,19.926172675942155,10.879999999999999,-0.5937598422351629
3,-16.822125612924765,-0.29679013671413645,21.414126701276405,10.879999999999999,-0.8340759224198023
3,-20.54553591970113,-0.4124146178909668,22.302662074620283,10.879999999999999,-1.1275835784155328
3,-22.77958210376695,-0.48178930659706476,23.0696408280344,10.879999999999999,-1.4530061798979177
3,-24.765672798439745,-0.533970940171219,23.258217400962206,10.879999999999999,-1.806801505589914
3,-25.883002807115528,-0.556653185552117,23.19401359251406,10.879999999999999,-2.1765586885487074
3,-26.752141340545293,-0.5680688888996579,22.784054059900757,10.879999999999999,-2.558732136270783
3,-26.752141340545293,-0.5680688888996579,22.23893184878864,10.879999999999999,-2.940905583992859
3,-26.876310596759428,-0.5691066998394827,21.6345331253978,10.879999999999999,-3.3248528782322793
3,-26.876310596759428,-0.5691066998394827,21.218333084352597,10.879999999999999,-3.7088001724716997
3,-26.876310596759428,-0.5691066998394827,20.81220154739765,10.879999999999999,-4.09274746671112
3,-26.876310596759428,-0.5691066998394827,20.566857401566846,10.879999999999999,-4.47669476095054
3,-26.876310596759428,-0.5691066998394827,20.326967603668603,10.879999999999999,-4.8606420551899605
3,-26.876310596759428,-0.5691066998394827,20.205471197247117,10.879999999999999,-5.244589349429381
3,-26.876310596759428,-0.5691066998394827,20.134189389883705,10.879999999999999,-5.628536643668801
3,-26.876310596759428,-0.5691066998394827,20.13795762120454,10.879999999999999,-6.012483937908222
3,-26.876310596759428,-0.5691066998394827,20.208466810944298,10.879999999999999,-6.396431232147642
3,-26.876310596759428,-0.5691066998394827,20.357557926851253,10.879999999999999,-6.780378526387063
3,-26.876310596759428,-0.5691066998394827,20.504040179237727,10.879999999999999,-7.164325820626483
3,-26.6279664197481,-0.5679206217397172,20.64448409409804,10.879999999999999,-7.544725340908599
3,-25.88292539179713,-0.5679206217397172,20.585798931595644,10.879999999999999,-7.914481417934272
3,-25.013745554664922,-0.5751852568929985,20.432505168763313,10.879999999999999,-8.27182064014377
3,-23.896364567563904,-0.595199307160122,20.101216288134815,10.879999999999999,-8.613197276823255
3,-23.39981215775279,-0.607059006041174,19.539820946123243,10.879999999999999,-8.947480307648295
3,-19.677049596503487,-0.7404628663341006,18.76162980487008,10.879999999999999,-9.228581016169773
3,-17.32058215490405,-0.8559114000669976,17.82663975569427,10.879999999999999,-9.476017904096974
3,-14.46909066865949,-1.0160965178647638,16.53550680686201,10.879999999999999,-9.682719199363538
3,-11.494668638763425,-1.2010065537003227,15.155303946205665,10.879999999999999,-9.846928751345873
3,-7.28290083154592,-1.4931414560398837,13.556181396068231,10.879999999999999,-9.950970191796529
3,-7.28290083154592,-1.4931414560398837,11.97157566283114,10.879999999999999,-10.055011632247185
3,-7.28290083154592,-1.4931414560398837,10.370476894844685,10.879999999999999,-10.15905307269784
3,-3.4437246229481886,-1.773254132088605,8.915599509746544,10.879999999999999,-10.208249138739959
3,-1.2139588381754516,-1.9279142272293182,7.571854296144415,10.879999999999999,-10.22559140785675
3,0.7686891571887742,-2.0559224176959736,6.793837628459554,10.879999999999999,-10.214610134182625
3,2.0082121178682795,-2.1300085558436335,6.470750400755233,10.879999999999999,-10.18592138964165
3,2.752310897747993,-2.1673542170127678,6.843561967546831,10.879999999999999,-10.146602662530963
3,3.0004533006931355,-2.1774331503543114,7.348064546348539,10.879999999999999,-10.103739043949632
3,3.124541845669939,-2.182028174386696,8.039131960937807,10.879999999999999,-10.059102731868633
3,3.2486410095471507,-2.186326867827194,8.768647687567134,10.879999999999999,-10.012693574589388
3,3.2486410095471507,-2.186326867827194,9.495345265945561,10.879999999999999,-9.966284417310144
3,3.37275008467126,-2.1903292061632804,10.046233790113508,10.879999999999999,-9.918102273243411
3,3.7451297001663413,-2.200557870769085,10.586294624263271,10.879999999999999,-9.864600420383892
3,4.1175546276867445,-2.20900799054858,10.76205526505602,10.879999999999999,-9.80577821141694
3,4.614158015123664,-2.218496074282849,10.97818294845294,10.879999999999999,-9.739861668343744
3,5.359122571984634,-2.2291704525398304,10.721540552441128,10.879999999999999,-9.66330277445825
3,6.600800972779377,-2.241031098269668,10.408987754267933,10.879999999999999,-9.56900561770426
3,7.3458335038133615,-2.2445893325689643,9.823938811745442,10.879999999999999,-9.464065139078354
3,9.70513009232476,-2.2474062801032186,9.222300607579749,10.879999999999999,-9.325420423473714
3,11.319373379560659,-2.2416241466192295,8.600130923893987,10.879999999999999,-9.163715089479991
3,13.05775948821156,-2.2291703739155757,7.852925567880592,10.879999999999999,-8.977175668219827
3,14.299463851533632,-2.220274821984394,7.159950423801167,10.879999999999999,-8.772897613197918
3,15.541168214855704,-2.2113792700532127,6.476922694015477,10.879999999999999,-8.550880924414265
3,16.534531705513363,-2.2042628285082677,6.01596320870723,10.879999999999999,-8.314673328621218
3,17.15537798658404,-2.1990737738091437,5.929391472759037,10.879999999999999,-8.069596500241445
3,17.403713902758298,-2.196701642408733,5.970921771774701,10.879999999999999,-7.820972015916327
3,17.527880326703112,-2.19536732420259,6.2050363612438515,10.879999999999999,-7.570573725534854
3,17.527880326703112,-2.19536732420259,6.2639035600578925,10.879999999999999,-7.320175435153381
3,17.527880326703112,-2.19536732420259,6.305025506500619,10.879999999999999,-7.0697771447719076
3,17.527880326703112,-2.19536732420259,6.272412674656809,10.879999999999999,-6.819378854390434
3,17.527880326703112,-2.19536732420259,6.1820311462542,10.879999999999999,-6.568980564008961
3,17.527880326703112,-2.19536732420259,6.069460271097248,10.879999999999999,-6.318582273627488
3,17.527880326703112,-2.19536732420259,5.863668098297061,10.879999999999999,-6.068183983246015
3,17.527880326703112,-2.19536732420259,5.642379422622844,10.879999999999999,-5.8177856928645415
3,17.527880326703112,-2.19536732420259,5.353302655322518,10.879999999999999,-5.567387402483068
3,17.527880326703112,-2.19536732420259,5.012330714386133,10.879999999999999,-5.316989112101595
3,17.403717443064668,-2.196998142066344,4.627773603699477,10.879999999999999,-5.068364577200671
3,17.15539568810916,-2.2005562715336056,4.226476591489727,10.879999999999999,-4.823287495941969
3,16.782919782163518,-2.2063381961993263,3.811268744972134,10.879999999999999,-4.583531499053919
3,15.78971300728968,-2.2253143636678634,3.6473246733951217,10.879999999999999,-4.357964170378352
3,14.920721509742073,-2.2450313098200185,3.664994857338973,10.879999999999999,-4.144811005953466
3,14.424168628013389,-2.256891019972389,4.014222847785832,10.879999999999999,-3.938751454124703
3,10.948747793679056,-2.356508040565628,4.522269775360292,10.879999999999999,-3.7823407713578594
3,8.839062007766458,-2.4295858290540906,5.387906552464493,10.879999999999999,-3.656068456961196
3,6.1092386097037945,-2.5339357060518237,6.363902831481647,10.879999999999999,-3.568793619679713
3,3.0079334300906937,-2.6710317413583478,7.676634078152186,10.879999999999999,-3.525823142106989
3,-1.332935897552773,-2.8837004972069917,9.076423107273406,10.879999999999999,-3.5448650835006004
3,-4.805426572157536,-3.05798174003841,10.61685215249587,10.879999999999999,-3.6135140345314225
3,-7.161616088113828,-3.179057305916094,12.22843519293359,10.879999999999999,-3.7158228357901915
3,-11.749985145502386,-3.4148360394673745,13.883819179344789,10.879999999999999,-3.8836797664402254
3,-16.090854473145853,-3.6275047953160184,15.411520083251853,10.879999999999999,-4.1135491160565945
3,-18.695376069731935,-3.755106048825205,16.672084624922977,10.879999999999999,-4.380625917052765
3,-21.052112478220682,-3.8649271222257595,17.448269121500047,10.879999999999999,-4.681370381027346
3,-22.913267217830413,-3.938296909095401,17.67314851517908,10.879999999999999,-5.008702769853494
3,-24.650853740172177,-3.992254846467999,17.55300208868329,10.879999999999999,-5.360857823284525
3,-25.395720588108198,-4.00826568342949,17.12247291481662,10.879999999999999,-5.723653831686071
3,-25.644042107061853,-4.01182380951515,16.53010771319998,10.879999999999999,-6.089997290358383
3,-26.14072196423213,-4.015382016760883,15.920326432865732,10.879999999999999,-6.463436175561699
3,-26.51324177013019,-4.014937236416685,15.432629963178382,10.879999999999999,-6.842196772277845
3,-26.885755911420965,-4.012713343149982,14.960729289668889,10.879999999999999,-7.226278999583858
3,-27.630778529414208,-4.007376011991273,14.621858871446385,10.879999999999999,-7.621004407146918
3,-28.748320953286534,-4.0007043321911615,14.430373247596899,10.879999999999999,-8.031694706479582
3,-29.617530529354024,-3.9975908697817784,14.530272443758033,10.879999999999999,-8.454802285470354
3,-30.735092071280476,-3.996256526212921,14.802472842478787,10.879999999999999,-8.89387502934579
3,-31.23178656196661,-3.996256526212921,15.220332563824755,10.879999999999999,-9.340043408802455
3,-33.83941033365537,-4.005596895687057,15.806345202406474,10.879999999999999,-9.823463556426102
3,-34.95693363958259,-4.01493719414548,16.402138189382658,10.879999999999999,-10.322848322705854
3,-36.19861322045388,-4.026797851147534,16.8871623645997,10.879999999999999,-10.839971368712337
3,-37.191930450786906,-4.038658395427119,17.12249183727421,10.879999999999999,-11.371284660866436
3,-38.309358168623824,-4.056004169424281,17.241200329759117,10.879999999999999,-11.918561206132491
3,-38.681834074569466,-4.061786094090002,17.16263710082544,10.879999999999999,-12.471158835769197
3,-38.93015582952498,-4.065344223557264,17.009120123567,10.879999999999999,-13.027303919048125
3,-39.054318713163426,-4.066975041421017,16.900401276074216,10.879999999999999,-13.585222757807601
3,-39.17848513710824,-4.068309359627159,16.646748561242166,10.879999999999999,-14.144915402623434
3,-39.17848513710824,-4.068309359627159,16.49366567329333,10.879999999999999,-14.704608047439267
3,-39.17848513710824,-4.068309359627159,16.42044820718933,10.879999999999999,-15.2643006922551
3,-39.17848513710824,-4.068309359627159,16.307033681735323,10.879999999999999,-15.823993337070933
3,-39.17848513710824,-4.068309359627159,16.286264438909956,10.879999999999999,-16.383685981886764
3,-39.17848513710824,-4.068309359627159,16.284696341632614,10.879999999999999,-16.943378626702597
3,-39.17848513710824,-4.068309359627159,16.32575483349341,10.879999999999999,-17.50307127151843
3,-39.17848513710824,-4.068309359627159,16.405888400309745,10.879999999999999,-18.062763916334262
3,-39.17848513710824,-4.068309359627159,16.529446399517077,10.879999999999999,-18.622456561150095
3,-39.17848513710824,-4.068309359627159,16.677094260226596,10.879999999999999,-19.182149205965928
3,-39.17848513710824,-4.068309359627159,16.88750645453296,10.879999999999999,-19.74184185078176
3,-39.17848513710824,-4.068309359627159,17.120490052062756,10.879999999999999,-20.301534495597593
3,-39.17848513710824,-4.068309359627159,17.413543161531454,10.879999999999999,-20.861227140413426
3,-39.17848513710824,-4.068309359627159,17.750097155259958,10.879999999999999,-21.42091978522926
3,-39.17848513710824,-4.068309359627159,18.127262612878738,10.879999999999999,-21.980612430045092
3,-39.054318713163426,-4.066975041421017,18.453885272020315,10.879999999999999,-22.53853126880457
3,-38.80598303300448,-4.064602912275049,18.829478684410766,10.879999999999999,-23.092902454990348
3,-38.18512613085319,-4.06089642349721,18.950948818299754,10.879999999999999,-23.63840425685968
3,-37.19174092589493,-4.06089642349721,18.796313109647578,10.879999999999999,-24.169714841515322
3,-35.20506114898433,-4.079873402558366,18.38229735472796,10.879999999999999,-24.672644286500812
3,-33.34275950381596,-4.113230153003572,17.791417229373398,10.879999999999999,-25.148969422269612
3,-31.108413842807494,-4.171934323398936,16.89307691273391,10.879999999999999,-25.59337533430972
3,-29.24692992291687,-4.236414602443782,15.76318422669339,10.879999999999999,-26.011188618922816
3,-24.408912234753352,-4.450283604485348,14.402785819704773,10.879999999999999,-26.359887365133577
3,-21.432859692819935,-4.60677450177781,13.004790016137573,10.879999999999999,-26.666071075031006
3,-18.209649206890486,-4.791702116253093,11.583584279770381,10.879999999999999,-26.926208920843727
3,-14.987358674503078,-4.992021321741616,10.164498912027556,10.879999999999999,-27.1403140447652
3,-11.146274308903852,-5.2446237134466145,8.8558746533645,10.879999999999999,-27.2995465348924
3,-8.79206131063336,-5.3994445341690325,7.610820400380206,10.879999999999999,-27.42514741075859
3,-6.56124478821131,-5.538127061045701,6.576001027556635,10.879999999999999,-27.51887947916161
3,-4.543423419798893,-5.538127061045701,5.96274719731833,10.879999999999999,-27.583785528015877
3,-2.3116770099059747,-5.660824552541049,5.734029302397739,10.879999999999999,-27.616809485300248
3,-1.31931409093349,-5.705880101348823,5.790088589273583,10.879999999999999,-27.63565682945644
3,-0.9470491635960362,-5.71966514724366,6.080796188933548,10.879999999999999,-27.6491861032221
3,-0.5746950353756004,-5.73078300733819,6.517038937338077,10.879999999999999,-27.657396032298895
3,-0.45056047297684587,-5.733896150185551,6.904621992354976,10.879999999999999,-27.663832610484278
3,-0.32641883047004494,-5.736712856778716,7.375107813522547,10.879999999999999,-27.66849573663385
3,-0.20227081575093375,-5.739233111055918,7.759016939614995,10.879999999999999,-27.671385319716006
3,-0.20227081575093375,-5.739233111055918,8.074589481268328,10.879999999999999,-27.67427490279816
3,0.04604149856362777,-5.743384206867757,8.343301954634056,10.879999999999999,-27.673617167104393
3,0.17020438220207115,-5.7450150247315115,8.558477049607147,10.879999999999999,-27.671185675930076
3,0.17020438220207115,-5.7450150247315115,8.589803536334308,10.879999999999999,-27.66875418475576
3,0.4185400623610197,-5.7473871538774794,8.624487839001429,10.879999999999999,-27.662775041007745
3,0.4185400623610197,-5.7473871538774794,8.598920345575024,10.879999999999999,-27.65679589725973
3,0.4185400623610197,-5.7473871538774794,8.578499488821208,10.879999999999999,-27.650816753511716
3,0.4185400623610197,-5.7473871538774794,8.551593747220963,10.879999999999999,-27.6448376097637
3,0.4185400623610197,-5.7473871538774794,8.51231048402914,10.879999999999999,-27.638858466015687
3,0.4185400623610197,-5.7473871538774794,8.464752669063879,10.879999999999999,-27.632879322267673
3,0.4185400623610197,-5.7473871538774794,8.40529001544347,10.879999999999999,-27.62690017851966
3,0.4185400623610197,-5.7473871538774794,8.325103826653814,10.879999999999999,-27.620921034771644
3,0.4185400623610197,-5.7473871538774794,8.213159997887201,10.879999999999999,-27.61494189102363
3,0.4185400623610197,-5.7473871538774794,8.06505287619116,10.879999999999999,-27.608962747275616
3,0.4185400623610197,-5.7473871538774794,7.877843844935665,10.879999999999999,-27.6029836035276
3,0.4185400623610197,-5.7473871538774794,7.643275698181899,10.879999999999999,-27.597004459779587
3,0.4185400623610197,-5.7473871538774794,7.3477440211023435,10.879999999999999,-27.591025316031573
3,0.4185400623610197,-5.7473871538774794,6.983780418736462,10.879999999999999,-27.58504617228356
3,0.4185400623610197,-5.7473871538774794,6.5361620680758055,10.879999999999999,-27.579067028535544
3,0.2943686819307613,-5.746645856121912,5.98979927726322,10.879999999999999,-27.57486176165082
3,0.17019588534969138,-5.746201075777715,5.328146271701255,10.879999999999999,-27.57243039186011
3,-0.07815112396729781,-5.746201075777715,4.931634241711543,10.879999999999999,-27.573546836488212
3,-1.0715108383078518,-5.753317490269181,4.591542914881885,10.879999999999999,-27.588854134178323
3,-1.6923028348961933,-5.762954013061836,4.571255493768548,10.879999999999999,-27.613029888962554
3,-3.5544239330195264,-5.805204531650474,4.966568222693444,10.879999999999999,-27.663807373719976
3,-5.540237101410115,-5.866870745790586,5.531941447857355,10.879999999999999,-27.742953618025833
3,-8.890315632707628,-5.99893636215594,6.466606155373048,10.879999999999999,-27.869958127064514
3,-11.86707312999895,-6.141211768286261,7.798454308503897,10.879999999999999,-28.039487743207356
3,-15.214922037200726,-6.321261535683909,9.292211776544049,10.879999999999999,-28.256843772310223
3,-18.934011059427014,-6.5346395523861585,10.93250321349668,10.879999999999999,-28.527329644587752
3,-23.64420278651571,-6.816167144907526,12.585339520224226,10.879999999999999,-28.865103970109406
3,-24.88372692522326,-6.890253353465781,14.282543865085152,10.879999999999999,-29.220585783326882
3,-30.33839082448849,-7.2032077779624135,15.960363718170468,10.879999999999999,-29.653991366533862
3,-34.05798231450854,-7.40770437452457,17.052046756462875,10.879999999999999,-30.14053397102684
3,-36.290289261933005,-7.519741890427377,17.793576458587726,10.879999999999999,-30.65896667476874
3,-38.2752302814684,-7.60511354447068,18.052092134221102,10.879999999999999,-31.205755678789718
3,-39.640313299938,-7.65239890267859,18.17037719544174,10.879999999999999,-31.772045868788833
3,-41.005863580668596,-7.683382498524141,17.846300048642068,10.879999999999999,-32.35784391994124
3,-41.50250661857591,-7.690498750695462,17.542412529589026,10.879999999999999,-32.95073687163518
3,-41.87500589041035,-7.694501705313891,17.058461148166014,10.879999999999999,-33.54895124149819
3,-42.4958663329528,-7.696725594353481,16.49292599529353,10.879999999999999,-34.15603504625466
3,-42.868379766178265,-7.694501705313891,16.001166600308856,10.879999999999999,-34.768440471485775
3,-43.11670907376152,-7.691536569243994,15.672784015799177,10.879999999999999,-35.3843934582538
3,-43.36502138807608,-7.687385473432155,15.294304630040392,10.879999999999999,-36.00389376379774
3,-44.48240449907021,-7.6673713851227605,15.046198537045687,10.879999999999999,-36.63935668521303
3,-45.35151494627671,-7.653880227569412,15.133725367009246,10.879999999999999,-37.28723547015984
3,-46.46894266411363,-7.63653445357225,15.457859428076848,10.879999999999999,-37.95107750821861
3,-46.84141857005927,-7.630752528906529,15.917798720642303,10.879999999999999,-38.62024063064803
3,-49.69724089250594,-7.600063268498667,16.546190479189608,10.879999999999999,-39.33020121482669
3,-51.06312607723878,-7.591908993187421,17.096231964944625,10.879999999999999,-40.059674444501525
3,-52.30484814241235,-7.5859785970524225,17.7485206172277,10.879999999999999,-40.8068865608217
3,-53.298233347370605,-7.583606434089473,18.316125501203484,10.879999999999999,-41.568289894355566
3,-54.29161855232886,-7.5859785970524225,18.499089687530166,10.879999999999999,-42.34388444510312
3,-54.78830737839829,-7.588350755506422,18.42529733701418,10.879999999999999,-43.12657455050881
3,-54.78830737839829,-7.588350755506422,18.196178047756163,10.879999999999999,-43.909264655914505
3,-54.78830737839829,-7.588350755506422,18.057799843109695,10.879999999999999,-44.6919547613202
3,-54.78830737839829,-7.588350755506422,17.953580898831174,10.879999999999999,-45.47464486672589
3,-54.78830737839829,-7.588350755506422,17.91056382150103,10.879999999999999,-46.25733497213158
3,-54.78830737839829,-7.588350755506422,17.926454706894862,10.879999999999999,-47.04002507753727
3,-54.78830737839829,-7.588350755506422,17.951818236108608,10.879999999999999,-47.822715182942964
3,-54.78830737839829,-7.588350755506422,18.107059519576964,10.879999999999999,-48.605405288348656
3,-54.78830737839829,-7.588350755506422,18.220477023415704,10.879999999999999,-49.38809539375435
3,-54.78830737839829,-7.588350755506422,18.45601042225964,10.879999999999999,-50.17078549916004
3,-54.78830737839829,-7.588350755506422,18.69583148870639,10.879999999999999,-50.95347560456573
3,-54.78830737839829,-7.588350755506422,19.016572050783168,10.879999999999999,-51.736165709971424
3,-54.78830737839829,-7.588350755506422,19.329693305886362,10.879999999999999,-52.518855815377115
3,-54.664134581817216,-7.587905975162224,19.68897988881733,10.879999999999999,-53.29977202368879
3,-54.29161406784173,-7.587461193972604,20.044523096585216,10.879999999999999,-54.07536651037224
3,-53.7949214653626,-7.588647275454079,20.212200899312506,10.879999999999999,-54.84386538844885
3,-52.429062243202175,-7.600063174093042,20.090985358096745,10.879999999999999,-55.59285199192316
3,-51.684097686341204,-7.610737552350023,19.78140556661374,10.879999999999999,-56.33119624458518
3,-49.077138059491894,-7.669888053509711,19.137217725894185,10.879999999999999,-57.03229821686364
3,-46.71907011429731,-7.745932337351969,18.37880075931776,10.879999999999999,-57.69971350421074
3,-44.23765315978647,-7.84672138340073,17.288342588273018,10.879999999999999,-58.33167997792198
3,-41.26088717525466,-7.98899719518242,16.00121570665339,10.879999999999999,-58.92112122328276
3,-37.29281711934343,-8.1976517249057,14.698521113056875,10.879999999999999,-59.453875753559096
3,-33.945407707603906,-8.385695481488236,13.239050962266772,10.879999999999999,-59.93881014938201
3,-30.722194158373114,-8.57062327171656,11.815155795735114,10.879999999999999,-60.37769863735877
3,-28.49073862429026,-8.698650203413091,10.383799571498896,10.879999999999999,-60.78470918913435
3,-23.531288017667066,-8.971312073028043,9.032758934141345,10.879999999999999,-61.120870446529594
3,-21.05093989310021,-9.095798556739972,7.759449067865074,10.879999999999999,-61.421598159288166
3,-18.69419900497892,-9.205619838886001,7.004447588683321,10.879999999999999,-61.68865814507358
3,-16.8332247753521,-9.28343376477284,6.619351448391251,10.879999999999999,-61.92913278472147
3,-15.09577205611523,-9.341540821535855,6.553979084720076,10.879999999999999,-62.1447866712374
3,-14.226831770986461,-9.3633327800457,6.783819774244347,10.879999999999999,-62.348027125108636
3,-13.730208558314345,-9.371634947998496,7.161958558502259,10.879999999999999,-62.54417296165598
3,-13.481872878155396,-9.374007077144464,7.573011808431131,10.879999999999999,-62.73677114562963
3,-12.985181691827078,-9.37519315524423,8.080618638042036,10.879999999999999,-62.92227374122716
3,-12.73683751481575,-9.374007077144464,8.584518062597013,10.879999999999999,-63.104228562867384
3,-12.36433895101836,-9.370004130134742,9.11100610233228,10.879999999999999,-63.28086197645336
3,-11.991878621984686,-9.3633327800457,9.67999385169261,10.879999999999999,-63.452174528196
3,-11.74360241707913,-9.357402930605176,10.082356274821688,10.879999999999999,-63.619940277011416
3,-11.24707927152162,-9.344357509813436,10.455944395476614,10.879999999999999,-63.78061283803315
3,-10.378191850474206,-9.32049058036758,10.337218199557617,10.879999999999999,-63.928872721611356
3,-10.1299465614487,-9.313375051846625,10.055699271666544,10.879999999999999,-64.07358624391776
3,-8.019663011850263,-9.260451724036997,9.5129840394319,10.879999999999999,-64.18815285837276
3,-6.654034849940039,-9.23272892698778,8.94578817995065,10.879999999999999,-64.2832104990862
3,-4.791658860175013,-9.203819358609815,8.24115594259249,10.879999999999999,-64.35166276851727
3,-3.4258281967820654,-9.189141858342245,7.572908317719095,10.879999999999999,-64.40060317132844
3,-2.308287897105675,-9.182470191223475,6.844576021243983,10.879999999999999,-64.43357871271567
3,-1.314899859837718,-9.182470191223475,6.100738132164674,10.879999999999999,-64.45236299642764
3,-0.5698602480428108,-9.184249315136544,5.665824719176808,10.879999999999999,-64.46050385711396
3,-0.32151371077784174,-9.1848423564409,5.596219345016034,10.879999999999999,-64.46509691012507
3,-0.32151371077784174,-9.1848423564409,5.7946010519378275,10.879999999999999,-64.46968996313618
3,-0.32151371077784174,-9.1848423564409,5.908743389178379,10.879999999999999,-64.47428301614728
3,-0.32151371077784174,-9.1848423564409,5.957457424965824,10.879999999999999,-64.47887606915839
3,-0.32151371077784174,-9.1848423564409,5.875968635093728,10.879999999999999,-64.4834691221695
3,-0.32151371077784174,-9.1848423564409,5.712493797445676,10.879999999999999,-64.4880621751806
3,-0.32151371077784174,-9.1848423564409,5.46258011904872,10.879999999999999,-64.49265522819171
3,-0.4456872154363363,-9.18469409604436,5.13714470876945,10.879999999999999,-64.49902218841223
3,-0.5698607200948309,-9.1848423564409,4.754618636928064,10.879999999999999,-64.50716305584216
3,-0.942379109838041,-9.186176697473492,4.6286936938245224,10.879999999999999,-64.52062561455413
3,-1.6874010197712215,-9.19151402355967,4.54988030883766,10.879999999999999,-64.544731343408
3,-2.556565987384915,-9.200854251002669,4.648881680512923,10.879999999999999,-64.58125371465636
3,-3.798173582153199,-9.218644881430972,4.9760836026607445,10.879999999999999,-64.63551333725854
3,-5.412094705795994,-9.251408124758935,5.4015610708548945,10.879999999999999,-64.71282897591277
3,-7.894538158891946,-9.322563139468391,6.127701953943706,10.879999999999999,-64.82560809246837
3,-10.315923800986845,-9.322563139468391,7.053122256053495,10.879999999999999,-64.97297843248246
3,-13.542069527681367,-9.445885369762161,8.053775093330682,10.879999999999999,-65.1664365685922
3,-17.26383747643138,-9.605957373223804,9.356032513966662,10.879999999999999,-65.41306281825551
3,-20.24125183543139,-9.734014975993118,10.686597551706118,10.879999999999999,-65.70222355876167
3,-23.59066779589737,-9.882078975560365,12.070487631065635,10.879999999999999,-66.03923309870306
3,-26.81918198535724,-9.882078975560365,13.539644194194636,10.879999999999999,-66.42236426992245
3,-29.672675804118363,-10.001393661920185,15.090873104833506,10.879999999999999,-66.84625963855272
3,-32.278535248631236,-10.097889166600263,16.28156624239543,10.879999999999999,-67.30738157067603
3,-33.271287027546016,-10.133464070301738,16.866997734256653,10.879999999999999,-67.78268567106954
3,-36.99493451256203,-10.240196085179509,17.38124913964183,10.879999999999999,-68.31118473553471
3,-38.23644298115433,-10.26391629451518,17.22240365089244,10.879999999999999,-68.85741963526549
3,-38.981407538015304,-10.274590672772161,17.14549635255355,10.879999999999999,-69.41429688580857
3,-39.47808739518558,-10.278148880017895,16.54742529170049,10.879999999999999,-69.97826956288264
3,-39.974781413819564,-10.278148880017895,16.10744043753464,10.879999999999999,-70.54933786879435
3,-40.4714744883495,-10.276962797409182,15.669331846411696,10.879999999999999,-71.12750179005648
3,-40.96816284237216,-10.27459064120965,15.31439631839164,10.879999999999999,-71.71276125923323
3,-41.340670611014566,-10.271477208390175,15.111661585503171,10.879999999999999,-72.30334226796201
3,-42.58237379423654,-10.262581664913212,15.038502780391582,10.879999999999999,-72.91166189359396
3,-43.5757514463754,-10.257837348005213,15.114331426312566,10.879999999999999,-73.53417262854218
3,-44.69330661560503,-10.253834324907434,15.316027150430223,10.879999999999999,-74.17264843733653
3,-46.18338867150697,-10.253834324907434,15.669534083220768,10.879999999999999,-74.83241113264377
3,-47.549289433898736,-10.258726908693607,16.023769220729953,10.879999999999999,-75.51168669598518
3,-48.791011499072305,-10.264657304828605,16.502953509023317,10.879999999999999,-76.20870114597193
3,-49.90856666830194,-10.268660327926384,17.163699397405868,10.879999999999999,-76.92168066980481
3,-50.653606280096845,-10.270439451839453,17.34974208690223,10.879999999999999,-77.64530361666334
3,-51.89533896642169,-10.273404658361235,17.580425012501788,10.879999999999999,-78.38666560189793
3,-52.516206489714165,-10.274145960343933,17.60325172298686,10.879999999999999,-79.13689712317957
3,-52.764553735057234,-10.274145960343933,17.373111720188618,10.879999999999999,-79.89067646225182
3,-52.764553735057234,-10.274145960343933,17.06005345887667,10.879999999999999,-80.64445580132407
3,-52.88872723971573,-10.274294220740472,16.925901054807603,10.879999999999999,-81.40000904760572
3,-52.88872723971573,-10.274294220740472,16.90533920969748,10.879999999999999,-82.15556229388737
3,-52.88872723971573,-10.274294220740472,16.73896755955558,10.879999999999999,-82.91111554016902
3,-52.88872723971573,-10.274294220740472,16.71143763745768,10.879999999999999,-83.66666878645067
3,-52.88872723971573,-10.274294220740472,16.6503770569135,10.879999999999999,-84.42222203273232
3,-52.88872723971573,-10.274294220740472,16.646154917238043,10.879999999999999,-85.17777527901397
3,-52.88872723971573,-10.274294220740472,16.70335414693913,10.879999999999999,-85.93332852529562
3,-52.88872723971573,-10.274294220740472,16.805175433853105,10.879999999999999,-86.68888177157727
3,-52.88872723971573,-10.274294220740472,16.919670501923303,10.879999999999999,-87.44443501785892
3,-52.88872723971573,-10.274294220740472,17.091564955368135,10.879999999999999,-88.19998826414057
3,-52.88872723971573,-10.274294220740472,17.29912018613871,10.879999999999999,-88.95554151042222
3,-52.88872723971573,-10.274294220740472,17.542710575435333,10.879999999999999,-89.71109475670387
3,-52.88872723971573,-10.274294220740472,17.833027411243545,10.879999999999999,-90.46664800298552
3,-52.88872723971573,-10.274294220740472,18.166939006169613,10.879999999999999,-91.22220124926717
3,-52.88872723971573,-10.274294220740472,18.51559364846156,10.879999999999999,-91.97775449554882
3,-52.88872723971573,-10.274294220740472,18.890117329087236,10.879999999999999,-92.73330774183047
3,-52.764553735057234,-10.274145960343933,19.26398472412044,10.879999999999999,-93.48708708090273
3,-52.14368621176476,-10.274887262326631,19.44913736574651,10.879999999999999,-94.23199688392793
3,-51.398653680730774,-10.278445496625928,19.49424233676696,10.879999999999999,-94.96626336508123
3,-51.02614591208837,-10.281558929445403,19.16951755738011,10.879999999999999,-95.69520830668249
3,-48.29473122196802,-10.327220636203112,18.763558505102466,10.879999999999999,-96.38513303842488
3,-46.1845800674959,-10.385183068969338,18.027296885433756,10.879999999999999,-97.04491275367482
3,-43.82670043563444,-10.466858089092808,17.036582004175468,10.879999999999999,-97.67100847418389
3,-40.353063555375364,-10.616258057703972,15.802086858321246,10.879999999999999,-98.24748081068925
3,-37.25244260705861,-10.768164311881577,14.563659192901907,10.879999999999999,-98.77965856221866
3,-34.400213193006266,-10.914729470575617,13.15549643060279,10.879999999999999,-99.2710901792616
3,-32.168171665252196,-11.032097755090293,11.737558447751182,10.879999999999999,-99.7306354887652
3,-27.084401102464312,-11.305506661138573,10.31905134344505,10.879999999999999,-100.1175555045147
3,-24.480518619085153,-11.445545369114521,8.943885895623685,10.879999999999999,-100.46727719907305
3,-21.876309154080833,-11.579365731400383,7.640182185713348,10.879999999999999,-100.77979590127421
3,-19.892028768592397,-11.678955013018337,6.87934160528137,10.879999999999999,-101.06396774082553
3,-17.78336987678668,-11.777215973429358,6.518715616612684,10.879999999999999,-101.31801588192249
3,-16.790709653188365,-11.81516127505821,6.5339987568591305,10.879999999999999,-101.55788316268233
3,-16.294220962569174,-11.829392278000102,6.915840127197177,10.879999999999999,-101.79065774786189
3,-16.17007932006237,-11.832208984593267,7.463797599958683,10.879999999999999,-102.02165888100564
3,-15.92177762634391,-11.836953026460401,7.983956610848623,10.879999999999999,-102.24911284709626
3,-15.797618991028697,-11.838880334682308,8.590019045301183,10.879999999999999,-102.47479311839666
3,-15.425130340113366,-11.843772788273569,9.204034634316876,10.879999999999999,-102.69515212325543
3,-15.300963916168552,-11.84510710647971,9.801779603668571,10.879999999999999,-102.91373732205783
3,-14.804292083820034,-11.849851369280533,9.960195107251966,10.879999999999999,-103.12522720896955
3,-14.431784315177628,-11.852964802100008,10.049762922105575,10.879999999999999,-103.33139555632923
3,-13.675101302022972,-11.852964802100008,10.00712955357044,10.879999999999999,-103.52675414635813
3,-13.302587160732196,-11.855188695366712,9.894726842836636,10.879999999999999,-103.71679110579716
3,-12.060865095558626,-11.86111909150171,9.712088775971683,10.879999999999999,-103.88908917859085
3,-11.191665432546817,-11.866308175790685,9.366314987091465,10.879999999999999,-104.04897011334153
3,-9.949961069224745,-11.875203727721866,9.04584688370545,10.879999999999999,-104.19111241433045
3,-9.204938451231502,-11.880541058880574,8.690506209429069,10.879999999999999,-104.32261153506232
3,-8.335738788219693,-11.88573014316955,8.350475429947553,10.879999999999999,-104.44169351775118
3,-7.714881886068401,-11.889436631947389,8.041153680373842,10.879999999999999,-104.55190611612358
3,-7.218200140739572,-11.89299485271986,7.765065221488681,10.879999999999999,-104.65502326099129
3,-7.094028760309314,-11.893736150475428,7.503392632574485,10.879999999999999,-104.7563665289957
3,-6.9698573798790555,-11.894477448230996,7.351086021684802,10.879999999999999,-104.85593592013683
3,-6.9698573798790555,-11.894477448230996,7.452007135588306,10.879999999999999,-104.95550531127796
3,-6.9698573798790555,-11.894477448230996,7.509618952034227,10.879999999999999,-105.05507470241909
3,-6.9698573798790555,-11.894477448230996,7.4967328433023654,10.879999999999999,-105.15464409356022
3,-6.9698573798790555,-11.894477448230996,7.399814590012932,10.879999999999999,-105.25421348470135
3,-6.9698573798790555,-11.894477448230996,7.212906859256306,10.879999999999999,-105.35378287584248
3,-6.9698573798790555,-11.894477448230996,6.931413355479856,10.879999999999999,-105.45335226698361
3,-6.9698573798790555,-11.894477448230996,6.565211712159996,10.879999999999999,-105.55292165812475
3,-6.9698573798790555,-11.894477448230996,6.1229364623111895,10.879999999999999,-105.65249104926588
3,-7.094028760309314,-11.893736150475428,5.589385557033708,10.879999999999999,-105.75383431727029
3,-7.466547150052524,-11.892401809442836,5.082019573750207,10.879999999999999,-105.86049927655675
3,-7.714894159369512,-11.892401809442836,5.015478341755663,10.879999999999999,-105.97071205026204
3,-9.08077674786288,-11.900556069254666,4.950994386149094,10.879999999999999,-106.10043743237436
3,-10.446565871823935,-11.918495031657944,5.3025896240673,10.879999999999999,-106.24967408768613
3,-12.308782552950237,-11.95629877395944,5.908238710688445,10.879999999999999,-106.42551383844257
3,-12.914128963473964,-11.95629877395944,6.767942394337543,10.879999999999999,-106.61000139506362
3,-18.002543011505736,-12.12039277428885,7.872176002375972,10.879999999999999,-106.86718058094228
3,-20.855743776749787,-12.246521126770853,9.100149285278944,10.879999999999999,-107.16511977775299
3,-24.080196338686697,-12.408353555596358,10.544299080995494,10.879999999999999,-107.50912258259137
3,-27.428045245888473,-12.588403322994003,12.010174942921395,10.879999999999999,-107.90095180038978
3,-31.6435822679112,-12.820166132431114,13.516134771607664,10.879999999999999,-108.35300297564565
3,-34.670314320529826,-12.820166132431114,15.100694985078329,10.879999999999999,-108.84829318022464
3,-37.69704637314845,-12.820166132431114,16.43733242136778,10.879999999999999,-109.38682241412677
3,-40.67309891508187,-12.976657029723576,17.450270936670385,10.879999999999999,-109.96786668434223
3,-42.78175780688759,-13.074917990134598,18.086204657968754,10.879999999999999,-110.57903465301204
3,-44.27061222455844,-13.13539159018386,18.395881065804435,10.879999999999999,-111.21147197050574
3,-45.38758753129245,-13.171412429805203,18.24966089315592,10.879999999999999,-111.85986607809564
3,-46.25657737708334,-13.1911293384799,17.990713857811958,10.879999999999999,-112.52067432633969
3,-46.62905257503635,-13.196911252155493,17.430048542242943,10.879999999999999,-113.18680364884021
3,-46.75321899898116,-13.198245570361635,17.012363963311568,10.879999999999999,-113.85470677739708
3,-46.8773882551953,-13.19928338130146,16.322291847392986,10.879999999999999,-114.52438375247131
3,-47.00155963562556,-13.200024679057027,15.778298772916859,10.879999999999999,-115.19583460440882
3,-47.12573243220663,-13.200469459401225,15.26965044526787,10.879999999999999,-115.86905935344033
3,-47.37407944152362,-13.200469459401225,14.867387589651829,10.879999999999999,-116.54583191689068
3,-47.87076779554628,-13.198097303201694,14.60627371148936,10.879999999999999,-117.22970002825562
3,-48.86413128620394,-13.19098086165675,14.480099456053953,10.879999999999999,-117.92775904662996
3,-49.85749477686161,-13.183864420111805,14.495275272954734,10.879999999999999,-118.64000897201369
3,-51.09919914018368,-13.174968868180624,14.86951028820378,10.879999999999999,-119.36999753115917
3,-51.96839880319549,-13.169779783891649,15.50670195610453,10.879999999999999,-120.11240322834767
3,-54.32768193823582,-13.161328957351895,16.292312684998166,10.879999999999999,-120.88851297032247
3,-55.817761161825636,-13.157770709525757,17.406649491681357,10.879999999999999,-121.68590955834854
3,-57.43201672238607,-13.15584332437074,18.488678242096178,10.879999999999999,-122.50636694009691
3,-58.54957826431252,-13.157177667939598,18.844836031284714,10.879999999999999,-123.34278948672994
3,-59.17044224721787,-13.159401569660586,18.996472912744903,10.879999999999999,-124.18808151883306
3,-59.17044224721787,-13.159401569660586,18.695846149011835,10.879999999999999,-125.03337355093618
3,-59.17044224721787,-13.159401569660586,18.645031451924236,10.879999999999999,-125.8786655830393
3,-59.17044224721787,-13.159401569660586,18.71996640824209,10.879999999999999,-126.72395761514241
3,-59.17044224721787,-13.159401569660586,18.730013037487137,10.879999999999999,-127.56924964724553
3,-59.17044224721787,-13.159401569660586,18.954932338148858,10.879999999999999,-128.41454167934864
3,-59.17044224721787,-13.159401569660586,19.12726383930625,10.879999999999999,-129.25983371145176
3,-59.0462694506368,-13.158956789316388,19.407790573105,10.879999999999999,-130.10335184646087
3,-59.0462694506368,-13.158956789316388,19.719432941446957,10.879999999999999,-130.94686998146997
3,-58.922095945978306,-13.158808528919849,20.04138221055128,10.879999999999999,-131.78861420926967
3,-58.67374870063524,-13.158808528919849,20.395203909163524,10.879999999999999,-132.62681061927873
3,-58.67374870063524,-13.158808528919849,20.718375068928637,10.879999999999999,-133.4650070292878
3,-57.68036349567698,-13.161180691882798,20.84368737836268,10.879999999999999,-134.2890122220832
3,-56.68700094909941,-13.168297126664369,20.72499614874032,10.879999999999999,-135.09882652135605
3,-55.07283743781683,-13.185643263344224,20.27451678879604,10.879999999999999,-135.88558134189628
3,-52.46551105214579,-13.226116659073377,19.653652279641324,10.879999999999999,-136.63508864264122
3,-49.982756081845736,-13.285414984409055,18.754877568396846,10.879999999999999,-137.34912801523902
3,-47.12803567264316,-13.37065207381687,17.58792417190398,10.879999999999999,-138.02238566770535
3,-43.03277104888379,-13.51250868771553,16.307552798995616,10.879999999999999,-138.63713953983225
3,-41.91607608253284,-13.556530643513122,14.739461509304007,10.879999999999999,-139.23594062672558
3,-35.96125302392663,-13.812645605643034,13.281510541659907,10.879999999999999,-139.74967281278168
3,-32.48796960367589,-13.970340625955139,11.775159645021901,10.879999999999999,-140.21378666426276
3,-28.02231949192494,-14.173091366356415,10.423129297859544,10.879999999999999,-140.6141055141474
3,-25.045219417424306,-14.308258526623932,9.044115023207983,10.879999999999999,-140.97189436296776
3,-22.31592551556313,-14.425644550933475,7.747704100544732,10.879999999999999,-141.2906932989044
3,-19.710303927410916,-14.528362447794525,6.730404974906498,10.879999999999999,-141.57226906929597
3,-16.980239130016752,-14.626193339996231,6.221103705826369,10.879999999999999,-141.81484391401048
3,-16.359693754396204,-14.646205031676663,5.973215898481239,10.879999999999999,-142.04855382478758
3,-14.373608722388678,-14.698386516472542,6.193572164631731,10.879999999999999,-142.25389109225026
3,-14.001148393355004,-14.705057866561583,6.5598546237053466,10.879999999999999,-142.4539074978696
3,-13.504478449127355,-14.709802111326873,7.216359191356741,10.879999999999999,-142.64682861857142
3,-13.25613214788779,-14.71039515206761,7.843988070903142,10.879999999999999,-142.8362019349698
3,-13.007785846648225,-14.709802111326873,8.454137856905191,10.879999999999999,-143.02202744706477
3,-12.635278786059018,-14.706688684425337,9.06173971657654,10.879999999999999,-143.20253142972277
3,-12.386957267105362,-14.703130558339677,9.642011888239818,10.879999999999999,-143.37948796210998
3,-11.890379368481348,-14.692456667032015,9.956394777555815,10.879999999999999,-143.54935052451685
3,-11.269745496304623,-14.675408860284975,10.205075008046167,10.879999999999999,-143.71034688874977
3,-10.15268098835579,-14.642055216603655,10.025692851742997,10.879999999999999,-143.85538518858343
3,-8.787379923084995,-14.601289652104265,9.73877324794547,10.879999999999999,-143.98091918748463
3,-6.769558554672578,-14.601289652104265,9.145624029980054,10.879999999999999,-144.0776271668371
3,-5.155910487013094,-14.556965354561957,8.363719703899573,10.879999999999999,-144.15128303093726
3,-3.169598892517034,-14.514269789331316,7.553688382066599,10.879999999999999,-144.19656301511608
3,-2.6729737919017036,-14.505967589817327,6.6809175730075285,10.879999999999999,-144.2347483550004
3,-0.6863449954512826,-14.482246568890815,5.827545293479018,10.879999999999999,-144.24455328350683
3,0.30703171259403095,-14.477502256491753,5.400215617390501,10.879999999999999,-144.24016711618407
3,0.9278992358865041,-14.476760954509055,5.129468477270306,10.879999999999999,-144.22691141281427
3,1.0520727405449988,-14.476909214905595,5.467592776641626,10.879999999999999,-144.21188180223507
3,1.0520727405449988,-14.476909214905595,5.645677091226778,10.879999999999999,-144.19685219165586
3,1.0520727405449988,-14.476909214905595,5.653417653172208,10.879999999999999,-144.18182258107666
3,1.0520727405449988,-14.476909214905595,5.506236050546697,10.879999999999999,-144.16679297049745
3,1.0520727405449988,-14.476909214905595,5.2072468945319805,10.879999999999999,-144.15176335991825
3,1.0520727405449988,-14.476909214905595,4.9306333225905785,10.879999999999999,-144.13673374933904
3,0.9278999439639288,-14.476464434561397,4.752405043963875,10.879999999999999,-144.12347803585385
3,0.8037285635336705,-14.47572313680583,4.391327110332641,10.879999999999999,-144.11199619923195
3,0.6795571831034122,-14.474981839050262,4.017472345973496,10.879999999999999,-144.10228823947332
3,0.058693200198062234,-14.472757937329273,3.8916110787533604,10.879999999999999,-144.10144976518478
3,-0.6863478277529054,-14.472757937329273,3.911862481659981,10.879999999999999,-144.11125473415268
3,-1.9280687128095473,-14.4786883278281,4.209764035698582,10.879999999999999,-144.1387985729071
3,-2.548914993880223,-14.483877382527226,4.789515864161331,10.879999999999999,-144.17521164424824
3,-6.397810740905187,-14.543623596712639,5.555772683880493,10.879999999999999,-144.2666089405469
3,-8.756501948534405,-14.597141021982774,6.468119358156383,10.879999999999999,-144.39170182552596
3,-11.611412333996693,-14.67556078396061,7.621309295538007,10.879999999999999,-144.55757914458306
3,-14.714139212099433,-14.775619242362772,8.930602236528683,10.879999999999999,-144.76778113332733
3,-18.933330262617684,-14.926812439401774,10.337463908034845,10.879999999999999,-145.03825727993615
3,-22.283415161670533,-15.05887830679455,11.713164440330635,10.879999999999999,-145.35659178224572
3,-25.50926946576847,-15.189904564760297,13.146310251487725,10.879999999999999,-145.72100991747098
3,-26.501840020875527,-15.230220336442066,14.645163684335126,10.879999999999999,-146.09960763205493
3,-32.08531485263026,-15.45033011543003,16.103503523042892,10.879999999999999,-146.5579692728068
3,-34.44299720718953,-15.537635572045337,16.693366950182877,10.879999999999999,-147.05001209005235
3,-36.30462979550104,-15.597670532973437,17.225898185342785,10.879999999999999,-147.5686496585595
3,-38.29072049017384,-15.649852166547591,17.255563786498037,10.879999999999999,-148.11565995127629
3,-39.40805049884962,-15.672534411928488,17.179857715534883,10.879999999999999,-148.67863210125986
3,-40.15301505571059,-15.68320879018547,16.822395099321056,10.879999999999999,-149.25224660205572
3,-40.5255221162998,-15.686322217087005,16.446159579249194,10.879999999999999,-149.83118263228857
3,-41.39473169236729,-15.689435679496388,15.91525266212389,10.879999999999999,-150.42253594217954
3,-41.89142571100127,-15.689435679496388,15.5503679367088,10.879999999999999,-151.02098488090812
3,-42.63646532279618,-15.687656555583319,15.197842848012177,10.879999999999999,-151.63007724266234
3,-43.87819800912102,-15.684691349061536,14.979191748609475,10.879999999999999,-152.25690864279264
3,-44.8715841581809,-15.682319183844111,14.965890091191895,10.879999999999999,-152.89793127362378
3,-46.23748492057267,-15.677426600057938,15.191434796955766,10.879999999999999,-153.5584667724891
3,-47.60337010530551,-15.669272324746691,15.570416180098487,10.879999999999999,-154.23851491685062
3,-49.217598050898864,-15.65963545392431,16.13029200638659,10.879999999999999,-154.9416234604349
3,-51.452697768211294,-15.648960740881313,16.95379386950366,10.879999999999999,-155.67666199998078
3,-52.94276424641958,-15.641844265519314,17.980014498148094,10.879999999999999,-156.43298720350106
3,-54.18448631159315,-15.635913869384316,18.393588084727913,10.879999999999999,-157.20705129366667
3,-55.798714257186504,-15.626276998561934,18.585017714484767,10.879999999999999,-158.00417578305505
3,-56.29539600251533,-15.622718777789462,18.7368361695182,10.879999999999999,-158.80839572594812
3,-56.79207774784416,-15.61916055701699,18.527126927532457,10.879999999999999,-159.6197111223459
3,-56.79207774784416,-15.61916055701699,18.430434718102518,10.879999999999999,-160.4310265187437
3,-56.9162470040583,-15.618122746077166,18.043654784402687,10.879999999999999,-161.2441157616588
3,-56.9162470040583,-15.618122746077166,17.96722899344255,10.879999999999999,-162.05720500457392
3,-56.9162470040583,-15.618122746077166,17.858471411551093,10.879999999999999,-162.87029424748903
3,-56.9162470040583,-15.618122746077166,17.744696966814917,10.879999999999999,-163.68338349040414
3,-56.9162470040583,-15.618122746077166,17.865174040930395,10.879999999999999,-164.49647273331925
3,-56.9162470040583,-15.618122746077166,17.831689581090586,10.879999999999999,-165.30956197623436
3,-56.9162470040583,-15.618122746077166,18.012041053467005,10.879999999999999,-166.12265121914947
3,-56.9162470040583,-15.618122746077166,18.12315299645647,10.879999999999999,-166.9357404620646
3,-56.9162470040583,-15.618122746077166,18.38633986441439,10.879999999999999,-167.7488297049797
3,-56.9162470040583,-15.618122746077166,18.636071373959464,10.879999999999999,-168.5619189478948
3,-56.9162470040583,-15.618122746077166,18.990641972740406,10.879999999999999,-169.37500819080992
3,-56.9162470040583,-15.618122746077166,19.375397569096346,10.879999999999999,-170.18809743372503
3,-56.667911087884036,-15.620494877477578,19.76299744389919,10.879999999999999,-170.9976390206948
3,-56.41957517170977,-15.62286700887799,20.106680791753018,10.879999999999999,-171.80363295171924
3,-55.79874305198571,-15.629538599908702,20.228601406673825,10.879999999999999,-172.6007578524619
3,-54.9296028665166,-15.640954324954977,20.114529423640388,10.879999999999999,-173.3854664648407
3,-54.06049241931011,-15.654445482508326,19.82138040073649,10.879999999999999,-174.157759213688
3,-51.45338906573328,-15.70737072173042,19.276099774238336,10.879999999999999,-174.89280762891275
3,-48.47425302372409,-15.785643172091651,18.5524692693037,10.879999999999999,-175.5852969578231
3,-45.99197948587318,-15.862726159542872,17.563633895453613,10.879999999999999,-176.2423252361927
3,-43.013726979625,-15.969450769217461,16.360129011349006,10.879999999999999,-176.85680705018734
3,-39.78787574133814,-16.10047690265753,14.934346886947015,10.879999999999999,-177.4252052750636
3,-35.2477776624102,-16.10047690265753,13.51619836296252,10.879999999999999,-177.92874495595518
3,-32.02224544016019,-16.23920597232429,11.988398697262948,10.879999999999999,-178.38620560510032
3,-30.78165612391019,-16.292563306811502,10.599117451730713,10.879999999999999,-178.8259435497276
3,-25.446853192056928,-16.515630318353825,9.26501577833864,10.879999999999999,-179.18947002389984
3,-22.621903276279543,-16.515630318353825,8.020664386614351,10.879999999999999,-179.51264007070384
3,-20.264436125094203,-16.608565558370966,7.0438832513242104,10.879999999999999,-179.80213201534804
3,-18.403107950442152,-16.677490918856737,6.479388195614656,10.879999999999999,-180.0650335574972
3,-16.417294782051563,-16.73915713299685,6.302430337081016,10.879999999999999,-180.29956634009793
3,-15.672466167334896,-16.75694668131843,6.493237704531672,10.879999999999999,-180.523458713917
3,-15.051698952278775,-16.768065598133497,6.969445797420123,10.879999999999999,-180.73848298466385
3,-14.679210301363444,-16.772958051724757,7.490307887805541,10.879999999999999,-180.94818598896904
3,-14.306703240774237,-16.776071478626292,8.074938434067015,10.879999999999999,-181.15256746383724
3,-14.182530444193166,-16.77651625897049,8.66945143632418,10.879999999999999,-181.35517504161143
3,-13.810010638295106,-16.776071478626292,9.317889645584332,10.879999999999999,-181.55246090787278
3,-13.561670001650713,-16.7742923699309,9.918750654656822,10.879999999999999,-181.74619905075352
3,-13.189170729816272,-16.770289415312472,10.296837985621908,10.879999999999999,-181.93461577546518
3,-12.32003054434717,-16.758873690266196,10.50628138738727,10.879999999999999,-182.11061621181298
3,-11.94755463840153,-16.753091765600473,10.359104198208467,10.879999999999999,-182.28129556379014
3,-10.457679336555538,-16.72818516705851,10.109851863161595,10.879999999999999,-182.4306909828838
3,-8.843617077457765,-16.70313016017372,9.612305548884319,10.879999999999999,-182.55702836970462
3,-7.353641231958224,-16.685339343754343,9.024900510195733,10.879999999999999,-182.66208038730403
3,-5.86362573491267,-16.67110655535188,8.364754698187228,10.879999999999999,-182.74584646923137
3,-4.001058568785352,-16.659987110153928,7.698375413253768,10.879999999999999,-182.80300444878543
3,-2.759325882460506,-16.657021903632145,7.049625054041407,10.879999999999999,-182.84242338996344
3,-1.765937845192549,-16.657021903632145,6.388273033741317,10.879999999999999,-182.8676510734662
3,-1.393419455449339,-16.658356244664738,5.902230555668083,10.879999999999999,-182.8875570656869
3,-0.4000418033104832,-16.663100561572737,5.781606791071251,10.879999999999999,-182.89327194859135
3,-0.4000418033104832,-16.663100561572737,5.950256792364639,10.879999999999999,-182.8989868314958
3,-0.4000418033104832,-16.663100561572737,6.224514623961453,10.879999999999999,-182.90470171440023
3,-0.4000418033104832,-16.663100561572737,6.387679433895746,10.879999999999999,-182.91041659730467
3,-0.4000418033104832,-16.663100561572737,6.502664366152747,10.879999999999999,-182.91613148020912
3,-0.4000418033104832,-16.663100561572737,6.504726308253888,10.879999999999999,-182.92184636311356
3,-0.4000418033104832,-16.663100561572737,6.397033748904327,10.879999999999999,-182.927561246018
3,-0.4000418033104832,-16.663100561572737,6.252374142644848,10.879999999999999,-182.93327612892244
3,-0.4000418033104832,-16.663100561572737,6.030807524299237,10.879999999999999,-182.9389910118269
3,-0.4000418033104832,-16.663100561572737,5.786220474413729,10.879999999999999,-182.94470589473133
3,-0.5242145998915532,-16.66265578122854,5.506431804556743,10.879999999999999,-182.95219467472978
3,-0.6483881045500478,-16.662507520832,5.182879656387175,10.879999999999999,-182.96145736193765
3,-1.269250907333086,-16.664731418325843,4.933720625573149,10.879999999999999,-182.9795895177567
3,-1.765932652661915,-16.668289639098315,4.907387752374049,10.879999999999999,-183.00481712708043
3,-3.007611053456658,-16.68015028482815,5.000716257826392,10.879999999999999,-183.04778299927267
3,-3.3800997043719883,-16.685042738419412,5.2969088850810495,10.879999999999999,-183.09607013790657
3,-5.8631095620743565,-16.732483021830443,5.862890897800114,10.879999999999999,-183.17982884593619
3,-7.973260716546482,-16.79044545459667,6.612018975714182,10.879999999999999,-183.29373257045827
3,-10.827536060378769,-16.889315215798767,7.643065958220339,10.879999999999999,-183.4484116570351
3,-13.557102492775337,-17.000183482555748,8.69332372705571,10.879999999999999,-183.64208454978905
3,-16.28610830078589,-17.124086595044883,10.021408411227473,10.879999999999999,-183.87474323980027
3,-19.262526050266118,-17.273470375499198,11.34218537812061,10.879999999999999,-184.1499221833755
3,-22.114755464318463,-17.420035534193236,12.683914642193452,10.879999999999999,-184.4658472614372
3,-25.7114757643659,-17.596246789039256,14.116404374513824,10.879999999999999,-184.83315405807102
3,-28.440180510179832,-17.726666407121602,15.3552085831978,10.879999999999999,-185.2394423510736
3,-31.168885255993764,-17.857086025203948,16.395278680360857,10.879999999999999,-185.68471214044493
3,-32.905703696123304,-17.93178600950953,16.816520337250264,10.879999999999999,-186.15479362181813
3,-34.146642240393376,-17.97625459687397,16.950049552520017,10.879999999999999,-186.6426027966809
3,-34.89132430174865,-17.99937949310932,16.824158902280846,10.879999999999999,-187.14105028670588
3,-35.387875295808655,-18.011239158176455,16.257865271708493,10.879999999999999,-187.64659136236028
3,-35.512028974808004,-18.01346294576639,15.554894442831937,10.879999999999999,-188.1539060620004
3,-35.76035049376166,-18.01702107185205,15.002877697962642,10.879999999999999,-188.66476821191128
3,-36.008686173920616,-18.019393200998017,14.617014296624706,10.879999999999999,-189.17917801439586
3,-36.25703035093194,-18.02057927909778,14.369922957063878,10.879999999999999,-189.69713559083775
3,-36.62955086490743,-18.0210240602874,13.99661432722086,10.879999999999999,-190.22041488890784
3,-37.747112406833885,-18.022358403856256,13.733073026963785,10.879999999999999,-190.7596593518626
3,-38.616321982901376,-18.02547186626564,13.734220065538876,10.879999999999999,-191.3113210944755
3,-39.73387715213101,-18.029474889363417,13.99038084333147,10.879999999999999,-191.8789479109345
3,-39.98222368939598,-18.030067930667773,14.351168997809353,10.879999999999999,-192.45012253506872
3,-42.83819801076059,-18.04029787858432,14.91336147237379,10.879999999999999,-193.06209679236528
3,-44.20408319549343,-18.048452153895564,15.627989399452364,10.879999999999999,-193.69358369515805
3,-45.69412843147992,-18.05912681621298,16.504022747083823,10.879999999999999,-194.34635695846492
3,-46.93583279480199,-18.068022368144163,17.5477766114595,10.879999999999999,-195.01686885553352
3,-48.42584687575568,-18.082255143019967,17.75515798963066,10.879999999999999,-195.70866666804432
3,-49.046678995479745,-18.08892673405068,18.008784595249416,10.879999999999999,-196.4093335108369
3,-49.41917826731419,-18.09292968866911,17.813148547626962,10.879999999999999,-197.1153217717985
3,-49.543344691259,-18.094264006875253,17.59330344992939,10.879999999999999,-197.8230838388165
3,-49.543344691259,-18.094264006875253,17.341941792849404,10.879999999999999,-198.5308459058345
3,-49.543344691259,-18.094264006875253,17.253192446524537,10.879999999999999,-199.2386079728525
3,-49.543344691259,-18.094264006875253,17.091149328569298,10.879999999999999,-199.9463700398705
3,-49.543344691259,-18.094264006875253,17.075919677345958,10.879999999999999,-200.65413210688848
3,-49.543344691259,-18.094264006875253,17.016876763034215,10.879999999999999,-201.36189417390648
3,-49.543344691259,-18.094264006875253,17.05885953001654,10.879999999999999,-202.06965624092447
3,-49.543344691259,-18.094264006875253,17.07421600340318,10.879999999999999,-202.77741830794247
3,-49.543344691259,-18.094264006875253,17.17036952003627,10.879999999999999,-203.48518037496046
3,-49.543344691259,-18.094264006875253,17.263749225000726,10.879999999999999,-204.19294244197846
3,-49.543344691259,-18.094264006875253,17.427140934076338,10.879999999999999,-204.90070450899645
3,-49.543344691259,-18.094264006875253,17.612222240915198,10.879999999999999,-205.60846657601445
3,-49.543344691259,-18.094264006875253,17.835269051780617,10.879999999999999,-206.31622864303245
3,-49.41917543504486,-18.09322619593543,18.062143432558592,10.879999999999999,-207.0222168635331
3,-49.41917543504486,-18.09322619593543,18.35796063326238,10.879999999999999,-207.72820508403373
3,-49.2950040546146,-18.092484898179862,18.651178120415707,10.879999999999999,-208.43241942767108
3,-49.17083125803353,-18.092040117835666,18.844969959160412,10.879999999999999,-209.1348598742144
3,-48.301618377604726,-18.093077938638793,18.907129970827487,10.879999999999999,-209.82488299389448
3,-46.9357591554443,-18.104493837277754,18.740340533189677,10.879999999999999,-210.49539383897226
3,-45.69420112376401,-18.12524925715974,18.335665891277742,10.879999999999999,-211.14816814074032
3,-43.95626768942512,-18.166758203243422,17.718584633814803,10.879999999999999,-211.77611482201783
3,-41.970454521034526,-18.228424417383536,16.920167557167197,10.879999999999999,-212.3756927437469
3,-38.86852995501831,-18.350707395499605,15.936220103333202,10.879999999999999,-212.93095745739
3,-36.51179354652957,-18.460528468900158,14.799477533310741,10.879999999999999,-213.4525545080547
3,-33.7837453830906,-18.603978458084917,13.644581545456116,10.879999999999999,-213.93517944209884
3,-30.932248476793962,-18.764163880358932,12.426271570896501,10.879999999999999,-214.37706870605305
3,-27.461095423776182,-18.963316885220205,11.174143341167488,10.879999999999999,-214.76937006924985
3,-25.10551102292244,-19.095643973185695,9.93316228699752,10.879999999999999,-215.12802022672017
3,-22.873471616472376,-19.21301214615504,8.785581350074994,10.879999999999999,-215.4547841069555
3,-20.88919123098394,-19.312601427772993,8.043901296104755,10.879999999999999,-215.75320112454096
3,-18.9046805746294,-19.407451968960785,7.623223287607065,10.879999999999999,-216.02326798989282
3,-18.03631347376785,-19.445838931811554,7.5658269819740385,10.879999999999999,-216.28092961094663
3,-17.167774595283312,-19.480078165684052,7.636098295726946,10.879999999999999,-216.5261835337364
3,-16.42309465713684,-19.503202995986594,7.8922886757672215,10.879999999999999,-216.7607991716955
3,-16.174818452231285,-19.50913284542712,8.259915895361091,10.879999999999999,-216.99186800672737
3,-16.050670437512174,-19.511653099704322,8.658662065923641,10.879999999999999,-217.22116329869183
3,-15.802358123197612,-19.51580419551616,9.052161660022835,10.879999999999999,-217.44691127188037
3,-15.678195239559168,-19.517435013379913,9.462653441305688,10.879999999999999,-217.67088548958836
3,-15.429859559400219,-19.51980714252588,9.899172130697162,10.879999999999999,-217.89131205472265
3,-15.429859559400219,-19.51980714252588,10.263729085341833,10.879999999999999,-218.11173861985694
3,-15.057341877730396,-19.521141481022187,10.302229583774038,10.879999999999999,-218.3268435038245
3,-14.560649275251265,-19.519955399540713,10.349838704999508,10.879999999999999,-218.53485277918523
3,-14.18813513396049,-19.51773150627401,10.314255327614006,10.879999999999999,-218.7375404239561
3,-13.815620992669714,-19.51550761300731,10.071849140937667,10.879999999999999,-218.9349064381371
3,-13.318928390190585,-19.514321531525834,9.847858597120053,10.879999999999999,-219.12517684371124
3,-12.698060866898112,-19.515062833508534,9.701506989405454,10.879999999999999,-219.30657771323837
3,-11.953021255103206,-19.516841957421605,9.471655436204443,10.879999999999999,-219.47733515973985
3,-11.828848458522137,-19.5172867377658,9.09258981274759,10.879999999999999,-219.64631870914732
3,-11.208003357540125,-19.522475782601692,8.74749862084201,10.879999999999999,-219.80643304282646
3,-10.95968183858647,-19.526033908687353,8.42723564104383,10.879999999999999,-219.96299992623483
3,-10.835523203271256,-19.52796121690926,8.320037036128998,10.879999999999999,-220.117793114853
3,-10.835523203271256,-19.52796121690926,8.281701225322454,10.879999999999999,-220.27258630347114
3,-10.835523203271256,-19.52796121690926,8.234004023357903,10.879999999999999,-220.4273794920893
3,-10.835523203271256,-19.52796121690926,8.155484610043935,10.879999999999999,-220.58217268070746
3,-10.835523203271256,-19.52796121690926,8.029264333489573,10.879999999999999,-220.73696586932562
3,-10.835523203271256,-19.52796121690926,7.837898194025429,10.879999999999999,-220.89175905794377
3,-10.835523203271256,-19.52796121690926,7.574175805337249,10.879999999999999,-221.04655224656193
3,-10.835523203271256,-19.52796121690926,7.225906075606921,10.879999999999999,-221.2013454351801
3,-10.95968183858647,-19.526033908687353,6.778103225185737,10.879999999999999,-221.35791231858846
3,-11.208003357540125,-19.522475782601692,6.225418050464628,10.879999999999999,-221.5180266522676
3,-11.456339037699074,-19.520103653455724,5.548999691011102,10.879999999999999,-221.68168863852043
3,-11.953027391721731,-19.517731497256193,5.391889793470612,10.879999999999999,-221.85244617268788
3,-12.946409764378366,-19.520103653455724,5.21689711579276,10.879999999999999,-222.03739488360756
3,-13.318917533020771,-19.5232170862752,5.466603959232867,10.879999999999999,-222.22766513407927
3,-16.050446453458772,-19.562356361624747,5.919603960046884,10.879999999999999,-222.45695722627156
3,-18.16072198071015,-19.61527948824373,6.565903129310623,10.879999999999999,-222.71639611171028
3,-21.635339997941095,-19.739791177860194,7.5248682839125065,10.879999999999999,-223.02547239739516
3,-24.488540763185146,-19.865919530342197,8.907170984399965,10.879999999999999,-223.3753086940121
3,-27.83680371102924,-20.03797395481548,10.39437780651675,10.879999999999999,-223.77297731845536
3,-32.423994386376,-20.29566354716933,11.930558129347737,10.879999999999999,-224.23617723826072
3,-35.77094521464379,-20.49170022065084,13.516720584737925,10.879999999999999,-224.74719074132707
3,-37.01046935335134,-20.565786429209094,15.224014200236839,10.879999999999999,-225.27591173208924
3,-42.21647073592305,-20.876948505153763,16.528304431783024,10.879999999999999,-225.87900417117385
3,-45.56342156419084,-21.072985178635275,17.719399851131726,10.879999999999999,-226.52991019351944
3,-47.67132242503683,-21.186349631516013,18.13218911435797,10.879999999999999,-227.21092908530568
3,-49.40776924934705,-21.269343855055332,18.420900919706117,10.879999999999999,-227.91675436029635
3,-50.52435378712314,-21.316032210587437,18.370448040166835,10.879999999999999,-228.63853084296954
3,-51.64132909385715,-21.35205305020878,18.267761861355158,10.879999999999999,-229.37626411573893
3,-52.13788150366827,-21.363912749089835,17.793152545416966,10.879999999999999,-230.12109099436276
3,-52.758671140285195,-21.373549235248774,17.426885644902892,10.879999999999999,-230.87478629636684
3,-53.00701177692959,-21.375328343944165,16.979742804784827,10.879999999999999,-231.63202932175153
3,-53.379531582827646,-21.37577312428836,16.577552054970482,10.879999999999999,-232.39459405864906
3,-53.62787575983897,-21.374587046188594,16.241854425833353,10.879999999999999,-233.1607065695039
3,-53.87621143999792,-21.372214917042626,15.884235389641022,10.879999999999999,-233.93036673293244
3,-54.248686637950925,-21.36643300336703,15.540455852804229,10.879999999999999,-234.70534797061745
3,-54.745290497353864,-21.3569449106154,15.297256278876127,10.879999999999999,-235.4874235491511
3,-55.3660588923506,-21.345825972665736,15.189095068975785,10.879999999999999,-236.27836724761323
3,-56.855988006072536,-21.324477216151774,15.508107700858602,10.879999999999999,-237.09059564769998
3,-57.973485821575856,-21.312468352296488,16.063918844816907,10.879999999999999,-237.91878830229393
3,-59.71189010416971,-21.304165829270033,16.78123295877717,10.879999999999999,-238.77181530378206
3,-60.829443149179184,-21.30816884475895,17.67685299008486,10.879999999999999,-239.64080734877032
3,-61.82280663983685,-21.315285286303894,18.329068955554707,10.879999999999999,-240.523990300768
3,-62.691991433335794,-21.32254996288267,18.86850740436647,10.879999999999999,-241.41959017838707
3,-63.436979356085565,-21.331445371092357,18.999621931813753,10.879999999999999,-242.32583274061687
3,-63.436979356085565,-21.331445371092357,18.953357841530515,10.879999999999999,-243.23207530284668
3,-63.436979356085565,-21.331445371092357,18.877042143372684,10.879999999999999,-244.1383178650765
3,-63.436979356085565,-21.331445371092357,18.942531210062203,10.879999999999999,-245.0445604273063
3,-63.436979356085565,-21.331445371092357,19.076729650250712,10.879999999999999,-245.9508029895361
3,-63.436979356085565,-21.331445371092357,19.40673715909564,10.879999999999999,-246.8570455517659
3,-63.31281647244712,-21.329814553228605,19.790362998618786,10.879999999999999,-247.76151435851514
3,-63.31281647244712,-21.329814553228605,20.228364970970343,10.879999999999999,-248.66598316526438
3,-63.1886500485023,-21.32848023502246,20.65620196215061,10.879999999999999,-249.56867816595727
3,-63.1886500485023,-21.32848023502246,21.055053443535474,10.879999999999999,-250.47137316665015
3,-62.56779432645986,-21.32477375328981,21.436779479963278,10.879999999999999,-251.3651987998853
3,-61.698581446031056,-21.32581157409294,21.707412605012408,10.879999999999999,-252.24660710625716
3,-60.705241557575754,-21.335300063623517,21.631645753711318,10.879999999999999,-253.11382484279395
3,-58.59473734218238,-21.378144142024045,21.528042766611698,10.879999999999999,-253.95089251911082
3,-56.48473061559991,-21.44114534922638,21.021546042120477,10.879999999999999,-254.7578172421908
3,-53.63097086361476,-21.553645261417532,20.22584167965128,10.879999999999999,-255.5239739688139
3,-50.53035580887866,-21.705551226855604,19.079742406356228,10.879999999999999,-256.245836194655
3,-49.29049315722286,-21.773716694259313,17.454475353956106,10.879999999999999,-256.94998609690106
3,-41.48325939177674,-22.268425125525447,15.688634025766907,10.879999999999999,-257.54260408821216
3,-37.39569399765436,-22.556849499460554,13.925359282530332,10.879999999999999,-258.07682828817866
3,-32.93690954715213,-22.87681825930141,12.06525198520939,10.879999999999999,-258.54735556742366
3,-28.850044550902936,-23.175002720901663,10.2558151462942,10.879999999999999,-258.959499061008
3,-23.64813430248466,-23.548299252605982,8.564635725568282,10.879999999999999,-259.2973295510435
3,-20.05486866144024,-23.784604266650607,6.964163580716428,10.879999999999999,-259.5838276747784
3,-16.832108963673527,-23.977228225834523,5.849546699699286,10.879999999999999,-259.82428637425943
3,-13.36005756415861,-24.159800418798106,4.829736068325701,10.879999999999999,-260.0151443394617
3,-11.12700528399206,-24.255843255762425,4.367811415452127,10.879999999999999,-260.1741015578044
3,-9.637760096074743,-24.305649304416438,4.326848548970376,10.879999999999999,-260.3117838448912
3,-8.520491684567896,-24.33099951919916,4.731442060348732,10.879999999999999,-260.43350515467074
3,-7.775505885898988,-24.339894902046602,5.255255149085436,10.879999999999999,-260.5445838101836
3,-7.527161708887659,-24.341080980146366,5.892219027321469,10.879999999999999,-260.65211469173914
3,-7.1546419029896,-24.34063619980217,6.580321096291447,10.879999999999999,-260.75432386178187
3,-7.030470522559342,-24.339894902046602,7.195577821793936,10.879999999999999,-260.8547591549613
3,-6.533799162241444,-24.335150643754666,7.773719606331361,10.879999999999999,-260.9480991429933
3,-6.285477643287788,-24.331592517669005,8.316841591150675,10.879999999999999,-261.03789168075457
3,-6.0371759495693285,-24.32684847580187,8.632781596274333,10.879999999999999,-261.1241370514627
3,-5.4164358759737725,-24.314247204415864,8.938794083147362,10.879999999999999,-261.20151470683373
3,-4.423277247070123,-24.2928993609344,8.812329639232692,10.879999999999999,-261.2647043817919
3,-3.3060024645089143,-24.267549001595913,8.563067005913728,10.879999999999999,-261.3119329884277
3,-3.3060024645089143,-24.267549001595913,8.071617931729458,10.879999999999999,-261.35916159506354
3,-2.1886703320369136,-24.2448667131011,7.5829205106001405,10.879999999999999,-261.3904283140926
3,-0.45048413183498326,-24.215809042418222,6.999724632072143,10.879999999999999,-261.39686380169024
3,0.4186560536341203,-24.204393317371945,6.360518208449296,10.879999999999999,-261.390883000924
3,1.1636630941109658,-24.19727692993404,5.685227061625717,10.879999999999999,-261.3742592424367
3,1.9203461072656223,-24.19727692993404,5.436843000401527,10.879999999999999,-261.34682572661865
3,2.0445174876958805,-24.196535632178474,5.297942791995943,10.879999999999999,-261.3176183339373
3,2.0445174876958805,-24.196535632178474,5.536397763440085,10.879999999999999,-261.2884109412559
3,2.0445174876958805,-24.196535632178474,5.621955362099098,10.879999999999999,-261.25920354857453
3,2.0445174876958805,-24.196535632178474,5.52017105190538,10.879999999999999,-261.22999615589316
3,2.0445174876958805,-24.196535632178474,5.279435631132682,10.879999999999999,-261.2007887632118
3,2.0445174876958805,-24.196535632178474,5.104505792048171,10.879999999999999,-261.1715813705304
3,1.92034469111481,-24.19698041252267,4.7627730023675,10.879999999999999,-261.1441478749431
3,1.7961718945337402,-24.197425192866866,4.390612310009204,10.879999999999999,-261.11848827644974
3,1.6720005141034817,-24.198166490622434,3.919318314258731,10.879999999999999,-261.0946025548197
3,1.2994927454610763,-24.20127992344191,3.544155100522629,10.879999999999999,-261.07603837274166
3,0.8028209131125585,-24.206024186242733,3.393539296690789,10.879999999999999,-261.0645695025543
3,0.43032164127811845,-24.21002714086116,3.4036604226777936,10.879999999999999,-261.0584220505361
3,-2.176890750473334,-24.256726413954194,3.812655531708892,10.879999999999999,-261.08952048982854
3,-4.2870419049454584,-24.314688846720422,4.49924535306088,10.879999999999999,-261.1507639456135
3,-6.893119392792331,-24.404961237383205,5.445061647594454,10.879999999999999,-261.2492370797963
3,-10.739132800687758,-24.565776684216004,6.768124590861149,10.879999999999999,-261.40265326266325
3,-14.087797059802751,-24.729835126889068,8.24809630590446,10.879999999999999,-261.6039075063747
3,-17.8078662727262,-24.925448934413527,9.902046689925095,10.879999999999999,-261.8583055959851
3,-21.65118088462104,-25.14135061492356,11.627829007757928,10.879999999999999,-262.1676081800511
3,-23.669002253033458,-25.14135061492356,13.341287986111462,10.879999999999999,-262.5057367836659
3,-29.49517591705516,-25.482599639132122,15.11541953953301,10.879999999999999,-262.9270964396238
3,-32.59462907607324,-25.6567142285604,16.549413010430044,10.879999999999999,-263.39273399785344
3,-35.44685306868117,-25.803279108667272,17.205183119077397,10.879999999999999,-263.8991176131203
3,-38.300053833925226,-25.929407461149275,17.888215563869345,10.879999999999999,-264.44626123931926
3,-40.037362842540695,-25.99166330595751,17.969864890688584,10.879999999999999,-265.0182235656413
3,-41.278588108022326,-26.02724091474973,17.93459007531702,10.879999999999999,-265.60791768147016
3,-42.271743905270355,-26.048588697365048,17.64533728951592,10.879999999999999,-266.21179973725975
3,-43.265058303495564,-26.060449207828302,17.349145710136064,10.879999999999999,-266.82987199873827
3,-43.88592110627861,-26.062673105322144,16.81767350360488,10.879999999999999,-267.45681372882797
3,-44.258438787948435,-26.061338766825838,16.252116863846464,10.879999999999999,-268.0890771400844
3,-45.12763845096025,-26.056149682536862,15.90551052904206,10.879999999999999,-268.7337576893838
3,-45.99683811397206,-26.050960598247887,15.604197485278208,10.879999999999999,-269.3908553767263
3,-46.866022907471006,-26.043695921669112,15.65409890280086,10.879999999999999,-270.0603699896902
3,-48.1077024883423,-26.03183526466706,15.84358756936062,10.879999999999999,-270.74762288238077
3,-49.34940567156427,-26.022939721190095,16.236915322522997,10.879999999999999,-271.4526143919745
3,-51.336160975841985,-26.013451087374097,16.726490757365926,10.879999999999999,-272.1859881202008
3,-52.70206173823375,-26.008558503587924,17.368719316258993,10.879999999999999,-272.9388747164613
3,-54.067970289477195,-26.00692763922599,18.032787422204088,10.879999999999999,-273.7112742920253
3,-55.682225850037625,-26.008855024381006,18.3412127855458,10.879999999999999,-274.50673466131155
3,-56.551435426105115,-26.01196848679039,18.605935815172145,10.879999999999999,-275.31461231025594
3,-57.296457336038294,-26.017305812876568,18.633471628258672,10.879999999999999,-276.1331331293422
3,-57.6689651046807,-26.020419245696043,18.562399627964886,10.879999999999999,-276.95697548798046
3,-57.79313436089484,-26.021457056635867,18.296619189539875,10.879999999999999,-277.7825916931361
3,-57.79313436089484,-26.021457056635867,18.212223745877857,10.879999999999999,-278.60820789829177
3,-57.79313436089484,-26.021457056635867,18.030780762202536,10.879999999999999,-279.4338241034474
3,-57.79313436089484,-26.021457056635867,17.984952530678125,10.879999999999999,-280.2594403086031
3,-57.79313436089484,-26.021457056635867,17.951938702000927,10.879999999999999,-281.08505651375873
3,-57.79313436089484,-26.021457056635867,18.007995439899084,10.879999999999999,-281.9106727189144
3,-57.79313436089484,-26.021457056635867,18.088105525232418,10.879999999999999,-282.73628892407004
3,-57.79313436089484,-26.021457056635867,18.245451158058273,10.879999999999999,-283.5619051292257
3,-57.79313436089484,-26.021457056635867,18.433482884622762,10.879999999999999,-284.38752133438135
3,-57.79313436089484,-26.021457056635867,18.69623333354791,10.879999999999999,-285.213137539537
3,-57.79313436089484,-26.021457056635867,18.997007607509584,10.879999999999999,-286.03875374469266
3,-57.79313436089484,-26.021457056635867,19.377839755531635,10.879999999999999,-286.8643699498483
3,-57.79313436089484,-26.021457056635867,19.7905982938429,10.879999999999999,-287.68998615500396
3,-57.668967936950025,-26.020122738429723,20.22091769278781,10.879999999999999,-288.51382855410327
3,-57.420638393357514,-26.017157599541797,20.59726930135295,10.879999999999999,-289.3341233882941
3,-56.92396703303962,-26.01241334124986,20.71855083148855,10.879999999999999,-290.1473229173375
3,-56.55145289174884,-26.01018944798316,20.777653141096927,10.879999999999999,-290.95520081579104
3,-54.0680087613371,-26.016119810301134,20.611700976882823,10.879999999999999,-291.727600940953
3,-52.32976308469473,-26.04102662188721,20.034647328746217,10.879999999999999,-292.47516898502005
3,-49.97121984835496,-26.10017599869666,19.275833465409498,10.879999999999999,-293.18904355428225
3,-47.11719958850794,-26.205860948789017,18.136445227063238,10.879999999999999,-293.86214640554664
3,-42.90012646734523,-26.407417774140352,16.84173780424536,10.879999999999999,-294.47500535508016
3,-39.4289866100758,-26.60657002191227,15.280113384730896,10.879999999999999,-295.03827659236697
3,-36.82656051506999,-26.771473772667722,13.68570073349369,10.879999999999999,-295.56437031401083
3,-31.747238599475885,-27.117690335944893,11.957848612313867,10.879999999999999,-296.01790229400336
3,-26.793901454020663,-27.485040221109724,10.333249207638891,10.879999999999999,-296.4006723147751
3,-23.203050014056856,-27.755656664101533,8.758072824545534,10.879999999999999,-296.73214445783304
3,-19.982819860274113,-27.986744993251826,7.2948795955474175,10.879999999999999,-297.0176133129798
3,-16.26593861321425,-28.235636794062252,6.277607982432833,10.879999999999999,-297.24998386459714
3,-14.035122090792202,-28.37431932093892,5.420650637370994,10.879999999999999,-297.4504856087513
3,-12.175453730197923,-28.47878787602442,5.121265773735937,10.879999999999999,-297.6244206620398
3,-11.307281514871812,-28.521321546347068,5.140898488808268,10.879999999999999,-297.7859532551094
3,-9.942323087127646,-28.57186623425408,5.492842040540876,10.879999999999999,-297.92798644206835
3,-9.445772093067633,-28.583725899321216,6.067783957405625,10.879999999999999,-298.0629260433979
3,-9.073296895114629,-28.58950781299681,6.690539667966105,10.879999999999999,-298.192544570471
3,-8.82496121495568,-28.59187994214278,7.289354733779571,10.879999999999999,-298.31861544497036
3,-8.452443533285857,-28.593214280639085,7.831380906672719,10.879999999999999,-298.439364638303
3,-8.20409628794279,-28.593214280639085,8.302567050444937,10.879999999999999,-298.55656601384504
3,-7.70740368546366,-28.59202819915761,8.552343996654134,10.879999999999999,-298.66667178078023
3,-7.334889544172885,-28.589804305890908,8.713736728819773,10.879999999999999,-298.77145591712554
3,-6.465689881161077,-28.584615221601933,8.748535243312842,10.879999999999999,-298.8638229154278
3,-5.5964803050935865,-28.581501759192548,8.598854028377025,10.879999999999999,-298.943772634072
3,-4.727265772484124,-28.58046393641677,8.390212358551649,10.879999999999999,-299.0113050022503
3,-3.7338767911118573,-28.58046393641677,8.081692993894885,10.879999999999999,-299.0646460992662
3,-2.864662258502395,-28.581501759192548,7.725325938552775,10.879999999999999,-299.10556984581626
3,-1.9954526824349053,-28.584615221601933,7.323407898278598,10.879999999999999,-299.1340763127082
3,-1.62293854114413,-28.586839114868635,6.890894514128106,10.879999999999999,-299.15726114901025
3,-1.2504307725017245,-28.58995254768811,6.516218503533776,10.879999999999999,-299.1751244457603
3,-0.8779230038593189,-28.593065980507586,6.444125232384327,10.879999999999999,-299.18766620295827
3,-0.8779230038593189,-28.593065980507586,6.369228999581599,10.879999999999999,-299.20020796015626
3,-0.8779230038593189,-28.593065980507586,6.37481195187278,10.879999999999999,-299.21274971735426
3,-0.8779230038593189,-28.593065980507586,6.341168404052285,10.879999999999999,-299.22529147455225
3,-0.8779230038593189,-28.593065980507586,6.1943917483120305,10.879999999999999,-299.23783323175024
3,-1.0020943842895773,-28.592324682752018,6.001143742838982,10.879999999999999,-299.25214886581153
3,-1.0020943842895773,-28.592324682752018,5.757762692073547,10.879999999999999,-299.2664644998728
3,-1.0020943842895773,-28.592324682752018,5.38832775544285,10.879999999999999,-299.2807801339341
3,-1.0020943842895773,-28.592324682752018,5.0821168398996255,10.879999999999999,-299.2950957679954
3,-1.3746127740327871,-28.590990341719426,4.773944526605077,10.879999999999999,-299.31473309333876
3,-1.8713067926667657,-28.590990341719426,4.552430785137249,10.879999999999999,-299.3414660475197
3,-2.4921707755721156,-28.593214243440414,4.471308856530078,10.879999999999999,-299.37706848717073
3,-3.6096919573397366,-28.60255452414502,4.634935435032896,10.879999999999999,-299.4286355151327
3,-4.975434349834089,-28.623754874288863,4.969261688201777,10.879999999999999,-299.4997131487018
3,-6.713362829044129,-28.66526370202384,5.571055010209765,10.879999999999999,-299.59561833197387
3,-9.44364567355921,-28.756574791222864,6.284047945906691,10.879999999999999,-299.73052755588185
3,-12.79304253459549,-28.90463794648241,7.27547651736921,10.879999999999999,-299.91328530637605
3,-15.645271948647842,-29.051203105176583,8.4232193475303,10.879999999999999,-300.13678919135674
3,-18.744719216304972,-29.22531736365237,9.757227034721568,10.879999999999999,-300.4045708944468
3,-22.091192375706513,-29.42934583616822,11.166572997228345,10.879999999999999,-300.7201593569569
3,-26.428569200716183,-29.704185420760645,12.664989595104693,10.879999999999999,-301.0977103455386
3,-29.650859733103587,-29.904504626249167,14.1966210818188,10.879999999999999,-301.52129405601147
3,-31.63409835503567,-30.023042559942375,15.745511250000519,10.879999999999999,-301.9732097467977
3,-35.47689375045424,-30.248121703569296,16.714974365840884,10.879999999999999,-302.4800225146613
3,-38.5771254349517,-30.407430750235847,17.508999012973064,10.879999999999999,-303.03112430658916
3,-40.438099664578516,-30.485244676122683,17.810618815819797,10.879999999999999,-303.6088114446546
3,-41.92722591770261,-30.53860698095998,17.835010779667865,10.879999999999999,-304.20777181490746
3,-42.92020329894099,-30.56706898684376,17.656449886013043,10.879999999999999,-304.8209175763209
3,-44.03753330761677,-30.58975123222466,17.28880322973039,10.879999999999999,-305.4500251950011
3,-44.534190506729374,-30.59568148745629,16.836037174161806,10.879999999999999,-306.0862279165258
3,-44.658361887159636,-30.596422785211857,16.31412484734946,10.879999999999999,-306.72420451491377
3,-45.27922587006902,-30.59568148745629,15.821099720684208,10.879999999999999,-307.3710505987719
3,-45.65172443386641,-30.59167854044657,15.371037090965258,10.879999999999999,-308.0232180906843
3,-46.27249164892254,-30.5805596236315,15.042568102222619,10.879999999999999,-308.68425368566886
3,-47.513941114909954,-30.55387479391874,14.837273458744045,10.879999999999999,-309.36302427302473
3,-48.755449583502255,-30.53015458458307,14.798425379794836,10.879999999999999,-310.0595306956462
3,-49.99701233504058,-30.509399085798098,15.265306768740002,10.879999999999999,-310.7737737290039
3,-51.859391864768774,-30.480489462469496,15.784566963167237,10.879999999999999,-311.5146221842149
3,-52.97685781751477,-30.465812101695715,16.433818243561507,10.879999999999999,-312.2714344387508
3,-56.08108332242483,-30.439866877516252,17.27714304134018,10.879999999999999,-313.0725927719283
3,-57.81950743110178,-30.43571559233109,18.089857424817932,10.879999999999999,-313.8985857352298
3,-59.43376299166221,-30.437642977486107,18.977630667238653,10.879999999999999,-314.74763949225354
3,-61.17217223074151,-30.445945524184467,19.30130379838081,10.879999999999999,-315.6215276669784
3,-61.793018511812186,-30.45113457888359,19.649788022913107,10.879999999999999,-316.50428507429
3,-62.289690344160704,-30.45587884168441,19.61885997318666,10.879999999999999,-317.3941377934923
3,-62.41385676810552,-30.457213159890554,19.316110827961438,10.879999999999999,-318.2857643187509
3,-62.41385676810552,-30.457213159890554,19.10509850193726,10.879999999999999,-319.17739084400955
3,-62.41385676810552,-30.457213159890554,19.11081822031984,10.879999999999999,-320.0690173692682
3,-62.41385676810552,-30.457213159890554,19.090249355338127,10.879999999999999,-320.9606438945268
3,-62.41385676810552,-30.457213159890554,19.20688755422368,10.879999999999999,-321.85227041978544
3,-62.41385676810552,-30.457213159890554,19.33200850090286,10.879999999999999,-322.74389694504407
3,-62.41385676810552,-30.457213159890554,19.639621413396643,10.879999999999999,-323.6355234703027
3,-62.41385676810552,-30.457213159890554,19.943038496655,10.879999999999999,-324.52714999556133
3,-62.289690344160704,-30.45587884168441,20.330782565777977,10.879999999999999,-325.4170027147636
3,-62.165521087946566,-30.454841030744586,20.623251518856982,10.879999999999999,-326.30508158744857
3,-61.79300340627674,-30.45350669224828,20.993202141265666,10.879999999999999,-327.1878387789668
3,-61.29631080379761,-30.454692773729754,21.217474588860718,10.879999999999999,-328.0635003618782
3,-60.4271276624228,-30.461957436500004,21.422947889097152,10.879999999999999,-328.92674504276994
3,-59.185520067654515,-30.479748066928305,21.296213478934472,10.879999999999999,-329.77225247230785
3,-57.57159894401172,-30.51251131025627,20.887364513729686,10.879999999999999,-330.59470388579376
3,-54.71689481332827,-30.597747913615258,20.268569509600734,10.879999999999999,-331.37637381169844
3,-52.97973446910657,-30.664152380795635,19.418851002366594,10.879999999999999,-332.1332271612571
3,-49.50646425270287,-30.821846801622844,18.15439749416804,10.879999999999999,-332.8404623648671
3,-45.04297143291703,-31.06724178461354,16.87035025520278,10.879999999999999,-333.48393338533737
3,-41.57281239803829,-31.282970159755024,15.42175892006484,10.879999999999999,-334.07783070530934
3,-37.731728032439044,-31.535572551460017,13.803659263000872,10.879999999999999,-334.61685539148704
3,-33.89125782078124,-31.797346548096566,12.121079375408351,10.879999999999999,-335.10101621749817
3,-28.93541615803476,-32.12920228251046,10.516800992735847,10.879999999999999,-335.5143793054701
3,-25.465257123156015,-32.34493065765195,8.994629412047681,10.879999999999999,-335.87816869294375
3,-23.23380370982024,-32.472957467673304,7.536814698790473,10.879999999999999,-336.2100801745126
3,-18.27371613993121,-32.733775629827406,6.505575783798081,10.879999999999999,-336.4711332622259
3,-16.04089957224312,-32.835150614644895,5.525855560128625,10.879999999999999,-336.70028897040083
3,-14.055573464561183,-32.91104143427961,5.269974354075403,10.879999999999999,-336.9010828770374
3,-12.814440234317065,-32.94958281811718,5.242708543724849,10.879999999999999,-337.08414630895624
3,-11.572995487757026,-32.97626754638633,5.629141055063662,10.879999999999999,-337.2494748159242
3,-11.200507544858556,-32.98115999067814,6.127278004442505,10.879999999999999,-337.40948206656503
3,-10.952166908214163,-32.98293909937353,6.786199530442774,10.879999999999999,-337.56594159382524
3,-10.703820606974599,-32.98353214011427,7.5103286175757065,10.879999999999999,-337.71885331678203
3,-10.331302925304776,-32.982197801617964,8.20696412344084,10.879999999999999,-337.8664433585721
3,-10.082967245145827,-32.979825672471996,8.908329384626919,10.879999999999999,-338.0104857477885
3,-9.834645726192171,-32.97626754638634,9.412855881760555,10.879999999999999,-338.1509806867341
3,-9.338042338755253,-32.96677946265207,9.786936610071853,10.879999999999999,-338.2843812915735
3,-8.593172659162805,-32.950768564824415,10.097932475407848,10.879999999999999,-338.4071409009901
3,-7.600067839540583,-32.927049167062314,9.869774080978555,10.879999999999999,-338.51571329869785
3,-6.358686815012806,-32.89739991985969,9.432608336599275,10.879999999999999,-338.6065516817695
3,-5.489650711979028,-32.879758139919275,8.802805745118265,10.879999999999999,-338.68497526336915
3,-2.8824234529927146,-32.83305860053069,8.072628977168973,10.879999999999999,-338.72615274126906
3,-1.1441728203171184,-32.80815171793107,7.279955973735582,10.879999999999999,-338.7424980672736
3,0.34584126063657306,-32.79391894305526,6.491713156041174,10.879999999999999,-338.73755747783594
3,1.9600845478724724,-32.78813680957127,5.671233752666749,10.879999999999999,-338.70955627000916
3,2.8292990804819356,-32.78917463234705,4.839256976829555,10.879999999999999,-338.6691377117166
3,3.325992155011874,-32.79036071495576,4.563237119815368,10.879999999999999,-338.62162353807355
3,3.4501649515929445,-32.790805495299956,4.675150252078924,10.879999999999999,-338.57233546733653
3,3.4501649515929445,-32.790805495299956,4.729189051435502,10.879999999999999,-338.5230473965995
3,3.4501649515929445,-32.790805495299956,4.782285979981018,10.879999999999999,-338.4737593258625
3,3.4501649515929445,-32.790805495299956,4.6651603368025505,10.879999999999999,-338.42447125512547
3,3.4501649515929445,-32.790805495299956,4.430612289700615,10.879999999999999,-338.37518318438845
3,3.4501649515929445,-32.790805495299956,4.180423934693701,10.879999999999999,-338.3258951136514
3,3.4501649515929445,-32.790805495299956,3.833239999923318,10.879999999999999,-338.2766070429144
3,3.4501649515929445,-32.790805495299956,3.420054435188555,10.879999999999999,-338.2273189721774
3,3.2018205385582297,-32.78961941607296,2.998572039589195,10.879999999999999,-338.1815786787694
3,2.953476125523515,-32.78843333684596,2.9814253765339185,10.879999999999999,-338.1393861626905
3,1.5875753631317449,-32.78354075305979,3.1114846825309677,10.879999999999999,-338.1167065146458
3,0.0974933072298092,-32.78354075305979,3.6433358325654375,10.879999999999999,-338.1153137531139
3,-2.510046204166817,-32.805334658519634,4.387088171564264,10.879999999999999,-338.1511715560306
3,-4.993169347312432,-32.84684561663803,5.380176130782185,10.879999999999999,-338.2225025467065
3,-7.724199814642496,-32.91207377450728,6.661811158270967,10.879999999999999,-338.33284825834426
3,-12.19193537839445,-33.061491920469315,8.072834613855703,10.879999999999999,-338.5070187637499
3,-15.541688991722726,-33.20155698706562,9.552819932583768,10.879999999999999,-338.7290428922031
3,-16.78214735609799,-33.25787663717709,11.165285053822732,10.879999999999999,-338.96878785443306
3,-22.734965882563216,-33.55664334625124,12.778786322347283,10.879999999999999,-339.2935730813268
3,-26.950502904585942,-33.78840615568836,14.41531618426924,10.879999999999999,-339.6785802656781
3,-29.801999810882577,-33.94859157796237,15.815551089014585,10.879999999999999,-340.10432312011926
3,-32.5293343525394,-34.105068938924795,16.522637036809016,10.879999999999999,-340.5690278965841
3,-34.761087125519836,-34.22776678025152,17.16466461952744,10.879999999999999,-341.0656148555201
3,-36.99340043763001,-34.33980461559226,17.382155476606837,10.879999999999999,-341.5940920046291
3,-37.985766185997484,-34.384860292861035,17.330463324161986,10.879999999999999,-342.1367458072862
3,-39.47475652139496,-34.44177824530431,17.185591616043933,10.879999999999999,-342.700670900449
3,-40.59181890605627,-34.4751318255879,16.896184822781105,10.879999999999999,-343.28055402767836
3,-41.088396804680286,-34.48580571689556,16.535367432960175,10.879999999999999,-343.8675311248881
3,-41.83336136154126,-34.49648009515254,16.056344140701395,10.879999999999999,-344.46515057291015
3,-42.45419348126532,-34.50315168618326,15.732745985583469,10.879999999999999,-345.07163905121394
3,-43.571716787192535,-34.512491984641684,15.411960048305858,10.879999999999999,-345.6940921481738
3,-44.565093495237846,-34.517236297040746,15.407205768046849,10.879999999999999,-346.3307363409629
3,-45.310133107032755,-34.519015420953814,15.564857006146873,10.879999999999999,-346.9780239567777
3,-47.048558867887536,-34.52316671008431,15.900129118371487,10.879999999999999,-347.65014622631895
3,-49.03533116600729,-34.527911040519164,16.450888443895632,10.879999999999999,-348.3506509572619
3,-50.525410389597106,-34.5314692883453,16.985200863937198,10.879999999999999,-349.07244253425614
3,-51.76714307592195,-34.53443449486708,17.667883816450797,10.879999999999999,-349.81197314962645
3,-53.13305162716539,-34.53606535922901,18.148766466188103,10.879999999999999,-350.57101674430027
3,-54.498960178408836,-34.53769622359095,18.431208082827457,10.879999999999999,-351.3495733182775
3,-55.243999790203745,-34.539475347504016,18.53600982819453,10.879999999999999,-352.13877331528045
3,-55.61651817994696,-34.54080968853661,18.45716078310981,10.879999999999999,-352.9332950035654
3,-55.86486448118652,-34.54140272927735,18.150686763124213,10.879999999999999,-353.73136449615373
3,-55.86486448118652,-34.54140272927735,17.790777597930294,10.879999999999999,-354.5294339887421
3,-55.86486448118652,-34.54140272927735,17.650058634889632,10.879999999999999,-355.32750348133044
3,-55.86486448118652,-34.54140272927735,17.507463609553188,10.879999999999999,-356.1255729739188
3,-55.86486448118652,-34.54140272927735,17.406279621494818,10.879999999999999,-356.92364246650715
3,-55.86486448118652,-34.54140272927735,17.3566232666378,10.879999999999999,-357.7217119590955
3,-55.86486448118652,-34.54140272927735,17.392527036487472,10.879999999999999,-358.51978145168385
3,-55.86486448118652,-34.54140272927735,17.407578829690223,10.879999999999999,-359.3178509442722
3,-55.86486448118652,-34.54140272927735,17.51016467231005,10.879999999999999,-360.11592043686056
3,-55.86486448118652,-34.54140272927735,17.646387614029834,10.879999999999999,-360.9139899294489
3,-55.86486448118652,-34.54140272927735,17.811421658510817,10.879999999999999,-361.71205942203727
3,-55.86486448118652,-34.54140272927735,18.044743933592756,10.879999999999999,-362.5101289146256
3,-55.86486448118652,-34.54140272927735,18.32117077636776,10.879999999999999,-363.308198407214
3,-55.86486448118652,-34.54140272927735,18.629950744087317,10.879999999999999,-364.10626789980233
3,-55.61651723584345,-34.54140272927735,18.97701340453454,10.879999999999999,-364.9007895746001
3,-55.61651723584345,-34.54140272927735,19.356406308774588,10.879999999999999,-365.69531124939783
3,-55.368169990500384,-34.54140272927735,19.69945216195688,10.879999999999999,-366.486285106405
3,-55.119822745157315,-34.54140272927735,19.962992481470987,10.879999999999999,-367.2737111456215
3,-54.126437540199056,-34.5437748922403,20.060884133755184,10.879999999999999,-368.04694596762437
3,-52.884734356977084,-34.55267043571726,19.845332254464033,10.879999999999999,-368.80244217272406
3,-51.39475851147755,-34.57046125213664,19.439120248991387,10.879999999999999,-369.5366530086023
3,-48.78766506893279,-34.62338629016082,18.740953706702427,10.879999999999999,-370.2336196524442
3,-46.429422256870026,-34.69379940409285,17.874018847502885,10.879999999999999,-370.8968971132566
3,-45.560728109729546,-34.72389025817633,16.745459999414045,10.879999999999999,-371.54776465768134
3,-40.59841329008631,-34.93731777056451,15.378461994076861,10.879999999999999,-372.1277419903969
3,-36.50660573667939,-35.15737817909771,14.070014758464257,10.879999999999999,-372.6492649294923
3,-33.28384603891268,-35.350002138281624,12.62138679910796,10.879999999999999,-373.1247484443339
3,-29.937869631048063,-35.56202124639578,11.254796707688943,10.879999999999999,-373.552432296206
3,-26.96389481157371,-35.754033714581986,9.8431454782269,10.879999999999999,-373.9376307935142
3,-23.12221819513657,-35.99746306093528,8.500118765368345,10.879999999999999,-374.26794819630186
3,-21.510953340609902,-36.095698992146616,7.28366059528911,10.879999999999999,-374.57524752973916
3,-18.411924795917503,-36.277214430555425,6.563117340239792,10.879999999999999,-374.8382750268237
3,-16.800000608211747,-36.363904894523046,5.969167703212084,10.879999999999999,-375.07827503551243
3,-15.187328045490576,-36.43519456187023,5.9852464269928705,10.879999999999999,-375.29523686473374
3,-14.566833405527035,-36.45668798821851,6.224164574170698,10.879999999999999,-375.5033344848127
3,-14.194453790031954,-36.46691665282432,6.681269975682715,10.879999999999999,-375.70611239609883
3,-13.946164132806041,-36.47225361369468,7.18775296525777,10.879999999999999,-375.9053433122818
3,-13.822010453806692,-36.47447740128462,7.804165322091768,10.879999999999999,-376.102800604479
3,-13.697851818491479,-36.476404709506525,8.397728784169265,10.879999999999999,-376.298484201886
3,-13.697851818491479,-36.476404709506525,8.994842376628066,10.879999999999999,-376.49416779929305
3,-13.445624147439927,-36.476404709506525,9.621346708273984,10.879999999999999,-376.68624814425647
3,-13.321461263801483,-36.47803552737028,10.217414912175403,10.879999999999999,-376.87655473373934
3,-13.321461263801483,-36.47803552737028,10.418145813168664,10.879999999999999,-377.0668613232222
3,-12.700629144077416,-36.484707118401,10.656424289427733,10.879999999999999,-377.24829888242334
3,-12.07978286300674,-36.48989617310012,10.410441997396138,10.879999999999999,-377.42086720903774
3,-11.086419372349082,-36.497012614645065,10.102546776215988,10.879999999999999,-377.5792446286427
3,-10.46556247019779,-36.5007191034229,9.67800344600393,10.879999999999999,-377.72875266393123
3,-8.727151578954793,-36.5090216580119,9.21862262253256,10.879999999999999,-377.8534262579163
3,-7.733773926815937,-36.5137659749199,8.736849555913189,10.879999999999999,-377.9639087425851
3,-6.926645379450971,-36.5137659749199,8.29645721871337,10.879999999999999,-378.0628608194344
3,-5.809102955578645,-36.52043765472001,7.86115359663283,10.879999999999999,-378.14584800451405
3,-5.001974408213679,-36.52043765472001,7.4448479244316,10.879999999999999,-378.21730478177426
3,-4.598410134531195,-36.52043765472001,7.031262323609984,10.879999999999999,-378.2829963551247
3,-4.474238754100937,-36.52117895247558,6.846691760649119,10.879999999999999,-378.34691405161186
3,-4.474238754100937,-36.52117895247558,7.0659374332500064,10.879999999999999,-378.41083174809904
3,-4.474238754100937,-36.52117895247558,7.189476532505334,10.879999999999999,-378.4747494445862
3,-4.474238754100937,-36.52117895247558,7.220909174858792,10.879999999999999,-378.5386671410734
3,-4.474238754100937,-36.52117895247558,7.157179663936052,10.879999999999999,-378.6025848375606
3,-4.474238754100937,-36.52117895247558,6.99110295543083,10.879999999999999,-378.66650253404777
3,-4.474238754100937,-36.52117895247558,6.707565883401016,10.879999999999999,-378.73042023053495
3,-4.474238754100937,-36.52117895247558,6.341760180369543,10.879999999999999,-378.7943379270221
3,-4.7225850553405015,-36.52058591173484,5.8920663815998005,10.879999999999999,-378.86180342781273
3,-4.7225850553405015,-36.52058591173484,5.3566425028869,10.879999999999999,-378.92926892860334
3,-5.095102737010325,-36.52192025023115,5.15661922685661,10.879999999999999,-379.0020561105606
3,-5.840088535679232,-36.53081563307859,4.892145505222872,10.879999999999999,-379.0854859467846
3,-6.460827429387999,-36.543416880512424,4.929590372297669,10.879999999999999,-379.17778348149017
3,-7.826219352869963,-36.58092198406704,5.0719765107279855,10.879999999999999,-379.2895866151026
3,-9.315341360254651,-36.63428413675981,5.471748430666829,10.879999999999999,-379.42266292024914
3,-11.796248657685863,-36.74692300877925,6.124033877381783,10.879999999999999,-379.59118075821607
3,-14.152137855101971,-36.873624456116545,6.988927939644807,10.879999999999999,-379.7933541561461
3,-15.143756223645575,-36.93289336663467,8.106804608610904,10.879999999999999,-380.0096935307696
3,-20.099583756487235,-37.26474815487434,9.39042353398037,10.879999999999999,-380.29683044157656
3,-23.938759965084962,-37.544860830923064,10.779234612637477,10.879999999999999,-380.6388127267921
3,-26.561927744021105,-37.544860830923064,12.234815163007717,10.879999999999999,-381.018268837421
3,-29.90572637731591,-37.78882993586872,13.723833992633821,10.879999999999999,-381.44549349995407
3,-33.869754439134105,-38.063781216118876,15.155186157851935,10.879999999999999,-381.92934713479883
3,-36.4717793319594,-38.23489896533839,16.238961132159826,10.879999999999999,-382.4503725538268
3,-38.70259585438145,-38.37358149221506,17.286412157986824,10.879999999999999,-383.003266780318
3,-40.8102199963883,-38.49197918797862,17.596626919060085,10.879999999999999,-383.5862699231235
3,-42.67079429841907,-38.578679705802564,17.969539187788214,10.879999999999999,-384.1958526988152
3,-43.6635423033422,-38.6142544742644,17.856694904438516,10.879999999999999,-384.81961758886297
3,-44.53242807283072,-38.63812135834461,17.622186691221852,10.879999999999999,-385.45579513276056
3,-45.0290300443712,-38.64760941502682,17.238492068081342,10.879999999999999,-386.09906699053727
3,-45.40152860816859,-38.651612362036545,16.75296123979313,10.879999999999999,-386.74766025636825
3,-45.649872785179916,-38.65279844013631,16.246337841457464,10.879999999999999,-387.3998012961565
3,-45.77404628983841,-38.65294670053285,15.785124302474692,10.879999999999999,-388.0537162431542
3,-46.1465668038139,-38.65250191934323,15.30097850167683,10.879999999999999,-388.7129529117801
3,-46.27073960039497,-38.652057138999034,14.837301063245993,10.879999999999999,-389.37396347750007
3,-46.51908023703936,-38.65027803030364,14.356956993662847,10.879999999999999,-390.03852176660064
3,-47.26406815978913,-38.64138262209395,14.000462839056926,10.879999999999999,-390.71372274031194
3,-48.13320834525824,-38.62996689704767,13.819399969083886,10.879999999999999,-391.40134000238703
3,-49.25070616076156,-38.61795803319239,14.319060667227978,10.879999999999999,-392.1049215189693
3,-50.49240934398353,-38.60906248971543,15.00576498642258,10.879999999999999,-392.8262416524548
3,-51.609964513213164,-38.60505946661765,15.833750445916003,10.879999999999999,-393.56352685978646
3,-54.34176603801891,-38.611582896166354,16.82493789802294,10.879999999999999,-394.33983780318675
3,-55.95596636880266,-38.625074438384075,17.669132227945713,10.879999999999999,-395.1392087513125
3,-57.32179703219561,-38.63975193865164,18.60568395981751,10.879999999999999,-395.95809156605816
3,-58.81172614591755,-38.66110069516561,18.915922081879486,10.879999999999999,-396.7982590824284
3,-59.18420205186319,-38.66688261983133,19.079952493173213,10.879999999999999,-397.6437476831693
3,-59.4325238068187,-38.67044074929859,18.852887106636643,10.879999999999999,-398.49278373755243
3,-59.4325238068187,-38.67044074929859,18.656341186536597,10.879999999999999,-399.34181979193556
3,-59.4325238068187,-38.67044074929859,18.59392785596436,10.879999999999999,-400.1908558463187
3,-59.4325238068187,-38.67044074929859,18.7124361358887,10.879999999999999,-401.03989190070183
3,-59.4325238068187,-38.67044074929859,18.918476262005534,10.879999999999999,-401.88892795508497
3,-59.4325238068187,-38.67044074929859,19.214473706542943,10.879999999999999,-402.7379640094681
3,-59.30836092318025,-38.668809931434836,19.389451196501838,10.879999999999999,-403.5852263083707
3,-59.18419449923544,-38.667475613228696,19.689033361086082,10.879999999999999,-404.43071480121694
3,-59.0600252430213,-38.66643780228887,19.950901169321178,10.879999999999999,-405.2744294475458
3,-58.93585386259104,-38.6656965045333,20.324328852247195,10.879999999999999,-406.11637021701137
3,-58.81168106600997,-38.665251724189105,20.659873089335232,10.879999999999999,-406.95653708938295
3,-57.942476446450534,-38.66836516884453,20.97762766172246,10.879999999999999,-407.78428675290365
3,-57.32166320828642,-38.676519242664206,21.138032614056282,10.879999999999999,-408.6031676558792
3,-56.08021846172638,-38.70320397093336,21.129549445409285,10.879999999999999,-409.4043136339038
3,-54.466809685332805,-38.75523407260863,20.740475652948657,10.879999999999999,-410.1824109151229
3,-51.73782462618925,-38.87913624305173,20.086551995320814,10.879999999999999,-410.921522695497
3,-49.13428892135725,-39.02539222017139,19.169659796853182,10.879999999999999,-411.6234411086592
3,-45.91249511477095,-39.23340493660017,17.892725496939732,10.879999999999999,-412.2793338960131
3,-44.67373516815099,-39.31932729333784,16.3597472780419,10.879999999999999,-412.91753011270094
3,-37.61589499793791,-39.85122554476936,14.72144544811443,10.879999999999999,-413.4549000412429
3,-33.65542849845839,-40.173485997648264,13.104079571798508,10.879999999999999,-413.9356918769352
3,-29.819102970764675,-40.49025644688795,11.342649265353536,10.879999999999999,-414.3616790622319
3,-25.982777443070958,-40.80702689612763,9.625818172100722,10.879999999999999,-414.7328615971329
3,-21.525588923357162,-41.148285375419015,8.003473395072668,10.879999999999999,-415.0403700103237
3,-18.304816123129875,-41.371683290622265,6.590607573573213,10.879999999999999,-415.3018673835113
3,-15.702394974748742,-41.53658672793284,5.614848606136917,10.879999999999999,-415.526187311722
3,-14.214759365858226,-41.62193793461374,4.804384465041904,10.879999999999999,-415.72925530266286
3,-11.733880362255885,-41.73457552202857,4.748883816504551,10.879999999999999,-415.8968821649808
3,-10.989200424109415,-41.75770035233111,5.026069662750392,10.879999999999999,-416.05387074246806
3,-10.4926225254854,-41.768374243638775,5.725222796210345,10.879999999999999,-416.203765349975
3,-10.12013458258693,-41.77326668793058,6.569900447496033,10.879999999999999,-416.34833870115483
3,-10.12013458258693,-41.77326668793058,7.17083967816918,10.879999999999999,-416.49291205233465
3,-9.995965326372795,-41.77430449887041,7.719775378507907,10.879999999999999,-416.63571155699714
3,-9.747621149361468,-41.77549057697017,8.294994404703381,10.879999999999999,-416.7749632877023
3,-9.623447644702972,-41.775638837366714,8.90710741795086,10.879999999999999,-416.91244111119806
3,-9.375101343463408,-41.775045796625975,9.21727066984678,10.879999999999999,-417.0463711303904
3,-9.126760706819015,-41.77326668793058,9.559816242852959,10.879999999999999,-417.17675342620214
3,-8.878431399235758,-41.77030155186068,9.772275231958632,10.879999999999999,-417.3035881604769
3,-8.009320952029265,-41.75681039430734,10.048650342938272,10.879999999999999,-417.4180070312202
3,-7.5127175645923465,-41.74732231057307,9.867832230445767,10.879999999999999,-417.5253315678572
3,-7.5127175645923465,-41.74732231057307,9.62348307323525,10.879999999999999,-417.63265610449423
3,-6.02297820540745,-41.71530051491776,9.130006623295309,10.879999999999999,-417.7186986502858
3,-5.650534161250117,-41.707739752086155,8.647397229377985,10.879999999999999,-417.7994205668751
3,-3.664035646733624,-41.67453098559144,8.202537572655055,10.879999999999999,-417.851763933257
3,-2.7948954612645207,-41.66311526054516,7.650230289748523,10.879999999999999,-417.8916910112751
3,-1.9257123198897044,-41.655850597774915,7.11249777804952,10.879999999999999,-417.91920118727353
3,-1.1806734161710104,-41.654071475552705,6.691014012427318,10.879999999999999,-417.9360679503617
3,-0.9323261708279438,-41.654071475552705,6.58475199597381,10.879999999999999,-417.94938689565925
3,-0.9323261708279438,-41.654071475552705,6.447187827998789,10.879999999999999,-417.9627058409568
3,-0.9323261708279438,-41.654071475552705,6.571355739363268,10.879999999999999,-417.97602478625436
3,-0.9323261708279438,-41.654071475552705,6.6731964654601805,10.879999999999999,-417.9893437315519
3,-0.9323261708279438,-41.654071475552705,6.657738830470083,10.879999999999999,-418.00266267684947
3,-0.9323261708279438,-41.654071475552705,6.55530721647584,10.879999999999999,-418.015981622147
3,-0.9323261708279438,-41.654071475552705,6.427234009790391,10.879999999999999,-418.0293005674446
3,-0.9323261708279438,-41.654071475552705,6.1715102968492,10.879999999999999,-418.04261951274214
3,-0.9323261708279438,-41.654071475552705,5.850589532434492,10.879999999999999,-418.0559384580397
3,-0.9323261708279438,-41.654071475552705,5.511820690265905,10.879999999999999,-418.06925740333725
3,-1.0564996754864384,-41.65421973594925,5.102881330087085,10.879999999999999,-418.0843502558442
3,-1.3048438524977668,-41.65540581404901,4.6617517174922405,10.879999999999999,-418.10299088230846
3,-1.801515212815664,-41.66015007234095,4.457584541195715,10.879999999999999,-418.12872681392014
3,-2.670624008039342,-41.673641204250664,4.404382438632347,10.879999999999999,-418.16687858546356
3,-3.7878966669133423,-41.69899151540385,4.639324336074524,10.879999999999999,-418.2209913949909
3,-6.021936481352755,-41.768366006311474,5.08958821513493,10.879999999999999,-418.3070190590102
3,-8.131245186243781,-41.85151843143037,5.757737825232868,10.879999999999999,-418.42317970452797
3,-10.611876433986552,-41.97008126987233,6.7761099093955846,10.879999999999999,-418.5747779392992
3,-12.595656676635828,-42.07914601771831,7.991488353280883,10.879999999999999,-418.75471589182257
3,-16.810034742946144,-42.33103888742035,9.407019120961412,10.879999999999999,-418.99485924529324
3,-21.27099273251566,-42.61905731597032,10.952509209870676,10.879999999999999,-419.29873057004346
3,-24.61591840073374,-42.84705402271828,12.486948651771716,10.879999999999999,-419.6503865471968
3,-27.960844068951836,-43.07505072946624,14.072186429886258,10.879999999999999,-420.04982717675324
3,-31.80192843455107,-43.327653121171416,15.776513750569448,10.879999999999999,-420.504140440104
3,-34.021531939804724,-43.327653121171416,17.052154475636094,10.879999999999999,-420.99016232495836
3,-36.25266690768363,-43.461007789620425,17.738883118141562,10.879999999999999,-421.5080575664967
3,-36.87263892753581,-43.49435033913848,17.981531197207186,10.879999999999999,-422.0348095511758
3,-39.35353443584813,-43.606988675904915,18.085370749362887,10.879999999999999,-422.5970029002593
3,-40.09821083532134,-43.630113396319686,17.53616159733802,10.879999999999999,-423.16983448362106
3,-40.4706541715466,-43.637674144779986,17.001555477194934,10.879999999999999,-423.7479866860717
3,-40.84314211444507,-43.64256658907179,16.523124004657834,10.879999999999999,-424.33146014484953
3,-41.091482751089465,-43.644345697767186,16.096465686427475,10.879999999999999,-424.91848132700795
3,-41.215655547670536,-43.64479047811138,15.84287674750227,10.879999999999999,-425.5072764062604
3,-41.46400255698752,-43.64479047811138,15.626167853708251,10.879999999999999,-426.09961929993165
3,-41.712349094252495,-43.644197436807026,15.36293419020888,10.879999999999999,-426.69551000127814
3,-42.5815619746813,-43.64523525761015,15.017424806086908,10.879999999999999,-427.30381802948784
3,-43.20241887683259,-43.64894174638799,14.818533397752693,10.879999999999999,-427.92099544201403
3,-43.94744149482583,-43.6542790775467,14.824261744883435,10.879999999999999,-428.54881603479726
3,-44.69244853530268,-43.6613954649846,15.051797963231968,10.879999999999999,-429.18727958530155
3,-45.934056130070964,-43.6791860954129,15.457024918206612,10.879999999999999,-429.84348038715973
3,-46.678961211226344,-43.693418221014305,16.05765530323775,10.879999999999999,-430.51032269017725
3,-47.67212078401628,-43.714766084784515,16.56287145048674,10.879999999999999,-431.19135298709176
3,-48.665280356806214,-43.736113948554724,16.849087457814313,10.879999999999999,-431.8865712779033
3,-49.28598856934022,-43.75019748152055,17.034446423671383,10.879999999999999,-432.5906568288938
3,-49.534265010204564,-43.756127336596734,17.209418922863986,10.879999999999999,-433.29828918618244
3,-49.90668993772497,-43.76457745637623,17.117110848699195,10.879999999999999,-434.0112418995785
3,-50.03083795244408,-43.76709771065343,17.13452419876673,10.879999999999999,-434.72596815604203
3,-50.03083795244408,-43.76709771065343,17.00847319555694,10.879999999999999,-435.44069441250554
3,-50.03083795244408,-43.76709771065343,17.071848644777774,10.879999999999999,-436.15542066896904
3,-50.03083795244408,-43.76709771065343,17.05094955773687,10.879999999999999,-436.87014692543255
3,-50.03083795244408,-43.76709771065343,17.193907284215616,10.879999999999999,-437.58487318189606
3,-50.03083795244408,-43.76709771065343,17.288239441072903,10.879999999999999,-438.29959943835956
3,-50.03083795244408,-43.76709771065343,17.489235480015232,10.879999999999999,-439.01432569482307
3,-50.03083795244408,-43.76709771065343,17.697086950410327,10.879999999999999,-439.7290519512866
3,-50.03083795244408,-43.76709771065343,17.970409414431582,10.879999999999999,-440.4437782077501
3,-50.03083795244408,-43.76709771065343,18.271797933271554,10.879999999999999,-441.1585044642136
3,-49.90668427344473,-43.7648739230635,18.644192505069572,10.879999999999999,-441.87145709669136
3,-49.90668427344473,-43.7648739230635,19.03278487143861,10.879999999999999,-442.5844097291691
3,-49.65836275449108,-43.76131579697784,19.404281900985563,10.879999999999999,-443.29381491137616
3,-49.03751765350906,-43.756126752141945,19.644274343783103,10.879999999999999,-443.99435087785486
3,-48.16830807743592,-43.75716456899974,19.72754287734945,10.879999999999999,-444.6824695646754
3,-47.050848496834405,-43.77184184607855,19.580825115258055,10.879999999999999,-445.35462454320157
3,-45.561195514654365,-43.807420841279956,19.115078700683355,10.879999999999999,-446.0054987648395
3,-42.83115147417879,-43.905250989664964,18.504267927525635,10.879999999999999,-446.6173723573278
3,-40.47469299080662,-44.020699084514575,17.541353610622856,10.879999999999999,-447.19558225719646
3,-38.36735758599242,-44.144129348019,16.48986921916054,10.879999999999999,-447.7436873655678
3,-34.52690927391105,-44.40590185193737,15.17216892181866,10.879999999999999,-448.23692892662365
3,-30.318123976938185,-44.738252851730834,13.62224541760354,10.879999999999999,-448.67004498343704
3,-26.854105299283297,-45.036777658153795,12.204284915431947,10.879999999999999,-449.0536750591411
3,-23.514851726686313,-45.33660394467689,10.723238458272661,10.879999999999999,-449.38960151237944
3,-20.084555400385206,-45.33660394467689,9.376551152942591,10.879999999999999,-449.67652373238496
3,-17.11601602472866,-45.599571829522915,8.099113987378605,10.879999999999999,-449.92103824702394
3,-14.6412148360925,-45.80689471874249,6.939193285398108,10.879999999999999,-450.1301984589681
3,-13.43052201504505,-45.80689471874249,6.313506645640165,10.879999999999999,-450.32206305918305
3,-10.087334565996747,-46.05884652205216,5.747673420763599,10.879999999999999,-450.4661678386973
3,-9.09601339473942,-46.122850434799474,5.8878423029631355,10.879999999999999,-450.59611088719356
3,-8.47604491016388,-46.15619279418777,6.211549552566548,10.879999999999999,-450.717197243053
3,-7.979811070126869,-46.17753564684651,6.649226963544242,10.879999999999999,-450.8311945440548
3,-7.607514286148745,-46.190431702655474,7.140320532160764,10.879999999999999,-450.93987331957123
3,-7.3592692330524185,-46.197547224413924,7.596433048091205,10.879999999999999,-451.0450057371863
3,-7.110993028146863,-46.20347707385445,8.039013313775241,10.879999999999999,-451.14659135187406
3,-7.110993028146863,-46.20347707385445,8.471210585997166,10.879999999999999,-451.24817696656186
3,-6.490252954551307,-46.21607834524046,8.89249298926954,10.879999999999999,-451.3408948659126
3,-6.366099275551959,-46.218302132830395,9.062395177121386,10.879999999999999,-451.43183914127764
3,-6.366099275551959,-46.218302132830395,9.092246162930188,10.879999999999999,-451.52278341664265
3,-5.745306098975893,-46.22793867393993,9.023981495895445,10.879999999999999,-451.6048592180566
3,-5.372817448060562,-46.23283112753119,8.961481522916303,10.879999999999999,-451.6816137530289
3,-5.372817448060562,-46.23283112753119,8.974672645945947,10.879999999999999,-451.7583682880012
3,-4.969253174378079,-46.23283112753119,8.905470929545137,10.879999999999999,-451.8293576190637
3,-4.596764523462749,-46.23772358112245,8.692408683433165,10.879999999999999,-451.89502568368465
3,-3.975933583800429,-46.244395159471985,8.528150210974987,10.879999999999999,-451.9518247348818
3,-3.7275894067891002,-46.24558123757175,8.396821454507291,10.879999999999999,-452.00507601212166
3,-3.603415902130606,-46.24572949796829,8.32172034936173,10.879999999999999,-452.0565533821521
3,-3.603415902130606,-46.24572949796829,8.318845217576653,10.879999999999999,-452.1080307521826
3,-3.603415902130606,-46.24572949796829,8.312122520082854,10.879999999999999,-452.159508122213
3,-3.603415902130606,-46.24572949796829,8.281607250703127,10.879999999999999,-452.2109854922435
3,-3.603415902130606,-46.24572949796829,8.232946913484662,10.879999999999999,-452.26246286227394
3,-3.603415902130606,-46.24572949796829,8.153342483176527,10.879999999999999,-452.3139402323044
3,-3.603415902130606,-46.24572949796829,8.040528158674237,10.879999999999999,-452.36541760233484
3,-3.603415902130606,-46.24572949796829,7.877502294406462,10.879999999999999,-452.4168949723653
3,-3.603415902130606,-46.24572949796829,7.675023144796652,10.879999999999999,-452.46837234239575
3,-3.603415902130606,-46.24572949796829,7.426719247750455,10.879999999999999,-452.5198497124262
3,-3.7275894067891002,-46.245877758364834,7.131965141924668,10.879999999999999,-452.57310098966605
3,-3.7275894067891002,-46.245877758364834,6.7761416712595555,10.879999999999999,-452.6263522669059
3,-3.7275894067891002,-46.245877758364834,6.357312154031476,10.879999999999999,-452.6796035441457
3,-3.8517622033701704,-46.24632253870903,5.905643874633176,10.879999999999999,-452.7346287184796
3,-3.975933583800429,-46.2470638364646,5.447485400287189,10.879999999999999,-452.7914277696768
3,-4.2242692639593775,-46.249435965610566,4.963731982824026,10.879999999999999,-452.8517744734476
3,-4.845083682151595,-46.25759005492933,4.788763146562736,10.879999999999999,-452.92098995462123
3,-5.8382876252325415,-46.27656616829374,4.936256570856376,10.879999999999999,-453.00439406355315
3,-7.824242387709305,-46.33349018006128,5.260732495618888,10.879999999999999,-453.11616895480614
3,-9.809562834905934,-46.40938078331899,5.882517847650216,10.879999999999999,-453.2563055667334
3,-10.429825049807041,-46.436800042498135,6.834367068554661,10.879999999999999,-453.4053030674449
3,-14.893869921930172,-46.671534603716076,7.885854638096652,10.879999999999999,-453.6180726377582
3,-18.85915460695947,-46.92755025470539,9.201141809533775,10.879999999999999,-453.88748913214334
3,-22.079384760742215,-47.158638583855684,10.582433331688533,10.879999999999999,-454.20290891443966
3,-25.546096826897717,-47.4240626022935,12.090975654454656,10.879999999999999,-454.5678531548239
3,-28.3710467426751,-47.4240626022935,13.640786726242624,10.879999999999999,-454.9731538225764
3,-32.58062568014964,-47.74636319611085,15.276809018878456,10.879999999999999,-455.43859133229284
3,-35.5526307919788,-47.96677333668475,16.639717141449506,10.879999999999999,-455.9464860578925
3,-36.35975933934377,-47.96677333668475,17.600678407486292,10.879999999999999,-456.4659111913117
3,-40.200799898860886,-48.21937284755721,18.035951065909646,10.879999999999999,-457.040208332724
3,-42.308957444319155,-48.327702999290466,18.175631104429858,10.879999999999999,-457.6446220105
3,-43.42564604292203,-48.371724704060924,18.064262401866632,10.879999999999999,-458.26498838254173
3,-44.04627637604802,-48.38877241359597,17.720482291731575,10.879999999999999,-458.89422090219955
3,-44.66706601266495,-48.39840889975491,17.202406309190962,10.879999999999999,-459.5323218452376
3,-45.163752950548904,-48.40078104919104,16.763091042428176,10.879999999999999,-460.17751831595973
3,-45.53627063221873,-48.39944671069473,16.447842166628504,10.879999999999999,-460.82803646784856
3,-45.66043988843287,-48.398408899754905,16.0686635950171,10.879999999999999,-461.4803284662547
3,-46.281229525049795,-48.388772413595966,15.679165642278612,10.879999999999999,-462.1414888880411
3,-47.274436299923636,-48.36979624612743,15.324709037926162,10.879999999999999,-462.81683797804004
3,-48.14354674713013,-48.35630508857408,15.25928301862219,10.879999999999999,-463.50460293157045
3,-49.136833766952165,-48.342072570705035,15.471932907821055,10.879999999999999,-464.20655769966976
3,-50.75095125425193,-48.32087193847624,15.846187832524143,10.879999999999999,-464.93157128901623
3,-52.116810476412354,-48.30945603983727,16.257548201713686,10.879999999999999,-465.676097152965
3,-53.482716431371905,-48.307825178575214,16.80791613653148,10.879999999999999,-466.4401359591274
3,-53.97940950590184,-48.309011261183926,17.363295321642163,10.879999999999999,-467.2112703806403
3,-56.46285127601513,-48.320872042181584,18.082875613113725,10.879999999999999,-468.01788254172624
3,-57.456193996650924,-48.330360558765456,18.428558665929216,10.879999999999999,-468.83868531310696
3,-58.201158553511895,-48.341034937022435,18.63184575999893,10.879999999999999,-469.6701304353
3,-58.57361959050994,-48.347706299792236,18.505039555836046,10.879999999999999,-470.50689642945014
3,-58.69776760522905,-48.35022655406944,18.35425632378331,10.879999999999999,-471.3454359666677
3,-58.69776760522905,-48.35022655406944,18.172352737987104,10.879999999999999,-472.1839755038853
3,-58.69776760522905,-48.35022655406944,18.08094622834667,10.879999999999999,-473.02251504110285
3,-58.69776760522905,-48.35022655406944,18.05968348393739,10.879999999999999,-473.8610545783204
3,-58.69776760522905,-48.35022655406944,18.102327765522677,10.879999999999999,-474.699594115538
3,-58.69776760522905,-48.35022655406944,18.192615294953836,10.879999999999999,-475.53813365275556
3,-58.69776760522905,-48.35022655406944,18.360636884503172,10.879999999999999,-476.37667318997313
3,-58.69776760522905,-48.35022655406944,18.562163673426806,10.879999999999999,-477.2152127271907
3,-58.69776760522905,-48.35022655406944,18.824840661287904,10.879999999999999,-478.0537522644083
3,-58.69776760522905,-48.35022655406944,19.12398470786992,10.879999999999999,-478.89229180162584
3,-58.57361959050994,-48.347706299792236,19.50699841079061,10.879999999999999,-479.729057795776
3,-58.57361959050994,-48.347706299792236,19.95894566454126,10.879999999999999,-480.5658237899261
3,-58.57361959050994,-48.347706299792236,20.416362519550795,10.879999999999999,-481.40258978407627
3,-58.076994961880814,-48.33940410816856,20.781962262380425,10.879999999999999,-482.23226114067455
3,-57.456180543688596,-48.33125001884979,20.92753834155307,10.879999999999999,-483.0530637198701
3,-56.33864449239681,-48.3245783770937,20.814584655474334,10.879999999999999,-483.8579014983329
3,-54.351934504484234,-48.338811138443106,20.52854938532828,10.879999999999999,-484.63435770553986
3,-52.36563234881871,-48.38150650078704,19.914555805661305,10.879999999999999,-485.38243816766584
3,-50.62817962958184,-48.439613557550054,18.984289556685273,10.879999999999999,-486.10569787665986
3,-46.03878918827142,-48.65347361534166,17.79928691742626,10.879999999999999,-486.76339486506373
3,-42.816523155237405,-48.85379129778594,16.442517995819088,10.879999999999999,-487.3750594815671
3,-39.2250425608982,-49.11583169020266,14.814161862428588,10.879999999999999,-487.9354172324371
3,-35.38797883196225,-49.423439690318986,13.259072379139823,10.879999999999999,-488.4409597871794
3,-30.563601302677817,-49.845002100905475,11.558371099654273,10.879999999999999,-488.87758266293196
3,-27.101044561862576,-50.16006757577516,10.013832199213773,10.879999999999999,-489.26474044238716
3,-23.761790989265588,-50.45989386229841,8.51146334466945,10.879999999999999,-489.6041945993767
3,-21.658853197239154,-50.643652185426845,7.410672633254046,10.879999999999999,-489.9136067879087
3,-17.08002175462387,-51.0217323255503,6.514946675898898,10.879999999999999,-490.157607098689
3,-15.222688333296816,-51.161706081728376,5.8691912634774335,10.879999999999999,-490.37507407487897
3,-13.612171628352344,-51.271482065206506,5.488362037519414,10.879999999999999,-490.5695336695697
3,-12.248606844209917,-51.351348402680635,5.648528267722757,10.879999999999999,-490.74451376734413
3,-11.380338836595556,-51.39180864433181,5.968056298292544,10.879999999999999,-490.9070900364384
3,-10.883964834133993,-51.40959602856273,6.421304052255267,10.879999999999999,-491.06257524835456
3,-10.511585218638912,-51.41982469316854,6.95686662280352,10.879999999999999,-491.21274075147795
3,-10.263295561412999,-51.42516165403891,7.46061313849276,10.879999999999999,-491.35935925949815
3,-9.890820363459994,-51.4309435677145,7.962640831156668,10.879999999999999,-491.5006566932619
3,-9.518321091625554,-51.43494652233293,8.471547080668397,10.879999999999999,-491.63663270885655
3,-9.021634153741596,-51.437318671769056,9.000921080222353,10.879999999999999,-491.76551319676713
3,-8.773286908398529,-51.437318671769056,9.418009044674239,10.879999999999999,-491.8908458668871
3,-8.276592417712395,-51.437318671769056,9.628743671586559,10.879999999999999,-492.00908290142587
3,-7.5315535139937015,-51.435539549546846,9.555008619423829,10.879999999999999,-492.11667652305437
3,-6.413998344764071,-51.431536526449065,9.380922282648664,10.879999999999999,-492.20830507083673
3,-5.6689587329691635,-51.429757402536,8.978345187141388,10.879999999999999,-492.2892901955934
3,-4.0547031724087335,-51.427830017380984,8.493101277390464,10.879999999999999,-492.34721452662785
3,-2.9371416304822815,-51.42916436094984,7.948967352045154,10.879999999999999,-492.3891736927776
3,-1.3228952749283716,-51.434946505424406,7.371202027710792,10.879999999999999,-492.4080721967052
3,-0.4536956119165628,-51.44013558971338,6.77345189916971,10.879999999999999,-492.4145535625897
3,0.16715066915411292,-51.4453246444125,6.151588331680582,10.879999999999999,-492.4121656958875
3,0.5396584377965183,-51.44843807723198,5.761458620426998,10.879999999999999,-492.40445628963323
3,0.6638298182267767,-51.449179374987544,5.684989463898643,10.879999999999999,-492.3949730065157
3,0.6638298182267767,-51.449179374987544,5.9138790682980416,10.879999999999999,-492.3854897233982
3,0.6638298182267767,-51.449179374987544,5.996290625929247,10.879999999999999,-492.3760064402807
3,0.6638298182267767,-51.449179374987544,5.881336122411561,10.879999999999999,-492.3665231571632
3,0.6638298182267767,-51.449179374987544,5.701105225289799,10.879999999999999,-492.3570398740457
3,0.6638298182267767,-51.449179374987544,5.5140137103132485,10.879999999999999,-492.3475565909282
3,0.6638298182267767,-51.449179374987544,5.168061463267752,10.879999999999999,-492.3380733078107
3,0.5396570216457067,-51.44873459464335,4.725804776879242,10.879999999999999,-492.3303639217872
3,0.29131001232871756,-51.44873459464335,4.3305851957066555,10.879999999999999,-492.3262023501825
3,0.04296347506374851,-51.449327635947704,4.1947939581820375,10.879999999999999,-492.325588586253
3,-0.8262345357956664,-51.45451671037341,4.114045869861283,10.879999999999999,-492.33739193676433
3,-2.0678385905402124,-51.47230729007775,4.179755252887127,10.879999999999999,-492.3669324880578
3,-3.433310990526397,-51.506551666125326,4.540407986876353,10.879999999999999,-492.4159797879224
3,-5.0465970544316034,-51.562434574630856,5.05817340689847,10.879999999999999,-492.4880740315572
3,-7.279649334598154,-51.65847741159518,5.830008477025654,10.879999999999999,-492.5920690220514
3,-10.627479151306074,-51.83852615229193,6.813887277982503,10.879999999999999,-492.7438901527844
3,-13.477749932866365,-52.01913467887022,7.959370370495195,10.879999999999999,-492.93642943753963
3,-14.592725155605725,-52.09513358111949,9.232887476473806,10.879999999999999,-493.1448969397626
3,-20.041380480566044,-52.49921730268963,10.760284599619332,10.879999999999999,-493.43120237519923
3,-23.47167680686715,-52.49921730268963,12.26628353193204,10.879999999999999,-493.7665120438688
3,-26.566672481683398,-52.73989872712397,13.778557262438966,10.879999999999999,-494.1460359364643
3,-29.78634162622929,-52.97867615248111,15.09295838023903,10.879999999999999,-494.57155510255325
3,-33.25486618032023,-53.21925852269991,16.124941148191784,10.879999999999999,-495.04662461941496
3,-35.48567634232416,-53.3579406541703,16.997612821119553,10.879999999999999,-495.5535628528767
3,-37.46970571347554,-53.462267621578064,17.332479314676966,10.879999999999999,-496.08884436306926
3,-38.08990068403377,-53.49116795898492,17.4716282578962,10.879999999999999,-496.6329858014126
3,-40.571742391533306,-53.580103865846866,17.371425265877622,10.879999999999999,-497.21258212129163
3,-41.31660923946933,-53.59611470280836,17.011396051774483,10.879999999999999,-497.8028193961412
3,-41.93742247763345,-53.60426877662803,16.626250635551173,10.879999999999999,-498.401925431536
3,-42.434109415517405,-53.60664092606416,16.01703126560746,10.879999999999999,-499.00812699461477
3,-42.80662709718723,-53.60530658756785,15.443227966731396,10.879999999999999,-499.6196502388603
3,-43.05496277734618,-53.602934458421885,15.009243665680895,10.879999999999999,-500.23472113567954
3,-43.675777195538394,-53.59478036910312,14.611116162936293,10.879999999999999,-500.8586608099015
3,-45.04156891556127,-53.57684137260183,14.326575924322873,10.879999999999999,-501.50211179440953
3,-46.03488708993132,-53.56498081705012,14.414057090970466,10.879999999999999,-502.1597530385514
3,-47.524864351486386,-53.54718998372256,14.81055069683374,10.879999999999999,-502.83867967214405
3,-49.26321411259903,-53.530585079700785,15.35305522862472,10.879999999999999,-503.5424398737526
3,-51.62249276317458,-53.52213426922419,16.234723166908633,10.879999999999999,-504.27990405608364
3,-53.36091687185153,-53.52628555440935,17.10468351546409,10.879999999999999,-505.04220286853865
3,-55.2234875783054,-53.53740502074287,18.051304727086617,10.879999999999999,-505.831109833943
3,-56.96183733941804,-53.55400992476464,18.692548997072652,10.879999999999999,-506.64485036736323
3,-58.700018583770444,-53.58306751259943,19.21227913760033,10.879999999999999,-507.4834220614171
3,-59.569010081318055,-53.602784458751586,19.515672805562254,10.879999999999999,-508.3344079197217
3,-60.18971829385206,-53.61686799171741,19.543409596453856,10.879999999999999,-509.1942610382053
3,-60.18971829385206,-53.61686799171741,19.326168743697654,10.879999999999999,-510.0541141566889
3,-60.18971829385206,-53.61686799171741,18.995069530335524,10.879999999999999,-510.9139672751725
3,-60.18971829385206,-53.61686799171741,18.91510644012689,10.879999999999999,-511.77382039365614
3,-60.18971829385206,-53.61686799171741,18.921952477640257,10.879999999999999,-512.6336735121397
3,-60.18971829385206,-53.61686799171741,19.108567853644313,10.879999999999999,-513.4935266306233
3,-60.18971829385206,-53.61686799171741,19.359209416419148,10.879999999999999,-514.3533797491068
3,-60.18971829385206,-53.61686799171741,19.50408396420888,10.879999999999999,-515.2132328675904
3,-60.06557027913295,-53.61434773744021,19.758239974281377,10.879999999999999,-516.0713124430066
3,-59.9414166001336,-53.61212394985028,20.032532142172727,10.879999999999999,-516.9276183944371
3,-59.9414166001336,-53.61212394985028,20.4330753036147,10.879999999999999,-517.7839243458676
3,-59.69309508117995,-53.60856582376462,20.893911098748937,10.879999999999999,-518.6366828470274
3,-59.444759401021,-53.60619369461865,21.17497088521615,10.879999999999999,-519.4858936956134
3,-59.072245259730224,-53.60396980135195,21.50811455828653,10.879999999999999,-520.3297829136095
3,-57.95469009049333,-53.605304137311975,21.542745329734718,10.879999999999999,-521.1577070577595
3,-56.4647723048312,-53.6266527315095,21.473904702987802,10.879999999999999,-521.9643466621142
3,-54.602881305453224,-53.67779586011467,21.018326601486933,10.879999999999999,-522.7443878236206
3,-52.12147614248314,-53.77858442722007,20.213349106119587,10.879999999999999,-523.4889803399418
3,-48.40191646786441,-53.98307927462746,19.079645533143406,10.879999999999999,-524.1804362894827
3,-44.93283719487525,-54.21537762639518,17.7705075738433,10.879999999999999,-524.8223339636952
3,-41.21851342844708,-54.499759692471336,16.140204359171925,10.879999999999999,-525.4111698698159
3,-38.49623212094731,-54.72781487061287,14.343309042684137,10.879999999999999,-525.9611160429723
3,-32.064396807024806,-55.29757862111274,12.56438221375871,10.879999999999999,-526.4191788545013
3,-28.231271973213428,-55.65097794251053,10.727463404034708,10.879999999999999,-526.8224827398329
3,-24.27406803030468,-56.01105242872245,9.015182198889324,10.879999999999999,-527.1692551402658
3,-19.57289982491591,-56.41619323743933,7.401100135117251,10.879999999999999,-527.4488679949075
3,-16.478493591903046,-56.664264205275074,6.274282710982058,10.879999999999999,-527.6842750462204
3,-14.001825019175428,-56.84793914785749,5.291036124237443,10.879999999999999,-527.8843011179229
3,-12.143536513470266,-56.9746037441784,4.7243901728488344,10.879999999999999,-528.0577802109724
3,-11.028047580633162,-57.042613105746334,4.702484803738743,10.879999999999999,-528.2153237478386
3,-9.291625510689665,-57.12560614614003,4.958101217715206,10.879999999999999,-528.3480612551342
3,-8.79521044805056,-57.14220816235803,5.5659562818602355,10.879999999999999,-528.4737071186778
3,-8.422807468709658,-57.151547573147965,6.139489725788055,10.879999999999999,-528.5940329396593
3,-8.174505774991198,-57.1562916150151,6.825568210487501,10.879999999999999,-528.7108115935878
3,-8.050347139675985,-57.15821892323701,7.452564114248617,10.879999999999999,-528.825816552726
3,-7.802017832092728,-57.161184059306905,8.061939293116048,10.879999999999999,-528.9372739503273
3,-7.553677195448334,-57.1629631680023,8.656904197370423,10.879999999999999,-529.0451836245479
3,-7.429504398867264,-57.163407948346496,9.042978647377499,10.879999999999999,-529.1513194016746
3,-7.056984592969205,-57.1629631680023,9.362707888188329,10.879999999999999,-529.2521334672884
3,-6.808643956324811,-57.161184059306905,9.563251434462257,10.879999999999999,-529.3493998095216
3,-6.063656033575041,-57.152288651097216,9.695961071990762,10.879999999999999,-529.4360234671441
3,-5.070369013753008,-57.13805613322817,9.398615500708793,10.879999999999999,-529.5084573101977
3,-3.9529030610070173,-57.12337877245439,9.12310836082142,10.879999999999999,-529.5649273539265
3,-2.8354371082610266,-57.108701411680606,8.56400696125176,10.879999999999999,-529.6054335983301
3,-1.5937905703447424,-57.093875731331124,8.017841689655732,10.879999999999999,-529.6282020350493
3,-0.10374675047838111,-57.08320107915877,7.372924997887543,10.879999999999999,-529.6296841314847
3,0.8896384544798774,-57.08082891619582,6.668699430368341,10.879999999999999,-529.6169750107065
3,1.7588529870893397,-57.0818667389716,5.92428287940309,10.879999999999999,-529.5918485394624
3,2.2555413411119964,-57.084238895171126,5.521026600774962,10.879999999999999,-529.5596265203036
3,2.379712721542255,-57.08498019292669,5.5681483174350666,10.879999999999999,-529.5256306242816
3,2.379712721542255,-57.08498019292669,5.8323830296854915,10.879999999999999,-529.4916347282596
3,2.379712721542255,-57.08498019292669,5.915561235368913,10.879999999999999,-529.4576388322375
3,2.379712721542255,-57.08498019292669,5.796360951719874,10.879999999999999,-529.4236429362155
3,2.379712721542255,-57.08498019292669,5.488764280449218,10.879999999999999,-529.3896470401935
3,2.379712721542255,-57.08498019292669,5.017603615082283,10.879999999999999,-529.3556511441715
3,2.379712721542255,-57.08498019292669,4.598867291268444,10.879999999999999,-529.3216552481495
3,2.007194331799045,-57.0836458518941,4.255707586948824,10.879999999999999,-529.2929810434094
3,1.6346745259009856,-57.08409063223829,3.9830478244038656,10.879999999999999,-529.2696285501822
3,1.0138176237496936,-57.08779712101613,3.786295184567876,10.879999999999999,-529.2551454412716
3,0.26883182508078574,-57.09669250386357,3.629495622869156,10.879999999999999,-529.2513049866276
3,0.020519274773120433,-57.10084360362057,3.735756923306838,10.879999999999999,-529.2510118541309
3,-2.5860934418566335,-57.17244303099574,4.139518073429145,10.879999999999999,-529.2879560461574
3,-4.571028802004678,-57.257814441630686,4.735645881823393,10.879999999999999,-529.3532564576146
3,-7.051065515943904,-57.38822315089039,5.583029546361994,10.879999999999999,-529.4539859649852
3,-10.76850224304424,-57.62823668315785,6.660131564980109,10.879999999999999,-529.6078217113144
3,-13.988171387590134,-57.867014108514994,8.002726286115053,10.879999999999999,-529.8076527311371
3,-17.45423974977071,-58.14071571224177,9.377793344879782,10.879999999999999,-530.0569990132766
3,-21.166441532724956,-58.451700046071046,10.999812986892163,10.879999999999999,-530.3593767494584
3,-23.764188216992892,-58.67869562170041,12.561442349030575,10.879999999999999,-530.6988651525584
3,-29.578192700830648,-59.18673333858519,14.207113942587227,10.879999999999999,-531.1214107625702
3,-32.79543424605766,-59.45625309457056,15.854042684903133,10.879999999999999,-531.5899169660853
3,-36.01392629665391,-59.71040458374543,16.94586178351287,10.879999999999999,-532.104401627466
3,-39.60600873545391,-59.963866982175496,17.882924045708656,10.879999999999999,-532.6702017522582
3,-41.71333612912858,-60.08729677645369,18.278056107102888,10.879999999999999,-533.2661065541029
3,-43.44977800254852,-60.17029076336306,18.648539142994256,10.879999999999999,-533.886817668425
3,-45.06291988854902,-60.23002573515438,18.5002910766903,10.879999999999999,-534.5305736668329
3,-46.30429147474958,-60.25967475693122,18.317780859558514,10.879999999999999,-535.1920635450435
3,-47.04927727341849,-60.26857013977866,17.986763798756048,10.879999999999999,-535.864196077521
3,-47.670141256327874,-60.26931143753423,17.415955946802335,10.879999999999999,-536.5451980954685
3,-48.539340919339686,-60.264122353245256,17.03651318952867,10.879999999999999,-537.2386172514591
3,-49.284347959816536,-60.25700596580735,16.644266933191943,10.879999999999999,-537.9426793651708
3,-50.153512927430235,-60.247665738364354,16.319897736311614,10.879999999999999,-538.659158121277
3,-51.02269772092918,-60.24040106178558,16.219580861185293,10.879999999999999,-539.3880538030045
3,-52.14024014480151,-60.23372938198547,16.258847214403882,10.879999999999999,-540.1329143765016
3,-53.75449263702643,-60.23180200049395,16.48119072946967,10.879999999999999,-540.9008356998877
3,-55.1203933994182,-60.23669458428012,16.80314704209362,10.879999999999999,-541.688269891308
3,-56.48627858415104,-60.24484885959137,17.203412362294195,10.879999999999999,-542.4952167282245
3,-58.22462834526368,-60.26145376361315,17.86096418358328,10.879999999999999,-543.3269971331569
3,-59.59042006528656,-60.27939276011444,18.29450092567423,10.879999999999999,-544.1782888483752
3,-60.707847783123476,-60.296738534111604,18.504531346293373,10.879999999999999,-545.0455438167056
3,-61.57695823032997,-60.31022969166495,18.83894118534245,10.879999999999999,-545.9252146485675
3,-62.07360174024099,-60.317345950599474,18.877102832378085,10.879999999999999,-546.8119803877138
3,-62.694432679903315,-60.32401752894901,18.920281132830212,10.879999999999999,-547.7076151402838
3,-62.94277355256773,-60.325796639335245,18.734816205012418,10.879999999999999,-548.6067976196061
3,-63.06694493299799,-60.32653793709081,18.585633321273676,10.879999999999999,-549.5077539757918
3,-63.06694493299799,-60.32653793709081,18.502795459075852,10.879999999999999,-550.4087103319775
3,-63.06694493299799,-60.32653793709081,18.575879397227357,10.879999999999999,-551.3096666881632
3,-63.06694493299799,-60.32653793709081,18.73099706319525,10.879999999999999,-552.210623044349
3,-63.06694493299799,-60.32653793709081,18.925548708466074,10.879999999999999,-553.1115794005347
3,-63.06694493299799,-60.32653793709081,19.12940101663496,10.879999999999999,-554.0125357567204
3,-62.94277213641692,-60.326093156746616,19.41155477217441,10.879999999999999,-554.911718215812
3,-62.94277213641692,-60.326093156746616,19.832889233800753,10.879999999999999,-555.8109006749037
3,-62.94277213641692,-60.326093156746616,20.211430919970443,10.879999999999999,-556.7100831339953
3,-62.81859863175843,-60.32594489635007,20.699100147870404,10.879999999999999,-557.6074916858776
3,-62.44607811778294,-60.326389677539694,21.187478200018216,10.879999999999999,-558.4995785161316
3,-61.94938976376028,-60.32876183373923,21.474552768310225,10.879999999999999,-559.384569798471
3,-60.83193018315877,-60.34343911081804,21.664956357754217,10.879999999999999,-560.2535973725162
3,-60.459486139001434,-60.35099987364964,21.708812755968353,10.879999999999999,-561.1173043173591
3,-57.97724798784282,-60.42808176222437,21.402877108332707,10.879999999999999,-561.9455507171854
3,-55.74443142015473,-60.52945674704186,20.847418564184657,10.879999999999999,-562.7418997374733
3,-52.273308057528425,-60.72860804845457,19.93630023552644,10.879999999999999,-563.4886612811523
3,-48.928388747259135,-60.956604321832216,18.782562745341213,10.879999999999999,-564.187638263256
3,-45.46168656525951,-61.2220275835033,17.235576127447946,10.879999999999999,-564.8370909284739
3,-41.25452454457805,-61.574476495176576,15.496955874496189,10.879999999999999,-565.4264412791107
3,-37.172351183585555,-61.93118382830825,13.636090468089265,10.879999999999999,-565.9574748674477
3,-31.606928562590568,-62.430894305847005,11.818898130370306,10.879999999999999,-566.4090024183419
3,-27.278266524038898,-62.819558010599366,9.900804921418732,10.879999999999999,-566.7986919401138
3,-23.196093163046402,-63.17626534373104,8.069147466874554,10.879999999999999,-567.1300646995859
3,-18.617261720431117,-63.5543454838545,6.448002891826272,10.879999999999999,-567.3960255813063
3,-15.645794235154973,-63.78185178537263,5.296595086826326,10.879999999999999,-567.6195369275227
3,-13.16828376032115,-63.9536958455724,4.6085662568402155,10.879999999999999,-567.8076552669559
3,-10.81303549680241,-64.09164679211861,4.482581452229895,10.879999999999999,-567.9621272026245
3,-10.19291248585519,-64.12202798520623,4.5835477929203,10.879999999999999,-568.1077402381368
3,-8.95209310268271,-64.16945938685012,5.114312629364413,10.879999999999999,-568.2356272824608
3,-8.579713487187629,-64.17968805145593,5.645698938057462,10.879999999999999,-568.358194617992
3,-8.083111515647156,-64.18917610813813,6.37575609519062,10.879999999999999,-568.4736676396441
3,-7.958948632008712,-64.19080692600188,7.049741228878526,10.879999999999999,-568.5873669058157
3,-7.710612951849764,-64.19317905514785,7.677293041756395,10.879999999999999,-568.6975185194135
3,-7.462268774838435,-64.19436513324762,8.292812400593576,10.879999999999999,-568.8041223590541
3,-7.089748968940376,-64.19392035290342,8.745663021081809,10.879999999999999,-568.9054044871818
3,-6.965577588510118,-64.19317905514785,9.077356500775624,10.879999999999999,-569.0049127384463
3,-6.220570548033272,-64.18606266770995,9.29727262959117,10.879999999999999,-569.0937780319896
3,-5.1030727325299505,-64.17405380385466,9.148740608404394,10.879999999999999,-569.1666790710258
3,-3.9855749170266295,-64.16204493999938,8.907029270582884,10.879999999999999,-569.2236158555547
3,-2.976664232820421,-64.16204493999938,8.360417267914297,10.879999999999999,-569.2661396303093
3,-1.2383144717077812,-64.1454400359776,7.782531961114304,10.879999999999999,-569.2838298370481
3,0.0033898916142911517,-64.13654448404642,7.163262663764416,10.879999999999999,-569.283781410025
3,1.1209323154866164,-64.12987280424632,6.519745078148843,10.879999999999999,-569.2677680912323
3,1.4934507052298263,-64.12853846321373,5.847209295277286,10.879999999999999,-569.2464330811575
3,2.983532761131762,-64.12853846321373,5.499510022867804,10.879999999999999,-569.20381118457
3,3.231879298396732,-64.12913150451809,5.293225459256691,10.879999999999999,-569.1576414803071
3,3.231879298396732,-64.12913150451809,5.594658229637006,10.879999999999999,-569.1114717760443
3,3.231879298396732,-64.12913150451809,5.832834179363747,10.879999999999999,-569.0653020717814
3,3.231879298396732,-64.12913150451809,5.869567097501277,10.879999999999999,-569.0191323675185
3,3.231879298396732,-64.12913150451809,5.7228836954892754,10.879999999999999,-568.9729626632557
3,3.231879298396732,-64.12913150451809,5.590067464407557,10.879999999999999,-568.9267929589928
3,3.231879298396732,-64.12913150451809,5.363114216636886,10.879999999999999,-568.8806232547299
3,3.107705793738237,-64.12898324412154,4.992792251595052,10.879999999999999,-568.8362274576765
3,3.107705793738237,-64.12898324412154,4.558603658284149,10.879999999999999,-568.7918316606231
3,3.107705793738237,-64.12898324412154,4.14909483116116,10.879999999999999,-568.7474358635696
3,2.735188112068414,-64.13031758261785,3.6743965324552494,10.879999999999999,-568.7083617476829
3,2.238506366739585,-64.13387580339032,3.5030327180890626,10.879999999999999,-568.6763830853009
3,1.4935205680706773,-64.14277118623777,3.490678185645714,10.879999999999999,-568.6550470771856
3,0.12789500191138936,-64.1704939305922,3.6461712296584183,10.879999999999999,-568.6532200057297
3,-1.9821037033763775,-64.23349489829232,4.123745988817523,10.879999999999999,-568.6815357729208
3,-3.9672372669850473,-64.31412613513133,4.736662116244825,10.879999999999999,-568.7382105910206
3,-6.571431881962914,-64.44794573433124,5.628387577166888,10.879999999999999,-568.8320881893343
3,-10.413086591944339,-64.69137369257326,6.875739004832944,10.879999999999999,-568.9808465692192
3,-14.004567186283543,-64.95341408498999,8.242239213001495,10.879999999999999,-569.1809118147376
3,-17.470635548464127,-65.22711568871676,9.789444292346174,10.879999999999999,-569.4304923225727
3,-21.43031745028199,-65.558832311468,11.564627992486114,10.879999999999999,-569.7366397147196
3,-25.141769560800746,-65.87868062232954,13.339312080156965,10.879999999999999,-570.0958078513024
3,-29.96714917777032,-66.28872222833897,15.158682590495363,10.879999999999999,-570.5239099824134
3,-33.30910790942421,-66.55663887360157,16.989195893471994,10.879999999999999,-570.9997543811195
3,-36.5287770539701,-66.79541629895871,18.20962906909181,10.879999999999999,-571.5215940533191
3,-39.750555550790395,-67.00342802692384,19.05824461938665,10.879999999999999,-572.0894591326161
3,-41.61069456148887,-67.09901345492378,19.355846975905735,10.879999999999999,-572.6838976263516
3,-42.85140303874429,-67.14940797794816,19.325905635536596,10.879999999999999,-573.2960605269051
3,-43.59613253574749,-67.17075438092371,18.904905609486455,10.879999999999999,-573.918862420273
3,-44.09275574841961,-67.1790565488765,18.235339161661933,10.879999999999999,-574.5487589309647
3,-44.46526280900882,-67.18216997577804,17.634112299377627,10.879999999999999,-575.1839769710934
3,-44.58943560558989,-67.18261475612223,17.077130017856184,10.879999999999999,-575.8209689083161
3,-44.83778261490688,-67.18261475612223,16.657349199402358,10.879999999999999,-576.4615086599576
3,-44.96195541148795,-67.18216997577804,16.007147903715058,10.879999999999999,-577.1038223086932
3,-45.08612679191821,-67.18142867802247,15.465910889533514,10.879999999999999,-577.747909834292
3,-45.21029604813235,-67.18039086708265,14.988323675440459,10.879999999999999,-578.3937712064082
3,-45.58278399103082,-67.17549842279085,14.60390213752395,10.879999999999999,-579.0449538348515
3,-45.95524502802887,-67.16882706002106,14.24209005724837,10.879999999999999,-579.7014573352519
3,-47.320987420523224,-67.14762670987722,14.062998034266007,10.879999999999999,-580.3774714412594
3,-48.6867791405461,-67.12968771337593,14.420306988969028,10.879999999999999,-581.072996857553
3,-50.300896627845866,-67.10848708114713,14.909296087044272,10.879999999999999,-581.7915810950936
3,-51.91509389039909,-67.09499556457381,15.626281202893667,10.879999999999999,-582.533225293528
3,-54.274385994420136,-67.09217862239389,16.594176475690197,10.879999999999999,-583.3085736648768
3,-55.888632349974046,-67.09796076686845,17.748608220699342,10.879999999999999,-584.1069826984478
3,-57.5028602955674,-67.10759763769083,18.701755106014698,10.879999999999999,-584.9284521312417
3,-58.4962030162032,-67.1170861542747,19.089696205637487,10.879999999999999,-585.7641121743303
3,-59.98613212992513,-67.13843491078866,19.542097469855804,10.879999999999999,-586.6210569190436
3,-60.35860803587077,-67.14421683545439,19.343479001985337,10.879999999999999,-587.4833227481274
3,-60.48277091950922,-67.14584765331814,19.29786370114838,10.879999999999999,-588.3473623326919
3,-60.48277091950922,-67.14584765331814,19.12998377625111,10.879999999999999,-589.2114019172564
3,-60.48277091950922,-67.14584765331814,19.13964498554375,10.879999999999999,-590.0754415018208
3,-60.48277091950922,-67.14584765331814,19.213927162356292,10.879999999999999,-590.9394810863853
3,-60.48277091950922,-67.14584765331814,19.330330391114945,10.879999999999999,-591.8035206709498
3,-60.48277091950922,-67.14584765331814,19.59063153089911,10.879999999999999,-592.6675602555142
3,-60.48277091950922,-67.14584765331814,19.832788736503048,10.879999999999999,-593.5315998400787
3,-60.48277091950922,-67.14584765331814,20.21349873515424,10.879999999999999,-594.3956394246432
3,-60.48277091950922,-67.14584765331814,20.601256510073547,10.879999999999999,-595.2596790092076
3,-60.48277091950922,-67.14584765331814,21.03134548370135,10.879999999999999,-596.1237185937721
3,-60.234435239350276,-67.14347552417217,21.465173907693018,10.879999999999999,-596.9842105257628
3,-59.61357833719899,-67.13976903539434,21.68640846456334,10.879999999999999,-597.8358330734371
3,-58.37185627199312,-67.14273421655332,21.757130053844058,10.879999999999999,-598.6697167344656
3,-57.626868349243345,-67.151629624763,21.566475857840647,10.879999999999999,-599.4929577108834
3,-55.019923588136685,-67.21077978862705,21.01017117462488,10.879999999999999,-600.2789566192854
3,-52.66225467782827,-67.29808474739897,20.11903464276753,10.879999999999999,-601.0312745432544
3,-48.56997218996763,-67.5083714898677,18.93705419453266,10.879999999999999,-601.7251312888254
3,-45.10034809056699,-67.73238518448335,17.512171497283195,10.879999999999999,-602.3694219758336
3,-41.3853558235486,-68.00789681282657,15.771749788556047,10.879999999999999,-602.9606413447414
3,-37.30153318554038,-68.34510342428803,13.854336496118268,10.879999999999999,-603.493520390249
3,-31.98233759394408,-68.80990388867173,12.009901742692552,10.879999999999999,-603.9504109273054
3,-30.49806649548335,-68.94138795605556,10.112272900841264,10.879999999999999,-604.3860975915265
3,-25.453513074452307,-68.94138795605556,8.304551196954083,10.879999999999999,-604.7497192068759
3,-21.247204680157086,-69.30388236385488,6.854368540946689,10.879999999999999,-605.0532507023066
3,-18.771915470468137,-69.50529495548405,5.787138293920023,10.879999999999999,-605.3214209233133
3,-16.790586261391663,-69.65223449060043,5.541860055936128,10.879999999999999,-605.5612864413332
3,-15.303604504505676,-69.74824035972142,5.562111391545539,10.879999999999999,-605.7799093628262
3,-14.31159453292276,-69.80040359554764,5.954581657359853,10.879999999999999,-605.9843607132965
3,-13.939399686997396,-69.81596638072502,6.423344635507342,10.879999999999999,-606.1834949945393
3,-13.44298462435829,-69.83256839694302,7.0682510673116825,10.879999999999999,-606.3755376320302
3,-13.07058164501739,-69.84190780773295,7.677841187684406,10.879999999999999,-606.562260226959
3,-12.698121315983716,-69.84857915782199,8.234098482597156,10.879999999999999,-606.7436619600445
3,-12.325622752186325,-69.85258210483171,8.771072545731807,10.879999999999999,-606.9197422850757
3,-11.953105070516502,-69.85391644332802,9.171408940014075,10.879999999999999,-607.0905009289402
3,-11.580584556541018,-69.8534716621384,9.467657941126744,10.879999999999999,-607.2559378511764
3,-10.959720573635668,-69.85124776041742,9.66554677202137,10.879999999999999,-607.4125052879426
3,-10.46303930034688,-69.84768954302663,9.519509335265758,10.879999999999999,-607.5619772779476
3,-9.097208636953932,-69.83301204275907,9.246679583205523,10.879999999999999,-607.6919374013327
3,-7.482951542223999,-69.83301204275907,8.799111150626803,10.879999999999999,-607.7988367090787
3,-6.241303824261445,-69.81818634831944,8.274206669394355,10.879999999999999,-607.8879981922825
3,-4.751289743307753,-69.80395357344364,7.748997639614085,10.879999999999999,-607.955873760044
3,-3.633747319435427,-69.79728189364353,7.083416109572557,10.879999999999999,-608.007784436036
3,-2.8887084157167333,-69.79550277142131,6.38359659581725,10.879999999999999,-608.0490516991176
3,-2.2678408924242603,-69.79624407340401,5.853979189015493,10.879999999999999,-608.0814494261523
3,-2.019494355159291,-69.79683711470837,5.7671442256525465,10.879999999999999,-608.1102993455117
3,-2.019494355159291,-69.79683711470837,6.00988498542654,10.879999999999999,-608.1391492648712
3,-2.019494355159291,-69.79683711470837,6.081688165376005,10.879999999999999,-608.1679991842307
3,-2.019494355159291,-69.79683711470837,5.989904715533255,10.879999999999999,-608.1968491035901
3,-2.019494355159291,-69.79683711470837,5.7275603312502765,10.879999999999999,-608.2256990229496
3,-2.019494355159291,-69.79683711470837,5.496028550825789,10.879999999999999,-608.254548942309
3,-2.019494355159291,-69.79683711470837,5.252581867419915,10.879999999999999,-608.2833988616685
3,-2.2678413644762805,-69.79683711470837,4.847083263557593,10.879999999999999,-608.3157965954467
3,-2.3920141610573507,-69.79728189505256,4.532501288305407,10.879999999999999,-608.349968226319
3,-2.3920141610573507,-69.79728189505256,4.13648569555754,10.879999999999999,-608.3841398571913
3,-2.888695434346138,-69.80084011244335,3.6436920994153232,10.879999999999999,-608.4254069348248
3,-3.3853540495126513,-69.80677038458315,3.4550106842462114,10.879999999999999,-608.473769135532
3,-4.50273503661367,-69.82678443485027,3.5029560393446793,10.879999999999999,-608.5380939217694
3,-6.7370806976221385,-69.88548860524563,3.8183692997011875,10.879999999999999,-608.6343379317354
3,-8.846573933161245,-69.96360356835736,4.53395950287151,10.879999999999999,-608.7607175593521
3,-11.699465375016041,-70.09654486773698,5.552710100322125,10.879999999999999,-608.9278527789952
3,-12.691482888993848,-70.1487085001678,6.801838870061301,10.879999999999999,-609.1091596774094
3,-19.631748190913274,-70.58016197004778,8.387960751558483,10.879999999999999,-609.3896132229938
3,-23.595108380184335,-70.86457837515584,10.046222526045756,10.879999999999999,-609.7266861998536
3,-27.4336047470422,-71.15385802111261,11.90417398462393,10.879999999999999,-610.118594839097
3,-31.518999037799663,-71.47155750136575,13.826927578172514,10.879999999999999,-610.5688662539227
3,-36.47144484659323,-71.85073467056263,15.82823530573659,10.879999999999999,-611.0898868945883
3,-39.93878414372725,-72.10787983456552,17.678290306792096,10.879999999999999,-611.6604409537844
3,-42.168174250192216,-72.2678640624388,18.705988311439587,10.879999999999999,-612.2628434430728
3,-45.63830690115193,-72.4835907973788,19.307405863516095,10.879999999999999,-612.9148192559464
3,-47.994765384524094,-72.5990388922284,19.60743166200561,10.879999999999999,-613.6004587614397
3,-49.35973159575528,-72.64958386835953,19.47253203165594,10.879999999999999,-614.3055977842362
3,-50.1045134827581,-72.66915192515798,19.181847562405387,10.879999999999999,-615.0213765482756
3,-50.849472375589166,-72.67982622225674,18.711667220571734,10.879999999999999,-615.7477975822126
3,-51.22199005725899,-72.68116056075304,18.211955118342264,10.879999999999999,-616.4795402973162
3,-51.47033635849856,-72.6805675200123,17.771235079801727,10.879999999999999,-617.2148308167234
3,-51.59450773892882,-72.67982622225674,17.23230009215805,10.879999999999999,-617.9518952129938
3,-51.842843419087764,-72.67745409311077,16.703853720931402,10.879999999999999,-618.6925072618379
3,-51.96700630272621,-72.67582327524701,16.290505546366663,10.879999999999999,-619.4348930661625
3,-52.21531861704077,-72.67167217943518,15.88745623705102,10.879999999999999,-620.1808261892631
3,-52.58777965403882,-72.66500081666538,15.475763411460086,10.879999999999999,-620.9320801843209
3,-53.332765452707726,-72.65610543381794,15.231467722649752,10.879999999999999,-621.6939768336453
3,-53.953622354859014,-72.6523989450401,15.465270399785306,10.879999999999999,-622.4647428672861
3,-55.4437001622964,-72.64884070059568,15.8958419180193,10.879999999999999,-623.2567957267474
3,-55.81622067627189,-72.6492854817853,16.482557977219106,10.879999999999999,-624.054170307837
3,-57.802940104952995,-72.66351831076823,17.070355484608932,10.879999999999999,-624.8799265950506
3,-59.16868249744735,-72.68471866091207,17.83628015795195,10.879999999999999,-625.7251934878713
3,-60.161841126351,-72.70606650439353,18.206829510015083,10.879999999999999,-626.5846483611049
3,-60.78251393834477,-72.72163221863033,18.499130088833457,10.879999999999999,-627.4529699887955
3,-61.1548942616508,-72.73186090267856,18.48166348991539,10.879999999999999,-628.3266113353906
3,-61.1548942616508,-72.73186090267856,18.516220733804378,10.879999999999999,-629.2002526819856
3,-61.1548942616508,-72.73186090267856,18.556322615231842,10.879999999999999,-630.0738940285806
3,-61.1548942616508,-72.73186090267856,18.749619149253565,10.879999999999999,-630.9475353751757
3,-61.1548942616508,-72.73186090267856,18.949404249658212,10.879999999999999,-631.8211767217707
3,-61.1548942616508,-72.73186090267856,19.298586727394934,10.879999999999999,-632.6948180683657
3,-61.1548942616508,-72.73186090267856,19.68369647967888,10.879999999999999,-633.5684594149608
3,-61.1548942616508,-72.73186090267856,20.177182918774488,10.879999999999999,-634.4421007615558
3,-61.1548942616508,-72.73186090267856,20.720308856155434,10.879999999999999,-635.3157421081509
3,-61.030767487215456,-72.72845134132915,21.310321441111572,10.879999999999999,-636.187610215111
3,-60.7824912823099,-72.72252149188863,21.896523783058313,10.879999999999999,-637.055931519144
3,-59.91341718123133,-72.70695500834753,22.281414586028937,10.879999999999999,-637.9118374788759
3,-58.92007729277603,-72.69746651881695,22.459372975743655,10.879999999999999,-638.7535528687727
3,-57.30583093721162,-72.69939389298143,22.271672259648394,10.879999999999999,-639.5722075964471
3,-55.07095425871842,-72.73141678427773,21.70723984877016,10.879999999999999,-640.3589355144288
3,-51.22333150137839,-72.84630024674145,20.832571593110238,10.879999999999999,-641.0906973930199
3,-47.75007778974114,-73.00399391821449,19.468235514269573,10.879999999999999,-641.7728413614448
3,-43.78363447300733,-73.24106775778041,17.81465065949889,10.879999999999999,-642.3983218539163
3,-40.686999908929245,-73.45957065604208,15.971024180093657,10.879999999999999,-642.9795647097582
3,-33.26118873937574,-74.06380383685756,14.0025916919272,10.879999999999999,-643.4547245488922
3,-28.562009057171615,-74.49139228923421,11.870450771454752,10.879999999999999,-643.8627532497089
3,-23.74076614849497,-74.94750563266915,9.829350408094877,10.879999999999999,-644.2019070518303
3,-17.930550335474397,-75.49718068757791,7.788040239963424,10.879999999999999,-644.4580577709085
3,-17.930550335474397,-75.49718068757791,6.071197610981889,10.879999999999999,-644.7142084899866
3,-14.344723878037964,-75.82778005275665,4.71702979565704,10.879999999999999,-644.9191331168157
3,-11.74698213150019,-76.05477519691861,4.047815844947514,10.879999999999999,-645.0869471472657
3,-10.261528497274472,-76.1720755497869,4.047470001912621,10.879999999999999,-645.2335404115125
3,-8.279206904052863,-76.30481683430133,4.313755973692052,10.879999999999999,-645.3518147958562
3,-7.411146982385454,-76.34942311300682,5.031673774604491,10.879999999999999,-645.4576883241759
3,-6.914816870586297,-76.36839576382124,5.656355612317547,10.879999999999999,-645.5564714223271
3,-6.542462742365862,-76.37951362391577,6.3438918921967895,10.879999999999999,-645.6499351757896
3,-6.170038522741195,-76.3879637276335,6.926546270787482,10.879999999999999,-645.7380785832573
3,-5.79756332478819,-76.3937456413091,7.456886111430113,10.879999999999999,-645.8209009164686
3,-5.549227644629242,-76.39611777045506,7.975097152898313,10.879999999999999,-645.9001755971062
3,-5.300883467617913,-76.39730384855483,8.493693671301573,10.879999999999999,-645.9759025037865
3,-4.431678848058479,-76.3941904038994,8.875906501489176,10.879999999999999,-646.0392122016159
3,-3.810846728334412,-76.38751881286869,9.149352791693559,10.879999999999999,-646.0936528691635
3,-2.569199010371859,-76.37269311842907,9.174010869257524,10.879999999999999,-646.1303557121688
3,-1.327591415603576,-76.35490248800076,8.782526215952897,10.879999999999999,-646.1493213038203
3,0.16228388624241585,-76.3299958894588,8.432526173908409,10.879999999999999,-646.1470029625883
3,1.5279743552352483,-76.30553422596954,7.686893017340267,10.879999999999999,-646.1251747575135
3,3.0177859334440646,-76.27706994771465,6.952472592015169,10.879999999999999,-646.0820635298928
3,5.128478721844427,-76.24430577021963,6.195518166780252,10.879999999999999,-646.0087995481522
3,6.370157122639171,-76.23244512448979,5.268787615187531,10.879999999999999,-645.917797303543
3,7.23935678565098,-76.22725604020081,4.390739241716023,10.879999999999999,-645.8143779208908
3,7.8602207685563314,-76.22503213847983,4.0837804600951975,10.879999999999999,-645.7020890527685
3,7.984394273214826,-76.22488387808329,4.126284157238224,10.879999999999999,-645.5880262774369
3,7.984394273214826,-76.22488387808329,4.294752220381578,10.879999999999999,-645.4739635021053
3,7.984394273214826,-76.22488387808329,4.227853712463648,10.879999999999999,-645.3599007267737
3,7.984394273214826,-76.22488387808329,4.120792259359617,10.879999999999999,-645.2458379514421
3,7.8602207685563314,-76.22503213847983,3.8288188664531324,10.879999999999999,-645.1335490833198
3,7.8602207685563314,-76.22503213847983,3.5906630418266223,10.879999999999999,-645.0212602151976
3,7.736047971975262,-76.22547691882403,3.2324805488460266,10.879999999999999,-644.9107452441693
3,7.611876591545005,-76.2262182165796,2.865832180986019,10.879999999999999,-644.8020041500044
3,7.239368822902598,-76.22933164939907,2.3918596168326745,10.879999999999999,-644.6985845953916
3,6.618555584738482,-76.23748572321874,2.254124327737405,10.879999999999999,-644.6040338013239
3,5.625348809864644,-76.25646189068728,2.3136703874071998,10.879999999999999,-644.5236716754687
3,4.13569158043131,-76.29204098733044,2.5756784078376573,10.879999999999999,-644.4645903671768
3,1.529415864718617,-76.37608961311355,3.2037301214096745,10.879999999999999,-644.4427415691094
3,-1.0759480567589295,-76.48502910935512,4.095066277051243,10.879999999999999,-644.4581122556345
3,-5.1682538802955795,-76.69531705095497,5.3193320907204535,10.879999999999999,-644.5319444539244
3,-8.76260710832625,-76.91445832711835,6.7838918261938055,10.879999999999999,-644.6571245554719
3,-12.727280438523422,-77.17994291464947,8.543455379810291,10.879999999999999,-644.8389428474508
3,-16.938350639623923,-77.48213534507678,10.438889100405216,10.879999999999999,-645.0809192851597
3,-22.63366331973652,-77.9181890896532,12.470792485441553,10.879999999999999,-645.4042573325845
3,-25.48105934056747,-78.13961600013266,14.533786608977614,10.879999999999999,-645.7682724660211
3,-30.68206334329545,-78.52533337955573,16.55135480732158,10.879999999999999,-646.2065876566396
3,-34.64542729929743,-78.80975005496981,18.212263671082052,10.879999999999999,-646.7015223323439
3,-38.73430024327108,-79.07864784182297,19.249496625770234,10.879999999999999,-647.2548694786764
3,-41.090180484658134,-79.20534880749848,19.911811216628415,10.879999999999999,-647.8418720570286
3,-42.95114763969958,-79.28316243757183,19.985029871163135,10.879999999999999,-648.4554598804528
3,-44.192363468038245,-79.31873977586442,19.960506844902582,10.879999999999999,-649.0867793585677
3,-45.061493741299564,-79.33015537071874,19.2971731539133,10.879999999999999,-649.7305149834434
3,-45.30984004253913,-79.33074841145948,18.748600491525462,10.879999999999999,-650.3777984126225
3,-45.80652698042309,-79.32837626202335,18.19160511340399,10.879999999999999,-651.0321773694857
3,-46.05485628800634,-79.32541112595345,17.760007344992413,10.879999999999999,-651.6901038878858
3,-46.42734493892167,-79.32051867236218,17.204948596065286,10.879999999999999,-652.3533516727275
3,-46.675680619080616,-79.31814654321622,16.771691128276448,10.879999999999999,-653.020147110143
3,-46.92402479609194,-79.31696046511645,16.328280940626872,10.879999999999999,-653.6904903215157
3,-47.66906582404291,-79.31696046511645,16.117889901508914,10.879999999999999,-654.3714769761449
3,-48.28992980694826,-79.31918436683743,16.133486516584647,10.879999999999999,-655.0613331162441
3,-48.786611080237044,-79.32274258422822,16.35387416159407,10.879999999999999,-655.7582847031047
3,-50.02825761815333,-79.33756826457771,16.53232746858394,10.879999999999999,-656.4729740976497
3,-50.89736806535983,-79.35105942213106,16.76323004723515,10.879999999999999,-657.2000793557263
3,-51.64227314651521,-79.36529154773245,17.021668957070368,10.879999999999999,-657.9378261149623
3,-52.51126464406282,-79.38500849388461,17.288461133904043,10.879999999999999,-658.6879870384489
3,-53.0078175257915,-79.39686820403698,17.350273206416613,10.879999999999999,-659.4452415745317
3,-53.25610718301741,-79.40220516490734,17.380771100866088,10.879999999999999,-660.2060431057176
3,-53.38026086201676,-79.40442895249727,17.178781618862917,10.879999999999999,-660.9686182608893
3,-53.38026086201676,-79.40442895249727,17.119599377077453,10.879999999999999,-661.731193416061
3,-53.38026086201676,-79.40442895249727,17.05148590524462,10.879999999999999,-662.4937685712327
3,-53.38026086201676,-79.40442895249727,17.25426926730309,10.879999999999999,-663.2563437264045
3,-53.50441949733197,-79.40635626071918,17.221758277954724,10.879999999999999,-664.0206925763663
3,-53.50441949733197,-79.40635626071918,17.30743533277279,10.879999999999999,-664.7850414263281
3,-53.50441949733197,-79.40635626071918,17.425185176160955,10.879999999999999,-665.54939027629
3,-53.50441949733197,-79.40635626071918,17.691613861918633,10.879999999999999,-666.3137391262518
3,-53.50441949733197,-79.40635626071918,17.848044995694426,10.879999999999999,-667.0780879762136
3,-53.380256613693525,-79.40472544285542,18.136964180618108,10.879999999999999,-667.840663070695
3,-53.380256613693525,-79.40472544285542,18.434030830384305,10.879999999999999,-668.6032381651763
3,-53.380256613693525,-79.40472544285542,18.819242908710986,10.879999999999999,-669.3658132596577
3,-53.25609018974871,-79.40339112464927,19.224177529541222,10.879999999999999,-670.1266145480827
3,-53.25609018974871,-79.40339112464927,19.69918408596691,10.879999999999999,-670.8874158365077
3,-52.883582421106304,-79.4002776918298,20.118868440119925,10.879999999999999,-671.6428955853806
3,-52.386894067083645,-79.39790553563027,20.395566070170045,10.879999999999999,-672.3912797863389
3,-51.51768118665484,-79.3989433564334,20.574773490695073,10.879999999999999,-673.127246660434
3,-51.14516704536406,-79.40116724970011,20.450042239024274,10.879999999999999,-673.8578919039393
3,-48.66207930102251,-79.44267761604833,19.998100796186762,10.879999999999999,-674.5530644653825
3,-45.80783108381527,-79.54154643760633,19.212341033520932,10.879999999999999,-675.2074620522941
3,-43.07946889092299,-79.67848052855985,18.234661884687892,10.879999999999999,-675.8228830364501
3,-39.8571875458062,-79.87879916290596,16.86734129300094,10.879999999999999,-676.3922714299616
3,-35.27497110365124,-80.21312528916516,15.238700320887828,10.879999999999999,-676.8961995885852
3,-31.43865286794654,-80.52989513629562,13.640334111467158,10.879999999999999,-677.3453232009845
3,-27.604702349860727,-80.8741394776013,11.967666588539702,10.879999999999999,-677.7396760916968
3,-22.78345944118407,-81.33025282103624,10.33972953166432,10.879999999999999,-678.0651540837137
3,-19.198432662937325,-81.66941402512889,8.643382302475366,10.879999999999999,-678.3394174074699
3,-15.859904581875828,-81.97721343408841,7.054839047907977,10.879999999999999,-678.5659874729253
3,-12.891365206219284,-82.2401813189345,5.91692606844853,10.879999999999999,-678.7501498330141
3,-9.797560177425172,-82.49564087307198,4.970041251152153,10.879999999999999,-678.8901149784059
3,-8.063897119483256,-82.62421296629881,4.815117262102806,10.879999999999999,-679.0053135086843
3,-6.948578010133811,-82.69488559933683,4.836945601003131,10.879999999999999,-679.104578908829
3,-6.204566995952043,-82.73400821211474,5.293888386878315,10.879999999999999,-679.1932155801998
3,-5.584244610938229,-82.75994608880586,5.8344871495495,10.879999999999999,-679.2729905032131
3,-5.336036371936908,-82.76824712058244,6.372914916016136,10.879999999999999,-679.3492195942408
3,-5.211918093275926,-82.77195308099148,6.987294546684549,10.879999999999999,-679.4236755670019
3,-4.963656756441827,-82.77847578518825,7.5725908068244925,10.879999999999999,-679.4945849492367
3,-4.591231828921424,-82.78692590496776,8.146091073143122,10.879999999999999,-679.5601739753641
3,-4.094628441484505,-82.79641398870203,8.691240162982654,10.879999999999999,-679.6186686673854
3,-3.970469806169292,-82.79834129692394,8.905794686088084,10.879999999999999,-679.6753896646163
3,-3.473826296258275,-82.80545755585847,9.189995129276696,10.879999999999999,-679.7250157545628
3,-2.7288383735085047,-82.81435296406815,9.224572940264244,10.879999999999999,-679.7639991598986
3,-1.983816463575324,-82.81969029015433,9.105559385364305,10.879999999999999,-679.7923393950925
3,-0.7226781083175635,-82.81969029015433,8.85904240749004,10.879999999999999,-679.8026633680685
3,0.14653146774992687,-82.82280375256371,8.415275671586578,10.879999999999999,-679.8005700613863
3,1.388252352806569,-82.82873414306255,8.029579184595436,10.879999999999999,-679.7807378849177
3,2.878297588793056,-82.83940880537996,7.554401026331291,10.879999999999999,-679.739619347935
3,3.7474823822920023,-82.84667348195873,6.982120839259357,10.879999999999999,-679.6860838853308
3,4.3683286633626786,-82.85186253665786,6.455459589646145,10.879999999999999,-679.6236791901399
3,5.237513456861625,-82.85912721323663,5.941964797523754,10.879999999999999,-679.5488575693277
3,5.36168271307576,-82.86016502417645,5.504286502446982,10.879999999999999,-679.472262101998
3,5.36168271307576,-82.86016502417645,5.9023000620166,10.879999999999999,-679.3956666346684
3,5.36168271307576,-82.86016502417645,6.185028091790142,10.879999999999999,-679.3190711673387
3,5.36168271307576,-82.86016502417645,6.26501790466575,10.879999999999999,-679.2424757000091
3,5.36168271307576,-82.86016502417645,6.1890892302108345,10.879999999999999,-679.1658802326795
3,5.36168271307576,-82.86016502417645,6.040131133799669,10.879999999999999,-679.0892847653498
3,5.36168271307576,-82.86016502417645,5.807031076490426,10.879999999999999,-679.0126892980202
3,5.36168271307576,-82.86016502417645,5.46411018491629,10.879999999999999,-678.9360938306905
3,5.36168271307576,-82.86016502417645,5.045499882974354,10.879999999999999,-678.8594983633609
3,5.237511332645502,-82.85942372642089,4.559848671025105,10.879999999999999,-678.7846767728945
3,5.113338536064432,-82.85897894607669,4.283392704865321,10.879999999999999,-678.7116290795221
3,4.864991526747443,-82.85897894607669,4.033035433702594,10.879999999999999,-678.6421292005687
3,4.244127543842092,-82.86120284779767,3.790542298257097,10.879999999999999,-678.5814988070852
3,3.3749444024672752,-82.86846751056792,3.953687569671387,10.879999999999999,-678.5332853156214
3,2.629979845606305,-82.8791418888249,4.1924763133845255,10.879999999999999,-678.4957141749699
3,-0.10103764403494608,-82.94436973673395,4.767884996408211,10.879999999999999,-678.4971575698846
3,-2.3347206551119806,-83.02441296577308,5.519992383977234,10.879999999999999,-678.5305107221005
3,-4.69144810435096,-83.1342336216834,6.493934687699957,10.879999999999999,-678.5975314093056
3,-8.410526522853917,-83.34761103001046,7.794555837421151,10.879999999999999,-678.7176817882035
3,-11.631814419201,-83.56331664236623,9.093089282571663,10.879999999999999,-678.8838505656207
3,-15.099150421019651,-83.82046156198162,10.5563223019823,10.879999999999999,-679.0995527144925
3,-19.555524029537544,-84.17236362391604,12.031951787820299,10.879999999999999,-679.3789173434859
3,-20.669295956932498,-84.26432923821137,13.539707101315676,10.879999999999999,-679.6741930000135
3,-25.99167467771464,-84.69101130288877,15.05316292030609,10.879999999999999,-680.0455026382665
3,-28.963144987038536,-84.9185178206262,16.03655065180138,10.879999999999999,-680.459261852367
3,-31.93514727431166,-85.1389277517251,17.15232185654182,10.879999999999999,-680.9154782420001
3,-34.041536366661724,-85.27745085404341,17.556483153667518,10.879999999999999,-681.401785904381
3,-35.65324894584343,-85.36799026845081,17.830106790500214,10.879999999999999,-681.9111180321787
3,-37.017670100665995,-85.43157064818837,17.7537371024283,10.879999999999999,-682.4399418907597
3,-37.88635929423756,-85.46166133068431,17.521585184845755,10.879999999999999,-682.981175594963
3,-38.75534583652066,-85.4813781644042,17.13024608567516,10.879999999999999,-683.5348233926276
3,-39.127833779419134,-85.486270608696,16.760170458514533,10.879999999999999,-684.0937924466193
3,-39.74868950146157,-85.48997709042865,16.42125626769601,10.879999999999999,-684.6616308680688
3,-40.49373052941254,-85.48997709042865,16.18258934907714,10.879999999999999,-685.2401127327746
3,-40.990423603942475,-85.48879100781994,15.904039842127663,10.879999999999999,-685.825690212831
3,-41.73546463189344,-85.48879100781994,15.737829894062463,10.879999999999999,-686.4219111361438
3,-42.72884133993876,-85.493535320219,15.655580381157348,10.879999999999999,-687.0323231552858
3,-43.34968762100944,-85.49872437491813,15.689261130598453,10.879999999999999,-687.6516044070145
3,-44.715518284402386,-85.51340187518569,15.81199215852452,10.879999999999999,-688.2903975253631
3,-45.70880436021701,-85.52763437952834,16.095404448063178,10.879999999999999,-688.9433804447948
3,-46.702054561447675,-85.5442387785563,16.52842304044553,10.879999999999999,-689.6105526528155
3,-47.69530476267834,-85.56084317758427,16.940058413918866,10.879999999999999,-690.2919141494252
3,-48.936867514216665,-85.58159867636924,17.144962327982466,10.879999999999999,-690.9910122567712
3,-49.5576359092134,-85.5927176143189,17.39261701745549,10.879999999999999,-691.6989784840457
3,-50.05423976861634,-85.60220570707052,17.40300901339778,10.879999999999999,-692.4140390521688
3,-50.30254169831781,-85.60694975344634,17.366079054534044,10.879999999999999,-693.1326467907162
3,-50.42669537731716,-85.60917354103627,17.11489732253722,10.879999999999999,-693.8530281532493
3,-50.42669537731716,-85.60917354103627,16.999273025061846,10.879999999999999,-694.5734095157824
3,-50.42669537731716,-85.60917354103627,16.858970144702752,10.879999999999999,-695.2937908783155
3,-50.42669537731716,-85.60917354103627,16.90382235072267,10.879999999999999,-696.0141722408486
3,-50.42669537731716,-85.60917354103627,16.76843045695614,10.879999999999999,-696.7345536033816
3,-50.42669537731716,-85.60917354103627,16.810897451558628,10.879999999999999,-697.4549349659147
3,-50.42669537731716,-85.60917354103627,16.886779860302337,10.879999999999999,-698.1753163284478
3,-50.42669537731716,-85.60917354103627,16.95798824810001,10.879999999999999,-698.8956976909809
3,-50.42669537731716,-85.60917354103627,17.080457831581,10.879999999999999,-699.616079053514
3,-50.42669537731716,-85.60917354103627,17.260165960044752,10.879999999999999,-700.3364604160471
3,-50.42669537731716,-85.60917354103627,17.457482011687848,10.879999999999999,-701.0568417785802
3,-50.42669537731716,-85.60917354103627,17.720026939879265,10.879999999999999,-701.7772231411133
3,-50.42669537731716,-85.60917354103627,18.006664571438094,10.879999999999999,-702.4976045036464
3,-50.30253674200195,-85.60724623281436,18.3251711038416,10.879999999999999,-703.2162121713892
3,-50.1783738583635,-85.6056154149506,18.641484122193926,10.879999999999999,-703.9330460836516
3,-50.1783738583635,-85.6056154149506,19.001947581506805,10.879999999999999,-704.6498799959139
3,-49.80586679777429,-85.60250198804907,19.287163093028127,10.879999999999999,-705.3613923787393
3,-49.18500045461086,-85.6017606874754,19.473584279789627,10.879999999999999,-706.0640352423766
3,-48.1916407402703,-85.60887710196687,19.356881072498137,10.879999999999999,-706.7524872529518
3,-47.074264000948254,-85.6288910761496,19.188879938600678,10.879999999999999,-707.4249767386797
3,-44.964433785910686,-85.69693005189593,18.73136332054264,10.879999999999999,-708.0673257927641
3,-42.855782910275806,-85.79519063876307,18.0261634303402,10.879999999999999,-708.6795512629109
3,-40.50053464675707,-85.93314158530931,17.154594862624194,10.879999999999999,-709.2581303292931
3,-39.63319301581531,-85.99018083504916,15.955018475300617,10.879999999999999,-709.8243188009476
3,-34.06124570732853,-86.41009811271162,14.686009508686201,10.879999999999999,-710.310908025338
3,-30.8453372194678,-86.69497917571735,13.356998433006776,10.879999999999999,-710.7515556999018
3,-27.75479689339303,-86.98735952407307,12.069513640484839,10.879999999999999,-711.1480527983789
3,-23.67621690544381,-87.38304216534881,10.733140783821618,10.879999999999999,-711.4862844684567
3,-20.833570247176166,-87.65882097593493,9.381933630536611,10.879999999999999,-711.7839069005593
3,-18.236942230852655,-87.89822006119225,8.1224512407429,10.879999999999999,-712.0444346467143
3,-15.762643175384879,-88.11145206578014,7.260432371817975,10.879999999999999,-712.2696152635056
3,-13.162861633400798,-88.31362330945394,6.540055958769587,10.879999999999999,-712.4576561439827
3,-11.676351110218976,-88.41673003954776,5.924390525523895,10.879999999999999,-712.624461159843
3,-10.5608664179681,-88.48473914257475,5.920200278085253,10.879999999999999,-712.7753306800997
3,-9.816764102159947,-88.52208498120902,6.134264564075096,10.879999999999999,-712.9155701672735
3,-9.32048071125778,-88.54224279041877,6.458168250303782,10.879999999999999,-713.04871989172
3,-9.072272472256458,-88.55054382219535,6.910443209459191,10.879999999999999,-713.1783237841807
3,-8.948154193595476,-88.55424978260439,7.3810279121160205,10.879999999999999,-713.3061545583749
3,-8.824027419160132,-88.5576593439538,7.843801311689686,10.879999999999999,-713.4322120929344
3,-8.699892856761377,-88.56077248680116,8.277965225317114,10.879999999999999,-713.5564962766024
3,-8.699892856761377,-88.56077248680116,8.71147716422715,10.879999999999999,-713.6807804602704
3,-8.699892856761377,-88.56077248680116,9.12891821056943,10.879999999999999,-713.8050646439384
3,-8.699892856761377,-88.56077248680116,9.535669162518664,10.879999999999999,-713.9293488276064
3,-8.699892856761377,-88.56077248680116,9.945273188731727,10.879999999999999,-714.0536330112744
3,-8.575751214254575,-88.56358919339432,10.23181838539183,10.879999999999999,-714.1761437429067
3,-8.451603199535464,-88.56610944767152,10.352304087922372,10.879999999999999,-714.2968809314715
3,-8.203290885220902,-88.57026054348336,10.406954026009291,10.879999999999999,-714.4140708012603
3,-7.458302962471132,-88.57915595169304,10.398245728354036,10.879999999999999,-714.5206179864385
3,-6.8374566814004565,-88.58434500639217,10.21555521026196,10.879999999999999,-714.61829593903
3,-6.216593878617418,-88.58656890388602,9.913869754692808,10.879999999999999,-714.7071044230103
3,-5.4715521425882185,-88.58656890388602,9.628357916524639,10.879999999999999,-714.7852694536186
3,-4.850684619295746,-88.58582760190332,9.133075257510766,10.879999999999999,-714.85456494818
3,-4.105645007500838,-88.58404847799025,8.627442704006397,10.879999999999999,-714.9132170197157
3,-3.484777484208365,-88.58330717600755,8.141132438333482,10.879999999999999,-714.9629995552044
3,-3.360603979549871,-88.5834554364041,7.732818259659367,10.879999999999999,-715.0110081834837
3,-3.1122569702328815,-88.5834554364041,7.636943770087027,10.879999999999999,-715.0554689973442
3,-3.1122569702328815,-88.5834554364041,7.566815234221968,10.879999999999999,-715.0999298112047
3,-3.1122569702328815,-88.5834554364041,7.490406600451489,10.879999999999999,-715.1443906250652
3,-3.1122569702328815,-88.5834554364041,7.361206307081358,10.879999999999999,-715.1888514389257
3,-3.1122569702328815,-88.5834554364041,7.148742357990094,10.879999999999999,-715.2333122527862
3,-3.1122569702328815,-88.5834554364041,6.837918484228377,10.879999999999999,-715.2777730666467
3,-3.1122569702328815,-88.5834554364041,6.467710242593692,10.879999999999999,-715.3222338805072
3,-3.2364297668139517,-88.58390021674829,6.15513182723537,10.879999999999999,-715.3684685914617
3,-3.36060114724421,-88.58464151450386,5.829887386133046,10.879999999999999,-715.4164771792795
3,-3.6089420199086244,-88.5864206248901,5.456332021179692,10.879999999999999,-715.4680334938496
3,-3.7331112761227594,-88.58745843582992,5.0962858750280216,10.879999999999999,-715.5213636549371
3,-4.478099198872529,-88.5963538440396,4.854441559199681,10.879999999999999,-715.5853365006353
3,-5.22300215618324,-88.6105859290629,4.821198175817593,10.879999999999999,-715.6599508171522
3,-6.5883940796652025,-88.64809103261753,4.914884966972897,10.879999999999999,-715.754070732576
3,-8.077516087049892,-88.70145318531029,5.380229551928054,10.879999999999999,-715.8694638195338
3,-10.682320109892974,-88.82283391026381,6.014104505137674,10.879999999999999,-716.0220683925323
3,-13.161705722228279,-88.96508551581518,6.857645628193923,10.879999999999999,-716.2100927599928
3,-16.011537092711787,-89.15249983729885,7.98734404520264,10.879999999999999,-716.4388290041744
3,-20.098394320752952,-89.45068373211788,9.320463773375085,10.879999999999999,-716.7259489230423
3,-23.440353052406852,-89.71860037738044,10.689967418023544,10.879999999999999,-717.0608111095053
3,-26.265302968184237,-89.71860037738044,12.264383289657868,10.879999999999999,-717.4360297233364
3,-29.09025288396162,-89.71860037738044,13.833707840287254,10.879999999999999,-717.8516047645359
3,-32.30812885655725,-89.98043674649834,15.482958025453422,10.879999999999999,-718.3131494624866
3,-36.2700855035921,-90.28377848185585,16.77186839704983,10.879999999999999,-718.8312935411094
3,-38.871258537417695,-90.46732091639565,17.87372074070094,10.879999999999999,-719.3865972345011
3,-41.72233228277011,-90.63431321522738,18.330533071376408,10.879999999999999,-719.9826305528264
3,-43.21087666122884,-90.70189653843904,18.549532026911887,10.879999999999999,-720.599928790844
3,-44.32776276724942,-90.74058455879096,18.423072130202627,10.879999999999999,-721.2331825446619
3,-45.072589258339434,-90.75837405639166,18.07816666789287,10.879999999999999,-721.8770766769238
3,-45.69340013645139,-90.76652809921322,17.598200425336117,10.879999999999999,-722.529839536016
3,-45.81757151688165,-90.76726939696879,17.027468283569448,10.879999999999999,-723.1843762719715
3,-46.31426411936078,-90.76726939696879,16.460208374138123,10.879999999999999,-723.8460086165338
3,-46.56260475600517,-90.7654902882734,15.922489454842758,10.879999999999999,-724.5111886844768
3,-46.935104027839614,-90.76148733365497,15.455833257042453,10.879999999999999,-725.1816901705888
3,-47.43176311502464,-90.75555705587912,15.006467477946005,10.879999999999999,-725.8592867865177
3,-48.30094625639945,-90.74829239310887,14.69386617441692,10.879999999999999,-726.5493003044663
3,-49.54266832157302,-90.74236199697387,14.859538676978243,10.879999999999999,-727.2570527090602
3,-50.908569083964785,-90.7374694131877,15.179945667603842,10.879999999999999,-727.9843179816883
3,-51.40526215849472,-90.73628333057898,15.67386323098921,10.879999999999999,-728.7186788696667
3,-54.01290079978114,-90.73939679298837,16.403608216874705,10.879999999999999,-729.4902917382351
3,-56.12381426709554,-90.75199885483303,17.34763053369304,10.879999999999999,-730.2920605134793
3,-57.36549266789029,-90.76385950056287,18.474198331805926,10.879999999999999,-731.1115675515921
3,-58.855469929445356,-90.78165033389043,18.829063355851577,10.879999999999999,-731.9523599791556
3,-59.8487881038154,-90.79351088944213,19.091953448568745,10.879999999999999,-732.807342666353
3,-60.469620223539465,-90.80018248047284,19.01843044268379,10.879999999999999,-733.6711943838321
3,-60.469620223539465,-90.80018248047284,18.78467302580994,10.879999999999999,-734.5350461013113
3,-60.469620223539465,-90.80018248047284,18.53737057970415,10.879999999999999,-735.3988978187905
3,-60.469620223539465,-90.80018248047284,18.468250848503192,10.879999999999999,-736.2627495362697
3,-60.469620223539465,-90.80018248047284,18.41190621639505,10.879999999999999,-737.1266012537488
3,-60.469620223539465,-90.80018248047284,18.387080556007803,10.879999999999999,-737.990452971228
3,-60.469620223539465,-90.80018248047284,18.50998900700461,10.879999999999999,-738.8543046887072
3,-60.469620223539465,-90.80018248047284,18.59086685026629,10.879999999999999,-739.7181564061864
3,-60.469620223539465,-90.80018248047284,18.806992006856834,10.879999999999999,-740.5820081236656
3,-60.469620223539465,-90.80018248047284,19.011157782033976,10.879999999999999,-741.4458598411447
3,-60.469620223539465,-90.80018248047284,19.326233946049946,10.879999999999999,-742.3097115586239
3,-60.469620223539465,-90.80018248047284,19.647833838545825,10.879999999999999,-743.1735632761031
3,-60.34545096732533,-90.79914466953302,19.97703981718935,10.879999999999999,-744.0356411470649
3,-60.097106790314,-90.79795859143326,20.295521229623656,10.879999999999999,-744.8941712440694
3,-59.72458627633851,-90.79751381024364,20.5571335818363,10.879999999999999,-745.7473796194457
3,-58.97955586951257,-90.80107203439783,20.72558945183312,10.879999999999999,-746.5899447032959
3,-58.11045037824887,-90.81456311502035,20.70353676682225,10.879999999999999,-747.4200939944138
3,-56.74506364537169,-90.85206807599748,20.476501200424643,10.879999999999999,-748.2307377607763
3,-54.387852023993084,-90.95063144537973,20.03092623753574,10.879999999999999,-749.0077070754047
3,-52.28023589422342,-91.0690286910486,19.259424160792598,10.879999999999999,-749.7545675881794
3,-48.68755844098601,-91.31391264632704,18.194847914013156,10.879999999999999,-750.4501041373363
3,-45.71665117253457,-91.5485133520636,16.894068250876103,10.879999999999999,-751.1031991540868
3,-42.252632494879684,-91.84703815848664,15.378083120734706,10.879999999999999,-751.706808189728
3,-38.666026805794026,-92.169073799567,13.868550895759727,10.879999999999999,-752.2591800012393
3,-33.843708466482965,-92.61367294584187,12.160514356128223,10.879999999999999,-752.7426615507605
3,-32.60735328531438,-92.72914901580806,10.58274774912226,10.879999999999999,-753.2084808834079
3,-27.041941242931752,-93.22885854350986,8.978375643253376,10.879999999999999,-753.5947943297355
3,-23.824699697704748,-93.49837829949523,7.607428851327899,10.879999999999999,-753.9351471825598
3,-20.482110722422544,-93.75831374380473,6.609624066849821,10.879999999999999,-754.2277487643087
3,-18.500102342555486,-93.89578899196452,5.818178981084645,10.879999999999999,-754.4920359406309
3,-17.012679030636214,-93.98469210426389,5.672591659910597,10.879999999999999,-754.7350742124971
3,-16.020431246661957,-94.03211701427934,5.809373757145065,10.879999999999999,-754.9639375160209
3,-15.275812191104068,-94.0570199202687,6.28582557265037,10.879999999999999,-755.1821634044652
3,-15.151677628705313,-94.06013306311606,6.9567993895233915,10.879999999999999,-755.3986159420182
3,-14.65507565716484,-94.06962111979827,7.566956740350258,10.879999999999999,-755.607974165692
3,-14.406746349581583,-94.07258625586817,8.026114593364099,10.879999999999999,-755.8137848278288
3,-14.15840571293719,-94.07436536456356,8.47120969744542,10.879999999999999,-756.0160477665851
3,-13.910059411697626,-94.0749584053043,8.968215659123317,10.879999999999999,-756.214762901038
3,-13.289191888405153,-94.0742171033216,9.50403426008744,10.879999999999999,-756.4046084994437
3,-12.792498813875214,-94.07303102071289,9.48956260869319,10.879999999999999,-756.5873584824991
3,-12.171631290582742,-94.07228971873019,9.578883901970107,10.879999999999999,-756.7612389295074
3,-11.923284045239676,-94.07228971873019,9.494632527025885,10.879999999999999,-756.9315715587251
3,-10.681547818524342,-94.07228971873019,9.296081537653485,10.879999999999999,-757.0841650989897
3,-9.3156392672809,-94.07392058309213,9.053865089363805,10.879999999999999,-757.2172456599509
3,-8.570599655485994,-94.0756997070052,8.664900204988909,10.879999999999999,-757.3396827978864
3,-7.5772135064261175,-94.07807187222262,8.298200738354321,10.879999999999999,-757.4479287051211
3,-6.335480820101272,-94.0810370787444,7.918605419192816,10.879999999999999,-757.5384355739797
3,-5.714613296808799,-94.0817783807271,7.543704633498694,10.879999999999999,-757.6200729067912
3,-5.217918806122666,-94.0817783807271,7.1653636271552745,10.879999999999999,-757.6946146040215
3,-5.093745301464171,-94.08163012033056,6.79886951177905,10.879999999999999,-757.7673823940423
3,-4.8454011244528425,-94.0804440422308,6.712117600042517,10.879999999999999,-757.8366024101059
3,-4.8454011244528425,-94.0804440422308,6.842965561668263,10.879999999999999,-757.9058224261695
3,-4.8454011244528425,-94.0804440422308,6.881207421013059,10.879999999999999,-757.9750424422331
3,-4.8454011244528425,-94.0804440422308,6.807640669691285,10.879999999999999,-758.0442624582967
3,-4.8454011244528425,-94.0804440422308,6.645367691356435,10.879999999999999,-758.1134824743602
3,-4.8454011244528425,-94.0804440422308,6.467117232353929,10.879999999999999,-758.1827024904238
3,-4.8454011244528425,-94.0804440422308,6.250234485886011,10.879999999999999,-758.2519225064874
3,-4.8454011244528425,-94.0804440422308,5.95722814121963,10.879999999999999,-758.321142522551
3,-4.969570380666978,-94.08148185317062,5.669882538617969,10.879999999999999,-758.392136385132
3,-5.093736804611791,-94.08281617137676,5.364536784986371,10.879999999999999,-758.4649040537693
3,-5.217899688250235,-94.08444698924052,5.024737666406938,10.879999999999999,-758.5394454778872
3,-5.838692864826301,-94.09408353035005,4.978125120945798,10.879999999999999,-758.6228553759561
3,-6.83189963970014,-94.11305969781858,5.015565722529418,10.879999999999999,-758.7204539422376
3,-8.073280664227918,-94.14270894502121,5.211379211144029,10.879999999999999,-758.8357865231551
3,-9.562750982805875,-94.18540207557187,5.651324004442886,10.879999999999999,-758.9723972514809
3,-12.168595567883596,-94.281897030004,6.331312522954125,10.879999999999999,-759.146234331022
3,-14.401418501710413,-94.38327230385875,7.195423399686513,10.879999999999999,-759.3519688810464
3,-17.253642494318353,-94.52983718396561,8.24948320109279,10.879999999999999,-759.5984494881081
3,-20.105139400614988,-94.69002260623962,9.536391945792335,10.879999999999999,-759.8856657652598
3,-24.319517466925298,-94.94191547594167,10.921750875300065,10.879999999999999,-760.2330874433587
3,-26.94268524586144,-94.94191547594167,12.343299610021123,10.879999999999999,-760.617982946871
3,-30.04127150456657,-95.13083072827116,13.903185843844156,10.879999999999999,-761.0471439683648
3,-32.02478564975392,-95.24463233717903,15.53286212340614,10.879999999999999,-761.5046409062185
3,-36.73686884114851,-95.49240959122542,16.78212605636647,10.879999999999999,-762.0294533182349
3,-39.0938518174333,-95.59660218196362,17.599621556116325,10.879999999999999,-762.5879369156269
3,-40.95533573732392,-95.66108246100843,18.008029266120825,10.879999999999999,-763.1730131404457
3,-42.569075846398505,-95.70155308724648,18.109485583869773,10.879999999999999,-763.7811427953943
3,-43.31403827924523,-95.71222743506908,17.694782036398017,10.879999999999999,-764.3999147708121
3,-43.686551712470695,-95.71445132410867,17.18413216135122,10.879999999999999,-765.0240083667045
3,-43.93489872178768,-95.71445132410867,16.509670070831476,10.879999999999999,-765.6516497770158
3,-44.059071518368754,-95.71400654376447,16.032114236268214,10.879999999999999,-766.281065084421
3,-44.30741215501315,-95.71222743506908,15.688894740723839,10.879999999999999,-766.914028115207
3,-44.804083987361665,-95.70748317226825,15.216259189337231,10.879999999999999,-767.5540864578836
3,-45.549105897294844,-95.70214584618208,14.821663505859494,10.879999999999999,-768.2047879707021
3,-46.16996988020019,-95.6999219444611,14.67097972029516,10.879999999999999,-768.8643589689907
3,-47.16335602926007,-95.69754977924367,14.816458766450811,10.879999999999999,-769.5381211979801
3,-48.65343808516201,-95.69754977924367,15.092519989710443,10.879999999999999,-770.2331703134824
3,-50.019338847553776,-95.70244236302985,15.535102427244226,10.879999999999999,-770.9477322970189
3,-50.640195749705065,-95.70614885180768,16.157070067524273,10.879999999999999,-771.6711636648719
3,-52.75102094455695,-95.7288322181961,16.985339315287163,10.879999999999999,-772.4247496783655
3,-54.24095147429,-95.75018099499967,18.005271205646626,10.879999999999999,-773.1996204137125
3,-55.48256024906754,-95.76797164233598,18.12379553531766,10.879999999999999,-773.9922284172707
3,-56.10337466725976,-95.77612573165474,18.394907611522072,10.879999999999999,-774.7937051982315
3,-56.4758739390942,-95.78012868627317,18.171329877129608,10.879999999999999,-775.6005033973614
3,-56.4758739390942,-95.78012868627317,17.9091148760931,10.879999999999999,-776.4073015964914
3,-56.4758739390942,-95.78012868627317,17.753285103358134,10.879999999999999,-777.2140997956213
3,-56.4758739390942,-95.78012868627317,17.759228588353313,10.879999999999999,-778.0208979947513
3,-56.4758739390942,-95.78012868627317,17.686128876183204,10.879999999999999,-778.8276961938813
3,-56.4758739390942,-95.78012868627317,17.648688690526253,10.879999999999999,-779.6344943930112
3,-56.4758739390942,-95.78012868627317,17.686322314964634,10.879999999999999,-780.4412925921412
3,-56.4758739390942,-95.78012868627317,17.839747342193345,10.879999999999999,-781.2480907912711
3,-56.4758739390942,-95.78012868627317,17.899680815939984,10.879999999999999,-782.0548889904011
3,-56.4758739390942,-95.78012868627317,18.05887013115051,10.879999999999999,-782.861687189531
3,-56.4758739390942,-95.78012868627317,18.301113735243174,10.879999999999999,-783.668485388661
3,-56.4758739390942,-95.78012868627317,18.5121374446941,10.879999999999999,-784.475283587791
3,-56.4758739390942,-95.78012868627317,18.825311121107266,10.879999999999999,-785.2820817869209
3,-56.35170468288006,-95.77909087533335,19.07618196145502,10.879999999999999,-786.0871061395335
3,-56.103360505868736,-95.77790479723359,19.269701568439693,10.879999999999999,-786.8885827181888
3,-55.606666487234754,-95.77790479723359,19.49736118982843,10.879999999999999,-787.6829636680064
3,-55.109986630064476,-95.78146300447932,19.590028935011887,10.879999999999999,-788.4702491912931
3,-54.24091583281399,-95.79702942884367,19.563802107647867,10.879999999999999,-789.2451194174762
3,-52.999609148643486,-95.82964294982749,19.300782410466674,10.879999999999999,-790.0022566910283
3,-51.01412257375216,-95.90079214865295,18.805720474319983,10.879999999999999,-790.7310298706533
3,-49.02961757555795,-95.99564241940652,18.092674438557477,10.879999999999999,-791.4314529788755
3,-46.054354840755586,-96.1663443460682,17.21894427818265,10.879999999999999,-792.0893723337434
3,-43.45233489379238,-96.33746177003155,16.11540523658631,10.879999999999999,-792.7101199750833
3,-40.603425679707094,-96.53848481853164,14.900219873369332,10.879999999999999,-793.2901689133648
3,-38.1820400376122,-96.53848481853164,13.503071767958174,10.879999999999999,-793.8356266281878
3,-34.21867608161022,-96.82290149394574,12.14103146039797,10.879999999999999,-794.3244648579251
3,-32.23699410360923,-96.96510983165278,10.850633085761723,10.879999999999999,-794.7849933451196
3,-27.900987590297184,-97.26066055640159,9.584169543535827,10.879999999999999,-795.1835788821238
3,-25.422302565383795,-97.41475225293122,8.451415778357935,10.879999999999999,-795.5467546330578
3,-23.190849152048024,-97.54277906295258,7.771549679010791,10.879999999999999,-795.878052478087
3,-21.578722547530496,-97.62562008214339,7.140495393460354,10.879999999999999,-796.1863199430518
3,-19.966043854131684,-97.6969100205028,6.827692649922881,10.879999999999999,-796.4715491409679
3,-19.09735466056012,-97.72700070299874,7.095610566518465,10.879999999999999,-796.7443684932616
3,-18.72495168121922,-97.73634011378867,7.431289223851129,10.879999999999999,-797.0118678029933
3,-18.352507637061887,-97.74390087662027,7.726563304686432,10.879999999999999,-797.2740464835227
3,-17.980032439108882,-97.74968279029586,8.090286038188815,10.879999999999999,-797.5309040897957
3,-17.731696758949933,-97.75205491944183,8.51199024686331,10.879999999999999,-797.784214043495
3,-17.731696758949933,-97.75205491944183,8.912055110278795,10.879999999999999,-798.0375239971943
3,-17.607525378519675,-97.7527962171974,9.320656283032488,10.879999999999999,-798.2890600740303
3,-17.607525378519675,-97.7527962171974,9.733754800054939,10.879999999999999,-798.5405961508663
3,-17.35529770746812,-97.7527962171974,10.16993086658724,10.879999999999999,-798.7885289752587
3,-17.23112491088705,-97.7532409975416,10.568279090216585,10.879999999999999,-799.0346879025572
3,-17.23112491088705,-97.7532409975416,10.731417772083063,10.879999999999999,-799.2808468298556
3,-16.858605104988992,-97.7527962171974,10.764347212926669,10.879999999999999,-799.5216840456411
3,-16.486098044399785,-97.74968279029586,10.780530713587567,10.879999999999999,-799.7571997319897
3,-16.23777652544613,-97.7461246642102,10.688091907259205,10.879999999999999,-799.9891679680675
3,-15.86533318922087,-97.7385639157499,10.665641503228484,10.879999999999999,-800.2158155850564
3,-15.741198626822115,-97.73545077290255,10.680746702378647,10.879999999999999,-800.4406898511538
3,-15.492953573725789,-97.7283352511441,10.629458475454493,10.879999999999999,-800.6620177593499
3,-15.244745334724467,-97.72003421936752,10.559936129235655,10.879999999999999,-800.8797998355602
3,-15.120656789747663,-97.71543919533514,10.436722564013268,10.879999999999999,-801.0958092182709
3,-14.872514386802521,-97.70536026199359,10.317851061610783,10.879999999999999,-801.3082737095109
3,-14.7484619438223,-97.69987641015776,10.272354177137842,10.879999999999999,-801.518966022994
3,-14.624422949710652,-97.69409634267639,10.228340333158902,10.879999999999999,-801.727886350847
3,-14.624422949710652,-97.69409634267639,10.180762484303633,10.879999999999999,-801.9368066787
3,-14.624422949710652,-97.69409634267639,10.08159044549715,10.879999999999999,-802.145727006553
3,-14.624422949710652,-97.69409634267639,9.958629223095214,10.879999999999999,-802.354647334406
3,-14.624422949710652,-97.69409634267639,9.80574569601702,10.879999999999999,-802.563567662259
3,-14.624422949710652,-97.69409634267639,9.614277805959484,10.879999999999999,-802.7724879901119
3,-14.624422949710652,-97.69409634267639,9.389133535922214,10.879999999999999,-802.9814083179649
3,-14.624422949710652,-97.69409634267639,9.118623518190248,10.879999999999999,-803.1903286458179
3,-14.624422949710652,-97.69409634267639,8.807980247105412,10.879999999999999,-803.3992489736709
3,-14.624422949710652,-97.69409634267639,8.451276047947246,10.879999999999999,-803.6081693015238
3,-14.624422949710652,-97.69409634267639,8.048877294896526,10.879999999999999,-803.8170896293768
3,-14.624422949710652,-97.69409634267639,7.587071561223361,10.879999999999999,-804.0260099572298
3,-14.624422949710652,-97.69409634267639,7.066332121899267,10.879999999999999,-804.2349302850828
3,-14.624422949710652,-97.69409634267639,6.49539614055689,10.879999999999999,-804.4438506129358
3,-14.872514386802521,-97.70536026199359,5.902985125231024,10.879999999999999,-804.6563151041757
3,-15.244745334724467,-97.7200342193675,5.285618376616602,10.879999999999999,-804.8740971803861
3,-15.865241154110524,-97.74152768657002,5.200833343318088,10.879999999999999,-805.1007434825877
3,-16.98222283022751,-97.77754873159475,5.2285617835598215,10.879999999999999,-805.3433466658768
3,-18.96818325499812,-97.8344729056623,5.617145984208396,10.879999999999999,-805.6143207123768
3,-21.078470815776946,-97.88739633406743,6.354964343032369,10.879999999999999,-805.9154417240308
3,-22.69231216836536,-97.92401351977858,7.286456148071952,10.879999999999999,-806.2396176121503
3,-27.285788712972476,-98.01726292803504,8.541723783191255,10.879999999999999,-806.6294145937642
3,-30.637938045954876,-98.07730519296322,9.813255641352566,10.879999999999999,-807.0670994229921
3,-34.11443931130607,-98.12711895816247,11.313131623397089,10.879999999999999,-807.5544485560108
3,-37.71526560570566,-98.16581418614061,12.846660413493982,10.879999999999999,-808.0932380646638
3,-42.50759135568515,-98.16581418614061,14.444195824991544,10.879999999999999,-808.700489369745
3,-45.735958265950515,-98.19665189434595,16.12465651294759,10.879999999999999,-809.3538602021157
3,-48.96438654232763,-98.21978030738605,17.556613970306646,10.879999999999999,-810.0533514384347
3,-49.95776419446649,-98.22452462429405,18.31830568747846,10.879999999999999,-810.7670337840699
3,-54.67634391801822,-98.23579239836806,19.106812967014303,10.879999999999999,-811.5481244114701
3,-56.41476802669517,-98.2316411131829,19.015041908011387,10.879999999999999,-812.3540496689943
3,-57.40813057327274,-98.22452467840134,19.05929165809587,10.879999999999999,-813.174165820041
3,-58.64977711118903,-98.20969899805185,18.574574535526835,10.879999999999999,-814.0120197787722
3,-59.270570287765096,-98.20006245694232,18.293168216454145,10.879999999999999,-814.8587422114546
3,-59.891338682761834,-98.18894351899266,17.739447506224543,10.879999999999999,-815.7143327640655
3,-60.38794254216477,-98.17945542624103,17.339376251957184,10.879999999999999,-816.577017657525
3,-60.76040357916282,-98.17278406347124,17.0361929662263,10.879999999999999,-817.4450234229415
3,-62.0020111739311,-98.15499343304293,16.907211633621394,10.879999999999999,-818.330766439712
3,-62.99532934830115,-98.14313287749123,16.896925087784066,10.879999999999999,-819.2306997161163
3,-64.2369770662637,-98.12830718305159,17.06171705711469,10.879999999999999,-820.148370817063
3,-65.35449824803133,-98.11896690234698,17.38296267734401,10.879999999999999,-821.0820065063206
3,-66.5962203132049,-98.11303650621198,17.735970509977435,10.879999999999999,-822.0333810822235
3,-67.71376273707722,-98.10636482641188,18.1979673305432,10.879999999999999,-823.0007205498961
3,-68.70712622773488,-98.09924838486693,18.746859451537517,10.879999999999999,-823.982250924578
3,-69.70046894837067,-98.08975986828305,19.249636307343607,10.879999999999999,-824.9779719095548
3,-70.44547598884752,-98.08264348084515,19.432273602844674,10.879999999999999,-825.9843358522526
3,-70.69381686151193,-98.08086437045891,19.42673115356744,10.879999999999999,-826.9942475217027
3,-70.69381686151193,-98.08086437045891,19.105462283058188,10.879999999999999,-828.0041591911529
3,-70.69381686151193,-98.08086437045891,19.05248946452165,10.879999999999999,-829.014070860603
3,-70.69381686151193,-98.08086437045891,19.08662724148955,10.879999999999999,-830.0239825300532
3,-70.69381686151193,-98.08086437045891,19.026241709032583,10.879999999999999,-831.0338941995034
3,-70.69381686151193,-98.08086437045891,19.216662022999092,10.879999999999999,-832.0438058689535
3,-70.69381686151193,-98.08086437045891,19.274292029061268,10.879999999999999,-833.0537175384037
3,-70.69381686151193,-98.08086437045891,19.530052525787834,10.879999999999999,-834.0636292078539
3,-70.69381686151193,-98.08086437045891,19.766735871577062,10.879999999999999,-835.073540877304
3,-70.69381686151193,-98.08086437045891,20.092359118410855,10.879999999999999,-836.0834525467542
3,-70.5696476052978,-98.08190218139873,20.386563208900373,10.879999999999999,-837.091590369687
3,-70.32131829771454,-98.08486731746862,20.70498161275269,10.879999999999999,-838.0961806310829
3,-69.94885796868087,-98.09153866755766,21.0093147957427,10.879999999999999,-839.0954500306354
3,-69.57643304116047,-98.09998878733717,21.19224892758999,10.879999999999999,-840.0893990740806
3,-68.21113976126838,-98.14075411937843,21.224536443772,10.879999999999999,-841.063843927813
3,-66.72228958856188,-98.20122754700766,20.93685771206095,10.879999999999999,-842.0170194933638
3,-64.98605085167618,-98.28836783715428,20.544633826663343,10.879999999999999,-842.9453916483877
3,-62.25910811315751,-98.45135687636974,19.81880974649073,10.879999999999999,-843.8348074785757
3,-59.657504205170284,-98.62868731121902,18.89191278242306,10.879999999999999,-844.6870575386496
3,-56.56194850295853,-98.86197690484916,17.770013931434622,10.879999999999999,-845.4950853744061
3,-52.10557065915557,-99.21387930122718,16.45207518833713,10.879999999999999,-846.239450669537
3,-50.99158229783047,-99.30318501939809,14.938473238708617,10.879999999999999,-846.9679018452202
3,-44.8021745082223,-99.79193788319604,13.40183265639982,10.879999999999999,-847.6079329096234
3,-41.21132306825846,-100.0625543261877,11.915505940463332,10.879999999999999,-848.1966660963128
3,-37.61922697392788,-100.31601768817123,10.572774132010803,10.879999999999999,-848.7340836245118
3,-33.40547444569823,-100.57797282539308,9.172567796429643,10.879999999999999,-849.2113046880218
3,-30.55360857514189,-100.73134826164353,7.828916748569344,10.879999999999999,-849.6477848105238
3,-27.82461054796756,-100.85525102086491,6.767544556411614,10.879999999999999,-850.0452792469233
3,-25.466932674830353,-100.94255631153221,6.362714474395219,10.879999999999999,-850.4090925708495
3,-24.2257959059049,-100.98109780525782,6.1173203773860285,10.879999999999999,-850.7551753695052
3,-22.115400017503074,-101.02898154429185,6.307717071710003,10.879999999999999,-851.0711096554695
3,-20.99790857432592,-101.04099033966881,6.610893906819941,10.879999999999999,-851.3710797779598
3,-20.377044591420567,-101.04321424138979,7.190767018567968,10.879999999999999,-851.6621804149802
3,-20.128697582103577,-101.04321424138979,7.740437745926053,10.879999999999999,-851.9497332375817
3,-19.756184148878113,-101.0409903523502,8.28841168731381,10.879999999999999,-852.2319644397085
3,-19.259542526980294,-101.03387412046847,8.833342318705359,10.879999999999999,-852.5071007615225
3,-19.011252869754383,-101.0285371595981,9.387682073155077,10.879999999999999,-852.7786900882332
3,-18.514730196086184,-101.01549175120456,9.975671511142554,10.879999999999999,-853.0431862338917
3,-18.142375360103237,-101.00437386997746,10.288640230007303,10.879999999999999,-853.3023630247503
3,-17.13346467589703,-101.00437386997746,10.217542552328698,10.879999999999999,-853.5471268058345
3,-16.0164001679482,-100.97102022629613,9.874779214444462,10.879999999999999,-853.7759325225195
3,-14.526928433795165,-100.92832705517041,9.297411875778865,10.879999999999999,-853.9834600715737
3,-12.416644884196728,-100.87540372736079,8.568089676721302,10.879999999999999,-854.1608407127766
3,-10.926834721885971,-100.84693947615798,7.759349251310375,10.879999999999999,-854.3169383516606
3,-9.809407004049051,-100.82959370216082,6.891297294350645,10.879999999999999,-854.4570727374328
3,-7.94687878162289,-100.81402662683236,6.01505668199555,10.879999999999999,-854.5705995771702
3,-6.829317239696438,-100.8126922832635,5.194373490691733,10.879999999999999,-854.6681612520231
3,-6.332622749010305,-100.8126922832635,5.023354507585134,10.879999999999999,-854.7586272912947
3,-6.208449244351811,-100.81284054366004,5.243799188213796,10.879999999999999,-854.8473194233569
3,-6.208449244351811,-100.81284054366004,5.366120899679379,10.879999999999999,-854.9360115554191
3,-6.208449244351811,-100.81284054366004,5.451639074744899,10.879999999999999,-855.0247036874813
3,-6.208449244351811,-100.81284054366004,5.359127532009687,10.879999999999999,-855.1133958195435
3,-6.208449244351811,-100.81284054366004,5.217191026138076,10.879999999999999,-855.2020879516057
3,-6.208449244351811,-100.81284054366004,4.935877066118768,10.879999999999999,-855.2907800836679
3,-6.332622749010305,-100.8126922832635,4.612609381644092,10.879999999999999,-855.3812461229395
3,-6.705143262985789,-100.81313706445312,4.480529168431422,10.879999999999999,-855.4770338838393
3,-7.077661652728999,-100.8144714054857,4.274953782852501,10.879999999999999,-855.5781433360212
3,-7.698518554880291,-100.81817789426354,4.229319872413099,10.879999999999999,-855.6881221725195
3,-8.567681870407538,-100.8275181039529,4.377607788656419,10.879999999999999,-855.810517627811
3,-9.933369743531006,-100.85197972094605,4.768316377612444,10.879999999999999,-855.9524229098614
3,-11.050644526092215,-100.87733008028454,5.2462585592850335,10.879999999999999,-856.1102892602341
3,-14.153583798574225,-100.96997856219649,6.042620775376504,10.879999999999999,-856.3124833144994
3,-16.63500075308506,-101.07076760824525,6.8802822878019025,10.879999999999999,-856.5501261824006
3,-19.115639073528232,-101.18933078472993,7.962773972607419,10.879999999999999,-856.8232067405938
3,-22.959458290365042,-101.39605419880664,9.13736244328145,10.879999999999999,-857.1511990018847
3,-26.058486835057426,-101.5775696372153,10.429600930996127,10.879999999999999,-857.5234630995284
3,-29.28124959569706,-101.77019377946677,11.839280157028025,10.879999999999999,-857.9417666651811
3,-33.6198895582664,-102.0243153932389,13.253121040871449,10.879999999999999,-858.4220508017278
3,-34.61164757341434,-102.08121625177068,14.700476930281582,10.879999999999999,-858.9165029099194
3,-39.32371732989887,-102.32899279936412,15.986020322456671,10.879999999999999,-859.4782703003465
3,-42.92084815913663,-102.49661475632385,16.961194096874507,10.879999999999999,-860.0914252740484
3,-44.9059817227453,-102.57724599316286,17.640782554958935,10.879999999999999,-860.7329392986591
3,-46.891794891135895,-102.63891220730298,17.873411318720287,10.879999999999999,-861.4028220828181
3,-48.38152858700794,-102.67093388122596,17.97641580796945,10.879999999999999,-862.0939867769183
3,-49.87150018434576,-102.68872464692085,17.824926127891437,10.879999999999999,-862.8064367795519
3,-50.61653271537975,-102.69228288122014,17.60032737794169,10.879999999999999,-863.5295301040572
3,-50.864879724696735,-102.69228288122014,17.159955534616497,10.879999999999999,-864.2561712429815
3,-52.2307623131901,-102.6841286214083,16.852195753102833,10.879999999999999,-865.0023249903128
3,-52.85159443291416,-102.6774570303776,16.490974745006447,10.879999999999999,-865.7573477679258
3,-53.72075940052786,-102.66811680293459,16.26827739577341,10.879999999999999,-866.5247871879334
3,-54.589944194026806,-102.66085212635582,16.066537047440285,10.879999999999999,-867.3046435335623
3,-56.080009256094776,-102.65373565775722,15.962366374380398,10.879999999999999,-868.1057865229351
3,-57.32174194241962,-102.65077045123545,16.06758847109864,10.879999999999999,-868.9246685506839
3,-58.19095647502908,-102.64973262845967,16.39418671536763,10.879999999999999,-869.7559679288986
3,-60.55025306354048,-102.65254957599393,16.90418756113927,10.879999999999999,-870.6209715440921
3,-61.91615382593225,-102.6574421597801,17.599843660007885,10.879999999999999,-871.5054880273196
3,-63.40622030414053,-102.6645586351421,18.49736169943121,10.879999999999999,-872.4112911745217
3,-64.89628678234882,-102.6716751105041,18.838868107714593,10.879999999999999,-873.3383809856981
3,-66.01384195157846,-102.67567813360188,19.2048604985442,10.879999999999999,-874.2814358707207
3,-66.63470947487093,-102.67641943558458,19.431546081222912,10.879999999999999,-875.2333602917903
3,-67.13140396555707,-102.67641943558458,19.22399245066255,10.879999999999999,-876.1923803484411
3,-67.13140396555707,-102.67641943558458,19.06028111045844,10.879999999999999,-877.151400405092
3,-67.13140396555707,-102.67641943558458,18.840477122961442,10.879999999999999,-878.1104204617428
3,-67.13140396555707,-102.67641943558458,18.924645232577905,10.879999999999999,-879.0694405183937
3,-67.13140396555707,-102.67641943558458,18.891113031485073,10.879999999999999,-880.0284605750445
3,-67.13140396555707,-102.67641943558458,19.040881763553624,10.879999999999999,-880.9874806316953
3,-67.13140396555707,-102.67641943558458,19.209402649928222,10.879999999999999,-881.9465006883462
3,-67.13140396555707,-102.67641943558458,19.455867898416678,10.879999999999999,-882.905520744997
3,-67.13140396555707,-102.67641943558458,19.779757011071123,10.879999999999999,-883.8645408016479
3,-67.13140396555707,-102.67641943558458,20.141450797495395,10.879999999999999,-884.8235608582987
3,-67.13140396555707,-102.67641943558458,20.586244878270826,10.879999999999999,-885.7825809149496
3,-67.13140396555707,-102.67641943558458,21.057007218788097,10.879999999999999,-886.7416009716004
3,-66.75888345158158,-102.67686421677419,21.53896745308106,10.879999999999999,-887.695299306623
3,-66.26219037705165,-102.6780502993829,21.767191091132638,10.879999999999999,-888.6419020262952
3,-65.39299236619225,-102.68323937380862,21.781732101342797,10.879999999999999,-889.5760876315264
3,-63.65474668954988,-102.7081461853947,21.64594970134719,10.879999999999999,-890.4854411556629
3,-61.66854271330983,-102.75558484566324,21.110050082917006,10.879999999999999,-891.3664203372816
3,-60.92380684623331,-102.7769314312261,20.277825213805016,10.879999999999999,-892.236760435085
3,-55.09171174587187,-102.99289509773789,19.185914971449115,10.879999999999999,-893.0237848885974
3,-51.86688192929574,-103.14702722716805,17.71992360238119,10.879999999999999,-893.7647403447303
3,-48.14681625187896,-103.34264084878363,16.11357981090367,10.879999999999999,-894.4525520054714
3,-44.05553808197509,-103.57247210682914,14.385625119233541,10.879999999999999,-895.0819168352139
3,-38.72520898510417,-103.88467866089204,12.6827202869094,10.879999999999999,-895.6351341064296
3,-34.758731741240005,-104.12175452827846,10.88371451835145,10.879999999999999,-896.1316874170187
3,-30.91541712934516,-104.33765620878843,9.194639355403389,10.879999999999999,-896.5733362331522
3,-29.551307409580996,-104.40775258903346,7.572962111149355,10.879999999999999,-896.9954977675748
3,-23.349711608473058,-104.70416053024532,6.328404559601538,10.879999999999999,-897.3290650762673
3,-20.992477584279086,-104.80272483636864,5.593704790413464,10.879999999999999,-897.6289576131855
3,-19.130993664388463,-104.86720511541346,5.407496968498904,10.879999999999999,-897.9022575226768
3,-17.765692599117667,-104.9079706799129,5.503184279016412,10.879999999999999,-898.1560531312356
3,-16.772590610997643,-104.93169001004718,5.920838527262391,10.879999999999999,-898.3956615685355
3,-16.27596598236852,-104.93999220167086,6.470210602469204,10.879999999999999,-898.6281753682837
3,-15.903467418571127,-104.94399514868059,7.099970851384215,10.879999999999999,-898.8553677599775
3,-15.6551232415598,-104.94518122678035,7.722724777958957,10.879999999999999,-899.0790123777141
3,-15.40677623224281,-104.94518122678035,8.348082980238908,10.879999999999999,-899.2991091810319
3,-15.158432055231483,-104.94399514868059,8.944315624401106,10.879999999999999,-899.5156582103923
3,-14.661750309902654,-104.94043692790811,9.542973362052873,10.879999999999999,-899.725111786248
3,-13.916743269425808,-104.9333205404702,9.852124624074023,10.879999999999999,-899.9239224043827
3,-13.171754638648276,-104.92442512380643,9.681679856190238,10.879999999999999,-900.112090327792
3,-11.930076237853532,-104.91256447807659,9.534841825221836,10.879999999999999,-900.2825199883328
3,-11.18505361986029,-104.90722714691788,9.10098717354301,10.879999999999999,-900.4423064686165
3,-8.949956026758333,-104.89655244401999,8.501325834660834,10.879999999999999,-900.5701629832845
3,-7.708220980173387,-104.89655244401999,7.77804509738637,10.879999999999999,-900.6802804258584
3,-6.194854953864074,-104.89655244401999,6.972357501767836,10.879999999999999,-900.7687783537708
3,-5.201478245818761,-104.90129675641904,6.148091829962897,10.879999999999999,-900.843085185854
3,-3.9597738824966884,-104.91019230835022,5.572579990450067,10.879999999999999,-900.8996533841754
3,-3.587266113854283,-104.9133057411697,5.303266580101622,10.879999999999999,-900.9509000429448
3,-3.4630996899094697,-104.91464005937584,5.512300690716843,10.879999999999999,-901.0003728956577
3,-3.4630996899094697,-104.91464005937584,5.617388194392833,10.879999999999999,-901.0498457483707
3,-3.4630996899094697,-104.91464005937584,5.540904545250496,10.879999999999999,-901.0993186010836
3,-3.4630996899094697,-104.91464005937584,5.358041046397814,10.879999999999999,-901.1487914537965
3,-3.4630996899094697,-104.91464005937584,5.242088411934526,10.879999999999999,-901.1982643065095
3,-3.4630996899094697,-104.91464005937584,4.961275350470174,10.879999999999999,-901.2477371592224
3,-3.587266113854283,-104.9133057411697,4.6014979074544655,10.879999999999999,-901.2989838179918
3,-3.587266113854283,-104.9133057411697,4.266832163900919,10.879999999999999,-901.3502304767612
3,-3.711435370068418,-104.91226793022987,3.9223041201401396,10.879999999999999,-901.4032509820479
3,-3.9597762427328322,-104.91048881984364,3.8369767661215692,10.879999999999999,-901.4598192140869
3,-5.201504208553627,-104.90752362459422,3.89647889838858,10.879999999999999,-901.5341264170662
3,-6.567386797046993,-104.91567788440605,4.131921657697981,10.879999999999999,-901.6279462284526
3,-8.181501216273697,-104.9368784763372,4.6949554078656925,10.879999999999999,-901.7448248172566
3,-11.036742712346754,-105.00166235855971,5.447850926030309,10.879999999999999,-901.9024925702901
3,-13.643028335982871,-105.08571130385906,6.424818334435294,10.879999999999999,-902.0973929750899
3,-16.49679893671779,-105.1982116437258,7.658143909648042,10.879999999999999,-902.3330615313287
3,-20.838155478670743,-105.4005136210426,9.064442004955112,10.879999999999999,-902.6307494667383
3,-21.95424524938688,-105.45786520487945,10.574688784309792,10.879999999999999,-902.9443815417295
3,-27.78198223599739,-105.77128517034916,12.144746747470215,10.879999999999999,-903.3412670022437
3,-31.253600960016108,-105.96214866047384,13.803100048771352,10.879999999999999,-903.7877470159583
3,-35.469675394421785,-106.18384409830483,15.507663440094053,10.879999999999999,-904.2944566644501
3,-38.446441378953594,-106.32611991008645,16.686959514307535,10.879999999999999,-904.8436915412923
3,-41.05180530043114,-106.43505940632802,17.581143166106457,10.879999999999999,-905.430145902727
3,-43.28549468011728,-106.51510286358402,17.970612824837467,10.879999999999999,-906.048510112443
3,-44.89902923573917,-106.56328025732697,18.20848555110584,10.879999999999999,-906.6899248158106
3,-46.38876293161122,-106.59530193124995,18.023303194663743,10.879999999999999,-907.3526214291194
3,-47.25790146504098,-106.60671763459749,17.797953121048334,10.879999999999999,-908.0277343071914
3,-47.87875718708342,-106.61042411633014,17.21285070703312,10.879999999999999,-908.7117165527212
3,-48.4996247103759,-106.61116541831284,16.83913267158042,10.879999999999999,-909.404568334298
3,-49.12049223366837,-106.61042411633014,16.436725925246908,10.879999999999999,-910.1062896519219
3,-49.74135975696085,-106.60968281434744,16.180360330696203,10.879999999999999,-910.8168805055927
3,-50.73474873833312,-106.60968281434744,16.090083302907424,10.879999999999999,-911.5416626304261
3,-51.35561626162559,-106.61042411633014,15.96672732742998,10.879999999999999,-912.2753142913065
3,-53.09402550070489,-106.6187266630285,15.999533452767894,10.879999999999999,-913.033800369888
3,-54.33572986402696,-106.62762221495967,16.205802891534884,10.879999999999999,-913.8100250822313
3,-55.57743422734903,-106.63651776689085,16.598413967540857,10.879999999999999,-914.6039884283363
3,-56.8191385906711,-106.64541331882202,17.176811233888973,10.879999999999999,-915.415690408203
3,-58.557488351783746,-106.6620182228438,17.8176496053518,10.879999999999999,-916.2522259560856
3,-59.7991360697463,-106.67684391728343,18.135758671918122,10.879999999999999,-917.1064993285105
3,-60.6682762552154,-106.68825964232971,18.45973864826491,10.879999999999999,-917.9731889892993
3,-61.28909067340762,-106.69641373164848,18.511981668641106,10.879999999999999,-918.8487474274908
3,-62.034079304185155,-106.70530914831225,18.596270431118963,10.879999999999999,-919.7349485604077
3,-62.15824572812997,-106.7066434665184,18.299150835283548,10.879999999999999,-920.6229234993809
3,-62.15824572812997,-106.7066434665184,18.04986668787125,10.879999999999999,-921.5108984383542
3,-62.15824572812997,-106.7066434665184,17.9204797398804,10.879999999999999,-922.3988733773274
3,-62.15824572812997,-106.7066434665184,17.850015343309895,10.879999999999999,-923.2868483163006
3,-62.15824572812997,-106.7066434665184,17.747174419839666,10.879999999999999,-924.1748232552739
3,-62.15824572812997,-106.7066434665184,17.77703076235092,10.879999999999999,-925.0627981942471
3,-62.15824572812997,-106.7066434665184,17.816234272275867,10.879999999999999,-925.9507731332203
3,-62.15824572812997,-106.7066434665184,17.902385020396217,10.879999999999999,-926.8387480721935
3,-62.15824572812997,-106.7066434665184,18.03600717858921,10.879999999999999,-927.7267230111668
3,-62.15824572812997,-106.7066434665184,18.221630119055714,10.879999999999999,-928.61469795014
3,-62.15824572812997,-106.7066434665184,18.443825211267296,10.879999999999999,-929.5026728891132
3,-62.15824572812997,-106.7066434665184,18.731636158505456,10.879999999999999,-930.3906478280865
3,-62.15824572812997,-106.7066434665184,19.066752660682322,10.879999999999999,-931.2786227670597
3,-62.03407647191583,-106.70560565557858,19.423870940230625,10.879999999999999,-932.1648238595156
3,-62.03407647191583,-106.70560565557858,19.758629092394997,10.879999999999999,-933.0510249519716
3,-61.66156233062505,-106.70338176231188,20.0475749464777,10.879999999999999,-933.9319044138376
3,-61.040698347719704,-106.7011578605909,20.28762838671819,10.879999999999999,-934.8039143902337
3,-60.1714854672909,-106.70219568139403,20.276734686513688,10.879999999999999,-935.6635070397664
3,-58.92978228406893,-106.711091224871,20.027737354036933,10.879999999999999,-936.505361072396
3,-56.819097519571365,-106.74385527781139,19.584030855703407,10.879999999999999,-937.3170624655328
3,-54.70895438694299,-106.80181749023059,18.884075236143854,10.879999999999999,-938.0986189567749
3,-52.22707729840284,-106.89075466495942,17.88616820066828,10.879999999999999,-938.8447200610378
3,-50.36610306877602,-106.96856859084626,16.73717145518359,10.879999999999999,-939.5642358191632
3,-45.529741640959976,-107.21709070364612,15.46537399784755,10.879999999999999,-940.2146606997483
3,-42.30698194319326,-107.40971466283004,14.109290076254677,10.879999999999999,-940.8190461560796
3,-38.96100553532865,-107.62173377094403,12.672416474436032,10.879999999999999,-941.3756319494414
3,-34.747874541073315,-107.89375143420783,11.217194706043509,10.879999999999999,-941.872030157171
3,-31.773899721598962,-108.08576390239404,9.82919669671645,10.879999999999999,-942.3259430103367
3,-29.047346194194233,-108.25526476857664,8.450650031875792,10.879999999999999,-942.7409050988251
3,-26.444162216652618,-108.40773773683992,7.520032031062016,10.879999999999999,-943.1186788447773
3,-23.59229634609628,-108.56111317309038,6.727059484330759,10.879999999999999,-943.4557116497215
3,-22.103751967637553,-108.62869649630204,6.4470058999751805,10.879999999999999,-943.7714795349734
3,-21.111003962714427,-108.66427126476388,6.41669981822969,10.879999999999999,-944.0730653058694
3,-20.490371270222624,-108.6813190391069,6.805812040399456,10.879999999999999,-944.365784895444
3,-20.117927933997365,-108.68887978756719,7.411634842333307,10.879999999999999,-944.6531838659297
3,-19.99376929868215,-108.6908070957891,8.041374685133427,10.879999999999999,-944.9388091416251
3,-19.74543999109889,-108.69377223185899,8.717931690742187,10.879999999999999,-945.2208868557836
3,-19.621270734884757,-108.6948100427988,9.37410935044212,10.879999999999999,-945.5011907234249
3,-19.248753053214934,-108.69614438129511,9.931564238987901,10.879999999999999,-945.7761729098994
3,-19.12457954855644,-108.69599612089857,10.146947121429584,10.879999999999999,-946.0493811891645
3,-18.503712025263965,-108.69525481891587,10.325778255840167,10.879999999999999,-946.3137199323826
3,-17.75867312154527,-108.69347569669365,10.273317129655425,10.879999999999999,-946.5674152626904
3,-16.765287916587013,-108.69110353373071,10.116535667452027,10.879999999999999,-946.8069193757844
3,-15.896073383977551,-108.69006571095494,9.638799507485007,10.879999999999999,-947.0340061384127
3,-14.778511842051099,-108.68873136738608,9.218814563577036,10.879999999999999,-947.2451277361563
3,-13.785122860678833,-108.68873136738608,8.762697872755279,10.879999999999999,-947.4420580627374
3,-12.295039388620433,-108.68873136738608,8.22745941082223,10.879999999999999,-947.6177014825748
3,-11.301650407248166,-108.68873136738608,7.721559954639236,10.879999999999999,-947.7791536312498
3,-10.804955916562033,-108.68873136738608,7.227965441255718,10.879999999999999,-947.9335101443435
3,-10.432435402586549,-108.68828658619647,6.772529201333775,10.879999999999999,-948.082544935809
3,-10.30826260600548,-108.68784180585227,7.146423327733535,10.879999999999999,-948.2298058301805
3,-10.30826260600548,-108.68784180585227,7.4786736492413315,10.879999999999999,-948.3770667245519
3,-10.30826260600548,-108.68784180585227,7.6812626020382,10.879999999999999,-948.5243276189234
3,-10.30826260600548,-108.68784180585227,7.753298074215028,10.879999999999999,-948.6715885132949
3,-10.30826260600548,-108.68784180585227,7.633499970373744,10.879999999999999,-948.8188494076663
3,-10.30826260600548,-108.68784180585227,7.386979390155444,10.879999999999999,-948.9661103020378
3,-10.30826260600548,-108.68784180585227,7.08090579141932,10.879999999999999,-949.1133711964093
3,-10.30826260600548,-108.68784180585227,6.714816811354186,10.879999999999999,-949.2606320907807
3,-10.432435402586549,-108.68828658619647,6.28230140173391,10.879999999999999,-949.4096668822463
3,-10.556608199167618,-108.68873136654067,5.772089906353425,10.879999999999999,-949.5604755708058
3,-10.804952612202332,-108.68991744576766,5.207522805558533,10.879999999999999,-949.7148320366944
3,-10.92912399263259,-108.69065874352323,4.891748801509761,10.879999999999999,-949.8709623794463
3,-11.922466713268385,-108.7001472601071,4.799382862573745,10.879999999999999,-950.041283332493
3,-13.039892307127399,-108.71749300113387,4.984844092833072,10.879999999999999,-950.2275675083091
3,-15.026209564934698,-108.7601886880968,5.39026550965987,10.879999999999999,-950.442227644951
3,-17.012300259607493,-108.81237032167095,6.122666298826719,10.879999999999999,-950.6852605058025
3,-19.4945737974584,-108.88945330912212,7.218784986083005,10.879999999999999,-950.9637544171948
3,-23.46557713912264,-109.03175278868834,8.403935803072828,10.879999999999999,-951.2989769477537
3,-25.574889853341094,-109.11490537186147,9.794486315930564,10.879999999999999,-951.6643325170871
3,-30.16530167842414,-109.30684675388626,11.360441519823109,10.879999999999999,-952.0952653982075
3,-33.638951763924155,-109.45624729045046,12.951787296233105,10.879999999999999,-952.5758218519778
3,-38.105515016936714,-109.63766809059814,14.598911445475402,10.879999999999999,-953.1201863522198
3,-41.083767523184896,-109.7443927002728,16.336422625953837,10.879999999999999,-953.7070973168367
3,-44.062269221931054,-109.84400517626223,17.64589601461101,10.879999999999999,-954.3365583057214
3,-46.54454275978196,-109.92108816371339,18.391011137362195,10.879999999999999,-955.0014803451469
3,-48.77902223305201,-109.9744566565155,18.824098053333614,10.879999999999999,-955.6983235199048
3,-49.64809798604745,-109.99002316964503,18.769762702739023,10.879999999999999,-956.4075820625626
3,-50.64141238427266,-110.00188368010828,18.45239292346958,10.879999999999999,-957.1310308109094
3,-51.13810073829532,-110.0042558363078,17.89530187230904,10.879999999999999,-957.8615751071707
3,-51.262274242953815,-110.00440409670435,17.24950736657337,10.879999999999999,-958.5938933106414
3,-51.38644774761231,-110.00455235710089,16.67525480879936,10.879999999999999,-959.3279854213216
3,-51.38644774761231,-110.00455235710089,15.980205971607386,10.879999999999999,-960.0620775320018
3,-51.5106212522708,-110.00470061749743,15.455758901207046,10.879999999999999,-960.7979435498914
3,-51.75896849761387,-110.00470061749743,14.96059876951398,10.879999999999999,-961.5373573855717
3,-52.13148901158936,-110.00425583630782,14.599031838451515,10.879999999999999,-962.2820929428801
3,-53.621571067491296,-110.00425583630782,14.411136006447375,10.879999999999999,-963.0481153867014
3,-54.614957216551176,-110.00662800152524,14.669717753815133,10.879999999999999,-963.8283290612236
3,-56.10503644014099,-110.01018624935138,15.090841181414982,10.879999999999999,-964.629829581797
3,-57.59510150220896,-110.01730271794997,15.789332420959939,10.879999999999999,-965.4526167461142
3,-59.70597885784926,-110.03494550392699,16.693846523642694,10.879999999999999,-966.3055593012264
3,-61.44428401093206,-110.05570145641627,17.773623258590597,10.879999999999999,-967.1833347870968
3,-62.810075730954935,-110.07364045291756,18.831377270956395,10.879999999999999,-968.0806215832533
3,-63.80339390532498,-110.08550100846927,19.156079100644078,10.879999999999999,-968.9920986390437
3,-65.16922456871792,-110.10017850873683,19.524317425827384,10.879999999999999,-969.9230875614539
3,-65.54173233736033,-110.10329194155631,19.27507089008955,10.879999999999999,-970.8593980234162
3,-65.54173233736033,-110.10329194155631,19.079179394137327,10.879999999999999,-971.7957084853786
3,-65.54173233736033,-110.10329194155631,18.894908950154047,10.879999999999999,-972.7320189473409
3,-65.54173233736033,-110.10329194155631,19.014628161804296,10.879999999999999,-973.6683294093032
3,-65.54173233736033,-110.10329194155631,19.104357832612695,10.879999999999999,-974.6046398712655
3,-65.54173233736033,-110.10329194155631,19.360062165950186,10.879999999999999,-975.5409503332278
3,-65.54173233736033,-110.10329194155631,19.507242353937187,10.879999999999999,-976.4772607951901
3,-65.41756095693007,-110.10255064380074,19.767421967872792,10.879999999999999,-977.411797380289
3,-65.293388160349,-110.10210586345654,19.971195018033093,10.879999999999999,-978.3445600682941
3,-65.1692146556905,-110.10195760306,20.323256490221038,10.879999999999999,-979.2755488490897
3,-64.92086741034743,-110.10195760306,20.703883232300246,10.879999999999999,-980.2029898120946
3,-64.79669390568893,-110.10210586345654,21.04030610637548,10.879999999999999,-981.1286568678902
3,-63.927484329621436,-110.10521932586593,21.218674305641283,10.879999999999999,-982.0419066440277
3,-62.934121783043864,-110.1123357606475,21.210567228673508,10.879999999999999,-982.9409655266426
3,-62.437449950695346,-110.11708002344832,20.972416313542723,10.879999999999999,-983.8329290973668
3,-58.96095859741062,-110.16689364662048,20.36055071929639,10.879999999999999,-984.6752285059013
3,-56.60227187312106,-110.22041097016609,19.58574026549274,10.879999999999999,-985.483832389803
3,-53.871778766584,-110.30520201460874,18.483327372086237,10.879999999999999,-986.2534292293255
3,-50.64562384160085,-110.42852459651515,17.171743631532525,10.879999999999999,-986.9769381413485
3,-46.05569217577346,-110.6314267287688,15.708992298175264,10.879999999999999,-987.6348766010024
3,-42.45897187572602,-110.80763798361482,14.032744582476418,10.879999999999999,-988.2414333420842
3,-38.61466266548157,-111.00518232794175,12.450052129799428,10.879999999999999,-988.7930713801625
3,-37.37463959450709,-111.07038693044991,10.818777988450366,10.879999999999999,-989.3269948029412
3,-30.55494737613308,-111.4371549751485,9.287036412158688,10.879999999999999,-989.7634940511716
3,-27.703076084813038,-111.59053070293155,7.81065242895059,10.879999999999999,-990.1592522809547
3,-25.098866619808724,-111.72435106521753,6.781956566296553,10.879999999999999,-990.5178075183806
3,-22.990444374953327,-111.8276473180583,6.353977115505483,10.879999999999999,-990.8462424380227
3,-21.005509014805284,-111.91301872869325,6.114252532838035,10.879999999999999,-991.1463211382343
3,-20.012758179389223,-111.94859359858478,6.294549214275445,10.879999999999999,-991.4322176836541
3,-19.516269488770032,-111.96282460152668,6.837480210558557,10.879999999999999,-991.7110215334937
3,-19.26797983154412,-111.96816156239704,7.478341207093817,10.879999999999999,-991.9862783882301
3,-18.895504633591116,-111.97394347607263,8.073029231270779,10.879999999999999,-992.2562141687099
3,-18.39883327327322,-111.97868773436457,8.674693304081902,10.879999999999999,-992.5190546440424
3,-18.026319131982444,-111.98091162763127,9.148721123489167,10.879999999999999,-992.7765734887851
3,-17.529626529503314,-111.98209770911275,9.440577766321026,10.879999999999999,-993.0269967249209
3,-17.032933927024185,-111.98091162763127,9.780994599462593,10.879999999999999,-993.2703243524498
3,-16.53624510095476,-111.97853946917728,9.780248523742292,10.879999999999999,-993.5065564253206
3,-15.5428598959965,-111.97616730621434,9.645036081897679,10.879999999999999,-993.7285972809776
3,-14.301128389798677,-111.97320210251065,9.375163004558068,10.879999999999999,-993.9328991151176
3,-13.059396883600854,-111.97023689880697,9.150672573633184,10.879999999999999,-994.1194619277405
3,-12.066007902228588,-111.97023689880697,8.604324605953726,10.879999999999999,-994.2918334692009
3,-10.948446360302135,-111.97157124237583,8.12735021322931,10.879999999999999,-994.4482398457767
3,-9.70671367397729,-111.97453644889761,7.685278150799613,10.879999999999999,-994.5869071839763
3,-8.8375040979098,-111.977649911307,7.250032363761119,10.879999999999999,-994.7131572425179
3,-8.340822824621013,-111.98120812869779,6.814420278315594,10.879999999999999,-994.8323118542983
3,-7.533694277256046,-111.98120812869779,6.620702125764219,10.879999999999999,-994.939936058259
3,-7.409525021041911,-111.98224593963761,6.586679604754247,10.879999999999999,-995.0457864157025
3,-7.409525021041911,-111.98224593963761,6.774517798852046,10.879999999999999,-995.151636773146
3,-7.409525021041911,-111.98224593963761,6.868202407648532,10.879999999999999,-995.2574871305895
3,-7.409525021041911,-111.98224593963761,6.905382814146193,10.879999999999999,-995.363337488033
3,-7.409525021041911,-111.98224593963761,6.862065091276318,10.879999999999999,-995.4691878454765
3,-7.409525021041911,-111.98224593963761,6.7269973651516,10.879999999999999,-995.57503820292
3,-7.533696401472169,-111.98150464188204,6.521100822249827,10.879999999999999,-995.6826624372268
3,-7.533696401472169,-111.98150464188204,6.231907457207502,10.879999999999999,-995.7902866715335
3,-7.533696401472169,-111.98150464188204,5.891283636615054,10.879999999999999,-995.8979109058403
3,-7.657869198053239,-111.98105986153784,5.504044835853873,10.879999999999999,-996.007309037241
3,-8.154563216687217,-111.98105986153784,5.138845000950719,10.879999999999999,-996.1238027974795
3,-8.527081606430427,-111.98239420257043,5.097530432897642,10.879999999999999,-996.2456182489999
3,-9.644602788198048,-111.99173448327504,5.064936475281006,10.879999999999999,-996.3833982888314
3,-10.637888864012675,-112.00596698761768,5.270297216747932,10.879999999999999,-996.5353681297458
3,-12.25180998765547,-112.03873023094565,5.689682444678413,10.879999999999999,-996.7103939867123
3,-12.872482799649243,-112.05429594518245,6.344804743300219,10.879999999999999,-996.8942865981359
3,-17.09199078114395,-112.1954124124555,7.217371550938792,10.879999999999999,-997.1384578950093
3,-19.821284683005125,-112.3127984367651,8.278528230178294,10.879999999999999,-997.4216191047665
3,-22.67385053336234,-112.45255192496809,9.483952346126348,10.879999999999999,-997.7455312552431
3,-25.773710632623246,-112.61926467255836,10.840021962826908,10.879999999999999,-998.1137271214235
3,-29.865525963647645,-112.83932549937751,12.344092802274101,10.879999999999999,-998.5403774923327
3,-32.96577532674802,-112.99863545447987,13.864835501339499,10.879999999999999,-999.0113171398577
3,-35.81834659919944,-113.13838920832313,15.468381948432008,10.879999999999999,-999.5230078055606
3,-37.80285914160957,-113.23323983965575,16.650859092874228,10.879999999999999,-1000.0630486504407
3,-41.64847756432981,-113.40323892343591,17.505998522190655,10.879999999999999,-1000.6580269013597
3,-43.50980220101708,-113.4721641529101,17.82110087885136,10.879999999999999,-1001.2795955042313
3,-44.626783877134066,-113.50818519793482,18.015063688244673,10.879999999999999,-1001.9171209881904
3,-45.61982639313783,-113.53427594033276,17.661177336473504,10.879999999999999,-1002.5688327938067
3,-45.9922867221715,-113.5409472904218,17.26334675628579,10.879999999999999,-1003.2258654612663
3,-46.36477537308683,-113.54583974401307,16.70576375703434,10.879999999999999,-1003.8882193951675
3,-46.61310491667934,-113.548804882901,16.30026938364722,10.879999999999999,-1004.5541208939773
3,-46.737271340624154,-113.55013920110714,15.789072616480212,10.879999999999999,-1005.2217961988433
3,-47.10977910926656,-113.55325263392662,15.306728674801738,10.879999999999999,-1005.8947930432614
3,-47.48229325055734,-113.55547652719332,14.814852247999974,10.879999999999999,-1006.5731115182693
3,-48.227326489661486,-113.55903476487433,14.445545568522938,10.879999999999999,-1007.2620733252645
3,-49.0965261526733,-113.5642238491633,14.274009784306713,10.879999999999999,-1007.9634522703027
3,-50.08988964333096,-113.57134029070824,14.597276346788037,10.879999999999999,-1008.6790221223503
3,-51.45575146168645,-113.5827562110463,15.037928399011292,10.879999999999999,-1009.4141042860887
3,-52.945766958732,-113.59698899944877,15.717878012358979,10.879999999999999,-1010.1704723854991
3,-54.8082633179042,-113.61700377254091,16.565906643846823,10.879999999999999,-1010.9534475757549
3,-56.670706572480846,-113.64146604049722,17.61431304654182,10.879999999999999,-1011.7630290982189
3,-58.03649829250372,-113.6594050369985,18.34381213125413,10.879999999999999,-1012.5921219309689
3,-59.02981646687377,-113.67126559255021,18.555430799716248,10.879999999999999,-1013.4354050233528
3,-59.65064858659783,-113.67793718358092,18.685926813154477,10.879999999999999,-1014.2875571460185
3,-59.898984502772095,-113.68030931498133,18.38291032628018,10.879999999999999,-1015.1432569246294
3,-60.02315375898623,-113.68134712592115,18.118091511583057,10.879999999999999,-1016.0007305497578
3,-60.02315375898623,-113.68134712592115,17.968883725613487,10.879999999999999,-1016.8582041748862
3,-60.02315375898623,-113.68134712592115,17.89161435852539,10.879999999999999,-1017.7156778000145
3,-60.02315375898623,-113.68134712592115,17.781578157008635,10.879999999999999,-1018.5731514251429
3,-60.02315375898623,-113.68134712592115,17.81514334842244,10.879999999999999,-1019.4306250502713
3,-60.02315375898623,-113.68134712592115,17.836043711763622,10.879999999999999,-1020.2880986753996
3,-60.02315375898623,-113.68134712592115,17.935233215661377,10.879999999999999,-1021.145572300528
3,-60.02315375898623,-113.68134712592115,18.051421554015587,10.879999999999999,-1022.0030459256564
3,-60.02315375898623,-113.68134712592115,18.241132613075422,10.879999999999999,-1022.8605195507847
3,-60.02315375898623,-113.68134712592115,18.44051495485107,10.879999999999999,-1023.7179931759131
3,-59.89898237855597,-113.68060582816558,18.70931364270705,10.879999999999999,-1024.5736929241782
3,-59.89898237855597,-113.68060582816558,18.99391949865698,10.879999999999999,-1025.4293926724433
3,-59.7748095819749,-113.68016104782139,19.293114990858555,10.879999999999999,-1026.2833185236143
3,-59.52646257265791,-113.68016104782139,19.667733206855907,10.879999999999999,-1027.1336965603666
3,-59.1539441829147,-113.68149538885397,19.931887427818122,10.879999999999999,-1027.978752905837
3,-58.65726290962591,-113.68505360624476,20.07100089373614,10.879999999999999,-1028.8167138045458
3,-57.291473785664856,-113.70299256864804,20.000532510893905,10.879999999999999,-1029.6351634300552
3,-56.79484868504953,-113.71129476816203,19.67087794179803,10.879999999999999,-1030.44651841127
3,-54.06383119540828,-113.7765226160711,19.137982225842602,10.879999999999999,-1031.2188588569188
3,-51.70595156354682,-113.85819763619453,18.344883863565432,10.879999999999999,-1031.9575153078267
3,-48.48043160330625,-113.99692617847633,17.331805097050236,10.879999999999999,-1032.6500929021597
3,-45.62820761069832,-114.1434910585832,16.208377821044728,10.879999999999999,-1033.3019244394554
3,-42.528754451680236,-114.31760564801148,14.83102908418638,10.879999999999999,-1033.9094780744795
3,-39.18180362341245,-114.513642321493,13.413483489632556,10.879999999999999,-1034.4692181262426
3,-35.95904086277282,-114.70626646374446,11.950864318702521,10.879999999999999,-1034.9829187099965
3,-31.74465879116714,-114.95815957284252,10.53405018999494,10.879999999999999,-1035.4364138355845
3,-28.76938757338611,-115.12886198620431,9.037316070736008,10.879999999999999,-1035.847405086633
3,-26.041339409947142,-115.27231197538907,7.67376866261754,10.879999999999999,-1036.2194242210608
3,-23.064573425415333,-115.41458778717076,6.935397223896818,10.879999999999999,-1036.5489181271382
3,-21.45172909307209,-115.48202652293935,6.531747877596322,10.879999999999999,-1036.8553713998963
3,-20.210790548802013,-115.52649511030376,6.520923773100347,10.879999999999999,-1037.144096979165
3,-19.466057512873228,-115.54784161471659,6.828364551389588,10.879999999999999,-1037.4221835150631
3,-19.093614176647968,-115.55540236317688,7.330901400877184,10.879999999999999,-1037.6949494318724
3,-18.845292657694312,-115.55896048926255,7.9022663242526265,10.879999999999999,-1037.9641678984108
3,-18.596956977535363,-115.56133261840851,8.468011714680575,10.879999999999999,-1038.2298387123756
3,-18.348612800524034,-115.56251869650828,8.998513792551519,10.879999999999999,-1038.491961752383
3,-18.22443929586554,-115.56266695690482,9.505170807393101,10.879999999999999,-1038.7523108851813
3,-17.976092994625976,-115.56207391616408,9.945472526758259,10.879999999999999,-1039.009112213676
3,-17.976092994625976,-115.56207391616408,10.232529859853845,10.879999999999999,-1039.2659135421707
3,-17.47940416855655,-115.55970175771009,10.43737864115278,10.879999999999999,-1039.5156193160071
3,-17.227176497504995,-115.55970175771009,10.334294124402737,10.879999999999999,-1039.7617218374
3,-16.357976834493186,-115.55451267342112,10.049653873938826,10.879999999999999,-1039.99540722075
3,-15.364600126447872,-115.54976836102205,9.726482368079138,10.879999999999999,-1040.2149015082707
3,-14.371212089179915,-115.54976836102205,9.2244204511465,10.879999999999999,-1040.4202045381162
3,-13.502002513112425,-115.55288182343143,8.762181793599346,10.879999999999999,-1040.6130902883035
3,-12.632802850100616,-115.5580709077204,8.324487197383512,10.879999999999999,-1040.7935589004478
3,-11.63946012946482,-115.56755942430428,7.8826142149658684,10.879999999999999,-1040.9598369022974
3,-11.39113058587231,-115.57052456319221,7.435672657811877,10.879999999999999,-1041.1225673392385
3,-11.39113058587231,-115.57052456319221,7.011097870629673,10.879999999999999,-1041.2852977761795
3,-11.39113058587231,-115.57052456319221,7.098318828618431,10.879999999999999,-1041.4480282131206
3,-11.39113058587231,-115.57052456319221,7.090314864191479,10.879999999999999,-1041.6107586500616
3,-11.39113058587231,-115.57052456319221,6.947946206772613,10.879999999999999,-1041.7734890870026
3,-11.39113058587231,-115.57052456319221,6.661909454121965,10.879999999999999,-1041.9362195239437
3,-11.39113058587231,-115.57052456319221,6.268118881781476,10.879999999999999,-1042.0989499608847
3,-11.39113058587231,-115.57052456319221,5.870486311407157,10.879999999999999,-1042.2616803978258
3,-11.39113058587231,-115.57052456319221,5.471176316180231,10.879999999999999,-1042.4244108347668
3,-11.39113058587231,-115.57052456319221,4.938866011101373,10.879999999999999,-1042.5871412717079
3,-12.01197568685432,-115.56533551835632,4.686309396064395,10.879999999999999,-1042.7587409243772
3,-12.757014590573014,-115.56533551835632,4.465004818204016,10.879999999999999,-1042.9409839899567
3,-13.874535772340636,-115.57467579906093,4.598634155100838,10.879999999999999,-1043.1391916438474
3,-15.612717016693042,-115.60373338689571,4.970350596081764,10.879999999999999,-1043.3622304583716
3,-18.343583935703393,-115.67548292849004,5.645302792312128,10.879999999999999,-1043.6242816574531
3,-21.07364094924199,-115.77331354176009,6.64674928585612,10.879999999999999,-1043.9253336710137
3,-24.050729706159448,-115.9084801881834,7.861440707426676,10.879999999999999,-1044.2689155239589
3,-25.16681947687558,-115.96583177202025,9.241726061089082,10.879999999999999,-1044.6284415164857
3,-32.2325642674318,-116.3796846116589,10.782199692690085,10.879999999999999,-1045.088906720306
3,-35.82583673847622,-116.61599007486697,12.359648921309816,10.879999999999999,-1045.6007043879986
3,-39.418534678414176,-116.86087542655923,13.952674725155198,10.879999999999999,-1046.163826311976
3,-44.002321705231566,-117.17331535802866,15.83830301812203,10.879999999999999,-1046.792430907765
3,-47.34724737344966,-117.40131206477662,17.212675021581667,10.879999999999999,-1047.4688201559572
3,-50.072519256013564,-117.5903412495995,18.489968387940095,10.879999999999999,-1048.1841418596146
3,-52.55082218415688,-117.75035103146783,18.92785514786622,10.879999999999999,-1048.9348678908168
3,-54.9064021075763,-117.88267786790942,19.373685483844586,10.879999999999999,-1049.7192450637822
3,-56.14671773144768,-117.9419592871304,19.301251598207593,10.879999999999999,-1050.5213410313743
3,-57.01533259314026,-117.97412427194111,19.072008686986397,10.879999999999999,-1051.3358457827048
3,-57.76011448014308,-117.99369232873956,18.739569542891154,10.879999999999999,-1052.1609902752782
3,-58.38088169519921,-118.00481124555462,18.32092717070015,10.879999999999999,-1052.9950028709238
3,-58.62921100278246,-118.00777638162452,17.82578659489254,10.879999999999999,-1053.8325630281065
3,-58.877551639426855,-118.00955549031991,17.243956732735874,10.879999999999999,-1054.6736709086697
3,-59.12589794066642,-118.01014853106065,16.82346249982597,10.879999999999999,-1055.5183265935364
3,-59.37424518600949,-118.01014853106065,16.46567897891909,10.879999999999999,-1056.3665300961936
3,-59.74676569998498,-118.01059331225026,16.040160155688017,10.879999999999999,-1057.220055320479
3,-60.243454054007636,-118.01296546844979,15.706229357046778,10.879999999999999,-1058.0806760926791
3,-61.360949745399815,-118.02497430947895,15.550680924428065,10.879999999999999,-1058.957261089042
3,-62.35423676522185,-118.039206827348,15.722901914529208,10.879999999999999,-1059.8480358999739
3,-63.59584553999939,-118.05699747468431,16.120615349361657,10.879999999999999,-1060.7565479791167
3,-65.2098402991453,-118.08590665840349,16.787646875264908,10.879999999999999,-1061.6881171262473
3,-66.20299987193523,-118.10725452217369,17.63049216239434,10.879999999999999,-1062.633874267275
3,-67.81684122452364,-118.14387170788484,18.68790041598141,10.879999999999999,-1063.6026862847682
3,-69.30657916787911,-118.17589347310704,19.730245037896776,10.879999999999999,-1064.5927802728806
3,-69.92734756287585,-118.1870124110567,20.08973280292183,10.879999999999999,-1065.5917423809217
3,-70.29982346882149,-118.19279433572243,20.293732283899356,10.879999999999999,-1066.5960255733335
3,-70.42398635245993,-118.19442515358618,20.175728167015585,10.879999999999999,-1067.6020825212258
3,-70.42398635245993,-118.19442515358618,20.309930733002687,10.879999999999999,-1068.6081394691182
3,-70.42398635245993,-118.19442515358618,20.401285492388432,10.879999999999999,-1069.6141964170106
3,-70.42398635245993,-118.19442515358618,20.6524662396141,10.879999999999999,-1070.620253364903
3,-70.42398635245993,-118.19442515358618,20.945695926020722,10.879999999999999,-1071.6263103127953
3,-70.29981992851512,-118.19309083538003,21.272689732473765,10.879999999999999,-1072.6305934546313
3,-70.29981992851512,-118.19309083538003,21.69084763761331,10.879999999999999,-1073.6348765964672
3,-69.80313865522633,-118.18953261798924,22.130488047451426,10.879999999999999,-1074.6320642915418
3,-69.3064460527472,-118.18834653650777,22.326872807794985,10.879999999999999,-1075.6221563780095
3,-68.31307217697929,-118.19309083538002,22.40881809713089,10.879999999999999,-1076.5980574091093
3,-66.94733497642204,-118.21429110492969,22.23913821080716,10.879999999999999,-1077.5544479087725
3,-66.20250636170537,-118.23208065325126,21.747213027936585,10.879999999999999,-1078.5001979996541
3,-61.983784610555325,-118.39334496658833,21.099362635036087,10.879999999999999,-1079.3856806369477
3,-59.008122730698105,-118.55694162191546,20.11554657911932,10.879999999999999,-1080.2286538188148
3,-55.662681231083305,-118.77694890206804,18.824757751252275,10.879999999999999,-1081.023834979259
3,-50.58596987945602,-119.15954383562145,17.315965541451295,10.879999999999999,-1081.7464916918225
3,-46.5021472414478,-119.49675044708292,15.555742967314211,10.879999999999999,-1082.410808080986
3,-42.29583484952654,-119.85924519939267,13.62034218802968,10.879999999999999,-1083.0150342931222
3,-38.66375638638419,-119.85924519939267,11.654644215700776,10.879999999999999,-1083.5673736700705
3,-32.971713652521046,-120.3360878445977,9.696784927393868,10.879999999999999,-1084.0383981508207
3,-29.01049266717181,-120.6488896774283,7.794130137984832,10.879999999999999,-1084.4528337603517
3,-25.666700389683584,-120.89285831864386,6.200338606013822,10.879999999999999,-1084.8195009087758
3,-22.56954699318536,-121.10396638044737,5.4376509894900655,10.879999999999999,-1085.1419230086785
3,-19.842617212930865,-121.26695464514896,4.9623567801096335,10.879999999999999,-1085.4253889688632
3,-18.354238464285203,-121.33809234821413,5.156925487485166,10.879999999999999,-1085.6875923754958
3,-17.609743296586466,-121.36655132443578,5.473491349320395,10.879999999999999,-1085.9391601368757
3,-16.86501026065768,-121.38789782884861,6.1416071529663165,10.879999999999999,-1086.180088854885
3,-16.368430946205855,-121.39857175058934,6.782684613794204,10.879999999999999,-1086.413923582688
3,-16.120118631891295,-121.40272284640118,7.371151799471847,10.879999999999999,-1086.644210991715
3,-15.747620068093903,-121.4067257934109,7.889849410639536,10.879999999999999,-1086.8691769926877
3,-15.37510238642408,-121.4080601319072,8.36663238237516,10.879999999999999,-1087.0888213124938
3,-15.002581872448596,-121.40761535071759,8.840629635027357,10.879999999999999,-1087.3031439106717
3,-14.50590201527832,-121.40405714347186,9.31945659924328,10.879999999999999,-1087.5103710823184
3,-13.885087597086104,-121.3959030541531,9.564533677845255,10.879999999999999,-1087.7087294765624
3,-13.38842898191959,-121.3899727820133,9.317911793329753,10.879999999999999,-1087.8999927477328
3,-12.379518297713382,-121.3899727820133,9.056304456801419,10.879999999999999,-1088.0768430091287
3,-11.137838716842088,-121.37811212501124,8.61277516490098,10.879999999999999,-1088.2359549907978
3,-9.523638386058332,-121.36462058279352,8.199887878659583,10.879999999999999,-1088.3720069677415
3,-8.406095962186006,-121.35794890299341,7.581234199821709,10.879999999999999,-1088.4920940529157
3,-7.288540792956376,-121.35394587989563,6.9136495773514275,10.879999999999999,-1088.5962160642437
3,-6.543499765005409,-121.35394587989563,6.188925003625547,10.879999999999999,-1088.6896946323152
3,-5.922635782100059,-121.35616978161661,5.801283169068255,10.879999999999999,-1088.7743037149166
3,-5.798464401669801,-121.35691107937218,5.698668010239539,10.879999999999999,-1088.8571389206547
3,-5.798464401669801,-121.35691107937218,5.916376747182289,10.879999999999999,-1088.9399741263928
3,-5.798464401669801,-121.35691107937218,5.942886881082407,10.879999999999999,-1089.022809332131
3,-5.798464401669801,-121.35691107937218,5.765037199176743,10.879999999999999,-1089.105644537869
3,-5.798464401669801,-121.35691107937218,5.582880707416067,10.879999999999999,-1089.188479743607
3,-5.798464401669801,-121.35691107937218,5.312125822861045,10.879999999999999,-1089.2713149493452
3,-5.922635782100059,-121.35616978161661,4.8449194528603545,10.879999999999999,-1089.3559240319466
3,-6.046808578681129,-121.35572500127242,4.345704029412686,10.879999999999999,-1089.442307011642
3,-6.170982083339624,-121.35557674087588,4.009953335098308,10.879999999999999,-1089.530463898547
3,-6.916012490165561,-121.35913496503007,3.681088069236475,10.879999999999999,-1089.629264076978
3,-7.536825728329678,-121.36728903884973,3.5823054238583985,10.879999999999999,-1089.736933015954
3,-8.778270474889716,-121.39397376711888,3.5702257874810677,10.879999999999999,-1089.862336879881
3,-10.88811272094285,-121.46201313084808,3.836388607005324,10.879999999999999,-1090.017881347323
3,-13.120918678423939,-121.56338763393786,4.4716321965995895,10.879999999999999,-1090.205323042729
3,-15.972410164668498,-121.72357275173559,5.35559362033102,10.879999999999999,-1090.4335003307958
3,-19.194203971254804,-121.93158546816437,6.603169164114231,10.879999999999999,-1090.707703244671
3,-24.147526993946002,-122.2989343059554,8.11200820135071,10.879999999999999,-1091.052667916013
3,-28.23215098547135,-122.62638860591518,9.893201613944717,10.879999999999999,-1091.4559843586626
3,-32.315981385919514,-122.96359585833162,11.836968869695907,10.879999999999999,-1091.9176412356044
3,-36.89482153187653,-123.34167671710156,13.86690885488679,10.879999999999999,-1092.444710114631
3,-42.34249638930449,-123.75877041401326,15.946744971326098,10.879999999999999,-1093.0496029201927
3,-46.18233054741947,-124.02971452286138,17.672272976960137,10.879999999999999,-1093.7093504994416
3,-49.65141971134199,-124.26201353695112,19.113978081575954,10.879999999999999,-1094.418656495318
3,-52.75043058439296,-124.44352794030141,19.8711307038032,10.879999999999999,-1095.172234075095
3,-55.6036042332246,-124.56965509407759,20.34931100613105,10.879999999999999,-1095.9665712784267
3,-57.21713265491525,-124.61783230467181,20.494164515426384,10.879999999999999,-1096.7839588877825
3,-58.58281533630886,-124.64229382867292,20.35087583022869,10.879999999999999,-1097.6208562497297
3,-59.57618449162522,-124.64703810500056,19.886871831455803,10.879999999999999,-1098.4719445996102
3,-59.948697924850684,-124.64481421596098,19.311757215263622,10.879999999999999,-1099.3283545699653
3,-60.19702723243394,-124.64184907989107,18.675790803304338,10.879999999999999,-1100.1883121018573
3,-60.4453395467485,-124.63769798407924,18.107505838896007,10.879999999999999,-1101.051816952525
3,-60.69364147644997,-124.63295393770342,17.640341423063916,10.879999999999999,-1101.9188689736172
3,-61.314433473038314,-124.62331741491076,17.167661212667934,10.879999999999999,-1102.7947894518036
3,-61.93527857402033,-124.61812837007487,16.904808776255184,10.879999999999999,-1103.6795791457182
3,-62.680317477739024,-124.61634924785265,16.823212330610165,10.879999999999999,-1104.575012252543
3,-63.7978705227485,-124.62035226334157,17.01699976966059,10.879999999999999,-1105.486410402868
3,-64.79121324338429,-124.62984077992544,17.413582229936683,10.879999999999999,-1106.4119991634877
3,-65.9086388372433,-124.64718652095222,17.789296571275326,10.879999999999999,-1107.353551146877
3,-67.15008712337287,-124.67387132530405,18.370953324030506,10.879999999999999,-1108.3128381057822
3,-67.77079533590687,-124.68795485826988,18.957181407978993,10.879999999999999,-1109.2809923248667
3,-68.63978683345448,-124.70767180442203,19.26912491855774,10.879999999999999,-1110.2615607082018
3,-69.26049504598848,-124.72175533738786,19.486335853273193,10.879999999999999,-1111.250996351716
3,-69.38464306070759,-124.72427559166506,19.33309697994874,10.879999999999999,-1112.2422055382974
3,-69.38464306070759,-124.72427559166506,19.23467664202257,10.879999999999999,-1113.233414724879
3,-69.38464306070759,-124.72427559166506,19.317258142068383,10.879999999999999,-1114.2246239114604
3,-69.38464306070759,-124.72427559166506,19.50507500010426,10.879999999999999,-1115.215833098042
3,-69.38464306070759,-124.72427559166506,19.823392494675133,10.879999999999999,-1116.2070422846234
3,-69.38464306070759,-124.72427559166506,20.053939707281398,10.879999999999999,-1117.198251471205
3,-69.13633074639303,-124.72012449585323,20.45053024267914,10.879999999999999,-1118.1859133390105
3,-69.13633074639303,-124.72012449585323,20.799542682934753,10.879999999999999,-1119.1735752068162
3,-68.88800143880977,-124.71715935978332,21.296115379770427,10.879999999999999,-1120.157689513085
3,-68.51549367016736,-124.71404592696385,21.608210251650824,10.879999999999999,-1121.1364822798016
3,-67.77045689067488,-124.7122668098142,21.972526764649732,10.879999999999999,-1122.104631663954
3,-66.77709717633432,-124.71938322430566,22.135248884766188,10.879999999999999,-1123.0585901950444
3,-65.4114144949407,-124.74384474830677,22.06531592866667,10.879999999999999,-1123.9930389735437
3,-64.29427564845545,-124.77453074212418,21.83578823631642,10.879999999999999,-1124.9115286256645
3,-60.57219266615118,-124.92571258700472,21.22198953241001,10.879999999999999,-1125.7768456637523
3,-57.720712019992234,-125.08589709585083,20.304784610752098,10.879999999999999,-1126.601427264038
3,-54.25163274700307,-125.31819544761859,19.074866828864543,10.879999999999999,-1127.376450588995
3,-49.17586878408177,-125.71291073288654,17.497174156759556,10.879999999999999,-1128.0789630001964
3,-45.093703182379556,-126.06961738799812,15.754676392617071,10.879999999999999,-1128.7231587599447
3,-40.51868321944338,-126.49141657805376,13.830067115756691,10.879999999999999,-1129.301997091651
3,-35.944683536852715,-126.92413949362023,11.814233504386237,10.879999999999999,-1129.8154925707488
3,-30.257455108552254,-127.45532891062858,9.901938414437979,10.879999999999999,-1130.2477419294423
3,-25.928793070000605,-127.84399261538074,8.032128196269545,10.879999999999999,-1130.6181532590138
3,-22.21734448679894,-128.16384062226248,6.415061407549492,10.879999999999999,-1130.9355438945395
3,-18.00935283032774,-128.50624202803206,5.1639375168230535,10.879999999999999,-1131.1928203635441
3,-15.409086040469862,-128.70220528668136,4.558452444321406,10.879999999999999,-1131.4129501641223
3,-13.426755027333199,-128.83494720197723,4.312378248045008,10.879999999999999,-1131.604760950227
3,-11.939123659932015,-128.92029816530805,4.539609394411183,10.879999999999999,-1131.7753198596547
3,-11.070855652317654,-128.96075840695923,5.0184872490245285,10.879999999999999,-1131.933474940402
3,-10.326294648625309,-128.98743948330562,5.53116545552922,10.879999999999999,-1132.0809934353824
3,-9.705661956133508,-129.00448725764863,6.1043632887241985,10.879999999999999,-1132.2196457490415
3,-9.333218619908248,-129.01204800610893,6.613278004360047,10.879999999999999,-1132.3529774436117
3,-8.960730677009778,-129.01694045040074,7.15488101356034,10.879999999999999,-1132.4809878818548
3,-8.588217243784314,-129.01916433944032,7.697871694687497,10.879999999999999,-1132.6036766996233
3,-8.091523225150336,-129.01916433944032,8.22706689961021,10.879999999999999,-1132.719269888554
3,-7.09813707609046,-129.0167921742229,8.700771678793412,10.879999999999999,-1132.8206718467839
3,-6.7256165621149755,-129.01634739303327,8.680688506687373,10.879999999999999,-1132.9167520833855
3,-5.608055020188524,-129.01501304946441,8.47302555395403,10.879999999999999,-1132.9968671551026
3,-3.993799459628094,-129.0130856643094,8.106596950722446,10.879999999999999,-1133.0539214330972
3,-2.752063232912761,-129.0130856643094,7.547292679338985,10.879999999999999,-1133.0932366221389
3,-1.5103270061974277,-129.0130856643094,6.986978983637782,10.879999999999999,-1133.1148127222275
3,-0.2685954999996043,-129.01605086801308,6.348691168954896,10.879999999999999,-1133.118649800799
3,0.8489469238727214,-129.0227225478132,5.661937777910281,10.879999999999999,-1133.1065219876007
3,1.5939695418659658,-129.0280598789719,5.201175598496393,10.879999999999999,-1133.0837509941455
3,1.8423104145303812,-129.02983898935813,5.050297608767351,10.879999999999999,-1133.0574322739378
3,2.0906512871947966,-129.03161809974435,5.211201097337349,10.879999999999999,-1133.027565826978
3,2.0906512871947966,-129.03161809974435,5.372483366698082,10.879999999999999,-1132.997699380018
3,2.0906512871947966,-129.03161809974435,5.421632155857815,10.879999999999999,-1132.9678329330582
3,2.0906512871947966,-129.03161809974435,5.347945464211578,10.879999999999999,-1132.9379664860983
3,2.0906512871947966,-129.03161809974435,5.113435664961205,10.879999999999999,-1132.9081000391384
3,2.0906512871947966,-129.03161809974435,4.835439160916231,10.879999999999999,-1132.8782335921785
3,1.9664799067645378,-129.03087680198877,4.461533425466509,10.879999999999999,-1132.850141022082
3,1.9664799067645378,-129.03087680198877,4.040054766795312,10.879999999999999,-1132.8220484519854
3,1.718135493729823,-129.02969072276176,3.5718832564223972,10.879999999999999,-1132.797503659218
3,1.3456156878317633,-129.02924594241756,3.230621973589154,10.879999999999999,-1132.7782805779632
3,0.8489273338091057,-129.0316180986171,2.9416209554771164,10.879999999999999,-1132.766153044623
3,-0.6410442635287101,-129.04940886431197,3.0430631444346847,10.879999999999999,-1132.7753108198162
3,-2.2548764134830463,-129.08602584122036,3.2607947200302965,10.879999999999999,-1132.8075233400089
3,-4.240536664039469,-129.15243390609237,3.8426173263080123,10.879999999999999,-1132.8681024352095
3,-6.845623111512131,-129.26759413796088,4.724676178357635,10.879999999999999,-1132.9658970510882
3,-8.705535635788005,-129.3676215963851,5.902565823293383,10.879999999999999,-1133.0902618458852
3,-14.405605284008521,-129.7356423458619,7.460369096494175,10.879999999999999,-1133.2960562070853
3,-18.244094354751102,-130.02492144196324,9.11073083742387,10.879999999999999,-1133.5566861264388
3,-22.327916992759324,-130.3621280534247,10.880827199716986,10.879999999999999,-1133.8756563691925
3,-27.770239181462983,-130.84423584230908,12.811467853786949,10.879999999999999,-1134.2723740717847
3,-31.728291682338376,-131.19485968877044,14.75667963088048,10.879999999999999,-1134.7256353815324
3,-35.44049346529262,-131.5058440225998,16.533342299926183,10.879999999999999,-1135.2319281453222
3,-39.030011518451246,-131.79360689226144,17.924736938640255,10.879999999999999,-1135.7894997384428
3,-40.8873449397783,-131.93358064843952,18.77791455040837,10.879999999999999,-1136.373604666154
3,-44.85318444278321,-132.1801238481765,19.204712365070364,10.879999999999999,-1137.014364443908
3,-46.589626316203145,-132.26311783508586,19.22760707657362,10.879999999999999,-1137.6799305341397
3,-48.2028970476681,-132.3190002124882,19.02632065798826,10.879999999999999,-1138.3685433491064
3,-48.82363358160733,-132.33160141201776,18.516701329888075,10.879999999999999,-1139.0660238288438
3,-49.44447632241605,-132.33679043712723,17.916059125660055,10.879999999999999,-1139.7723734905926
3,-49.81699612831411,-132.33634565678304,17.394487137173623,10.879999999999999,-1140.4840448638543
3,-50.189503188903316,-132.3332322298815,16.975543260511966,10.879999999999999,-1141.2010377665529
3,-50.81029518549166,-132.32359570708886,16.47448849516863,10.879999999999999,-1141.9268991263457
3,-51.679370938487104,-132.30802919395933,16.025655993364524,10.879999999999999,-1142.6651758540384
3,-52.79679865632402,-132.29068341996216,15.99031772672127,10.879999999999999,-1143.419415834843
3,-54.03840743110156,-132.27289277262585,16.20910396590637,10.879999999999999,-1144.1913930838587
3,-55.5283832766011,-132.25510195620646,16.59794813874482,10.879999999999999,-1144.9846557020958
3,-57.018427096467455,-132.2444273040341,17.155327597580854,10.879999999999999,-1145.7992046606169
3,-59.25354380762354,-132.23908993736748,17.779133581823462,10.879999999999999,-1146.6456838578686
3,-60.246929012581795,-132.24146210033044,18.391068185353756,10.879999999999999,-1147.506354272334
3,-62.10949971903567,-132.25258156666396,19.15826137507873,10.879999999999999,-1148.3936328397488
3,-63.351178119830415,-132.2644422123938,19.472540316048896,10.879999999999999,-1149.298649670032
3,-64.34446419564505,-132.27867471673642,19.708306984924377,10.879999999999999,-1150.2178563013983
3,-64.71692523264309,-132.2853460795062,19.499227921393693,10.879999999999999,-1151.1423838047217
3,-64.8410732473622,-132.28786633378343,19.292587391806023,10.879999999999999,-1152.0686848511125
3,-64.8410732473622,-132.28786633378343,19.124416247867067,10.879999999999999,-1152.9949858975033
3,-64.8410732473622,-132.28786633378343,18.987835640985857,10.879999999999999,-1153.921286943894
3,-64.8410732473622,-132.28786633378343,18.9927247661151,10.879999999999999,-1154.8475879902849
3,-64.8410732473622,-132.28786633378343,19.017445924102194,10.879999999999999,-1155.7738890366757
3,-64.8410732473622,-132.28786633378343,19.169116338615474,10.879999999999999,-1156.7001900830664
3,-64.8410732473622,-132.28786633378343,19.31990672365048,10.879999999999999,-1157.6264911294572
3,-64.8410732473622,-132.28786633378343,19.628929301732747,10.879999999999999,-1158.552792175848
3,-64.8410732473622,-132.28786633378343,19.911096357611818,10.879999999999999,-1159.4790932222388
3,-64.8410732473622,-132.28786633378343,20.339311564438706,10.879999999999999,-1160.4053942686296
3,-64.8410732473622,-132.28786633378343,20.78047159923184,10.879999999999999,-1161.3316953150204
3,-64.8410732473622,-132.28786633378343,21.278918044532997,10.879999999999999,-1162.2579963614112
3,-64.46861291832853,-132.28119498369438,21.759306536990266,10.879999999999999,-1163.1789765459587
3,-63.971954303162015,-132.27526471155457,22.098145441694037,10.879999999999999,-1164.0928616074325
3,-62.9785804273941,-132.27052041268232,22.253372123060092,10.879999999999999,-1164.9925556135381
3,-61.116062825717464,-132.28608739924218,21.975566147696743,10.879999999999999,-1165.865642225334
3,-59.00566693731564,-132.3339711382762,21.388199644164015,10.879999999999999,-1166.7085803244386
3,-56.27562289684006,-132.43180128666123,20.48356069397103,10.879999999999999,-1167.5125177943935
3,-52.18334040897942,-132.64208802912995,19.16286981246824,10.879999999999999,-1168.2579940859503
3,-50.943997896522724,-132.71913387739477,17.630904129647174,10.879999999999999,-1168.985765484472
3,-44.504751405083034,-133.19668192020242,15.944251207712904,10.879999999999999,-1169.6215476474017
3,-40.17518182752008,-133.57500716047227,14.223212940585114,10.879999999999999,-1170.1954788163662
3,-36.095676351335335,-133.9609484867131,12.338833529274435,10.879999999999999,-1170.7111313356709
3,-30.782409381993585,-134.48922429143113,10.582534495636436,10.879999999999999,-1171.150880041128
3,-26.951914590142557,-134.87007429018132,8.833194923773965,10.879999999999999,-1171.5359073924158
3,-23.24369039997532,-135.2253582452292,7.492065085709355,10.879999999999999,-1171.8679601124154
3,-20.028462196361957,-135.51791876527636,6.346556229868892,10.879999999999999,-1172.1540810009349
3,-16.563750410752252,-135.80816998262824,5.447344374198887,10.879999999999999,-1172.3907060068027
3,-14.582421201675777,-135.95510951774466,4.721348767726608,10.879999999999999,-1172.5990263096837
3,-12.7235560194267,-136.07289723947468,4.756183769855619,10.879999999999999,-1172.7807913956756
3,-11.483254540895631,-136.13217798261303,4.9126990457510376,10.879999999999999,-1172.944837889117
3,-10.738631946936971,-136.15708100694005,5.545174217849187,10.879999999999999,-1173.0982469169305
3,-10.24208095287696,-136.16894067200718,6.156750901228342,10.879999999999999,-1173.2445623591145
3,-9.993768638562397,-136.17309176781902,6.776513717557824,10.879999999999999,-1173.3873304825227
3,-9.621270074765006,-136.17709471482874,7.361785263491287,10.879999999999999,-1173.5247771978763
3,-9.372925897753678,-136.17828079292852,7.898761177567523,10.879999999999999,-1173.6586761392728
3,-9.000406091855618,-136.17783601258432,8.39908563568999,10.879999999999999,-1173.7872533691564
3,-8.503736147627968,-136.17309176781905,8.90097600890775,10.879999999999999,-1173.9087353141224
3,-7.882921729435751,-136.16493767850028,9.171950416980742,10.879999999999999,-1174.0213484816857
3,-7.13793309865822,-136.1560422618365,9.031866239820138,10.879999999999999,-1174.1233189545237
3,-6.020435283154899,-136.14403339798122,8.840228320811018,10.879999999999999,-1174.2093251728545
3,-4.654573464799412,-136.13261747764315,8.364843076590441,10.879999999999999,-1174.2758190794946
3,-3.661196756754099,-136.1278731652441,7.76532900713821,10.879999999999999,-1174.3281218903053
3,-2.171114700852163,-136.1278731652441,7.083721755782865,10.879999999999999,-1174.3591378146032
3,-0.681049638784192,-136.13498963384268,6.353915121380895,10.879999999999999,-1174.3688670951572
3,0.1881351547147544,-136.14225431042146,5.817026810590932,10.879999999999999,-1174.3661794500897
3,0.9331429032375318,-136.1493707046227,5.448328755876625,10.879999999999999,-1174.3528488371862
3,1.0573121594516675,-136.15040851556253,5.255307684255056,10.879999999999999,-1174.3377443777656
3,1.0573121594516675,-136.15040851556253,5.61176740097266,10.879999999999999,-1174.322639918345
3,1.0573121594516675,-136.15040851556253,5.793629075218464,10.879999999999999,-1174.3075354589243
3,1.0573121594516675,-136.15040851556253,5.777706134908951,10.879999999999999,-1174.2924309995037
3,1.0573121594516675,-136.15040851556253,5.694311832233825,10.879999999999999,-1174.277326540083
3,1.0573121594516675,-136.15040851556253,5.5383052479803805,10.879999999999999,-1174.2622220806625
3,1.0573121594516675,-136.15040851556253,5.225733884219648,10.879999999999999,-1174.2471176212418
3,1.0573121594516675,-136.15040851556253,4.9154447287844265,10.879999999999999,-1174.2320131618212
3,0.9331407790214087,-136.14966721780695,4.5411437782956385,10.879999999999999,-1174.2186825792637
3,0.560620973123349,-136.14922243746275,4.082057769313738,10.879999999999999,-1174.210673708219
3,0.3122767961120207,-136.15040851556253,3.9162980727483756,10.879999999999999,-1174.2062126111316
3,-0.060230972530385174,-136.153521948382,3.700124078399507,10.879999999999999,-1174.2070730535963
3,-1.301783104403269,-136.17427726963552,3.683337799779362,10.879999999999999,-1174.2256699550878
3,-3.039361369840748,-136.22823495060334,4.05019220836826,10.879999999999999,-1174.2690894032285
3,-4.900335599467567,-136.30604887649017,4.474574025988939,10.879999999999999,-1174.3390941975065
3,-7.132642546892027,-136.41808639239295,5.34057054542045,10.879999999999999,-1174.4409890910335
3,-10.850641815777438,-136.64922217982868,6.362814565978332,10.879999999999999,-1174.5959982598304
3,-13.823161957730738,-136.86253448365972,7.593120349474292,10.879999999999999,-1174.7934720020837
3,-17.165750933012937,-137.12246992796915,9.065514120185904,10.879999999999999,-1175.0386970154125
3,-18.527027733162317,-137.2348723454413,10.628503950421406,10.879999999999999,-1175.303368840172
3,-25.826960999859903,-137.85519169812255,12.316937668960918,10.879999999999999,-1175.6723254258843
3,-28.651910915637288,-137.85519169812255,14.03302252516657,10.879999999999999,-1176.0816384389648
3,-31.869152460864303,-138.124711454108,15.726637825125508,10.879999999999999,-1176.5369120455487
3,-35.08764451146056,-138.37886294328285,16.924629534029428,10.879999999999999,-1177.0381641099982
3,-38.43199712689504,-138.61484517630396,17.65834639865973,10.879999999999999,-1177.5871926403825
3,-40.41522820945408,-138.73338265936974,18.07333119645773,10.879999999999999,-1178.1645530433746
3,-42.02754190860345,-138.81237346110893,18.094998731676014,10.879999999999999,-1178.7649464992116
3,-42.52382671449374,-138.832531327792,17.983541330814518,10.879999999999999,-1179.3724297379902
3,-44.50975882789197,-138.88945469036227,17.608374556919298,10.879999999999999,-1180.0082834355314
3,-45.130550824480316,-138.89909121315492,17.046542086850987,10.879999999999999,-1180.653005590167
3,-45.75139592546233,-138.90428025799082,16.68621243286474,10.879999999999999,-1181.3065969605307
3,-46.37226226862577,-138.90502155856447,16.315034512370037,10.879999999999999,-1181.9690578500824
3,-47.24147184469326,-138.9019080961551,16.04382349328497,10.879999999999999,-1182.6439360192924
3,-48.35901426856559,-138.89523641635498,15.920825474201955,10.879999999999999,-1183.3347790802718
3,-49.47655669243792,-138.88856473655486,15.956180818467761,10.879999999999999,-1184.041587033021
3,-50.966634499875305,-138.88500649211042,16.14701480226879,10.879999999999999,-1184.7696818115905
3,-52.70505860855226,-138.8891577772956,16.321814621096188,10.879999999999999,-1185.5226112202843
3,-54.19512508676054,-138.8962742526576,16.72784944038352,10.879999999999999,-1186.2968272929522
3,-55.685191564968825,-138.90339072801962,17.329476409068373,10.879999999999999,-1187.0923300295947
3,-57.5477622714227,-138.91451019435314,17.984997406778586,10.879999999999999,-1187.9144409191865
3,-59.037807507409184,-138.92518485667057,18.50323232377032,10.879999999999999,-1188.7578381692924
3,-60.155330813336406,-138.934525155129,18.675465414677003,10.879999999999999,-1189.6172000380543
3,-60.40366672951067,-138.93689728652942,18.861696544313897,10.879999999999999,-1190.4801095627615
3,-61.76949739290362,-138.95157478679698,18.80611775554648,10.879999999999999,-1191.3625309540887
3,-61.893660276542064,-138.95320560466072,18.694465416263732,10.879999999999999,-1192.2467261008965
3,-62.01782316018051,-138.95483642252447,18.326324662991208,10.879999999999999,-1193.1326950031848
3,-62.01782316018051,-138.95483642252447,18.065639648390157,10.879999999999999,-1194.0186639054732
3,-62.01782316018051,-138.95483642252447,17.861851939954114,10.879999999999999,-1194.9046328077616
3,-62.01782316018051,-138.95483642252447,17.805724156922757,10.879999999999999,-1195.79060171005
3,-62.01782316018051,-138.95483642252447,17.662455382176965,10.879999999999999,-1196.6765706123383
3,-62.01782316018051,-138.95483642252447,17.631797581128016,10.879999999999999,-1197.5625395146267
3,-62.01782316018051,-138.95483642252447,17.683540186022917,10.879999999999999,-1198.448508416915
3,-62.01782316018051,-138.95483642252447,17.7162025403885,10.879999999999999,-1199.3344773192034
3,-62.01782316018051,-138.95483642252447,17.85677846907915,10.879999999999999,-1200.2204462214918
3,-62.01782316018051,-138.95483642252447,18.030220886688127,10.879999999999999,-1201.1064151237802
3,-62.01782316018051,-138.95483642252447,18.256119715080807,10.879999999999999,-1201.9923840260685
3,-62.01782316018051,-138.95483642252447,18.536992809904653,10.879999999999999,-1202.878352928357
3,-62.01782316018051,-138.95483642252447,18.873988702578345,10.879999999999999,-1203.7643218306453
3,-62.01782316018051,-138.95483642252447,19.260306620061787,10.879999999999999,-1204.6502907329336
3,-62.01782316018051,-138.95483642252447,19.703334213142814,10.879999999999999,-1205.536259635222
3,-61.8936567362357,-138.95350210431832,20.13301362516212,10.879999999999999,-1206.420454731454
3,-61.645320820061436,-138.9511299729179,20.52501730624444,10.879999999999999,-1207.3011021717405
3,-61.14863954677265,-138.94757175552712,20.74444835867524,10.879999999999999,-1208.1746541652658
3,-60.031084377535755,-138.94890609148715,20.76833030135796,10.879999999999999,-1209.0322410849449
3,-58.66530044568946,-138.9668449856946,20.649213995395208,10.879999999999999,-1209.8703168055977
3,-56.92737196647942,-139.00835381342958,20.136840962232252,10.879999999999999,-1210.6835649765474
3,-56.18268990512415,-139.03147870966495,19.366625029412738,10.879999999999999,-1211.4861748323349
3,-51.097236144021494,-139.26845471969372,18.42587090273931,10.879999999999999,-1212.216135348678
3,-48.24741560731259,-139.4558683287126,17.269465641307747,10.879999999999999,-1212.9053841430682
3,-44.90483933904734,-139.71580278486468,15.893022703190656,10.879999999999999,-1213.5468818479117
3,-41.31748168906661,-140.0292722696597,14.408162589452441,10.879999999999999,-1214.1371315863269
3,-36.61933646568797,-140.4680809184927,12.834234199642607,10.879999999999999,-1214.660264964408
3,-33.0351298096114,-140.8158020274926,11.269332584071286,10.879999999999999,-1215.1321953902595
3,-29.698109819471142,-141.13954237035458,9.717472142642826,10.879999999999999,-1215.5564541019662
3,-25.741776999783866,-141.50906544305604,8.266385014879372,10.879999999999999,-1215.9241937733916
3,-22.773237624127326,-141.77203332790208,7.1558009800847575,10.879999999999999,-1216.2495257394505
3,-20.29843643549117,-141.97935621712165,6.2370530942308555,10.879999999999999,-1216.5395034028147
3,-18.317825942816555,-142.13575713353694,5.625933381675331,10.879999999999999,-1216.8011866305692
3,-16.45955509801984,-142.26242052605562,5.6490083379746965,10.879999999999999,-1217.0363231319695
3,-15.591709863075844,-142.31117251842883,5.846994253556064,10.879999999999999,-1217.2590618442991
3,-15.09558361352729,-142.33488508611723,6.341292110686776,10.879999999999999,-1217.4747130387782
3,-14.723352665605345,-142.34955904349115,6.9069457077405785,10.879999999999999,-1217.6850466482867
3,-14.351026147943044,-142.3615660356768,7.391603412490888,10.879999999999999,-1217.890061307543
3,-14.226899373507699,-142.3649755970262,7.822531661697864,10.879999999999999,-1218.0933027271644
3,-14.102764811108944,-142.36808873987354,8.27568490584531,10.879999999999999,-1218.2947707958945
3,-13.978623168602143,-142.3709054464667,8.854629034896798,10.879999999999999,-1218.4944654125889
3,-13.60616283956847,-142.37757679655576,9.42780094573886,10.879999999999999,-1218.68883916744
3,-13.481999955930027,-142.3792076144195,9.828047877119845,10.879999999999999,-1218.8814391668104
3,-13.109500684095586,-142.3832105690379,10.032378618580697,10.879999999999999,-1219.0687177480117
3,-12.73699291545318,-142.3863240018574,10.227093245142445,10.879999999999999,-1219.2506747896612
3,-11.743629424795524,-142.39344044340234,10.011744686147544,10.879999999999999,-1219.4184409243012
3,-10.936500877430557,-142.39344044340234,9.836410534891021,10.879999999999999,-1219.5746766511215
3,-9.694796514108484,-142.40233599533352,9.322089350905323,10.879999999999999,-1219.7131737441803
3,-8.577273208181268,-142.41167629379194,8.760894614340263,10.879999999999999,-1219.8357062185828
3,-7.459775392677947,-142.4236851576472,8.199976101729384,10.879999999999999,-1219.9422744384783
3,-6.093944729284999,-142.43836265791478,7.607602245728664,10.879999999999999,-1220.0293307917539
3,-5.473112609560932,-142.4450342489455,7.00941027274189,10.879999999999999,-1220.1075181147476
3,-5.224783065968421,-142.44799938783342,6.384926439501717,10.879999999999999,-1220.182157872833
3,-4.603950946244354,-142.45467097886413,6.222245624456351,10.879999999999999,-1220.2479286006364
3,-4.603950946244354,-142.45467097886413,6.371483219349767,10.879999999999999,-1220.31369932844
3,-4.603950946244354,-142.45467097886413,6.405268157081762,10.879999999999999,-1220.3794700562435
3,-4.603950946244354,-142.45467097886413,6.270913645668509,10.879999999999999,-1220.445240784047
3,-4.603950946244354,-142.45467097886413,5.982230546098325,10.879999999999999,-1220.5110115118505
3,-4.72812020245849,-142.4536331679243,5.65907834915653,10.879999999999999,-1220.5785560861714
3,-4.72812020245849,-142.4536331679243,5.371690931126672,10.879999999999999,-1220.6461006604923
3,-4.72812020245849,-142.4536331679243,4.915875405954594,10.879999999999999,-1220.7136452348132
3,-4.852291582888748,-142.4528918701687,4.291565144196255,10.879999999999999,-1220.7829636859972
3,-4.852291582888748,-142.4528918701687,3.96219575523715,10.879999999999999,-1220.8522821371812
3,-5.47315792605218,-142.45215056959506,3.7711310473426956,10.879999999999999,-1220.9304701075534
3,-6.839011955831365,-142.46356642483593,3.784987288173664,10.879999999999999,-1221.0281702783511
3,-8.204699828954832,-142.4880280418291,4.100133827235862,10.879999999999999,-1221.1453802759077
3,-10.190645154296707,-142.54495178309725,4.662288368254493,10.879999999999999,-1221.290960920969
3,-12.672062108807545,-142.645740829146,5.553469637611757,10.879999999999999,-1221.471990379666
3,-16.144097009347753,-142.82831215453774,6.719904452973433,10.879999999999999,-1221.7026203369426
3,-19.489538508962557,-143.04831943469034,8.036947696640311,10.879999999999999,-1221.981042315642
3,-23.080383123528197,-143.31893536330128,9.586840246825219,10.879999999999999,-1222.3107620745495
3,-27.906718968447002,-143.71745226775565,11.206895592787038,10.879999999999999,-1222.7094294883846
3,-31.617393188017676,-144.04616212381328,12.909594129709783,10.879999999999999,-1223.1611065339278
3,-35.32727541031972,-144.38373227545935,14.688894471581856,10.879999999999999,-1223.6657818969322
3,-38.79057134858569,-144.69052814111313,16.334634133525128,10.879999999999999,-1224.2199329161976
3,-42.00716317770194,-144.96773001052648,17.57055920412193,10.879999999999999,-1224.8200352473077
3,-45.472558190837546,-145.24970683484352,18.369705169428663,10.879999999999999,-1225.4696432214625
3,-47.70194194095134,-145.40969060657594,18.83734562864052,10.879999999999999,-1226.1510995349047
3,-49.68488430717706,-145.5329636123274,19.04152809477219,10.879999999999999,-1226.8608835964358
3,-50.800967713596144,-145.59031486912735,18.852653063141343,10.879999999999999,-1227.58661170663
3,-51.669503290287274,-145.6245539728377,18.49354870296989,10.879999999999999,-1228.32474746792
3,-52.16599198090647,-145.6387849757796,17.959466888719675,10.879999999999999,-1229.06997592479
3,-52.91086095258421,-145.6547958583907,17.507740334097214,10.879999999999999,-1229.8258453669698
3,-53.15917326689877,-145.65894695420255,17.09590156115577,10.879999999999999,-1230.5852621279255
3,-53.780004206561095,-145.6656185325521,16.84736989404655,10.879999999999999,-1231.3535479023049
3,-54.525040986053575,-145.66739764970174,16.445782571223752,10.879999999999999,-1232.1324770592485
3,-55.14590850934605,-145.66665634771906,16.070576439413763,10.879999999999999,-1232.9202757522391
3,-56.13929749071832,-145.66665634771906,15.802854030087177,10.879999999999999,-1233.7222657163923
3,-57.38103371743365,-145.66665634771906,15.974355758973562,10.879999999999999,-1234.5419947694984
3,-58.746942268677095,-145.668287212081,16.281791220590023,10.879999999999999,-1235.381236801908
3,-60.237007330745065,-145.67540368067958,16.75980760046321,10.879999999999999,-1236.2417654780616
3,-60.733689076073894,-145.67896190145206,17.423037137278484,10.879999999999999,-1237.1093896077198
3,-63.71371723798128,-145.70742745120367,18.211937161454575,10.879999999999999,-1238.0195855682623
3,-64.95536495594384,-145.7222531456433,18.89150568105338,10.879999999999999,-1238.9475193533472
3,-66.19697255071212,-145.7400437760716,19.24072608450479,10.879999999999999,-1239.893190389786
3,-66.94191020163511,-145.75249707534257,19.48906486014036,10.879999999999999,-1240.8495033926665
3,-67.31438610758075,-145.7582790000083,19.49675401584263,10.879999999999999,-1241.8111374799178
3,-67.43854899121919,-145.75990981787203,19.340486320616865,10.879999999999999,-1242.7745453226494
3,-67.43854899121919,-145.75990981787203,19.129731964711297,10.879999999999999,-1243.737953165381
3,-67.43854899121919,-145.75990981787203,19.225183106046906,10.879999999999999,-1244.7013610081126
3,-67.43854899121919,-145.75990981787203,19.341538638364735,10.879999999999999,-1245.6647688508442
3,-67.43854899121919,-145.75990981787203,19.64497907116773,10.879999999999999,-1246.6281766935758
3,-67.43854899121919,-145.75990981787203,20.08060631572416,10.879999999999999,-1247.5915845363074
3,-67.43854899121919,-145.75990981787203,20.476973216424163,10.879999999999999,-1248.554992379039
3,-67.31438256727438,-145.75857549966588,20.868612356470926,10.879999999999999,-1249.5166264157144
3,-67.19021331106025,-145.75753768872605,21.283713280984443,10.879999999999999,-1250.4764866058724
3,-66.81769562939043,-145.75620335022975,21.75667931088799,10.879999999999999,-1251.4310251148638
3,-66.69352212473193,-145.7563516106263,22.053845732022797,10.879999999999999,-1252.3837897166457
3,-65.45185316452537,-145.7682121661786,22.28676321878769,10.879999999999999,-1253.3188161904245
3,-64.33458475301853,-145.79356238096133,22.352292622702606,10.879999999999999,-1254.2378816868961
3,-62.22510354650482,-145.8716768986358,22.075942181789888,10.879999999999999,-1255.1268117375605
3,-59.992796599080364,-145.9837144145386,21.5454736584138,10.879999999999999,-1255.9838516889758
3,-57.14211349666146,-146.1575154556076,20.583267266454506,10.879999999999999,-1256.800167596071
3,-53.7983339307646,-146.40148316936433,19.3553843166724,10.879999999999999,-1257.5687152236535
3,-48.84874566560788,-146.8161277655813,17.778759939422482,10.879999999999999,-1258.2665544474478
3,-47.48830902492021,-146.93827921564633,16.025692654371557,10.879999999999999,-1258.9449588620896
3,-40.31745578923702,-147.60803978491757,14.136662348287716,10.879999999999999,-1259.5209225162216
3,-35.86758253193314,-148.03438093616418,12.309465083033134,10.879999999999999,-1260.033316552392
3,-30.180354103632677,-148.5655703531724,10.510867132663291,10.879999999999999,-1260.4644644681582
3,-26.22230160275729,-148.91619419963388,8.814995547735572,10.879999999999999,-1260.839068776769
3,-22.509378374397723,-149.2183122256879,7.168505664981183,10.879999999999999,-1261.1606313249747
3,-19.042042372579058,-149.47545714530327,5.985035834710596,10.879999999999999,-1261.4326605017259
3,-16.192666663831144,-149.66967619299533,4.832419765191867,10.879999999999999,-1261.663984311209
3,-13.09365579078017,-149.85119059634562,4.478818455549098,10.879999999999999,-1261.8510365367918
3,-11.4811580623535,-149.92633104512637,4.196360442198139,10.879999999999999,-1262.0150530805397
3,-9.867878131434885,-149.98221374119026,4.444823913886944,10.879999999999999,-1262.1560227681316
3,-9.24720649920005,-149.99777942584015,4.769306613478016,10.879999999999999,-1262.2881257181202
3,-8.750583286527934,-150.00608159379294,5.425305902740998,10.879999999999999,-1262.413134050785
3,-8.502247606368986,-150.0084537229389,6.063287543375921,10.879999999999999,-1262.5345947308758
3,-8.253903429357658,-150.00963980103867,6.706138166291114,10.879999999999999,-1262.6525076370094
3,-8.129729924699163,-150.00978806143522,7.308697264473067,10.879999999999999,-1262.7686466359337
3,-7.75721224302934,-150.00845372293892,7.846466730044953,10.879999999999999,-1262.8794639536914
3,-7.508876562870391,-150.00608159379297,8.36622313094964,10.879999999999999,-1262.9867336188752
3,-6.888062144678174,-149.9979275044742,8.87658288245315,10.879999999999999,-1263.0851345066562
3,-6.39140352951166,-149.9919972323344,9.063515880769366,10.879999999999999,-1263.1764402713636
3,-5.522238561897966,-149.9826570048914,8.799541592473462,10.879999999999999,-1263.2553293936764
3,-4.156407898505018,-149.96797950462383,8.482349479369661,10.879999999999999,-1263.3147066493693
3,-3.0388845925778014,-149.9586392061654,8.012374778696618,10.879999999999999,-1263.3581192864062
3,-2.293861974584558,-149.9533018750067,7.472487302533554,10.879999999999999,-1263.390888743186
3,-0.555452735505259,-149.94499932830834,6.905789585019253,10.879999999999999,-1263.3988237822646
3,0.18958829244570863,-149.94499932830834,6.245685044977473,10.879999999999999,-1263.3961153780867
3,1.0587978685131991,-149.94811279071772,5.655846469241404,10.879999999999999,-1263.3809896942507
3,1.5554866945826271,-149.9504849491717,5.467696667676738,10.879999999999999,-1263.3587684557567
3,1.5554866945826271,-149.9504849491717,5.6091911237120975,10.879999999999999,-1263.3365472172627
3,1.5554866945826271,-149.9504849491717,5.741220672562898,10.879999999999999,-1263.3143259787687
3,1.5554866945826271,-149.9504849491717,5.775690237208942,10.879999999999999,-1263.2921047402747
3,1.5554866945826271,-149.9504849491717,5.712037477086562,10.879999999999999,-1263.2698835017807
3,1.5554866945826271,-149.9504849491717,5.498455882017498,10.879999999999999,-1263.2476622632867
3,1.5554866945826271,-149.9504849491717,5.240806034241368,10.879999999999999,-1263.2254410247926
3,1.5554866945826271,-149.9504849491717,4.901809363317852,10.879999999999999,-1263.2032197862986
3,1.4313138980015567,-149.9500401688275,4.527719976783947,10.879999999999999,-1263.1827724448985
3,1.0587933840260724,-149.94959538763788,4.125755840809489,10.879999999999999,-1263.1676468251267
3,0.6862757023562489,-149.95092972613418,3.9718781575731685,10.879999999999999,-1263.1578428865216
3,0.06544476269392863,-149.95760130448372,3.8502166838786804,10.879999999999999,-1263.1569079613403
3,-0.1828769922615806,-149.96115943395097,3.8281372363678106,10.879999999999999,-1263.1595204898013
3,-2.417330982120825,-150.01452731810517,4.117452564460553,10.879999999999999,-1263.194053789546
3,-4.154486373417877,-150.08093159595566,4.469250629228016,10.879999999999999,-1263.2534035948804
3,-6.387054496386371,-150.18763815055343,5.2039918008553,10.879999999999999,-1263.3446472305432
3,-9.733986239281423,-150.38367370617175,6.111942276301765,10.879999999999999,-1263.4837041768187
3,-12.70699880908201,-150.58988657841147,7.274349199878582,10.879999999999999,-1263.6652327312343
3,-15.925481683237727,-150.8440373429594,8.660734757362638,10.879999999999999,-1263.8927396124234
3,-19.51358447534331,-151.14894007563308,10.172242349546202,10.879999999999999,-1264.1715051049282
3,-24.461150101437553,-151.5872198837099,11.750515841507433,10.879999999999999,-1264.5209501063773
3,-27.286100017214938,-151.5872198837099,13.455588917677858,10.879999999999999,-1264.9107515351948
3,-30.626053691334942,-151.87907078334666,15.212886839867366,10.879999999999999,-1265.348266587928
3,-33.84329829419048,-152.14859079548046,16.56174299651156,10.879999999999999,-1265.831742277845
3,-37.309356774050485,-152.42229161883978,17.589931588197445,10.879999999999999,-1266.364733088903
3,-39.53911620140092,-152.57695127301957,18.131893289116448,10.879999999999999,-1266.9295776060658
3,-41.274443398640074,-152.68067157070215,18.36936505431483,10.879999999999999,-1267.5192125117605
3,-42.390660574974255,-152.73535751036775,18.16979752981509,10.879999999999999,-1268.1247933771174
3,-43.383403862419925,-152.77093210978046,17.732045017315713,10.879999999999999,-1268.7445562894377
3,-43.87995485647994,-152.7827917748476,17.180449773284607,10.879999999999999,-1269.3714127873875
3,-44.25243005443295,-152.7885736885232,16.600708648208155,10.879999999999999,-1270.0035903595938
3,-45.12159502204665,-152.7979139159662,16.222138323454605,10.879999999999999,-1270.6481845741944
3,-45.618266854395166,-152.80265817876702,15.783974156120797,10.879999999999999,-1271.2998741006857
3,-46.487431822008865,-152.81199840621002,15.44230568220221,10.879999999999999,-1271.9639802695715
3,-47.48071789782349,-152.82623091055265,15.243307124545108,10.879999999999999,-1272.6422762395405
3,-48.59810100881762,-152.84624499886203,15.340240748921916,10.879999999999999,-1273.3365348253808
3,-50.087838952173094,-152.87826676408423,15.62187576854312,10.879999999999999,-1274.0520753818405
3,-51.57749759735914,-152.91384589454134,16.050389289638844,10.879999999999999,-1274.7888967760884
3,-53.067065618363735,-152.95298211972195,16.63515512104643,10.879999999999999,-1275.5469977134937
3,-55.05302793056778,-153.00990634788957,17.302587485905654,10.879999999999999,-1276.3334695410733
3,-56.542499664720815,-153.05259951901527,17.9082441820161,10.879999999999999,-1277.1412195362836
3,-57.90780072999161,-153.09336508351467,18.159981093249474,10.879999999999999,-1277.9684738324263
3,-58.90071108878141,-153.12419830779865,18.408005157954886,10.879999999999999,-1278.809912562266
3,-59.52130248208631,-153.14272810984383,18.453385930141184,10.879999999999999,-1279.6602168834386
3,-60.39024276721508,-153.16452006835368,18.33956958876801,10.879999999999999,-1280.522934637256
3,-60.76268681137241,-153.1720808311853,18.151989285507906,10.879999999999999,-1281.3909730202756
3,-60.88684049037176,-153.17430461877524,17.972172290599982,10.879999999999999,-1282.260785027281
3,-61.13515304067943,-153.17845571853223,17.847389306216435,10.879999999999999,-1283.1341443564336
3,-61.13515304067943,-153.17845571853223,17.660450443683715,10.879999999999999,-1284.0075036855862
3,-61.13515304067943,-153.17845571853223,17.522473967016957,10.879999999999999,-1284.880863014739
3,-61.13515304067943,-153.17845571853223,17.44213577226536,10.879999999999999,-1285.7542223438916
3,-61.13515304067943,-153.17845571853223,17.36177001686052,10.879999999999999,-1286.6275816730442
3,-61.13515304067943,-153.17845571853223,17.398180757164432,10.879999999999999,-1287.500941002197
3,-61.25931167599464,-153.18038302675413,17.411316521723148,10.879999999999999,-1288.3760740261396
3,-61.25931167599464,-153.18038302675413,17.49598483076463,10.879999999999999,-1289.2512070500823
3,-61.25931167599464,-153.18038302675413,17.60070050247378,10.879999999999999,-1290.126340074025
3,-61.25931167599464,-153.18038302675413,17.775658581265777,10.879999999999999,-1291.0014730979676
3,-61.25931167599464,-153.18038302675413,17.980853900609343,10.879999999999999,-1291.8766061219103
3,-61.25931167599464,-153.18038302675413,18.2530581759542,10.879999999999999,-1292.751739145853
3,-61.25931167599464,-153.18038302675413,18.560640214927894,10.879999999999999,-1293.6268721697957
3,-61.25931167599464,-153.18038302675413,18.929911985984916,10.879999999999999,-1294.5020051937383
3,-61.25931167599464,-153.18038302675413,19.347385361774318,10.879999999999999,-1295.377138217681
3,-61.25931167599464,-153.18038302675413,19.80367068676546,10.879999999999999,-1296.2522712416237
3,-61.13514879235619,-153.1787522088904,20.24412315154575,10.879999999999999,-1297.125630510086
3,-60.63847743203829,-153.17400795059845,20.576985814203027,10.879999999999999,-1297.9918944734009
3,-59.89344065254581,-153.1722288334488,20.71511297288915,10.879999999999999,-1298.8475150541515
3,-58.527625565923515,-153.18690616632517,20.661810482159325,10.879999999999999,-1299.6836239908075
3,-58.031046251471686,-153.1975800880659,20.44384231256002,10.879999999999999,-1300.5126389372572
3,-54.6807510613846,-153.32164219965648,19.92194946154747,10.879999999999999,-1301.2937925238484
3,-52.32518009281851,-153.4539685330511,19.03906510297303,10.879999999999999,-1302.0412950966029
3,-48.48607685792155,-153.73407588481746,17.898608357051526,10.879999999999999,-1302.7339533374304
3,-45.14684232680511,-154.03390046163625,16.520507440559943,10.879999999999999,-1303.3789082278133
3,-41.56435765376498,-154.39873330279212,14.910984955215405,10.879999999999999,-1303.9726847657244
3,-37.61475409029404,-154.83433446533766,13.297715341308317,10.879999999999999,-1304.5100383955858
3,-32.927123803448474,-155.37400460912383,11.51112623483271,10.879999999999999,-1304.9804258784923
3,-31.570364717659945,-155.53184507671313,9.805585141719021,10.879999999999999,-1305.4314310887446
3,-26.1411055693791,-156.14376323020107,8.192765959843221,10.879999999999999,-1305.8048754540214
3,-22.314423272253716,-156.56118348463676,7.064497817631229,10.879999999999999,-1306.1236529293392
3,-20.091626389249146,-156.79559597764273,6.1907051171999194,10.879999999999999,-1306.4106761634714
3,-18.237736966251195,-156.97545069808277,5.910865715940596,10.879999999999999,-1306.6712152629893
3,-16.876740219779183,-157.09110279926352,5.9110552457850245,10.879999999999999,-1306.9123115518432
3,-15.761962371501156,-157.1697630950544,6.153148766250144,10.879999999999999,-1307.1374824428647
3,-15.266085249034095,-157.1982134161647,6.509003514572659,10.879999999999999,-1307.3555693749938
3,-15.142075274510079,-157.20458581436878,7.037195881475587,10.879999999999999,-1307.5718847360583
3,-14.397728051563595,-157.236599941227,7.473036073679561,10.879999999999999,-1307.7775665653664
3,-14.025401533901293,-157.24860693341265,7.829797372858112,10.879999999999999,-1307.9779294444222
3,-13.777140197067194,-157.2551296376094,8.148232265995077,10.879999999999999,-1308.1747457329518
3,-13.652998554560392,-157.25794634420257,8.449361951007957,10.879999999999999,-1308.3697885694455
3,-13.404696860841932,-157.2626903860697,8.757317314336097,10.879999999999999,-1308.5612842388862
3,-13.156375341888277,-157.26624851215536,9.072964198754093,10.879999999999999,-1308.749232458056
3,-12.908039661729328,-157.2686206413013,9.277151679372562,10.879999999999999,-1308.9336330246522
3,-12.535521980059505,-157.2699549797976,9.367512387187784,10.879999999999999,-1309.1127119100815
3,-12.41134847540101,-157.26980671940106,9.509912129987812,10.879999999999999,-1309.2900168883016
3,-12.28717567881994,-157.26936193905686,9.662612026124169,10.879999999999999,-1309.4655479694277
3,-12.038835042175547,-157.26758283036148,9.816140061063091,10.879999999999999,-1309.637531327173
3,-11.914668618230733,-157.26624851215533,9.838670006082081,10.879999999999999,-1309.807740878862
3,-11.79050573459229,-157.2646176942916,9.80119044477381,10.879999999999999,-1309.9761766750705
3,-11.41802982864665,-157.25883576962588,9.747043768646146,10.879999999999999,-1310.1392913869083
3,-11.04555392270101,-157.25305384496016,9.613217276965651,10.879999999999999,-1310.2970850143754
3,-10.30056599995124,-157.24415843675047,9.193713799663913,10.879999999999999,-1310.4442359572317
3,-9.928052566725777,-157.24193454771088,8.813826715984503,10.879999999999999,-1310.5860652796136
3,-9.431358548091799,-157.24193454771088,8.369168516888756,10.879999999999999,-1310.7207989731578
3,-9.058845114866335,-157.24415843675047,7.9169652010467475,10.879999999999999,-1310.8502110462273
3,-9.058845114866335,-157.24415843675047,7.443479122075596,10.879999999999999,-1310.9796231192968
3,-9.058845114866335,-157.24415843675047,6.9640421985887135,10.879999999999999,-1311.1090351923663
3,-9.058845114866335,-157.24415843675047,6.779384118679544,10.879999999999999,-1311.2384472654358
3,-9.058845114866335,-157.24415843675047,6.513173474492152,10.879999999999999,-1311.3678593385052
3,-9.058845114866335,-157.24415843675047,6.142999000640631,10.879999999999999,-1311.4972714115747
3,-9.18301437108047,-157.24312062581063,5.684286285972882,10.879999999999999,-1311.6284573311616
3,-9.307185751510728,-157.24237932805505,5.087810298419478,10.879999999999999,-1311.7614171276118
3,-9.307185751510728,-157.24237932805505,4.467898603861887,10.879999999999999,-1311.894376924062
3,-9.679704141253938,-157.24104498702246,3.8560779113979375,10.879999999999999,-1312.0326584117943
3,-10.176398159887917,-157.24104498702246,3.5081771941480917,10.879999999999999,-1312.178035528364
3,-11.542252189667101,-157.25246084226333,3.4440273793811396,10.879999999999999,-1312.3429248453592
3,-12.163045366243168,-157.26209738337286,3.6225535835620692,10.879999999999999,-1312.5166826363056
3,-15.390396736088572,-157.3468913291116,4.280857477687668,10.879999999999999,-1312.736545446821
3,-19.235978610600785,-157.51688879724472,5.192429183401906,10.879999999999999,-1313.0113451412583
3,-22.70711846787021,-157.71604104501662,6.550517795272917,10.879999999999999,-1313.3357325479421
3,-26.67178049414354,-157.98152487560836,8.313229146422094,10.879999999999999,-1313.7167579835727
3,-32.61469852042859,-158.4365361813302,10.322588111298504,10.879999999999999,-1314.1826822481503
3,-37.19353866638561,-158.81461704009993,12.411348968042217,10.879999999999999,-1314.714018514813
3,-41.77146291838238,-159.2036308714424,14.649797322396381,10.879999999999999,-1315.3107536993614
3,-43.183937876271074,-159.2036308714424,16.99101664509181,10.879999999999999,-1315.927667097594
3,-51.719391267437224,-159.9494734770814,19.038373311621598,10.879999999999999,-1316.6665155442715
3,-55.183409945092116,-160.24799828350436,20.380990936714134,10.879999999999999,-1317.4548499720586
3,-58.15431721354355,-160.48259898924093,21.203393213002457,10.879999999999999,-1318.285625932252
3,-60.26036951371721,-160.62615165268002,21.52601029599753,10.879999999999999,-1319.1464883538765
3,-62.12026436165019,-160.72617816045752,21.455513974258057,10.879999999999999,-1320.0339207019001
3,-63.11291986818818,-160.76412328177264,21.04653343407326,10.879999999999999,-1320.9355338428743
3,-63.485299483683264,-160.77435194637843,20.510862861997836,10.879999999999999,-1321.8424666926412
3,-64.10606433886218,-160.7854708209244,19.997345263060733,10.879999999999999,-1322.758267611768
3,-64.35440001902113,-160.78784295007034,19.42468056476041,10.879999999999999,-1323.6776161834682
3,-64.60274089168554,-160.78962206045657,18.835369951078224,10.879999999999999,-1324.6005124819208
3,-64.7269122721158,-160.79036335821215,18.350970487340568,10.879999999999999,-1325.5251826572367
3,-64.85108506869688,-160.79080813855634,17.881215530832666,10.879999999999999,-1326.4516267296467
3,-64.97525857335538,-160.7909563989529,17.527129287007895,10.879999999999999,-1327.379844709266
3,-65.09943207801388,-160.79080813855634,17.163080753794826,10.879999999999999,-1328.3098365960948
3,-65.34777861527884,-160.79021509725197,16.951339725348237,10.879999999999999,-1329.2433762905987
3,-65.7202920485043,-160.7879912082124,16.81516792743389,10.879999999999999,-1330.1822376055773
3,-65.96862135608757,-160.7850260721425,16.746294171415272,10.879999999999999,-1331.1246464820929
3,-66.21693367040213,-160.78087497633067,16.66339001264002,10.879999999999999,-1332.0706026773844
3,-66.58937771455946,-160.77331421349905,16.64022726035744,10.879999999999999,-1333.0218795018782
3,-67.33428279571484,-160.75908208789764,16.689569249974877,10.879999999999999,-1333.9837978275311
3,-67.70675870166048,-160.75330016323193,16.964889944745536,10.879999999999999,-1334.9510372375548
3,-68.32755187823655,-160.7436636221224,17.407894434602404,10.879999999999999,-1335.9271451215297
3,-68.45171051355176,-160.7417363139005,17.959958493060334,10.879999999999999,-1336.9050267002947
3,-69.07252493174397,-160.73358222458174,18.434786819461365,10.879999999999999,-1337.8917770564624
3,-69.44503199233318,-160.7304687976802,18.69349183307382,10.879999999999999,-1338.883848942067
3,-69.44503199233318,-160.7304687976802,18.8795200170931,10.879999999999999,-1339.8759208276717
3,-69.44503199233318,-160.7304687976802,19.064340507191574,10.879999999999999,-1340.8679927132764
3,-69.44503199233318,-160.7304687976802,19.296722784808022,10.879999999999999,-1341.860064598881
3,-69.44503199233318,-160.7304687976802,19.662418061705303,10.879999999999999,-1342.8521364844858
3,-69.32086061190293,-160.73121009543578,20.178114831821336,10.879999999999999,-1343.8424344932273
3,-69.32086061190293,-160.73121009543578,20.61554656307221,10.879999999999999,-1344.8327325019688
3,-69.1966913556888,-160.73224790637562,21.15266133476069,10.879999999999999,-1345.821256664193
3,-68.94836204810554,-160.7352130424455,21.68255487240249,10.879999999999999,-1346.8062332648803
3,-68.5758861421599,-160.74099496711122,22.11563258641037,10.879999999999999,-1347.785888781197
3,-67.83101929422388,-160.75700580407272,22.466987369767374,10.879999999999999,-1348.754903342543
3,-66.34165941793094,-160.8032554646778,22.461815268186477,10.879999999999999,-1349.7026413342278
3,-64.4806922628895,-160.88106909475118,22.298873017756936,10.879999999999999,-1350.6237940808405
3,-62.2486592203442,-160.99843693308492,21.713661955318,10.879999999999999,-1351.5130606411312
3,-61.38093122783033,-161.04926125583935,20.697008762449773,10.879999999999999,-1352.389931087243
3,-54.56727146357572,-161.51369369507455,19.229353099947296,10.879999999999999,-1353.1694635367226
3,-50.73020773463977,-161.82130169519087,17.613682531099077,10.879999999999999,-1353.8941807900746
3,-46.39973884761581,-162.1892877518662,15.747950691267189,10.879999999999999,-1354.5570342021833
3,-41.946929784130994,-162.58373957913534,13.709224542283565,10.879999999999999,-1355.1562760562424
3,-36.01111822844773,-163.12385182176908,11.79052428862394,10.879999999999999,-1355.6707206023632
3,-31.682456189896072,-163.51251552652144,9.847966831412256,10.879999999999999,-1356.1233271193616
3,-27.476147795600852,-163.87500993432076,7.981388770241438,10.879999999999999,-1356.5158435164417
3,-22.52556937622297,-164.2778351175791,6.526748866607925,10.879999999999999,-1356.8376373646734
3,-19.43001367401121,-164.51112471120922,5.141130995640535,10.879999999999999,-1357.1152089885877
3,-16.580637965263296,-164.70534375890128,4.509027035088708,10.879999999999999,-1357.3520752452343
3,-14.597406882704263,-164.82388124196706,4.201916754964951,10.879999999999999,-1357.560609629273
3,-12.736843190281121,-164.91058126539608,4.366694161478848,10.879999999999999,-1357.742564531991
3,-11.992220596322463,-164.9354842897231,4.850145151700244,10.879999999999999,-1357.9138819690813
3,-11.495669602262451,-164.94734395479023,5.37402985150367,10.879999999999999,-1358.0781058205423
3,-11.123194404309446,-164.95312586846583,5.995157006208627,10.879999999999999,-1358.2370085977468
3,-10.750687343720239,-164.95623929536737,6.6376796012124135,10.879999999999999,-1358.3905898455143
3,-10.502342930685526,-164.95742537459438,7.218140623462755,10.879999999999999,-1358.5406233159526
3,-10.253996629445961,-164.95801841533512,7.760678140441303,10.879999999999999,-1358.6871089820877
3,-9.757304026966832,-164.95683233385364,8.276137979227615,10.879999999999999,-1358.8264990396158
3,-9.260622753678044,-164.95327411646286,8.67916794157779,10.879999999999999,-1358.9587936503826
3,-8.639776472607368,-164.94808506176375,8.99196167712158,10.879999999999999,-1359.0822190285628
3,-8.018930191536692,-164.94289600706463,8.783423332582387,10.879999999999999,-1359.196775174156
3,-7.211801644171725,-164.94289600706463,8.472929372828684,10.879999999999999,-1359.2998009119299
3,-5.597601313387968,-164.9294044648469,8.04784260081362,10.879999999999999,-1359.3797666449782
3,-4.60423782273031,-164.92228802330195,7.479527851346307,10.879999999999999,-1359.4455414710171
3,-3.362516937673668,-164.9163576328031,6.879811667645876,10.879999999999999,-1359.4935774272697
3,-2.24495751997949,-164.9176919738357,6.188915627371869,10.879999999999999,-1359.5256482489835
3,-1.62409353707414,-164.91991587555668,5.615531536667269,10.879999999999999,-1359.5488495852276
3,-1.3718658660225875,-164.91991587555668,5.413462498569172,10.879999999999999,-1359.5684476690278
3,-1.3718658660225875,-164.91991587555668,5.559844130608828,10.879999999999999,-1359.588045752828
3,-1.3718658660225875,-164.91991587555668,5.670419201808505,10.879999999999999,-1359.6076438366283
3,-1.3718658660225875,-164.91991587555668,5.578269023042818,10.879999999999999,-1359.6272419204286
3,-1.3718658660225875,-164.91991587555668,5.5317172967036505,10.879999999999999,-1359.6468400042288
3,-1.3718658660225875,-164.91991587555668,5.292893846549542,10.879999999999999,-1359.666438088029
3,-1.4960393706810822,-164.91976761516014,4.879788179978392,10.879999999999999,-1359.6878100790389
3,-1.6202128753395768,-164.91991587555668,4.532445749932957,10.879999999999999,-1359.710955977258
3,-1.7443856719206468,-164.92036065590088,4.169124684055182,10.879999999999999,-1359.735875772571
3,-1.9927263085650404,-164.92213976459627,3.7104716096711425,10.879999999999999,-1359.7643432912648
3,-1.9927263085650404,-164.92213976459627,3.489392153224224,10.879999999999999,-1359.7928108099586
3,-3.1101476544755133,-164.93948543968236,3.3387152549510786,10.879999999999999,-1359.837241490737
3,-4.723786520603091,-164.98380948447348,3.3673145927657226,10.879999999999999,-1359.904724155317
3,-6.336781163029476,-165.04739639136415,3.7569150925626116,10.879999999999999,-1359.995249600503
3,-8.444938708487749,-165.1557265430974,4.456028422594462,10.879999999999999,-1360.1158915820529
3,-11.295198654602997,-165.3363343830834,5.385679763971671,10.879999999999999,-1360.2772515628328
3,-15.25712517853907,-165.63967381210747,6.711197037051823,10.879999999999999,-1360.4952104939548
3,-18.844482828519816,-165.95314329690257,8.218185426458815,10.879999999999999,-1360.764417391505
3,-20.328435717440634,-166.088171357561,9.841422006981038,10.879999999999999,-1361.0548236160398
3,-26.88036875494945,-166.70801651788707,11.598579240292455,10.879999999999999,-1361.4388288839677
3,-31.117793628615527,-166.70801651788707,13.337551392020162,10.879999999999999,-1361.883368792948
3,-34.70281359253544,-167.04717707731078,15.162300860803425,10.879999999999999,-1362.3791232728413
3,-38.16610953080141,-167.35397294296456,16.646772023271144,10.879999999999999,-1362.9243534089956
3,-41.5067569579342,-167.63784790097125,17.877736435446927,10.879999999999999,-1363.5173070798232
3,-44.97344266637826,-167.9032699013673,18.4902852633295,10.879999999999999,-1364.1597848322
3,-46.95608500889291,-168.03127772686193,18.88262419427632,10.879999999999999,-1364.8305860466128
3,-47.69990281333817,-168.0739533302024,18.813529901530586,10.879999999999999,-1365.5120132296604
3,-49.80875425893912,-168.16717703941453,18.65995271185018,10.879999999999999,-1366.223566861931
3,-51.049975985487094,-168.20275454676923,18.198595650036843,10.879999999999999,-1366.9528522331523
3,-51.67071487919586,-168.21535579420305,17.696121038492358,10.879999999999999,-1367.691005302855
3,-52.16737207830847,-168.22128604943467,17.2454674793876,10.879999999999999,-1368.4362534754023
3,-53.03658000220472,-168.22439950592604,16.69858290013793,10.879999999999999,-1369.1939189040052
3,-53.905794534814184,-168.22543732870182,16.170797488488372,10.879999999999999,-1369.964001683074
3,-54.899180683874064,-168.22780949391924,15.988389492709443,10.879999999999999,-1370.7482756928437
3,-55.27170119784955,-168.22825427510887,16.106145916709657,10.879999999999999,-1371.5378714242415
3,-57.87932496953832,-168.237594644583,16.377620329963744,10.879999999999999,-1372.3647189238063
3,-59.49352530032208,-168.25108618680073,16.84564021864893,10.879999999999999,-1373.2146264280966
3,-61.231830453404875,-168.27184213929002,17.39424709204573,10.879999999999999,-1374.0893668631452
3,-63.09420998313307,-168.30075176261863,18.11101330831415,10.879999999999999,-1374.990712720047
3,-65.20482252612199,-168.33855615164748,18.82003403583475,10.879999999999999,-1375.9222101847058
3,-66.57045068803221,-168.3662789486967,19.611260801987946,10.879999999999999,-1376.8732166231064
3,-67.43944218557982,-168.38599589484886,19.895545412487408,10.879999999999999,-1377.8366372257576
3,-68.68082438990153,-168.4156451702298,20.150386724017213,10.879999999999999,-1378.817791859899
3,-69.30153260243553,-168.42972870319562,20.126644490095355,10.879999999999999,-1379.8078137542195
3,-69.42568061715464,-168.43224895747284,19.840654979068866,10.879999999999999,-1380.7996091916075
3,-69.54983429615399,-168.43447274506278,19.593355438611958,10.879999999999999,-1381.793178252981
3,-69.54983429615399,-168.43447274506278,19.40972020240761,10.879999999999999,-1382.7867473143547
3,-69.54983429615399,-168.43447274506278,19.326550289839172,10.879999999999999,-1383.7803163757283
3,-69.54983429615399,-168.43447274506278,19.180826728527748,10.879999999999999,-1384.7738854371019
3,-69.54983429615399,-168.43447274506278,19.21810397632321,10.879999999999999,-1385.7674544984754
3,-69.54983429615399,-168.43447274506278,19.214146463345756,10.879999999999999,-1386.761023559849
3,-69.54983429615399,-168.43447274506278,19.30755071679333,10.879999999999999,-1387.7545926212226
3,-69.54983429615399,-168.43447274506278,19.423320321499837,10.879999999999999,-1388.7481616825962
3,-69.54983429615399,-168.43447274506278,19.607427728796225,10.879999999999999,-1389.7417307439698
3,-69.54983429615399,-168.43447274506278,19.815844817008596,10.879999999999999,-1390.7352998053434
3,-69.42567566083878,-168.43254543684088,20.051745257634334,10.879999999999999,-1391.7270951719267
3,-69.30151277720033,-168.43091461897714,20.320387984576985,10.879999999999999,-1392.7171167830297
3,-69.17734635325552,-168.429580300771,20.580966974784708,10.879999999999999,-1393.7053645880762
3,-68.68065941537155,-168.42720815133487,20.780964386193045,10.879999999999999,-1394.6865168654388
3,-67.81146470881127,-168.43239720603404,20.96202872162603,10.879999999999999,-1395.6552520755647
3,-66.94239391156079,-168.4479636303984,20.998742121837356,10.879999999999999,-1396.611571988587
3,-65.82542497418795,-168.48398426461702,20.826161126618246,10.879999999999999,-1397.551935202504
3,-63.84117476192972,-168.58357203186716,20.51071705550263,10.879999999999999,-1398.4639519848172
3,-61.858853168708116,-168.71631331638162,19.95623124718376,10.879999999999999,-1399.3476498872274
3,-59.507113371907224,-168.9048465352157,19.13305505826909,10.879999999999999,-1400.197751506826
3,-58.517600246688374,-168.99250249683107,18.134708747903655,10.879999999999999,-1401.033717224636
3,-52.71014211741971,-169.56991365164575,16.83844430488957,10.879999999999999,-1401.7867192548847
3,-49.50108922209957,-169.923839596214,15.627572367638315,10.879999999999999,-1402.4938776723432
3,-45.92319541715096,-170.33142178868312,14.184308837898644,10.879999999999999,-1403.1499233211596
3,-42.29111695400861,-170.33142178868312,12.731435693799526,10.879999999999999,-1403.7540821347882
3,-38.83613385964808,-170.72082424999354,11.275780808105793,10.879999999999999,-1404.308884047069
3,-35.50236469683291,-171.07642326848085,9.967655903421427,10.879999999999999,-1404.8160606855952
3,-32.536480979961794,-171.36773284070324,8.668080716640754,10.879999999999999,-1405.2808675567376
3,-28.949136967498205,-171.68120113382858,7.789314158837212,10.879999999999999,-1405.6944266562732
3,-26.720542707641307,-171.8518303734743,6.997240108210697,10.879999999999999,-1406.0761486949539
3,-24.986003071146726,-171.96797954935815,6.506174811159752,10.879999999999999,-1406.4330915959702
3,-23.37429661896993,-172.05851861957552,6.5684125312052934,10.879999999999999,-1406.7670101190984
3,-22.133717914059122,-172.11187549767257,6.672582771126248,10.879999999999999,-1407.0832060892992
3,-21.51313005956272,-172.13040519405496,7.258186247899834,10.879999999999999,-1407.3905365187215
3,-21.14068672333746,-172.13796594251525,7.8237206598366855,10.879999999999999,-1407.692546329055
3,-20.892365204383804,-172.14152406860092,8.44554223440027,10.879999999999999,-1407.9910086891175
3,-20.271511842555032,-172.1452305362432,9.046246582753339,10.879999999999999,-1408.2806017154396
3,-19.89899416088521,-172.1438961977469,9.658439740800727,10.879999999999999,-1408.5648730605951
3,-19.402336961772605,-172.13796594251528,10.285526590339579,10.879999999999999,-1408.8420493029062
3,-18.781568566775864,-172.1268470045656,10.515751450894584,10.879999999999999,-1409.1103574252886
3,-17.788409937872213,-172.10549916108414,10.488226811291106,10.879999999999999,-1409.3644775672583
3,-16.422851870297404,-172.07451538855932,10.192967241186594,10.879999999999999,-1409.599089736834
3,-15.05722370838718,-172.0467925915101,9.613671222887364,10.879999999999999,-1409.814192932668
3,-13.939840597393045,-172.02677850320072,9.031404618048661,10.879999999999999,-1410.0133335126307
3,-11.208226002273717,-171.99416209942677,8.15956289707929,10.879999999999999,-1410.173451026949
3,-9.593982715037818,-171.98837996594278,7.2839258701916645,10.879999999999999,-1410.310507922878
3,-7.607234963501986,-171.9978685636873,6.396897759134719,10.879999999999999,-1410.419182708071
3,-6.489737147998666,-172.00987742754256,5.589965167594553,10.879999999999999,-1410.5118932387568
3,-5.620572180384972,-172.01921765498557,5.125210089987668,10.879999999999999,-1410.592187127048
3,-5.123913565218459,-172.02514792712537,5.133618999699557,10.879999999999999,-1410.6653858922655
3,-5.123913565218459,-172.02514792712537,5.451011350071545,10.879999999999999,-1410.738584657483
3,-5.123913565218459,-172.02514792712537,5.662976864265671,10.879999999999999,-1410.8117834227005
3,-5.123913565218459,-172.02514792712537,5.716587183700791,10.879999999999999,-1410.884982187918
3,-5.123913565218459,-172.02514792712537,5.600894710778736,10.879999999999999,-1410.9581809531355
3,-5.123913565218459,-172.02514792712537,5.369277835484709,10.879999999999999,-1411.031379718353
3,-5.123913565218459,-172.02514792712537,5.2476713920967395,10.879999999999999,-1411.1045784835705
3,-5.248076448856902,-172.02351710926163,5.035779123803236,10.879999999999999,-1411.1795510042684
3,-5.248076448856902,-172.02351710926163,4.756107820557254,10.879999999999999,-1411.2545235249663
3,-5.372242872801715,-172.02218279105549,4.361183285355287,10.879999999999999,-1411.3312698517207
3,-5.7447563060271785,-172.0199589020159,4.219525739507292,10.879999999999999,-1411.4133377989497
3,-6.241450324661157,-172.0199589020159,3.9815321649523687,10.879999999999999,-1411.5025013750162
3,-7.2347854928264015,-172.02944734645777,3.9076782704335913,10.879999999999999,-1411.6058554534852
3,-8.35205390433325,-172.0547975612405,4.110441532311012,10.879999999999999,-1411.7251705092615
3,-9.965333835251865,-172.11068025730438,4.554278975866726,10.879999999999999,-1411.8675324211936
3,-12.569825728276118,-172.23828005557056,5.261415168824498,10.879999999999999,-1412.0471013601689
3,-15.172236983424822,-172.40318286599256,6.135697049141373,10.879999999999999,-1412.2638476027892
3,-17.02989935980717,-172.5387210000012,7.2944126325289105,10.879999999999999,-1412.5071318793578
3,-22.103720318575412,-172.9576730761136,8.639589567858065,10.879999999999999,-1412.8228993124803
3,-25.4422420538485,-173.26547190001585,10.186613774074265,10.879999999999999,-1413.1863599132496
3,-29.149607270234274,-173.62960990351004,11.763878703927297,10.879999999999999,-1413.6027828742529
3,-32.73297336583685,-173.9858889345991,13.457196485921362,10.879999999999999,-1414.070396779479
3,-37.05972159815399,-174.3952206442484,15.202360311409452,10.879999999999999,-1414.5998213737385
3,-40.15162305426232,-174.67283757621425,16.481708826221958,10.879999999999999,-1415.1734159887994
3,-42.873352015276886,-174.90739278126094,17.665955410908005,10.879999999999999,-1415.7858924461605
3,-43.7396190699174,-174.97892159237955,18.12631702905202,10.879999999999999,-1416.4107441471592
3,-47.57938024182554,-175.24986055121803,18.522639446266442,10.879999999999999,-1417.0904495791854
3,-48.819392706304185,-175.3150645960008,18.298961546674477,10.879999999999999,-1417.7878694749897
3,-49.687928282995315,-175.34930369971116,18.040735657722095,10.879999999999999,-1418.4976970218897
3,-50.18441697361451,-175.36353470265306,17.48770753432483,10.879999999999999,-1419.21461726437
3,-50.80518182879343,-175.374653577199,16.985143380305153,10.879999999999999,-1419.94040557621
3,-51.17768888938264,-175.37776700410055,16.529572278716962,10.879999999999999,-1420.671515417487
3,-51.550208695280695,-175.37821178444474,16.051671044055094,10.879999999999999,-1421.4079469702767
3,-51.79855523254567,-175.37761874314037,15.610235278288325,10.879999999999999,-1422.1479263307417
3,-53.16446378378911,-175.37598787877843,15.295478623241369,10.879999999999999,-1422.9074186705102
3,-54.15785276516138,-175.37598787877843,15.408188573750584,10.879999999999999,-1423.681102281441
3,-55.64793057259877,-175.37954612322287,15.495874188243421,10.879999999999999,-1424.4760727181924
3,-57.137974392465125,-175.39022077539522,15.805352028596538,10.879999999999999,-1425.2923294952277
3,-58.62795023796466,-175.4080115918146,16.332117211275644,10.879999999999999,-1426.1298716414844
3,-60.36613643816659,-175.4370692624975,17.02956083957476,10.879999999999999,-1426.9922450191725
3,-62.47654034937303,-175.4849531835646,17.950045810741464,10.879999999999999,-1427.8847670241635
3,-62.97306349493054,-175.49799860435635,19.005249263043307,10.879999999999999,-1428.7843822169482
3,-65.3314722092021,-175.5627802699951,19.396576340862637,10.879999999999999,-1429.717688962794
3,-66.20030015982897,-175.58872199285835,19.781348868568006,10.879999999999999,-1430.663407536506
3,-66.82089155313388,-175.60725179490353,19.807562252606925,10.879999999999999,-1431.6179917015506
3,-66.82089155313388,-175.60725179490353,19.63752418336757,10.879999999999999,-1432.5725758665953
3,-66.82089155313388,-175.60725179490353,19.434559551530715,10.879999999999999,-1433.52716003164
3,-66.82089155313388,-175.60725179490353,19.52336399659698,10.879999999999999,-1434.4817441966848
3,-66.82089155313388,-175.60725179490353,19.581948453918066,10.879999999999999,-1435.4363283617295
3,-66.82089155313388,-175.60725179490353,19.871967298679774,10.879999999999999,-1436.3909125267742
3,-66.82089155313388,-175.60725179490353,20.065895046229908,10.879999999999999,-1437.3454966918189
3,-66.69676477869854,-175.60384223355413,20.369652313574978,10.879999999999999,-1438.2983076172288
3,-66.57263021629979,-175.60072909070678,20.673676937443034,10.879999999999999,-1439.2493451917474
3,-66.44848857379299,-175.5979123841136,21.0637336325091,10.879999999999999,-1440.19860931423
3,-66.20018688007453,-175.59316834224649,21.412386213200318,10.879999999999999,-1441.1443262696596
3,-65.45520108140562,-175.58427295939904,21.69855530791122,10.879999999999999,-1442.0794005708226
3,-64.83433709849623,-175.58353166164346,21.78221047534896,10.879999999999999,-1443.0056053865153
3,-64.46182295720546,-175.58575555491018,21.828662914510833,10.879999999999999,-1443.9264885716182
3,-61.85478898037835,-175.63867938575655,21.673371747535256,10.879999999999999,-1444.810128414195
3,-59.86966485000228,-175.7193102394409,21.21599553143537,10.879999999999999,-1445.6654093406237
3,-57.38995840025646,-175.85564013771247,20.457261686562504,10.879999999999999,-1446.4852658891987
3,-54.54108167687928,-176.0566608936225,19.44646389147163,10.879999999999999,-1447.2644241988685
3,-50.210637483559246,-176.42464485192488,18.06104510670584,10.879999999999999,-1447.9817190200622
3,-46.50242386613795,-176.7799277940008,16.569771671427272,10.879999999999999,-1448.646039361007
3,-42.54980109060694,-177.18722360265434,14.878935257950312,10.879999999999999,-1449.2538936623014
3,-36.99495025009181,-177.7931550783197,13.145922349990471,10.879999999999999,-1449.7823929515885
3,-33.04639438959371,-178.23818688562713,11.321650987756561,10.879999999999999,-1450.2544843000112
3,-28.973902065907073,-178.69226368994575,9.587873194412573,10.879999999999999,-1450.668397186667
3,-25.270184099794964,-179.09179661819354,7.961767319034261,10.879999999999999,-1451.0293998166642
3,-20.822414658727297,-179.53938331265766,6.801406801411575,10.879999999999999,-1451.3268628832175
3,-18.349169246051467,-179.76442922489608,5.782845071779095,10.879999999999999,-1451.5889938724467
3,-16.121848176278924,-179.95101982519364,5.085459760597767,10.879999999999999,-1451.8193059892508
3,-14.883740254136201,-180.04581384721905,5.0442011699723945,10.879999999999999,-1452.031930850024
3,-13.024623837010799,-180.1591608441163,5.141329951636543,10.879999999999999,-1452.2179969048386
3,-12.280276614064315,-180.19117497097452,5.698086901412597,10.879999999999999,-1452.3934294278968
3,-11.783823321966667,-180.20659152450955,6.305157736003226,10.879999999999999,-1452.5617697610678
3,-11.411399102342,-180.21504162822728,6.869717071808866,10.879999999999999,-1452.7247897482441
3,-11.038923904388994,-180.2208235419029,7.499409429848877,10.879999999999999,-1452.882488661164
3,-10.790588224230046,-180.22319567104884,8.092364831862035,10.879999999999999,-1453.0366399215102
3,-10.418070542560223,-180.22453000954513,8.668928051428457,10.879999999999999,-1453.1854695006896
3,-10.0455528608904,-180.22319567104884,9.224040522295592,10.879999999999999,-1453.3289773987024
3,-9.548881500572502,-180.2184514127569,9.531010573869493,10.879999999999999,-1453.4653899915677
3,-8.679716532958809,-180.2091111853139,9.911981998781853,10.879999999999999,-1453.5893859420385
3,-7.562218717455488,-180.19710232145863,9.62378509102896,10.879999999999999,-1453.6974176380022
3,-6.553308033249279,-180.19710232145863,9.26089830745703,10.879999999999999,-1453.7910363241915
3,-4.939144521966705,-180.17975618477877,8.674753832938599,10.879999999999999,-1453.8615955316482
3,-3.324944191182948,-180.16626464256103,7.9033361618386495,10.879999999999999,-1453.9090947343793
3,-1.2140307238685555,-180.15366258071637,7.124178741063554,10.879999999999999,-1453.9264380304346
3,-0.8415123341253451,-180.15232823968378,6.204605821282511,10.879999999999999,-1453.938459635208
3,1.2694332326303246,-180.15484866163425,5.251873782186353,10.879999999999999,-1453.9203248747417
3,2.38697565650265,-180.16152034143437,4.831781532801527,10.879999999999999,-1453.886225222506
3,2.759483425145056,-180.16463377425384,4.819492073209929,10.879999999999999,-1453.8468040307182
3,2.759483425145056,-180.16463377425384,4.992692177709487,10.879999999999999,-1453.8073828389304
3,2.759483425145056,-180.16463377425384,5.071382401264399,10.879999999999999,-1453.7679616471426
3,2.759483425145056,-180.16463377425384,5.044394981004116,10.879999999999999,-1453.7285404553547
3,2.759483425145056,-180.16463377425384,4.916318115536468,10.879999999999999,-1453.689119263567
3,2.759483425145056,-180.16463377425384,4.680651649333611,10.879999999999999,-1453.649698071779
3,2.759483425145056,-180.16463377425384,4.410644321681288,10.879999999999999,-1453.6102768799913
3,2.6353141689309205,-180.163595963314,4.138538545145181,10.879999999999999,-1453.5726295347208
3,2.5111427885006616,-180.16285466555843,3.7680042099371525,10.879999999999999,-1453.5367560663137
3,2.262796487261097,-180.1622616248177,3.432235409462954,10.879999999999999,-1453.50443040221
3,1.6419336844780583,-180.16448552231154,3.175361041523673,10.879999999999999,-1453.4809742067173
3,0.8969478858091497,-180.17338090515898,3.098940429620159,10.879999999999999,-1453.4681606654915
3,-0.2203205256976981,-180.1987311199417,3.2097797711836584,10.879999999999999,-1453.471308101573
3,-0.7167752332678805,-180.21414771743193,3.593295101951248,10.879999999999999,-1453.4815477477625
3,-4.438061908304494,-180.38310265338262,4.211028143740154,10.879999999999999,-1453.5449486321668
3,-6.916739866086637,-180.53719391057194,5.135225727346712,10.879999999999999,-1453.6437592016823
3,-10.012832056731881,-180.76308994182816,6.270465781685525,10.879999999999999,-1453.7867996596356
3,-13.230064429083749,-181.0326089293692,7.637299646112124,10.879999999999999,-1453.975800580051
3,-18.052373602255983,-181.47720723056136,9.218208773811217,10.879999999999999,-1454.2336916315119
3,-22.006896499734136,-181.86562110095525,10.840425091201485,10.879999999999999,-1454.5480758672225
3,-25.713385124344565,-182.23861143094865,12.671036658026127,10.879999999999999,-1454.9154099404275
3,-26.924077945392018,-182.23861143094865,14.533410624544462,10.879999999999999,-1455.3000396253617
3,-34.21771152408465,-182.92862511836935,16.350160903672453,10.879999999999999,-1455.7888640757058
3,-37.43430029619277,-183.20582672433352,17.60096148738108,10.879999999999999,-1456.3236397942228
3,-40.034081838176846,-183.40799796800732,18.525261256106994,10.879999999999999,-1456.8955552490538
3,-43.00846146543053,-183.59290536781003,19.0493961440449,10.879999999999999,-1457.5099618414172
3,-44.496998770417925,-183.6604883698699,19.105447031508728,10.879999999999999,-1458.145633252423
3,-45.61397407715194,-183.69650920949124,18.858554471548373,10.879999999999999,-1458.7972614535252
3,-46.48300522466686,-183.71415088883262,18.518288346463144,10.879999999999999,-1459.4613043853062
3,-47.10384796547558,-183.7193399139421,17.850837919182084,10.879999999999999,-1460.1342164990988
3,-47.47636777137364,-183.7188951335979,17.240252795871175,10.879999999999999,-1460.8124503244042
3,-47.72470840801803,-183.7171160249025,16.59919850133705,10.879999999999999,-1461.49423187309
3,-48.097207679852474,-183.7131130702841,16.067131630788815,10.879999999999999,-1462.181334839945
3,-48.71803979957654,-183.70644147925339,15.580453031448195,10.879999999999999,-1462.877306837082
3,-49.71140234615411,-183.6993250444718,15.212724062216873,10.879999999999999,-1463.5874697277413
3,-50.70478755111237,-183.69695288150885,15.179340982718811,10.879999999999999,-1464.3118238356144
3,-51.94651905731019,-183.69991808521254,15.362358516734183,10.879999999999999,-1465.0539169650046
3,-53.93324415046534,-183.71415095477568,15.675830517962469,10.879999999999999,-1465.8243918814399
3,-55.795683864957695,-183.73861317623468,16.220400946051317,10.879999999999999,-1466.6214730795107
3,-58.27870080214229,-183.78605359490604,17.00438772512606,10.879999999999999,-1467.4540259481128
3,-60.01663423648118,-183.82756254098973,17.983924137645552,10.879999999999999,-1468.3114064372053
3,-61.63038354766499,-183.86803339800542,19.14937646112967,10.879999999999999,-1469.191840487886
3,-63.368318633715376,-183.9095423835387,19.551848649387296,10.879999999999999,-1470.0971021826535
3,-64.73387670129019,-183.94052615606353,20.07292509822471,10.879999999999999,-1471.021871849815
3,-65.10632074544752,-183.94808691889514,20.089869921000684,10.879999999999999,-1471.9519621461784
3,-65.72711274203586,-183.9577234416878,19.99630662421572,10.879999999999999,-1472.890920899636
3,-65.85127916598067,-183.95905775989394,19.735168757174698,10.879999999999999,-1473.8316534591502
3,-65.85127916598067,-183.95905775989394,19.62368179250107,10.879999999999999,-1474.7723860186643
3,-65.85127916598067,-183.95905775989394,19.670805121680175,10.879999999999999,-1475.7131185781784
3,-65.85127916598067,-183.95905775989394,19.830589658142245,10.879999999999999,-1476.6538511376925
3,-65.85127916598067,-183.95905775989394,19.953102681565653,10.879999999999999,-1477.5945836972066
3,-65.85127916598067,-183.95905775989394,20.134526206158327,10.879999999999999,-1478.5353162567208
3,-65.85127916598067,-183.95905775989394,20.41597699658261,10.879999999999999,-1479.4760488162349
3,-65.60293852933629,-183.95727865119855,20.677101527554623,10.879999999999999,-1480.4132336523683
3,-65.4787657327552,-183.95683387085435,21.034745658681494,10.879999999999999,-1481.3486445914077
3,-65.23041872343822,-183.95683387085435,21.315524600683318,10.879999999999999,-1482.2805077160283
3,-64.60956300139578,-183.960540352587,21.66606350207475,10.879999999999999,-1483.2035014731912
3,-63.98874976323167,-183.96869442640667,21.82482687426415,10.879999999999999,-1484.1176264698088
3,-62.99559396598364,-183.990042209022,21.844164723302722,10.879999999999999,-1485.0175635264657
3,-61.50623408969069,-184.0362918696271,21.58870457421412,10.879999999999999,-1485.8962240134613
3,-58.65306044085905,-184.16241902340326,21.09900378133112,10.879999999999999,-1486.7341248769021
3,-56.173674828523744,-184.30467062895465,20.240861426580967,10.879999999999999,-1487.536605945881
3,-53.20017830881875,-184.50378350189843,19.156504000653612,10.879999999999999,-1488.29660849315
3,-49.85697815043005,-184.75573626301897,17.752481133780826,10.879999999999999,-1489.008851038156
3,-45.15486929853117,-185.14964862942512,16.14321140970477,10.879999999999999,-1489.6539205995637
3,-41.19766535562242,-185.50972311563712,14.494602487698558,10.879999999999999,-1490.2424586760726
3,-37.241328775882955,-185.87924653952894,12.863139115529352,10.879999999999999,-1490.7744776585853
3,-33.40905877155026,-186.24179817148985,11.13495413980383,10.879999999999999,-1491.2517499267503
3,-28.463642746941165,-186.70370201236656,9.512592462887152,10.879999999999999,-1491.6583733945638
3,-25.12368907282117,-186.99555291200335,7.960246796091512,10.879999999999999,-1492.0172832384612
3,-22.029878163390755,-187.25101295171262,6.7795864307400535,10.879999999999999,-1492.3319957836525
3,-19.430571986965532,-187.45939296077808,5.836094991474051,10.879999999999999,-1492.6095753834663
3,-16.829854546823526,-187.6491456270333,5.361247143317921,10.879999999999999,-1492.8500018769923
3,-15.590341010344211,-187.72323120189765,5.385666887722348,10.879999999999999,-1493.072721034283
3,-14.722168795018103,-187.7657648722203,5.5818865857225415,10.879999999999999,-1493.2830377313546
3,-14.101786240238724,-187.79022137487055,6.194870683612047,10.879999999999999,-1493.4844918205008
3,-13.729432112018287,-187.8013392349651,6.754053037458406,10.879999999999999,-1493.6806265649582
3,-13.481155907112731,-187.80726908440562,7.459747114419374,10.879999999999999,-1493.8732145064885
3,-13.23285421339427,-187.81201312627275,8.132908460059866,10.879999999999999,-1494.0622552809655
3,-12.736197014281666,-187.81794338150436,8.781308796311547,10.879999999999999,-1494.244200952598
3,-12.487852837270339,-187.81912945960414,9.369586328054078,10.879999999999999,-1494.4225988502733
3,-11.9911597627404,-187.82031554221285,9.633146979450734,10.879999999999999,-1494.5939011325981
3,-11.37029577983505,-187.82253944393383,9.756233931937638,10.879999999999999,-1494.756333929453
3,-10.50108620376756,-187.8256529063432,9.538390517179064,10.879999999999999,-1494.9063494466495
3,-9.01102114169959,-187.8327693749418,9.187890286132664,10.879999999999999,-1495.0350783201025
3,-8.002110457493382,-187.8327693749418,8.63049882055086,10.879999999999999,-1495.149394183781
3,-6.263760696380741,-187.84937427896355,8.050157301082102,10.879999999999999,-1495.2388764794434
3,-4.8979689763578635,-187.86731327546485,7.443023165372545,10.879999999999999,-1495.30884746482
3,-3.90468195653583,-187.8815457933339,6.798627458227501,10.879999999999999,-1495.3646286356277
3,-2.5389369680684846,-187.9027461837749,6.124036639510165,10.879999999999999,-1495.400899163743
3,-2.1664610621228446,-187.9085281084406,5.698710866133922,10.879999999999999,-1495.4318486074876
3,-1.914233391071292,-187.9085281084406,5.772227359973102,10.879999999999999,-1495.4591947987885
3,-1.7900705074328487,-187.91015892630435,6.035064648180418,10.879999999999999,-1495.484767234609
3,-1.7900705074328487,-187.91015892630435,6.142919519910707,10.879999999999999,-1495.5103396704296
3,-1.7900705074328487,-187.91015892630435,6.088918344456168,10.879999999999999,-1495.5359121062502
3,-1.7900705074328487,-187.91015892630435,6.064634657813841,10.879999999999999,-1495.5614845420707
3,-1.7900705074328487,-187.91015892630435,5.913769551095656,10.879999999999999,-1495.5870569778913
3,-1.7900705074328487,-187.91015892630435,5.635225131952608,10.879999999999999,-1495.6126294137118
3,-1.9142369313776626,-187.9088246080982,5.283003138647344,10.879999999999999,-1495.6399756555886
3,-2.038406187591798,-187.90778679715837,5.134034297609092,10.879999999999999,-1495.6690957439828
3,-2.4109203288825727,-187.90556290389165,4.8816348535164655,10.879999999999999,-1495.7035374629668
3,-2.6592666301221373,-187.9049698631509,4.495818613837963,10.879999999999999,-1495.7415269862543
3,-2.907612931361702,-187.90556290389165,4.383523754007906,10.879999999999999,-1495.7830643138452
3,-3.9009528198170025,-187.91505139342223,4.076664260204827,10.879999999999999,-1495.838792211271
3,-4.89415676289795,-187.93402750678663,4.15677180310964,10.879999999999999,-1495.9087087364553
3,-6.259450042790034,-187.97479283882788,4.4072264279817945,10.879999999999999,-1495.9981294513523
3,-8.120417197831477,-188.05260646890125,5.002255097350284,10.879999999999999,-1496.1141354113213
3,-9.732543802349005,-188.13544748809207,5.855142405518424,10.879999999999999,-1496.2531717513548
3,-14.19343819757836,-188.42346181072088,6.980121665153975,10.879999999999999,-1496.4559351541773
3,-17.288427989506317,-188.66414277767407,8.256103981809623,10.879999999999999,-1496.7029126968846
3,-20.87652396143827,-188.96904493079663,9.705740949132686,10.879999999999999,-1497.0011487534766
3,-25.575703643642406,-189.39663338317328,11.364273517519546,10.879999999999999,-1497.3665159483858
3,-29.160730421889138,-189.73579458726593,13.035273594631951,10.879999999999999,-1497.7830978115555
3,-32.74575720013588,-190.07495579135858,14.741675765258979,10.879999999999999,-1498.2508943429862
3,-36.084285281197396,-190.3827552003181,16.395401720862644,10.879999999999999,-1498.7663841327176
3,-38.18677827135106,-190.57153471405485,17.591062798270524,10.879999999999999,-1499.311909536594
3,-42.270585384505985,-190.90874004360873,18.471322741753568,10.879999999999999,-1499.9157750420868
3,-44.252584345991124,-191.0462146384946,18.68968501103591,10.879999999999999,-1500.547954818458
3,-45.86449321419971,-191.13290427856845,18.801926054450536,10.879999999999999,-1501.2031618643753
3,-46.73302879089084,-191.1671433822788,18.505420795360738,10.879999999999999,-1501.870776561388
3,-47.22951748151004,-191.1813743852207,18.067281418613735,10.879999999999999,-1502.5454839539811
3,-47.601960817735296,-191.18893513368099,17.472748660589765,10.879999999999999,-1503.2255119656631
3,-48.0986180168479,-191.1948653889126,16.96472060826865,10.879999999999999,-1503.9126350801896
3,-48.0986180168479,-191.1948653889126,16.501268800958535,10.879999999999999,-1504.599758194716
3,-48.59530637087056,-191.19723754511213,15.969978887167125,10.879999999999999,-1505.293976857157
3,-48.96782617676862,-191.19679276476793,15.504638900713344,10.879999999999999,-1505.993517231111
3,-49.3403403180594,-191.19456887150122,15.13895907748389,10.879999999999999,-1506.6983792356546
3,-50.20953998107121,-191.18937978721223,14.910799449477155,10.879999999999999,-1507.4156583782412
3,-51.32709515030084,-191.18537676411447,15.075604705407669,10.879999999999999,-1508.1489025946742
3,-52.81717437389066,-191.18181851628833,15.548772371534305,10.879999999999999,-1508.9034336571583
3,-53.68638890650012,-191.18078069351256,16.16307472701936,10.879999999999999,-1509.6703820701084
3,-55.79732243596245,-191.18834194499163,16.68583976312329,10.879999999999999,-1510.4674866763364
3,-57.78400787723404,-191.20731897815938,17.387640254036594,10.879999999999999,-1511.292972503154
3,-58.901473829980034,-191.22199633893317,18.108920702538327,10.879999999999999,-1512.1344221292966
3,-60.14308260475757,-191.23978698626948,18.60088897087809,10.879999999999999,-1512.9936090236502
3,-61.13633186201582,-191.25639136951685,18.84476583113041,10.879999999999999,-1513.8669851931074
3,-61.88123765112023,-191.2706235086443,18.90066419640992,10.879999999999999,-1514.7510028738377
3,-62.00538566583934,-191.2731437629215,18.705383611637085,10.879999999999999,-1515.6367940976354
3,-62.00538566583934,-191.2731437629215,18.471358043951795,10.879999999999999,-1516.522585321433
3,-62.00538566583934,-191.2731437629215,18.431396684047158,10.879999999999999,-1517.4083765452308
3,-62.00538566583934,-191.2731437629215,18.356836060312546,10.879999999999999,-1518.2941677690285
3,-62.00538566583934,-191.2731437629215,18.329726596689238,10.879999999999999,-1519.1799589928262
3,-62.00538566583934,-191.2731437629215,18.445290527510743,10.879999999999999,-1520.0657502166239
3,-62.00538566583934,-191.2731437629215,18.530404507897295,10.879999999999999,-1520.9515414404216
3,-62.00538566583934,-191.2731437629215,18.73054701473316,10.879999999999999,-1521.8373326642193
3,-62.00538566583934,-191.2731437629215,18.92745886653577,10.879999999999999,-1522.723123888017
3,-62.00538566583934,-191.2731437629215,19.22379728003059,10.879999999999999,-1523.6089151118147
3,-62.00538566583934,-191.2731437629215,19.53718410493061,10.879999999999999,-1524.4947063356124
3,-62.00538566583934,-191.2731437629215,19.938116439552978,10.879999999999999,-1525.38049755941
3,-61.88123765112023,-191.2706235086443,20.34138707657826,10.879999999999999,-1526.2645152401403
3,-61.75708397212088,-191.26839972105435,20.72772121398024,10.879999999999999,-1527.146759296885
3,-61.26044093421357,-191.26128346888302,20.95571921195659,10.879999999999999,-1528.021908453088
3,-60.39124622765329,-191.25609441418385,20.98696552526706,10.879999999999999,-1528.8846405420543
3,-58.77702748689848,-191.26573123005375,20.88800639141467,10.879999999999999,-1529.7243123632957
3,-58.15623549031014,-191.2753677528464,20.492198127939414,10.879999999999999,-1530.5551157274429
3,-54.92935349523506,-191.37557335087578,19.858611040231764,10.879999999999999,-1531.3398207773748
3,-51.45734169318042,-191.55814346167114,18.937731083175024,10.879999999999999,-1532.074925658706
3,-48.60797681647488,-191.7523617710299,17.698766468647648,10.879999999999999,-1532.7693253275127
3,-45.018479231884044,-192.04012299977668,16.267476145840607,10.879999999999999,-1533.4124464593967
3,-41.432673221964755,-192.37072047977318,14.593100586417886,10.879999999999999,-1534.004341791139
3,-36.49069308595067,-192.8680404471173,12.964502329044944,10.879999999999999,-1534.5256374066525
3,-32.90906940691854,-193.24142917874192,11.218050964507164,10.879999999999999,-1534.9957669696084
3,-31.427203409902148,-193.3977043226012,9.541627498052685,10.879999999999999,-1535.4447270183214
3,-25.869511494162644,-193.97710063029456,8.080857105991809,10.879999999999999,-1535.814291468238
3,-23.15142241935489,-194.25062661233383,6.98988739435999,10.879999999999999,-1536.1450260742288
3,-20.184181264697216,-194.52776812668245,6.21873611287425,10.879999999999999,-1536.4333715208672
3,-18.6993047851502,-194.65216150554755,5.950358207676073,10.879999999999999,-1536.7005044463695
3,-17.584711596517913,-194.73348407679978,6.175034408656319,10.879999999999999,-1536.951714612034
3,-16.59310076733446,-194.79275253669127,6.486472589580513,10.879999999999999,-1537.1887589087103
3,-16.221026960766125,-194.81098125254383,6.842473778969475,10.879999999999999,-1537.4204878652927
3,-15.600644405986746,-194.83543775519408,7.304643224079865,10.879999999999999,-1537.6433542139496
3,-15.228290277766309,-194.84655561528862,7.703447560710718,10.879999999999999,-1537.8609012179177
3,-14.731737867955198,-194.85841531416966,8.064030920450959,10.879999999999999,-1538.0713546160314
3,-14.483436174236738,-194.8631593560368,8.413180523896452,10.879999999999999,-1538.2782608470918
3,-14.235114655283082,-194.86671748212245,8.773933365930345,10.879999999999999,-1538.4816196278816
3,-13.738434798112806,-194.87027568936819,9.148791793937507,10.879999999999999,-1538.6778829821403
3,-13.365914284137322,-194.8707204705578,9.413681016881664,10.879999999999999,-1538.8688246147708
3,-13.241740779478826,-194.87057221016127,9.517933971467222,10.879999999999999,-1539.057992340192
3,-12.24835463041895,-194.86820004494385,9.442749498071715,10.879999999999999,-1539.2329688349123
3,-11.503315018624043,-194.86642092103077,9.216071105014453,10.879999999999999,-1539.397301906607
3,-10.634100486014582,-194.865383098255,8.89554483638525,10.879999999999999,-1539.5492176278358
3,-9.88905874998538,-194.865383098255,8.510283516251643,10.879999999999999,-1539.6904898956927
3,-8.895673545027122,-194.86775526121795,8.062490928185925,10.879999999999999,-1539.817570946336
3,-8.398992271738335,-194.87131347860873,7.569050470468454,10.879999999999999,-1539.937556550218
3,-8.150656355564076,-194.87368561000915,7.057767147186315,10.879999999999999,-1540.0539944981547
3,-8.150656355564076,-194.87368561000915,6.859162258929494,10.879999999999999,-1540.1704324460914
3,-7.7470920818815925,-194.87368561000915,6.996596209571776,10.879999999999999,-1540.2811051901183
3,-7.7470920818815925,-194.87368561000915,7.067210946333187,10.879999999999999,-1540.3917779341452
3,-7.7470920818815925,-194.87368561000915,6.997363688482878,10.879999999999999,-1540.5024506781722
3,-7.7470920818815925,-194.87368561000915,6.7988905741209456,10.879999999999999,-1540.6131234221991
3,-7.871261338095728,-194.8726477990693,6.470345407432696,10.879999999999999,-1540.7255700127434
3,-7.871261338095728,-194.8726477990693,6.02930065295356,10.879999999999999,-1540.8380166032878
3,-7.995432718525986,-194.87190650131373,5.706595244238926,10.879999999999999,-1540.9522370706952
3,-7.995432718525986,-194.87190650131373,5.24854594021635,10.879999999999999,-1541.0664575381027
3,-8.367951108269196,-194.87057216028114,4.753684760009445,10.879999999999999,-1541.1859996967921
3,-8.740470914167256,-194.87101694062534,4.553852173381099,10.879999999999999,-1541.3108635669946
3,-9.485492824100437,-194.87635426671153,4.403510705080534,10.879999999999999,-1541.4463706073388
3,-10.851167717921484,-194.90081565122497,4.477398099155581,10.879999999999999,-1541.6013872890235
3,-12.464576494315056,-194.95284575290026,4.7234648363693434,10.879999999999999,-1541.7794526675136
3,-14.449511854463099,-195.03821716353522,5.381143108580364,10.879999999999999,-1541.9858742654346
3,-17.796883090292496,-195.22625877555149,6.2233395383469015,10.879999999999999,-1542.2401154524389
3,-18.788208030117282,-195.29026293161354,7.316290232319072,10.879999999999999,-1542.5085184242978
3,-24.113456231534304,-195.67880188978447,8.75282253641824,10.879999999999999,-1542.8529963704625
3,-27.82565801448855,-195.98978622361375,10.255956524483294,10.879999999999999,-1543.2505057706694
3,-32.773223640582785,-196.42806603169058,11.959805576938624,10.879999999999999,-1543.7186946798206
3,-36.60718144615713,-196.77231102732821,13.668903373771354,10.879999999999999,-1544.2416544147657
3,-40.19527741808907,-197.07721318045077,15.457277792240646,10.879999999999999,-1544.8158726635954
3,-43.7847954712477,-197.3649760501124,17.03762393308448,10.879999999999999,-1545.441369741756
3,-46.75626295652384,-197.59248235163054,18.37785416462733,10.879999999999999,-1546.1093163554206
3,-50.10062828572818,-197.82846548175314,19.147997635800074,10.879999999999999,-1546.8250396166452
3,-52.08357065195389,-197.9517384875046,19.5342523182002,10.879999999999999,-1547.5690906259588
3,-53.57159268031743,-198.02998371306043,19.615953114275186,10.879999999999999,-1548.3343990928204
3,-54.9364265180555,-198.08378771208112,19.382660186346413,10.879999999999999,-1549.1192051859355
3,-55.43294777605738,-198.09683308328007,18.896115313767453,10.879999999999999,-1549.9111044398792
3,-55.805408105091054,-198.10350443336912,18.258346066004098,10.879999999999999,-1550.7083245556662
3,-56.17790666888845,-198.10750738037885,17.78208300732621,10.879999999999999,-1551.5108660795074
3,-56.30207804931871,-198.10824867813443,17.342332599018317,10.879999999999999,-1552.315181480212
3,-56.55042435055827,-198.10884171887517,16.99909169635615,10.879999999999999,-1553.12304468522
3,-56.79877065179784,-198.10824867813443,16.39977884285768,10.879999999999999,-1553.9344556945314
3,-56.9229420322281,-198.10750738037885,15.99626170789434,10.879999999999999,-1554.747640580706
3,-57.29544980087051,-198.10439394755937,15.762550014530154,10.879999999999999,-1555.5661470064329
3,-58.040471710803686,-198.09905662147318,15.682072798714257,10.879999999999999,-1556.3952966023014
3,-59.28220321700151,-198.09905662147318,15.658911665227707,10.879999999999999,-1557.2421852196871
3,-60.15140288001332,-198.10424570576217,16.05433980306488,10.879999999999999,-1558.101490975116
3,-61.02058767351227,-198.11151038234095,16.621662660533733,10.879999999999999,-1558.973213656166
3,-62.63470209273897,-198.1327109742721,17.29607793780643,10.879999999999999,-1559.8679951146337
3,-64.12457739458496,-198.15761757281408,18.03114397802564,10.879999999999999,-1560.7840605059848
3,-65.1177841694588,-198.1765937402826,18.494467135214812,10.879999999999999,-1561.7143145655484
3,-65.98677566700641,-198.19631068643477,18.80384866014567,10.879999999999999,-1562.6569827893627
3,-66.35920059452681,-198.20476080621427,18.982418093801307,10.879999999999999,-1563.6049713692846
3,-66.35920059452681,-198.20476080621427,18.85657744689958,10.879999999999999,-1564.5529599492065
3,-66.35920059452681,-198.20476080621427,18.712682587648253,10.879999999999999,-1565.5009485291284
3,-66.35920059452681,-198.20476080621427,18.853947109381618,10.879999999999999,-1566.4489371090503
3,-66.35920059452681,-198.20476080621427,18.99923145927397,10.879999999999999,-1567.3969256889723
3,-66.35920059452681,-198.20476080621427,19.355188899644684,10.879999999999999,-1568.3449142688942
3,-66.35920059452681,-198.20476080621427,19.796839464879177,10.879999999999999,-1569.292902848816
3,-66.2350525798077,-198.20224055193705,20.340009038340483,10.879999999999999,-1570.2391178856706
3,-66.2350525798077,-198.20224055193705,20.76268855156894,10.879999999999999,-1571.185332922525
3,-65.98674026549314,-198.19808945612522,21.21946875297501,10.879999999999999,-1572.1280006406034
3,-65.61424170169575,-198.1940865091155,21.613578236574146,10.879999999999999,-1573.0653469506276
3,-65.24172402002593,-198.1927521706192,21.87955685542052,10.879999999999999,-1573.9973715794852
3,-63.875877778796394,-198.2041679607631,22.08369814733031,10.879999999999999,-1574.9098841191822
3,-62.38623187535571,-198.23974678689532,22.00433247999565,10.879999999999999,-1575.8011160031158
3,-59.90484322048619,-198.34053468348233,21.627117064180872,10.879999999999999,-1576.6568994776942
3,-57.30131741312368,-198.4867901046027,21.05530471396095,10.879999999999999,-1577.4754897264531
3,-54.45195253641814,-198.68100841396148,20.05181803139386,10.879999999999999,-1578.2533747626876
3,-50.8624549518273,-198.96876964270825,18.672191790482287,10.879999999999999,-1578.9799812619995
3,-46.90526229154597,-199.32884310228965,17.153957088052035,10.879999999999999,-1579.6500564375929
3,-41.344877195013034,-199.88168882383218,15.333731723027947,10.879999999999999,-1580.2406975403787
3,-36.8992834290039,-200.35051380984422,13.465998893473442,10.879999999999999,-1580.767830160793
3,-32.207902879966554,-200.85658933325917,11.436377129761032,10.879999999999999,-1581.2279430590781
3,-26.404664047381743,-201.47559620869976,9.47783172797306,10.879999999999999,-1581.6051525454693
3,-22.328028059837667,-201.8907523992863,7.599365062734962,10.879999999999999,-1581.9241243748957
3,-18.495765339785333,-202.25330334211858,6.239531211486421,10.879999999999999,-1582.1883495940353
3,-15.403215641526078,-202.52353565659706,4.9500871599784055,10.879999999999999,-1582.4083955317715
3,-12.67988397877893,-202.73858630352225,4.302017270586813,10.879999999999999,-1582.5895367314683
3,-10.20198198725192,-202.9045129091653,4.019211557230344,10.879999999999999,-1582.7352793312862
3,-8.341853583678898,-203.00009779210563,4.040166340720502,10.879999999999999,-1582.8544486681958
3,-7.349110296233233,-203.03567239151837,4.446944898556404,10.879999999999999,-1582.959435958142
3,-6.852559302173221,-203.0475320565855,4.852936514737626,10.879999999999999,-1583.0573296624586
3,-6.355917680275403,-203.05464828846723,5.392373252436374,10.879999999999999,-1583.1481284864626
3,-5.98340424704994,-203.05687217750682,5.904824677506566,10.879999999999999,-1583.233605689992
3,-5.735057237732951,-203.05687217750682,6.531920787606146,10.879999999999999,-1583.3155350791023
3,-5.610884441151881,-203.05642739716262,7.070235326849266,10.879999999999999,-1583.3956905711188
3,-5.2383702998611055,-203.0542035038959,7.55909701721144,10.879999999999999,-1583.4705244325455
3,-4.865871736063713,-203.05020055688618,8.010111253337339,10.879999999999999,-1583.5400368859177
3,-4.617559421749152,-203.04604946107435,8.386182073112344,10.879999999999999,-1583.606002020514
3,-4.1209555623462135,-203.0365613683227,8.605308908003643,10.879999999999999,-1583.6648728142618
3,-3.251879809350776,-203.02099485519318,8.584417846779695,10.879999999999999,-1583.7113282401097
3,-2.444751261985809,-203.02099485519318,8.266627870767744,10.879999999999999,-1583.746253258138
3,-1.575640814779316,-203.00750369763983,7.779112567385738,10.879999999999999,-1583.768762412635
3,-1.2031521638639853,-203.00261124404858,7.124128395405407,10.879999999999999,-1583.78595030069
3,0.41106657689082127,-202.99297442817868,6.434562086814991,10.879999999999999,-1583.7800779210202
3,1.0319341001832947,-202.99371573016137,5.852488163847977,10.879999999999999,-1583.7653360053032
3,1.5286271747132327,-202.99490181277008,5.594867847372919,10.879999999999999,-1583.7434984742358
3,1.6527999712943031,-202.99534659311428,5.336766766242761,10.879999999999999,-1583.7198870460745
3,1.6527999712943031,-202.99534659311428,5.27483919095322,10.879999999999999,-1583.6962756179132
3,1.6527999712943031,-202.99534659311428,5.172812860156545,10.879999999999999,-1583.672664189752
3,1.6527999712943031,-202.99534659311428,4.963381233860739,10.879999999999999,-1583.6490527615906
3,1.6527999712943031,-202.99534659311428,4.611231945912514,10.879999999999999,-1583.6254413334293
3,1.6527999712943031,-202.99534659311428,4.245368508937797,10.879999999999999,-1583.601829905268
3,1.5286271747132327,-202.99490181277008,3.7726058713536523,10.879999999999999,-1583.5799923742006
3,1.5286271747132327,-202.99490181277008,3.3452612427580464,10.879999999999999,-1583.5581548431333
3,1.031935988384915,-202.99608789086986,2.988279321225291,10.879999999999999,-1583.543412900442
3,0.1627726728576665,-203.00542810055921,2.7633244195620117,10.879999999999999,-1583.541087576544
3,-0.9546083142433522,-203.02544215082634,2.840996783149854,10.879999999999999,-1583.554724838176
3,-2.5682471803709306,-203.06976619561746,3.220107726901971,10.879999999999999,-1583.5914140836098
3,-5.669841419026989,-203.1994548395415,3.839166813280973,10.879999999999999,-1583.6724118181673
3,-8.39753147556278,-203.34941844025803,4.86821864147637,10.879999999999999,-1583.7923765535324
3,-11.86715557496342,-203.57343213487368,6.1495004889953435,10.879999999999999,-1583.9619073474605
3,-15.706324486153608,-203.85354427849148,7.77527191405765,10.879999999999999,-1584.1862834115484
3,-21.02870320693573,-204.28022634316898,9.610030188222234,10.879999999999999,-1584.4866934573618
3,-25.359172093959707,-204.6482123998441,11.703523690884962,10.879999999999999,-1584.8489673444183
3,-29.812914626582213,-205.03203037287798,13.800517012402327,10.879999999999999,-1585.274866124798
3,-32.6586513237694,-205.2738497815502,15.943201312100996,10.879999999999999,-1585.7414182865662
3,-38.97124003911564,-205.77991455593514,17.726707200828667,10.879999999999999,-1586.298150287125
3,-42.31503231660387,-206.02388319715064,18.969872718638804,10.879999999999999,-1586.9026507487908
3,-45.16529226271912,-206.20449103713668,19.66058619254614,10.879999999999999,-1587.5478692096867
3,-47.893654455611404,-206.34142512809018,20.054328518862828,10.879999999999999,-1588.2320642733382
3,-49.25862066684259,-206.3919701042213,19.936979879133144,10.879999999999999,-1588.935758854293
3,-50.25171793580304,-206.41568932164276,19.60437274284876,10.879999999999999,-1589.6536405390902
3,-50.87253117396716,-206.42384339546243,19.076706821080357,10.879999999999999,-1590.3803909844326
3,-51.245044607192625,-206.426067284502,18.54991416447319,10.879999999999999,-1591.1124630502495
3,-51.86591095035606,-206.42532598392836,17.975892095862687,10.879999999999999,-1591.8534046352545
3,-52.11425158700045,-206.42354687523297,17.320042729063776,10.879999999999999,-1592.5978939436402
3,-52.23841801094527,-206.42221255702682,16.674884651099386,10.879999999999999,-1593.3441570580824
3,-52.610893208898275,-206.41643064335122,16.202824936126582,10.879999999999999,-1594.095741246781
3,-53.35579899800268,-206.40219850422378,15.880444493855384,10.879999999999999,-1594.8579669467524
3,-54.22490779322636,-206.38870737231406,15.729195101726358,10.879999999999999,-1595.6326084866557
3,-55.839071304508934,-206.3713612356342,15.885609337512632,10.879999999999999,-1596.4303095052915
3,-56.70825609800788,-206.3640965590554,16.286786036512378,10.879999999999999,-1597.2404274495486
3,-58.81918962747021,-206.35653530757634,16.846675871383365,10.879999999999999,-1598.080701587084
3,-60.43344518803064,-206.35846269273136,17.5275927242688,10.879999999999999,-1598.9440365183416
3,-61.92351025009861,-206.36557916132995,18.279061606326167,10.879999999999999,-1599.828658093343
3,-63.78604909331064,-206.38114632542732,19.151299898420316,10.879999999999999,-1600.7398873661045
3,-65.02769563122692,-206.3959720057768,19.42782182789935,10.879999999999999,-1601.6688544465505
3,-65.52433914113793,-206.40308826471133,19.752772513530857,10.879999999999999,-1602.604916434281
3,-66.14515355933014,-206.4112423540301,19.691558145939684,10.879999999999999,-1603.5498471994142
3,-66.14515355933014,-206.4112423540301,19.487612556969378,10.879999999999999,-1604.4947779645474
3,-66.14515355933014,-206.4112423540301,19.195519741787987,10.879999999999999,-1605.4397087296807
3,-66.14515355933014,-206.4112423540301,19.24369873253091,10.879999999999999,-1606.3846394948139
3,-66.14515355933014,-206.4112423540301,19.3320769097687,10.879999999999999,-1607.329570259947
3,-66.14515355933014,-206.4112423540301,19.51986614630355,10.879999999999999,-1608.2745010250803
3,-66.02098713538533,-206.40990803582395,19.92622221517764,10.879999999999999,-1609.2176579841573
3,-66.02098713538533,-206.40990803582395,20.127532150620013,10.879999999999999,-1610.1608149432343
3,-66.02098713538533,-206.40990803582395,20.53865384258176,10.879999999999999,-1611.1039719023113
3,-65.8968178791712,-206.4088702248841,20.85152440824238,10.879999999999999,-1612.045355014871
3,-65.64847370215986,-206.40768414678433,21.349556558896417,10.879999999999999,-1612.9831903534732
3,-65.27595318818437,-206.4072393655947,21.650930049524177,10.879999999999999,-1613.9157039704473
3,-64.53092278135844,-206.4107975897489,22.013475028772646,10.879999999999999,-1614.8375742958954
3,-63.66178424792868,-206.42221329309646,22.04161533211489,10.879999999999999,-1615.7470283565801
3,-62.04786312428588,-206.45497653642443,21.80166697164804,10.879999999999999,-1616.6334264012128
3,-59.31738299288413,-206.53976717794527,21.35481120518457,10.879999999999999,-1617.4808175868254
3,-56.71229654541147,-206.6549274098138,20.455690279261606,10.879999999999999,-1618.2909932517598
3,-55.59620677469533,-206.71227899365067,19.226906813521115,10.879999999999999,-1619.0852247771127
3,-50.018815117746996,-207.0523225697341,17.776357680042196,10.879999999999999,-1619.7997792787949
3,-44.94120462230191,-207.4227934693577,16.10629189232293,10.879999999999999,-1620.441796487685
3,-40.97998363695268,-207.7355953021883,14.327569164662235,10.879999999999999,-1621.0272248253557
3,-36.772821616271216,-208.0880442138616,12.516179619277766,10.879999999999999,-1621.5525508484452
3,-32.68980809422005,-208.43500249586975,10.74610298046445,10.879999999999999,-1622.019548106934
3,-27.615958202754168,-208.8539569609932,8.97082907872463,10.879999999999999,-1622.4140617955447
3,-24.27399311877888,-209.12187411550576,7.46511408688062,10.879999999999999,-1622.760833125813
3,-23.159794675845035,-209.2085194283021,6.305440599871667,10.879999999999999,-1623.091687335468
3,-18.57679294358296,-209.53190248836805,5.485534036641664,10.879999999999999,-1623.3570700918049
3,-16.097419113135594,-209.67415341794856,5.307000104496858,10.879999999999999,-1623.5870332219924
3,-14.981070288061977,-209.72617392640146,5.302261906475504,10.879999999999999,-1623.8010485118218
3,-14.112455426369403,-209.75833891121218,5.715373178919701,10.879999999999999,-1624.0026550179127
3,-13.61593416836752,-209.77138428241116,6.18729615995003,10.879999999999999,-1624.197168363175
3,-13.119310955695404,-209.77968645036395,6.7871032372908875,10.879999999999999,-1624.3845870911134
3,-12.622639595377507,-209.7844307086559,7.345560075490755,10.879999999999999,-1624.5649105139046
3,-12.498468214947248,-209.78517200641147,7.8481597107994245,10.879999999999999,-1624.7434600598324
3,-11.877611312795956,-209.78887849518932,8.321701950447457,10.879999999999999,-1624.9131402214437
3,-11.256754410644664,-209.79258498396717,8.693017963704788,10.879999999999999,-1625.0739509987386
3,-10.760065584575235,-209.79495714242117,8.826180609796554,10.879999999999999,-1625.2276662213753
3,-10.015043674642055,-209.80029446850736,8.731680673333306,10.879999999999999,-1625.3707382738703
3,-8.897520368714838,-209.8096347669658,8.414143425799537,10.879999999999999,-1625.497845707709
3,-8.028335575215893,-209.81689944354457,8.04586336370279,10.879999999999999,-1625.6125362159264
3,-7.034991910518857,-209.82638796914623,7.648246448010882,10.879999999999999,-1625.7130361003624
3,-6.662492638684418,-209.83039092376464,7.223549104065807,10.879999999999999,-1625.8082145666292
3,-5.048329127401844,-209.8477370604445,6.771577678958396,10.879999999999999,-1625.8803335541636
3,-4.675821358759438,-209.85085049326398,6.269817928778446,10.879999999999999,-1625.9471310021459
3,-4.427480486095024,-209.8526296036502,5.7630616530111665,10.879999999999999,-1626.0103807233759
3,-4.17913961343061,-209.85440871403642,5.934509671196832,10.879999999999999,-1626.0700827178534
3,-4.17913961343061,-209.85440871403642,5.987282284720772,10.879999999999999,-1626.129784712331
3,-4.17913961343061,-209.85440871403642,5.8572498847273575,10.879999999999999,-1626.1894867068086
3,-4.17913961343061,-209.85440871403642,5.582608160456726,10.879999999999999,-1626.2491887012861
3,-4.17913961343061,-209.85440871403642,5.239376041792739,10.879999999999999,-1626.3088906957637
3,-4.303310993860868,-209.85366741628084,5.006128232094456,10.879999999999999,-1626.3703665671046
3,-4.303310993860868,-209.85366741628084,4.662165793293703,10.879999999999999,-1626.4318424384455
3,-4.551655406895582,-209.85248133705383,4.175185238265979,10.879999999999999,-1626.4968660871154
3,-4.800001708135147,-209.8518882963131,3.8434881066677637,10.879999999999999,-1626.5654375400889
3,-5.545040611853841,-209.8536674185353,3.7352059717216424,10.879999999999999,-1626.6446524059725
3,-6.662561793621462,-209.86300769923992,3.876320078728494,10.879999999999999,-1626.739831860167
3,-8.276620984751151,-209.88806265850081,4.249826009524545,10.879999999999999,-1626.8580693028064
3,-11.007474926849861,-209.95981185914573,4.919681765481816,10.879999999999999,-1627.0153189446185
3,-13.613329418212036,-210.0563071804096,5.806266425090054,10.879999999999999,-1627.2097950791645
3,-16.59041817512949,-210.19147382683292,7.078088507100705,10.879999999999999,-1627.4468010530948
3,-21.053910994915327,-210.4368688098236,8.62544626429828,10.879999999999999,-1627.747571210165
3,-24.77193853228542,-210.66800635461806,10.249635496359774,10.879999999999999,-1628.1014560463404
3,-28.488819779345274,-210.91689815542856,11.971726372017919,10.879999999999999,-1628.5084391860453
3,-32.32865393746024,-211.1878422642765,13.770462200061097,10.879999999999999,-1628.9702770994377
3,-35.920756859567796,-211.44130610803748,15.613331012068654,10.879999999999999,-1629.48343076886
3,-40.25677161466532,-211.7368573945626,17.00628903555957,10.879999999999999,-1630.0585275062124
3,-43.106608402045374,-211.92427207227934,18.073921860607204,10.879999999999999,-1630.67433619767
3,-46.329358911203805,-212.11689548226124,18.607095335828305,10.879999999999999,-1631.3361841821159
3,-47.81738518217051,-212.19514093090748,18.952916235930754,10.879999999999999,-1632.0192896847184
3,-49.18181152392715,-212.25872155234993,18.754254343795942,10.879999999999999,-1632.721886992203
3,-50.05035040241169,-212.2929607862224,18.42584119493585,10.879999999999999,-1633.4368919979518
3,-50.67093825690809,-212.3114904826048,17.817918483172303,10.879999999999999,-1634.160762544479
3,-50.79507989941489,-212.31430718919796,17.317145527136443,10.879999999999999,-1634.886406543042
3,-51.291703112087006,-212.32260935715075,16.81883286643701,10.879999999999999,-1635.619145158929
3,-51.54003879224595,-212.3249814862967,16.311050081708633,10.879999999999999,-1636.3554314273897
3,-52.03672997857427,-212.32616756439648,15.87712038028192,10.879999999999999,-1637.0988132842265
3,-52.53341833259693,-212.32379540819696,15.561246463092253,10.879999999999999,-1637.8492906889778
3,-53.27844095059017,-212.31845807703826,15.393460375937755,10.879999999999999,-1638.6104112739863
3,-54.89266889618353,-212.30882120621587,15.435640797554138,10.879999999999999,-1639.3945922582175
3,-56.1343909613571,-212.30289081008087,15.863863023146312,10.879999999999999,-1640.196512129094
3,-57.12776861349596,-212.29814649317288,16.4455141118284,10.879999999999999,-1641.0126231092868
3,-59.36286833080839,-212.2874717801299,17.120693426821855,10.879999999999999,-1641.8606640854412
3,-60.9771146863623,-212.2816896356553,17.851007359214346,10.879999999999999,-1642.7317657238177
3,-62.71554044721708,-212.2775383465248,18.650090878476366,10.879999999999999,-1643.6277020159207
3,-63.833101989143536,-212.27620400295595,19.08607361831253,10.879999999999999,-1644.5396034729085
3,-64.57814089286224,-212.27798312517817,19.2817661233863,10.879999999999999,-1645.4621483428066
3,-64.95065503415302,-212.28020701844488,19.237183270898345,10.879999999999999,-1646.3900148432945
3,-65.19899071431196,-212.28257914759084,19.063374324735673,10.879999999999999,-1647.321428996356
3,-65.19899071431196,-212.28257914759084,18.885293626242312,10.879999999999999,-1648.2528431494175
3,-65.19899071431196,-212.28257914759084,18.80425073949395,10.879999999999999,-1649.184257302479
3,-65.19899071431196,-212.28257914759084,18.830826511469443,10.879999999999999,-1650.1156714555405
3,-65.19899071431196,-212.28257914759084,18.98006185390975,10.879999999999999,-1651.047085608602
3,-65.19899071431196,-212.28257914759084,19.201245544677562,10.879999999999999,-1651.9784997616634
3,-65.19899071431196,-212.28257914759084,19.40996033749233,10.879999999999999,-1652.909913914725
3,-65.19899071431196,-212.28257914759084,19.723693715695642,10.879999999999999,-1653.8413280677864
3,-65.07482429036715,-212.2812448293847,20.138243318044655,10.879999999999999,-1654.7709684147917
3,-65.07482429036715,-212.2812448293847,20.578427892641344,10.879999999999999,-1655.700608761797
3,-64.95065503415302,-212.28020701844486,21.099457350114623,10.879999999999999,-1656.6284752622848
3,-64.82648577793888,-212.27916920750502,21.505946015165545,10.879999999999999,-1657.5545679162553
3,-64.3298045046501,-212.27561099011425,21.882663399903105,10.879999999999999,-1658.4735651234646
3,-62.96389854969055,-212.27398012885217,22.01983384062154,10.879999999999999,-1659.3730493884602
3,-61.598015961197184,-212.282134388664,21.91572626518431,10.879999999999999,-1660.2530210450489
3,-59.61144947360591,-212.31059931619095,21.311260355160247,10.879999999999999,-1661.104613180386
3,-57.997611188565685,-212.3472164323011,20.39368573672232,10.879999999999999,-1661.9331504830798
3,-53.157798994170804,-212.51486356450815,19.13563035082131,10.879999999999999,-1662.692547611568
3,-49.56067500226693,-212.68248520285636,17.65094986699479,10.879999999999999,-1663.4005572544575
3,-45.71685578543013,-212.889208616933,16.01579411276786,10.879999999999999,-1664.0536551942494
3,-40.511632074087615,-213.2128002570306,14.258166184412447,10.879999999999999,-1664.6323927953079
3,-36.29985225840578,-213.5049359922963,12.440896383088408,10.879999999999999,-1665.150962113285
3,-31.96529847450514,-213.8211922394483,10.7510312929373,10.879999999999999,-1665.6076092343494
3,-27.727873600839068,-213.8211922394483,9.07212466924106,10.879999999999999,-1666.0037217143613
3,-26.71896291663286,-213.8211922394483,7.4667994856739215,10.879999999999999,-1666.385421184599
3,-21.39275146641856,-214.19701722445836,6.206001130416693,10.879999999999999,-1666.6910319198334
3,-18.79072657359327,-214.368134973678,5.37413153919615,10.879999999999999,-1666.9594708708848
3,-16.063415360101168,-214.52461099621655,5.185144120479881,10.879999999999999,-1667.188948233172
3,-14.698989018344525,-214.58819161765896,5.2590742654640295,10.879999999999999,-1667.3989337905768
3,-13.706328794746211,-214.62613691928783,5.7320899334768,10.879999999999999,-1667.5947384876447
3,-13.209840104127021,-214.64036792222973,6.233779275609478,10.879999999999999,-1667.7834504891323
3,-12.589075248948104,-214.65148679677569,6.857169404053788,10.879999999999999,-1667.9632944212601
3,-12.589075248948104,-214.65148679677569,7.5483997114643575,10.879999999999999,-1668.143138353388
3,-11.968221887119332,-214.65519326441796,8.197640776343938,10.879999999999999,-1668.3141129517753
3,-11.471534949235375,-214.65282111498183,8.821583184680645,10.879999999999999,-1668.4779920224787
3,-10.850721711071259,-214.64466704116217,9.273361394881457,10.879999999999999,-1668.6330023326368
3,-10.850721711071259,-214.64466704116217,9.638126324906633,10.879999999999999,-1668.788012642795
3,-10.850721711071259,-214.64466704116217,9.443880532883803,10.879999999999999,-1668.943022952953
3,-9.733391702395478,-214.62198479578126,9.134917079733702,10.879999999999999,-1669.0820714058443
3,-7.871175021269176,-214.58418105347977,8.709884372016809,10.879999999999999,-1669.194516763291
3,-7.374549920653845,-214.57587885396578,8.047568328558693,10.879999999999999,-1669.299867476443
3,-4.891334731117278,-214.54029759310916,7.41841771714712,10.879999999999999,-1669.3697436868877
3,-3.1529849700046384,-214.5236926890874,6.697452168197449,10.879999999999999,-1669.4147863293163
3,-2.159608261959324,-214.51894837668834,6.087077045165453,10.879999999999999,-1669.4456378759157
3,-1.1662221128994479,-214.51657621147092,5.79628938112115,10.879999999999999,-1669.4622981918144
3,-0.7937015989239635,-214.5161314302813,5.544991158177368,10.879999999999999,-1669.4736367860849
3,-0.4211810849484792,-214.51657621147092,5.8283889052201365,10.879999999999999,-1669.4796536587269
3,-0.4211810849484792,-214.51657621147092,6.155466320513831,10.879999999999999,-1669.485670531369
3,-0.4211810849484792,-214.51657621147092,6.321313962062502,10.879999999999999,-1669.491687404011
3,-0.4211810849484792,-214.51657621147092,6.334005145721805,10.879999999999999,-1669.497704276653
3,-0.4211810849484792,-214.51657621147092,6.3749201245278435,10.879999999999999,-1669.503721149295
3,-0.4211810849484792,-214.51657621147092,6.34263849922171,10.879999999999999,-1669.509738021937
3,-0.4211810849484792,-214.51657621147092,6.20607379286507,10.879999999999999,-1669.515754894579
3,-0.4211810849484792,-214.51657621147092,6.039375440503875,10.879999999999999,-1669.521771767221
3,-0.4211810849484792,-214.51657621147092,5.8521299774331546,10.879999999999999,-1669.527788639863
3,-0.5453545896069742,-214.51642795107438,5.550662742944636,10.879999999999999,-1669.5355794197146
3,-0.6695280942654693,-214.51657621147092,5.2732006388542665,10.879999999999999,-1669.5451441067755
3,-0.7937008908465397,-214.51702099181512,4.950495265780816,10.879999999999999,-1669.5564826909306
3,-1.1662150321373153,-214.51924488508183,4.623778702333613,10.879999999999999,-1669.5731429056755
3,-1.6628863924552133,-214.52398914337377,4.51644217617243,10.879999999999999,-1669.5968984255676
3,-2.5320265779243174,-214.53540486842004,4.574150189866754,10.879999999999999,-1669.6330702338237
3,-4.021832492545738,-214.56386903846666,4.8893295852797,10.879999999999999,-1669.6905249837173
3,-5.759661850384434,-214.60952796784406,5.463519025071894,10.879999999999999,-1669.7728058672942
3,-7.745480680665161,-214.67119435780498,6.213446436375223,10.879999999999999,-1669.8834555913038
3,-8.4901061053517,-214.69609747680235,7.315488893680164,10.879999999999999,-1670.0047428213802
3,-13.701056947588881,-214.90775346772372,8.416950791006101,10.879999999999999,-1670.2004722063457
3,-16.67747469706911,-215.05713724817804,9.63486082527972,10.879999999999999,-1670.4387218448753
3,-21.52024598125891,-215.05713724817804,10.947372371831928,10.879999999999999,-1670.746153930322
3,-25.612061312283313,-215.2771980749972,12.280687678265148,10.879999999999999,-1671.1120405204974
3,-28.71192141154422,-215.44391082258747,13.668104814103257,10.879999999999999,-1671.5222108263765
3,-31.688339161024448,-215.59329460304178,15.152314287727291,10.879999999999999,-1671.9749013858197
3,-34.54123602559233,-215.7262361551133,16.286170313949558,10.879999999999999,-1672.4683476147568
3,-37.766427772968015,-215.8726672454031,17.330113365886508,10.879999999999999,-1673.0078680115134
3,-39.751561336576685,-215.9532984822421,17.753804673966172,10.879999999999999,-1673.5757474591787
3,-41.48901900958593,-216.0114057046782,17.964413715340815,10.879999999999999,-1674.1684477307442
3,-42.481999221971236,-216.03986779171197,17.85431044272782,10.879999999999999,-1674.7753334339152
3,-43.59927188084524,-216.06521810286515,17.611680952539256,10.879999999999999,-1675.3981801750701
3,-44.09589650947436,-216.07352029448882,17.12237890798956,10.879999999999999,-1676.0281215537768
3,-44.46839507327175,-216.07752324149854,16.51146949915578,10.879999999999999,-1676.663384340538
3,-44.592566453702005,-216.07826453925412,16.027389380374714,10.879999999999999,-1677.3004210041622
3,-44.965086259600064,-216.07870931959832,15.523974560005948,10.879999999999999,-1677.9427793792993
3,-45.33759969282553,-216.07648543055873,15.054368898626445,10.879999999999999,-1678.590459374911
3,-45.83425830799204,-216.07055515841893,14.696430524371102,10.879999999999999,-1679.2452344935966
3,-47.07586708276958,-216.05276451108261,14.449474021383784,10.879999999999999,-1679.9177468804933
3,-48.193294800606495,-216.03541873708545,14.642847184597445,10.879999999999999,-1680.606222520502
3,-49.55903978907384,-216.01421834664447,15.111738185919346,10.879999999999999,-1681.314208803203
3,-51.79400355732315,-215.9875321220154,15.778514747655715,10.879999999999999,-1682.0541231397362
3,-52.41484983839383,-215.9823430673163,16.689082060889362,10.879999999999999,-1682.8029067088562
3,-55.146651363199574,-215.9758196377676,17.82624367698669,10.879999999999999,-1683.5907160140448
3,-57.13342366131933,-215.98056396820243,18.93055608393565,10.879999999999999,-1684.406907780635
3,-58.37514454637597,-215.98649435870126,19.42681867298512,10.879999999999999,-1685.240838417012
3,-58.99599082744665,-215.99168341340038,19.70601936244693,10.879999999999999,-1686.0836382859754
3,-59.24432674362091,-215.9940555448008,19.41258257647101,10.879999999999999,-1686.9299858108843
3,-59.24432674362091,-215.9940555448008,19.056866820328505,10.879999999999999,-1687.7763333357932
3,-59.24432674362091,-215.9940555448008,19.051805006914982,10.879999999999999,-1688.622680860702
3,-59.24432674362091,-215.9940555448008,18.89866833921494,10.879999999999999,-1689.469028385611
3,-59.24432674362091,-215.9940555448008,18.83666211187108,10.879999999999999,-1690.3153759105198
3,-59.24432674362091,-215.9940555448008,18.963328193545884,10.879999999999999,-1691.1617234354287
3,-59.24432674362091,-215.9940555448008,18.976081296159226,10.879999999999999,-1692.0080709603376
3,-59.24432674362091,-215.9940555448008,19.135135620635992,10.879999999999999,-1692.8544184852465
3,-59.12015748740677,-215.99301773386097,19.262444596691324,10.879999999999999,-1693.698992163638
3,-58.99598610697651,-215.99227643610539,19.468693048941248,10.879999999999999,-1694.541791965166
3,-58.87181331039544,-215.9918316557612,19.735053435701975,10.879999999999999,-1695.3828178696003
3,-58.87181331039544,-215.9918316557612,19.95126805249746,10.879999999999999,-1696.2238437740345
3,-58.250946967232004,-215.99257295633484,20.112891830572764,10.879999999999999,-1697.0560001592808
3,-57.75426569394322,-215.99613117372562,20.21992545365102,10.879999999999999,-1697.8810610977657
3,-56.76098245014758,-216.0103636374891,20.187197864891242,10.879999999999999,-1698.691932275625
3,-55.64370979127358,-216.03571394864227,19.92667233442921,10.879999999999999,-1699.4868424155004
3,-54.03017523565169,-216.08389134238524,19.49232507171175,10.879999999999999,-1700.258702061724
3,-52.04485478845506,-216.15978194564295,18.870013071678393,10.879999999999999,-1701.0021999872733
3,-49.1922997822677,-216.29953490256617,17.98673772625501,10.879999999999999,-1701.70494712702
3,-48.32445289774264,-216.3482869876061,16.923441192259194,10.879999999999999,-1702.3952964541306
3,-43.73855395163455,-216.62788102960764,15.776882723910381,10.879999999999999,-1703.0201329391539
3,-40.765048953986664,-216.82699447025598,14.490086775677648,10.879999999999999,-1703.6024907813537
3,-36.677483559864285,-217.11541884419108,13.288832166698846,10.879999999999999,-1704.126454832209
3,-33.829062501872436,-217.32324437803382,12.021171963937972,10.879999999999999,-1704.6097271536644
3,-30.732952656229124,-217.5491416974281,10.875193429432455,10.879999999999999,-1705.0487693344676
3,-27.884043442143838,-217.75016474592832,9.748360564235506,10.879999999999999,-1705.4471128122125
3,-25.28243458908533,-217.92749551784328,8.674903665260754,10.879999999999999,-1705.8082904491994
3,-22.308021039746755,-218.1124050264705,7.682042190023582,10.879999999999999,-1706.1269764640529
3,-20.324240797097474,-218.22146977431643,7.099562951677624,10.879999999999999,-1706.4173227611543
3,-18.33973579890326,-218.31632004507,6.554147239005344,10.879999999999999,-1706.6793189868529
3,-17.223042955137423,-218.3603419171918,6.473876406940804,10.879999999999999,-1706.9253624576406
3,-16.47836301699095,-218.38346674749434,6.75916420611496,10.879999999999999,-1707.1607676435976
3,-15.857655984283173,-218.39755025369055,7.139351388969531,10.879999999999999,-1707.3873055862302
3,-15.609343669968611,-218.4017013495024,7.498323331182861,10.879999999999999,-1707.610296210087
3,-15.361014362385355,-218.40466648557228,7.986972457707772,10.879999999999999,-1707.8297392724069
3,-15.112673725740962,-218.40644559426767,8.455353630910185,10.879999999999999,-1708.045634611346
3,-14.864327424501397,-218.4070386350084,8.923820232840338,10.879999999999999,-1708.2579821459817
3,-14.491806910525913,-218.40659385381878,9.403390511568452,10.879999999999999,-1708.4650079589892
3,-14.491806910525913,-218.40659385381878,9.705455622576148,10.879999999999999,-1708.6720337719967
3,-14.119288520782703,-218.4052595127862,10.041408436547064,10.879999999999999,-1708.8737378937221
3,-13.746770131039494,-218.4039251717536,10.19593433975132,10.879999999999999,-1709.0701203241656
3,-13.374251741296284,-218.402590830721,10.128370547337889,10.879999999999999,-1709.261181063327
3,-12.877562915226855,-218.40021867226702,10.034903399189552,10.879999999999999,-1709.4451462478303
3,-11.635831409029032,-218.39725346856332,9.742387944754999,10.879999999999999,-1709.6113724108163
3,-10.642442427656766,-218.39725346856332,9.352402659272132,10.879999999999999,-1709.76340730264
3,-9.773227895047304,-218.3982912913391,8.99890560753507,10.879999999999999,-1709.9030248439979
3,-9.028188283252398,-218.40007041525217,8.529989135267028,10.879999999999999,-1710.0319989623301
3,-8.158978707184907,-218.40318387766155,8.06699125378707,10.879999999999999,-1710.1485558010042
3,-7.786464565894132,-218.40540777092826,7.61030811672648,10.879999999999999,-1710.2597910090885
3,-7.413956797251727,-218.40852120374774,7.322462110804373,10.879999999999999,-1710.3657046776207
3,-7.289787541037591,-218.40955901468757,7.254223831176738,10.879999999999999,-1710.4698444996354
3,-7.289787541037591,-218.40955901468757,7.174095278084096,10.879999999999999,-1710.5739843216502
3,-7.289787541037591,-218.40955901468757,7.0573677040531875,10.879999999999999,-1710.678124143665
3,-7.289787541037591,-218.40955901468757,6.904098071483313,10.879999999999999,-1710.7822639656797
3,-7.289787541037591,-218.40955901468757,6.746296398244491,10.879999999999999,-1710.8864037876945
3,-7.289787541037591,-218.40955901468757,6.484205770038907,10.879999999999999,-1710.9905436097092
3,-7.289787541037591,-218.40955901468757,6.16963836813543,10.879999999999999,-1711.094683431724
3,-7.289787541037591,-218.40955901468757,5.787658954082426,10.879999999999999,-1711.1988232537387
3,-7.289787541037591,-218.40955901468757,5.363406216538902,10.879999999999999,-1711.3029630757535
3,-7.662305222707414,-218.40822467619128,5.043961430867058,10.879999999999999,-1711.412424578935
3,-8.034825736682897,-218.4086694573809,4.935616060325751,10.879999999999999,-1711.527207803745
3,-9.028185451023452,-218.41578587187237,5.0016212842863235,10.879999999999999,-1711.6561818816167
3,-10.642174074488636,-218.44469494569188,5.205084677127745,10.879999999999999,-1711.8082129398238
3,-12.25581907496732,-218.4890191589837,5.796006692980598,10.879999999999999,-1711.9832960694662
3,-14.365312310506427,-218.5671341220954,6.50405971478824,10.879999999999999,-1712.1885148167592
3,-17.713963839508974,-218.73119194109222,7.516414847519485,10.879999999999999,-1712.441571443038
3,-20.56506468131643,-218.89818582701002,8.658149027486864,10.879999999999999,-1712.7353580813424
3,-23.663190984894783,-219.09449981600446,9.978291867974736,10.879999999999999,-1713.073403666841
3,-27.008110295164073,-219.3224960893821,11.40521179108539,10.879999999999999,-1713.4592338139148
3,-30.43840662146518,-219.3224960893821,12.918907607593894,10.879999999999999,-1713.8940681942215
3,-33.5350470715579,-219.54099940296916,14.461383872295594,10.879999999999999,-1714.3731402952437
3,-36.384878442041405,-219.72841372445282,15.883385878512245,10.879999999999999,-1714.892924272987
3,-39.111434560730544,-219.89791475172703,16.924109571431444,10.879999999999999,-1715.451659052426
3,-41.21876996554475,-220.02134501523147,17.48423137954487,10.879999999999999,-1716.0404986233625
3,-43.32718018750932,-220.1246406790443,17.697460276394956,10.879999999999999,-1716.6594583403269
3,-44.44387303127516,-220.16866255116605,17.73462388624149,10.879999999999999,-1717.2943708122023
3,-45.436779615470456,-220.19949565823612,17.296866390215914,10.879999999999999,-1717.9434676638518
3,-45.933357514094475,-220.21016954954376,16.927977225062538,10.879999999999999,-1718.5996584854818
3,-46.181679033048134,-220.21372767562943,16.266167064871173,10.879999999999999,-1719.2593967573825
3,-46.43001471320708,-220.21609980477538,15.789610214547372,10.879999999999999,-1719.922682681857
3,-46.92670306722974,-220.2184719609749,15.297906674325985,10.879999999999999,-1720.593064154246
3,-47.175050076546725,-220.2184719609749,14.806483465719634,10.879999999999999,-1721.2669934410537
3,-48.168436225606605,-220.2160997957575,14.419855333344294,10.879999999999999,-1721.9551139585624
3,-49.53434477685005,-220.21446893139554,14.239665751187728,10.879999999999999,-1722.6627474553745
3,-50.651906318776504,-220.2158032749644,14.487212132150983,10.879999999999999,-1723.3863461170713
3,-52.390332079631285,-220.2199545640949,14.863112896784294,10.879999999999999,-1724.1347794324945
3,-54.12874131871058,-220.22825711079327,15.63649174918942,10.879999999999999,-1724.9080471656189
3,-56.736231265292325,-220.2562777398613,16.576379009310237,10.879999999999999,-1725.718564755123
3,-58.59861079502052,-220.28518736318992,17.716948335636964,10.879999999999999,-1726.5556877664803
3,-59.095235895635845,-220.2934895627039,19.099056108620776,10.879999999999999,-1727.3999054221322
3,-62.07485622025736,-220.35041806510952,19.648171863778238,10.879999999999999,-1728.2866890824216
3,-63.19213100281857,-220.375768424448,19.981827977651726,10.879999999999999,-1729.1894338110333
3,-63.6887103172704,-220.38644234618874,19.795692279443234,10.879999999999999,-1730.0992725298513
3,-63.6887103172704,-220.38644234618874,19.470977592363898,10.879999999999999,-1731.0091112486693
3,-63.6887103172704,-220.38644234618874,19.27488639006626,10.879999999999999,-1731.9189499674874
3,-63.6887103172704,-220.38644234618874,19.254389166579184,10.879999999999999,-1732.8287886863054
3,-63.6887103172704,-220.38644234618874,19.132441749165512,10.879999999999999,-1733.7386274051235
3,-63.6887103172704,-220.38644234618874,19.240851888817705,10.879999999999999,-1734.6484661239415
3,-63.6887103172704,-220.38644234618874,19.26929448602398,10.879999999999999,-1735.5583048427595
3,-63.6887103172704,-220.38644234618874,19.46927558909458,10.879999999999999,-1736.4681435615776
3,-63.6887103172704,-220.38644234618874,19.622364298439656,10.879999999999999,-1737.3779822803956
3,-63.6887103172704,-220.38644234618874,19.87727899845751,10.879999999999999,-1738.2878209992136
3,-63.56455663827105,-220.3842185585988,20.11853047597327,10.879999999999999,-1739.195886094046
3,-63.56455663827105,-220.3842185585988,20.44073018194286,10.879999999999999,-1740.1039511888785
3,-63.192068695372576,-220.379326114307,20.734015591809598,10.879999999999999,-1741.0066950273838
3,-63.06789943915844,-220.37828830336716,20.917619804334198,10.879999999999999,-1741.9076650193717
3,-61.950344269921544,-220.37695396740713,20.901356246669007,10.879999999999999,-1742.7926699375134
3,-60.336189963110094,-220.39430000517385,20.738302551292016,10.879999999999999,-1743.654615508415
3,-58.72235781315575,-220.43091698208224,20.398121864674724,10.879999999999999,-1744.493506334317
3,-56.98490509391888,-220.48902403884526,19.69060685139698,10.879999999999999,-1745.3075764070873
3,-54.50400958560657,-220.6016623756117,18.765638909230628,10.879999999999999,-1746.0862051154531
3,-50.909156972867436,-220.81221908349804,17.66783921406818,10.879999999999999,-1746.8134787864942
3,-48.92682030776884,-220.94496137726358,16.34050855694383,10.879999999999999,-1747.5124333623196
3,-44.716495738481335,-221.25720788938597,15.007753508752335,10.879999999999999,-1748.1512404442979
3,-40.38431877777262,-221.60450790449482,13.50484570967794,10.879999999999999,-1748.7281592839804
3,-37.04300299558776,-221.880404747381,12.101220555215388,10.879999999999999,-1749.2573450410603
3,-33.702355568455005,-222.16427970538768,10.655041031176495,10.879999999999999,-1749.7388072634667
3,-29.742673666637153,-222.495996328139,9.317848718009074,10.879999999999999,-1750.1637026015615
3,-27.018836237923164,-222.70454317659485,8.062813942631886,10.879999999999999,-1750.549685976389
3,-24.66538949585271,-222.87060569492112,7.305176308864078,10.879999999999999,-1750.9020486834725
3,-23.178636997028768,-222.97016241524528,6.646875546427368,10.879999999999999,-1751.2331720691443
3,-20.699263166581403,-223.1124133448258,6.4590418750480305,10.879999999999999,-1751.528875828667
3,-19.830901017423848,-223.15080008878198,6.524596435750951,10.879999999999999,-1751.8121744146301
3,-19.334485954784743,-223.16740210499998,6.953839594813814,10.879999999999999,-1752.0883813568414
3,-18.83793496072473,-223.17926177006711,7.516732148290491,10.879999999999999,-1752.3574947134232
3,-18.465459762771726,-223.18504368374272,8.15242109845494,10.879999999999999,-1752.6212869957485
3,-18.217124082612777,-223.18741581288867,8.78194288511183,10.879999999999999,-1752.8815316255002
3,-17.968779905601448,-223.18860189098845,9.40069958382118,10.879999999999999,-1753.1382284812946
3,-17.844606400942954,-223.188750151385,9.95917628242731,10.879999999999999,-1753.3931514298795
3,-17.223743598159917,-223.18652625389115,10.227305963029531,10.879999999999999,-1753.639204909853
3,-16.72707223784202,-223.1817819955992,10.53219247273065,10.879999999999999,-1753.8781630846795
3,-15.982083607064487,-223.17288657893542,10.445918962315249,10.879999999999999,-1754.1064785647804
3,-14.367826512334554,-223.17288657893542,10.278356552687708,10.879999999999999,-1754.3117332292425
3,-12.75366300105198,-223.15554044225556,9.818228318346081,10.879999999999999,-1754.4939284149718
3,-11.387801182696492,-223.1441245219175,9.213256373526653,10.879999999999999,-1754.6566112890102
3,-10.02191599796365,-223.13597024660623,8.525329898392236,10.879999999999999,-1754.7997815175527
3,-8.904360828734019,-223.13196722350847,7.807357951001986,10.879999999999999,-1754.9269866722489
3,-6.669237744881115,-223.13196722350847,7.0776921312144925,10.879999999999999,-1755.0222614971758
3,-5.8000281688136255,-223.13508068591784,6.3397706843346375,10.879999999999999,-1755.1051190424446
3,-5.043345155658969,-223.13508068591784,5.844651810034143,10.879999999999999,-1755.1771668303825
3,-4.422488253507676,-223.1387871746957,5.895494888095769,10.879999999999999,-1755.240345234004
3,-4.422488253507676,-223.1387871746957,6.150579228288751,10.879999999999999,-1755.3035236376256
3,-4.422488253507676,-223.1387871746957,6.275430965937377,10.879999999999999,-1755.3667020412472
3,-4.422488253507676,-223.1387871746957,6.379798461500916,10.879999999999999,-1755.4298804448688
3,-4.422488253507676,-223.1387871746957,6.389198782631478,10.879999999999999,-1755.4930588484904
3,-4.422488253507676,-223.1387871746957,6.271195677476131,10.879999999999999,-1755.556237252112
3,-4.422488253507676,-223.1387871746957,6.154785221878528,10.879999999999999,-1755.6194156557335
3,-4.422488253507676,-223.1387871746957,5.96682931453785,10.879999999999999,-1755.682594059355
3,-4.546659633937934,-223.1380458769401,5.718139397750833,10.879999999999999,-1755.74754633984
3,-4.670832430519004,-223.13760109659592,5.491546975991172,10.879999999999999,-1755.8142725174189
3,-4.7950059351775,-223.13745283619937,5.24273113408957,10.879999999999999,-1755.882772602207
3,-5.167526449152984,-223.137897617389,5.0661782418323416,10.879999999999999,-1755.9565944086235
3,-5.664214803175641,-223.14026977358853,4.963462025231977,10.879999999999999,-1756.0375117629546
3,-6.533378118702889,-223.14960998327788,5.070620409241804,10.879999999999999,-1756.130845736079
3,-7.650759105803907,-223.169624033545,5.29698584938922,10.879999999999999,-1756.2401422947332
3,-9.636844137811435,-223.2218055183409,5.752940874790625,10.879999999999999,-1756.377811496702
3,-11.250130201716642,-223.27768842684642,6.439812273686975,10.879999999999999,-1756.5385276424408
3,-13.607364225910612,-223.37625273296976,7.212132868011151,10.879999999999999,-1756.7329185599538
3,-16.087705278604457,-223.50073886175062,8.272444117112292,10.879999999999999,-1756.9627429210766
3,-18.690884308080825,-223.6532115401973,9.3821502395448,10.879999999999999,-1757.2297555540492
3,-22.284710820231727,-223.88093576743086,10.63684561463709,10.879999999999999,-1757.5481085657668
3,-25.25821581787961,-224.0800492080792,11.904740888877974,10.879999999999999,-1757.908940220308
3,-28.284947870498232,-224.0800492080792,13.256105707586592,10.879999999999999,-1758.3130109041724
3,-30.886556723556744,-224.25737997999417,14.648818625042692,10.879999999999999,-1758.7542474287945
3,-32.904378091969164,-224.25737997999417,15.750551028633783,10.879999999999999,-1759.2243099729656
3,-35.01077919568486,-224.39590387221958,16.534416427404256,10.879999999999999,-1759.7244639614753
3,-37.11810658935953,-224.51933366649777,16.85290830218952,10.879999999999999,-1760.2547226270376
3,-37.98627880468564,-224.56186733682043,16.865522131264452,10.879999999999999,-1760.7973837528189
3,-39.10286334246173,-224.60855569235252,16.583518819463173,10.879999999999999,-1761.3559960862826
3,-39.59927840510084,-224.62515770857053,16.128036627027033,10.879999999999999,-1761.9217000634983
3,-39.97168138444174,-224.63449711936045,15.608812538954803,10.879999999999999,-1762.492724083276
3,-40.2199830781602,-224.63924116122757,15.125966031218443,10.879999999999999,-1763.0672952701068
3,-40.46830459711386,-224.64279928731324,14.721200552007039,10.879999999999999,-1763.6454139072084
3,-40.964975957431754,-224.64754354560517,14.293347249104682,10.879999999999999,-1764.2306278494575
3,-41.58583285958305,-224.65125003438303,13.941914746578828,10.879999999999999,-1764.824711176023
3,-41.834177272617765,-224.65243611361004,13.671583277624029,10.879999999999999,-1765.4223422799175
3,-43.82094768253428,-224.65718043953595,13.793007030837028,10.879999999999999,-1766.0483558182395
3,-45.186856233777725,-224.6588113038979,14.153119185127082,10.879999999999999,-1766.6938823358648
3,-46.801102589331634,-224.66459344837247,14.741756820947064,10.879999999999999,-1767.3624695157125
3,-48.41533053492499,-224.67423031919486,15.534141739588861,10.879999999999999,-1768.054117094783
3,-50.650351656355525,-224.69557948150856,16.496769834671134,10.879999999999999,-1768.7776935470165
3,-52.0161433763784,-224.71351847800986,17.634541616968136,10.879999999999999,-1769.5207813095362
3,-53.50607390611145,-224.73486725481342,18.18118012948415,10.879999999999999,-1770.2851537939093
3,-54.00271741602247,-224.74198351374795,18.49620717829784,10.879999999999999,-1771.0566211855669
3,-55.49264794575552,-224.76333229055152,18.517179520038514,10.879999999999999,-1771.8493732990776
3,-55.61681082939397,-224.76496310841526,18.15051319741953,10.879999999999999,-1772.6438991680689
3,-55.61681082939397,-224.76496310841526,17.766776708041906,10.879999999999999,-1773.4384250370601
3,-55.61681082939397,-224.76496310841526,17.545245150133674,10.879999999999999,-1774.2329509060514
3,-55.61681082939397,-224.76496310841526,17.515989112511473,10.879999999999999,-1775.0274767750427
3,-55.61681082939397,-224.76496310841526,17.481688082998115,10.879999999999999,-1775.822002644034
3,-55.61681082939397,-224.76496310841526,17.36224569749356,10.879999999999999,-1776.6165285130253
3,-55.61681082939397,-224.76496310841526,17.343276312943534,10.879999999999999,-1777.4110543820166
3,-55.61681082939397,-224.76496310841526,17.36076523056013,10.879999999999999,-1778.2055802510079
3,-55.61681082939397,-224.76496310841526,17.566835151773507,10.879999999999999,-1779.0001061199991
3,-55.61681082939397,-224.76496310841526,17.576643623465866,10.879999999999999,-1779.7946319889904
3,-55.61681082939397,-224.76496310841526,17.802993727372048,10.879999999999999,-1780.5891578579817
3,-55.61681082939397,-224.76496310841526,17.899766773792415,10.879999999999999,-1781.383683726973
3,-55.492644405449155,-224.7636287902091,18.22435369353339,10.879999999999999,-1782.176435789908
3,-55.492644405449155,-224.7636287902091,18.486169717397964,10.879999999999999,-1782.969187852843
3,-55.492644405449155,-224.7636287902091,18.85428419106881,10.879999999999999,-1783.7619399157782
3,-55.492644405449155,-224.7636287902091,19.183899065290323,10.879999999999999,-1784.5546919787132
3,-55.24430376880476,-224.76184968151372,19.59058284035923,10.879999999999999,-1785.3438963182675
3,-54.87178537906155,-224.76051534048113,19.957763323547546,10.879999999999999,-1786.1277789665398
3,-54.250917855769075,-224.75977403849845,19.993778447289074,10.879999999999999,-1786.902792078765
3,-53.25754398000116,-224.7645183373707,19.912149895744836,10.879999999999999,-1787.6636141356223
3,-51.39517507015037,-224.79342779584752,19.64155361317257,10.879999999999999,-1788.3978309223387
3,-49.40909003814284,-224.84560928064343,19.054163028812567,10.879999999999999,-1789.1036750657408
3,-48.66446532113888,-224.87051237597316,18.179059414044037,10.879999999999999,-1789.7988817131857
3,-44.32267933378638,-225.06244500128477,17.11729429064592,10.879999999999999,-1790.4320628465255
3,-40.3556623540499,-225.29004757016702,15.92104584694117,10.879999999999999,-1791.0085723087261
3,-37.25801956004609,-225.493758789171,14.420752761505844,10.879999999999999,-1791.5408297310125
3,-33.666538965706884,-225.75579918158766,12.94887956861207,10.879999999999999,-1792.0217802876655
3,-30.200470603526306,-226.02950078531444,11.421540013113148,10.879999999999999,-1792.4532155820016
3,-25.744945791611844,-226.39204379480321,10.015594037369324,10.879999999999999,-1792.8210005218818
3,-23.764712541872086,-226.55317402124265,8.579065919995376,10.879999999999999,-1793.160496415337
3,-20.175194488713437,-226.8409368909043,7.20658702379893,10.879999999999999,-1793.4487134794615
3,-20.175194488713437,-226.8409368909043,6.124015923770297,10.879999999999999,-1793.736930543586
3,-17.8225721550325,-227.01823698206317,5.36958210479258,10.879999999999999,-1793.9915387172293
3,-16.707424988494232,-227.09157274211404,5.616226742573979,10.879999999999999,-1794.230216217065
3,-16.21148134185136,-227.11883885133523,6.082423393386485,10.879999999999999,-1794.461808807663
3,-15.963417509807043,-227.1306951689837,6.7749286983357795,10.879999999999999,-1794.6898576292315
3,-15.83936506682682,-227.13617902081953,7.393919132844832,10.879999999999999,-1794.9161342730433
3,-15.83936506682682,-227.13617902081953,7.957642498871756,10.879999999999999,-1795.1424109168552
3,-15.715299882365116,-227.14136662573912,8.490040189189573,10.879999999999999,-1795.366915200889
3,-15.715299882365116,-227.14136662573912,8.987884219777737,10.879999999999999,-1795.5914194849229
3,-15.467134118904873,-227.15085297819346,9.46453609730536,10.879999999999999,-1795.8123785437645
3,-15.343034955027662,-227.15515167163394,9.813698433225426,10.879999999999999,-1796.0315647574078
3,-15.218925879903551,-227.15915400997002,9.999064798683001,10.879999999999999,-1796.2489779842635
3,-14.970680826807225,-227.16626953172846,10.159486937286502,10.879999999999999,-1796.462844853218
3,-14.722404621901669,-227.17219938116898,10.270052142242942,10.879999999999999,-1796.6731649192452
3,-14.474102928183209,-227.1769434230361,10.290727468243379,10.879999999999999,-1796.8799378182193
3,-13.853289690019093,-227.18509749685578,10.293020200560285,10.879999999999999,-1797.0778419566482
3,-13.6049490533747,-227.18687660555116,10.298796661517082,10.879999999999999,-1797.2721983716963
3,-13.23242924747664,-227.18732138589536,10.275022770140666,10.879999999999999,-1797.4612330752316
3,-12.984085070465312,-227.18613530779558,10.239674663777476,10.879999999999999,-1797.6467200048096
3,-12.611586506667921,-227.18213236078586,10.127548585145204,10.879999999999999,-1797.8268855263334
3,-12.363274192353359,-227.17798126497402,10.061998599972371,10.879999999999999,-1798.0035037290813
3,-12.114984535127446,-227.17264430410364,10.030689372228812,10.879999999999999,-1798.176574936726
3,-11.990849972728691,-227.1695311612563,10.012725063608942,10.879999999999999,-1798.3478727934792
3,-11.866723198293347,-227.1661215999069,9.955505661074788,10.879999999999999,-1798.5173974105976
3,-11.742604919632365,-227.16241563949785,9.906313455748998,10.879999999999999,-1798.6851489094495
3,-11.742604919632365,-227.16241563949785,9.883430609007783,10.879999999999999,-1798.8529004083014
3,-11.618495844508255,-227.15841330116177,9.877064902999214,10.879999999999999,-1799.0188789203658
3,-11.618495844508255,-227.15841330116177,9.821155301458123,10.879999999999999,-1799.1848574324301
3,-11.618495844508255,-227.15841330116177,9.709669848855807,10.879999999999999,-1799.3508359444945
3,-11.618495844508255,-227.15841330116177,9.597937866385017,10.879999999999999,-1799.516814456559
3,-11.618495844508255,-227.15841330116177,9.452384137600923,10.879999999999999,-1799.6827929686233
3,-11.618495844508255,-227.15841330116177,9.277551486514335,10.879999999999999,-1799.8487714806877
3,-11.618495844508255,-227.15841330116177,9.073508787483792,10.879999999999999,-1800.014749992752
3,-11.618495844508255,-227.15841330116177,8.830198210780908,10.879999999999999,-1800.1807285048164
3,-11.618495844508255,-227.15841330116177,8.553436319316345,10.879999999999999,-1800.3467070168808
3,-11.618495844508255,-227.15841330116177,8.23655581115495,10.879999999999999,-1800.5126855289452
3,-11.618495844508255,-227.15841330116177,7.877798529699714,10.879999999999999,-1800.6786640410096
3,-11.618495844508255,-227.15841330116177,7.463993147080244,10.879999999999999,-1800.844642553074
3,-11.618495844508255,-227.15841330116177,6.984276557914091,10.879999999999999,-1801.0106210651384
3,-11.990823069880584,-227.17042031617,6.417119341910034,10.879999999999999,-1801.1819185375653
3,-11.990823069880584,-227.17042031617,5.74414046095653,10.879999999999999,-1801.3532160099921
3,-12.114941348541565,-227.17412627657905,5.328484550722052,10.879999999999999,-1801.5262866006856
3,-12.735532741846471,-227.19265607862422,4.965258969497897,10.879999999999999,-1801.708222782712
3,-13.852514417963455,-227.22867712364896,4.9469432116756975,10.879999999999999,-1801.9061158458258
3,-15.341765267336532,-227.27848336164368,5.4435317466538935,10.879999999999999,-1802.1252839210733
3,-18.071830064730698,-227.37631425384546,6.207743099218359,10.879999999999999,-1802.383452921998
3,-18.940370594114768,-227.41055355279912,7.243817794251332,10.879999999999999,-1802.654029644771
3,-23.90272314295327,-227.6239826879075,8.632999451351864,10.879999999999999,-1802.995497118242
3,-27.251775983967743,-227.78004450990449,10.061149062265512,10.879999999999999,-1803.3848082037273
3,-31.84069498747654,-228.00486576608714,11.682386458524599,10.879999999999999,-1803.839675274977
3,-35.3131856620813,-228.17914700891856,13.35616874951141,10.879999999999999,-1804.344149355864
3,-38.6618562862634,-228.3432057634302,15.076729338382009,10.879999999999999,-1804.8964615885247
3,-42.01090912727787,-228.4992675854272,16.676755245141255,10.879999999999999,-1805.4966174332
3,-45.73267353890675,-228.65933943675847,17.77873846225738,10.879999999999999,-1806.1499413408987
3,-46.60121406829082,-228.69357873571215,18.423741581422966,10.879999999999999,-1806.8156729704458
3,-49.95213998849286,-228.80164125457614,18.781306331777067,10.879999999999999,-1807.5292749702814
3,-51.566054976734854,-228.834404373353,18.705180743177475,10.879999999999999,-1808.2659328985205
3,-52.4352182922621,-228.84374458304237,18.319371516571582,10.879999999999999,-1809.0150074455528
3,-53.05607519441339,-228.84745107182022,17.929889601462083,10.879999999999999,-1809.7729513769016
3,-53.42859500031145,-228.8478958521644,17.456860167773037,10.879999999999999,-1810.5362170197632
3,-53.67693917732277,-228.84670977406464,16.86378645857669,10.879999999999999,-1811.303030436582
3,-53.92527485748172,-228.84433764491868,16.322481679725694,10.879999999999999,-1812.0733915059745
3,-54.049437741120165,-228.84270682705494,15.963345050814514,10.879999999999999,-1812.8455263308476
3,-54.79434069843088,-228.82847474203163,15.574136022406094,10.879999999999999,-1813.6283026265396
3,-55.66333219597849,-228.80875779587947,15.279983814854283,10.879999999999999,-1814.4234930864823
3,-56.65653897085233,-228.78978162841094,15.335441286272049,10.879999999999999,-1815.2328722146374
3,-57.773922081846464,-228.76976754010155,15.853921652225651,10.879999999999999,-1816.0582139586638
3,-59.63629807161149,-228.74085797172359,16.456884811390896,10.879999999999999,-1816.9101610739726
3,-61.374647832724136,-228.72425306770182,17.18417906090955,10.879999999999999,-1817.7869417572972
3,-62.864712894792106,-228.71713659910324,17.949432778797057,10.879999999999999,-1818.6850090843657
3,-63.36140596932204,-228.71595051649453,18.719642373406344,10.879999999999999,-1819.5901720267846
3,-65.84486190096364,-228.72188090699336,19.278385045685717,10.879999999999999,-1820.530812911084
3,-66.58986894144049,-228.72899729443125,19.58009826789745,10.879999999999999,-1821.4820967531045
3,-66.96235759235581,-228.7338897480225,19.518990520746765,10.879999999999999,-1822.4387018615669
3,-67.21067934731133,-228.73744787748976,19.434749043242174,10.879999999999999,-1823.3988544236713
3,-67.21067934731133,-228.73744787748976,19.319874077229453,10.879999999999999,-1824.3590069857757
3,-67.21067934731133,-228.73744787748976,19.31364952880448,10.879999999999999,-1825.3191595478802
3,-67.21067934731133,-228.73744787748976,19.370049152420552,10.879999999999999,-1826.2793121099846
3,-67.21067934731133,-228.73744787748976,19.480355199569413,10.879999999999999,-1827.239464672089
3,-67.21067934731133,-228.73744787748976,19.678132952186004,10.879999999999999,-1828.1996172341935
3,-67.21067934731133,-228.73744787748976,19.927234837166356,10.879999999999999,-1829.159769796298
3,-67.08651646367288,-228.73581705962602,20.222647979232974,10.879999999999999,-1830.1181486029218
3,-67.08651646367288,-228.73581705962602,20.582767288680415,10.879999999999999,-1831.0765274095456
3,-67.08651646367288,-228.73581705962602,20.987245944754257,10.879999999999999,-1832.0349062161695
3,-66.83818078351393,-228.73344493048006,21.410637799133777,10.879999999999999,-1832.9897373702197
3,-66.5898366065026,-228.73225885238028,21.677813846357278,10.879999999999999,-1833.9410207503126
3,-65.59645423384596,-228.7346310085798,21.810636735876976,10.879999999999999,-1834.8781129536533
3,-64.47899465324444,-228.74930828565863,21.70200986001759,10.879999999999999,-1835.7992414486996
3,-62.368863553347396,-228.8072701675582,21.21632901156164,10.879999999999999,-1836.6902252137475
3,-60.0116384902949,-228.90583409898449,20.59800849566194,10.879999999999999,-1837.5475343350374
3,-57.40777085507763,-229.0458720084153,19.514917725209102,10.879999999999999,-1838.3676453472528
3,-54.43380734130565,-229.23788374665727,18.267985391417252,10.879999999999999,-1839.1452711664144
3,-49.85240231853576,-229.58315103267424,16.831944459427593,10.879999999999999,-1839.8574483423936
3,-47.3776011298996,-229.79047392189375,15.200712787020192,10.879999999999999,-1840.5342712156778
3,-42.43003550380537,-230.22875372997058,13.606506696904749,10.879999999999999,-1841.140414580018
3,-37.360418788119354,-230.69615283246443,11.938565230092822,10.879999999999999,-1841.6741348484197
3,-33.77459233068291,-231.02675219764302,10.424877573065288,10.879999999999999,-1842.1566290245723
3,-30.311296392416935,-231.3335480632968,8.90735202298826,10.879999999999999,-1842.589647544464
3,-27.09405484718993,-231.60306781928224,7.800826855188245,10.879999999999999,-1842.9767054708525
3,-23.503866688553487,-231.88225774094795,6.878635857998881,10.879999999999999,-1843.3124749949748
3,-21.398155184980393,-232.03083971176588,6.173969658137462,10.879999999999999,-1843.6181629261887
3,-20.15900018787775,-232.11084483080754,5.863242017212201,10.879999999999999,-1843.9061486431583
3,-18.299105339944767,-232.21087133858506,5.963581994121014,10.879999999999999,-1844.167564433729
3,-17.058285956772288,-232.25830274022894,6.212816888714162,10.879999999999999,-1844.4112542331115
3,-16.313504069769465,-232.27787079702742,6.776125983504975,10.879999999999999,-1844.644304291251
3,-15.941043740735791,-232.28454214711647,7.3058759180097,10.879999999999999,-1844.8720334875472
3,-15.444373796508142,-232.28928639188175,7.807486360587363,10.879999999999999,-1845.0926673989259
3,-15.071853990610082,-232.28973117222594,8.302773317468306,10.879999999999999,-1845.3079795987917
3,-14.450998268567643,-232.2860246904933,8.806103727210012,10.879999999999999,-1845.5144224311998
3,-14.326831844622829,-232.28469037228714,9.191259862675055,10.879999999999999,-1845.7190914575515
3,-13.085184126660275,-232.26986467784752,9.271979994113186,10.879999999999999,-1845.9060226593608
3,-12.278055579295309,-232.26986467784752,9.181723940790553,10.879999999999999,-1846.0814234533507
3,-11.284737404925266,-232.25800412229583,8.913164578196097,10.879999999999999,-1846.2426339877068
3,-9.670573893642691,-232.24065798561597,8.532430707691548,10.879999999999999,-1846.3807850433302
3,-8.553050587715475,-232.23131768715754,8.022680356963058,10.879999999999999,-1846.5029714802977
3,-7.187165402982633,-232.2231634118463,7.453566441516548,10.879999999999999,-1846.605645271769
3,-6.069610233753004,-232.21916038874852,6.85966673238859,10.879999999999999,-1846.692353989394
3,-4.827875187168058,-232.21916038874852,6.222170729686216,10.879999999999999,-1846.761323634925
3,-4.082835575373149,-232.2209395126616,5.895548921793882,10.879999999999999,-1846.8196498574302
3,-3.710317185629939,-232.2222738536942,5.627694602723823,10.879999999999999,-1846.8726543886535
3,-3.710317185629939,-232.2222738536942,5.744946324902805,10.879999999999999,-1846.9256589198767
3,-3.710317185629939,-232.2222738536942,6.163680199326555,10.879999999999999,-1846.9786634511
3,-3.710317185629939,-232.2222738536942,6.40819557332435,10.879999999999999,-1847.0316679823231
3,-3.710317185629939,-232.2222738536942,6.489084468893929,10.879999999999999,-1847.0846725135464
3,-3.710317185629939,-232.2222738536942,6.399869672125751,10.879999999999999,-1847.1376770447696
3,-3.710317185629939,-232.2222738536942,6.1624083439577335,10.879999999999999,-1847.1906815759928
3,-3.710317185629939,-232.2222738536942,5.801817404491963,10.879999999999999,-1847.243686107216
3,-3.710317185629939,-232.2222738536942,5.488522412060178,10.879999999999999,-1847.2966906384393
3,-3.8344899822110095,-232.22182907335,5.258217892706291,10.879999999999999,-1847.3514690667566
3,-4.082836991527999,-232.22182907335,4.808553233774028,10.879999999999999,-1847.4097953094927
3,-4.455355381271209,-232.22316341438258,4.6367543368804,10.879999999999999,-1847.473443243511
3,-4.8278695225619845,-232.2253873076493,4.5001856028435405,10.879999999999999,-1847.542412808119
3,-5.448700462224305,-232.23205888599884,4.58140564690623,10.879999999999999,-1847.6202513861508
3,-6.938506376845726,-232.26052305604546,4.733608432570528,10.879999999999999,-1847.7193729058201
3,-8.552151377324408,-232.30484726933727,5.2004881761191,10.879999999999999,-1847.8415464969248
3,-11.157995962402131,-232.4013422237694,5.898057498187413,10.879999999999999,-1848.000946439245
3,-13.390818896228946,-232.5027174976242,6.784034270000867,10.879999999999999,-1848.1922438520483
3,-16.118859281562095,-232.64616707780985,7.8989801142159335,10.879999999999999,-1848.4225132703564
3,-19.217439650554052,-232.8350819710541,9.214651942427547,10.879999999999999,-1848.697048122507
3,-23.42990506388855,-233.11715934530594,10.58473193306831,10.879999999999999,-1849.0317610519912
3,-24.54469562592193,-233.19582053819732,11.983252947970797,10.879999999999999,-1849.382399560933
3,-29.8709172000814,-233.5716462375673,13.494352596831682,10.879999999999999,-1849.8091269495055
3,-32.96807059657962,-233.78275429937082,15.008035627912125,10.879999999999999,-1850.2800993865994
3,-36.56134306762405,-234.0190597625789,16.15411135274999,10.879999999999999,-1850.8024042875654
3,-38.91626414805794,-234.16263508144453,16.908710318074352,10.879999999999999,-1851.358350918252
3,-41.024165008903935,-234.2759995343253,17.251623246917116,10.879999999999999,-1851.9444104183792
3,-43.00889084684891,-234.36611063194087,17.458878184719307,10.879999999999999,-1852.5588231447628
3,-44.24982585300282,-234.41057909251816,17.414788274015404,10.879999999999999,-1853.1909635140914
3,-44.622180688985765,-234.42169697374527,17.226507970281368,10.879999999999999,-1853.8284232382198
3,-46.1118336711658,-234.45727596894667,16.878990015226275,10.879999999999999,-1854.4871637192364
3,-46.85677061410948,-234.46972925638218,16.57524012965695,10.879999999999999,-1855.1565461565808
3,-47.725910799578585,-234.48114498142846,16.212177926488426,10.879999999999999,-1855.838344882289
3,-48.595075767192284,-234.49048520887146,15.86651122427736,10.879999999999999,-1856.5325602503917
3,-49.46424073480598,-234.49982543631447,15.620739684776474,10.879999999999999,-1857.239192260889
3,-50.95421799636105,-234.51761626964202,15.588978674331594,10.879999999999999,-1857.967109660837
3,-52.1958657143236,-234.53244196408164,15.771819820703428,10.879999999999999,-1858.7127648853273
3,-52.692524801508625,-234.5383722418575,16.089415806691697,10.879999999999999,-1859.4655152396344
3,-55.424149781026244,-234.57098876962468,16.57939852819643,10.879999999999999,-1860.2572888079349
3,-56.91412704258131,-234.58877960295223,17.24203458166719,10.879999999999999,-1861.070347765686
3,-58.52829055386388,-234.6061257396321,17.973757901081942,10.879999999999999,-1861.9064662021697
3,-60.01830605090944,-234.62035852803456,18.513330661618635,10.879999999999999,-1862.7638705743254
3,-61.384136714302386,-234.63503602830212,18.745559709157586,10.879999999999999,-1863.6407868131012
3,-62.253301681916085,-234.64437625574513,18.963095060684132,10.879999999999999,-1864.5301196942714
3,-62.87413380164015,-234.65104784677584,18.79452846860663,10.879999999999999,-1865.4283216057233
3,-62.87413380164015,-234.65104784677584,18.577745759049947,10.879999999999999,-1866.3265235171752
3,-62.99830022558496,-234.652382164982,18.184496108345485,10.879999999999999,-1867.2264992346836
3,-62.99830022558496,-234.652382164982,17.893302793492722,10.879999999999999,-1868.126474952192
3,-63.1224694817991,-234.65341997592182,17.761365947457797,10.879999999999999,-1869.0282245162177
3,-63.1224694817991,-234.65341997592182,17.54072909176386,10.879999999999999,-1869.9299740802435
3,-63.1224694817991,-234.65341997592182,17.354568425245677,10.879999999999999,-1870.8317236442692
3,-63.1224694817991,-234.65341997592182,17.29247578249752,10.879999999999999,-1871.733473208295
3,-63.1224694817991,-234.65341997592182,17.185054362691584,10.879999999999999,-1872.6352227723207
3,-63.1224694817991,-234.65341997592182,17.19069033575939,10.879999999999999,-1873.5369723363465
3,-63.1224694817991,-234.65341997592182,17.15304096889436,10.879999999999999,-1874.4387219003722
3,-63.1224694817991,-234.65341997592182,17.214164676064726,10.879999999999999,-1875.340471464398
3,-63.1224694817991,-234.65341997592182,17.253953248932493,10.879999999999999,-1876.2422210284237
3,-63.1224694817991,-234.65341997592182,17.392114808156627,10.879999999999999,-1877.1439705924495
3,-63.1224694817991,-234.65341997592182,17.517097702955944,10.879999999999999,-1878.0457201564752
3,-63.1224694817991,-234.65341997592182,17.718564448676357,10.879999999999999,-1878.947469720501
3,-63.1224694817991,-234.65341997592182,17.924641358766472,10.879999999999999,-1879.8492192845267
3,-63.1224694817991,-234.65341997592182,18.181276007693466,10.879999999999999,-1880.7509688485525
3,-62.99829810136884,-234.65267867816624,18.481900981744133,10.879999999999999,-1881.6509445357149
3,-62.99829810136884,-234.65267867816624,18.801633325257022,10.879999999999999,-1882.5509202228773
3,-62.87412530478777,-234.65223389782204,19.134445366530663,10.879999999999999,-1883.4491220129457
3,-62.62577829547078,-234.65223389782204,19.477539095591673,10.879999999999999,-1884.3437759885953
3,-62.12908994144812,-234.65460605402157,19.714819030611753,10.879999999999999,-1885.2313344163304
3,-61.508259001785795,-234.6612776323711,19.893311687185538,10.879999999999999,-1886.1100238306417
3,-61.01163437315667,-234.66957982399478,19.836270799393134,10.879999999999999,-1886.981618607401
3,-59.39800470852951,-234.71390361603562,19.575352950218583,10.879999999999999,-1887.8301615318087
3,-57.288908599482546,-234.80209239678544,19.129013001060628,10.879999999999999,-1888.6485745118014
3,-55.181015751925706,-234.91545641870565,18.379039177130934,10.879999999999999,-1889.436874736829
3,-52.70271282378239,-235.07546620057397,17.454169764205705,10.879999999999999,-1890.1897706343116
3,-50.10198549684711,-235.26521958818603,16.315884264193905,10.879999999999999,-1890.9055132842666
3,-46.26492176791116,-235.57282758830235,14.995919561169549,10.879999999999999,-1891.566440738094
3,-43.17172970575119,-235.83567477164186,13.647916588289581,10.879999999999999,-1892.1831797338903
3,-42.36460115838622,-235.83567477164186,12.27600788196269,10.879999999999999,-1892.7883883218672
3,-37.29176617644388,-236.26674415231867,10.983214008533844,10.879999999999999,-1893.3211278386734
3,-34.07389020384825,-236.52858052143657,9.680410866165754,10.879999999999999,-1893.8078976987283
3,-31.597667299451466,-236.71816910603502,8.72695107363731,10.879999999999999,-1894.2592929458633
3,-29.61598720481594,-236.8603773085891,7.985214591176541,10.879999999999999,-1894.6823784773608
3,-27.385514569486958,-237.00438611227057,7.491897622136224,10.879999999999999,-1895.0736001140676
3,-26.14565545287978,-237.07255138532355,7.378811204651795,10.879999999999999,-1895.4471094776802
3,-25.401383263650416,-237.10634304692937,7.445760333219462,10.879999999999999,-1895.8099863814466
3,-25.153217500190173,-237.1158293993837,7.941071245684586,10.879999999999999,-1896.1693180600207
3,-24.40848800318697,-237.13717580235925,8.421435960378568,10.879999999999999,-1896.5180107457804
3,-24.16018630946851,-237.14191984422638,8.9601707075282,10.879999999999999,-1896.863156264487
3,-23.911864790514855,-237.14547797031204,9.481778183001936,10.879999999999999,-1897.204754332923
3,-23.539357729925648,-237.14859139721358,9.917993107488236,10.879999999999999,-1897.5410308719217
3,-22.918491386762216,-237.14933269778723,10.28188078170394,10.879999999999999,-1897.8684378917326
3,-22.545970872786732,-237.1488879165976,10.271289623134004,10.879999999999999,-1898.1905231899152
3,-21.80092913675753,-237.1488879165976,10.280428233135769,10.879999999999999,-1898.501965034726
3,-21.3042346460714,-237.1488879165976,10.005827615042532,10.879999999999999,-1898.8063112439556
3,-19.814151174013,-237.1488879165976,9.751970939006526,10.879999999999999,-1899.0893705464416
3,-18.820762192640732,-237.1488879165976,9.42944569810235,10.879999999999999,-1899.358238577765
3,-17.827373211268466,-237.1488879165976,9.0283764508205,10.879999999999999,-1899.6129153379259
3,-16.709811669342013,-237.15022226016646,8.603761340886633,10.879999999999999,-1899.8516269332022
3,-16.08894414604954,-237.15096356214914,8.204258734437564,10.879999999999999,-1900.0814689924314
3,-15.592249655363405,-237.15096356214914,7.822054973093887,10.879999999999999,-1900.3042154160794
3,-15.219729141387921,-237.15051878095952,7.444121494613226,10.879999999999999,-1900.5216401180992
3,-15.219729141387921,-237.15051878095952,7.566248209601216,10.879999999999999,-1900.739064820119
3,-15.219729141387921,-237.15051878095952,7.848012726193486,10.879999999999999,-1900.9564895221388
3,-15.219729141387921,-237.15051878095952,8.019775851218759,10.879999999999999,-1901.1739142241586
3,-15.219729141387921,-237.15051878095952,8.067218822079706,10.879999999999999,-1901.3913389261784
3,-15.219729141387921,-237.15051878095952,7.945782903172872,10.879999999999999,-1901.6087636281982
3,-15.219729141387921,-237.15051878095952,7.726928425738037,10.879999999999999,-1901.826188330218
3,-15.219729141387921,-237.15051878095952,7.4479222558929,10.879999999999999,-1902.0436130322378
3,-15.219729141387921,-237.15051878095952,7.117006175464767,10.879999999999999,-1902.2610377342576
3,-15.34390193796899,-237.1509635613037,6.732671477640944,10.879999999999999,-1902.4802363333715
3,-15.592242574613383,-237.1527426699991,6.278758687222672,10.879999999999999,-1902.702982655866
3,-15.716408998558197,-237.15407698820525,5.760408847588172,10.879999999999999,-1902.927502784417
3,-16.21305203646551,-237.16119324037658,5.550039365727797,10.879999999999999,-1903.1591178135093
3,-16.957957117620886,-237.175425365978,5.3556428455136675,10.879999999999999,-1903.401374343761
3,-17.702785732337553,-237.19321491429957,5.469300529154642,10.879999999999999,-1903.6542712827945
3,-19.68859890072814,-237.25488112843968,5.717727468112604,10.879999999999999,-1903.9355369813763
3,-20.805395805519375,-237.29623634473114,6.251623012572728,10.879999999999999,-1904.2327569214551
3,-23.534681925722936,-237.4136220343542,7.121713273300097,10.879999999999999,-1904.568966663251
3,-27.00673332523785,-237.5961942273178,8.147553879353463,10.879999999999999,-1904.9547771393259
3,-29.981588430868662,-237.7740009588722,9.410662006044147,10.879999999999999,-1905.3830855454812
3,-32.604756209804805,-237.7740009588722,10.77345305356472,10.879999999999999,-1905.84886777705
3,-36.074390201692204,-237.99801529218885,12.26259139761661,10.879999999999999,-1906.3642162085027
3,-40.286859618504295,-238.2800929345237,13.780389307528509,10.879999999999999,-1906.9397427744814
3,-43.38450830043915,-238.48380454073757,15.371357944982526,10.879999999999999,-1907.5595214644877
3,-45.24338408258616,-238.60159293413423,16.930956619392987,10.879999999999999,-1908.2058555228105
3,-49.58201579838011,-238.8557140648787,17.679064246025742,10.879999999999999,-1908.9141700342159
3,-51.44216188051573,-238.95129985625272,18.474703459799567,10.879999999999999,-1909.6490580610805
3,-53.05484057391454,-239.02258979461214,18.62117781120718,10.879999999999999,-1910.4069843549935
3,-54.1716353559269,-239.06394493229666,18.547591216109392,10.879999999999999,-1911.1808648600781
3,-54.91636839185569,-239.0852914367095,18.213345408900423,10.879999999999999,-1911.9653844085333
3,-55.28881172808095,-239.0928521851698,17.66405121435128,10.879999999999999,-1912.7552245760774
3,-55.5371332470346,-239.09641031125545,17.160574601052307,10.879999999999999,-1913.548612193892
3,-55.66129967097942,-239.0977446294616,16.657907965056967,10.879999999999999,-1914.3437736177632
3,-55.90964030762381,-239.099523738157,16.19538178867277,10.879999999999999,-1915.1424827650148
3,-56.157986608863375,-239.10011677889773,15.667161982469732,10.879999999999999,-1915.94473971657
3,-56.40633291010294,-239.099523738157,15.316990127733536,10.879999999999999,-1916.7505444724286
3,-56.77883997069215,-239.09641031125545,15.082292448124232,10.879999999999999,-1917.5616707577242
3,-57.648004938305846,-239.08707008381245,14.984296609003932,10.879999999999999,-1918.3852136854143
3,-58.64136748488342,-239.07995364903087,15.214534150872128,10.879999999999999,-1919.222947506627
3,-60.1314339630917,-239.07283717366886,15.713752727163591,10.879999999999999,-1920.081967991814
3,-60.628122789161125,-239.07046501521486,16.3460236643731,10.879999999999999,-1920.9480840316592
3,-62.73906033103932,-239.0629037493635,17.136237939535413,10.879999999999999,-1921.8443563221026
3,-64.47748939625825,-239.0629037493635,17.747995153873077,10.879999999999999,-1922.7654633134778
3,-65.47086610430357,-239.06764806176255,18.25488677422718,10.879999999999999,-1923.700761400682
3,-66.46420882493936,-239.07713657834643,18.53288613210143,10.879999999999999,-1924.6502500981812
3,-67.08502324313157,-239.0852906676652,18.636884907806216,10.879999999999999,-1925.6086075730832
3,-67.20918187844678,-239.08721797588709,18.575601586990917,10.879999999999999,-1926.5687387427754
3,-67.20918187844678,-239.08721797588709,18.355305310030477,10.879999999999999,-1927.5288699124676
3,-67.20918187844678,-239.08721797588709,18.38164738587807,10.879999999999999,-1928.4890010821598
3,-67.20918187844678,-239.08721797588709,18.42958213371769,10.879999999999999,-1929.449132251852
3,-67.20918187844678,-239.08721797588709,18.505057064491343,10.879999999999999,-1930.4092634215442
3,-67.20918187844678,-239.08721797588709,18.673619302575702,10.879999999999999,-1931.3693945912364
3,-67.20918187844678,-239.08721797588709,18.85330965967049,10.879999999999999,-1932.3295257609286
3,-67.20918187844678,-239.08721797588709,19.143949002542875,10.879999999999999,-1933.2896569306208
3,-67.20918187844678,-239.08721797588709,19.438349433100026,10.879999999999999,-1934.249788100313
3,-67.08502324313157,-239.0852906676652,19.78886865310325,10.879999999999999,-1935.208145575215
3,-66.96086035949313,-239.08365984980145,20.142178560536703,10.879999999999999,-1936.1647292946363
3,-66.83669393554831,-239.0823255315953,20.553767573460558,10.879999999999999,-1937.1195392080012
3,-66.46418050232285,-239.08010164255572,20.85614223481548,10.879999999999999,-1938.0690275008915
3,-65.71914372283037,-239.08188075970537,21.17633767634839,10.879999999999999,-1939.0078724112177
3,-64.84998040730312,-239.09122096939473,21.193463979910387,10.879999999999999,-1939.9343007027505
3,-63.3601744926817,-239.11968513944134,20.98331187493083,10.879999999999999,-1940.839446052646
3,-61.622464075514536,-239.16949364973797,20.5479606578843,10.879999999999999,-1941.7197669680106
3,-58.76899737595097,-239.28880720214806,19.888221257445416,10.879999999999999,-1942.5593240733813
3,-57.77697986197316,-239.34097083457888,18.923215691226567,10.879999999999999,-1943.384709499981
3,-52.81964750345928,-239.64915188449316,17.61519561796978,10.879999999999999,-1944.1392758928876
3,-48.23824248068939,-239.99441917051013,16.276904586971835,10.879999999999999,-1944.8283936426117
3,-44.6494218257501,-240.29075281657305,14.68916835875337,10.879999999999999,-1945.4662425258366
3,-40.81386366867174,-240.61668332391406,13.033303661349816,10.879999999999999,-1946.0492977211034
3,-36.979094753800005,-240.95177203079533,11.364757812501985,10.879999999999999,-1946.5775705033004
3,-32.153724308788085,-241.3618128574084,9.762714472904241,10.879999999999999,-1947.0369094219975
3,-28.93523225819183,-241.61596434658327,8.170517815940919,10.879999999999999,-1947.4502698828287
3,-27.926321573985625,-241.61596434658327,6.916729344522136,10.879999999999999,-1947.8492173338857
3,-23.59177602909348,-241.93221999260345,5.968523199616167,10.879999999999999,-1948.18624270573
3,-21.11310984983654,-242.08631051756058,5.689983016877885,10.879999999999999,-1948.4878585607275
3,-19.872939323489618,-242.14855358195103,5.774488144880196,10.879999999999999,-1948.7717576939203
3,-19.12851423713637,-242.17879029576565,5.919967869721183,10.879999999999999,-1949.0450221830222
3,-18.507926382639965,-242.19731999214804,6.575606131621899,10.879999999999999,-1949.3094211313455
3,-18.135483046414706,-242.20488074060833,7.118340902169008,10.879999999999999,-1949.56849946058
3,-18.011324411099494,-242.20680804883023,7.752185502884209,10.879999999999999,-1949.8258040950243
3,-17.6388258473021,-242.21081099583995,8.344504298590145,10.879999999999999,-1950.0777873214142
3,-17.266308165632278,-242.21214533433624,8.913918020121818,10.879999999999999,-1950.3244488666376
3,-17.017961864392714,-242.2115522935955,9.426406490777609,10.879999999999999,-1950.5675626075574
3,-16.769617451358,-242.2103662143685,9.700423066676128,10.879999999999999,-1950.8071285711483
3,-16.024584212253856,-242.2068079766875,9.984076298768011,10.879999999999999,-1951.0360512027519
3,-15.403727310102564,-242.20310148790963,9.825768907382129,10.879999999999999,-1951.256104450039
3,-14.410363819444907,-242.19598504636468,9.550569463521052,10.879999999999999,-1951.4619667903166
3,-13.665331288410922,-242.19242681206538,9.057964469182929,10.879999999999999,-1951.6571858087225
3,-11.678558990291169,-242.18768248163053,8.540360018914846,10.879999999999999,-1951.8240223657267
3,-10.560997448364716,-242.18634813806167,7.981616128458677,10.879999999999999,-1951.9748937578463
3,-9.443435906438264,-242.18768248163053,7.442399848675228,10.879999999999999,-1952.109799985081
3,-8.450049757378387,-242.19005464684795,6.885668266161948,10.879999999999999,-1952.230514981615
3,-7.705017226344403,-242.19361288114726,6.2816497438611565,10.879999999999999,-1952.340586656277
3,-7.580845845914144,-242.19435417890284,6.08570448211192,10.879999999999999,-1952.4488844540758
3,-7.580845845914144,-242.19435417890284,6.413233136173148,10.879999999999999,-1952.5571822518746
3,-7.580845845914144,-242.19435417890284,6.6458146473348805,10.879999999999999,-1952.6654800496733
3,-7.580845845914144,-242.19435417890284,6.69243853722794,10.879999999999999,-1952.773777847472
3,-7.580845845914144,-242.19435417890284,6.568414928363973,10.879999999999999,-1952.8820756452708
3,-7.580845845914144,-242.19435417890284,6.29629050354773,10.879999999999999,-1952.9903734430695
3,-7.580845845914144,-242.19435417890284,5.898299799575356,10.879999999999999,-1953.0986712408683
3,-7.580845845914144,-242.19435417890284,5.493739411702045,10.879999999999999,-1953.206969038667
3,-7.705018642495214,-242.19390939855865,5.231228828198727,10.879999999999999,-1953.31704073356
3,-8.201712661129193,-242.19390939855865,4.888979012318703,10.879999999999999,-1953.4342080572903
3,-8.201712661129193,-242.19390939855865,4.695297047152001,10.879999999999999,-1953.5513753810208
3,-9.195072375469747,-242.2010258130501,4.70068786620637,10.879999999999999,-1953.6827335578132
3,-10.560814767964098,-242.22222616319394,4.773404144838724,10.879999999999999,-1953.8336023402128
3,-11.926370239921209,-242.2532098768256,5.19030177310001,10.879999999999999,-1954.003979057926
3,-13.787995751144562,-242.31324460952783,5.708460392414271,10.879999999999999,-1954.2009504257994
3,-16.765398791366625,-242.44130172548026,6.499003163335973,10.879999999999999,-1954.440456122819
3,-19.369603306356478,-242.57512183340387,7.505966379449177,10.879999999999999,-1954.7171647414812
3,-22.220704148163932,-242.74211571932167,8.737594705841655,10.879999999999999,-1955.0346033721692
3,-23.33602961745214,-242.81278875535966,10.077914957174139,10.879999999999999,-1955.367975223847
3,-29.65421053684969,-243.24344838285077,11.567619112076256,10.879999999999999,-1955.791606802945
3,-32.87498333707699,-243.46684629805395,13.064551650747505,10.879999999999999,-1956.261249422046
3,-35.49815111601313,-243.46684629805395,14.592562788004312,10.879999999999999,-1956.7683658665603
3,-39.33982043029005,-243.71027518170297,16.023596012018704,10.879999999999999,-1957.3303633012788
3,-41.94300440783166,-243.86274814996625,17.119203310024435,10.879999999999999,-1957.9295490785335
3,-44.05090526867765,-243.97611260284702,17.826770523080015,10.879999999999999,-1958.5588477252288
3,-45.911486643800345,-244.06281345026852,18.08292109819547,10.879999999999999,-1959.2147261058544
3,-46.65591385263577,-244.09305025029315,18.07383985583687,10.879999999999999,-1959.8812391608922
3,-47.89704118509111,-244.13159145098444,17.745035794836276,10.879999999999999,-1960.5654826063935
3,-48.51778007879988,-244.14419269841827,17.29972600536801,10.879999999999999,-1961.2585937503763
3,-48.76609262910755,-244.14834379817526,16.77363241044611,10.879999999999999,-1961.9552522165066
3,-49.13858057200602,-244.15323624246707,16.364268402482743,10.879999999999999,-1962.6572319389638
3,-49.26274982822016,-244.1542740534069,15.768561367920228,10.879999999999999,-1963.3609855079385
3,-49.51109070088457,-244.15605316379313,15.209107663655116,10.879999999999999,-1964.0682868036654
3,-50.00776206120247,-244.16079742208507,14.787158547774277,10.879999999999999,-1964.7826834045397
3,-50.25609160479498,-244.163762560973,14.509297135485651,10.879999999999999,-1965.5006275703224
3,-51.62188332481786,-244.1817015574743,14.60834357909791,10.879999999999999,-1966.2380830463912
3,-52.8634920995954,-244.1994922048106,14.81474693075969,10.879999999999999,-1966.993275790671
3,-54.72587162932359,-244.22840182813923,15.290101418114249,10.879999999999999,-1967.7750739568044
3,-56.33986945631512,-244.25731106680834,15.99428940599303,10.879999999999999,-1968.5799292347517
3,-57.82960739967059,-244.28933283203054,16.88598341756414,10.879999999999999,-1969.4060664833185
3,-59.81581892658532,-244.33677167264003,17.953246464517434,10.879999999999999,-1970.2605781822697
3,-61.05726721271488,-244.36345647699187,18.600083323793594,10.879999999999999,-1971.132824856737
3,-62.174599345186884,-244.3861387654867,18.808424473293034,10.879999999999999,-1972.0210334188112
3,-62.79533941878244,-244.3987400368727,18.967264770231317,10.879999999999999,-1972.9181096962222
3,-63.043651733097,-244.40289113268454,18.6145667696239,10.879999999999999,-1973.8187332924094
3,-63.043651733097,-244.40289113268454,18.437851790999602,10.879999999999999,-1974.7193568885966
3,-63.043651733097,-244.40289113268454,18.227103017378955,10.879999999999999,-1975.6199804847838
3,-63.043651733097,-244.40289113268454,18.242504577625414,10.879999999999999,-1976.520604080971
3,-63.043651733097,-244.40289113268454,18.14153042307416,10.879999999999999,-1977.4212276771582
3,-63.043651733097,-244.40289113268454,18.112533149827698,10.879999999999999,-1978.3218512733454
3,-63.043651733097,-244.40289113268454,18.202976881602794,10.879999999999999,-1979.2224748695326
3,-63.043651733097,-244.40289113268454,18.261512931640933,10.879999999999999,-1980.1230984657197
3,-63.043651733097,-244.40289113268454,18.450806081695706,10.879999999999999,-1981.023722061907
3,-63.043651733097,-244.40289113268454,18.591774382817274,10.879999999999999,-1981.9243456580941
3,-63.043651733097,-244.40289113268454,18.85589161775899,10.879999999999999,-1982.8249692542813
3,-63.043651733097,-244.40289113268454,19.119300938424946,10.879999999999999,-1983.7255928504685
3,-62.91948884945855,-244.4012603148208,19.44193986131229,10.879999999999999,-1984.624442691175
3,-62.91948884945855,-244.4012603148208,19.755200057764995,10.879999999999999,-1985.5232925318817
3,-62.54698957762411,-244.3972573602024,20.09742474511089,10.879999999999999,-1986.416820954419
3,-62.29864894097972,-244.395478251507,20.41618499318339,10.879999999999999,-1987.306801653576
3,-61.67778259781628,-244.39473695093335,20.556681067614164,10.879999999999999,-1988.187912833545
3,-60.3119285680371,-244.40615280617422,20.4151668357855,10.879999999999999,-1989.0495118130884
3,-58.9463081933708,-244.43387544513928,20.259141958623612,10.879999999999999,-1989.8916019301366
3,-57.084682682147445,-244.4939101778415,19.70326851207941,10.879999999999999,-1990.7070973970244
3,-54.2318183537653,-244.62685021376603,18.933159170618953,10.879999999999999,-1991.4818376592211
3,-53.24006128117162,-244.68375101821997,17.891727468637562,10.879999999999999,-1992.2424099632378
3,-48.65632653067306,-244.99618738643272,16.612390836396216,10.879999999999999,-1992.9375003422474
3,-44.20081865664158,-245.35872901769756,15.192725432988693,10.879999999999999,-1993.5689406087708
3,-40.98490099968033,-245.6436108929475,13.629070278537398,10.879999999999999,-1994.1544391944806
3,-37.52310978245396,-245.9669435815612,12.0563656763626,10.879999999999999,-1994.6904836199442
3,-34.698159866676576,-245.9669435815612,10.52254372632264,10.879999999999999,-1995.1861716180397
3,-30.741827046989293,-246.33646665426255,8.966753649949482,10.879999999999999,-1995.625340575854
3,-28.020665952637458,-246.5775205487048,7.801705472357785,10.879999999999999,-1996.0256358037486
3,-27.154572175232666,-246.65111776003985,6.984076395690037,10.879999999999999,-1996.4135582633949
3,-23.811995906967418,-246.91105221619193,6.6573534233681775,10.879999999999999,-1996.7537296334945
3,-22.325021216127286,-247.0070576290989,6.641779905067613,10.879999999999999,-1997.0726585080106
3,-21.704974879227795,-247.03891943843223,6.921897038243027,10.879999999999999,-1997.382729577714
3,-21.208691488325627,-247.059077247642,7.295396946810816,10.879999999999999,-1997.68571088469
3,-20.71223819622798,-247.07449380117703,7.797522335395672,10.879999999999999,-1997.981600001779
3,-20.463961991322424,-247.08042365061755,8.238630266083394,10.879999999999999,-1998.2739423159408
3,-20.091501662288753,-247.0870950007066,8.633186596349987,10.879999999999999,-1998.5609637682592
3,-19.96733877865031,-247.08872581857034,9.000613912835162,10.879999999999999,-1998.846211465097
3,-19.5948317180611,-247.09183924547187,9.365052761480639,10.879999999999999,-1999.1261376324978
3,-19.222311912163043,-247.09228402581607,9.733652716088375,10.879999999999999,-1999.4007420883859
3,-19.098139115581972,-247.09183924547187,9.931691217702578,10.879999999999999,-1999.67357264718
3,-18.725632054992765,-247.08872581857034,10.145181892276385,10.879999999999999,-1999.9410816765371
3,-18.47731053603911,-247.08516769248467,10.191189356563862,10.879999999999999,-2000.2050432556234
3,-18.104849499041066,-247.07849632971488,10.299142003090866,10.879999999999999,-2000.4636839627526
3,-17.732405454883732,-247.07093556688326,10.362916594007942,10.879999999999999,-2000.7170040406795
3,-16.987535775291285,-247.05492466905562,10.05649033934241,10.879999999999999,-2000.9596831231836
3,-16.987535775291285,-247.05492466905562,9.751266611590388,10.879999999999999,-2001.2023622056877
3,-16.242630694135908,-247.0406925434542,9.318258851923337,10.879999999999999,-2001.4343997870326
3,-15.497666137274939,-247.03001816519722,8.798565600647514,10.879999999999999,-2001.6557950175652
3,-14.752646351519523,-247.0246808543286,8.324446536325938,10.879999999999999,-2001.8665471083011
3,-14.504299342202534,-247.0246808543286,7.879652364046527,10.879999999999999,-2002.0737513846184
3,-14.380126545621465,-247.0251256346728,7.734790179415474,10.879999999999999,-2002.2791817638415
3,-14.380126545621465,-247.0251256346728,7.5735598273586895,10.879999999999999,-2002.4846121430646
3,-14.380126545621465,-247.0251256346728,7.4216916339734285,10.879999999999999,-2002.6900425222877
3,-14.380126545621465,-247.0251256346728,7.331537875561968,10.879999999999999,-2002.8954729015109
3,-14.380126545621465,-247.0251256346728,7.12763930817901,10.879999999999999,-2003.100903280734
3,-14.380126545621465,-247.0251256346728,6.8114942592835686,10.879999999999999,-2003.306333659957
3,-14.380126545621465,-247.0251256346728,6.430117038323169,10.879999999999999,-2003.5117640391802
3,-14.62847284686103,-247.02453259393207,6.095951524797387,10.879999999999999,-2003.7207422227068
3,-14.62847284686103,-247.02453259393207,5.711152452177578,10.879999999999999,-2003.9297204062334
3,-14.876819148100594,-247.0251256346728,5.373606114774426,10.879999999999999,-2004.1422463940635
3,-15.62182406444207,-247.03224200182075,5.135238941185521,10.879999999999999,-2004.3654153092698
3,-16.49089816552064,-247.04780848536186,5.0270500326025855,10.879999999999999,-2004.6009995687773
3,-18.104537031648217,-247.09213253015298,5.154014307732894,10.879999999999999,-2004.8596358120865
3,-19.84169242294527,-247.15853680800348,5.609493242446517,10.879999999999999,-2005.1430885609857
3,-22.198428831434015,-247.26835788140403,6.313141863102278,10.879999999999999,-2005.4602089728633
3,-24.80230636542024,-247.40839632319793,7.312782416551806,10.879999999999999,-2005.8145276352263
3,-28.768191097871675,-247.65494233470085,8.611434365168716,10.879999999999999,-2006.2255017937673
3,-29.883166320611036,-247.73094123695012,10.092784148299831,10.879999999999999,-2006.652404169776
3,-35.82820660451764,-248.15756584461232,11.802849458839088,10.879999999999999,-2007.1642356926977
3,-40.53388136491381,-248.50654856718768,13.528713640581929,10.879999999999999,-2007.743291140768
3,-43.75411151869655,-248.73763689633805,15.321127399334618,10.879999999999999,-2008.3683498767493
3,-47.09903718691464,-248.96563360308585,16.838009277994136,10.879999999999999,-2009.0411932651339
3,-50.073009179960984,-249.15764588878582,17.886331671320832,10.879999999999999,-2009.7565219677047
3,-53.29621047599687,-249.34257297600263,18.71753040650232,10.879999999999999,-2010.517896403076
3,-55.032652349416814,-249.425566962912,19.002614709008697,10.879999999999999,-2011.304077150925
3,-55.65297827172533,-249.45150498750994,19.159012383112437,10.879999999999999,-2012.0991196976638
3,-57.51459316734671,-249.51153937787433,18.92742658850463,10.879999999999999,-2012.9207567429116
3,-58.259496124657424,-249.52577146289764,18.609804699236506,10.879999999999999,-2013.7530352589781
3,-58.63199468845482,-249.52977440990736,18.13777320189943,10.879999999999999,-2014.5906351830988
3,-58.88033886546614,-249.53096048800714,17.66455131656834,10.879999999999999,-2015.4317828811768
3,-59.2528586713642,-249.53051570766294,17.283814408547332,10.879999999999999,-2016.2782522907678
3,-59.37703005179446,-249.52977440990736,16.80997329388963,10.879999999999999,-2017.126495577222
3,-59.74953782043687,-249.5266609770879,16.475514922409314,10.879999999999999,-2017.9800604032282
3,-59.997867128020125,-249.523695841018,16.1629129081074,10.879999999999999,-2018.8371727907713
3,-60.246179442334686,-249.51954474520616,15.864831163867809,10.879999999999999,-2019.6978324970903
3,-60.742758756786515,-249.50887082346543,15.718598208092306,10.879999999999999,-2020.565586193616
3,-61.487627728464254,-249.49285994085432,15.732997266785768,10.879999999999999,-2021.4439808754512
3,-62.4808769857225,-249.47625555760695,15.93224958321293,10.879999999999999,-2022.3365648323902
3,-63.84666870574538,-249.45831656110565,16.47023483587544,10.879999999999999,-2023.248660099615
3,-64.9641665212487,-249.44630769725038,17.138979558831082,10.879999999999999,-2024.1767196213473
3,-65.3366742898911,-249.4431942644309,17.797192415865094,10.879999999999999,-2025.1101006826314
3,-67.32343903520437,-249.43844995203185,18.401246807311175,10.879999999999999,-2026.07186409742
3,-67.94429475724681,-249.4421564337645,18.731874011465106,10.879999999999999,-2027.0424968796665
3,-68.44095337241332,-249.4480867059043,18.926650306918326,10.879999999999999,-2028.0202247849866
3,-68.44095337241332,-249.4480867059043,18.822585245310403,10.879999999999999,-2028.9979526903066
3,-68.44095337241332,-249.4480867059043,18.82609753412664,10.879999999999999,-2029.9756805956267
3,-68.44095337241332,-249.4480867059043,18.90429579872854,10.879999999999999,-2030.9534085009468
3,-68.44095337241332,-249.4480867059043,19.16854048869611,10.879999999999999,-2031.931136406267
3,-68.44095337241332,-249.4480867059043,19.357586653251484,10.879999999999999,-2032.908864311587
3,-68.44095337241332,-249.4480867059043,19.688135084209488,10.879999999999999,-2033.886592216907
3,-68.31679048877487,-249.44645588804056,19.91898236591815,10.879999999999999,-2034.8625463667468
3,-68.19262406483006,-249.4451215698344,20.343372573278838,10.879999999999999,-2035.83672671053
3,-68.19262406483006,-249.4451215698344,20.812099163833096,10.879999999999999,-2036.8109070543132
3,-68.06845480861593,-249.44408375889458,21.320066158212885,10.879999999999999,-2037.783313551579
3,-67.69594066732515,-249.44185986562786,21.75202756158583,10.879999999999999,-2038.7503984182551
3,-66.95090176360645,-249.44185986562786,22.084814306887907,10.879999999999999,-2039.706839872021
3,-66.57838762231567,-249.44408375889458,22.156201710836992,10.879999999999999,-2040.657959695197
3,-64.09529987797413,-249.4855941252428,21.893147368807483,10.879999999999999,-2041.5736068363108
3,-61.98529315139166,-249.54859533244516,21.303705984913073,10.879999999999999,-2042.459111024188
3,-58.38744383455063,-249.69903415939703,20.400361057905663,10.879999999999999,-2043.2932173646816
3,-55.03960129085406,-249.87908358456056,19.055218967285317,10.879999999999999,-2044.0794973831223
3,-51.321584354180835,-250.1102204703446,17.484932860190327,10.879999999999999,-2044.8126628738962
3,-47.23402672959777,-250.39864429604998,15.63762008946364,10.879999999999999,-2045.487434684319
3,-41.53871404948518,-250.8346980406264,13.700144049200372,10.879999999999999,-2046.080844885026
3,-40.05354052367181,-250.9555455956039,11.846524298141524,10.879999999999999,-2046.6530383210784
3,-33.12409060982912,-251.53605023712285,10.052550444170066,10.879999999999999,-2047.1262396155046
3,-29.2877650821354,-251.85282068636252,8.33606880110104,10.879999999999999,-2047.544636259535
3,-24.955588121426693,-252.20012070147138,7.065037845266929,10.879999999999999,-2047.9011446612697
3,-22.108192100595765,-252.42154761195098,5.972086791023969,10.879999999999999,-2048.2169759769927
3,-19.755153090511456,-252.59322924836195,5.521079018073206,10.879999999999999,-2048.4991924497144
3,-17.400254390911048,-252.73680320270827,5.260568549525352,10.879999999999999,-2048.747767512442
3,-16.159938767039666,-252.79608462192925,5.4175653664573336,10.879999999999999,-2048.9786237805424
3,-15.787743213654554,-252.81164743668802,5.695446110150612,10.879999999999999,-2049.204162969309
3,-14.546711454391405,-252.85315228000363,6.06542004411642,10.879999999999999,-2049.4119731329433
3,-13.925974920452177,-252.8657534795332,6.538493089847918,10.879999999999999,-2049.610915631807
3,-13.553476356654786,-252.86975642654292,7.036338151902279,10.879999999999999,-2049.8045367226164
3,-13.180958674984963,-252.8710907650392,7.493286289952008,10.879999999999999,-2049.992836132259
3,-12.80844099331514,-252.86975642654292,7.934992313920359,10.879999999999999,-2050.175813860735
3,-12.435942429517748,-252.8657534795332,8.356435279145925,10.879999999999999,-2050.353470181157
3,-12.187630115203186,-252.86160238372136,8.781318394374715,10.879999999999999,-2050.5275791828026
3,-11.442803624113168,-252.84381288612065,9.197628948163773,10.879999999999999,-2050.691047806004
3,-10.69806775703665,-252.82246630055778,9.360799354163836,10.879999999999999,-2050.8438773453904
3,-9.829180335989236,-252.79859937111192,9.33423245198867,10.879999999999999,-2050.9842942073333
3,-8.960292914941821,-252.77473244166606,8.982556040718222,10.879999999999999,-2051.1122983918326
3,-7.594898396153026,-252.73722726682257,8.527912125926152,10.879999999999999,-2051.220796940349
3,-6.105241166719692,-252.70164817017942,7.7969348878782725,10.879999999999999,-2051.308014671302
3,-4.987860179618673,-252.6816341199123,7.0650551135194135,10.879999999999999,-2051.379269816725
3,-4.242872256868903,-252.6727387117026,6.3180139184001565,10.879999999999999,-2051.4398822775374
3,-2.8769896683755363,-252.6645844518908,6.022498571496278,10.879999999999999,-2051.4809821299427
3,-2.380295649741557,-252.6645844518908,5.678252263702661,10.879999999999999,-2051.5149863535103
3,-2.380295649741557,-252.6645844518908,5.5217637868912455,10.879999999999999,-2051.548990577078
3,-2.380295649741557,-252.6645844518908,5.860554382579452,10.879999999999999,-2051.5829948006453
3,-2.380295649741557,-252.6645844518908,5.98315781825849,10.879999999999999,-2051.616999024213
3,-2.380295649741557,-252.6645844518908,5.912866037784173,10.879999999999999,-2051.6510032477804
3,-2.380295649741557,-252.6645844518908,5.646818192430262,10.879999999999999,-2051.685007471348
3,-2.380295649741557,-252.6645844518908,5.389565061033917,10.879999999999999,-2051.7190116949155
3,-2.5044691544000517,-252.66443619149425,5.154319367493541,10.879999999999999,-2051.7547898256926
3,-2.6286426590585465,-252.6645844518908,4.747813147036065,10.879999999999999,-2051.792341863679
3,-2.6286426590585465,-252.6645844518908,4.204818237360778,10.879999999999999,-2051.829893901666
3,-2.8769868360698747,-252.66577052999057,3.7339584500802427,10.879999999999999,-2051.8709937136096
3,-3.2494946047122806,-252.66888396281004,3.5610146114961525,10.879999999999999,-2051.9174150651056
3,-4.2427778485079175,-252.68311642657352,3.5198730342668836,10.879999999999999,-2051.978026177227
3,-5.980805449089302,-252.7204751526661,3.8263337260749886,10.879999999999999,-2052.063466255071
3,-6.601438141581104,-252.7375229270091,4.522400023776544,10.879999999999999,-2052.1577725142365
3,-10.200307053369643,-252.86218479982915,5.46070762194142,10.879999999999999,-2052.3034911864274
3,-13.798190563981496,-253.0126250565437,6.696318479036212,10.879999999999999,-2052.5006081944844
3,-17.02263393248349,-253.17445702395884,8.00333109913277,10.879999999999999,-2052.743788679234
3,-20.49378368656136,-253.3736098395476,9.61189141349304,10.879999999999999,-2053.0365570176136
3,-26.54724779179861,-253.3736098395476,11.18585502569174,10.879999999999999,-2053.4158034146394
3,-31.381042355378614,-253.66831763318183,12.948926251461609,10.879999999999999,-2053.8641040197163
3,-34.85170664528123,-253.87575881999527,14.74326149674998,10.879999999999999,-2054.3619855432203
3,-36.21546603524919,-253.95236923934377,16.508384543340895,10.879999999999999,-2054.879349343724
3,-42.167571119116026,-254.26535103392868,17.834890147980428,10.879999999999999,-2055.481743216854
3,-44.648478416547235,-254.3779899059481,18.5202685820809,10.879999999999999,-2056.1195786228045
3,-46.633974426393486,-254.4491394428718,18.913570960590683,10.879999999999999,-2056.7857782574674
3,-48.620059458401016,-254.50132092766768,18.959762221521427,10.879999999999999,-2057.4803505354444
3,-49.48913355947958,-254.51688741120878,18.747739115321746,10.879999999999999,-2058.1873381577225
3,-50.234121482229355,-254.52578281941848,18.3920164697877,10.879999999999999,-2058.9049684646116
3,-50.60663491545482,-254.52800670845807,17.85892108404415,10.879999999999999,-2059.6279203919753
3,-50.854981924771806,-254.52800670845807,17.23081487038154,10.879999999999999,-2060.3544201337577
3,-51.10332610178313,-254.5268206303583,16.666260876214476,10.879999999999999,-2061.0844676494976
3,-51.35166178194208,-254.52444850121233,16.21299541493805,10.879999999999999,-2061.818062817811
3,-51.72415043285741,-254.51955604762108,15.737405669441642,10.879999999999999,-2062.556979252566
3,-52.59329061832651,-254.5081403225748,15.389042120924895,10.879999999999999,-2063.3083119756852
3,-53.46245558594021,-254.4988000951318,15.35466167413889,10.879999999999999,-2064.0720613411986
3,-54.57997889186743,-254.48945979667337,15.72320760865375,10.879999999999999,-2064.851775325368
3,-55.82169977692407,-254.48352940617454,16.25712378881203,10.879999999999999,-2065.6492281793244
3,-57.93264534367974,-254.486049828125,16.951590839986714,10.879999999999999,-2066.47683739852
3,-59.422689163546096,-254.49672448029736,17.697305305128424,10.879999999999999,-2067.325732957999
3,-60.788519826939044,-254.51140198056493,18.45693151423255,10.879999999999999,-2068.1941403840983
3,-61.90598577968504,-254.52607934133871,19.157777522267196,10.879999999999999,-2069.0785116095226
3,-63.02341349752196,-254.54342511533588,19.339686436319607,10.879999999999999,-2069.9788460880586
3,-63.395874534520004,-254.55009647810567,19.366002387093566,10.879999999999999,-2070.884501438552
3,-63.395874534520004,-254.55009647810567,19.093195264190136,10.879999999999999,-2071.7901567890453
3,-63.395874534520004,-254.55009647810567,18.936450599499484,10.879999999999999,-2072.6958121395387
3,-63.395874534520004,-254.55009647810567,18.875805413114037,10.879999999999999,-2073.601467490032
3,-63.395874534520004,-254.55009647810567,18.917036165852682,10.879999999999999,-2074.5071228405254
3,-63.395874534520004,-254.55009647810567,19.003895050234746,10.879999999999999,-2075.412778191019
3,-63.395874534520004,-254.55009647810567,19.078033516669848,10.879999999999999,-2076.318433541512
3,-63.395874534520004,-254.55009647810567,19.284773761127457,10.879999999999999,-2077.2240888920055
3,-63.395874534520004,-254.55009647810567,19.493075151424527,10.879999999999999,-2078.129744242499
3,-63.395874534520004,-254.55009647810567,19.754195993487894,10.879999999999999,-2079.0353995929922
3,-63.395874534520004,-254.55009647810567,20.047676777504634,10.879999999999999,-2079.9410549434856
3,-63.271720855520655,-254.54787269051573,20.394070564120625,10.879999999999999,-2080.844936669993
3,-63.147562220205444,-254.54594538229384,20.787158242111197,10.879999999999999,-2081.74704470171
3,-62.89923291262219,-254.54298024622395,21.145163750524592,10.879999999999999,-2082.64560517189
3,-62.27837719057975,-254.5392737644913,21.334347266013634,10.879999999999999,-2083.535296274613
3,-61.0366657464343,-254.54520410990085,21.242040325697918,10.879999999999999,-2084.407248642419
3,-59.54679610841795,-254.57011061375923,20.92655871195347,10.879999999999999,-2085.2579171582533
3,-57.56085078307608,-254.62703435502738,20.239631199623208,10.879999999999999,-2086.080215026583
3,-55.94785000874764,-254.69062150364772,19.389195107398045,10.879999999999999,-2086.879470026708
3,-51.607550400410595,-254.91365289717515,18.149408599452425,10.879999999999999,-2087.616720746714
3,-48.38575659382428,-255.12166561360394,16.817477137830352,10.879999999999999,-2088.307945840911
3,-44.79427599948508,-255.38370600602065,15.359682369146816,10.879999999999999,-2088.947864069475
3,-39.96700227598501,-255.7706967158444,13.811503238661022,10.879999999999999,-2089.5188212448465
3,-36.502983598330125,-256.06922152226736,12.186800263296304,10.879999999999999,-2090.0402924391083
3,-32.66821468345839,-256.4043102291486,10.739549086970268,10.879999999999999,-2090.5069812203005
3,-29.32756725632563,-256.6881851871553,9.172413857908902,10.879999999999999,-2090.9259464668194
3,-27.22377583791295,-256.8618980141577,7.709704208655781,10.879999999999999,-2091.314857550218
3,-22.766587318199154,-257.2031564934491,6.7450855827841565,10.879999999999999,-2091.6400945119067
3,-20.53682153342642,-257.3578165885898,5.931079214314315,10.879999999999999,-2091.93347767667
3,-18.801746962978918,-257.46568046862234,5.859105321848988,10.879999999999999,-2092.2020740618555
3,-17.31354940321949,-257.5403717909606,5.91120189700641,10.879999999999999,-2092.4494104819014
3,-16.693164490016247,-257.5648283865838,6.306948505194231,10.879999999999999,-2092.68788426033
3,-16.07262029391241,-257.58484004022654,6.803598631224518,10.879999999999999,-2092.9174931216717
3,-15.70021731457151,-257.5941794510165,7.308577981536814,10.879999999999999,-2093.1417819404514
3,-15.5760692998524,-257.5966997052937,7.807574310054458,10.879999999999999,-2093.364297216164
3,-15.07942767795458,-257.60381593717545,8.291059448620732,10.879999999999999,-2093.579717611563
3,-14.831087041310187,-257.60559504587087,8.787616236798987,10.879999999999999,-2093.7915902835816
3,-14.334394438831058,-257.60559504587087,9.285562837331849,10.879999999999999,-2093.9963673469933
3,-13.961880297540283,-257.60337115260415,9.626288319082061,10.879999999999999,-2094.1958227798154
3,-13.465198552211454,-257.5998129318317,9.91188853153684,10.879999999999999,-2094.3881827591326
3,-12.471835061553797,-257.59269649028676,9.79927880718807,10.879999999999999,-2094.5663518314404
3,-11.602650268054852,-257.585431813708,9.534539851587642,10.879999999999999,-2094.732103978127
3,-11.105978435706334,-257.58068755090716,9.113012534229288,10.879999999999999,-2094.8907608129225
3,-8.835929396242365,-257.58068755090716,8.62584287280304,10.879999999999999,-2095.0169883757258
3,-7.718406090315148,-257.57134725244873,8.037637341295959,10.879999999999999,-2095.1272513198733
3,-6.600863666442822,-257.56467557264864,7.436288525093584,10.879999999999999,-2095.221549372251
3,-5.607486014303967,-257.55993125574065,6.829383085217546,10.879999999999999,-2095.3016563153124
3,-4.614100809345707,-257.5575590927777,6.422262797351065,10.879999999999999,-2095.36757204116
3,-4.489927304687212,-257.55741083238115,6.300990541683634,10.879999999999999,-2095.4317138597985
3,-4.489927304687212,-257.55741083238115,6.159900197050327,10.879999999999999,-2095.495855678437
3,-4.489927304687212,-257.55741083238115,6.4000007028856984,10.879999999999999,-2095.559997497075
3,-4.489927304687212,-257.55741083238115,6.533294431690092,10.879999999999999,-2095.6241393157134
3,-4.489927304687212,-257.55741083238115,6.511573319517246,10.879999999999999,-2095.6882811343517
3,-4.489927304687212,-257.55741083238115,6.436983225418361,10.879999999999999,-2095.75242295299
3,-4.489927304687212,-257.55741083238115,6.28662060257049,10.879999999999999,-2095.8165647716282
3,-4.489927304687212,-257.55741083238115,6.015650605781695,10.879999999999999,-2095.8807065902665
3,-4.489927304687212,-257.55741083238115,5.737312492080131,10.879999999999999,-2095.944848408905
3,-4.489927304687212,-257.55741083238115,5.389042690334111,10.879999999999999,-2096.008990227543
3,-4.738271481698541,-257.5585969104809,5.013768278172383,10.879999999999999,-2096.076679820139
3,-4.862440737912676,-257.5596347214207,4.593171458166245,10.879999999999999,-2096.146143259252
3,-5.234940009747117,-257.56363767603915,4.44874246214775,10.879999999999999,-2096.2209281165337
3,-6.352365603606132,-257.5809834170659,4.45802696418934,10.879999999999999,-2096.3116761965853
3,-7.593813889735692,-257.6076682214177,4.682819130867726,10.879999999999999,-2096.420159252153
3,-9.207458890214376,-257.65199243470954,5.327104393432141,10.879999999999999,-2096.5516943791563
3,-11.317140666090415,-257.7250700842937,6.113831068636326,10.879999999999999,-2096.713367817243
3,-13.674374690284385,-257.823634390417,7.184824582909801,10.879999999999999,-2096.908716027104
3,-17.395332170949143,-258.001479155144,8.42301373232107,10.879999999999999,-2097.1572207724034
3,-20.619389091377013,-258.17101096054415,9.752262362982997,10.879999999999999,-2097.451783473709
3,-23.966798503116543,-258.35905471712687,11.200960654588533,10.879999999999999,-2097.7941663094675
3,-28.305438465685903,-258.613176330899,12.611374870026806,10.879999999999999,-2098.19852971612
3,-31.280296398584024,-258.7909832314388,14.11168366525657,10.879999999999999,-2098.645391093243
3,-34.255567616365056,-258.96168564480064,15.679230904149577,10.879999999999999,-2099.1347563449053
3,-36.475171121618715,-258.96168564480064,16.760027485320002,10.879999999999999,-2099.6558302180715
3,-39.451223663552135,-259.1181765420931,17.32723706831218,10.879999999999999,-2100.2194191275507
3,-41.0637275219918,-259.1933172765251,17.816573527002316,10.879999999999999,-2100.8060438064363
3,-42.42857433103894,-259.2471217868961,17.70018418779642,10.879999999999999,-2101.4121662968796
3,-43.29733620558431,-259.2751381019959,17.576930135844947,10.879999999999999,-2102.030699671245
3,-44.166276490713074,-259.2969300605057,17.08753186528355,10.879999999999999,-2102.6616464782555
3,-44.414578184431534,-259.30167410237283,16.56458662162023,10.879999999999999,-2103.296140452319
3,-44.66289970338519,-259.30523222845846,15.970136924965772,10.879999999999999,-2103.934181876653
3,-44.911235383544145,-259.3076043576044,15.529546522469229,10.879999999999999,-2104.5757709535605
3,-45.28375306521397,-259.3089386961007,15.055840833443506,10.879999999999999,-2105.2226817116352
3,-45.53209936645354,-259.30834565536,14.604124220832572,10.879999999999999,-2105.873140274013
3,-46.028769310681184,-259.3036014105947,14.241902370559485,10.879999999999999,-2106.5306941213084
3,-47.02205633050322,-259.28936889272563,13.938140230918401,10.879999999999999,-2107.2024377831726
3,-48.38780131897057,-259.26816850228465,13.762821397464938,10.879999999999999,-2107.8936920877295
3,-49.62936407050889,-259.2474130034997,14.283633210282378,10.879999999999999,-2108.6026830030223
3,-51.864257741091805,-259.2153898687287,14.974378315735065,10.879999999999999,-2109.343600970752
3,-53.23008840448475,-259.20071236846115,15.841598225514234,10.879999999999999,-2110.104030805102
3,-55.837682437063,-259.18514514518404,16.985210096033953,10.879999999999999,-2110.9017119827745
3,-58.44532107834942,-259.1882586075934,18.331794498962427,10.879999999999999,-2111.7366451410367
3,-60.183731969592415,-259.19656116218243,19.679616258054537,10.879999999999999,-2112.5964127406023
3,-61.549617154325254,-259.2047154374937,20.19212057287323,10.879999999999999,-2113.475692985664
3,-62.4188019478242,-259.21198011407245,20.589058786765786,10.879999999999999,-2114.367390156347
3,-62.542968371769014,-259.2133144322786,20.267234535671186,10.879999999999999,-2115.2608611330866
3,-62.542968371769014,-259.2133144322786,19.978650917688398,10.879999999999999,-2116.154332109826
3,-62.542968371769014,-259.2133144322786,20.03543879687052,10.879999999999999,-2117.0478030865656
3,-62.542968371769014,-259.2133144322786,19.927887857470232,10.879999999999999,-2117.941274063305
3,-62.542968371769014,-259.2133144322786,20.079613415645166,10.879999999999999,-2118.8347450400447
3,-62.542968371769014,-259.2133144322786,20.124557162109426,10.879999999999999,-2119.7282160167842
3,-62.4188019478242,-259.21198011407245,20.39120019550152,10.879999999999999,-2120.6199131874673
3,-62.4188019478242,-259.21198011407245,20.59272217651588,10.879999999999999,-2121.5116103581504
3,-62.29463269161006,-259.21094230313264,20.76624852717911,10.879999999999999,-2122.4015336823163
3,-62.1704613111798,-259.2102010053771,21.02703608282996,10.879999999999999,-2123.289683129619
3,-61.79794292143659,-259.2088666643445,21.11791554871569,10.879999999999999,-2124.1725108856394
3,-60.80457376612023,-259.21361094067214,21.156030169705005,10.879999999999999,-2125.041147653727
3,-59.811327340775996,-259.2302152765777,21.00354139085196,10.879999999999999,-2125.8955951871667
3,-58.57002419577129,-259.26282870457516,20.587354115026457,10.879999999999999,-2126.7323098185348
3,-56.21235528546288,-259.3501336633471,19.90260415992793,10.879999999999999,-2127.53534346547
3,-53.97978716249439,-259.4568402179449,19.10410530788942,10.879999999999999,-2128.306483282077
3,-51.3762514576624,-259.60309619506455,18.01437855707883,10.879999999999999,-2129.040429731472
3,-47.53458214338549,-259.84652507871357,16.764309007234246,10.879999999999999,-2129.7194951906636
3,-46.667379192365985,-259.9056353360186,15.473697048781903,10.879999999999999,-2130.386172036269
3,-41.21775893211829,-260.29670789304225,14.01644713128289,10.879999999999999,-2130.9749971638703
3,-37.9980867276367,-260.53548554533063,12.624785703209383,10.879999999999999,-2131.517826974265
3,-34.567790401335586,-260.53548554533063,11.330687955831023,10.879999999999999,-2132.011652551427
3,-31.842980271211733,-260.73102182384247,10.100684255923357,10.879999999999999,-2132.466552269587
3,-29.117267356701166,-260.91354247777014,8.927386654209519,10.879999999999999,-2132.882513231825
3,-26.886450834279117,-261.0522250046468,7.991517875033993,10.879999999999999,-2133.2666053866005
3,-24.407058152794924,-261.1944770157816,7.3525309743753295,10.879999999999999,-2133.615277645926
3,-23.78708613294274,-261.2278195652997,7.198062940163926,10.879999999999999,-2133.955093162111
3,-21.926320709791668,-261.3100764047189,7.335494588173901,10.879999999999999,-2134.268326315108
3,-21.30577651368783,-261.33008805836164,7.69963540520557,10.879999999999999,-2134.572694551018
3,-20.80922551962782,-261.3419477234288,8.318306461025198,10.879999999999999,-2134.8699692012983
3,-20.436750321674815,-261.3477296371044,8.916668040972015,10.879999999999999,-2135.161922777322
3,-20.064243261085608,-261.35084306400597,9.520072924125442,10.879999999999999,-2135.448554823909
3,-19.56755065860648,-261.35084306400597,10.144230056637472,10.879999999999999,-2135.728091261889
3,-19.319210021962085,-261.34906395531056,10.453495151449157,10.879999999999999,-2136.0040799764884
3,-19.19504359801727,-261.3477296371044,10.67493864216483,10.879999999999999,-2136.2782948850313
3,-17.95343600324899,-261.3299390066761,10.568951255417133,10.879999999999999,-2136.5347725422207
3,-16.463560701402997,-261.30503240813414,10.370882183769172,10.879999999999999,-2136.7699662665264
3,-15.346177590408862,-261.28501831982476,9.838625144544151,10.879999999999999,-2136.989197374961
3,-13.856366012200045,-261.25655404156987,9.307097288331796,10.879999999999999,-2137.1871454608495
3,-12.242368185208518,-261.2276448029007,8.591547156425326,10.879999999999999,-2137.362036434924
3,-10.504117552532922,-261.2027379203011,7.832657761139225,10.879999999999999,-2137.512095257103
3,-9.262439151738178,-261.1908772745713,7.047829981515244,10.879999999999999,-2137.6444158164136
3,-9.014098279073762,-261.18909816418505,6.431988945078013,10.879999999999999,-2137.773188648972
3,-7.275689039994464,-261.1807956174867,6.078264469885662,10.879999999999999,-2137.877127063829
3,-6.778995965464525,-261.17960953487795,5.707221136720498,10.879999999999999,-2137.9739698633357
3,-6.778995965464525,-261.17960953487795,6.034971039337109,10.879999999999999,-2138.0708126628424
3,-6.778995965464525,-261.17960953487795,6.393251085835951,10.879999999999999,-2138.167655462349
3,-6.778995965464525,-261.17960953487795,6.578006585690886,10.879999999999999,-2138.264498261856
3,-6.778995965464525,-261.17960953487795,6.595569207887424,10.879999999999999,-2138.3613410613625
3,-6.778995965464525,-261.17960953487795,6.359667597503478,10.879999999999999,-2138.458183860869
3,-6.778995965464525,-261.17960953487795,6.014827542445495,10.879999999999999,-2138.555026660376
3,-6.778995965464525,-261.17960953487795,5.89226565041097,10.879999999999999,-2138.6518694598826
3,-6.9031687620455955,-261.18005431522215,5.66887800842427,10.879999999999999,-2138.7504861564835
3,-7.027340142475854,-261.1807956129777,5.306202226752381,10.879999999999999,-2138.8508767299472
3,-7.151509398689989,-261.1818334239175,4.816076051997342,10.879999999999999,-2138.9530411499286
3,-7.52399734158846,-261.1867258682093,4.6698736281105155,10.879999999999999,-2139.060526826237
3,-8.268902422743839,-261.2009579938107,4.520327715014501,10.879999999999999,-2139.1786540037047
3,-9.013731037460506,-261.21874754213223,4.695564938422724,10.879999999999999,-2139.307421589954
3,-10.875501678562685,-261.27433684260484,5.05209945419467,10.879999999999999,-2139.4627858996478
3,-12.736826315249953,-261.343262072079,5.63752480793128,10.879999999999999,-2139.6447405612944
3,-14.96988496222728,-261.4393051828778,6.591280145641341,10.879999999999999,-2139.8585960607547
3,-17.57440160820561,-261.56690619384574,7.724156814549941,10.879999999999999,-2140.109658940872
3,-21.418228131289137,-261.7736300008577,9.029232447288406,10.879999999999999,-2140.415633628462
3,-24.64143861721859,-261.95855761533295,10.414378225218572,10.879999999999999,-2140.7676541801366
3,-29.887774175090875,-261.95855761533295,11.831515578144057,10.879999999999999,-2141.194622382638
3,-30.896684859297082,-261.95855761533295,13.427589429759946,10.879999999999999,-2141.6360035949137
3,-37.09516656300756,-262.31418764317004,15.080400625627291,10.879999999999999,-2142.165934545814
3,-39.94703785432759,-262.4675633709531,16.48466951599379,10.879999999999999,-2142.7366065151614
3,-42.42738597889444,-262.592049854665,17.59052975613216,10.879999999999999,-2143.342712029146
3,-44.78461104194694,-262.69061378609126,18.118634797583894,10.879999999999999,-2143.982492186888
3,-46.77042421033753,-262.7522800002314,18.52550627081173,10.879999999999999,-2144.6506411041787
3,-47.88769686921153,-262.7776303113846,18.421035598165577,10.879999999999999,-2145.334751059453
3,-48.50848886579987,-262.7872668341773,18.197557869148486,10.879999999999999,-2146.0277294718217
3,-48.63265528974468,-262.7886011523834,17.67263404146448,10.879999999999999,-2146.7224816902467
3,-49.25351101178712,-262.79230763411607,17.20380841002356,10.879999999999999,-2147.426103276129
3,-49.50185754905208,-262.7929006754204,16.76183228809311,10.879999999999999,-2148.133272669687
3,-49.62603105371058,-262.79304893581696,16.37673298483362,10.879999999999999,-2148.842215970454
3,-49.75020455836907,-262.7931971962135,15.843201204510908,10.879999999999999,-2149.552933178431
3,-49.75020455836907,-262.7931971962135,15.407468433503618,10.879999999999999,-2150.263650386408
3,-49.99855156768606,-262.7931971962135,15.050899053080478,10.879999999999999,-2150.9779154088033
3,-50.37106995742927,-262.7918628551809,14.721242485067021,10.879999999999999,-2151.6975021224807
3,-50.743588347172484,-262.7905285141483,14.50187944972193,10.879999999999999,-2152.42241052744
3,-52.10949689841593,-262.7888976497864,14.644033174137322,10.879999999999999,-2153.1668319117034
3,-53.22705844034238,-262.7902319933553,15.137568154201938,10.879999999999999,-2153.9272184608512
3,-54.96546767942168,-262.79853454005365,15.771497113628667,10.879999999999999,-2154.7124394277002
3,-56.33132949777717,-262.80995046039175,16.583894310301353,10.879999999999999,-2155.5171727062398
3,-57.57297603569346,-262.8247761407412,17.595993608628714,10.879999999999999,-2156.339643792464
3,-58.69044198843945,-262.839453501515,18.58797933603348,10.879999999999999,-2157.178078678013
3,-60.05623370846233,-262.8573924980163,18.884696432440492,10.879999999999999,-2158.0360248738484
3,-60.18039659210078,-262.85902331588005,19.131394113031774,10.879999999999999,-2158.895744825164
3,-60.18039659210078,-262.85902331588005,18.74225306660357,10.879999999999999,-2159.7554647764796
3,-60.18039659210078,-262.85902331588005,18.723527384959546,10.879999999999999,-2160.615184727795
3,-60.18039659210078,-262.85902331588005,19.055731716224646,10.879999999999999,-2161.4749046791108
3,-60.18039659210078,-262.85902331588005,19.25323319535802,10.879999999999999,-2162.3346246304263
3,-60.18039659210078,-262.85902331588005,19.36938319713714,10.879999999999999,-2163.194344581742
3,-60.05623016815596,-262.8576889976739,19.7683324881666,10.879999999999999,-2164.0522907270015
3,-60.05623016815596,-262.8576889976739,20.040850241116985,10.879999999999999,-2164.910236872261
3,-60.05623016815596,-262.8576889976739,20.460464896208492,10.879999999999999,-2165.7681830175206
3,-59.8078942519817,-262.8553168662735,20.851649879275474,10.879999999999999,-2166.6225815068346
3,-59.311212978692915,-262.8517586488827,21.19869790701587,10.879999999999999,-2167.469884549387
3,-58.56617973958877,-262.84820041120173,21.268144610431573,10.879999999999999,-2168.3065442599527
3,-57.44862032189459,-262.84686607016914,21.146884955967046,10.879999999999999,-2169.12723883598
3,-55.834395444584246,-262.85650292267405,20.752389221710168,10.879999999999999,-2169.924873056617
3,-52.97876311614637,-262.90083075900515,19.969010443446326,10.879999999999999,-2170.681712529705
3,-51.240829681807476,-262.94233970508884,19.007832070705284,10.879999999999999,-2171.413724382302
3,-47.2692033450263,-263.06567213336905,17.784056877873287,10.879999999999999,-2172.0889987158025
3,-43.919124813728786,-263.1977377497344,16.38201055850508,10.879999999999999,-2172.71641478457
3,-39.08218371628067,-263.43471015495203,14.92806518159886,10.879999999999999,-2173.2747316948025
3,-35.363094694054375,-263.6480881716543,13.36163788670505,10.879999999999999,-2173.7799187618602
3,-31.645067156684295,-263.87922571644873,11.757739137442869,10.879999999999999,-2174.231991149813
3,-27.928185909624432,-264.12811751725917,10.253724593970006,10.879999999999999,-2174.630965234236
3,-23.344398882807045,-264.4405574487284,8.795134426864283,10.879999999999999,-2174.964456646848
3,-21.48580967364612,-264.5627844124567,7.415122765528406,10.879999999999999,-2175.2713967850427
3,-17.76778213627604,-264.79392195725114,6.346336923900521,10.879999999999999,-2175.5252222441322
3,-14.792510918495008,-264.96462437061297,5.544089712341819,10.879999999999999,-2175.736543828682
3,-13.056480269033848,-265.0559107273669,5.192814087576032,10.879999999999999,-2175.9230649753827
3,-11.816026620318242,-265.11223016337664,5.348300211515649,10.879999999999999,-2176.091865355673
3,-11.195585074755819,-265.135205239868,5.675909409251007,10.879999999999999,-2176.2518022853124
3,-10.69909638413663,-265.1494362428099,6.424634503061599,10.879999999999999,-2176.4046465193715
3,-10.450806726910717,-265.15477320368024,7.12728636023092,10.879999999999999,-2176.5539437583275
3,-10.202494412596154,-265.15892429949207,7.768072743196719,10.879999999999999,-2176.6996936785076
3,-9.954165105012898,-265.161889435562,8.364275855511993,10.879999999999999,-2176.8418960371505
3,-9.45748383172411,-265.16544765295276,8.938053396348398,10.879999999999999,-2176.9770029490323
3,-8.712444928005416,-265.167226775175,9.442576417966901,10.879999999999999,-2177.101466448004
3,-8.091577404712943,-265.16648547319227,9.61843075347438,10.879999999999999,-2177.2170604109283
3,-6.849842358127997,-265.16648547319227,9.568992344888512,10.879999999999999,-2177.314915301759
3,-5.608107311543051,-265.16648547319227,9.289475152151264,10.879999999999999,-2177.3950311204953
3,-4.24219876029961,-265.16485460883035,8.85586767224577,10.879999999999999,-2177.455633959928
3,-3.745504269613477,-265.16485460883035,8.264353086439922,10.879999999999999,-2177.5091411637795
3,-0.889513662468099,-265.1614446197099,7.555913992632599,10.879999999999999,-2177.521848501815
3,0.4763948887753422,-265.159813755348,6.877826818789281,10.879999999999999,-2177.5150428605466
3,1.7181311154906744,-265.159813755348,6.231623865883088,10.879999999999999,-2177.4904981303252
3,2.9598673422060067,-265.159813755348,5.677623204125563,10.879999999999999,-2177.448214311151
3,3.580734865498481,-265.1590724533653,5.605737951659836,10.879999999999999,-2177.3970609559296
3,3.7049076620795507,-265.1586276730211,5.64997629813867,10.879999999999999,-2177.3441337036143
3,3.7049076620795507,-265.1586276730211,5.9062154516197,10.879999999999999,-2177.291206451299
3,3.7049076620795507,-265.1586276730211,6.084268051746504,10.879999999999999,-2177.2382791989835
3,3.7049076620795507,-265.1586276730211,6.124540138839829,10.879999999999999,-2177.185351946668
3,3.7049076620795507,-265.1586276730211,6.101546080448099,10.879999999999999,-2177.1324246943527
3,3.7049076620795507,-265.1586276730211,5.979381296897106,10.879999999999999,-2177.0794974420373
3,3.7049076620795507,-265.1586276730211,5.819913829895279,10.879999999999999,-2177.026570189722
3,3.7049076620795507,-265.1586276730211,5.669309918150481,10.879999999999999,-2176.9736429374066
3,3.7049076620795507,-265.1586276730211,5.406472774047548,10.879999999999999,-2176.920715685091
3,3.5807362816492927,-265.15936897077665,5.096885054832166,10.879999999999999,-2176.869562309639
3,3.332400601490343,-265.1617410999226,4.746206249952485,10.879999999999999,-2176.8219565867607
3,3.332400601490343,-265.1617410999226,4.391992253775454,10.879999999999999,-2176.7743508638823
3,2.9599119505750124,-265.16663355351386,4.09129222428939,10.879999999999999,-2176.7320664074455
3,2.463268440663994,-265.17374981244836,3.9570236056646957,10.879999999999999,-2176.6968768582933
3,1.4699814208419606,-265.1879823303174,4.027481382782975,10.879999999999999,-2176.67587712371
3,-0.14408083825581297,-265.2130373372022,4.254019163960069,10.879999999999999,-2176.6779354213995
3,-1.882268690409471,-265.24209503550117,4.809653579415831,10.879999999999999,-2176.7048249741197
3,-3.372078852720228,-265.270559286704,5.658716928121486,10.879999999999999,-2176.7529975291586
3,-7.5930070370774345,-265.36128770772734,6.673158060234045,10.879999999999999,-2176.86146905826
3,-10.5723214959441,-265.43244590101364,7.982415521136275,10.879999999999999,-2177.0125022224875
3,-13.923744405698416,-265.52450405744764,9.448179089770418,10.879999999999999,-2177.2114128568546
3,-17.39892735868969,-265.63242023987925,11.030876180857252,10.879999999999999,-2177.4599689619786
3,-22.114888381704432,-265.7901399935292,12.711919305017684,10.879999999999999,-2177.7758959388602
3,-25.46583341005539,-265.89820312860337,14.419632139612126,10.879999999999999,-2178.1396935590037
3,-28.568790376579926,-265.99085213882927,16.05879225823089,10.879999999999999,-2178.547819135812
3,-30.554609206860654,-266.0525185287902,17.360124166930152,10.879999999999999,-2178.9843135530527
3,-34.65050461728545,-266.17481498982994,17.98483741701385,10.879999999999999,-2179.479320761871
3,-36.26425392846926,-266.21528584684563,18.347191941746384,10.879999999999999,-2179.997381532278
3,-37.25741255737291,-266.2366336903271,18.17777844213011,10.879999999999999,-2180.5296302830975
3,-38.25066181463116,-266.25323807357444,17.77820317959419,10.879999999999999,-2181.0760683090207
3,-38.3748246982696,-266.2548688914382,17.034142407634185,10.879999999999999,-2181.6242800904247
3,-38.49899112221441,-266.25620320964435,16.256871672014483,10.879999999999999,-2182.1742656778847
3,-38.62316037842855,-266.25724102058416,15.579162487516491,10.879999999999999,-2182.7260251118623
3,-38.747331758858806,-266.2579823183397,15.036375171614356,10.879999999999999,-2183.2795584227033
3,-38.99567806009837,-266.25857535908045,14.532288344130073,10.879999999999999,-2183.8366395378475
3,-39.616545583390845,-266.25783405709774,14.047246261055315,10.879999999999999,-2184.4025901890386
3,-40.6099336206588,-266.25783405709774,13.660961480971242,10.879999999999999,-2184.9827320979052
3,-41.975842171902244,-266.25946492145965,13.759635018110464,10.879999999999999,-2185.582386986075
3,-43.46591997933963,-266.2630231659041,14.205659885933787,10.879999999999999,-2186.203328700066
3,-45.080147924932994,-266.27266003672645,14.987268370971659,10.879999999999999,-2186.8473308132793
3,-47.68770230542984,-266.2944540664628,15.911649724063247,10.879999999999999,-2187.528583703357
3,-48.30853442515391,-266.3011256574935,17.010842385301164,10.879999999999999,-2188.2187056237162
3,-51.28839265259779,-266.34382317052143,18.32420016037236,10.879999999999999,-2188.9513969473246
3,-53.30621402101021,-266.34382317052143,19.051153909717346,10.879999999999999,-2189.712914290482
3,-54.54777677254854,-266.3645786693064,19.420262804873747,10.879999999999999,-2190.4921682443755
3,-55.044401873163864,-266.3728808688204,19.34065143776486,10.879999999999999,-2191.2785168425635
3,-55.168560508479075,-266.3748081770423,18.92927213972426,10.879999999999999,-2192.0666391355417
3,-55.168560508479075,-266.3748081770423,18.75705102971684,10.879999999999999,-2192.85476142852
3,-55.168560508479075,-266.3748081770423,18.59752122255136,10.879999999999999,-2193.642883721498
3,-55.168560508479075,-266.3748081770423,18.707319744912226,10.879999999999999,-2194.431006014476
3,-55.168560508479075,-266.3748081770423,18.56787755955362,10.879999999999999,-2195.2191283074544
3,-55.168560508479075,-266.3748081770423,18.658248644642274,10.879999999999999,-2196.0072506004326
3,-55.04439762484063,-266.37317735917856,18.695452513793565,10.879999999999999,-2196.7935991379304
3,-55.04439762484063,-266.37317735917856,18.913913845402064,10.879999999999999,-2197.5799476754282
3,-55.04439762484063,-266.37317735917856,19.123135141188385,10.879999999999999,-2198.366296212926
3,-55.04439762484063,-266.37317735917856,19.39022372998135,10.879999999999999,-2199.152644750424
3,-54.92023120089581,-266.3718430409724,19.635951602627593,10.879999999999999,-2199.937219481865
3,-54.92023120089581,-266.3718430409724,19.992359517217466,10.879999999999999,-2200.7217942133066
3,-54.547723432253406,-266.36872960815293,20.423908668045566,10.879999999999999,-2201.501047405196
3,-54.17520929096263,-266.3665057148862,20.538363410614608,10.879999999999999,-2202.2749789664954
3,-53.43017038724393,-266.364726592664,20.62494979676452,10.879999999999999,-2203.0382671148845
3,-51.567581978894815,-266.3713982851455,20.365561682825412,10.879999999999999,-2203.77494685744
3,-49.95342153577278,-266.3887443888543,19.803975358525932,10.879999999999999,-2204.488567165094
3,-47.71871266384065,-266.43144064392425,19.032720345005423,10.879999999999999,-2205.1702630602917
3,-45.112055355375084,-266.5030412961649,17.97613193207162,10.879999999999999,-2205.8147209939398
3,-41.141063335682574,-266.64534037001226,16.647312086328125,10.879999999999999,-2206.402450470164
3,-37.91553417893755,-266.7840693078326,15.186846789136444,10.879999999999999,-2206.9441009584343
3,-34.44305670516617,-266.9583498881259,13.66662853119485,10.879999999999999,-2207.436144625651
3,-30.723967682939882,-267.1717279048281,12.109618270900977,10.879999999999999,-2207.8750584496934
3,-26.510203140587127,-267.4336837889285,10.591170983898241,10.879999999999999,-2208.253775637416
3,-26.510203140587127,-267.4336837889285,9.189848522645892,10.879999999999999,-2208.6324928251383
3,-23.659926941295048,-267.6142926588034,7.872566456824022,10.879999999999999,-2208.9704917814424
3,-20.0278484781527,-267.6142926588034,6.835272835647481,10.879999999999999,-2209.2566039025587
3,-16.39577001501035,-267.6142926588034,6.350543694085955,10.879999999999999,-2209.4908291884876
3,-15.280121859520476,-267.6796380924234,6.362363848701557,10.879999999999999,-2209.7091166436235
3,-14.41205368785719,-267.7242447950646,6.669671290344357,10.879999999999999,-2209.9150031248787
3,-14.039897066303618,-267.7406963193014,7.262272525049314,10.879999999999999,-2210.1155730829687
3,-13.791731302843376,-267.75018267175574,7.942071419402445,10.879999999999999,-2210.3125978158664
3,-13.543523063842054,-267.7584837035323,8.544762781758894,10.879999999999999,-2210.5060767167784
3,-13.047032957649401,-267.7727147470492,9.103351092028294,10.879999999999999,-2210.6924629018877
3,-12.922898395250646,-267.77582788989656,9.624342421688043,10.879999999999999,-2210.8770757361053
3,-12.053906897703039,-267.7955448360487,9.706180144049885,10.879999999999999,-2211.0492744060725
3,-11.448560487179313,-267.7955448360487,9.817686814253271,10.879999999999999,-2211.212825270175
3,-10.579486386100744,-267.81111131958977,9.61836369713608,10.879999999999999,-2211.3639607899763
3,-9.462058668263825,-267.8284570935869,9.49524541629153,10.879999999999999,-2211.499133056666
3,-8.468772592449199,-267.84268959792956,9.13928621933845,10.879999999999999,-2211.6201155222725
3,-6.978795330894135,-267.86048043125714,8.763722337165781,10.879999999999999,-2211.7198125984282
3,-5.985477156524093,-267.87234098680887,8.333849916220908,10.879999999999999,-2211.80531941495
3,-5.24048852574656,-267.88123640347266,7.938579084530037,10.879999999999999,-2211.8801835367467
3,-3.9793501704888,-267.88123640347266,7.5856005070185715,10.879999999999999,-2211.937031396325
3,-3.110185202875106,-267.89057663091563,7.2687990337869675,10.879999999999999,-2211.981462613509
3,-2.489338921804429,-267.8957656856148,6.985129311183079,10.879999999999999,-2212.017024598106
3,-2.365167541374171,-267.89650698337033,6.764405057990632,10.879999999999999,-2212.05081270584
3,-2.240994744793101,-267.8969517637145,6.9357730255548455,10.879999999999999,-2212.08282691648
3,-2.240994744793101,-267.8969517637145,7.117781154177879,10.879999999999999,-2212.1148411271197
3,-2.240994744793101,-267.8969517637145,7.223267516742375,10.879999999999999,-2212.1468553377595
3,-2.240994744793101,-267.8969517637145,7.233665011910395,10.879999999999999,-2212.1788695483992
3,-2.240994744793101,-267.8969517637145,7.189379029333792,10.879999999999999,-2212.210883759039
3,-2.240994744793101,-267.8969517637145,7.08812170938502,10.879999999999999,-2212.242897969679
3,-2.240994744793101,-267.8969517637145,6.929854891729084,10.879999999999999,-2212.2749121803186
3,-2.365168249451595,-267.896803503318,6.766621114292403,10.879999999999999,-2212.308700298168
3,-2.365168249451595,-267.896803503318,6.557794806489489,10.879999999999999,-2212.342488416017
3,-2.365168249451595,-267.896803503318,6.288440386665115,10.879999999999999,-2212.3762765338665
3,-2.489341754110089,-267.8969517637145,6.001340767865612,10.879999999999999,-2212.4118385589254
3,-2.489341754110089,-267.8969517637145,5.6319719618747435,10.879999999999999,-2212.4474005839843
3,-2.489341754110089,-267.8969517637145,5.25189510326888,10.879999999999999,-2212.482962609043
3,-2.7376882913750573,-267.89754480501887,4.879780156658735,10.879999999999999,-2212.5220724417773
3,-3.482720822409043,-267.9011030393182,4.702202507375435,10.879999999999999,-2212.571825596383
3,-4.35190561590799,-267.90836771589693,4.78749162028217,10.879999999999999,-2212.63399567661
3,-5.841881461407532,-267.9261585323163,5.155021706809616,10.879999999999999,-2212.7174511260587
3,-7.704183106575895,-267.9595152827615,5.756070458831164,10.879999999999999,-2212.8275108847242
3,-8.945564131103673,-267.98916452996417,6.674070042731899,10.879999999999999,-2212.955304658026
3,-13.165417113933675,-268.1202052350119,7.782243093096358,10.879999999999999,-2213.1433820453676
3,-16.26734167994989,-268.2424882131279,9.040210415737214,10.879999999999999,-2213.3757726407953
3,-19.24443892505231,-268.3776552449343,10.53763528224718,10.879999999999999,-2213.6506931968675
3,-23.58477978336873,-268.60068875814034,12.06097622952009,10.879999999999999,-2213.987618622344
3,-26.684232942386814,-268.77480334756876,13.578800239491075,10.879999999999999,-2214.3688219500928
3,-29.78326148707921,-268.95631878597743,15.177440399966493,10.879999999999999,-2214.794297114194
3,-33.377621547177164,-269.1754604786798,16.49410215749081,10.879999999999999,-2215.2711202791534
3,-34.24509691217911,-269.2304283955982,17.380472183882798,10.879999999999999,-2215.7603359493273
3,-37.59202865507416,-269.42646395121653,17.888377258796496,10.879999999999999,-2216.2973649301143
3,-38.70825007477916,-269.4811500987742,17.941190287931676,10.879999999999999,-2216.8503399311826
3,-39.700816856583494,-269.52146571719373,17.574787741953116,10.879999999999999,-2217.4174944577053
3,-40.073143374245795,-269.53347270937934,16.97932119800198,10.879999999999999,-2217.9899679344803
3,-40.19727014868114,-269.53688227072877,16.43523691522368,10.879999999999999,-2218.56421465089
3,-40.4455463535867,-269.5428121201693,15.97770192968429,10.879999999999999,-2219.1420081702267
3,-40.69384804730516,-269.5475561620364,15.506674595292331,10.879999999999999,-2219.7233488566167
3,-40.69384804730516,-269.5475561620364,14.981771689086147,10.879999999999999,-2220.3046895430066
3,-41.06633599020363,-269.5524486063282,14.593611539670366,10.879999999999999,-2220.8913514857236
3,-41.314676626848026,-269.5542277150236,14.28120987342844,10.879999999999999,-2221.4815611518216
3,-41.935540609753374,-269.5564516167446,13.992542841356196,10.879999999999999,-2222.0806403033894
3,-43.05309577898301,-269.56045463984236,13.810028895673963,10.879999999999999,-2222.695684528803
3,-44.046480983941265,-269.5628268028053,14.075732153208355,10.879999999999999,-2223.324919971431
3,-45.78490509261822,-269.5669780879905,14.495569100645946,10.879999999999999,-2223.978990044183
3,-46.77828274475707,-269.5717224048985,15.267108872786102,10.879999999999999,-2224.647251226251
3,-48.76500783791222,-269.58595527446164,16.191072653385138,10.879999999999999,-2225.3438941953636
3,-50.50331299099502,-269.6067112269509,17.27228366828698,10.879999999999999,-2226.065370095235
3,-52.24156527568358,-269.6316181332217,18.323623343040495,10.879999999999999,-2226.8116781706017
3,-53.483126847256386,-269.6523736122809,18.578261721284136,10.879999999999999,-2227.5757228398484
3,-53.979706161708215,-269.66304753402164,18.90672075362743,10.879999999999999,-2228.346861499301
3,-54.103847804215015,-269.6658642406148,18.569543251015805,10.879999999999999,-2229.11977361079
3,-54.103847804215015,-269.6658642406148,18.385582952494854,10.879999999999999,-2229.892685722279
3,-54.103847804215015,-269.6658642406148,18.457980628934802,10.879999999999999,-2230.665597833768
3,-54.103847804215015,-269.6658642406148,18.288280058940316,10.879999999999999,-2231.438509945257
3,-54.103847804215015,-269.6658642406148,18.405777078141437,10.879999999999999,-2232.211422056746
3,-54.103847804215015,-269.6658642406148,18.45333800017048,10.879999999999999,-2232.984334168235
3,-54.103847804215015,-269.6658642406148,18.62560282993584,10.879999999999999,-2233.757246279724
3,-54.103847804215015,-269.6658642406148,18.820263187096987,10.879999999999999,-2234.530158391213
3,-54.103847804215015,-269.6658642406148,19.079694921297662,10.879999999999999,-2235.3030705027018
3,-54.103847804215015,-269.6658642406148,19.36769321902899,10.879999999999999,-2236.0759826141907
3,-54.103847804215015,-269.6658642406148,19.678016339135034,10.879999999999999,-2236.8488947256797
3,-53.855546110496554,-269.66112019874765,20.014609920503613,10.879999999999999,-2237.6182596701155
3,-53.6072245915429,-269.657562072662,20.336333889748676,10.879999999999999,-2238.3840771642804
3,-52.862204805787485,-269.65222476179343,20.489395913421905,10.879999999999999,-2239.139251518649
3,-51.86882243313085,-269.654596917993,20.492973227909758,10.879999999999999,-2239.8802346962652
3,-50.50299436587375,-269.669274390362,20.171039027961246,10.879999999999999,-2240.601706044349
3,-48.02011667129184,-269.7226435932919,19.592980253580702,10.879999999999999,-2241.287707711082
3,-45.53804135809631,-269.8056536743819,18.78309171754172,10.879999999999999,-2241.9382511590547
3,-44.54547174631574,-269.8459694077481,17.517694981382327,10.879999999999999,-2242.574615041145
3,-39.461120776549485,-270.10723475445167,16.21707939419776,10.879999999999999,-2243.138345337953
3,-34.87662686966995,-270.4087262124385,14.729637025193432,10.879999999999999,-2243.6365828646626
3,-31.409290867851283,-270.6658711320539,13.075830847313131,10.879999999999999,-2244.085287019918
3,-27.819095885064453,-270.9450615843977,11.42015143547669,10.879999999999999,-2244.4827026754188
3,-24.229577831905804,-271.2328244540593,9.856014738713633,10.879999999999999,-2244.828839501589
3,-20.021582176208813,-271.57522618524314,8.372668595393717,10.879999999999999,-2245.114862104106
3,-17.298242748781217,-271.7902774453142,6.951756195874977,10.879999999999999,-2245.36197985766
3,-16.431485504652013,-271.8555986556915,6.070723582671173,10.879999999999999,-2245.5967153648694
3,-12.343927880068943,-272.1440224813969,5.3650718074287935,10.879999999999999,-2245.7730571917277
3,-11.104414343589628,-272.21810805626126,5.359306957874226,10.879999999999999,-2245.9316916823504
3,-10.360224969266797,-272.2536769077939,5.628916131621188,10.879999999999999,-2246.079694896197
3,-9.987994021344852,-272.2683508651678,6.160761415342345,10.879999999999999,-2246.2223805250733
3,-9.615667503682548,-272.2803578573534,6.609578187570699,10.879999999999999,-2246.359747203697
3,-9.491540729247204,-272.28376741870284,7.148719776447236,10.879999999999999,-2246.4953406426866
3,-9.491540729247204,-272.28376741870284,7.67890149346899,10.879999999999999,-2246.630934081676
3,-9.367406166848449,-272.2868805615502,8.162580318283805,10.879999999999999,-2246.764754169774
3,-9.119129725984106,-272.2928104166264,8.62342665755125,10.879999999999999,-2246.8950274515737
3,-8.746704798463702,-272.3012605364059,9.039537076429264,10.879999999999999,-2247.019980377266
3,-8.374279870943298,-272.30971065618536,9.311377499057471,10.879999999999999,-2247.1396129468512
3,-8.001854943422893,-272.3181607759648,9.424741903331435,10.879999999999999,-2247.253925160329
3,-7.256949862267515,-272.3323929015662,9.262285129562706,10.879999999999999,-2247.357595872647
3,-6.884473956321875,-272.3381748262319,9.112138553356587,10.879999999999999,-2247.455945500594
3,-6.636152201366365,-272.3417329556992,8.989063554808999,10.879999999999999,-2247.5507476748994
3,-5.8911642786165945,-272.35062836390887,8.74188533231303,10.879999999999999,-2247.634907164594
3,-5.394483005327807,-272.35418658129964,8.549352441566414,10.879999999999999,-2247.7119712075273
3,-5.146136704088242,-272.3547796220404,8.407244561921255,10.879999999999999,-2247.7854874461573
3,-5.021963199429747,-272.35463136164384,8.349186504489655,10.879999999999999,-2247.8572297775777
3,-5.021963199429747,-272.35463136164384,8.32393594173767,10.879999999999999,-2247.928972108998
3,-5.021963199429747,-272.35463136164384,8.235439025336495,10.879999999999999,-2248.0007144404185
3,-5.021963199429747,-272.35463136164384,8.102299513735854,10.879999999999999,-2248.072456771839
3,-5.021963199429747,-272.35463136164384,7.95859780448355,10.879999999999999,-2248.1441991032593
3,-5.021963199429747,-272.35463136164384,7.816289220422011,10.879999999999999,-2248.2159414346797
3,-5.021963199429747,-272.35463136164384,7.640167367419895,10.879999999999999,-2248.2876837661
3,-5.021963199429747,-272.35463136164384,7.4293119513624895,10.879999999999999,-2248.3594260975206
3,-5.021963199429747,-272.35463136164384,7.152355972101795,10.879999999999999,-2248.431168428941
3,-5.146135996010817,-272.35507614198804,6.82967088656047,10.879999999999999,-2248.5046846574555
3,-5.146135996010817,-272.35507614198804,6.488924581977293,10.879999999999999,-2248.57820088597
3,-5.146135996010817,-272.35507614198804,6.0572035075374275,10.879999999999999,-2248.6517171144847
3,-5.146135996010817,-272.35507614198804,5.616393293719764,10.879999999999999,-2248.725233342999
3,-5.394480409045532,-272.35626222121505,5.143992556130377,10.879999999999999,-2248.802297348843
3,-5.766994550336308,-272.35848611448176,4.7512259111601765,10.879999999999999,-2248.884682985276
3,-6.263665910654206,-272.36323037277367,4.636821673673466,10.879999999999999,-2248.974163926857
3,-7.753595024376146,-272.38457912928766,4.685284550977478,10.879999999999999,-2249.0849295700623
3,-9.491617669560199,-272.4219377488645,5.045945576186065,10.879999999999999,-2249.220524108199
3,-11.601772834961064,-272.4799002918044,5.708600383611873,10.879999999999999,-2249.386263720127
3,-14.208058458597181,-272.56394923710377,6.781337808359237,10.879999999999999,-2249.5892359838213
3,-18.302186199688357,-272.73513922326515,8.022321403239523,10.879999999999999,-2249.850695786674
3,-21.898468625150535,-272.9199384199216,9.50552983832071,10.879999999999999,-2250.1635310527477
3,-25.617557647376827,-273.13331643662383,11.356315520914597,10.879999999999999,-2250.529496161996
3,-30.57492769720362,-273.4414998296831,13.176556452075493,10.879999999999999,-2250.9662808433845
3,-34.16875420935452,-273.6692240569167,15.064999214626939,10.879999999999999,-2251.4544059035184
3,-37.763114269452466,-273.888365749619,16.75855570284535,10.879999999999999,-2251.9938789645107
3,-40.86170052815759,-274.0772810019487,18.107488681195314,10.879999999999999,-2252.5776175434844
3,-42.5970326731089,-274.1810015953554,18.922210843547376,10.879999999999999,-2253.1861465816714
3,-46.0694936458809,-274.355281347478,19.299709633812405,10.879999999999999,-2253.844282205184
3,-47.434340454928034,-274.40908585784905,19.266486942200405,10.879999999999999,-2254.521915640254
3,-48.1790203930745,-274.4322106881516,18.93445897192261,10.879999999999999,-2255.210187360155
3,-48.67559829169852,-274.44288457945925,18.29968613358494,10.879999999999999,-2255.9055530500364
3,-48.92391981065218,-274.4464427055449,17.73366925174745,10.879999999999999,-2256.6044661901888
3,-49.048086234596994,-274.44777702375103,17.179342157503125,10.879999999999999,-2257.305153136397
3,-49.17225549081113,-274.44881483469084,16.741897345675568,10.879999999999999,-2258.007613929123
3,-49.17225549081113,-274.44881483469084,16.248849848319992,10.879999999999999,-2258.710074721849
3,-50.04141880633838,-274.4581550443802,15.87666034317907,10.879999999999999,-2259.424952133368
3,-50.5380434349675,-274.46645723600386,15.562707760712579,10.879999999999999,-2260.1469241824393
3,-51.158783508563054,-274.4790585073899,15.500507578726403,10.879999999999999,-2260.877763946847
3,-51.9036531881555,-274.4950694052175,15.66763664469725,10.879999999999999,-2261.619244706678
3,-53.26921125573031,-274.5260531777423,15.993674148743077,10.879999999999999,-2262.3802334389025
3,-54.262317019187684,-274.54977259804707,16.492571535628542,10.879999999999999,-2263.1554093963196
3,-55.255422782645056,-274.5734920183518,17.161759380459063,10.879999999999999,-2263.9447725789287
3,-55.62784771016546,-274.5819421381313,17.566452100242604,10.879999999999999,-2264.739456117645
3,-57.24168906275388,-274.6185593238424,17.84822917844879,10.879999999999999,-2265.5571945328275
3,-57.61413239897914,-274.62612007230274,17.889876774255573,10.879999999999999,-2266.3802535670984
3,-57.738286077978486,-274.62834385989265,17.7480163035365,10.879999999999999,-2267.2050862253554
3,-57.738286077978486,-274.62834385989265,17.45853161102994,10.879999999999999,-2268.0299188836125
3,-57.738286077978486,-274.62834385989265,17.48445680800205,10.879999999999999,-2268.8547515418695
3,-57.738286077978486,-274.62834385989265,17.601800002577853,10.879999999999999,-2269.6795842001266
3,-57.738286077978486,-274.62834385989265,17.478860188552403,10.879999999999999,-2270.5044168583836
3,-57.738286077978486,-274.62834385989265,17.655616362859032,10.879999999999999,-2271.3292495166406
3,-57.738286077978486,-274.62834385989265,17.762459436608363,10.879999999999999,-2272.1540821748977
3,-57.738286077978486,-274.62834385989265,17.86726874591917,10.879999999999999,-2272.9789148331547
3,-57.738286077978486,-274.62834385989265,18.18612919699159,10.879999999999999,-2273.8037474914117
3,-57.738286077978486,-274.62834385989265,18.356976245440638,10.879999999999999,-2274.628580149669
3,-57.738286077978486,-274.62834385989265,18.704228526149507,10.879999999999999,-2275.453412807926
3,-57.738286077978486,-274.62834385989265,19.028966884340406,10.879999999999999,-2276.278245466183
3,-57.61413239897914,-274.62612007230274,19.38309540770223,10.879999999999999,-2277.101304500454
3,-57.489973763663926,-274.6241927640808,19.61852453121867,10.879999999999999,-2277.9225898399345
3,-56.74495751819671,-274.6188554785748,19.95364769697809,10.879999999999999,-2278.7332320901946
3,-56.12409471541367,-274.6210793760686,20.174063769716906,10.879999999999999,-2279.5350048718433
3,-55.13078031718846,-274.63293988653186,20.10544010947341,10.879999999999999,-2280.322587447803
3,-53.765230036457865,-274.6639234823774,19.82826922223685,10.879999999999999,-2281.0906621626095
3,-51.53155763970512,-274.7439663310561,19.303332172412084,10.879999999999999,-2281.8268272717482
3,-49.298989516736626,-274.85067288565386,18.50486417860966,10.879999999999999,-2282.531098550559
3,-46.81960390440132,-274.99292449120526,17.53394581923392,10.879999999999999,-2283.1999500349075
3,-45.70427843511312,-275.06359752724325,16.333392439851426,10.879999999999999,-2283.8528682982665
3,-39.51157522339276,-275.50799478140823,15.045721987949957,10.879999999999999,-2284.417319372886
3,-36.29369925079713,-275.76983115052616,13.732608252584255,10.879999999999999,-2284.9358007907545
3,-32.953051823664374,-276.0537061085328,12.266433675310482,10.879999999999999,-2285.40655867395
3,-25.688894897379676,-276.0537061085328,10.878146904559081,10.879999999999999,-2285.7735428867695
3,-22.71913347101629,-276.3024935755963,9.558420965694918,10.879999999999999,-2286.0981019363553
3,-19.50064142042004,-276.5566450647712,8.251823170940728,10.879999999999999,-2286.3766825280754
3,-17.519306562237947,-276.70358501883715,6.966305586345796,10.879999999999999,-2286.6269583361072
3,-13.30685315932254,-276.9856615888408,6.019143693493731,10.879999999999999,-2286.8170562383834
3,-11.447439566839417,-277.0945706448741,5.182998344478639,10.879999999999999,-2286.9805910893383
3,-9.835125867690042,-277.17356144661335,5.028517006435601,10.879999999999999,-2287.121092887448
3,-8.842465644091728,-277.2115067482422,5.048302333184224,10.879999999999999,-2287.2474138252205
3,-7.849488262853347,-277.239968754126,5.438116082210405,10.879999999999999,-2287.3595493718326
3,-7.4770449266280865,-277.2475295025863,5.841649849878724,10.879999999999999,-2287.466364299356
3,-7.352886291312873,-277.2494568108082,6.389156899475119,10.879999999999999,-2287.571405532089
3,-7.352886291312873,-277.2494568108082,6.9816323657587205,10.879999999999999,-2287.6764467648222
3,-7.1045569837296165,-277.25242194687814,7.487519255697368,10.879999999999999,-2287.7779404360185
3,-6.980387727515481,-277.25345975781795,7.950067588070464,10.879999999999999,-2287.877660260697
3,-6.856216347085223,-277.2542010555735,8.37671043197002,10.879999999999999,-2287.9756062085125
3,-6.607870045845658,-277.25479409631424,8.711269571691403,10.879999999999999,-2288.0700043520246
3,-6.3595237446060935,-277.2542010555735,8.867477847970834,10.879999999999999,-2288.1608546912335
3,-6.111179331571378,-277.2530149763465,9.049629692046537,10.879999999999999,-2288.248157253113
3,-5.6144905055019505,-277.25064281789247,9.156834362324881,10.879999999999999,-2288.328364260334
3,-4.9936265225966,-277.2484189161715,9.118866027467325,10.879999999999999,-2288.3997017820857
3,-4.496933448066661,-277.24723283356275,8.880008646829276,10.879999999999999,-2288.463943688487
3,-3.876065924774188,-277.24649153158003,8.711153844070719,10.879999999999999,-2288.5193160588406
3,-3.2551984014817146,-277.24723283356275,8.362764954491032,10.879999999999999,-2288.5658188931475
3,-2.634334418576364,-277.24945673528373,8.033510565249658,10.879999999999999,-2288.603452241984
3,-2.261820277285589,-277.25168062855045,7.689263338948019,10.879999999999999,-2288.635763960231
3,-2.1376510210714534,-277.25271843949025,7.369046389081418,10.879999999999999,-2288.6663018319605
3,-2.1376510210714534,-277.25271843949025,7.064147689380778,10.879999999999999,-2288.69683970369
3,-2.1376510210714534,-277.25271843949025,6.958084979188107,10.879999999999999,-2288.7273775754193
3,-2.1376510210714534,-277.25271843949025,6.903355954310999,10.879999999999999,-2288.7579154471487
3,-2.1376510210714534,-277.25271843949025,6.727769444521201,10.879999999999999,-2288.788453318878
3,-2.1376510210714534,-277.25271843949025,6.450218171928357,10.879999999999999,-2288.8189911906074
3,-2.1376510210714534,-277.25271843949025,6.101359315400915,10.879999999999999,-2288.849529062337
3,-2.261820277285589,-277.25168062855045,5.753541316955906,10.879999999999999,-2288.881840780584
3,-2.3859916577158478,-277.2509393307949,5.362006438574149,10.879999999999999,-2288.915926375694
3,-2.3859916577158478,-277.2509393307949,4.90883334734869,10.879999999999999,-2288.9500119708046
3,-2.7585114636139076,-277.2504945504507,4.637281165906434,10.879999999999999,-2288.9894192774277
3,-3.5035439946478926,-277.25405278475,4.36283598274656,10.879999999999999,-2289.0394699059225
3,-4.372707310175141,-277.26339299443936,4.3698313308292605,10.879999999999999,-2289.1019371532107
3,-5.614212239026326,-277.28711313614485,4.685705195018912,10.879999999999999,-2289.1821401851967
3,-8.096655692122278,-277.35826815085426,5.249837142672927,10.879999999999999,-2289.297806695084
3,-10.330141195218486,-277.4436450795192,6.1405781693648995,10.879999999999999,-2289.44538014073
3,-12.934955120390256,-277.56502626590924,7.124135938022844,10.879999999999999,-2289.630165213878
3,-15.16699452684032,-277.6823944388786,8.520048151850753,10.879999999999999,-2289.8468365642616
3,-20.49653250092783,-278.0073268200076,9.8454613882144,10.879999999999999,-2290.139644171418
3,-23.84145816914591,-278.23532352675545,11.429797291247711,10.879999999999999,-2290.480236430977
3,-27.433561091253466,-278.4887873705166,12.973082989312386,10.879999999999999,-2290.8721444465664
3,-30.902085645344403,-278.7293697407354,14.579108380096086,10.879999999999999,-2291.3136028129284
3,-34.990981905498394,-278.99826906093773,15.956907676784152,10.879999999999999,-2291.813473983007
3,-37.593006798323664,-279.1693868101574,17.11913498941904,10.879999999999999,-2292.350516937269
3,-39.94757831352564,-279.31858515820034,17.843827927282817,10.879999999999999,-2292.921196627462
3,-41.43521392241615,-279.40393636488125,18.103371981092153,10.879999999999999,-2293.513128254925
3,-43.66777143635824,-279.510642412416,18.1943017854056,10.879999999999999,-2294.136953561159
3,-44.660519441281366,-279.5462171808779,17.912397817691772,10.879999999999999,-2294.774960981749
3,-45.405254600570345,-279.5675637461532,17.60275707064842,10.879999999999999,-2295.4236074760424
3,-46.025991134509574,-279.5801649456828,17.015522723910184,10.879999999999999,-2296.0811216351067
3,-46.27432044209283,-279.5831300817527,16.490187376162133,10.879999999999999,-2296.742183355708
3,-46.64683387531829,-279.5853539707923,15.963589627608838,10.879999999999999,-2297.4085666967844
3,-47.01935368121635,-279.5849091904481,15.570197682422728,10.879999999999999,-2298.0802717493734
3,-47.267694317860744,-279.5831300817527,15.099873018834355,10.879999999999999,-2298.755524525343
3,-48.509373898732036,-279.57126942475065,14.719227023630376,10.879999999999999,-2299.448515581039
3,-49.50271756342907,-279.561780899149,14.782725345158417,10.879999999999999,-2300.1556972605163
3,-51.11691789421283,-279.5482893569313,15.115927222525437,10.879999999999999,-2300.8859389447193
3,-52.855327133292135,-279.53998681023296,15.56301884257651,10.879999999999999,-2301.6410150466236
3,-54.469582693852566,-279.53805942507796,16.29167738472565,10.879999999999999,-2302.41915194225
3,-56.20800680252952,-279.54221071026313,17.17305434097399,10.879999999999999,-2303.2221234680005
3,-58.567218186261165,-279.5619290806395,18.268411754622456,10.879999999999999,-2304.0587980135188
3,-59.06387727344619,-279.5678593584154,19.413207688485,10.879999999999999,-2304.9025676888537
3,-61.298770944029094,-279.5998824931863,19.67435139948542,10.879999999999999,-2305.7782644166255
3,-61.91953933902584,-279.611001431136,19.90211916472234,10.879999999999999,-2306.662829264326
3,-62.16784126872731,-279.61574547751184,19.545881524459535,10.879999999999999,-2307.5509412824504
3,-62.16784126872731,-279.61574547751184,19.3884211690203,10.879999999999999,-2308.439053300575
3,-62.16784126872731,-279.61574547751184,19.14922687201455,10.879999999999999,-2309.3271653186994
3,-62.16784126872731,-279.61574547751184,19.019128101851656,10.879999999999999,-2310.215277336824
3,-62.16784126872731,-279.61574547751184,18.949989935478975,10.879999999999999,-2311.1033893549484
3,-62.16784126872731,-279.61574547751184,18.93404120441186,10.879999999999999,-2311.991501373073
3,-62.16784126872731,-279.61574547751184,18.998849861401027,10.879999999999999,-2312.8796133911974
3,-62.16784126872731,-279.61574547751184,19.06372742186915,10.879999999999999,-2313.767725409322
3,-62.16784126872731,-279.61574547751184,19.215598623021,10.879999999999999,-2314.6558374274464
3,-62.16784126872731,-279.61574547751184,19.428571235765617,10.879999999999999,-2315.543949445571
3,-62.16784126872731,-279.61574547751184,19.695116667204722,10.879999999999999,-2316.4320614636954
3,-62.16784126872731,-279.61574547751184,20.00124341857717,10.879999999999999,-2317.32017348182
3,-62.04368758972796,-279.6135216899219,20.30160084265638,10.879999999999999,-2318.2065118759588
3,-62.04368758972796,-279.6135216899219,20.58161008655495,10.879999999999999,-2319.0928502700976
3,-61.42285901018509,-279.6068501369347,20.742489641773467,10.879999999999999,-2319.970319684529
3,-60.3053038409482,-279.6081844728947,20.64634170700334,10.879999999999999,-2320.8318240251137
3,-58.939519909101904,-279.62612336710214,20.338054547016274,10.879999999999999,-2321.6738171666725
3,-57.32577980002732,-279.6665939933402,19.739513713351247,10.879999999999999,-2322.4927568781013
3,-54.59597715704786,-279.77094307695677,18.966832754122823,10.879999999999999,-2323.272699408916
3,-52.11563610435402,-279.8954292057377,17.887568965445023,10.879999999999999,-2324.0172084961214
3,-49.14078948051547,-280.07323543033635,16.668290010796344,10.879999999999999,-2324.7192197744143
3,-48.333660933150504,-280.07323543033635,15.367640197697892,10.879999999999999,-2325.409700644888
3,-42.14095772143015,-280.51763268450134,13.855888234698963,10.879999999999999,-2326.0117143266225
3,-39.17003915889484,-280.7522342820867,12.51286371897044,10.879999999999999,-2326.571286314607
3,-36.19912059635953,-280.98683587967207,11.137591962060737,10.879999999999999,-2327.0884166088404
3,-33.22765311108339,-281.2143421811902,9.998125534844538,10.879999999999999,-2327.56309736757
3,-30.13154326544008,-281.4402395005845,9.082265616402234,10.879999999999999,-2327.993547985648
3,-28.025827759377044,-281.5888217538237,8.291655709740214,10.879999999999999,-2328.3939169536393
3,-26.415053506495063,-281.6947515877058,7.755513567288628,10.879999999999999,-2328.771274860875
3,-25.795336254754037,-281.7325346381717,7.544208358554254,10.879999999999999,-2329.1397796645147
3,-23.563054765963532,-281.84457087632813,7.562141197060762,10.879999999999999,-2329.4763947326
3,-22.94261322040111,-281.8675459528195,7.8281519665965895,10.879999999999999,-2329.8041463500344
3,-22.322023006700384,-281.8860757196437,8.297740954490678,10.879999999999999,-2330.123032392987
3,-21.82547059688927,-281.89793541852475,8.75820934589531,10.879999999999999,-2330.4348248300857
3,-21.4530102678556,-281.9046067686138,9.204604691079195,10.879999999999999,-2330.741296405341
3,-21.080511704058207,-281.9086097156235,9.646967247288973,10.879999999999999,-2331.042446572542
3,-20.832167527046877,-281.9097957937233,10.095576913184935,10.879999999999999,-2331.340048965785
3,-20.33547634071856,-281.9086097156235,10.350939233283968,10.879999999999999,-2331.630555770653
3,-19.714630059647885,-281.9034206609244,10.545294472162217,10.879999999999999,-2331.9121933429333
3,-19.093797939923817,-281.89674906989364,10.369464180485231,10.879999999999999,-2332.1849618849324
3,-17.852150221961264,-281.881923375454,10.163305129301119,10.879999999999999,-2332.439992602389
3,-16.85880750132547,-281.8724348588701,9.758762094521385,10.879999999999999,-2332.6808327095505
3,-15.84989681711926,-281.8724348588701,9.291967161431325,10.879999999999999,-2332.907259806938
3,-14.732354393246935,-281.86576317907003,8.742625679616749,10.879999999999999,-2333.1177220125555
3,-14.111490410341585,-281.86353927734905,8.171775079251827,10.879999999999999,-2333.3193147327033
3,-12.621408354439648,-281.86353927734905,7.606069786662722,10.879999999999999,-2333.4996205663383
3,-11.876375823405663,-281.86709751164835,7.041470238285633,10.879999999999999,-2333.669283078101
3,-11.379694078076835,-281.8706557324208,6.892978796923243,10.879999999999999,-2333.8318501363597
3,-11.379694078076835,-281.8706557324208,6.770379591999208,10.879999999999999,-2333.994417194618
3,-11.379694078076835,-281.8706557324208,6.992004962647106,10.879999999999999,-2334.1569842528766
3,-11.379694078076835,-281.8706557324208,7.093824823449451,10.879999999999999,-2334.319551311135
3,-11.379694078076835,-281.8706557324208,7.067285113618511,10.879999999999999,-2334.4821183693934
3,-11.379694078076835,-281.8706557324208,7.002628157119573,10.879999999999999,-2334.644685427652
3,-11.379694078076835,-281.8706557324208,6.880655811436926,10.879999999999999,-2334.8072524859103
3,-11.379694078076835,-281.8706557324208,6.6202216275193475,10.879999999999999,-2334.969819544169
3,-11.503865458507093,-281.86991443466525,6.32171141959616,10.879999999999999,-2335.13416047929
3,-11.503865458507093,-281.86991443466525,5.979365584422478,10.879999999999999,-2335.2985014144115
3,-11.628038255088162,-281.86946965432105,5.572740868137895,10.879999999999999,-2335.464616246627
3,-12.000558769063646,-281.8690248731314,5.197004087738391,10.879999999999999,-2335.6360528004707
3,-12.37307928303913,-281.86946965432105,5.187086238485587,10.879999999999999,-2335.8128110759426
3,-13.614778925964822,-281.8783651724354,5.234747678679019,10.879999999999999,-2336.0073079177423
3,-14.856386520733105,-281.8961558028637,5.486764986864749,10.879999999999999,-2336.2195420108956
3,-16.4703076443759,-281.92891904619165,6.089841003244137,10.879999999999999,-2336.454832120101
3,-18.704506752162256,-281.9929585594301,6.825264208003267,10.879999999999999,-2336.7220393594175
3,-21.6824874229572,-282.1067944643167,7.842013195644274,10.879999999999999,-2337.0317891797454
3,-24.535378864812,-282.23973576369633,9.066883514580077,10.879999999999999,-2337.3822945920997
3,-27.635233071938455,-282.40644819440337,10.382701867636985,10.879999999999999,-2337.7770836359846
3,-30.857992769705167,-282.59907215358726,11.879405525925485,10.879999999999999,-2338.217912104123
3,-34.288289096006274,-282.59907215358726,13.368762484334844,10.879999999999999,-2338.7077448054947
3,-37.13898845401499,-282.77287418573053,14.91529779841549,10.879999999999999,-2339.238301783409
3,-39.990094715131995,-282.9398683890665,16.255667475692405,10.879999999999999,-2339.8095888507683
3,-43.21330826436279,-283.1247961792948,17.356346736644554,10.879999999999999,-2340.4269218259733
3,-45.073220788638665,-283.224823637719,17.77074283938165,10.879999999999999,-2341.070824980097
3,-46.437647130395305,-283.28840425916144,17.936735911735685,10.879999999999999,-2341.7342199391023
3,-47.30618600887985,-283.3226434930339,17.81375770669272,10.879999999999999,-2342.410022596372
3,-47.80260248688249,-283.3392455565871,17.452949759338217,10.879999999999999,-2343.0929169176134
3,-48.299123744884376,-283.3522909277861,16.873770258510817,10.879999999999999,-2343.782904399683
3,-48.547425438602836,-283.3570349696532,16.323476261476603,10.879999999999999,-2344.476439048806
3,-48.67158407391805,-283.35896227787515,15.899281908516643,10.879999999999999,-2345.1717473927188
3,-48.9199133815013,-283.36192741394507,15.450861249561855,10.879999999999999,-2345.8706032981686
3,-49.04408263771544,-283.3629652248849,14.926694970178099,10.879999999999999,-2346.571233050136
3,-49.29242681472677,-283.3641513029846,14.54097372857104,10.879999999999999,-2347.2754105760605
3,-49.664946620624825,-283.3637065226404,14.180622847161107,10.879999999999999,-2347.984909813498
3,-50.037460761915604,-283.3614826293737,13.861427112516596,10.879999999999999,-2348.699730681525
3,-51.40334594664844,-283.35332835406246,13.830525690725004,10.879999999999999,-2349.4340641950484
3,-52.89341242485673,-283.34621187870044,14.315836617392073,10.879999999999999,-2350.1896843725463
3,-54.38347890306501,-283.33909540333843,14.9474433794377,10.879999999999999,-2350.9665912140185
3,-56.12190301174196,-283.33494411815326,15.812428367313807,10.879999999999999,-2351.768332685615
3,-58.60536602413761,-283.34087452556065,16.841242032145992,10.879999999999999,-2352.6055522002457
3,-60.09540984400397,-283.35154917773303,18.095322527281006,10.879999999999999,-2353.46405805516
3,-61.46127166235945,-283.36296509807113,19.15871284803644,10.879999999999999,-2354.342076221765
3,-61.95795340768828,-283.3665233188436,19.701768800495696,10.879999999999999,-2355.227189841875
3,-63.44796748864197,-283.38075609371936,19.77990838227178,10.879999999999999,-2356.1335893774267
3,-63.44796748864197,-283.38075609371936,19.46331689439266,10.879999999999999,-2357.0399889129785
3,-63.44796748864197,-283.38075609371936,19.362533806575602,10.879999999999999,-2357.9463884485303
3,-63.44796748864197,-283.38075609371936,19.563458769637542,10.879999999999999,-2358.852787984082
3,-63.44796748864197,-283.38075609371936,19.477242793030015,10.879999999999999,-2359.759187519634
3,-63.44796748864197,-283.38075609371936,19.689622465027686,10.879999999999999,-2360.665587055186
3,-63.44796748864197,-283.38075609371936,19.854250841395885,10.879999999999999,-2361.5719865907377
3,-63.44796748864197,-283.38075609371936,20.114644201235034,10.879999999999999,-2362.4783861262895
3,-63.32380106469716,-283.3794217755132,20.392532814810195,10.879999999999999,-2363.3830118557853
3,-63.32380106469716,-283.3794217755132,20.702922442258934,10.879999999999999,-2364.287637585281
3,-63.075465148522895,-283.3770496441128,21.02912572449738,10.879999999999999,-2365.1887156588314
3,-62.57878387523411,-283.373491426722,21.269151862125717,10.879999999999999,-2366.0826982856206
3,-61.709570994805304,-283.3724536059189,21.249444530850564,10.879999999999999,-2366.964263585546
3,-60.59203069512891,-283.3791252730377,21.01547471190545,10.879999999999999,-2367.829864024048
3,-58.977977639924895,-283.4041801370509,20.560275239592283,10.879999999999999,-2368.6724065617614
3,-56.49537134991549,-283.46940699304577,19.747978602637613,10.879999999999999,-2369.4794832953316
3,-54.01373258357053,-283.5642697963335,18.8663223569587,10.879999999999999,-2370.2511080465256
3,-50.169445294793675,-283.7618130142001,17.714318396573386,10.879999999999999,-2370.96781440788
3,-47.07086492580172,-283.95072790744433,16.324082059747788,10.879999999999999,-2371.6402553353914
3,-43.60177576187918,-284.1830269215341,14.83357215397554,10.879999999999999,-2372.2631378462756
3,-40.13383559626701,-284.4318912760037,13.356689623474123,10.879999999999999,-2372.8364783547936
3,-35.552404448726946,-284.7771605308551,11.794840866484718,10.879999999999999,-2373.344369846918
3,-34.54349376452074,-284.7771605308551,10.407029331648783,10.879999999999999,-2373.8378483292686
3,-29.34248976179274,-285.16287791027816,8.934749443922293,10.879999999999999,-2374.257026754437
3,-26.617220469292725,-285.35190691545006,7.627993644059381,10.879999999999999,-2374.637272761141
3,-23.51910005455328,-285.548220531296,6.820905407238184,10.879999999999999,-2374.9732599047775
3,-21.90738747537157,-285.63875994570344,6.408433824617217,10.879999999999999,-2375.286222582997
3,-20.41900872672591,-285.7098976487686,6.402503920636916,10.879999999999999,-2375.5779227076646
3,-19.674513559027172,-285.7383566249903,6.71983749509761,10.879999999999999,-2375.858987187079
3,-19.05388322590118,-285.75540433452534,7.279121655739604,10.879999999999999,-2376.131185518878
3,-19.05388322590118,-285.75540433452534,7.789949161058566,10.879999999999999,-2376.4033838506766
3,-18.433116010845062,-285.7665232513404,8.276011008779863,10.879999999999999,-2376.666714079403
3,-18.060627359929732,-285.77141570493166,8.754882197068811,10.879999999999999,-2376.9247230416877
3,-17.563955999611835,-285.77615996322356,9.21188738552173,10.879999999999999,-2377.175636698825
3,-17.06726481328352,-285.7773460413233,9.717906138462347,10.879999999999999,-2377.4194547675866
3,-16.663700539601034,-285.7773460413233,9.990016653101002,10.879999999999999,-2377.657507632438
3,-16.042836556695683,-285.77512213960233,9.959578914384677,10.879999999999999,-2377.8866910118195
3,-15.049458904556827,-285.77037782269434,9.885709374957553,10.879999999999999,-2378.1016832818846
3,-14.552770078487399,-285.7680056642403,9.568635584848284,10.879999999999999,-2378.3095799972916
3,-12.690178129771349,-285.7613339590774,9.213309066779093,10.879999999999999,-2378.490868256288
3,-11.572616587844896,-285.7599996155085,8.727223148400356,10.879999999999999,-2378.6561913504
3,-10.330880361129562,-285.7599996155085,8.211774495920608,10.879999999999999,-2378.803775355559
3,-8.964971809886121,-285.7616304798704,7.720968403566158,10.879999999999999,-2378.9318463814147
3,-7.9715856608262445,-285.7640026450878,7.213229393302405,10.879999999999999,-2379.0457261765696
3,-7.474892586296306,-285.76518872769657,6.6903789251359616,10.879999999999999,-2379.152510356374
3,-7.226545576979317,-285.76518872769657,6.481604180565881,10.879999999999999,-2379.2557467217594
3,-7.102372780398247,-285.7647439473524,6.74142271864846,10.879999999999999,-2379.357209190051
3,-7.102372780398247,-285.7647439473524,6.957412355869799,10.879999999999999,-2379.4586716583426
3,-7.102372780398247,-285.7647439473524,7.027705914381988,10.879999999999999,-2379.5601341266342
3,-7.102372780398247,-285.7647439473524,6.966903032411239,10.879999999999999,-2379.661596594926
3,-7.102372780398247,-285.7647439473524,6.830120967096744,10.879999999999999,-2379.7630590632175
3,-7.102372780398247,-285.7647439473524,6.684698831090736,10.879999999999999,-2379.864521531509
3,-7.102372780398247,-285.7647439473524,6.4427732311927635,10.879999999999999,-2379.9659839998008
3,-7.102372780398247,-285.7647439473524,6.104686811426485,10.879999999999999,-2380.0674464680924
3,-7.102372780398247,-285.7647439473524,5.7772244055261,10.879999999999999,-2380.168908936384
3,-7.350713417042641,-285.7665230560478,5.390830054065406,10.879999999999999,-2380.273919128056
3,-7.474882673256777,-285.7675608669876,5.112347189079305,10.879999999999999,-2380.3807031662454
3,-7.847390441899183,-285.77067429980707,4.742852023635518,10.879999999999999,-2380.4928087439866
3,-8.46822256162325,-285.7773458908378,4.745999444111418,10.879999999999999,-2380.6137833520097
3,-9.58568851436924,-285.79202325161157,4.917537141411608,10.879999999999999,-2380.750721759358
3,-11.572096400531136,-285.8299754783404,5.308079874839751,10.879999999999999,-2380.916037422223
3,-12.192769212524908,-285.8455411925772,6.056124827487691,10.879999999999999,-2381.0902198395447
3,-15.792192451989122,-285.95301384015755,7.065308533479521,10.879999999999999,-2381.3158225888587
3,-19.390411269709517,-286.09486155552906,8.14976384901015,10.879999999999999,-2381.5928284641404
3,-22.367177254241327,-286.2371373673107,9.520773489791926,10.879999999999999,-2381.9123595677725
3,-25.715446566389737,-286.40919211882124,10.95227188015868,10.879999999999999,-2382.2797230901497
3,-29.06329547359152,-286.5892418862187,12.509023122901867,10.879999999999999,-2382.6949130254866
3,-33.278832495614246,-286.8210046956558,14.159535683868537,10.879999999999999,-2383.170324918281
3,-36.254885037547666,-286.9774955929483,15.864360429904702,10.879999999999999,-2383.688251847389
3,-37.24702523029188,-287.02729023375724,17.04090681591608,10.879999999999999,-2384.2203522078216
3,-41.34030425556181,-287.2180320980845,17.7432166967331,10.879999999999999,-2384.810927982901
3,-43.32562470275844,-287.29392270134224,18.04143363053449,10.879999999999999,-2385.4298654786544
3,-44.44268708741975,-287.3272762816258,17.962698519734396,10.879999999999999,-2386.0647610084748
3,-45.187515702136416,-287.3450658299474,17.651659024445472,10.879999999999999,-2386.7102969470766
3,-45.55997603117009,-287.3517371800364,17.10679037216842,10.879999999999999,-2387.3611537475217
3,-45.80830533875334,-287.35470231610634,16.515917775348193,10.879999999999999,-2388.015558109504
3,-45.80830533875334,-287.35470231610634,16.025591335359028,10.879999999999999,-2388.6699624714865
3,-45.93247459496748,-287.35574012704615,15.371135643921626,10.879999999999999,-2389.326140679986
3,-46.30499227663731,-287.35707446554244,14.776609663279018,10.879999999999999,-2389.9876405696523
3,-46.677512790612795,-287.3566296843528,14.242479758481586,10.879999999999999,-2390.6544621809467
3,-47.17420586514273,-287.35544360174407,13.825806552530496,10.879999999999999,-2391.3283794075915
3,-48.54011182010228,-287.35707446300614,13.671258978460617,10.879999999999999,-2392.02180957645
3,-49.657666989331915,-287.3610774861039,14.045649809236794,10.879999999999999,-2392.7312048191548
3,-51.271913344885824,-287.36685963057846,14.664829991603902,10.879999999999999,-2393.463660724082
3,-53.13444864783186,-287.38242676508617,15.575237646595639,10.879999999999999,-2394.2227242761937
3,-55.74186920423917,-287.416673940225,16.699667298730844,10.879999999999999,-2395.019036693397
3,-57.60424873396737,-287.4455835635536,18.010527385315743,10.879999999999999,-2395.8419545324537
3,-59.218246560958896,-287.47449280222276,19.328606485447093,10.879999999999999,-2396.6879294833243
3,-60.70805813916771,-287.50295708047764,19.64606986016656,10.879999999999999,-2397.555187456741
3,-61.57709424220149,-287.52059886041803,19.94550447709946,10.879999999999999,-2398.4348602316295
3,-61.94953828635882,-287.5281596232496,19.604961672686326,10.879999999999999,-2399.3198536357204
3,-61.94953828635882,-287.5281596232496,19.4998422147564,10.879999999999999,-2400.2048470398113
3,-61.94953828635882,-287.5281596232496,19.365166204439063,10.879999999999999,-2401.089840443902
3,-61.94953828635882,-287.5281596232496,19.333145716652933,10.879999999999999,-2401.974833847993
3,-61.94953828635882,-287.5281596232496,19.361286079800266,10.879999999999999,-2402.859827252084
3,-61.94953828635882,-287.5281596232496,19.460237412775268,10.879999999999999,-2403.744820656175
3,-61.94953828635882,-287.5281596232496,19.610444971669484,10.879999999999999,-2404.6298140602657
3,-61.94953828635882,-287.5281596232496,19.811412929076948,10.879999999999999,-2405.5148074643566
3,-61.94953828635882,-287.5281596232496,20.067563332879306,10.879999999999999,-2406.3998008684475
3,-61.94953828635882,-287.5281596232496,20.35679359835666,10.879999999999999,-2407.2847942725384
3,-61.94953828635882,-287.5281596232496,20.650526234008442,10.879999999999999,-2408.1697876766293
3,-61.452913657729695,-287.51985743162595,20.89609280187984,10.879999999999999,-2409.0476864431685
3,-60.95625504256318,-287.5139271594862,20.974068629184337,10.879999999999999,-2409.9184900866335
3,-59.59036206896978,-287.50903460359905,20.750043005887317,10.879999999999999,-2410.769780973333
3,-58.10032249745895,-287.51970922533627,20.354581752357525,10.879999999999999,-2411.59978558044
3,-56.11382964677048,-287.55291789714744,19.730430824358486,10.879999999999999,-2412.401411718251
3,-53.259141794550466,-287.63815401445925,18.86345120406583,10.879999999999999,-2413.16225660103
3,-50.65377787307292,-287.74709351070084,17.80463056461873,10.879999999999999,-2413.885881999217
3,-49.66152254489565,-287.79451878129476,16.490760229887524,10.879999999999999,-2414.595332321287
3,-44.45483750095618,-288.0932457334138,15.039112336819343,10.879999999999999,-2415.2304014284437
3,-40.11883098764414,-288.38879645816263,13.641488561379415,10.879999999999999,-2415.80352758541
3,-36.899161843098234,-288.62757388351974,12.206209811262104,10.879999999999999,-2416.3306584688826
3,-33.927691533774336,-288.85508040125717,10.911580987519242,10.879999999999999,-2416.8153397765077
3,-30.9556892465012,-289.0754903323561,9.615830669315411,10.879999999999999,-2417.257563908601
3,-27.73545603224959,-289.30657888113,8.350180160589078,10.879999999999999,-2417.6537847090617
3,-25.505690247476853,-289.4612389762707,7.543429276426832,10.879999999999999,-2418.018151712597
3,-24.88616051108988,-289.50198129751345,6.952517143635255,10.879999999999999,-2418.373668291327
3,-22.53091224757114,-289.63993224405965,6.914463121354625,10.879999999999999,-2418.695538466292
3,-21.66264423995678,-289.6803924857108,7.11109212112161,10.879999999999999,-2419.005004812577
3,-21.290379312619326,-289.69417753160565,7.597615373285873,10.879999999999999,-2419.3091530884717
3,-21.042151958834236,-289.70188583035076,8.137780494720165,10.879999999999999,-2419.6097552593124
3,-20.793890622000138,-289.7084085345475,8.709185339709043,10.879999999999999,-2419.906810839627
3,-20.545600964774227,-289.71374549541787,9.289947660206067,10.879999999999999,-2420.2003194248377
3,-20.297288650459667,-289.7178965912297,9.894376562416179,10.879999999999999,-2420.490280691273
3,-20.173125766821222,-289.7195274090935,10.331280330214183,10.879999999999999,-2420.7784682022275
3,-19.676454406503325,-289.7242716673854,10.618822385203151,10.879999999999999,-2421.0595604080345
3,-19.30394026521255,-289.7264955606521,11.006605134012691,10.879999999999999,-2421.335330983252
3,-18.807251439143123,-289.7288677191061,10.929361894492288,10.879999999999999,-2421.6040060038113
3,-17.565529373969554,-289.7347981152411,10.722065627453128,10.879999999999999,-2421.854942137725
3,-16.572151721830696,-289.7395424321491,10.240451241339985,10.879999999999999,-2422.0916871623226
3,-15.330429656657127,-289.7454728282841,9.752265185429168,10.879999999999999,-2422.310693300275
3,-14.088726473435159,-289.7543683717611,9.13715519059723,10.879999999999999,-2422.511960821324
3,-12.474562962152584,-289.77171450844094,8.533777987780828,10.879999999999999,-2422.6901688636403
3,-11.357065146649264,-289.7837233722962,7.919831378081755,10.879999999999999,-2422.8524126514494
3,-10.36372148195223,-289.79321189789783,7.309289803582879,10.879999999999999,-2423.000465815477
3,-9.742875200881553,-289.798400952597,6.70868736621276,10.879999999999999,-2423.139649746918
3,-9.490647529830001,-289.798400952597,6.64080734832471,10.879999999999999,-2423.2752304259157
3,-9.366476149399743,-289.79914225035253,7.143848168408986,10.879999999999999,-2423.40903722805
3,-9.366476149399743,-289.79914225035253,7.508082050342776,10.879999999999999,-2423.542844030184
3,-9.366476149399743,-289.79914225035253,7.670505567351511,10.879999999999999,-2423.676650832318
3,-9.366476149399743,-289.79914225035253,7.585520268216574,10.879999999999999,-2423.810457634452
3,-9.366476149399743,-289.79914225035253,7.449129968396804,10.879999999999999,-2423.9442644365863
3,-9.366476149399743,-289.79914225035253,7.2885295356341215,10.879999999999999,-2424.0780712387204
3,-9.366476149399743,-289.79914225035253,7.100634715091694,10.879999999999999,-2424.2118780408546
3,-9.490648945980812,-289.79869747000834,6.864937041048361,10.879999999999999,-2424.347458740083
3,-9.490648945980812,-289.79869747000834,6.558664106951392,10.879999999999999,-2424.483039439311
3,-9.614822450639307,-289.7985492096118,6.187179185081863,10.879999999999999,-2424.620394045749
3,-9.738995955297803,-289.79869747000834,5.816684101369147,10.879999999999999,-2424.759522559396
3,-10.23568430932046,-289.8010696262079,5.735360775506237,10.879999999999999,-2424.9057466209574
3,-10.856530590391136,-289.80625868090704,5.591499161048084,10.879999999999999,-2425.060839915106
3,-11.601518513140906,-289.81515408911673,5.760990190398288,10.879999999999999,-2425.226575893865
3,-12.718899500241925,-289.8351681393839,5.9280478136469785,10.879999999999999,-2425.408274458154
3,-14.704984532249451,-289.88734962417976,6.439376462912282,10.879999999999999,-2425.6183456657577
3,-16.56646845214007,-289.9518299032246,7.13133567232774,10.879999999999999,-2425.855009500788
3,-18.79952073230662,-290.04787274018895,8.017735709375364,10.879999999999999,-2426.1235740826783
3,-20.28772960704673,-290.1225646304161,9.065230049762134,10.879999999999999,-2426.4133987913506
3,-24.50268514801675,-290.36439235985347,10.276966736187486,10.879999999999999,-2426.763437150608
3,-27.477110004768537,-290.54930257142536,11.48924080345832,10.879999999999999,-2427.155967293533
3,-30.079922462080845,-290.70799138338225,12.876351986803938,10.879999999999999,-2427.585680471563
3,-33.550590050461985,-290.91543276734535,14.322861560781018,10.879999999999999,-2428.064974615141
3,-35.905851744428205,-291.0533845005359,15.440855706224015,10.879999999999999,-2428.577915354347
3,-38.26143614528195,-291.18571158850153,16.449382868359415,10.879999999999999,-2429.1245072992797
3,-40.49374309270641,-291.2977491044043,16.910227908518372,10.879999999999999,-2429.702989343461
3,-40.865900421647076,-291.3142006599118,17.073952811075706,10.879999999999999,-2430.286787920913
3,-42.60320117467699,-291.37645620888406,16.932005566192387,10.879999999999999,-2430.8954050805514
3,-43.099723848345185,-291.38950161727763,16.726112607418674,10.879999999999999,-2431.5111154212423
3,-43.59632581988566,-291.3989896739598,16.132261744999482,10.879999999999999,-2432.133920075812
3,-43.7204887035241,-291.4006204918236,15.644068667239726,10.879999999999999,-2432.758498485862
3,-43.96882438368305,-291.40299262096954,15.310357027318835,10.879999999999999,-2433.3866245484865
3,-44.217168560694375,-291.4041786990693,14.868318945012152,10.879999999999999,-2434.0182983850677
3,-44.58968907466986,-291.4046234802589,14.411370608241182,10.879999999999999,-2434.6552939432772
3,-44.71386257932836,-291.4044752198624,14.05255438794292,10.879999999999999,-2435.2940634086963
3,-46.07976853428791,-291.40610608112445,13.878051984509154,10.879999999999999,-2435.952345816329
3,-47.19732370351754,-291.4101091042222,14.125528994376385,10.879999999999999,-2436.6265932978076
3,-48.439044588574184,-291.416039494721,14.53734450216808,10.879999999999999,-2437.318579649073
3,-49.804906406929675,-291.4274554150591,15.129889798457567,10.879999999999999,-2438.030078312029
3,-51.41906991821225,-291.444801551739,15.889791678211935,10.879999999999999,-2438.764636453718
3,-53.2815131727889,-291.4692638196953,16.80529774270524,10.879999999999999,-2439.525800927615
3,-54.52312194756644,-291.4870544670316,17.920037692549133,10.879999999999999,-2440.304702669723
3,-55.76473072234398,-291.5048451143679,18.173789768297283,10.879999999999999,-2441.1013416800424
3,-56.758047952677,-291.51670565864754,18.488402963806816,10.879999999999999,-2441.912170936509
3,-57.006383868851266,-291.51907779004796,18.494388256085852,10.879999999999999,-2442.726547848921
3,-57.130553125065404,-291.52011560098776,18.128079436142006,10.879999999999999,-2443.5426986078505
3,-57.130553125065404,-291.52011560098776,18.002151886951697,10.879999999999999,-2444.35884936678
